i,j,LDC,Jaccard,LKS,CI_e_av_skin,CI_e_mul_skin,CI_e_av_body,CI_e_mul_body,LLBCe,LLBMEe1
0,1,24,0.0,9,655.0,303000,1070.0,831300,0.17037037037037037,-318.63124115694177
0,2,36,0.0,9,687.5,368650,1332.5,1687050,0.13075396825396826,-465.74999373264177
0,3,24,0.0,9,655.0,303000,1107.5,953550,0.15462962962962962,-285.1831397727962
0,4,12,0.0,6,563.0,117160,901.5,281990,0.1279761904761905,-119.08045945683271
0,5,36,0.0,9,762.5,520150,1312.5,1621850,0.16161616161616163,-569.6570386829216
0,6,36,0.0,9,2752.5,4539950,3557.5,8940550,0.2537878787878788,-967.7218475334988
1,14,16,0.0,9,238.5,53100,502.5,252450,0.13052721088435373,-108.98027734221584
1,15,28,0.0,9,354.0,122400,741.0,495720,0.11266233766233766,-262.97476764031705
1,16,12,0.0,6,218.0,40800,357.0,104040,0.2261904761904762,-103.30217983291712
2,10,36,0.09090909090909091,9,385.0,147825,992.5,983250,0.10735930735930735,-298.7994436205223
2,21,42,0.08333333333333333,9,398.5,157680,1048.5,1099170,0.13416305916305915,-478.7392435163245
2,22,66,0.13333333333333333,9,417.5,171550,1427.5,1883700,0.07163832199546484,-621.3133043450867
2,24,54,0.0,9,470.5,210240,1257.5,1531800,0.0896938775510204,-636.8027139697928
2,27,24,0.0,9,292.0,79935,759.0,499905,0.0899206349206349,-153.7432441694436
3,7,28,0.1,9,591.0,264600,1060.5,898560,0.09074074074074073,-192.9435937657028
3,8,24,0.25,9,367.5,130500,712.5,491400,0.10714285714285714,-113.32954105338374
3,18,36,0.08333333333333333,9,354.0,122400,976.5,800280,0.09053030303030303,-321.1123914388042
4,10,12,0.0,6,260.5,46980,561.5,164350,0.11160714285714286,-90.29466008931963
5,15,42,0.08333333333333333,9,461.5,210120,983.5,967140,0.1484307359307359,-526.7860006704236
5,41,30,0.2222222222222222,9,427.5,175100,787.5,577100,0.12962962962962962,-218.54280840506303
5,24,54,0.07142857142857142,9,545.5,296640,1237.5,1472600,0.12322082679225535,-753.5356078373161
5,42,30,0.1,9,435.5,183340,829.5,660680,0.10925925925925925,-230.26721726797822
5,44,24,0.1111111111111111,9,413.5,160680,748.0,498495,0.15393518518518517,-224.81969283307492
6,99,60,0.0,12,7049.0,43165485,8844.5,66938940,0.17916666666666667,-1926.612802800559
6,252,30,0.0,9,2921.5,6059260,3650.5,9960760,0.12727272727272726,-366.9723460184559
6,13,30,0.1,9,2973.5,6526740,3752.5,11079700,0.17037037037037037,-426.0896332401983
6,225,30,0.0,9,4573.5,20910740,6302.5,39053200,0.21060606060606063,-670.8809300604206
6,223,54,0.07142857142857142,9,6619.5,39304280,8470.5,62836160,0.16025641025641027,-1283.93371890469
7,8,42,0.18181818181818182,9,658.5,383670,1188.0,1290240,0.1037878787878788,-313.0018174119676
7,9,42,0.0,9,646.0,361620,1235.5,1436160,0.1007554945054945,-399.033994351734
7,10,42,0.08333333333333333,9,643.5,357210,1243.0,1459200,0.0991161616161616,-366.1742035562932
7,11,28,0.1,9,601.5,283122,1021.5,778752,0.16296296296296295,-324.87853065783315
7,12,42,0.08333333333333333,9,668.5,401310,1250.5,1482240,0.12424242424242424,-469.59988634524956
7,13,35,0.0,9,1167.0,1280664,1778.0,3102720,0.24494949494949497,-839.3400723956281
8,17,18,0.0,9,292.5,65250,572.0,255360,0.07870370370370369,-87.0745274227112
8,18,54,0.07142857142857142,9,421.5,177480,1104.0,1149120,0.08530873888016745,-478.334510475615
8,10,36,0.09090909090909091,9,420.0,176175,895.0,798000,0.08863636363636365,-226.41341680546157
8,19,12,0.0,6,246.5,25230,465.0,75600,0.21428571428571427,-148.41029703482064
9,17,18,0.125,9,280.0,61500,619.5,284240,0.06770833333333333,-56.0416491144445
9,18,54,0.15384615384615385,9,409.0,167280,1151.5,1279080,0.05742521367521368,-273.39627191567223
9,20,18,0.2857142857142857,9,283.0,63960,620.5,286110,0.07936507936507936,-49.644570505089476
9,21,42,0.18181818181818182,9,421.0,177120,998.5,992970,0.08893939393939392,-238.3933239434953
9,22,66,0.21428571428571427,9,440.0,192700,1377.5,1701700,0.05545525902668759,-386.00632343226704
10,31,36,0.09090909090909091,9,365.0,131625,905.0,817000,0.0922943722943723,-241.59182353776373
10,22,66,0.13333333333333333,9,437.5,190350,1385.0,1729000,0.0817063492063492,-676.343780184157
11,38,8,0.0,6,184.5,15408,289.5,36504,0.25,-65.26300878711379
11,12,24,0.25,9,388.0,146055,736.0,489255,0.14285714285714285,-159.61059526803538
11,44,16,0.14285714285714285,9,316.5,100152,504.0,254007,0.1626984126984127,-94.86716529703564
12,31,36,0.09090909090909091,9,390.0,147875,912.5,829900,0.13196969696969696,-351.0068481227364
12,32,36,0.09090909090909091,9,407.5,163800,910.0,825075,0.15909090909090906,-426.06907841972924
12,43,24,0.0,9,355.0,116025,716.5,451620,0.14574074074074075,-247.06360389938482
12,44,24,0.1111111111111111,9,383.5,141960,733.0,483465,0.15625,-220.41705621583037
13,223,45,0.07692307692307693,9,5098.0,12696288,6738.0,23141120,0.14423076923076922,-888.1419076966608
13,329,30,0.0,9,1663.5,2722500,2230.0,4928800,0.1215151515151515,-311.21163401476537
13,330,25,0.0,9,2556.0,5314320,3218.0,8920320,0.09814814814814814,-192.33808327763754
14,18,36,0.0,9,292.5,72216,931.5,677160,0.10721153846153844,-444.7752052206434
14,23,36,0.08333333333333333,9,320.5,82128,919.5,665280,0.0659090909090909,-240.23372831939022
14,24,36,0.08333333333333333,9,376.5,101952,987.5,732600,0.08611111111111111,-321.5561525606585
15,25,35,0.09090909090909091,9,346.0,115872,812.0,633744,0.08666666666666666,-213.5413820034454
15,23,63,0.14285714285714285,9,436.0,189312,1158.0,1306368,0.08188121402407117,-505.236503860429
15,30,7,0.0,3,204.0,0,486.0,0,0.125,-103.74403943207722
15,24,63,0.14285714285714285,9,492.0,235008,1226.0,1438560,0.0815934065934066,-521.5492913534779
15,27,28,0.2222222222222222,9,313.5,89352,727.5,469476,0.07407407407407408,-110.23363216187198
16,41,15,0.0,6,238.0,46240,392.0,118320,0.2261904761904762,-159.8905420287967
16,57,3,0.0,2,68.0,0,102.0,0,0.25,-14.370797008994314
17,22,33,0.07692307692307693,9,310.0,70500,1062.0,553280,0.06404914529914528,-315.31840029517053
18,25,45,0.07692307692307693,9,346.0,115872,1010.0,891936,0.12239010989010989,-516.8641174705764
18,31,54,0.15384615384615385,9,366.5,132600,1114.0,1176480,0.07619047619047618,-380.3211931662558
18,20,27,0.09090909090909091,9,282.0,63648,837.0,418608,0.07856060606060607,-205.14116438406938
18,22,99,0.1111111111111111,9,439.0,191760,1594.0,2489760,0.0712223778400249,-1034.266235682214
18,28,36,0.18181818181818182,9,291.0,70992,904.5,603288,0.06272727272727273,-179.81306506634667
19,58,4,0.0,4,42.5,1566,64.0,3420,0.3333333333333333,-17.10666447606422
20,21,21,0.1111111111111111,9,294.0,67392,684.0,324972,0.08958333333333335,-118.34763567028482
21,40,28,0.2222222222222222,9,343.5,110160,747.0,458784,0.1388888888888889,-206.98132768867478
21,22,77,0.125,9,451.0,203040,1441.0,1932840,0.07267857142857143,-731.3197850305171
21,42,35,0.09090909090909091,9,394.0,153792,863.0,705168,0.12402597402597403,-321.20242675613105
21,43,28,0.1,9,343.5,110160,765.0,497016,0.08703703703703704,-166.93110265334496
22,31,66,0.13333333333333333,9,397.5,152750,1340.0,1565200,0.06517006802721087,-543.0693450125966
22,23,99,0.0,9,467.0,218080,1582.0,2446080,0.08974624060150378,-1578.085008299608
22,45,33,0.0,9,312.0,72380,1074.0,596960,0.09871794871794871,-570.448416391432
22,46,44,0.0,9,338.5,97290,1184.5,999180,0.0813095238095238,-604.0436895319817
22,47,44,0.0,9,347.5,105750,1162.0,917280,0.07933106575963718,-577.090616187612
23,29,9,0.0,3,232.0,0,672.0,0,0.1,-183.08162554203963
23,26,45,0.07692307692307693,9,378.0,135488,1002.0,887040,0.06544566544566544,-295.51277585911237
23,24,81,0.2,9,520.0,267264,1412.0,1989120,0.0578344671201814,-501.5549748658094
23,32,54,0.0,9,412.0,167040,1099.5,1149120,0.09460884353741497,-620.357036196517
23,27,36,0.08333333333333333,9,341.5,101616,913.5,649152,0.05627705627705627,-191.50286601087268
23,28,36,0.0,9,319.0,80736,892.5,592704,0.054128510378510374,-214.21246363337966
24,26,45,0.16666666666666666,9,434.0,168192,1070.0,976800,0.08901515151515152,-351.02889772852643
24,33,36,0.08333333333333333,9,384.0,110592,944.0,603840,0.11957070707070706,-429.61220208712086
24,46,36,0.0,9,391.5,119232,1014.5,812520,0.08414224664224663,-378.8233941828047
24,48,18,0.0,6,330.0,48384,815.0,222000,0.08902597402597402,-228.80905800132032
25,26,25,0.0,9,288.0,82928,656.0,430320,0.09388888888888888,-143.0250700823914
25,27,20,0.125,9,251.5,62196,567.5,314916,0.0784438775510204,-63.40148910542093
25,28,20,0.125,9,229.0,49416,546.5,287532,0.0671343537414966,-54.85038612998989
26,33,20,0.125,9,242.0,56064,534.0,269280,0.11772959183673469,-107.2423546310132
26,34,20,0.0,9,252.5,62196,538.5,275220,0.13105158730158728,-148.14836316221619
28,31,24,0.1111111111111111,9,249.5,56550,650.5,379260,0.07652116402116402,-98.09429104474452
31,32,36,0.09090909090909091,9,342.5,117000,857.5,735300,0.09348484848484849,-248.06878229273752
32,34,24,0.0,9,286.5,76680,636.0,356535,0.13555555555555557,-229.33372583042313
32,47,24,0.0,9,292.5,81000,679.5,430920,0.08925925925925926,-160.42002652084108
32,48,12,0.0,6,222.0,30240,502.5,128250,0.11889880952380952,-100.19804442267981
33,49,24,0.0,9,286.0,72960,529.0,265200,0.10592592592592592,-154.40404312003628
33,51,20,0.0,9,196.0,38400,392.0,153408,0.11193783068783067,-103.78486472494004
34,50,24,0.0,9,284.0,75615,511.0,252285,0.1087037037037037,-159.680996112686
34,51,20,0.0,9,206.5,42600,396.5,156792,0.11471560846560847,-107.20584997825307
35,36,8,0.0,4,75.5,4830,111.0,10557,0.25,-63.45467129945882
35,37,8,0.0,4,74.0,4515,110.5,10404,0.23333333333333334,-60.98356087746125
35,38,8,0.0,4,76.5,5040,112.5,11016,0.25,-63.45467129945882
35,39,12,0.0,4,67.5,3150,99.5,7038,0.2857142857142857,-106.39305537643209
36,40,8,0.0,6,150.5,11730,250.5,29808,0.25,-63.38490335449146
37,41,10,0.0,6,191.5,14620,324.0,39440,0.21428571428571427,-104.04623595682779
39,56,3,0.0,2,15.0,0,23.0,0,0.25,-12.829998357048165
39,58,6,0.0,4,28.5,810,42.0,1748,0.3,-29.818879797456006
40,42,20,0.125,9,305.5,90780,548.0,286848,0.15922619047619047,-142.60923568270283
40,43,16,0.14285714285714285,9,255.0,65025,450.0,202176,0.16666666666666666,-91.94253205720183
41,42,25,0.1111111111111111,9,348.0,121040,622.0,385120,0.18055555555555552,-241.8024915997269
41,44,20,0.125,9,326.0,106080,540.5,290580,0.17410714285714285,-158.75304151125474
42,46,20,0.0,9,281.5,73692,606.5,364536,0.13392857142857142,-170.14153523405713
43,47,16,0.0,9,240.0,57375,486.0,235872,0.13154761904761905,-103.53835563264819
45,49,18,0.0,9,267.0,58520,489.0,213200,0.09503968253968254,-99.95871290392635
45,50,18,0.0,9,254.5,54670,466.5,198440,0.09503968253968254,-100.13584593002257
46,49,24,0.0,9,293.5,78660,599.5,356850,0.14666666666666667,-221.99037225467103
47,50,24,0.0,9,290.0,79875,554.5,304920,0.14666666666666667,-211.97144542918434
49,52,18,0.125,9,224.0,25840,396.0,92300,0.08350340136054421,-59.938657593334064
49,54,18,0.125,9,224.0,25840,393.0,88400,0.08482142857142858,-59.401750031515654
49,53,36,0.2,9,275.0,64600,495.0,221000,0.0714021164021164,-105.32129018240018
50,52,18,0.125,9,211.5,24140,373.5,85910,0.08350340136054421,-60.0597046577923
50,55,18,0.125,9,210.5,23430,369.5,81070,0.08482142857142858,-59.524707716645075
50,53,36,0.2,9,262.5,60350,472.5,205700,0.07140211640211641,-105.48763744664296
51,54,15,0.14285714285714285,9,134.0,13600,256.0,51136,0.08276643990929705,-32.93771641752902
51,55,15,0.14285714285714285,9,133.0,13200,255.0,50384,0.08276643990929705,-32.93771641752902
51,53,30,0.2222222222222222,9,185.0,34000,358.0,127840,0.0548941798941799,-54.17408453076332
52,53,18,0.2857142857142857,9,119.0,11560,241.0,48280,0.07142857142857142,-31.131822318493704
53,54,18,0.2857142857142857,9,119.0,11560,238.0,46240,0.07142857142857142,-30.28916451708628
53,55,18,0.2857142857142857,9,118.0,11220,237.0,45560,0.07142857142857142,-30.28916451708628
59,60,20,0.125,12,1661.5,2527776,2070.0,3932064,0.15476190476190474,-158.25224050980287
59,61,28,0.0,12,4069.5,8205840,4887.0,12247848,0.2053030303030303,-593.5806462967394
59,62,36,0.08333333333333333,12,4841.5,10026216,6238.0,16236000,0.14393939393939395,-612.9065781632057
59,63,8,0.0,6,682.0,218115,848.5,326196,0.26666666666666666,-82.40461553033079
60,64,40,0.08333333333333333,16,4932.5,16553824,5966.0,24689952,0.10820707070707071,-402.3031370784736
60,65,20,0.0,16,2627.5,6669984,3280.5,10381608,0.1909722222222222,-249.00962941838148
60,62,45,0.16666666666666666,16,5324.0,18232576,6832.0,29304000,0.08832070707070705,-410.5221516275339
60,66,40,0.18181818181818182,16,5230.0,17829504,6785.0,29053584,0.09848484848484848,-303.3015055914277
61,81,42,0.0,16,6462.5,41516400,7911.5,62442450,0.15993589743589745,-855.2134365979265
61,127,35,0.0,12,5520.0,28396800,6681.0,42021072,0.201010101010101,-783.3903431044573
61,139,49,0.0,20,6270.0,38836800,9600.0,90464796,0.24221611721611722,-1715.8091547660554
61,88,28,0.0,16,4449.0,13488480,5337.0,19716048,0.1583333333333333,-494.0955829890917
61,90,35,0.0,16,4784.0,18151680,5765.0,26819136,0.1470959595959596,-592.9111637388684
61,103,28,0.0,16,4837.5,18896400,5931.0,29574072,0.18181818181818182,-578.1494612386477
62,67,54,0.0,16,7394.5,53447640,9772.5,93995000,0.14909297052154197,-1278.0749100002852
62,75,36,0.0,16,5893.0,27910128,7463.5,43197000,0.11073717948717948,-552.296519769556
62,82,45,0.0,16,5720.0,24967744,7376.0,41272000,0.15402930402930404,-1008.1131104305093
62,86,45,0.07692307692307693,16,5398.0,19491168,6960.0,32120000,0.1007554945054945,-535.7943349641837
62,117,63,0.06666666666666667,20,7345.0,52605744,10429.0,108438000,0.11075963718820862,-1004.5690201482753
62,66,72,0.13333333333333333,16,8410.0,70719264,10953.0,119966000,0.0680215419501134,-614.4093773269191
62,111,126,0.045454545454545456,20,10882.0,112763040,18656.0,289432000,0.15308699237270665,-5179.268043870626
63,237,8,0.0,6,1444.0,500055,1648.0,679575,0.26666666666666666,-83.27633833188791
64,85,40,0.0,16,5564.5,26313168,8294.0,67841760,0.08634004884004884,-430.36691594831296
64,79,80,0.058823529411764705,16,7627.0,58162293,13089.5,156731148,0.09127713585434175,-1227.3947650046055
64,86,40,0.08333333333333333,16,5006.5,17696532,6094.0,27062560,0.07734487734487734,-289.03674360982484
64,87,24,0.0,12,4902.5,16090564,5911.0,23670472,0.10939393939393939,-286.1174601369096
64,88,32,0.0,16,4829.5,14963298,5822.0,22020768,0.18560606060606058,-653.5278778011162
64,66,64,0.23076923076923078,16,8018.5,64207836,10087.0,101076808,0.0501068376068376,-293.72978289398117
64,80,40,0.0,16,6310.5,37832900,7806.0,58796192,0.09242216117216118,-426.40131307107674
65,110,16,0.0,16,3465.0,11880909,4641.0,20985345,0.21428571428571427,-217.09039824941001
65,92,20,0.0,16,2655.5,6844200,3244.5,10101024,0.22268518518518515,-303.4286299241032
65,259,36,0.0,20,5067.5,21851664,9788.5,61104960,0.15616096866096868,-860.1215158229761
66,76,32,0.09090909090909091,16,5745.0,26394984,7311.5,40537602,0.06083333333333333,-165.1878004335684
66,79,80,0.125,16,7924.5,62644428,13908.5,184431366,0.0758779761904762,-898.4298382006594
66,86,40,0.18181818181818182,16,5304.0,19060272,6913.0,31845520,0.0619047619047619,-193.38173661586976
66,118,88,0.05555555555555555,20,9288.0,85322160,14463.0,196526120,0.10400715841892312,-1594.5880903875413
66,113,88,0.05555555555555555,16,8553.0,73097640,15068.0,209722380,0.08053362759245113,-1309.9625652813093
67,68,18,0.0,12,4113.5,12205470,5470.5,20473820,0.14282407407407408,-233.06695959088998
67,69,54,0.0,16,7674.5,56967240,10048.5,98711840,0.18626984126984128,-1625.3729711664926
67,70,72,0.0,20,9616.0,81371895,14871.0,181128365,0.1395554518103538,-2162.1110729323605
67,71,66,0.0,24,6932.5,47640300,13832.5,163380400,0.0831027326431738,-1093.9670194423236
67,72,78,0.0,20,7288.5,52115220,16176.5,203439360,0.10164426217057794,-2039.2094432986678
68,73,12,0.0,9,2792.0,7072764,3463.0,10853880,0.20181405895691606,-117.87669922025749
68,74,39,0.0,21,6293.0,20670648,12082.0,52156128,0.08334325396825397,-844.6139393260888
69,132,18,0.1,8,4845.5,5683128,6142.0,8456064,0.08888888888888889,-233.12690797108965
69,212,63,0.06666666666666667,16,8156.0,65695872,10840.0,116998656,0.12330687830687831,-1181.8222992017959
69,224,27,0.0,8,5477.0,17130960,6910.0,26199936,0.14931457431457432,-598.5537324587028
69,101,45,0.0,16,6016.0,26901952,7630.0,42834816,0.14102564102564105,-949.2101033077462
69,91,90,0.05555555555555555,16,10053.5,100093752,13939.0,188597952,0.13654684095860567,-2361.3866916439733
69,225,45,0.0,12,6858.0,42165728,9336.0,82250240,0.1940301761730333,-1341.2521698072203
69,213,63,0.14285714285714285,16,7397.0,51936720,9487.0,85738944,0.12106227106227108,-971.4882053512129
69,226,81,0.058823529411764705,20,9060.0,82083584,12240.0,149344256,0.11098564425770309,-1479.8129605263168
70,118,132,0.09523809523809523,25,11603.5,132836220,19608.5,381969940,0.10032793925651068,-2837.3235509919828
70,203,144,0.09090909090909091,30,10213.5,96843560,21026.5,442084632,0.06460797800083515,-2109.412338836941
70,204,132,0.09523809523809523,30,9633.5,81825040,20078.5,401895120,0.08102600869407592,-2372.276094712478
70,124,192,0.0,25,12706.0,161384355,25493.5,631458630,0.10298957545981356,-6903.720332973364
70,262,108,0.0,30,9269.5,72399624,17978.5,312867720,0.08615414347557204,-2118.8971341573383
70,208,48,0.14285714285714285,15,7774.0,33675147,13271.5,113319162,0.0467556253270539,-372.0735885351394
70,211,48,0.14285714285714285,15,7793.5,34180080,13292.5,114209436,0.0467556253270539,-371.66938640451394
70,263,36,0.15384615384615385,15,7477.5,25997576,11751.5,48880282,0.057692307692307696,-339.96800838999405
70,105,36,0.0,15,7300.5,21414338,11605.5,42690758,0.10230158730158732,-899.933921746738
70,120,96,0.1111111111111111,25,9917.5,89178936,16968.5,270049780,0.07660054179662022,-1256.9993144188716
70,122,84,0.11764705882352941,25,9536.5,79313322,15962.5,227401416,0.0914043676911324,-1287.6725529363625
71,117,77,0.0,30,6883.0,46889880,14489.0,188484960,0.049971587961784046,-779.1436461149846
71,144,99,0.1111111111111111,42,6462.0,40507520,16916.0,281293440,0.04173693046242066,-690.7412368292817
71,74,143,0.043478260869565216,42,9112.0,80681520,20444.0,416204160,0.03297644055549194,-1166.2912529887774
71,102,66,0.0,24,6790.0,45480000,13950.0,167873600,0.10503334474406453,-1337.1989221203664
71,264,110,0.16666666666666666,36,7160.5,51096780,17979.5,321961680,0.060299223289419376,-1107.8306674733994
71,121,231,0.23076923076923078,48,10480.0,101420400,28300.0,716617600,0.025206404706404704,-1441.1436260136873
71,163,319,0.1111111111111111,48,10734.0,105271040,36958.0,1047699520,0.027250695819433846,-4292.423838634742
71,166,165,0.08333333333333333,36,7836.0,61337360,23357.0,527597280,0.06961925779061329,-3182.2120026528305
71,265,154,0.08695652173913043,48,8034.5,64346620,21494.0,456356160,0.03610200679864712,-1175.463929554188
71,98,649,0.09375,48,13041.0,140245160,66487.0,2176888480,0.020410973591230057,-22759.502562930702
72,81,78,0.0,20,7128.5,49461780,15666.5,179155200,0.14032651072124752,-2718.608182517527
72,135,52,0.21428571428571427,20,5500.5,22463028,14724.0,134277120,0.046703296703296704,-444.61258501918076
72,260,143,0.09090909090909091,25,9031.0,81012840,21274.0,446161920,0.04628146865159851,-1590.4905812023471
72,247,169,0.08333333333333333,25,10368.0,103185648,22782.0,517966848,0.06299030076203989,-2905.4778667389805
72,111,182,0.08,25,10776.0,109951920,25060.0,626436096,0.06335537447302152,-3517.0462556857683
72,124,208,0.0,25,10378.5,103359780,26799.0,709240320,0.05818479550006643,-4596.430022667453
72,176,130,0.0,25,9640.5,91120788,19702.5,371333376,0.09671763513166677,-3491.0279742289067
72,136,117,0.1,20,9278.0,85109088,18984.0,337121280,0.06563605984658617,-1688.9960066835265
72,137,117,0.15789473684210525,25,8622.0,74229984,19032.0,339406848,0.05094064074327234,-1144.1290483948555
72,154,104,0.16666666666666666,25,8031.0,64428840,18634.5,320479488,0.0607578469098077,-1158.0392994526358
72,270,117,0.0,20,8790.0,77016096,19224.0,348549120,0.10784738137679312,-3401.076953098094
72,98,767,0.014084507042253521,40,13397.0,153418584,68831.0,2710636032,0.04619253689196876,-65573.22392270918
73,229,12,0.0,6,2316.0,3605580,2846.0,5263860,0.23809523809523808,-130.42033514974665
73,166,60,0.05555555555555555,18,5867.0,29471064,16062.0,125000820,0.10391909288968113,-1880.3136791864558
73,109,36,0.08333333333333333,12,6389.0,33273312,9261.0,63383760,0.1268939393939394,-580.2729045417282
74,85,65,0.0,28,7026.0,36274752,14544.0,159341760,0.08017181620122799,-1234.0124935911497
74,118,143,0.043478260869565216,35,10452.0,109207440,19894.0,392259360,0.07159433376706899,-2539.989659759027
74,139,91,0.0,35,8112.0,59393520,16335.0,237314736,0.10539388243335612,-2308.853522231905
74,107,65,0.0,28,7474.0,45811776,14138.0,141666144,0.06081438985850751,-910.0187700027933
74,266,169,0.04,56,9396.0,86727312,21822.0,476196768,0.03509444755952108,-1455.1820377630456
74,121,273,0.13333333333333333,56,12012.0,142416720,29624.0,815864640,0.024084797386521528,-1958.125989857529
74,267,130,0.09523809523809523,56,9066.0,79702272,18790.5,344217384,0.028598940741797887,-679.9462090114165
74,194,260,0.1,56,11459.0,130644456,29979.0,831319920,0.02938072581201385,-2478.0354466310278
74,195,403,0.07317073170731707,56,12372.0,150080400,41094.0,1315222560,0.027717823351315844,-6778.808651745265
74,268,169,0.04,56,8832.0,74720880,22266.0,495526752,0.03589394878822712,-1447.7412389377232
74,198,117,0.0,49,8266.0,62671872,17964.0,308234880,0.03692641533550625,-950.5763849013816
75,76,16,0.0,16,3228.0,10417068,3822.0,14596659,0.10104166666666668,-81.25280543155802
75,77,20,0.0,16,3357.0,11263824,5611.5,28651392,0.17060185185185184,-264.6303768574936
75,78,32,0.0,16,5606.5,26029542,7371.0,42470505,0.1164141414141414,-479.19272726979796
76,79,40,0.07692307692307693,16,5353.5,23909742,10314.0,62858187,0.09626831501831501,-559.264913506046
76,80,20,0.0,16,4037.0,15552600,5030.5,23580648,0.0730489417989418,-96.71643261571019
77,87,15,0.0,12,2758.0,7152288,4925.0,18633984,0.1730654761904762,-191.3287870162977
77,91,50,0.0,16,7237.5,37899576,11811.0,119114496,0.13543581175160124,-1279.8332357272295
77,126,80,0.0,32,7078.5,36808200,17695.5,204981120,0.08644519171304887,-2298.5333417152438
77,98,295,0.0,32,10967.0,63498864,60575.0,830678784,0.0374826274506099,-38886.26845344702
78,81,48,0.0,16,6948.0,47308415,9170.0,81382875,0.16135531135531136,-1132.3414773092209
78,99,80,0.058823529411764705,16,8767.0,76161393,11509.5,131986260,0.1574142156862745,-2247.0784977966673
78,100,56,0.07142857142857142,16,7505.5,56151480,10057.5,100579500,0.10453950811093668,-803.980081216429
78,106,40,0.0,16,6459.5,39559828,8487.5,66620400,0.1519230769230769,-856.6551130889094
78,80,40,0.0,16,6415.5,38861900,8579.5,68610360,0.10096916971916972,-551.5637146989125
78,130,120,0.045454545454545456,20,10797.5,108369184,19197.5,298277700,0.14955163883735315,-5237.442436591022
78,115,104,0.05,20,8711.5,75281052,16861.5,247750020,0.12401629072681705,-3192.9293527175887
79,89,60,0.0,16,6521.5,41506830,11853.0,114910245,0.11215773809523809,-1220.4298997034155
79,96,90,0.0,16,8670.5,73883664,15463.5,237024576,0.06843265571335748,-1330.8390185275134
79,106,50,0.0,16,6260.5,37574604,11535.5,104171760,0.159172335600907,-1446.9456219219055
79,107,50,0.0,16,5918.5,32422032,11709.5,110056788,0.10005102040816329,-894.2213957854417
79,108,50,0.0,16,6300.5,38177244,11863.5,115265376,0.13355631141345428,-1183.2649257397923
79,109,90,0.0,16,8334.5,68821488,15451.5,236618712,0.13506809954178375,-2612.3137149951863
79,98,590,0.0,32,13017.5,139375566,65382.5,1925384994,0.061520317562517045,-79069.9506674362
80,113,55,0.0,16,6845.0,43071000,12787.0,121995120,0.0782688492063492,-881.3977569525637
80,111,70,0.0,20,9080.0,64974000,16328.0,166923328,0.1167593128119444,-2405.174162390359
81,82,30,0.0,16,4450.5,17513240,5638.5,28233800,0.1393939393939394,-426.4873911079052
81,83,30,0.0,16,4372.5,16582700,5500.5,26156900,0.16477272727272727,-459.2794511254232
81,84,12,0.0,8,3410.0,5100075,4242.0,7216475,0.19642857142857142,-201.00976724490167
82,89,30,0.0,16,4223.0,16177360,5273.5,25494840,0.13999999999999999,-409.36529967263857
82,90,25,0.0,16,2772.0,7657088,3492.0,12126464,0.1361111111111111,-294.2575317986185
82,91,50,0.0,16,6989.5,32422248,10039.0,61255152,0.15428571428571428,-1386.1404130071069
83,95,35,0.09090909090909091,16,5326.0,21884160,7150.0,37624224,0.11242424242424243,-373.6097979153589
83,96,45,0.16666666666666666,16,6294.0,27266240,8746.0,48719616,0.12247474747474746,-575.3666268758122
83,97,15,0.0,12,1755.0,2029400,2199.0,3204872,0.14880952380952378,-132.11795145663086
83,86,25,0.1111111111111111,16,2536.0,6371760,3198.0,10149920,0.14212962962962963,-202.0179762617768
84,257,12,0.0,8,3055.0,4493025,5024.5,8717310,0.1577380952380952,-170.10736726655185
85,89,30,0.0,16,4459.0,18778080,7057.5,49739400,0.11523809523809525,-356.67269144080007
85,96,45,0.0,16,6608.0,33425664,10668.0,102597120,0.09093406593406594,-642.9492985619022
85,98,295,0.0,32,10955.0,63054816,60587.0,833411280,0.03015869252793709,-31244.844854348547
86,96,45,0.07692307692307693,16,6050.0,22479936,8468.0,40926720,0.07275641025641025,-401.87288059961713
87,118,33,0.0,15,6172.0,21381840,10287.0,46023080,0.08924646781789637,-625.5259974897976
88,212,28,0.0,16,4593.0,14046624,6252.0,24064128,0.2318181818181818,-727.1001722304469
88,92,20,0.0,16,2069.0,4263600,2484.0,6158592,0.18171296296296294,-263.2895095982852
89,92,30,0.0,16,3855.0,12122000,4693.5,17612640,0.14015151515151514,-388.4864743906774
89,93,66,0.0,16,7940.0,57138700,12262.5,120475350,0.12852328431372548,-1667.8111519741408
89,94,18,0.0,12,4018.0,13918260,4985.5,21580920,0.15509259259259262,-231.3813165617577
90,97,15,0.0,12,1669.0,1903840,2077.0,2979904,0.19047619047619047,-181.01196105019864
90,92,25,0.0,16,2404.0,5737600,2912.0,8377344,0.1611111111111111,-323.39206823538456
90,246,50,0.0,20,6470.0,26945856,9131.0,48576960,0.2,-1661.8454470782574
91,100,70,0.0,16,9061.5,78184440,12813.0,151831800,0.15469187675070029,-2053.344970546293
91,132,20,0.09090909090909091,8,5835.0,6923961,8529.0,11950632,0.08181818181818182,-313.55253060448354
91,174,50,0.07142857142857142,16,7803.5,50400252,11439.0,106967952,0.13795787545787547,-1096.023008630553
91,264,100,0.0,24,8892.0,74440863,16582.5,274913514,0.15071532999164577,-3319.4803622778545
91,112,150,0.0,20,9805.5,94616424,22058.0,453699540,0.1238207671957672,-6235.076951095384
91,176,100,0.05263157894736842,20,11016.0,121351527,15961.5,254636622,0.12295321637426902,-2552.3466822191617
91,291,40,0.0,16,7342.5,40218606,10480.5,75671010,0.1274356595785167,-940.8324212792735
92,133,20,0.0,12,2333.0,5425200,2728.5,7426080,0.19560185185185183,-242.7994073586566
93,118,121,0.047619047619047616,20,10315.0,106396200,17875.0,319494600,0.13336262282690853,-3698.819034086662
93,113,121,0.047619047619047616,16,9580.0,91152300,18480.0,340947900,0.11079570328519907,-3208.485511783002
93,133,44,0.07142857142857142,12,6418.0,25572420,10297.5,50796450,0.07619047619047618,-574.3301380375375
93,138,44,0.0,16,6920.5,35994270,11385.0,89359200,0.10906651549508693,-1004.1143052454127
93,134,33,0.07692307692307693,12,5911.0,15057240,9700.0,29609100,0.07873931623931622,-476.3188546411505
93,271,44,0.0,16,6641.5,30207810,11212.5,83242350,0.13032592164171108,-1196.1229046350547
93,164,242,0.0,32,11033.5,121297890,29361.0,726788160,0.10077810831542275,-10639.641823606995
93,291,44,0.0,16,7006.0,37767540,11182.5,82178550,0.12037603930461072,-1086.5688257605507
93,249,33,0.0,12,6135.0,19703000,9986.0,39750660,0.09331501831501832,-664.7612347755227
93,109,99,0.0,16,9753.0,94740320,15861.0,248078160,0.11994778613199664,-2710.686580788957
94,100,21,0.0,12,4803.0,17884080,6238.0,29536800,0.13271604938271606,-294.3024668015029
94,166,45,0.0,18,5309.0,20440392,15385.0,87638544,0.09636373067745618,-1676.0938242481766
95,99,70,0.0625,16,8737.5,75594816,11514.0,132096096,0.13055555555555556,-1531.582517967708
95,96,63,0.06666666666666667,16,8840.0,77208576,12420.0,151709184,0.11055761698618839,-1040.6956413335374
95,101,35,0.09090909090909091,16,5420.0,23364096,7266.0,40135392,0.16590909090909092,-570.1495166126928
95,110,28,0.0,16,5845.5,30063168,8104.5,58287240,0.1463636363636364,-467.37204879263953
95,111,98,0.0,20,10566.0,104382720,18568.0,284801088,0.12262929530786672,-3534.0959231150446
95,112,105,0.0,20,8220.0,67447296,19307.0,300798960,0.10383949263819393,-3475.404917948336
96,113,99,0.0,16,9299.0,86212320,16623.0,269527680,0.07862233399704796,-1816.556429696169
96,114,45,0.0,16,6572.0,32719488,9098.0,58586880,0.13041819291819293,-848.2869277284993
96,115,117,0.0,20,9650.0,93097536,18462.0,321078528,0.10687216222930505,-3424.077074795657
96,116,108,0.0,20,10162.0,103140928,17579.0,296326272,0.09969018415446987,-2635.766595085984
97,99,30,0.0,12,5166.5,7010190,6563.0,11252088,0.12446581196581195,-673.5841953412455
98,135,236,0.016129032258064516,32,10605.5,50121918,59747.0,642136560,0.02222694677083889,-21219.856539707253
98,146,236,0.03278688524590164,32,10500.5,46236498,59505.5,587145078,0.015465336424352816,-14282.759537893551
98,167,649,0.12903225806451613,64,12256.0,111197020,66202.0,2111991700,0.008368944011462699,-8523.180571040046
98,182,590,0.078125,56,12131.0,106571520,65180.0,1879274124,0.010669662059660327,-11608.085467836258
98,153,1416,0.18571428571428572,64,14955.0,211070816,79041.5,5035648566,0.025180921810556894,-39981.94106198908
98,203,708,0.09230769230769231,48,12991.0,138394960,67355.0,2374539024,0.017389311041101276,-20343.664101296814
98,204,649,0.07692307692307693,48,12411.0,116932640,66407.0,2158671840,0.022731157759092152,-26476.391491440052
98,143,413,0.08196721311475409,40,11621.0,87699480,62141.0,1187269512,0.01364592450658024,-12965.419232967726
98,148,531,0.11475409836065574,56,12119.0,106127472,63979.0,1605796816,0.00951892432558862,-9232.49973291518
98,144,531,0.11475409836065574,56,11923.0,98874688,64283.0,1675020048,0.011687818859950006,-11442.864855700764
98,219,413,0.08196721311475409,56,11573.0,85923288,62417.0,1250116920,0.01000162013615328,-9525.56418058174
98,145,354,0.031746031746031744,40,11106.0,68642420,61237.0,981421480,0.014066283623987487,-14152.28324055257
98,140,1298,0.1095890410958904,64,16170.5,256049178,76205.0,4389754824,0.027730050709988255,-45788.07591201956
98,266,767,0.125,64,13325.0,150754296,67865.0,2490670104,0.013052110118552222,-14583.98149580321
98,264,590,0.078125,48,12621.5,124721982,65346.5,1917187506,0.02117507024501071,-23291.67307831077
98,119,1062,0.2222222222222222,64,14776.0,204447100,72448.0,3534255868,0.011442145717617362,-13174.570080134241
98,121,1239,0.25,64,15941.0,247556760,75667.0,4267247920,0.013450410597467159,-16345.34871414694
98,163,1711,0.2571428571428571,64,16195.0,256955776,84325.0,6238743784,0.012999564004313893,-21325.057912830245
98,164,1298,0.19117647058823528,64,15099.5,216417894,77423.0,4667103168,0.01737117105571627,-24821.1153719454
98,168,826,0.140625,64,12975.5,137821398,69348.5,2828474922,0.013733754691389153,-15709.190742912597
98,205,826,0.15873015873015872,64,14184.5,182559234,69186.0,2791472372,0.010244623371765581,-11215.52255676919
98,165,1357,0.10810810810810811,64,15433.0,228758728,78641.0,4944451512,0.02994536731425782,-53104.833319027355
98,166,885,0.05714285714285714,48,13297.0,149718184,70724.0,3141687276,0.03291520976260958,-47025.89492319082
98,194,1180,0.09722222222222222,64,15388.0,227093548,76022.0,4348084260,0.01573162490260743,-24488.010703648753
98,170,1062,0.18461538461538463,64,14742.0,203188964,73179.0,3700710416,0.01067298130792771,-13016.9912200402
98,171,1003,0.1875,64,13915.0,172586656,71615.0,3344575104,0.008822777766899503,-10263.113897858586
98,195,1829,0.2,64,16301.0,260878200,87137.0,6879058680,0.02202017362346547,-43629.12863293269
98,172,944,0.11940298507462686,64,13743.5,166240470,71244.5,3260209290,0.024694294182083798,-32175.423335264004
98,285,472,0.08064516129032258,64,11753.5,92602510,63136.0,1413838972,0.010538200250312123,-10383.874553224898
98,268,767,0.09090909090909091,64,12761.0,129884040,68309.0,2591772456,0.009020699402327761,-10676.979949984847
98,112,885,0.027777777777777776,40,13535.0,158525136,70822.0,3164002660,0.03963849513351305,-60296.12149697948
98,262,531,0.0625,48,12047.0,103463184,64307.0,1680485040,0.017172575151881184,-18666.039217413083
98,196,1652,0.06097560975609756,56,17688.5,312221250,82590.5,5843784258,0.06921370486868028,-154308.86089435825
98,184,2655,0.23809523809523808,64,21175.0,441235696,99387.0,9668481680,0.025876863705500082,-74872.42053560057
98,125,3009,0.1702127659574468,64,18676.0,348762700,106227.0,11226004400,0.034519956344752106,-137828.95607296765
98,173,1475,0.21739130434782608,64,16079.0,252663312,78851.0,4992270192,0.009460467602405027,-14006.531398893216
98,186,1652,0.22535211267605634,64,16163.0,255771648,83157.5,5972894694,0.015382720022431151,-25687.185823957487
98,265,826,0.140625,64,13495.5,157063478,68861.0,2717467272,0.008168839436844648,-9189.31541126891
98,197,885,0.15625,64,13220.0,146868876,69660.0,2899405964,0.00800054432633056,-9060.716031177224
98,198,531,0.07936507936507936,56,12195.0,108939776,64007.0,1612172640,0.010395146130581573,-10712.564372215065
98,200,708,0.14516129032258066,56,12760.0,129847036,66926.0,2276852292,0.012064332751312625,-12639.579987986406
98,280,472,0.08064516129032258,56,11519.0,83925072,63416.0,1477597212,0.009614598996189817,-9645.830195000453
98,201,826,0.1774193548387097,64,13632.0,162114524,68984.5,2745589210,0.01067196512590024,-11305.454847893416
98,274,590,0.11290322580645161,56,12257.0,111234024,64919.0,1819842336,0.00915377445299125,-9263.898616437435
98,149,413,0.03125,32,11528.0,84258108,62141.0,1187269512,0.027064479430257155,-28512.603866245823
98,207,413,0.1,48,11282.0,75155124,62420.0,1250800044,0.009905838041431258,-9199.24274647945
98,202,472,0.08064516129032258,56,11431.5,80687222,63283.0,1447312048,0.010169885493788193,-10139.58124311882
98,297,649,0.12903225806451613,64,12081.0,104721320,66177.0,2106299000,0.008698555952167241,-8985.563728429437
98,276,767,0.09090909090909091,64,13589.0,160523352,67889.0,2496135096,0.009533567377420784,-11204.329874978355
98,208,236,0.016129032258064516,24,10551.5,48123702,59600.0,608663484,0.021878517962287347,-20810.310335074308
98,211,236,0.016129032258064516,24,10571.0,48845280,59621.0,613445352,0.022010723144730498,-20931.103536838615
98,440,236,0.03278688524590164,24,10559.0,48401232,59475.5,580313838,0.020765027322404386,-18782.229507704556
98,441,177,0.01639344262295082,24,10123.0,32267488,58627.0,387103600,0.020856102003643004,-18859.3472035918
98,442,177,0.01639344262295082,24,10123.0,32267488,58627.0,387103600,0.020856102003643004,-18859.3472035918
99,100,70,0.13333333333333333,16,8341.5,67989240,10752.0,113497200,0.14603174603174604,-1461.1462475853327
99,101,50,0.07142857142857142,16,6285.5,28501704,7956.0,45252432,0.11675824175824177,-882.0148251116087
99,102,60,0.06666666666666667,16,7801.5,57618000,10492.0,107151120,0.166984126984127,-1570.7857857822232
99,103,40,0.0,16,6159.0,26072145,7884.0,43495056,0.14926739926739926,-1066.2066637966525
99,104,20,0.0,8,5274.5,9084438,6663.5,13705092,0.10378787878787878,-459.16829190265764
99,105,30,0.0,12,5628.5,15883362,7109.0,24578856,0.17115384615384616,-970.4920374819128
100,117,49,0.0,20,6633.0,43796880,9579.0,91679400,0.09219560201703059,-626.1943105194605
100,113,77,0.0,16,7935.0,62233200,14265.0,178839000,0.09102108857010816,-1497.0897453657133
100,102,42,0.08333333333333333,16,6540.0,42480000,9040.0,81654000,0.10066287878787876,-463.5742935536647
101,232,25,0.0,16,3600.0,12560576,4668.0,20868624,0.18037037037037038,-386.1391695287472
101,252,25,0.0,12,2158.0,4000864,2762.0,6733728,0.12962962962962962,-255.13714573369083
102,238,30,0.0,16,5310.0,27720000,7422.0,53241920,0.1708333333333333,-535.6840509951821
102,107,30,0.0,16,5152.0,25824000,7644.0,57140240,0.09829545454545453,-302.4549488896588
102,126,96,0.0,32,8362.5,64350000,18437.5,246674100,0.11002107110061655,-3285.473840323216
103,245,52,0.0,20,7489.5,33296760,13092.0,80617680,0.10917075163398693,-1548.2594907451064
103,136,36,0.0,16,6489.5,27866760,8862.0,50466240,0.12777777777777777,-696.6807803720206
104,253,28,0.0,10,6758.5,11892166,13275.5,28555644,0.08069444444444444,-1015.963771112991
105,209,42,0.0,9,8191.5,24361766,10796.0,39430092,0.10968137254901963,-1533.5643213711844
106,152,35,0.0,16,6109.0,36063240,8462.0,66306240,0.18605699855699856,-783.0839153544943
106,237,20,0.0,12,3845.5,13482564,4617.5,18942000,0.224537037037037,-331.33419493159687
106,234,30,0.0,16,5424.0,29229680,7102.5,49557200,0.1812121212121212,-578.481753736322
107,113,55,0.0,16,6547.0,37832160,12869.0,125148840,0.05891208328708328,-675.5451218594485
107,172,80,0.0,32,6644.5,38671440,17571.5,186356580,0.04766986961839904,-1230.056191505622
108,295,35,0.0,20,6032.0,35455728,8025.0,62938944,0.09579124579124579,-346.41842310498237
108,112,75,0.05263157894736842,20,6818.0,43422624,17303.0,189416640,0.08235994025467709,-1833.968879212943
108,116,60,0.0625,20,7792.0,53295088,13979.0,144103872,0.05903950216450216,-719.8855806687433
108,159,25,0.0,16,4974.0,24731840,6506.0,42231936,0.11547619047619047,-228.41603939086747
109,114,45,0.0,16,6236.0,30477696,9086.0,58486560,0.0983058608058608,-668.2789411422027
109,294,45,0.07692307692307693,16,6770.0,40234944,9908.0,81489408,0.10412365412365411,-606.583753346106
109,165,207,0.06666666666666667,32,10750.0,112957504,28710.0,607644576,0.06315183858287306,-6010.874068720007
109,166,135,0.14285714285714285,24,8614.0,73928512,20793.0,386095248,0.06130024737167594,-2018.4345340875307
109,137,81,0.2,20,9044.0,81785472,14124.0,199469952,0.0807936507936508,-838.0050812211557
109,257,54,0.0,16,7195.5,48009680,11541.0,127187280,0.1335374149659864,-1175.9176270639614
110,165,92,0.0,32,8091.5,47218116,24406.5,233859780,0.07329398996065661,-4731.553095653662
110,258,36,0.0,20,5569.5,27955080,10320.5,82153560,0.10360576923076924,-572.2308726114384
111,117,98,0.05,25,9723.0,82026360,18085.0,259383696,0.10820071010860487,-2800.206851870084
111,151,140,0.043478260869565216,25,11238.0,122204160,21512.5,439752456,0.10673846081454777,-4243.638564883909
111,152,98,0.05,20,10245.0,95869800,18538.0,283222368,0.10271146616541355,-2701.226191046502
111,260,154,0.08695652173913043,25,11515.0,129550200,22526.0,493086880,0.07017366691279735,-2889.4309911469045
111,131,196,0.0,25,13903.5,192893220,25889.5,670087704,0.1152633907098193,-8436.634288067995
111,194,280,0.0,40,12767.0,162753240,32251.0,1004855280,0.08773800173414831,-10572.23098375276
111,259,126,0.09523809523809523,25,10142.0,93138240,20996.0,412572160,0.06658179549986273,-2177.2655179113376
111,223,126,0.0,15,11002.0,115945440,18884.0,301430272,0.2053579270970575,-7920.40925058322
111,158,84,0.05263157894736842,20,9752.5,82808700,17136.0,209443520,0.10129142300194932,-2221.8658675699
111,154,112,0.15789473684210525,25,10515.0,103030200,19886.5,354185832,0.051015849809709454,-1228.6250511736266
112,128,45,0.0,10,5503.0,20888784,15390.0,83092100,0.1233115468409586,-2130.573418554674
112,260,165,0.13043478260869565,25,9169.0,83709360,23265.0,520784600,0.040714001084554446,-1774.747276762172
112,164,330,0.08823529411764706,40,10132.5,100219896,34391.0,1139167680,0.06174544246894044,-8373.8552885661
112,283,210,0.03571428571428571,40,9334.5,86545368,25965.5,670878390,0.05599065524077196,-3471.2504461913713
112,258,135,0.09090909090909091,25,7944.0,62717760,21523.0,423964240,0.05851679285120843,-2162.0800820906547
112,259,135,0.14285714285714285,25,7796.0,60181632,21735.0,435747200,0.0495390984676699,-1708.9182838075035
112,124,240,0.19230769230769232,25,10516.5,106800120,28790.0,827864100,0.05433390541082849,-3869.2522766733896
112,184,675,0.05263157894736842,40,16208.0,204329664,56355.0,2359926800,0.05329809362829692,-37786.144729189975
112,253,210,0.07407407407407407,25,10569.5,107708328,26609.0,706644120,0.10329105051327273,-7383.238019299076
112,116,180,0.08,25,9542.0,90101088,24466.0,587536180,0.06022747160247161,-3335.9991139120884
112,192,75,0.05263157894736842,20,6762.0,42463008,17265.0,187304600,0.07268054395247378,-1584.9123874380214
113,118,121,0.1,20,9525.0,90185400,18625.0,346524600,0.056416108205295835,-1489.7591491173002
113,119,198,0.0,32,9920.0,97129500,25136.0,596937660,0.06889255943515579,-4632.444172978966
113,123,55,0.0,12,6813.0,42508440,13167.0,136609920,0.08254723084886127,-941.7389282068287
113,124,176,0.038461538461538464,20,10627.5,109567350,24510.0,572861700,0.09313680763680764,-5447.085121969589
113,125,561,0.01639344262295082,32,13820.0,165691500,58915.0,1896078000,0.07044332640644116,-63301.71506183193
114,134,15,0.0,12,2394.0,4843872,2925.0,6980600,0.14434523809523808,-126.30133685731678
114,234,30,0.0,16,4598.0,19548960,6112.5,33628100,0.1237878787878788,-377.03967326932246
114,239,35,0.0,16,4377.0,18074448,5972.0,32453520,0.12525252525252523,-503.5318818240964
115,118,143,0.0,25,9876.0,97387920,20464.0,412802160,0.0873997646666411,-3735.0980223023053
115,260,143,0.09090909090909091,25,9631.0,92736840,20824.0,429295920,0.06285044320758609,-2221.577196375243
115,163,377,0.07692307692307693,40,11690.0,131824896,38852.0,1255266768,0.05022081307506407,-10220.869584604341
115,130,195,0.07692307692307693,25,11578.0,129698688,25244.0,631802640,0.08722426505118813,-5556.521159871468
115,123,65,0.0,15,7164.0,45903312,15006.0,162738432,0.094110115556194,-1622.4129373783364
115,194,260,0.06451612903225806,40,10883.0,116504808,30549.0,874856520,0.04866387047838661,-4692.364008422698
115,195,403,0.047619047619047616,40,11796.0,133837200,41664.0,1384101360,0.050672538520970575,-13586.086898330586
115,258,117,0.047619047619047616,25,8406.0,69481440,19082.0,349484448,0.07003045662709527,-2083.991594154789
115,159,65,0.0,20,7186.0,46320960,14552.0,141937968,0.10357142857142858,-1717.1098881774228
115,141,143,0.043478260869565216,25,10461.0,108493560,20559.0,417154680,0.07957336635696319,-3038.199862110443
115,281,91,0.0,25,7821.0,58375800,16908.0,249880464,0.05922612475244054,-1415.8037477147932
116,234,72,0.0,20,8188.0,61623760,14593.5,170087390,0.1357905982905983,-2235.765572240504
116,251,48,0.0,15,6960.5,35806980,12636.5,87337602,0.12885912698412696,-1403.2918040847067
116,156,48,0.0,20,6927.5,35112924,12707.0,90318624,0.08078042328042329,-885.2921958546714
116,193,120,0.047619047619047616,25,8669.0,71740152,18806.0,348208740,0.07884684429327288,-2269.194523940264
116,124,192,0.12,25,11490.5,131081940,25466.0,629820180,0.061972883597883596,-3486.925346768713
116,125,612,0.05,40,14683.0,198226600,59871.0,2084601200,0.06711106219580795,-59039.800985511385
116,176,120,0.0,25,10752.5,115560324,18369.5,329751774,0.09515915181499597,-2970.089342683598
116,261,48,0.14285714285714285,20,6869.0,33882552,13331.0,116703840,0.053754578754578744,-471.33135349672364
116,281,84,0.0,25,8333.0,64673400,16025.0,230616936,0.0688899226179928,-1321.4910691710431
117,118,77,0.058823529411764705,25,8223.0,63468360,13939.0,177641160,0.0513320862765396,-738.652940450012
117,119,126,0.0,40,8618.0,68355300,20450.0,306012036,0.06672223446488153,-2643.5425269713583
117,120,56,0.07142857142857142,25,6537.0,42609168,11299.0,125590920,0.0998402886795744,-681.3304079229603
118,121,231,0.03225806451612903,40,11820.0,137278800,27750.0,675389600,0.04493429892614214,-3671.362929596671
118,120,88,0.1875,25,8574.0,70670880,15380.0,229574800,0.0664157329598506,-839.3998974943611
118,122,77,0.125,25,8193.0,62852760,14374.0,193318560,0.0724673202614379,-883.0024888019067
119,143,126,0.08695652173913043,40,7895.0,52377000,20735.0,323705976,0.02638557095078834,-846.6133195354308
119,144,162,0.17391304347826086,56,8197.0,59051200,22877.0,456689904,0.017407565793115667,-632.7183175294076
119,219,126,0.13636363636363635,56,7847.0,51316200,21011.0,340841160,0.01941469425235659,-575.9022685308535
119,266,234,0.19230769230769232,64,9599.0,90035400,26459.0,679074792,0.019371481710848223,-1021.9110397902439
119,264,180,0.12,48,8895.5,74488050,23940.5,522716238,0.03301337156851863,-1523.2977133753022
119,121,378,0.3,64,12215.0,147849000,34261.0,1163454160,0.013783446639083449,-1266.1781826756906
119,164,396,0.1111111111111111,64,11373.5,129251850,36017.0,1272473664,0.01786410588401287,-2640.556357919858
119,183,126,0.041666666666666664,56,7766.0,49526100,20531.0,311040840,0.024120536849369798,-842.6993536626886
119,168,252,0.10344827586206896,64,9249.5,82311450,27942.5,771176406,0.019527401450422966,-1385.2859159451564
119,171,306,0.16666666666666666,64,10189.0,103074400,30209.0,911889792,0.014411512379218153,-1150.5488319181425
119,172,288,0.0625,64,10017.5,99284250,29838.5,888887670,0.030894301504359654,-3014.6716303978633
119,200,216,0.07142857142857142,56,9034.0,77548900,25520.0,620777916,0.024692415168605646,-1493.0151729775075
119,280,144,0.08333333333333333,56,7793.0,50122800,22010.0,402863076,0.020252809790853265,-769.1793518386771
119,201,252,0.10344827586206896,64,9906.0,96820100,27578.5,748577830,0.019539929918490642,-1319.25093341113
119,276,234,0.14814814814814814,64,9863.0,95869800,26483.0,680564808,0.022858898667196967,-1235.5593517939615
120,269,32,0.0,20,5157.0,23598288,8960.5,66005940,0.08250869500869501,-307.71672067104817
120,273,24,0.1,15,4441.0,13734672,7753.0,35238840,0.0707010582010582,-158.37230840061724
120,163,232,0.0,40,10388.0,95660544,33768.0,698101040,0.03808823718363192,-5637.475770740859
120,169,136,0.041666666666666664,40,8828.0,74169984,21586.0,387703680,0.039531826445442,-1442.2891294016406
120,122,56,0.36363636363636365,25,6507.0,42195888,11734.0,136674720,0.044480519480519475,-188.0124440876545
121,148,189,0.1111111111111111,56,9558.0,76747680,25792.0,528617920,0.017738959466012606,-936.9293318772109
121,144,189,0.2,56,9362.0,71502720,26096.0,551405760,0.021444504569504568,-1004.6186399737347
121,219,147,0.16666666666666666,56,9012.0,62136720,24230.0,411530400,0.014311543056817156,-564.565766569448
121,266,273,0.3076923076923077,64,10764.0,109020240,29678.0,819912480,0.013300274443686883,-768.6885707889933
121,264,210,0.19230769230769232,48,10060.5,90194580,27159.5,631125720,0.029121728698651782,-1590.009620907652
121,163,609,0.28205128205128205,64,13634.0,185821440,46138.0,2053754080,0.009254475232830111,-2069.029186459919
121,164,462,0.19444444444444445,64,12538.5,156505860,39236.0,1536380160,0.014739933985601934,-2315.986534186736
121,205,294,0.2962962962962963,64,11623.5,132020460,30999.0,918934640,0.013649735932344628,-875.0062961226892
121,194,420,0.17142857142857143,64,12827.0,164226120,37835.0,1431361200,0.015143113738206425,-2084.4302572168003
121,170,378,0.08333333333333333,64,12181.0,146939160,34992.0,1218249920,0.015774343663192355,-2046.4785848952547
121,171,357,0.15151515151515152,64,11354.0,124808640,33428.0,1101012480,0.012276304423292394,-1279.5541097188293
121,281,147,0.0,40,9765.0,82287000,24194.0,408831840,0.06688939172219385,-3612.4385401735003
121,265,294,0.12903225806451613,64,10934.5,113582820,30674.0,894572640,0.015039755785011953,-1243.3034779761315
121,201,294,0.20689655172413793,64,11071.0,117235560,30797.5,903830200,0.013137013164722525,-970.1400534885363
121,282,357,0.1875,64,12426.0,153495360,32852.0,1057835520,0.016351683664026215,-1537.292572196855
121,276,273,0.1724137931034483,64,11028.0,116084880,29702.0,821711520,0.01550112409268051,-1063.4239520943786
122,273,21,0.1111111111111111,15,4060.0,12215244,6747.0,29673648,0.07680224867724868,-129.69383494215802
122,164,154,0.03571428571428571,40,8911.5,71655822,25860.0,439762176,0.043882272620785576,-2810.011999375581
122,169,119,0.09090909090909091,40,8447.0,65964768,20580.0,326474496,0.05145884247900653,-1526.4591895478761
122,188,77,0.0,20,8868.0,71122860,13284.0,169931520,0.16225230833073973,-2460.801748718678
123,133,20,0.0,9,3651.0,11925576,4984.5,20352960,0.1261574074074074,-173.87897761439444
123,165,115,0.0,24,8600.0,59792304,25266.0,308512512,0.07621109049680479,-5425.800200208562
123,249,15,0.0,9,3368.0,9188400,4673.0,15927168,0.11011904761904763,-111.28756542973552
124,269,64,0.0,20,7945.5,42705090,17485.5,154341990,0.06363924087608298,-1550.1455970293673
124,166,240,0.03333333333333333,30,10278.5,100866780,28692.0,822025260,0.08760308598103518,-8060.928672959613
124,258,144,0.08695652173913043,25,9892.5,91243800,22523.0,454476240,0.054598662207357866,-2250.1245380999526
124,259,144,0.13636363636363635,25,9744.5,87554160,22735.0,467107200,0.044029527471085905,-1702.5020547150755
124,125,816,0.09836065573770492,40,15657.5,234965250,64195.0,2937294000,0.03912535626369391,-38193.94276817908
124,253,224,0.034482758620689655,25,12518.0,156697515,27609.0,757500120,0.09691852795463114,-8119.693612500316
124,248,128,0.043478260869565216,25,10348.5,102611880,20670.0,344074500,0.09862601166948994,-3772.935818890819
124,261,64,0.1111111111111111,20,7843.5,40162230,17655.0,164440800,0.03462346477052359,-690.914708421701
124,246,160,0.04,25,11398.5,128788380,22410.0,447743700,0.10452641340141339,-5244.078677878726
124,189,96,0.047619047619047616,25,8747.5,62698950,19457.5,271833750,0.04793556311413455,-1371.5665841227883
124,192,80,0.05,20,8710.5,61776540,18265.0,200784600,0.05368003341687552,-1339.630185700242
125,167,561,0.08771929824561403,64,12430.0,113288500,58575.0,1829030000,0.013090159166137318,-9847.292243731103
125,182,510,0.08928571428571429,56,12305.0,108576000,57553.0,1627491600,0.01500205029441378,-10933.858168858098
125,203,612,0.08620689655172414,48,13165.0,140998000,59728.0,2056401600,0.0265901788062453,-21781.58925267956
125,144,459,0.05263157894736842,56,12097.0,100734400,56656.0,1450603200,0.024839097871043922,-18490.250524993473
125,218,459,0.07142857142857142,56,12345.0,110084000,56304.0,1381188800,0.015807718411805505,-11278.566434588458
125,241,153,0.0,16,10523.0,41394600,51099.0,354762800,0.043327315785387066,-27013.247542896363
125,242,102,0.0,16,9964.0,20320300,50194.5,176395400,0.0229143039874172,-13661.203135657976
125,185,510,0.07017543859649122,64,12494.0,115701300,57580.0,1632816000,0.013561962292232421,-10123.89561645164
125,193,510,0.016666666666666666,40,12836.0,128594700,57535.0,1623942000,0.05508708552796683,-46922.51664107584
125,171,867,0.15254237288135594,64,14089.0,175832800,63988.0,2896473600,0.015676108762227622,-13659.17902689099
125,195,1581,0.07894736842105263,64,16475.0,265785000,79510.0,5957412000,0.044118183854159033,-81099.51289322838
125,172,816,0.13559322033898305,64,13917.5,169367250,63617.5,2823411000,0.02718161237668794,-24362.347393650343
125,126,816,0.11666666666666667,64,14787.5,202166250,63347.5,2770167000,0.02736421547599478,-25394.78092688596
125,268,663,0.0847457627118644,64,12935.0,132327000,60682.0,2244530400,0.018371566603079495,-15205.996861739048
125,258,459,0.01694915254237288,40,13085.0,137982000,56928.0,1504241600,0.04406642379879864,-35662.82704035473
125,259,459,0.034482758620689655,40,12937.0,132402400,57140.0,1546048000,0.031024317960948327,-24503.67141160973
125,157,1326,0.013157894736842105,56,17600.0,308197500,73037.5,4681035000,0.07541757289314631,-126578.06392148406
125,184,2295,0.4117647058823529,64,21349.0,449534800,91760.0,8373112000,0.01741629043375354,-30437.496560373704
125,173,1275,0.15151515151515152,64,16253.0,257415600,71224.0,4323412800,0.016566668435860694,-20009.851308220415
125,186,1428,0.19696969696969696,64,16337.0,260582400,75530.5,5172654600,0.02003570474143546,-26018.10219037128
125,261,204,0.03773584905660377,32,11036.0,60734700,52060.0,544272000,0.018900541383306265,-11484.427929857497
125,327,51,0.0,8,9425.0,0,49300.0,0,0.019230769230769232,-10894.371313630156
125,316,204,0.03773584905660377,32,10866.5,54344550,51911.5,514987800,0.021985090381316793,-13445.267590224941
125,214,459,0.01694915254237288,40,13153.0,140545600,56744.0,1467956800,0.043631531342106504,-34884.159159033064
125,189,306,0.07547169811320754,40,11940.0,94815500,53862.5,899725000,0.012329104381204617,-7663.098423542324
125,190,459,0.1111111111111111,40,13317.0,146728400,56140.0,1348848000,0.01529637247512448,-10111.008183406087
125,191,459,0.07142857142857142,40,13309.0,146426800,56336.0,1387499200,0.02584168685486485,-18576.23897281233
125,317,255,0.07692307692307693,32,11169.0,65748800,52736.0,677579200,0.012066365007541479,-7161.686307005535
125,206,306,0.09615384615384616,40,11760.0,88029500,53627.5,853383000,0.011689291101055809,-6977.484705332147
125,318,153,0.018867924528301886,24,10347.0,34759400,51012.0,337606400,0.016512173723712182,-9989.985242603027
125,265,714,0.1016949152542373,64,13669.5,160017650,61234.0,2353384800,0.018508987933251217,-15494.672669193964
125,197,765,0.11864406779661017,64,13394.0,149631300,62033.0,2510947600,0.014817491313063383,-12520.25206255236
125,210,153,0.018867924528301886,24,10492.0,40225900,51022.0,339578400,0.017371988598403693,-10433.683739412385
125,313,102,0.0,16,9887.5,17436250,50155.0,168606000,0.01920099030948087,-11476.230522242568
125,305,204,0.03773584905660377,32,10794.5,51630150,51887.5,510255000,0.01793103385084517,-10939.985910944704
125,280,408,0.05357142857142857,56,11693.0,85503600,55789.0,1279630800,0.013025658468028598,-9308.307975111133
125,320,153,0.038461538461538464,24,10391.0,36418200,50993.0,333859600,0.013071895424836603,-7589.630184618976
125,321,357,0.03571428571428571,32,12356.0,110498700,54502.0,1025834400,0.029690808830419215,-20947.82906562077
125,322,255,0.037037037037037035,24,11285.0,70122000,52690.0,668508000,0.023642862688984283,-15072.037156808117
125,328,153,0.018867924528301886,24,10486.0,39999700,50960.0,327352000,0.01959059022738268,-11705.978857297818
125,324,153,0.038461538461538464,24,10394.0,36531300,50993.0,333859600,0.013574660633484163,-7864.6766458056545
125,325,102,0.019230769230769232,16,9912.5,18378750,50147.0,167028400,0.013763197586726998,-7933.908780613291
125,326,204,0.03773584905660377,32,10736.0,49424700,51905.5,513804600,0.01654486760618836,-10144.843970755377
125,207,357,0.09433962264150944,48,11456.0,76568700,54793.0,1083219600,0.011254433560311644,-7119.255091467934
125,202,408,0.09259259259259259,56,11605.5,82204850,55656.0,1253403200,0.01134719590873734,-7498.812645852396
125,220,663,0.10344827586206896,64,13295.0,145899000,60040.0,2117928000,0.01608169141488685,-12702.12565014512
125,298,459,0.01694915254237288,56,12589.0,119282800,56684.0,1456124800,0.04053732303237069,-32370.233956190023
126,167,176,0.22727272727272727,64,8367.5,64457250,23322.5,521162250,0.01910925862893013,-662.0428880588007
126,155,64,0.0,32,6954.0,34137675,16465.5,135867420,0.052896693949325536,-1171.7714122085708
126,182,160,0.13043478260869565,56,8242.5,61776000,22300.5,463736070,0.026220091651096063,-999.4935286723091
126,187,128,0.043478260869565216,40,9328.0,85059975,20067.5,338263800,0.053461122211122224,-1900.8453583859412
126,168,224,0.15384615384615385,64,9087.0,79890525,26469.0,697964085,0.031274847575752565,-1806.1333083822556
126,169,272,0.13793103448275862,64,10746.5,115486800,29263.5,854987040,0.035689269012847996,-2829.0920041627937
126,170,288,0.1724137931034483,64,10853.5,117781950,30299.5,913199880,0.03372271694225476,-2664.2758907003677
126,172,256,0.23076923076923078,64,9855.0,96364125,28365.0,804500325,0.028327113057882294,-1866.3856011440648
126,268,208,0.16,64,8872.5,75289500,25429.5,639554580,0.028716207267677856,-1389.9284030569813
126,184,720,0.10909090909090909,64,17286.5,255769800,56507.5,2385827400,0.026987471972534875,-17615.957303975258
126,186,448,0.1,64,12274.5,148262400,40278.0,1473891795,0.028149770541173253,-6158.972209838976
126,214,144,0.041666666666666664,40,9090.5,79965600,21491.5,418278360,0.07109923088183956,-2846.1941831066883
126,288,80,0.0,40,7536.5,46632300,17395.5,188124120,0.06552503052503053,-1687.5832977552377
127,128,15,0.14285714285714285,6,3259.0,9947040,4027.0,15141360,0.14638932496075352,-100.65596250952906
127,129,10,0.16666666666666666,6,2250.0,1713600,2768.5,2395272,0.13333333333333333,-52.68222737418144
127,130,75,0.05263157894736842,15,8872.0,55749120,16322.0,139665120,0.12202729044834311,-2664.6516702272856
127,131,70,0.05555555555555555,15,9313.5,59351760,15265.5,128964888,0.1259259259259259,-2250.836694589674
128,129,6,0.25,4,1429.0,1023960,1731.5,1414270,0.16666666666666666,-13.666044518911988
130,240,30,0.0,10,7357.0,14347200,14634.0,46555040,0.06536398650369239,-1041.118515296908
130,242,30,0.0,10,7371.0,14729792,14684.5,49340620,0.06828765597147951,-1089.7906099311103
130,224,45,0.0,10,7777.0,25824960,14924.0,62551440,0.08246187363834422,-1471.101456220716
130,232,75,0.05263157894736842,20,8948.0,57826048,16604.0,155220240,0.12341966026176553,-2738.322110874185
130,238,75,0.05263157894736842,20,9142.0,63127680,16822.0,167245120,0.11130604288499027,-2504.9388294475366
130,163,435,0.047619047619047616,40,13776.0,189765632,41188.0,1511273680,0.09348083037107428,-23276.77251644214
130,245,195,0.07692307692307693,25,12964.0,167575296,25100.0,623859600,0.0837853706122937,-5211.540693213569
130,131,210,0.16,25,14105.5,198770208,26523.5,702379860,0.07879133597883597,-4802.5753629821575
130,165,345,0.05555555555555555,40,13014.0,168941696,35504.0,1197744240,0.09369431274193175,-16027.143535638215
130,289,75,0.05263157894736842,20,9226.0,65423232,16994.0,176732640,0.08964773043720414,-1991.4826370210237
130,290,60,0.0,15,8467.0,44681280,15849.5,113602020,0.12832196231319037,-2712.0514273884955
130,270,135,0.043478260869565216,20,11476.0,126911232,21110.0,403771200,0.12209674383587427,-4904.2608204658
131,162,84,0.1111111111111111,25,9416.0,62333895,17358.5,235569750,0.05460174810665006,-1068.3727196248506
131,212,98,0.0,20,10897.5,105436656,17797.5,257929776,0.12349773242630385,-3479.3542750093025
131,241,42,0.0,10,8371.5,31945212,14532.5,91630266,0.11154745989304814,-1667.6763996982559
131,244,28,0.0,10,7646.0,10837515,13175.0,22487361,0.0701388888888889,-843.8097442518059
131,234,84,0.05263157894736842,20,10203.5,85245420,16756.0,204882015,0.11186425660109871,-2445.3373299071523
131,239,98,0.05,20,9982.5,78815646,16615.5,197725788,0.10961466165413533,-2786.6985094792985
131,247,182,0.08,25,13495.5,181022868,23611.5,554060052,0.06430888093388093,-3445.9981591681003
131,165,322,0.08823529411764706,40,13455.5,179859108,34447.5,1105980876,0.08268917530281167,-12120.953247486343
131,166,210,0.07407407407407407,30,11319.5,117714324,26530.5,702736398,0.08660092479536925,-6016.709545770961
131,289,70,0.05555555555555555,20,9667.5,69651036,15937.5,163192536,0.08262397551613238,-1510.506052734138
131,270,126,0.045454545454545456,20,11917.5,135112536,20053.5,372836880,0.11608782631509906,-3972.4574957164623
133,134,12,0.16666666666666666,9,1959.0,3580632,2267.5,4784550,0.17333333333333334,-62.81063794126131
135,136,36,0.08333333333333333,16,6486.5,27805176,9900.0,79862400,0.06999486204031659,-318.74022666880114
135,137,36,0.08333333333333333,20,5830.5,24250968,9948.0,80403840,0.05043945953036863,-215.65801316332877
136,260,99,0.1111111111111111,20,10017.0,100279280,16450.0,265358400,0.08055697026285262,-1391.704408103002
136,294,45,0.07692307692307693,16,7334.0,45202656,9992.0,82467840,0.07748270248270248,-442.7177634991253
136,253,126,0.045454545454545456,20,11417.5,129028744,19794.0,360060480,0.12284408712980138,-4142.038575658266
136,246,90,0.05555555555555555,20,10298.0,106047648,14595.0,212824800,0.09676314970432617,-1606.9250668778066
136,158,54,0.0,16,8254.5,64098680,11060.0,112713600,0.11718820861678005,-964.0953452246091
136,279,63,0.0,16,8435.0,67803984,12294.0,147660480,0.1372850529100529,-1437.9747370647015
137,174,45,0.0,20,6758.0,40856928,10404.0,93405312,0.11091269841269841,-698.8979710739246
137,247,117,0.1,25,10698.0,111398688,18006.0,310153536,0.05589582931688195,-1362.4000891487824
137,294,45,0.07692307692307693,20,6678.0,39424608,10040.0,83026944,0.06379245754245755,-340.8706332670831
137,165,207,0.06666666666666667,40,10658.0,110682528,28842.0,619109568,0.049831102805240765,-4587.049581203381
137,166,135,0.09090909090909091,30,8522.0,72439584,20925.0,393380064,0.04720313056352018,-1628.1503271974493
137,154,72,0.13333333333333333,25,8361.0,69557040,13858.5,191900016,0.07060296846011133,-627.6823636345899
138,139,28,0.0,20,4525.5,19368180,7971.0,54946080,0.1257098961644416,-436.66642623440333
138,140,88,0.0,32,8655.0,48035169,21798.0,194322240,0.061674376905146135,-3154.6090362895006
138,141,44,0.0,20,7450.5,39673530,11625.0,91778400,0.10637014634913795,-905.9636823081485
139,177,56,0.07142857142857142,25,6101.0,36950760,11481.5,131489022,0.11058168022453738,-841.3775684909799
139,187,56,0.0,25,6755.5,44254980,11471.0,131260080,0.15415759451473734,-1308.8555690194523
139,165,161,0.034482758620689655,40,8972.0,68991120,27165.0,473452056,0.07025399300464498,-5935.239888190124
139,171,119,0.0,40,7454.0,52050240,20139.0,320257152,0.06971087546535118,-2386.6248099919426
140,174,110,0.038461538461538464,32,9201.5,63161196,22554.0,252618912,0.07287057387057387,-3833.965587215007
140,155,88,0.04,32,8511.0,44049537,21696.0,186456816,0.03655657768157768,-1708.2986647021096
140,175,88,0.08333333333333333,32,8419.5,41517000,21589.5,178244388,0.03467908902691511,-1475.3621286596115
140,177,176,0.1111111111111111,40,10230.5,91641858,25308.5,465023916,0.04308322117522721,-2729.0492192650654
140,182,220,0.14285714285714285,56,9799.5,79712640,27531.0,636405336,0.0158492802283652,-1141.9131443820543
140,147,154,0.16,48,9472.5,70661934,24303.0,387487800,0.024267815517815518,-1246.2402070592323
140,153,528,0.1794871794871795,64,12623.5,157875312,41392.5,1705293324,0.032607505037573786,-7417.605060887429
140,178,220,0.18518518518518517,48,10488.0,98768943,27153.0,607257000,0.04181264939183492,-2809.1265043348735
140,179,286,0.20689655172413793,56,11371.5,123222456,30096.0,834197616,0.034724674774660284,-2905.259609387621
140,148,198,0.03333333333333333,56,9787.5,79380504,26330.0,543793824,0.033705087898505896,-2588.184753478237
140,273,66,0.0,24,7916.5,27594966,20661.0,106645896,0.04850111925111926,-2144.955815271619
140,183,154,0.03571428571428571,56,9160.5,62026398,24288.0,386331120,0.02323014175021645,-1483.6306576728623
140,185,220,0.10344827586206896,64,9988.5,84943782,27558.0,638487360,0.020372710715183914,-1517.9298364761084
140,169,374,0.08333333333333333,64,12303.5,149018352,34494.0,1173336192,0.024774340077911513,-3659.6637085720417
140,268,286,0.16666666666666666,64,10429.5,97149780,30660.0,877688784,0.02270408543875451,-1978.4256147107274
140,186,616,0.16279069767441862,64,13831.5,191310336,45508.5,2022686316,0.028120573533738792,-8111.731375307351
140,197,330,0.12121212121212122,64,10888.5,109853982,32011.0,981867096,0.023925152505943792,-2634.774323285514
140,200,264,0.13333333333333333,56,10428.5,97122102,29277.0,771042888,0.0319081999518546,-2801.7646247431812
140,274,220,0.10344827586206896,56,9925.5,83200068,27270.0,616279104,0.027215353898065592,-2019.94844908826
140,275,330,0.12121212121212122,64,11945.5,139109628,31822.0,967292928,0.027225355082042678,-2855.21281697459
141,260,121,0.047619047619047616,25,10600.0,111671100,18475.0,341255400,0.07397581254724112,-1924.9382113327404
141,245,143,0.09090909090909091,25,11847.0,140177520,20415.0,411910200,0.05161221054078196,-1767.192256638172
141,247,143,0.043478260869565216,25,11937.0,142234920,19983.0,396176760,0.0587152581717799,-2144.8768975407133
141,193,110,0.05,25,9126.0,77975460,17340.0,299918700,0.07019380838459785,-1634.14990558541
141,295,77,0.125,25,9213.0,79964280,13722.0,168151140,0.05231316137566137,-595.4200511055101
141,248,88,0.11764705882352941,25,9831.0,94091760,14880.0,210325500,0.06737132352941176,-966.0927189580091
141,226,99,0.05263157894736842,25,10243.0,103510080,15569.0,235418880,0.06157291376589624,-1156.74918084647
141,291,44,0.0,20,7536.0,41628060,11422.5,84403350,0.0726984126984127,-620.7276280342898
141,214,99,0.05263157894736842,25,9443.0,85222080,16549.0,271110480,0.05414298583158232,-1008.851664119487
142,143,21,0.1111111111111111,15,3283.0,8655240,6453.0,25840584,0.07175925925925926,-97.70691465648251
142,144,27,0.0,21,3585.0,9758144,8595.0,36456336,0.06565656565656566,-220.70370841562132
142,145,18,0.125,15,2768.0,6774460,5549.0,21360360,0.08630952380952382,-83.2209043111848
143,148,63,0.14285714285714285,35,5238.0,27188640,12266.0,147076512,0.03319180819180819,-209.75876174193425
143,145,42,0.18181818181818182,25,4225.0,17585400,9524.0,89889360,0.03787878787878787,-120.64971943052454
143,164,154,0.07407407407407407,40,8218.5,55443780,25710.0,427464576,0.03507449340782674,-2023.3262680264065
143,205,98,0.10526315789473684,40,7303.5,46769580,17473.0,255673704,0.027580630870104546,-465.83337234489494
144,219,63,0.23076923076923078,49,4994.0,24817536,12846.0,161537760,0.02816609718783632,-168.13030871784056
144,171,153,0.23809523809523808,56,7336.0,49848832,22044.0,432179712,0.023546812921710764,-641.5465522590572
144,173,225,0.0967741935483871,56,9500.0,72977664,29280.0,645091776,0.02315677063115394,-1955.3603934105836
145,218,54,0.07142857142857142,35,4775.0,21666400,11314.0,120748960,0.028562707134135706,-174.5109412633867
145,184,270,0.04081632653061224,40,13779.0,88476080,46770.0,732010400,0.022833574266647498,-9764.44143274848
145,220,78,0.0,40,5725.0,28715400,15050.0,185157600,0.030694651893482302,-415.7423721799546
146,147,28,0.0,24,3802.5,12759894,7603.5,51827850,0.06004273504273504,-154.90461661845598
146,148,36,0.08333333333333333,28,4117.5,14334264,9630.5,72734328,0.046654040404040406,-170.3873938979762
146,149,28,0.1,16,3526.5,11380446,7792.5,53777196,0.08716049382716048,-202.00114325043094
147,178,70,0.13333333333333333,36,6121.5,36441522,12900.0,158287500,0.041708093493807774,-368.14078015288237
147,179,91,0.17647058823529413,42,7005.0,45463824,15843.0,217441800,0.03424066742081448,-457.8633389568297
147,185,70,0.13333333333333333,48,5622.0,31340628,13305.0,166428000,0.02864701436130007,-226.74589131677294
147,184,315,0.04,48,14477.0,121767888,47485.0,853446000,0.01883065616146414,-8514.576162021609
147,186,196,0.09375,48,9465.0,70585344,31255.5,527233050,0.017154118842626912,-1800.7427274771387
148,218,81,0.058823529411764705,49,5788.0,33498240,14056.0,197568832,0.022160947712418305,-239.8090069858746
148,163,261,0.08571428571428572,56,9812.0,79661568,34450.0,772842784,0.01706039743153694,-2289.933541299968
148,205,126,0.2777777777777778,56,7801.5,56597112,19311.0,345801872,0.020025417574437182,-336.61095779537214
148,198,81,0.058823529411764705,49,5812.0,33773568,14132.0,199712640,0.02256787330316742,-236.405099757791
149,184,315,0.08333333333333333,32,14201.0,108603792,47674.0,885545760,0.026053264849807405,-10974.35060023959
149,315,28,0.1,16,3753.0,13443408,7603.5,49835412,0.09388888888888888,-227.74068746773838
149,191,63,0.14285714285714285,20,6161.0,35375472,12250.0,146742816,0.0729461015175301,-524.3575310269096
149,323,21,0.25,12,3166.0,8097012,6655.0,30053496,0.07142857142857142,-96.3550523848734
149,337,35,0.0,12,4587.0,21039480,8066.0,59481312,0.17442607897153353,-645.4889983008376
150,151,40,0.07692307692307693,20,6301.5,31214592,10860.0,83681991,0.07043142043142042,-411.0596569341614
150,152,28,0.1,16,5308.5,24488010,7885.5,53895348,0.09556878306878307,-239.8766940024856
150,153,96,0.07692307692307693,32,7397.5,38638896,24618.0,221454603,0.03961233211233213,-2337.7585806106586
150,154,32,0.2,20,5578.5,26316990,9234.0,67399227,0.06455026455026455,-164.2565515736139
151,155,40,0.0,20,6199.5,29334528,10774.5,80824068,0.11594060701203557,-782.6896032323567
151,153,240,0.0967741935483871,40,10312.0,105136128,30471.0,739199277,0.059369606340668964,-6203.857297752103
151,156,40,0.07692307692307693,20,6277.5,30772224,10492.5,71397936,0.08607378460319637,-498.7149204730603
151,157,260,0.058823529411764705,35,12783.0,150681600,32094.0,793449675,0.10057724262269715,-12664.540023095686
151,158,60,0.14285714285714285,20,7730.5,57553920,12336.5,133035480,0.10088522588522589,-810.7620140448047
151,159,50,0.15384615384615385,20,7048.0,44974080,11454.5,103553748,0.09059320309320311,-562.6337595639999
151,160,100,0.05263157894736842,25,8730.0,75976704,16542.0,273608523,0.09030282988616323,-1761.8977229269422
151,161,60,0.06666666666666667,25,7280.5,49259520,12664.0,143982495,0.08572562358276646,-788.5223655765475
152,187,56,0.07142857142857142,20,7580.5,57341130,11402.0,129598560,0.1473966509680795,-1050.6767714393534
152,172,112,0.045454545454545456,32,8107.5,64961550,19699.5,308227140,0.0841099617073643,-2671.6176819546836
152,154,56,0.15384615384615385,20,7500.0,56177100,12112.5,144894204,0.08643925518925519,-534.9198153250142
152,188,77,0.0,16,9420.0,83940300,13302.0,170501760,0.190958605664488,-3034.5242781791753
153,177,192,0.14285714285714285,40,9015.0,75543776,28145.0,533445969,0.032324959898489304,-2562.9066840773125
153,178,240,0.13333333333333333,48,9272.5,81418896,29989.5,696606750,0.03667495977840806,-3501.8816524314443
153,179,312,0.1935483870967742,56,10156.0,101576832,32932.5,956938644,0.02466522426199845,-2699.074721902687
153,163,696,0.10416666666666667,64,12648.0,158434304,49512.5,2423572284,0.024127732941677575,-9637.41849866171
153,193,240,0.0,40,9115.0,77825376,30349.5,728451630,0.05967166287628698,-7561.729914979876
153,165,552,0.14634146341463414,64,11886.0,141048512,43828.5,1920777012,0.030858781483270568,-8489.043384427163
153,194,480,0.07317073170731707,64,11841.0,140021792,41209.5,1689105510,0.02950940691409664,-6903.541655052123
153,195,744,0.1,64,12754.0,160852800,52324.5,2672316180,0.03285759164527678,-15694.671741036043
153,157,624,0.06382978723404255,56,13879.0,186520800,45852.0,2099771775,0.028106230722272522,-10242.030593763577
153,196,672,0.08333333333333333,56,14141.5,192510000,47778.0,2270141883,0.03247915152542029,-12930.095385830478
153,173,600,0.11363636363636363,64,12532.0,155787648,44038.5,1939353192,0.01973391573927978,-5713.306406659083
153,186,672,0.18181818181818182,64,12616.0,157704192,48345.0,2320297569,0.020424818604591173,-6742.822833748191
153,154,192,0.03225806451612903,40,9589.0,88640160,28845.0,595366569,0.03566527005568751,-3415.2786875204356
153,161,144,0.034482758620689655,40,8376.5,60975760,26422.0,381032835,0.05901430773659838,-4644.737657504607
153,197,360,0.14705882352941177,64,9673.0,90556704,34847.5,1126335714,0.01602122352440878,-2142.39731801485
153,198,216,0.06451612903225806,56,8648.0,67170304,29194.5,626282640,0.024266780129911077,-2305.1109319950133
153,199,168,0.03333333333333333,32,8506.0,63930432,27202.5,450074304,0.043328245828245814,-3734.712347809961
153,200,288,0.2,56,9213.0,80061344,32113.5,884491542,0.0211597094670558,-2134.7916233681976
153,201,336,0.08571428571428572,64,10085.0,99956896,34172.0,1066582335,0.02338342849048,-3282.9796843832937
153,202,192,0.10344827586206896,56,7884.5,49750288,28470.5,562239048,0.018149444288606847,-1513.123996034648
154,247,104,0.10526315789473684,25,10107.0,96689880,17608.5,292857516,0.0633797245639351,-1318.888924677792
154,259,72,0.0625,25,7397.0,54576480,14570.5,211068480,0.06983222217597218,-791.3566941452053
155,175,16,0.14285714285714285,16,3091.5,9549000,4729.5,22356828,0.09689153439153439,-69.95948045897688
156,159,20,0.125,16,4109.5,16294320,5234.0,26469312,0.09686147186147187,-101.77971799909373
156,292,28,0.0,20,4981.5,22117536,7458.0,45471168,0.10366161616161616,-286.635501291221
157,162,156,0.0,35,10317.5,70059750,28362.5,439143750,0.04289341790601871,-4223.17127229202
157,169,442,0.023809523809523808,56,13559.0,176056800,38953.5,1444759200,0.04653380341277453,-10486.293574713089
157,245,338,0.05405405405405406,35,14307.0,200516400,35047.5,1073884500,0.06609174109174108,-11120.022944010117
157,247,338,0.05405405405405406,35,14397.0,203459400,34615.5,1032866100,0.053327649160982496,-8897.922109101934
157,262,234,0.06060606060606061,42,10971.0,91429200,31117.5,700731000,0.02858322890283117,-3310.36599170484
157,196,728,0.5882352941176471,49,16612.5,275906250,49401.0,2436749325,0.008093218922095928,-1652.0920532451335
157,160,260,0.058823529411764705,35,12297.0,134789400,31923.0,777213225,0.04325011650821654,-5460.52637475366
157,180,208,0.13333333333333333,28,12063.5,127153950,29467.0,544016025,0.025540959678890713,-2300.5088985847237
157,302,156,0.14285714285714285,28,10960.0,91069500,27535.0,360572625,0.025022045855379184,-1819.8870799593337
157,303,104,0.1111111111111111,28,9816.0,53660700,25950.0,210076875,0.01994301994301994,-1271.7210877590917
157,304,104,0.1111111111111111,28,9696.0,49736700,25987.5,213637500,0.020180436847103515,-1302.8535304113384
157,200,312,0.08571428571428572,49,11684.0,114744300,33736.5,949405050,0.02562681672605053,-3545.184537085474
157,305,104,0.07142857142857142,28,9544.5,44782650,26325.0,245683125,0.02729782458792485,-1952.3999934995527
157,279,182,0.03125,28,11478.0,108008100,28951.5,495069300,0.06098833961737187,-6243.842149030894
157,306,156,0.14285714285714285,28,10902.5,89189250,27480.0,355350375,0.01840828924162257,-1325.5145515904403
157,307,156,0.10344827586206896,28,10872.5,88208250,27377.5,345618000,0.018915669716162323,-1434.1518079820412
157,308,104,0.1111111111111111,28,9796.5,53023050,25921.5,207370800,0.019943019943019943,-1270.8175484631658
157,309,130,0.14814814814814814,28,10373.0,71874600,26709.5,282191400,0.018637226970560302,-1208.9358382947546
157,310,156,0.18518518518518517,28,10902.5,89189250,27420.0,349653375,0.017212725546058877,-1136.6916298780743
157,311,130,0.10714285714285714,28,10203.0,66315600,26685.5,279912600,0.022674687158814145,-1611.942540450672
157,217,130,0.10714285714285714,28,10187.0,65792400,26863.5,296813700,0.021253302106476708,-1533.0715751447592
157,215,260,0.02857142857142857,49,11361.0,104182200,31608.0,747303975,0.03675567036540838,-4734.821244937199
157,297,286,0.027777777777777776,56,11005.0,92541000,32987.5,878287500,0.02427096341428741,-3416.189014570913
158,293,18,0.0,12,3812.5,8618100,4837.0,13643440,0.14087301587301587,-202.73765762156492
158,159,30,0.1,16,5562.5,30475600,7078.0,49320160,0.11333333333333333,-256.4473523423371
158,257,36,0.0,16,5750.0,32817475,8525.0,72356400,0.1568181818181818,-627.3243537531781
160,212,70,0.0625,20,7746.0,59752512,13249.5,165805488,0.09560365560365561,-1104.1001566388218
160,196,280,0.05555555555555555,35,12559.5,139117500,33849.0,840274317,0.04870591411907938,-7385.583369342261
160,186,280,0.02702702702702703,40,11034.0,113965056,34416.0,858839031,0.04837892193090852,-7538.9818003974
160,226,90,0.0,25,8650.0,74657664,14649.5,211644288,0.06028159624650852,-1072.466448838455
160,296,40,0.07692307692307693,20,5799.0,27650376,10755.0,84130569,0.06757478632478632,-385.7205803247694
160,214,90,0.1875,25,7850.0,61467264,15629.5,243731448,0.027313550420168066,-351.399203818577
160,287,100,0.1111111111111111,25,8176.5,66850596,16506.0,272429811,0.04531102201229075,-808.7726438303137
160,281,70,0.0625,25,7197.0,50700600,13639.5,178574868,0.05849028286528287,-652.471741377762
161,247,78,0.0,25,8894.5,66513180,15185.5,187427940,0.045576905226028024,-876.0384613980278
161,295,42,0.0,25,6170.5,37393620,8924.5,79550910,0.05940552503052503,-284.9652534998557
161,226,54,0.07142857142857142,25,7200.5,48404320,10771.5,111374720,0.06395429966858537,-452.0329797196785
161,246,60,0.06666666666666667,25,7838.5,55224540,11822.5,129483450,0.07414588057445201,-688.7591773609005
162,163,174,0.09375,40,9086.5,59510080,32023.0,506863000,0.0221508380732171,-2391.983739296019
162,164,132,0.07692307692307693,40,7991.0,50121645,25121.0,379176000,0.0294009621058204,-1597.3836499150764
162,165,138,0.16,40,8324.5,52979740,26339.0,401709000,0.022527801120448176,-1356.6588677729403
162,166,90,0.16666666666666666,30,6188.5,34674220,18422.0,255244500,0.04030894710825506,-839.1205624651374
163,167,319,0.08108108108108109,64,9949.0,83466880,36673.0,1016465800,0.012111692518613774,-1893.061956714213
163,219,203,0.09090909090909091,56,9266.0,64495872,32888.0,601660080,0.014548424269419387,-1669.466608268289
163,266,377,0.13513513513513514,64,11018.0,113159424,38336.0,1198717296,0.013126721235825384,-2203.7767387818108
163,264,290,0.11428571428571428,48,10314.5,93619008,35817.5,922709844,0.031449050077110005,-4534.62889234892
163,164,638,0.275,64,12792.5,162447936,47894.0,2246197632,0.013131408731499311,-3339.8321081204936
163,168,406,0.10256410256410256,64,10668.5,103451712,39819.5,1361297028,0.019153469753426956,-3739.4379727971395
163,205,406,0.22857142857142856,64,11877.5,137032896,39657.0,1343488328,0.014503969454725974,-2220.8544768121815
163,267,290,0.21875,64,10688.0,103993344,35304.5,866489148,0.011826656596424649,-1328.2400668330577
163,165,667,0.20930232558139536,64,13126.0,171711232,49112.0,2379680688,0.02701686283767751,-8655.421729032058
163,166,435,0.1282051282051282,48,10990.0,112381696,41195.0,1512040824,0.036631590139066854,-7853.144675516151
163,194,580,0.2894736842105263,64,13081.0,170461312,46493.0,2092659240,0.013251610438209667,-2871.8526463159865
163,195,899,0.30434782608695654,64,13994.0,195820800,57608.0,3310774320,0.015219673559655462,-6503.148811981632
163,283,406,0.19444444444444445,64,11994.5,140282688,39468.5,1322830236,0.011590015897221537,-1808.8309379273085
163,184,1305,0.04225352112676056,64,18868.0,331201024,69858.0,4653276320,0.03128904467719898,-40744.75151582933
163,201,406,0.2647058823529412,64,11325.0,121686656,39455.5,1321405540,0.008708300369358385,-1266.8138606135683
163,274,290,0.11428571428571428,56,9950.0,83494656,35390.0,875859264,0.012344236786198576,-1704.2526898356075
163,282,493,0.2777777777777778,64,12680.0,159323136,41510.0,1546562304,0.015111588051754506,-2532.1134099745195
163,220,377,0.05,64,10814.0,107493120,38138.0,1177018080,0.013704581756875308,-2576.248902467371
163,275,435,0.1891891891891892,64,11970.0,139602176,39942.0,1374722048,0.011107668782523141,-1841.0814853333645
163,284,116,0.03125,16,8400.5,40455744,29658.5,247732716,0.07258064516129033,-7235.405968601513
164,167,242,0.13793103448275862,64,8853.5,70298970,29771.0,760401600,0.014202094187515077,-1066.3041547093608
164,169,374,0.11428571428571428,64,11232.5,125953296,35712.0,1247468544,0.014704477846112996,-2041.0241039013622
164,267,220,0.18518518518518517,64,9592.5,87587136,28402.5,648206496,0.016479032696642675,-1014.4548071057832
164,165,506,0.125,64,12030.5,144621708,42210.0,1780200576,0.03660005125420479,-8651.669517852602
164,194,440,0.23529411764705882,64,11985.5,143568978,39591.0,1565484480,0.016563015406763554,-2389.7260702479903
164,170,396,0.17647058823529413,64,11339.5,128456454,36748.0,1332403968,0.01566211164584605,-2041.8503967899687
164,195,682,0.23255813953488372,64,12898.5,164927700,50706.0,2476736640,0.014834099952191681,-4854.212678485947
164,283,308,0.2857142857142857,64,10899.0,118151397,32566.5,989587872,0.01545123430822155,-1153.6290027754903
164,285,176,0.07142857142857142,64,8351.0,58543485,26705.0,509038656,0.017002041830862246,-1079.2204194914095
164,184,990,0.06349206349206349,64,17772.5,278950056,62956.0,3481040640,0.032874357777621724,-30412.741024466588
164,282,374,0.21875,64,11584.5,134187984,34608.0,1156958208,0.019886995539477603,-2118.065822854504
164,276,286,0.20689655172413793,64,10186.5,101483172,31458.0,898708608,0.016541223099104867,-1307.4133521584165
164,286,110,0.0,32,8094.5,52542924,23790.0,270055296,0.04498548301967106,-2453.201304013998
165,177,184,0.10714285714285714,40,9493.0,81874408,27744.5,523785108,0.0429819527026085,-3393.2392881924065
165,179,299,0.09090909090909091,56,10634.0,110089056,32532.0,939608208,0.04007497495784975,-4932.7307145900495
165,166,345,0.26666666666666666,48,10228.0,100049488,35511.0,1198352232,0.03460023283163029,-4105.243724694824
165,195,713,0.125,64,13232.0,174332400,51924.0,2623919760,0.03586781216112142,-15784.794580844451
165,283,322,0.08823529411764706,64,11232.5,124888764,33784.5,1048395348,0.027465194688561418,-3479.4395408553764
165,292,161,0.034482758620689655,40,9494.0,81899136,27036.0,462247632,0.05452934107490758,-4453.973323674384
165,296,92,0.0,32,7859.0,41468856,24283.5,223176492,0.04327966865360027,-2766.803997004474
165,280,184,0.03333333333333333,56,8450.0,56083104,28203.0,563608584,0.036567340437752005,-3270.065541653478
165,201,322,0.12121212121212122,64,10563.0,108333368,33771.5,1047266220,0.03158533445218228,-3927.0797044301517
165,215,230,0.03125,56,9368.0,78783408,29584.5,683600148,0.03019862260390683,-3230.339582459516
165,297,253,0.0625,64,9012.0,69980240,30964.0,803418000,0.02396860078875022,-2640.0804875916137
166,178,150,0.0,36,7614.5,57752604,21672.0,434605500,0.07072499173847213,-3258.1487851980933
166,195,465,0.06976744186046512,48,11096.0,114097200,44007.0,1667229480,0.04576255142801253,-13430.792612410845
166,259,135,0.043478260869565216,30,7558.0,56838208,21637.0,432673920,0.06038593323672374,-2417.3023135918947
166,292,105,0.047619047619047616,30,7358.0,53601408,19119.0,293710536,0.07931745172816602,-2286.5752242068666
167,168,154,0.3888888888888889,64,6729.5,44768490,21696.5,460837650,0.01267117958294429,-248.13781478436294
167,169,187,0.21739130434782608,64,8389.0,64715680,24491.0,564513600,0.011402846483198056,-419.39234035934146
167,170,198,0.2608695652173913,64,8496.0,66001820,25527.0,602949200,0.011550741458030459,-422.1132163006984
167,171,187,0.3333333333333333,64,7669.0,56061280,23963.0,544924800,0.010622740087025798,-301.80386683668786
167,172,176,0.22727272727272727,64,7497.5,53999850,23592.5,531179250,0.020651991106536562,-710.9649620663346
167,173,275,0.16129032258064516,64,9833.0,82072560,31199.0,813380400,0.01155923437324929,-1003.7198250984283
168,272,14,0.0,8,3724.5,0,12421.5,0,0.06666666666666667,-538.6763156570328
168,183,98,0.23529411764705882,56,5965.5,33386418,17431.5,248926860,0.02387079831932773,-351.05216465162897
168,169,238,0.19230769230769232,64,9108.5,80210832,27637.5,756022176,0.017638276927750614,-995.5988908179337
168,170,252,0.3333333333333333,64,9215.5,81804918,28673.5,807496872,0.019499688113818546,-931.3491811211638
168,171,238,0.2916666666666667,64,8388.5,69484272,27109.5,729787968,0.01618215952455083,-730.5256003514975
168,195,434,0.0975609756097561,64,10774.5,105030900,42631.5,1501014060,0.02315558913222297,-5690.459491453951
168,196,392,0.05,56,12162.0,125701875,38085.0,1275116661,0.05738796399094983,-11588.688535582844
168,184,630,0.1346153846153846,64,15648.5,177643752,54881.5,2109667560,0.022264305987929132,-12266.710456563429
168,173,350,0.18181818181818182,64,10552.5,101723544,34345.5,1089315864,0.017218851628662272,-1960.914929992318
169,266,221,0.0,64,9458.0,87737664,26154.0,665730432,0.023108005176160726,-1589.1865278057257
169,185,170,0.17391304347826086,64,8453.0,66093984,23496.0,503953920,0.018934458481213216,-670.0300251377098
169,194,340,0.08823529411764706,64,11521.0,132166432,34311.0,1162198080,0.017590641752576693,-2117.948957248698
169,171,289,0.13333333333333333,64,10048.0,100443904,29904.0,893970432,0.01485441160804137,-1169.9428065682139
169,195,527,0.17073170731707318,64,12434.0,151828800,45426.0,1838701440,0.015384647539003033,-4040.724023563054
169,172,272,0.13793103448275862,64,9876.5,96750480,29533.5,871420320,0.02561662525712801,-2037.7904562667813
169,268,221,0.2,64,8894.0,75591360,26598.0,692754048,0.01249058316888554,-593.4190712726029
169,196,476,0.046511627906976744,56,13821.5,181710000,40879.5,1561983264,0.051716281595849706,-12968.260168587469
169,275,255,0.14285714285714285,64,10410.0,108239936,27760.0,763478016,0.015932697261019296,-941.14808390281
170,260,198,0.0,40,10376.0,107294140,25622.0,609124960,0.05231514448616769,-3282.7258414510216
170,271,72,0.0,32,6947.5,31990566,18599.5,152606280,0.05032464805192078,-1317.0065030494407
170,183,126,0.13636363636363635,56,7732.0,49221324,21262.0,325690080,0.018441214869786293,-533.089812224773
170,185,180,0.21739130434782608,64,8560.0,67407516,24532.0,538266240,0.014651861352628616,-519.0271818272427
170,171,306,0.2962962962962963,64,10155.0,102440096,30940.0,954837504,0.01228040954976601,-783.6331941376864
170,195,558,0.13953488372093023,64,12541.0,154846200,46462.0,1963891680,0.01622882290420413,-4672.225219877401
170,285,144,0.3,64,7993.5,54964910,22461.0,403634672,0.01577599301283512,-382.994334530057
170,268,234,0.24,64,9001.0,77093640,27634.0,739921056,0.012793784238637177,-604.0829576954882
170,184,810,0.16666666666666666,64,17415.0,261898736,58712.0,2760239680,0.019477256613617454,-12091.606765980576
170,173,450,0.22857142857142856,64,12319.0,149970192,38176.0,1425235392,0.014618722650173464,-2034.9731731274414
170,186,504,0.21052631578947367,64,12403.0,151815168,42482.5,1705192344,0.017942124942898933,-3475.422711826288
170,274,180,0.037037037037037035,56,8497.0,66023784,24244.0,519543936,0.018324619211993333,-889.2973123502554
171,218,153,0.18181818181818182,56,7584.0,54475520,21692.0,411499008,0.017326192326192327,-502.38001472925805
171,185,170,0.17391304347826086,64,7733.0,57255264,22968.0,486466560,0.014905106970324362,-489.1518082810652
171,205,238,0.10714285714285714,64,9597.5,92039376,26947.0,720240768,0.012343263904888555,-724.4496396326168
171,172,272,0.2222222222222222,64,9156.5,83812080,29005.5,841181760,0.022245434632312464,-1452.0805913253896
171,184,765,0.16981132075471697,64,16588.0,222454144,57148.0,2494609920,0.01308438527438412,-7668.9370325420905
171,173,425,0.23529411764705882,64,11492.0,127383168,36612.0,1288078848,0.010038454061512984,-1269.7003043545733
171,186,476,0.15384615384615385,64,11576.0,128950272,40918.5,1541094336,0.013178368826142105,-2600.72842782298
172,175,64,0.0,32,5992.5,26955000,16629.0,132379605,0.06016023085102034,-1294.6956350991313
172,182,160,0.18181818181818182,56,7372.5,51753600,22570.5,472649310,0.03551197014918076,-1223.7777643631107
172,187,128,0.09090909090909091,40,8458.0,71260035,20337.5,344765400,0.041451802166087875,-1352.8037699716213
172,269,64,0.0,32,6205.5,30782610,16908.0,148357935,0.06047429179008126,-1345.2026163522999
172,195,496,0.06818181818181818,64,11542.5,126688500,44527.5,1730126700,0.03604961026902348,-10980.833297174997
172,184,720,0.10909090909090909,64,16416.5,214274280,56777.5,2431684200,0.028114611156715055,-18318.214828354325
172,207,112,0.15,48,6523.5,36497070,19810.5,314584110,0.03261181241304421,-833.389564770658
173,182,250,0.20689655172413793,56,9708.0,78658560,30177.0,723755088,0.009969611839993614,-769.8304695793238
173,178,250,0.12903225806451613,48,10396.5,97462872,29799.0,690606000,0.038531656655945073,-3379.6767231036747
173,179,325,0.15151515151515152,56,11280.0,121593024,32742.0,948695328,0.022848826381580402,-2469.7193863475795
173,266,325,0.02702702702702703,64,10902.0,111269088,32862.0,959218848,0.021972350973226525,-2933.2549855636585
173,183,175,0.14285714285714285,56,9069.0,61206192,26934.0,439356960,0.014820770058865295,-945.5255383350182
173,285,200,0.13793103448275862,64,9330.5,68348280,28133.0,544504464,0.012842932929139825,-887.9325221559865
173,184,1125,0.20689655172413793,64,18752.0,325668288,64384.0,3723572160,0.012615422830568894,-10003.707597205457
173,186,700,0.325,64,13740.0,188780544,48154.5,2300309928,0.010009574322875605,-2515.453992008202
173,317,125,0.07142857142857142,32,8572.0,47632128,25360.0,301323456,0.024055342129172538,-1453.2968697896652
173,319,125,0.1111111111111111,40,8396.0,42825216,25220.0,289046016,0.01809116809116809,-1014.1270799546159
173,265,350,0.18181818181818182,64,11072.5,115925784,33858.0,1046564064,0.010749981466511774,-1169.8737285915201
173,200,300,0.08823529411764706,56,10337.0,95837808,31923.0,876872304,0.013631291312018023,-1546.7038981382664
173,282,425,0.07692307692307693,64,12564.0,156661632,36036.0,1237565952,0.01545383121048976,-2469.576465625831
173,220,325,0.1875,64,10698.0,105697440,32664.0,941855040,0.010067637335782493,-971.1367968423828
173,215,250,0.09375,56,10014.0,87016032,29794.5,690211368,0.017447858083601924,-1620.1103501379646
173,297,275,0.125,64,9658.0,77292960,31174.0,811188000,0.009623877220030505,-931.1496258235841
173,275,375,0.08108108108108109,64,11854.0,137270112,34468.0,1100058624,0.010305107828362617,-1369.8946607645
174,175,20,0.125,16,3782.0,13692000,5587.5,30289896,0.12829506802721088,-148.39018636296572
174,176,50,0.07142857142857142,20,7776.5,50153796,11074.5,102191544,0.11993284493284494,-920.9905124785781
176,212,70,0.0,20,9118.5,79648272,12862.5,157966416,0.09848272642390289,-1333.1445396792249
176,239,70,0.0,20,8203.5,59538402,11680.5,121095108,0.13102824463118584,-1731.3847022638436
176,293,30,0.0,15,6184.5,15164820,8655.5,26733258,0.11576617826617824,-627.1234921783894
176,295,70,0.0,25,8992.5,76879044,12415.5,144022698,0.07281746031746032,-901.5162201510556
176,226,90,0.0,25,10022.5,99516384,14262.5,201638016,0.05965028311519539,-1101.6035601554004
176,288,50,0.0,25,7668.5,47780172,11146.5,104437512,0.09245435781150065,-805.400058905141
177,178,80,0.2,30,6879.5,47261214,13905.5,189960750,0.043365166579452295,-437.6606127568639
177,179,104,0.3125,35,7763.0,58962288,16848.5,260951796,0.029821563240680894,-399.3266865377716
177,180,64,0.0,20,7199.5,51499294,11760.0,138206999,0.10591269841269842,-959.9547292731589
177,181,56,0.07142857142857142,20,6557.0,42990024,10524.5,108404268,0.11399572649572651,-748.2892689495218
178,182,100,0.17647058823529413,42,6448.5,41109120,16128.0,259969500,0.0395326453230865,-547.7939323855418
178,179,130,0.4375,42,8020.5,63547848,18693.0,340767000,0.030416666666666668,-446.5013836044103
178,215,100,0.1111111111111111,42,6754.5,45476964,15745.5,247920750,0.039574039492340146,-614.3664831044952
178,216,40,0.0,18,4864.5,18499104,9429.0,48951000,0.1891025641025641,-1051.2505419310544
179,182,130,0.15,49,7332.0,51287040,19071.0,357123816,0.02490701155174839,-553.2284386217802
179,204,143,0.09090909090909091,42,7612.0,56273280,20298.0,410218560,0.046203180537596124,-1463.5149973257955
179,186,364,0.17142857142857143,56,11364.0,123088896,37048.5,1135046196,0.019566847966501946,-2886.4120514003907
179,217,65,0.058823529411764705,28,6464.0,35829696,13944.0,135268272,0.05218917112299465,-607.9783591893057
179,215,130,0.2777777777777778,49,7638.0,56736288,18688.5,340572276,0.02521122365893608,-454.3010304271123
179,181,91,0.1111111111111111,28,7698.0,57804768,15312.0,194464368,0.10358569353667395,-1517.737956043527
180,262,72,0.13333333333333333,24,6684.5,43488984,13109.5,169134840,0.07599017384731671,-680.1414606517188
180,196,224,0.16129032258064516,28,12326.0,131236875,31393.0,588156093,0.024519115890083636,-2548.621691241057
180,312,40,0.08333333333333333,16,6026.5,33254452,8579.5,65316300,0.052904040404040405,-192.06727964907438
180,302,48,0.2727272727272727,16,6673.5,43317890,9527.0,87031105,0.03666666666666667,-124.90950003040712
180,335,56,0.07142857142857142,12,5625.5,27017298,7955.5,51015468,0.17765567765567766,-1039.221838225946
180,309,40,0.18181818181818182,16,6086.5,34187692,8701.5,68112296,0.04757575757575758,-135.5864215333415
181,204,77,0.058823529411764705,24,6406.0,41029440,13974.0,170412480,0.1471237453314659,-1989.146204939135
181,343,49,0.16666666666666666,16,5862.0,33966144,7611.0,56031192,0.10252525252525252,-428.06337303559025
181,345,35,0.2,16,5116.0,24280080,7152.0,47780208,0.0779541446208113,-179.286871209729
181,346,21,0.1111111111111111,12,3667.0,5466264,4986.0,8844192,0.10300925925925926,-141.98434613021792
181,347,21,0.1111111111111111,12,4188.0,12230928,5640.0,20600496,0.08950617283950618,-126.13937531597318
182,183,70,0.21428571428571427,49,5121.0,25816320,13263.0,165390120,0.019533403104831672,-145.4265282629504
182,184,450,0.12244897959183673,56,14804.0,137364480,50713.0,1401689520,0.011607907838979074,-5321.923242660544
183,184,315,0.08333333333333333,56,14165.0,106886736,47470.0,850898400,0.015285864336435365,-6359.177067058617
184,204,495,0.037037037037037035,48,15084.0,150719360,51940.0,1610083200,0.03176852795580242,-18571.620506533814
184,218,405,0.10204081632653061,56,14844.0,139272320,49464.0,1189559360,0.013616255633687605,-6076.329966964026
184,240,90,0.0,16,12449.0,25040400,43304.0,143344960,0.024965218125486403,-9374.465869251804
184,243,45,0.0,8,11924.0,0,42460.0,0,0.021739130434782608,-7694.374635071023
184,185,450,0.0784313725490196,64,14993.0,146379024,50740.0,1406275200,0.01163237469611924,-5691.214210824886
184,259,405,0.038461538461538464,40,15436.0,167508352,50300.0,1331545600,0.035262094422384094,-18360.380088392707
184,186,1260,0.23728813559322035,64,18836.0,329674752,68690.5,4454988120,0.018338909211384705,-16352.629844399255
184,315,180,0.0425531914893617,32,13400.0,70399296,44849.5,405832680,0.025128848949385482,-9667.962211817969
184,316,180,0.0425531914893617,32,13365.5,68753784,45071.5,443537160,0.022021056341130343,-8552.11928110981
184,189,270,0.0625,40,14439.0,119955440,47022.5,774895000,0.014496481274485034,-5979.832005237362
184,190,405,0.08,40,15816.0,185632832,49300.0,1161705600,0.01852322354183098,-8537.86230320483
184,191,405,0.10204081632653061,40,15808.0,185251264,49496.0,1194994240,0.02255361872521236,-10155.649523271573
184,317,225,0.08695652173913043,32,13668.0,83181824,45896.0,583570240,0.011594202898550725,-4358.9730552187475
184,206,270,0.0625,40,14259.0,111370160,46787.5,734982600,0.013769091428665899,-5663.47808125217
184,318,135,0.02127659574468085,24,12846.0,43975712,44172.0,290766080,0.018307752223108376,-7007.822091512212
184,319,225,0.08695652173913043,40,13492.0,74787328,45756.0,559792640,0.015088566827697263,-5631.9259491237335
184,265,630,0.11320754716981132,64,16168.5,202445672,54394.0,2026870560,0.01439648396607006,-8047.106925589989
184,197,675,0.1320754716981132,64,15893.0,189305424,55193.0,2162572720,0.013090624276558913,-7390.447479063449
184,280,360,0.06,56,14192.0,108174528,48949.0,1102091760,0.010996511945491535,-5120.478527109051
184,320,135,0.043478260869565216,24,12890.0,46074336,44153.0,287539120,0.014331723027375202,-5235.8392968305825
184,321,315,0.061224489795918366,32,14855.0,139796976,47662.0,883507680,0.02883277318864053,-12675.430146287132
184,322,225,0.041666666666666664,24,13784.0,88714560,45850.0,575757600,0.02456377349994371,-9996.321135872475
184,323,135,0.043478260869565216,24,12813.0,42401744,43901.0,244739440,0.01956521739130435,-7054.391491809076
184,324,135,0.043478260869565216,24,12893.0,46217424,44153.0,287539120,0.014492753623188406,-5282.210980104321
184,325,90,0.021739130434782608,16,12411.5,23251800,43307.0,143854480,0.014734299516908212,-5336.656707583873
184,326,180,0.0425531914893617,32,13235.0,62529456,45065.5,442518120,0.01873413999917238,-7289.316469049658
184,207,315,0.08333333333333333,48,13955.0,96870576,47953.0,932931120,0.010658595000350319,-4503.31680733973
184,202,360,0.08163265306122448,56,14104.5,104001128,48816.0,1079503040,0.01082302185198936,-4801.93244053544
184,297,495,0.07692307692307693,64,14754.0,134979680,51710.0,1571020000,0.015254673487679348,-7966.130380655027
185,195,310,0.10810810810810811,64,10119.0,86545800,38490.0,1000555200,0.019779998992843554,-3512.427921974309
185,285,80,0.125,64,5571.5,30720690,14489.0,205642080,0.014565145502645505,-135.12625212556623
185,268,130,0.35294117647058826,64,6579.0,43088760,19662.0,376971840,0.013324664330287167,-195.29872364510268
186,203,336,0.08108108108108109,48,10652.0,103403520,36658.5,1094126616,0.025360294595533846,-4263.26057601121
186,204,308,0.11428571428571428,48,10072.0,87367680,35710.5,994660560,0.028134152175668167,-4202.591666960243
186,218,252,0.12121212121212122,56,9832.0,80732160,33234.5,734873688,0.01773860642231855,-2061.9381266023825
186,195,868,0.09259259259259259,64,13962.0,194918400,56440.5,3169693620,0.028182094444973004,-16235.14969042025
186,285,224,0.125,64,9414.5,69189120,32439.5,651460698,0.014130581746509161,-1487.083984369249
186,268,364,0.20588235294117646,64,10422.0,97044480,37612.5,1194222204,0.01517427676588771,-2060.106444113707
186,257,168,0.030303030303030304,32,9539.5,72645120,30775.5,476870490,0.07575837199416748,-8346.931566177016
186,287,280,0.05555555555555555,40,10966.5,112098816,34551.0,873003501,0.0665249777714764,-9851.81129208231
186,319,140,0.06451612903225806,40,8480.0,43352064,29526.5,345822912,0.01755081537339602,-1646.662769819046
186,197,420,0.2647058823529412,64,10881.0,109734912,38963.5,1335971826,0.011924652840074643,-1687.155685063807
186,200,336,0.1111111111111111,56,10421.0,97016832,36229.5,1049115078,0.015929826414856126,-2451.132481418431
186,326,112,0.06666666666666667,32,8223.0,36246528,28836.0,273374271,0.0247035627208041,-2160.0640894787816
186,202,224,0.2413793103448276,56,9092.5,60286464,32586.5,666884232,0.01171123621862538,-1044.8733433729878
186,220,364,0.1388888888888889,64,10782.0,106997760,36970.5,1126862280,0.013495914888013398,-2001.6168763205326
186,215,280,0.08571428571428572,56,10098.0,88086528,34101.0,825788601,0.017228121102870697,-2353.535762246763
186,297,308,0.14705882352941177,64,9742.0,78243840,35480.5,970528500,0.010592317699208563,-1409.869561393711
187,189,48,0.07692307692307693,25,6480.5,39892930,10582.5,109865000,0.04648199023199023,-247.81252941301233
187,190,72,0.0625,25,7857.5,61734904,12860.0,164707200,0.060477843915343915,-562.1471493205062
187,191,72,0.0,25,7849.5,61608008,13056.0,169426880,0.07068014705882353,-803.5156898920235
187,192,40,0.0,20,6443.5,39306036,9390.0,81149600,0.07650335775335776,-367.0204160392507
188,271,44,0.0,16,7261.5,33819930,10267.5,74368800,0.13577681577681577,-1240.4966643086839
188,316,44,0.0,16,7246.5,33471630,10531.5,82732320,0.1102190421623195,-1011.7386615613407
188,336,55,0.06666666666666667,12,6753.0,22012560,9060.0,36115200,0.15000000000000002,-1283.6103181397316
188,270,99,0.1111111111111111,16,10449.0,107833680,15240.0,231897600,0.12557189542483663,-2317.562203924674
188,337,55,0.14285714285714285,12,8115.0,53638200,10772.0,90351360,0.10210622710622712,-851.5966487620029
188,338,55,0.14285714285714285,12,7477.0,38823840,9968.0,64880640,0.09935897435897435,-788.8808085361945
188,339,44,0.0,8,6585.0,18111600,8875.5,30270240,0.13428571428571429,-1151.006470226491
188,340,55,0.0,8,6845.0,24148800,9196.0,40423680,0.1605555555555556,-1689.8511463407954
188,286,55,0.06666666666666667,16,8051.0,52152120,11214.0,104353920,0.10148148148148148,-940.6000751007263
189,316,24,0.25,20,3956.5,14501490,7174.0,47659875,0.07648809523809523,-105.72667128944292
189,190,54,0.25,25,6407.0,39153520,11402.5,124830000,0.036688311688311694,-159.06416747316106
190,206,54,0.15384615384615385,25,6227.0,36351280,11167.5,118400400,0.03955535205535206,-195.8108443135064
190,333,27,0.0,15,4556.0,10337152,7660.0,22435200,0.06382001836547292,-188.8620934679419
190,210,27,0.09090909090909091,15,4959.0,16611056,8562.0,47113920,0.05761183261183261,-160.93245095444695
190,320,27,0.2,15,4858.0,15038688,8533.0,46320480,0.05185185185185186,-123.0435464655937
190,328,27,0.09090909090909091,15,4953.0,16517648,8500.0,45417600,0.05425324675324675,-147.04737605499912
191,203,108,0.10526315789473684,30,7624.0,58104640,17464.0,293485632,0.07217813051146384,-1416.218244680976
191,317,45,0.16666666666666666,20,5628.0,27094784,10472.0,96702784,0.04707792207792208,-212.10934788922876
191,206,54,0.25,25,6219.0,36276560,11363.5,121793160,0.044642857142857144,-208.91778886262688
191,334,9,0.0,5,3884.0,0,7036.0,0,0.1,-201.61616644268508
191,323,27,0.2,15,4773.0,13811504,8477.0,40555504,0.06111111111111111,-153.90028000456795
192,321,35,0.0,16,5409.0,29052072,8572.0,70122960,0.08593073593073593,-320.9952828927797
192,328,15,0.0,12,3539.0,10516632,5030.0,22376800,0.07738095238095237,-73.28458580448411
193,294,50,0.0,20,5613.0,30044088,11147.0,95921280,0.08394734894734897,-726.9270650540865
193,295,70,0.0625,25,6909.0,47726712,12852.0,152083980,0.06616294006919006,-736.1086951878526
193,289,50,0.0,20,5805.0,32663736,11439.0,105539760,0.09075963718820862,-801.9172799953559
193,292,70,0.0,25,6723.0,45188928,13557.0,175306680,0.06528776574732457,-855.6272380321909
193,296,40,0.0,20,5088.0,22880988,10804.5,84639330,0.06148579747480846,-434.4897640175838
193,279,70,0.0,20,6714.0,45066132,13449.0,171749160,0.1196344469160213,-1595.4993273775842
194,204,220,0.03333333333333333,48,9297.0,77571680,28575.0,724082400,0.060244034326006494,-4887.045326284621
194,205,280,0.1724137931034483,64,11070.5,121107558,31354.0,936342420,0.021579959595643242,-1647.1933833702167
194,267,200,0.30434782608695654,64,9881.0,91907712,27001.5,603898470,0.015617418137026447,-627.1737233668938
194,195,620,0.4166666666666667,64,13187.0,173063400,49305.0,2307439800,0.011935005030243124,-2605.4587814892902
194,283,280,0.25925925925925924,64,11187.5,123979674,31165.5,921944790,0.013749562077867756,-869.1939505160982
194,282,340,0.32142857142857145,64,11873.0,140807328,33207.0,1077874560,0.01719229604356262,-1288.1491146031979
194,270,180,0.0,32,10781.0,114000912,26415.0,559101600,0.05979371955357175,-4131.256988262066
194,298,180,0.11538461538461539,56,9301.0,77669872,26479.0,563989920,0.03321869796869797,-1774.8398238020307
194,275,300,0.20689655172413793,64,11163.0,123378248,31639.0,958110720,0.015430747368638718,-1129.2848871898918
194,278,120,0.08333333333333333,32,8717.0,63333840,23360.0,325760700,0.026554951690821255,-1030.4478801442287
194,299,60,0.09523809523809523,24,7199.0,26069976,20755.0,126790800,0.02738095238095238,-744.4059629068825
195,219,217,0.05555555555555555,56,9372.0,65480400,35700.0,663411600,0.017335182174848477,-2766.4267559948885
195,205,434,0.0975609756097561,64,11983.5,139124700,42469.0,1481377560,0.015531546857353782,-3733.783772122682
195,267,310,0.20588235294117646,64,10794.0,105580800,38116.5,955421460,0.014211722019138957,-2093.5251428207634
195,283,434,0.2857142857142857,64,12100.5,142424100,42280.5,1458599220,0.011688008405539407,-1984.1093690986224
195,268,403,0.2571428571428571,64,10560.0,98982000,41592.0,1375400880,0.012857369380169676,-2190.3542623828857
195,225,155,0.0,24,9376.0,65593200,33770.0,430190400,0.112037037037037,-17249.38828768946
195,253,434,0.0,40,13335.5,177251100,42924.0,1536359760,0.12548739166854136,-39202.7502523843
195,282,527,0.23076923076923078,64,12786.0,161755200,44322.0,1705294080,0.015013684719453165,-3367.902277682945
195,298,279,0.14285714285714285,56,10214.0,89224800,37594.0,892282560,0.029904592373079762,-4787.461287986162
195,276,403,0.15789473684210525,64,11388.0,122331600,41172.0,1324648080,0.013628592890606618,-2699.3238461668393
195,275,465,0.21052631578947367,64,12076.0,141733200,42754.0,1515816960,0.011359739886459498,-2283.551784787811
195,300,155,0.02857142857142857,32,9238.0,61701600,33660.0,416898000,0.03806164890198503,-5484.577997373579
195,301,279,0.02564102564102564,32,11238.0,118101600,36886.0,806727840,0.11019110032267927,-22045.36866524905
195,278,186,0.05714285714285714,32,9630.0,72756000,34475.0,515382600,0.022275243430705628,-3245.6947773338266
195,299,93,0.0625,24,8112.0,29948400,31870.0,200594400,0.022681451612903226,-2626.1981116369398
196,245,364,0.07894736842105263,35,14569.5,206955000,36973.5,1161016740,0.074101198114356,-13988.817401420434
196,247,364,0.07894736842105263,35,14659.5,209992500,36541.5,1116670212,0.063166582903425,-11821.64479682498
196,262,252,0.12121212121212122,42,11233.5,94365000,33043.5,757586520,0.026393139425809883,-3292.201287872683
196,287,280,0.08571428571428572,35,12492.0,136839375,33984.0,854132607,0.08578570191274097,-12290.691302467061
196,199,196,0.12903225806451613,28,11239.5,94567500,30751.5,522303552,0.0333692651434587,-3384.1877606052417
196,312,140,0.1,28,10575.5,72157500,28513.5,292563900,0.024176245210727972,-2143.6132914370532
196,302,168,0.13333333333333333,28,11222.5,93993750,29461.0,389828565,0.02394636015325671,-2172.9567773273707
196,303,112,0.10344827586206896,28,10078.5,55383750,27876.0,227121975,0.019704433497536946,-1581.7539276529708
196,304,112,0.10344827586206896,28,9958.5,51333750,27913.5,230971500,0.01929392446633826,-1567.5174797208886
196,200,336,0.1111111111111111,49,11946.5,118428750,35662.5,1026437346,0.0261516958505754,-4098.651428695147
196,313,56,0.0,14,8900.0,15609375,26518.5,87769170,0.030862068965517242,-2631.2369515249443
196,305,112,0.03225806451612903,28,9807.0,46220625,28251.0,265617225,0.025147478912334608,-2400.582436890642
196,306,168,0.13333333333333333,28,11165.0,92053125,29406.0,384182595,0.016609195402298847,-1495.0086006157794
196,314,140,0.1,28,10515.5,70132500,28573.5,298723140,0.032918035030104,-2913.0471374422336
196,307,168,0.1724137931034483,28,11135.0,91040625,29303.5,373660560,0.016420361247947452,-1359.2607051083714
196,308,112,0.10344827586206896,28,10059.0,54725625,27847.5,224196336,0.01847290640394089,-1483.8623849917233
196,309,140,0.13793103448275862,28,10635.5,74182500,28635.5,305087688,0.01795977011494253,-1465.2621900715833
196,310,168,0.1724137931034483,28,11165.0,92053125,29346.0,378023355,0.017344006568144502,-1437.2628125188144
196,311,140,0.1,28,10465.5,68445000,28611.5,302623992,0.02458857872650976,-2179.4411474681315
196,217,140,0.06451612903225806,28,10449.5,67905000,28789.5,320896404,0.022528239383078092,-2161.6072758770356
196,297,308,0.05405405405405406,56,11267.5,95512500,34913.5,949549500,0.027304607819313705,-4351.6677492181525
197,218,135,0.14285714285714285,56,6889.0,46357920,19737.0,356727728,0.01994842381397003,-459.5504167653453
197,283,210,0.07407407407407407,64,9019.5,80181738,24803.5,614774706,0.01347728774791387,-611.6031948233339
197,262,135,0.043478260869565216,48,6765.0,44389296,20113.0,375878160,0.029868348678799735,-895.5184676291906
197,265,210,0.20833333333333334,64,8213.5,67385682,24667.0,607822488,0.011162102417106306,-424.9902238633461
197,198,135,0.2,56,6913.0,46738944,19813.0,360598560,0.016973081742818585,-349.17485355910776
197,202,120,0.35294117647058826,56,6149.5,34617618,19089.0,323723792,0.01757703081232493,-260.1631643639243
197,220,195,0.2727272727272727,64,7839.0,61440120,23473.0,547009680,0.010310120375055439,-302.07964733500233
197,297,165,0.18181818181818182,64,6799.0,44929080,21983.0,471121000,0.010883062744534605,-319.3537073295594
197,275,225,0.1111111111111111,64,8995.0,79792776,25277.0,638891008,0.010709445392838185,-493.9541698284446
198,283,126,0.09523809523809523,56,7994.5,59474688,19150.5,341836560,0.014240585122938064,-292.9185192672108
198,265,126,0.15,56,7188.5,49983232,19014.0,337970880,0.017352919931581254,-344.5595424028541
198,274,90,0.11764705882352941,49,5950.0,35398656,15072.0,226333440,0.01951927276286859,-219.6875461465508
198,282,153,0.13043478260869565,56,8680.0,67547136,21192.0,399651840,0.01402128913608802,-413.51889537245273
199,203,84,0.0,24,6542.0,41917920,15516.0,212230656,0.06950577145060062,-1222.9923684006035
199,262,63,0.06666666666666667,24,5598.0,31337568,12468.0,150197760,0.0444812925170068,-388.49596045638583
199,318,21,0.0,12,3724.0,10333776,6800.0,34842624,0.09222222222222223,-199.04006891642925
199,312,35,0.09090909090909091,16,4940.0,23962704,7938.0,58003200,0.06523809523809523,-181.8971088470476
199,314,35,0.09090909090909091,16,4880.0,23290224,7998.0,59224320,0.07035173160173161,-198.2328833771407
200,304,48,0.14285714285714285,28,5030.0,21348756,12249.0,89991000,0.056187722533876376,-384.96314145463475
200,280,96,0.1111111111111111,49,5777.0,31833648,16488.0,259534044,0.023399386987910633,-372.1418070091211
200,274,120,0.1,49,6515.0,42192216,17991.0,319648032,0.02215549629311688,-453.5658280470176
200,207,84,0.05555555555555555,42,5540.0,28507116,15492.0,219698028,0.024377528789293494,-364.66378719250906
201,266,182,0.22727272727272727,64,8455.0,71392776,22995.5,527539740,0.022587797207857998,-695.6077214101045
201,205,196,0.16666666666666666,64,9314.5,86454654,24316.5,591251570,0.0181523596525195,-694.8519812785977
201,267,140,0.09090909090909091,64,8125.0,65609856,19964.0,381330495,0.016108362536933964,-399.71808350104936
201,262,126,0.09523809523809523,48,7177.0,48997104,19437.5,355937400,0.03788866226366227,-936.0667262949923
201,265,196,0.12,64,8625.5,74380618,23991.5,575576820,0.0157262506012506,-639.7053175482699
201,274,140,0.14285714285714285,56,7387.0,52677144,20049.5,385454160,0.014970366934652648,-360.2770008782557
201,297,154,0.08695652173913043,64,7211.0,49592920,21307.5,446127500,0.017041544314271583,-535.571429636573
201,284,56,0.058823529411764705,16,5837.5,25523706,14318.0,109023915,0.09926470588235294,-1135.0525502053315
202,220,104,0.16666666666666666,56,6050.5,33754140,17096.0,273053760,0.016102470514235218,-228.84597239161332
202,215,80,0.058823529411764705,49,5366.5,27788292,14226.5,200099592,0.023389131293543055,-276.0835868925688
203,204,132,0.21052631578947367,36,6900.0,47273600,19908.0,395429760,0.032272518142083366,-804.2778644439359
203,205,168,0.04,48,8673.5,73805160,22687.0,511347408,0.0392875271157005,-1648.2070524074597
203,206,72,0.125,30,6075.0,34931600,14755.5,180508680,0.045322420634920625,-530.9572331581918
203,207,84,0.11764705882352941,36,5771.0,30383760,15921.0,229124016,0.031191327055297636,-456.0750879331995
203,208,48,0.14285714285714285,18,5040.5,19455480,13101.0,111496176,0.05622710622710622,-452.9657340247738
203,209,168,0.04,18,11104.5,110172920,20217.0,408318768,0.18787698412698417,-8813.307060540497
204,210,33,0.0,18,4227.0,13486880,11202.0,65298240,0.06063797313797314,-461.32082549583066
204,211,44,0.15384615384615385,18,4480.0,16684800,12174.0,102156480,0.06217948717948719,-423.164946219652
204,209,154,0.041666666666666664,18,10524.5,93087280,19269.0,371198880,0.18126725327812285,-7776.99210862851
205,218,126,0.09523809523809523,56,7853.5,57623280,19263.0,343448144,0.02332127295362589,-532.5191375405678
205,271,56,0.0,32,6390.0,28742571,14606.5,115112010,0.06368261368261369,-855.3187076107229
205,266,182,0.17391304347826086,64,9007.5,80396316,23197.0,536355768,0.023448274387009558,-789.6890401837018
205,282,238,0.14814814814814814,64,10669.5,113194224,26371.0,691996032,0.02071078935586601,-1065.219009318416
206,305,24,0.1111111111111111,20,3704.5,12791130,6915.0,44789625,0.06549873737373738,-108.13498632551838
207,265,98,0.16666666666666666,48,6275.5,34482318,17427.0,262213848,0.02442686670627847,-375.30568778787114
208,263,12,0.16666666666666666,9,2304.5,5222808,3826.0,12327876,0.07777777777777777,-27.829939663804065
209,355,42,0.0625,9,7692.5,9662224,10194.0,15858180,0.09722222222222224,-1133.860697750646
209,363,70,0.05555555555555555,9,8110.5,21975668,10749.0,37589760,0.15849673202614378,-2616.6353820824884
209,369,42,0.0,6,7688.5,9544392,10179.0,15270840,0.1213235294117647,-1583.8709986186882
209,371,42,0.0625,6,7712.5,10251384,10212.0,16562988,0.07708333333333334,-895.7825248105764
209,376,42,0.0,6,7686.5,9485476,10177.0,15192528,0.1213235294117647,-1583.8709986186882
209,378,42,0.0625,6,7712.5,10251384,10213.0,16602144,0.07708333333333334,-901.1046431509343
209,356,42,0.13333333333333333,9,7698.5,9838972,10193.0,15819024,0.05714285714285714,-582.7903083195889
209,348,56,0.058823529411764705,9,7958.5,17498052,10525.5,28838394,0.1216299019607843,-1697.5858695841969
209,364,42,0.0625,6,7701.5,9927346,10204.0,16249740,0.10833333333333334,-1275.5906920604234
209,339,56,0.058823529411764705,6,8144.5,22977240,10744.5,37413558,0.08051470588235295,-1146.213095070946
209,340,70,0.05555555555555555,6,8404.5,30636320,11065.0,49963056,0.11187363834422659,-1886.5274767864444
211,263,12,0.16666666666666666,9,2324.0,5301120,3847.0,12424728,0.07777777777777777,-27.71910639911102
212,213,49,0.07692307692307693,16,6489.0,41531040,8775.0,75170016,0.14068732193732195,-838.4161781368335
212,214,63,0.06666666666666667,20,7352.0,54041088,12508.0,150785664,0.11380952380952382,-1024.8940968429883
213,252,35,0.0,12,3539.0,7724040,4619.0,13478352,0.11363636363636365,-422.5579993534589
213,253,98,0.05,20,9150.5,72031830,16425.0,188726616,0.0999185463659148,-2535.7932017478574
213,226,63,0.06666666666666667,20,7393.0,51890880,10175.0,95951616,0.12141156462585036,-1060.3524127088292
213,329,42,0.0,12,3802.5,10743750,4931.0,18109680,0.12841880341880343,-593.7126914740874
213,330,35,0.09090909090909091,12,4695.0,20971800,5919.0,32775552,0.10984848484848483,-342.0837016096455
214,245,117,0.1,25,9860.0,91440384,18754.0,336766560,0.0515060936655364,-1299.5566980216154
214,292,63,0.0,25,7040.0,49388544,12766.0,158467872,0.04760629562712895,-474.7537650771544
214,296,36,0.08333333333333333,20,5405.0,25007424,10013.5,76509432,0.048451642201642206,-207.43559933051318
214,281,63,0.14285714285714285,25,6803.0,45854400,12898.0,162398304,0.0491487678987679,-377.71328997624556
215,217,50,0.15384615384615385,28,5198.0,25640928,10996.5,98412732,0.051317663817663825,-276.63955077259703
215,298,90,0.05555555555555555,49,6350.0,40322016,15254.5,232463088,0.049668315669347665,-714.4059146811982
215,276,130,0.045454545454545456,56,7524.0,55283472,18832.5,345105684,0.027428841695758988,-664.908314677021
216,335,28,0.2222222222222222,9,3033.0,9004608,3780.0,13836816,0.08263888888888889,-139.83584470033324
216,342,16,0.14285714285714285,9,1704.0,2115072,2050.5,3086244,0.1388888888888889,-66.40715144788417
216,344,16,0.14285714285714285,9,1761.0,2410560,2119.5,3515148,0.11706349206349205,-59.23550379072868
217,311,25,0.25,16,4040.0,16321344,6074.0,36861792,0.07142857142857142,-79.41381325674433
218,219,63,0.0,49,5242.0,27120960,12494.0,153807840,0.021921296296296296,-186.09294585230452
220,265,182,0.17391304347826086,64,8114.5,65704860,22674.0,512684640,0.010800369218911922,-335.01981125242526
220,280,104,0.05,56,6138.0,35108640,17229.0,278767440,0.018034290271132375,-324.27630685414783
220,282,221,0.2,64,9606.0,88793280,24852.0,606251520,0.019613842880147222,-776.0915501530292
220,297,143,0.2,64,6700.0,43808400,19990.0,397380000,0.014208310745515824,-299.4406489132577
220,276,169,0.13043478260869565,64,8208.0,67152240,21702.0,470927520,0.011885106549138168,-339.76512540923943
220,275,195,0.21739130434782608,64,8896.0,77802480,23284.0,538890240,0.015626264854033022,-456.1440390699788
221,222,4,0.0,4,505.0,225096,575.0,299296,0.2916666666666667,-15.984321406087629
221,223,18,0.0,6,4538.0,2903008,5927.0,4559488,0.1590909090909091,-524.993468729777
222,241,6,0.0,4,1437.0,1488888,2175.0,2705696,0.275,-52.17060129709603
223,255,36,0.0,9,5221.0,14847312,6802.0,24607488,0.16720085470085472,-958.1506910229468
223,253,126,0.0,15,10657.5,109920824,18442.0,291303168,0.14952239789196312,-5732.039515066181
223,331,45,0.0,9,4996.0,10912512,6544.0,18696192,0.1252747252747253,-811.2994053896251
223,235,72,0.0,9,5551.5,20627096,7292.5,35845824,0.11721813725490197,-1466.1017978796049
223,236,63,0.0,9,5560.0,20775744,7267.0,35261568,0.13,-1348.7116010744355
224,244,6,0.0,4,1317.5,1408050,1575.5,2002644,0.15,-27.097886641259283
225,227,5,0.0,3,2326.0,0,3560.0,0,0.16666666666666666,-72.38653561084269
225,237,20,0.0,9,3677.5,12574356,5097.5,21894000,0.23310185185185184,-350.0250544625228
226,258,81,0.0,25,8188.0,66289920,14092.0,197229568,0.07416465161563202,-1124.5178774801461
226,248,72,0.13333333333333333,25,8644.0,74548992,12239.0,149318400,0.06188603724318009,-597.8711640908605
226,246,90,0.11764705882352941,25,9694.0,93566592,13979.0,194307840,0.06923011628893982,-1011.8258801953632
228,229,6,0.0,4,542.5,94050,637.5,131306,0.3,-43.30319305929258
228,230,8,0.0,4,266.5,41610,319.0,59325,0.26666666666666666,-63.0282735691229
229,239,21,0.0,8,3204.0,5363820,4463.0,9021768,0.18925925925925924,-404.84276126486003
230,254,8,0.0,4,329.5,96798,391.0,134925,0.24444444444444446,-59.54443918835317
230,255,16,0.0,6,1068.0,743724,1336.5,1127700,0.26785714285714285,-215.9678407095922
230,256,4,0.0,2,219.0,0,262.5,0,0.2,-27.119687629889007
231,232,5,0.0,4,2116.0,0,2814.0,0,0.16666666666666666,-66.50992552704449
232,245,65,0.058823529411764705,20,8248.0,51901248,14124.0,127305360,0.11394870448179273,-1682.4926115648195
232,246,50,0.0,20,7282.0,43725024,10329.0,84588840,0.13417233560090702,-1155.9833479855638
233,234,18,0.0,12,3376.0,5227120,4567.5,8769050,0.23379629629629628,-362.72617529218365
233,235,24,0.0,9,1625.5,2104228,2109.5,3410610,0.12439393939393938,-327.12107832797176
233,236,21,0.0,9,1634.0,2119392,2084.0,3355020,0.12259259259259259,-237.63953048289068
234,247,78,0.05555555555555555,20,9152.0,72921840,14900.5,175027020,0.11445559705363627,-1996.4924939740333
235,349,32,0.09090909090909091,9,1292.0,530775,1737.0,1079505,0.07939393939393939,-190.31281121622126
235,350,32,0.09090909090909091,9,1292.0,530775,1737.0,1079505,0.07939393939393939,-190.31281121622126
235,354,32,0.0,9,1332.5,721854,1801.5,1483146,0.1303030303030303,-424.3604913435
235,357,32,0.0,6,1320.5,665238,1788.0,1398663,0.1529040404040404,-475.7758275669319
235,362,32,0.09090909090909091,9,1358.0,842163,1863.0,1868013,0.09409090909090909,-266.53660164554583
235,363,40,0.08333333333333333,9,1925.5,3519628,2524.5,6007680,0.11262626262626263,-433.6084000671952
236,290,28,0.0,9,2823.0,7769520,3598.5,12678282,0.11666666666666667,-324.78500074816003
236,357,28,0.0,6,1329.0,670032,1762.5,1375866,0.1321212121212121,-311.4610970435129
236,361,35,0.09090909090909091,9,1588.0,1900800,2091.0,3398112,0.09878787878787879,-255.53058333871112
236,362,28,0.1,9,1366.5,848232,1837.5,1837566,0.0911111111111111,-192.0383416960481
236,365,28,0.0,6,1353.0,784080,1780.5,1486674,0.17196969696969697,-400.860734614254
237,238,20,0.0,12,3661.5,12487860,4569.5,18646800,0.21226851851851852,-314.68864036342814
238,245,65,0.058823529411764705,20,8442.0,56659680,14342.0,137167680,0.09277982026143791,-1398.542173657632
238,248,40,0.0,20,6426.0,38031840,8807.0,70039200,0.14322344322344324,-753.9153757246389
239,247,91,0.05263157894736842,20,8931.0,67421592,14760.0,168913584,0.09273657628920788,-1914.2790415000939
239,246,70,0.0,20,7875.0,55978776,11397.0,116692920,0.12182990620490622,-1600.540894415609
239,249,21,0.0,12,3659.0,10294200,5003.0,17406888,0.15074074074074073,-333.0925924740598
245,247,169,0.18181818181818182,25,12354.0,152613216,22188.0,492120720,0.06935597471311757,-2693.76525447805
245,253,182,0.0,25,12417.5,154170744,24024.0,575181360,0.12637758332202775,-7991.207401341243
245,287,130,0.09523809523809523,25,10186.5,99448776,19630.5,376419420,0.04596299630963496,-1402.449021090204
245,288,65,0.0,25,8306.0,53323872,14658.0,151463520,0.06519001738148222,-1086.1814588891307
245,281,91,0.05263157894736842,25,9207.0,75423600,16764.0,246738960,0.05958521660276046,-1237.2442769047575
246,294,50,0.07142857142857142,20,7368.0,45502128,10427.0,87534720,0.10082417582417583,-740.0549839163552
246,248,80,0.2,25,9282.0,85053024,13290.0,173596500,0.08571428571428572,-924.0025621968655
246,287,100,0.05263157894736842,25,9220.5,83782188,15835.5,250114230,0.07231504687645038,-1451.8872721198184
247,257,78,0.05555555555555555,20,8849.5,65393220,15423.0,197762040,0.08082399626517274,-1419.2307783439667
247,287,130,0.15,25,10276.5,100908396,19198.5,362041596,0.04562367929627991,-1237.6120730433922
248,255,32,0.0,15,4965.0,13977936,6849.0,24809400,0.19128787878787878,-745.1734224011478
248,295,56,0.07142857142857142,25,7614.0,57591072,10392.0,106652700,0.08736501593644451,-589.2526242351086
248,287,80,0.058823529411764705,25,8170.5,66753288,14095.5,192203550,0.07000758636788049,-966.5280384129408
250,251,12,0.16666666666666666,9,2593.5,6067710,3111.5,8642052,0.18333333333333332,-74.28094671108418
250,252,15,0.0,9,1565.0,2402136,1954.0,3799072,0.14285714285714285,-118.05164606455902
250,253,42,0.0625,15,7176.5,22401522,13760.0,53195376,0.06840277777777778,-883.076354742855
251,254,8,0.0,6,1813.0,752505,2194.0,1061667,0.23333333333333334,-72.65409313390252
251,253,56,0.058823529411764705,15,7988.0,42804255,14779.5,105043068,0.09485294117647058,-1461.2461503584184
252,255,20,0.0,9,1523.0,2288904,1982.0,3900768,0.16087962962962962,-221.02688552070111
253,260,154,0.08695652173913043,25,11170.5,122818670,22084.0,476520720,0.06831811907898862,-2777.014773979293
253,290,56,0.0,15,7920.5,41107170,14773.5,104737932,0.08694366635543108,-1547.2181982022187
253,330,70,0.05555555555555555,15,8115.5,46009860,14922.0,112290048,0.12935729847494554,-2275.605939046743
253,332,14,0.0,5,6285.5,0,12714.0,0,0.06666666666666667,-702.331044746793
257,287,60,0.14285714285714285,20,6682.0,42612795,12865.5,151266690,0.10041208791208793,-832.537786346704
258,260,99,0.1111111111111111,25,8545.0,71516400,16998.0,285897440,0.05241051976346094,-930.9233030814036
258,289,45,0.0,20,6054.0,35048160,10832.0,97760448,0.07918595446067972,-547.6406833436461
258,288,45,0.0,25,5834.0,31827360,10976.0,102154176,0.07562923187923187,-522.1563313225308
259,260,99,0.1111111111111111,25,8397.0,68624480,17210.0,293843200,0.04581892689735828,-840.5543214069169
260,261,44,0.0,20,6496.0,31478940,12130.0,103444800,0.0446511544011544,-384.1531639196022
262,274,90,0.11764705882352941,42,5802.0,33619104,15372.0,235923840,0.040931788440228975,-520.1119441910337
264,266,130,0.35294117647058826,48,7444.5,54925668,19357.5,368369964,0.02920423377684407,-487.75496627377964
264,279,70,0.0,24,6673.5,44531046,13633.5,175597092,0.1299413719450484,-1638.1032075986357
264,277,40,0.16666666666666666,24,4860.0,20081439,10432.5,67793814,0.07112147112147113,-335.8901867071268
264,278,60,0.14285714285714285,24,5950.5,34783560,12684.5,143636670,0.05279541886684744,-380.1966424870362
265,267,140,0.09090909090909091,64,7988.5,63565632,19840.5,377424684,0.016544097876304672,-398.5534051774564
265,319,70,0.11764705882352941,40,5812.5,26621504,15230.0,157337856,0.03077084094507368,-364.45246875726286
265,282,238,0.19230769230769232,64,9980.5,97385808,26046.0,673650432,0.014918845373008,-702.1426677052414
266,276,169,0.13043478260869565,64,8412.0,70692048,21900.0,479609424,0.019241623587745983,-590.6792373353022
266,277,52,0.13333333333333333,32,5563.5,24272892,12951.0,88072776,0.04972382115239257,-406.356559665204
266,278,78,0.11764705882352941,32,6654.0,42043680,15203.0,186602280,0.02707280464633406,-319.9551727095759
267,283,140,0.3333333333333333,64,8794.5,75636288,19977.0,381741633,0.012603611048506248,-192.98327706494794
267,282,170,0.35,64,9480.0,85902336,22018.5,446306112,0.012164678938726126,-274.249121802959
267,275,150,0.25,64,8770.0,75269376,20450.5,396716544,0.013995005243605467,-265.87495952177983
268,283,182,0.08,64,8560.5,70909020,23452.5,549545724,0.01343091706932595,-486.31498492211483
268,285,104,0.3125,64,6012.5,35135100,17591.0,282683352,0.01580357142857143,-179.2089505468764
268,275,195,0.21739130434782608,64,8536.0,70565040,23926.0,571103232,0.009690748829175935,-303.7230776577304
269,270,36,0.0,16,6357.0,31820688,9910.5,75849840,0.09189111542052719,-519.2970129020297
270,337,45,0.07692307692307693,12,6954.0,42910560,10172.0,83506560,0.1310897435897436,-784.9438489138397
270,286,45,0.16666666666666666,16,6890.0,41721696,10614.0,96448320,0.0659090909090909,-336.4949847267455
270,300,45,0.07692307692307693,16,6832.0,40644288,10770.0,101016000,0.10442890442890444,-607.8247735591274
274,282,170,0.125,56,8742.0,68969664,22104.0,451132416,0.019358650054113812,-650.8232782864837
274,275,150,0.13636363636363635,56,8032.0,60432624,20536.0,401006592,0.012822058531045939,-314.14356719466116
275,283,210,0.38095238095238093,64,10076.5,101535252,24614.5,605649408,0.011538867813377615,-296.91868496578445
275,285,120,0.09523809523809523,64,7528.5,50310260,18753.0,311542784,0.013127362055933482,-255.84233523026688
275,282,255,0.391304347826087,64,10762.0,115316544,26656.0,708083712,0.011983178899704992,-427.2984095253322
275,276,195,0.16666666666666666,64,9364.0,87211152,23506.0,550029312,0.011386629004382625,-374.6456498193881
276,283,182,0.22727272727272727,64,9388.5,87636276,23032.5,529267284,0.011031410869073206,-302.8668933970217
276,282,221,0.30434782608695654,64,10074.0,99531072,25074.0,618782976,0.010695570898140067,-373.19934181896383
276,297,143,0.09090909090909091,64,7168.0,49106160,20212.0,405594000,0.01529723211168203,-398.4500260419536
276,298,117,0.2222222222222222,56,7502.0,54901728,18346.0,323773632,0.03906590413943355,-615.3822233181979
277,301,36,0.0,16,5677.5,24952104,8689.0,53755152,0.155242673992674,-774.1830228846717
277,278,24,0.25,16,4069.5,15371640,6278.0,34341780,0.07142857142857142,-77.52138977541806
278,299,18,0.2857142857142857,12,3642.0,10959840,5925.0,28319600,0.09523809523809523,-68.65538896164674
279,315,28,0.0,16,4779.0,19500912,7603.5,49835412,0.1351731601731602,-418.2837811582066
279,312,35,0.0,16,5441.0,28247256,8064.0,59439600,0.0922017797017797,-341.61627567153863
279,306,42,0.08333333333333333,16,6030.5,36035730,8956.5,78053580,0.0956108706108706,-363.36325172963495
280,319,40,0.08333333333333333,35,3836.0,14224896,9785.0,85550976,0.03421717171717172,-141.1300013915757
281,295,49,0.0,25,6573.0,43025400,10071.0,100724472,0.06422704279847137,-395.7439944936656
282,283,238,0.4090909090909091,64,10786.5,115878672,26182.5,681355584,0.011293516488321682,-366.13318391132987
282,345,85,0.047619047619047616,32,7606.0,42905280,16770.0,150038784,0.07159188034188034,-1371.4288039385394
282,298,153,0.23809523809523808,56,8900.0,72594816,21496.0,416812032,0.022173606816463957,-584.5822665233125
283,298,126,0.21052631578947367,56,8214.5,63919128,19454.5,356514288,0.03123995887153782,-564.5926549795657
284,419,8,0.0,4,1703.0,1436109,2530.5,2441340,0.26666666666666666,-88.30591110256088
284,420,8,0.0,2,1702.5,1433196,2530.0,2436819,0.26666666666666666,-88.30591110256088
286,300,25,0.25,16,4434.0,19656992,6744.0,45457200,0.060254329004329,-77.95604893781498
286,301,45,0.07692307692307693,16,6434.0,37624992,9970.0,87962976,0.12037823287823289,-678.7008185077171
287,291,40,0.0,20,5875.5,29532978,10638.0,77131035,0.09000523286237572,-632.8368907400012
287,292,70,0.0,25,7366.5,53714016,13642.5,177126804,0.07206757703081232,-915.3564850418485
288,292,35,0.0,25,5486.0,28801152,8670.0,71272224,0.07554272592151379,-298.30040047160463
289,293,15,0.0,12,3084.0,6607440,4061.0,10983312,0.14345238095238094,-140.415703654712
290,329,24,0.0,9,2572.5,6131250,3279.5,10050360,0.11055555555555555,-215.85943815987318
298,345,45,0.16666666666666666,28,5034.0,23666720,10042.0,78506688,0.06472416472416473,-275.37483759172676
298,347,27,0.09090909090909091,21,4106.0,11921952,8530.0,33848256,0.07766899766899767,-222.82299796755748
300,343,35,0.09090909090909091,16,4804.0,22895232,6567.0,43014600,0.13706293706293707,-384.8787835595181
300,301,45,0.2727272727272727,16,6376.0,36653376,10126.0,92128800,0.0803030303030303,-331.5816059286632
301,343,63,0.06666666666666667,16,6804.0,43823232,9793.0,83236368,0.19401709401709402,-1630.1811990883969
301,444,36,0.08333333333333333,12,5013.0,13820400,7621.0,25235280,0.1553030303030303,-645.9521493284805
301,445,36,0.08333333333333333,12,5013.0,13820400,7621.0,25235280,0.1553030303030303,-645.9521493284805
301,446,36,0.08333333333333333,12,5013.0,13820400,7621.0,25235280,0.1553030303030303,-645.9521493284805
301,447,36,0.08333333333333333,12,5013.0,13820400,7621.0,25235280,0.1553030303030303,-645.9521493284805
302,303,24,0.25,16,4426.0,18280740,6010.0,33607875,0.05714285714285713,-57.008573684205125
302,335,42,0.08333333333333333,12,4522.0,19350180,6023.5,33812940,0.1786616161616162,-592.5367082093303
302,310,36,0.2,16,5512.5,30384350,7480.0,55937175,0.043333333333333335,-79.39962497864872
303,304,16,0.3333333333333333,16,3162.0,9983844,4462.5,19912500,0.05555555555555555,-23.836956071403346
306,314,30,0.2222222222222222,16,4805.5,22670980,6652.5,43562700,0.06828703703703703,-95.40932776375554
306,307,36,0.3333333333333333,16,5425.0,29429725,7382.5,54490800,0.032407407407407406,-45.72010860296971
306,310,36,0.2,16,5455.0,29757025,7425.0,55127025,0.03703703703703704,-63.666811631026846
307,312,30,0.1,16,4835.5,23069020,6490.0,41496000,0.03796296296296296,-61.625309471338156
307,314,30,0.2222222222222222,16,4775.5,22421620,6550.0,42369600,0.05787037037037038,-75.24671439114566
307,308,24,0.25,16,4319.0,17495985,5824.0,31799040,0.047619047619047616,-39.6408992931246
308,309,20,0.2857142857142857,16,3819.5,14256228,5156.0,25963392,0.047619047619047616,-28.300988837970646
309,310,30,0.2222222222222222,16,4925.5,23980180,6654.5,43777560,0.03472222222222222,-41.77024061873431
310,311,30,0.2222222222222222,16,4755.5,22125480,6630.5,43424040,0.05671296296296296,-73.08692359405194
311,326,20,0.0,16,3339.0,10634832,5553.5,30724056,0.10159747659747659,-141.08246307588587
314,322,25,0.0,12,3938.0,15460320,6300.0,39459600,0.16316137566137567,-284.2664845479132
315,321,28,0.1,16,4407.0,17304624,7591.5,49720716,0.11333333333333333,-276.0086590772009
317,321,35,0.2,16,4675.0,20446656,8638.0,71496288,0.06829805996472663,-185.07421096605796
321,333,21,0.0,12,3595.0,7784736,6022.0,17062560,0.07962962962962962,-159.99348681259647
321,338,35,0.0,12,4603.0,19602528,7250.0,42614784,0.2022727272727273,-693.3423893404773
322,333,15,0.0,9,2524.0,4940160,4210.0,11119200,0.08928571428571429,-80.57704327603261
322,324,15,0.3333333333333333,9,2829.0,7209360,5083.0,22957080,0.1,-58.53118920120334
329,360,24,0.1111111111111111,9,1192.5,956250,1560.5,1661640,0.10347222222222222,-133.29973912227206
329,361,30,0.1,9,1337.5,1500000,1772.0,2693760,0.06333333333333332,-117.89366408559637
329,365,24,0.0,6,1102.5,618750,1461.5,1178520,0.17222222222222225,-270.7358569788974
330,360,20,0.125,9,2085.0,1866600,2548.5,3007296,0.11160714285714286,-99.4177569748637
330,361,25,0.1111111111111111,9,2230.0,2928000,2760.0,4875264,0.08912037037037036,-116.20087526552062
331,349,20,0.125,9,736.5,280800,988.5,563040,0.06964285714285715,-48.09954700961484
331,350,20,0.125,9,736.5,280800,988.5,563040,0.06964285714285715,-48.09954700961484
331,354,20,0.0,9,777.0,381888,1053.0,773568,0.11620370370370371,-125.85777554583771
331,363,25,0.0,9,1370.0,1862016,1776.0,3133440,0.10592592592592592,-180.98529369726407
335,336,35,0.09090909090909091,9,2685.0,6586704,3366.0,10150560,0.1628787878787879,-409.17041145859685
335,343,49,0.07692307692307693,12,4353.0,18175968,5343.0,27753768,0.16794871794871796,-788.6541499343227
335,342,28,0.2222222222222222,9,2145.0,2834784,2722.5,4420836,0.0949074074074074,-141.9962366759484
335,344,28,0.2222222222222222,9,2202.0,3230820,2791.5,5035212,0.09259259259259259,-141.00815116100893
336,338,25,0.25,9,2620.0,6340224,3188.0,9338880,0.11309523809523811,-117.23265545277405
336,341,15,0.3333333333333333,9,1131.0,693936,1363.0,1016880,0.06666666666666667,-24.60957905291006
336,342,20,0.2857142857142857,9,1356.0,1547136,1636.5,2264040,0.09126984126984126,-52.762256025623444
337,338,25,0.1111111111111111,9,3982.0,15449280,4900.0,23363584,0.15046296296296294,-232.4580584851913
337,348,20,0.0,9,2904.0,5488560,3588.5,8401992,0.2238425925925926,-298.8347829284386
338,341,15,0.14285714285714285,9,1855.0,1223904,2271.0,1826816,0.11507936507936507,-59.4752722685172
339,371,12,0.16666666666666666,4,1128.0,1085760,1378.5,1616706,0.2,-73.72810995610345
339,410,12,0.0,4,866.0,268320,1078.5,470106,0.15079365079365079,-77.0691414163147
340,378,15,0.14285714285714285,4,1388.0,1447680,1700.0,2164096,0.19047619047619047,-125.305406871491
340,410,15,0.0,4,1126.0,357760,1399.0,627792,0.15476190476190474,-131.77091451538593
340,424,10,0.0,2,1085.0,187200,1337.5,313896,0.23809523809523808,-128.0994364798967
341,342,12,0.16666666666666666,9,591.0,298656,719.5,442878,0.1111111111111111,-24.326064925856898
343,345,35,0.09090909090909091,16,4486.0,19567680,5775.0,33139944,0.13030303030303028,-340.6999735368408
343,344,28,0.2222222222222222,12,3081.0,4865760,3682.5,7050654,0.09305555555555554,-140.6541906785099
343,346,21,0.25,12,3037.0,4405344,3609.0,6134256,0.07142857142857142,-80.09181957621949
344,346,12,0.16666666666666666,9,886.0,783060,1057.5,1112904,0.10666666666666667,-28.102023636686564
345,347,15,0.3333333333333333,12,2812.0,7046160,3804.0,12184272,0.06666666666666667,-28.3356500820656
348,356,12,0.16666666666666666,9,928.0,793584,1140.5,1190184,0.15,-53.73829819919848
348,379,8,0.0,3,631.5,89100,786.0,145827,0.26666666666666666,-73.3540425762124
349,350,16,0.6,9,225.0,50625,345.0,119025,0.05,-9.654813318729607
349,351,12,0.16666666666666666,6,135.5,10350,214.5,28980,0.12222222222222222,-23.34878956781049
350,351,12,0.16666666666666666,6,135.5,10350,214.5,28980,0.12222222222222222,-23.34878956781049
351,352,6,0.0,4,29.5,598,54.5,2100,0.2333333333333333,-17.554678297642276
352,353,4,0.0,4,27.0,533,42.5,1500,0.26666666666666666,-11.000208082665697
353,354,8,0.0,6,173.5,12546,267.0,28440,0.22222222222222224,-55.53026885620624
354,355,12,0.0,9,481.0,200736,642.0,383940,0.21428571428571427,-100.03302151401847
355,356,9,0.2,9,662.0,438208,809.0,654480,0.15,-28.008274731845233
357,358,8,0.2,4,163.5,12690,256.5,29502,0.15,-23.635579861062272
357,359,12,0.16666666666666666,4,196.0,31020,311.5,78672,0.15,-43.63958278696617
358,359,6,0.25,4,77.5,4950,121.0,11616,0.16666666666666666,-9.654626473937435
359,360,12,0.0,6,310.0,56100,428.5,119856,0.22023809523809523,-69.41530356599219
360,361,20,0.2857142857142857,9,655.0,408000,892.5,751824,0.10317460317460317,-62.338721943731514
361,362,20,0.125,9,578.5,285600,850.5,659088,0.1845238095238095,-147.18694544767536
362,363,20,0.125,9,924.5,532644,1258.5,1146240,0.1875,-185.75987775384374
363,364,15,0.14285714285714285,6,1083.0,1005608,1375.0,1593600,0.19047619047619047,-129.89368849497646
364,394,6,0.0,2,367.0,40440,455.5,67230,0.3,-40.34299464492725
365,366,8,0.2,4,184.0,12540,269.0,26565,0.15,-24.497370124219813
365,367,12,0.16666666666666666,4,215.0,33000,309.5,65688,0.2,-55.586413980448285
366,367,6,0.25,4,69.0,3800,95.5,7480,0.16666666666666666,-9.36426245424844
367,368,6,0.0,4,80.0,6000,109.0,11152,0.3,-25.65999671409633
368,369,6,0.0,4,354.0,38880,431.0,63960,0.3,-39.24617999513942
369,370,6,0.0,4,353.0,37584,429.5,61620,0.175,-22.354077617769256
370,371,6,0.0,4,377.0,40368,462.5,66834,0.15,-17.886879509423103
372,373,4,0.3333333333333333,4,2.0,4,6.0,36,0.16666666666666666,-1.3862943611198906
372,374,6,0.25,4,15.0,56,22.0,228,0.16666666666666666,-4.969813299576001
373,374,6,0.25,4,15.0,56,22.0,228,0.16666666666666666,-4.969813299576001
374,375,6,0.0,4,38.5,1372,53.5,2622,0.3,-19.068322982087672
375,376,6,0.0,4,346.5,31556,422.5,53544,0.3,-39.24617999513942
376,377,6,0.0,4,351.0,37352,428.0,62080,0.175,-22.354077617769256
377,378,6,0.0,4,377.0,40368,464.0,67840,0.15,-18.74992572677845
379,380,4,0.0,1,47.5,1500,62.5,2574,0.3333333333333333,-13.862943611198904
380,381,4,0.0,1,12.0,80,17.0,208,0.3333333333333333,-11.090354888959125
381,382,4,0.0,1,3.0,8,7.0,48,0.3333333333333333,-11.090354888959125
382,383,4,0.0,1,2.0,4,6.0,36,0.3333333333333333,-11.090354888959125
383,384,4,0.0,1,2.0,4,6.0,36,0.3333333333333333,-11.090354888959125
384,385,4,0.0,1,2.0,4,6.0,36,0.3333333333333333,-11.090354888959125
385,386,4,0.0,1,2.0,4,6.0,36,0.3333333333333333,-11.090354888959125
386,387,4,0.0,1,2.0,4,6.0,36,0.3333333333333333,-11.090354888959125
387,388,4,0.0,1,2.0,4,6.0,36,0.3333333333333333,-11.090354888959125
388,389,4,0.0,1,2.0,4,6.0,36,0.3333333333333333,-11.090354888959125
389,390,4,0.0,1,1.5,2,5.5,30,0.3333333333333333,-11.090354888959125
390,391,4,0.0,1,1.0,1,4.5,20,0.3333333333333333,-11.090354888959125
391,392,4,0.0,1,1.0,1,3.5,12,0.3333333333333333,-8.317766166719343
392,393,2,0.0,1,0.5,0,1.5,0,0.3333333333333333,-2.772588722239781
394,395,4,0.0,1,39.0,1080,52.0,1863,0.3333333333333333,-12.712215321391781
395,396,4,0.0,1,10.5,54,15.0,161,0.3333333333333333,-11.090354888959125
396,397,4,0.0,1,2.5,6,6.5,42,0.3333333333333333,-11.090354888959125
397,398,4,0.0,1,2.0,4,6.0,36,0.3333333333333333,-11.090354888959125
398,399,4,0.0,1,2.0,4,6.0,36,0.3333333333333333,-11.090354888959125
399,400,4,0.0,1,2.0,4,6.0,36,0.3333333333333333,-11.090354888959125
400,401,4,0.0,1,2.0,4,6.0,36,0.3333333333333333,-11.090354888959125
401,402,4,0.0,1,2.0,4,6.0,36,0.3333333333333333,-11.090354888959125
402,403,4,0.0,1,2.0,4,6.0,36,0.3333333333333333,-11.090354888959125
403,404,4,0.0,1,2.0,4,6.0,36,0.3333333333333333,-11.090354888959125
404,405,4,0.0,1,2.0,4,6.0,36,0.3333333333333333,-11.090354888959125
405,406,4,0.0,1,1.5,2,5.5,30,0.3333333333333333,-11.090354888959125
406,407,4,0.0,1,1.0,1,4.5,20,0.3333333333333333,-11.090354888959125
407,408,4,0.0,1,1.0,1,3.5,12,0.3333333333333333,-8.317766166719343
408,409,2,0.0,1,0.5,0,1.5,0,0.3333333333333333,-2.772588722239781
410,411,6,0.0,4,100.5,4988,143.0,9840,0.3,-32.34963180582956
411,412,4,0.0,4,18.5,232,26.5,520,0.3333333333333333,-12.712215321391781
412,413,4,0.0,4,5.5,24,10.0,91,0.3333333333333333,-11.090354888959125
413,414,4,0.0,4,2.5,6,6.5,42,0.3333333333333333,-11.090354888959125
414,415,4,0.0,4,2.0,4,6.0,36,0.3333333333333333,-11.090354888959125
415,416,4,0.0,4,2.0,4,6.0,36,0.3333333333333333,-11.090354888959125
416,417,4,0.0,4,3.0,8,7.0,48,0.3333333333333333,-11.090354888959125
417,418,4,0.0,4,23.5,172,28.5,392,0.3333333333333333,-11.090354888959125
418,419,4,0.0,4,268.0,21199,294.5,26460,0.3333333333333333,-13.862943611198904
420,421,4,0.0,1,267.0,20664,293.0,25333,0.3333333333333333,-13.862943611198904
421,422,4,0.0,1,22.5,126,26.0,235,0.3333333333333333,-8.317766166719343
422,423,2,0.0,1,1.5,0,2.5,0,0.3333333333333333,-2.772588722239781
424,425,4,0.0,1,59.0,2520,79.0,4305,0.3333333333333333,-14.755517816455747
425,426,4,0.0,1,16.5,140,22.0,315,0.3333333333333333,-11.090354888959125
426,427,4,0.0,1,3.5,10,7.5,54,0.3333333333333333,-11.090354888959125
427,428,4,0.0,1,2.0,4,6.0,36,0.3333333333333333,-11.090354888959125
428,429,4,0.0,1,2.0,4,6.0,36,0.3333333333333333,-11.090354888959125
429,430,4,0.0,1,2.0,4,6.0,36,0.3333333333333333,-11.090354888959125
430,431,4,0.0,1,2.0,4,6.0,36,0.3333333333333333,-11.090354888959125
431,432,4,0.0,1,2.0,4,6.0,36,0.3333333333333333,-11.090354888959125
432,433,4,0.0,1,2.0,4,6.0,36,0.3333333333333333,-11.090354888959125
433,434,4,0.0,1,2.0,4,6.0,36,0.3333333333333333,-11.090354888959125
434,435,4,0.0,1,2.0,4,6.0,36,0.3333333333333333,-11.090354888959125
435,436,4,0.0,1,1.5,2,5.5,30,0.3333333333333333,-11.090354888959125
436,437,4,0.0,1,1.0,1,4.5,20,0.3333333333333333,-11.090354888959125
437,438,4,0.0,1,1.0,1,3.5,12,0.3333333333333333,-8.317766166719343
438,439,2,0.0,1,0.5,0,1.5,0,0.3333333333333333,-2.772588722239781
440,443,12,0.4,9,2071.0,3992016,3376.5,8440632,0.06666666666666667,-7.903664976962499
440,441,12,0.4,9,2180.0,4562304,4248.5,17329800,0.06666666666666667,-13.002710431789353
440,442,12,0.4,9,2180.0,4562304,4248.5,17329800,0.06666666666666667,-13.002710431789353
441,443,9,0.2,9,1635.0,2661344,2528.0,5630400,0.08333333333333333,-9.035499139259471
442,443,9,0.2,9,1635.0,2661344,2528.0,5630400,0.08333333333333333,-9.035499139259471
444,450,16,0.0,9,907.5,272250,1074.0,487620,0.1681547619047619,-110.63084849551099
444,445,16,0.14285714285714285,9,1650.0,2722500,1890.0,3572100,0.0873015873015873,-51.835364873813354
444,456,12,0.0,9,882.0,188100,1028.0,313740,0.14484126984126983,-56.69076221052951
445,451,16,0.0,9,907.5,272250,1074.0,487620,0.16815476190476192,-110.63084849551102
445,457,12,0.0,9,882.0,188100,1028.0,313740,0.14484126984126983,-56.69076221052952
446,452,16,0.0,9,907.5,272250,1074.0,487620,0.1681547619047619,-110.63084849551099
446,458,12,0.0,9,882.0,188100,1028.0,313740,0.14484126984126983,-56.69076221052951
446,447,16,0.14285714285714285,9,1650.0,2722500,1890.0,3572100,0.0873015873015873,-51.835364873813354
447,453,16,0.0,9,907.5,272250,1074.0,487620,0.16815476190476192,-110.63084849551102
447,459,12,0.0,9,882.0,188100,1028.0,313740,0.14484126984126983,-56.69076221052952
448,449,4,0.0,4,20.0,400,33.0,1089,0.16666666666666666,-6.161780163788595
448,450,8,0.0,6,92.5,3300,145.5,8514,0.15555555555555553,-32.75221290455753
449,451,8,0.0,6,92.5,3300,145.5,8514,0.15555555555555553,-32.75221290455753
450,451,16,0.0,9,165.0,27225,258.0,66564,0.10416666666666667,-71.19047372286202
450,452,16,0.0,9,165.0,27225,258.0,66564,0.18154761904761907,-112.77913431003459
451,453,16,0.0,9,165.0,27225,258.0,66564,0.18154761904761904,-112.77913431003458
452,453,16,0.0,9,165.0,27225,258.0,66564,0.10416666666666666,-71.19047372286202
452,454,8,0.0,6,92.5,3300,145.5,8514,0.15555555555555556,-32.75221290455754
453,455,8,0.0,6,92.5,3300,145.5,8514,0.15555555555555556,-32.75221290455754
454,455,4,0.0,4,20.0,400,33.0,1089,0.16666666666666666,-6.161780163788596
456,457,9,0.0,9,114.0,12996,166.0,27556,0.11666666666666667,-23.167411316956652
456,458,9,0.0,9,114.0,12996,166.0,27556,0.15,-27.524841838701832
457,459,9,0.0,9,114.0,12996,166.0,27556,0.15,-27.524841838701832
458,459,9,0.0,9,114.0,12996,166.0,27556,0.11666666666666667,-23.167411316956652
