network,metric,mode,x,rgc
crime,KFC_v2,static,0.0,1.0
crime,KFC_v2,static,0.0007262164124909223,1.0
crime,KFC_v2,static,0.0014524328249818446,1.0
crime,KFC_v2,static,0.0021786492374727667,1.0
crime,KFC_v2,static,0.002904865649963689,1.0
crime,KFC_v2,static,0.0036310820624546117,0.9517022961203484
crime,KFC_v2,static,0.004357298474945533,0.9517022961203484
crime,KFC_v2,static,0.005083514887436456,0.8685669041963578
crime,KFC_v2,static,0.005809731299927378,0.8685669041963578
crime,KFC_v2,static,0.006535947712418301,0.8685669041963578
crime,KFC_v2,static,0.007262164124909223,0.7973079968329374
crime,KFC_v2,static,0.007988380537400145,0.7973079968329374
crime,KFC_v2,static,0.008714596949891067,0.7157561361836896
crime,KFC_v2,static,0.00944081336238199,0.7157561361836896
crime,KFC_v2,static,0.010167029774872912,0.6555819477434679
crime,KFC_v2,static,0.010893246187363835,0.6555819477434679
crime,KFC_v2,static,0.011619462599854757,0.6247030878859857
crime,KFC_v2,static,0.012345679012345678,0.6247030878859857
crime,KFC_v2,static,0.013071895424836602,0.6247030878859857
crime,KFC_v2,static,0.013798111837327523,0.6247030878859857
crime,KFC_v2,static,0.014524328249818447,0.6247030878859857
crime,KFC_v2,static,0.015250544662309368,0.6247030878859857
crime,KFC_v2,static,0.01597676107480029,0.6247030878859857
crime,KFC_v2,static,0.01670297748729121,0.5281076801266825
crime,KFC_v2,static,0.017429193899782133,0.29849564528899447
crime,KFC_v2,static,0.01815541031227306,0.29849564528899447
crime,KFC_v2,static,0.01888162672476398,0.29849564528899447
crime,KFC_v2,static,0.0196078431372549,0.29849564528899447
crime,KFC_v2,static,0.020334059549745823,0.29849564528899447
crime,KFC_v2,static,0.021060275962236745,0.1789390340459224
crime,KFC_v2,static,0.02178649237472767,0.1789390340459224
crime,KFC_v2,static,0.02251270878721859,0.1789390340459224
crime,KFC_v2,static,0.023238925199709513,0.1789390340459224
crime,KFC_v2,static,0.023965141612200435,0.1789390340459224
crime,KFC_v2,static,0.024691358024691357,0.1789390340459224
crime,KFC_v2,static,0.025417574437182282,0.1789390340459224
crime,KFC_v2,static,0.026143790849673203,0.1789390340459224
crime,KFC_v2,static,0.026870007262164125,0.1789390340459224
crime,KFC_v2,static,0.027596223674655047,0.1789390340459224
crime,KFC_v2,static,0.02832244008714597,0.1789390340459224
crime,KFC_v2,static,0.029048656499636893,0.1789390340459224
crime,KFC_v2,static,0.029774872912127815,0.1789390340459224
crime,KFC_v2,static,0.030501089324618737,0.1789390340459224
crime,KFC_v2,static,0.03122730573710966,0.1789390340459224
crime,KFC_v2,static,0.03195352214960058,0.1789390340459224
crime,KFC_v2,static,0.032679738562091505,0.1789390340459224
crime,KFC_v2,static,0.03340595497458242,0.16152019002375298
crime,KFC_v2,static,0.03413217138707335,0.09897070467141726
crime,KFC_v2,static,0.03485838779956427,0.08709422011084719
crime,KFC_v2,static,0.03558460421205519,0.08709422011084719
crime,KFC_v2,static,0.03631082062454612,0.08709422011084719
crime,KFC_v2,static,0.037037037037037035,0.08709422011084719
crime,KFC_v2,static,0.03776325344952796,0.08709422011084719
crime,KFC_v2,static,0.03848946986201888,0.08709422011084719
crime,KFC_v2,static,0.0392156862745098,0.08709422011084719
crime,KFC_v2,static,0.03994190268700073,0.08709422011084719
crime,KFC_v2,static,0.04066811909949165,0.08709422011084719
crime,KFC_v2,static,0.04139433551198257,0.08709422011084719
crime,KFC_v2,static,0.04212055192447349,0.08709422011084719
crime,KFC_v2,static,0.042846768336964415,0.08076009501187649
crime,KFC_v2,static,0.04357298474945534,0.08076009501187649
crime,KFC_v2,static,0.04429920116194626,0.08076009501187649
crime,KFC_v2,static,0.04502541757443718,0.08076009501187649
crime,KFC_v2,static,0.0457516339869281,0.08076009501187649
crime,KFC_v2,static,0.04647785039941903,0.08076009501187649
crime,KFC_v2,static,0.04720406681190995,0.08076009501187649
crime,KFC_v2,static,0.04793028322440087,0.08076009501187649
crime,KFC_v2,static,0.048656499636891795,0.08076009501187649
crime,KFC_v2,static,0.04938271604938271,0.08076009501187649
crime,KFC_v2,static,0.05010893246187364,0.08076009501187649
crime,KFC_v2,static,0.050835148874364564,0.08076009501187649
crime,KFC_v2,static,0.05156136528685548,0.08076009501187649
crime,KFC_v2,static,0.05228758169934641,0.08076009501187649
crime,KFC_v2,static,0.053013798111837325,0.08076009501187649
crime,KFC_v2,static,0.05374001452432825,0.08076009501187649
crime,KFC_v2,static,0.054466230936819175,0.08076009501187649
crime,KFC_v2,static,0.05519244734931009,0.08076009501187649
crime,KFC_v2,static,0.05591866376180102,0.08076009501187649
crime,KFC_v2,static,0.05664488017429194,0.08076009501187649
crime,KFC_v2,static,0.05737109658678286,0.08076009501187649
crime,KFC_v2,static,0.05809731299927379,0.08076009501187649
crime,KFC_v2,static,0.058823529411764705,0.08076009501187649
crime,KFC_v2,static,0.05954974582425563,0.07996832937450514
crime,KFC_v2,static,0.06027596223674655,0.0791765637371338
crime,KFC_v2,static,0.06100217864923747,0.0791765637371338
crime,KFC_v2,static,0.06172839506172839,0.0791765637371338
crime,KFC_v2,static,0.06245461147421932,0.0791765637371338
crime,KFC_v2,static,0.06318082788671024,0.0791765637371338
crime,KFC_v2,static,0.06390704429920116,0.0791765637371338
crime,KFC_v2,static,0.06463326071169208,0.0791765637371338
crime,KFC_v2,static,0.06535947712418301,0.0791765637371338
crime,KFC_v2,static,0.06608569353667393,0.07838479809976247
crime,KFC_v2,static,0.06681190994916485,0.07838479809976247
crime,KFC_v2,static,0.06753812636165578,0.07838479809976247
crime,KFC_v2,static,0.0682643427741467,0.07838479809976247
crime,KFC_v2,static,0.06899055918663761,0.07838479809976247
crime,KFC_v2,static,0.06971677559912853,0.07838479809976247
crime,KFC_v2,static,0.07044299201161947,0.07838479809976247
crime,KFC_v2,static,0.07116920842411038,0.07838479809976247
crime,KFC_v2,static,0.0718954248366013,0.07838479809976247
crime,KFC_v2,static,0.07262164124909223,0.07838479809976247
crime,KFC_v2,static,0.07334785766158315,0.07838479809976247
crime,KFC_v2,static,0.07407407407407407,0.07838479809976247
crime,KFC_v2,static,0.074800290486565,0.07838479809976247
crime,KFC_v2,static,0.07552650689905592,0.07838479809976247
crime,KFC_v2,static,0.07625272331154684,0.07838479809976247
crime,KFC_v2,static,0.07697893972403776,0.07838479809976247
crime,KFC_v2,static,0.07770515613652869,0.07838479809976247
crime,KFC_v2,static,0.0784313725490196,0.07838479809976247
crime,KFC_v2,static,0.07915758896151052,0.07838479809976247
crime,KFC_v2,static,0.07988380537400146,0.07838479809976247
crime,KFC_v2,static,0.08061002178649238,0.07838479809976247
crime,KFC_v2,static,0.0813362381989833,0.07838479809976247
crime,KFC_v2,static,0.08206245461147423,0.07838479809976247
crime,KFC_v2,static,0.08278867102396514,0.07838479809976247
crime,KFC_v2,static,0.08351488743645606,0.07838479809976247
crime,KFC_v2,static,0.08424110384894698,0.07838479809976247
crime,KFC_v2,static,0.08496732026143791,0.07838479809976247
crime,KFC_v2,static,0.08569353667392883,0.07838479809976247
crime,KFC_v2,static,0.08641975308641975,0.07838479809976247
crime,KFC_v2,static,0.08714596949891068,0.07442596991290577
crime,KFC_v2,static,0.0878721859114016,0.07442596991290577
crime,KFC_v2,static,0.08859840232389252,0.07442596991290577
crime,KFC_v2,static,0.08932461873638345,0.07442596991290577
crime,KFC_v2,static,0.09005083514887437,0.07442596991290577
crime,KFC_v2,static,0.09077705156136529,0.07442596991290577
crime,KFC_v2,static,0.0915032679738562,0.07442596991290577
crime,KFC_v2,static,0.09222948438634714,0.07442596991290577
crime,KFC_v2,static,0.09295570079883805,0.07442596991290577
crime,KFC_v2,static,0.09368191721132897,0.07442596991290577
crime,KFC_v2,static,0.0944081336238199,0.07442596991290577
crime,KFC_v2,static,0.09513435003631082,0.07442596991290577
crime,KFC_v2,static,0.09586056644880174,0.07442596991290577
crime,KFC_v2,static,0.09658678286129266,0.07442596991290577
crime,KFC_v2,static,0.09731299927378359,0.07442596991290577
crime,KFC_v2,static,0.09803921568627451,0.07442596991290577
crime,KFC_v2,static,0.09876543209876543,0.07442596991290577
crime,KFC_v2,static,0.09949164851125636,0.07442596991290577
crime,KFC_v2,static,0.10021786492374728,0.07442596991290577
crime,KFC_v2,static,0.1009440813362382,0.07442596991290577
crime,KFC_v2,static,0.10167029774872913,0.07442596991290577
crime,KFC_v2,static,0.10239651416122005,0.07442596991290577
crime,KFC_v2,static,0.10312273057371096,0.07442596991290577
crime,KFC_v2,static,0.10384894698620188,0.07442596991290577
crime,KFC_v2,static,0.10457516339869281,0.07442596991290577
crime,KFC_v2,static,0.10530137981118373,0.07442596991290577
crime,KFC_v2,static,0.10602759622367465,0.07442596991290577
crime,KFC_v2,static,0.10675381263616558,0.07442596991290577
crime,KFC_v2,static,0.1074800290486565,0.07442596991290577
crime,KFC_v2,static,0.10820624546114742,0.07442596991290577
crime,KFC_v2,static,0.10893246187363835,0.07442596991290577
crime,KFC_v2,static,0.10965867828612927,0.07442596991290577
crime,KFC_v2,static,0.11038489469862019,0.07442596991290577
crime,KFC_v2,static,0.1111111111111111,0.07442596991290577
crime,KFC_v2,static,0.11183732752360204,0.07442596991290577
crime,KFC_v2,static,0.11256354393609296,0.07442596991290577
crime,KFC_v2,static,0.11328976034858387,0.07442596991290577
crime,KFC_v2,static,0.1140159767610748,0.07442596991290577
crime,KFC_v2,static,0.11474219317356572,0.07442596991290577
crime,KFC_v2,static,0.11546840958605664,0.07442596991290577
crime,KFC_v2,static,0.11619462599854757,0.07442596991290577
crime,KFC_v2,static,0.11692084241103849,0.07442596991290577
crime,KFC_v2,static,0.11764705882352941,0.07442596991290577
crime,KFC_v2,static,0.11837327523602033,0.07442596991290577
crime,KFC_v2,static,0.11909949164851126,0.07442596991290577
crime,KFC_v2,static,0.11982570806100218,0.07442596991290577
crime,KFC_v2,static,0.1205519244734931,0.07442596991290577
crime,KFC_v2,static,0.12127814088598403,0.07442596991290577
crime,KFC_v2,static,0.12200435729847495,0.07442596991290577
crime,KFC_v2,static,0.12273057371096587,0.07442596991290577
crime,KFC_v2,static,0.12345679012345678,0.07442596991290577
crime,KFC_v2,static,0.12418300653594772,0.07442596991290577
crime,KFC_v2,static,0.12490922294843863,0.07442596991290577
crime,KFC_v2,static,0.12563543936092955,0.07442596991290577
crime,KFC_v2,static,0.12636165577342048,0.07442596991290577
crime,KFC_v2,static,0.1270878721859114,0.07442596991290577
crime,KFC_v2,static,0.12781408859840232,0.07442596991290577
crime,KFC_v2,static,0.12854030501089325,0.07442596991290577
crime,KFC_v2,static,0.12926652142338416,0.07442596991290577
crime,KFC_v2,static,0.1299927378358751,0.07442596991290577
crime,KFC_v2,static,0.13071895424836602,0.07363420427553444
crime,KFC_v2,static,0.13144517066085692,0.07363420427553444
crime,KFC_v2,static,0.13217138707334786,0.07363420427553444
crime,KFC_v2,static,0.1328976034858388,0.07363420427553444
crime,KFC_v2,static,0.1336238198983297,0.07363420427553444
crime,KFC_v2,static,0.13435003631082063,0.07363420427553444
crime,KFC_v2,static,0.13507625272331156,0.07363420427553444
crime,KFC_v2,static,0.13580246913580246,0.07363420427553444
crime,KFC_v2,static,0.1365286855482934,0.07363420427553444
crime,KFC_v2,static,0.13725490196078433,0.07363420427553444
crime,KFC_v2,static,0.13798111837327523,0.07363420427553444
crime,KFC_v2,static,0.13870733478576616,0.07363420427553444
crime,KFC_v2,static,0.13943355119825707,0.07363420427553444
crime,KFC_v2,static,0.140159767610748,0.07363420427553444
crime,KFC_v2,static,0.14088598402323893,0.07363420427553444
crime,KFC_v2,static,0.14161220043572983,0.07363420427553444
crime,KFC_v2,static,0.14233841684822077,0.07363420427553444
crime,KFC_v2,static,0.1430646332607117,0.07363420427553444
crime,KFC_v2,static,0.1437908496732026,0.07363420427553444
crime,KFC_v2,static,0.14451706608569354,0.07363420427553444
crime,KFC_v2,static,0.14524328249818447,0.07363420427553444
crime,KFC_v2,static,0.14596949891067537,0.07363420427553444
crime,KFC_v2,static,0.1466957153231663,0.07363420427553444
crime,KFC_v2,static,0.14742193173565724,0.07363420427553444
crime,KFC_v2,static,0.14814814814814814,0.07363420427553444
crime,KFC_v2,static,0.14887436456063907,0.06492478226444973
crime,KFC_v2,static,0.14960058097313,0.06492478226444973
crime,KFC_v2,static,0.1503267973856209,0.06492478226444973
crime,KFC_v2,static,0.15105301379811184,0.06492478226444973
crime,KFC_v2,static,0.15177923021060277,0.06492478226444973
crime,KFC_v2,static,0.15250544662309368,0.06492478226444973
crime,KFC_v2,static,0.1532316630355846,0.06492478226444973
crime,KFC_v2,static,0.1539578794480755,0.06492478226444973
crime,KFC_v2,static,0.15468409586056645,0.06492478226444973
crime,KFC_v2,static,0.15541031227305738,0.06492478226444973
crime,KFC_v2,static,0.15613652868554828,0.06492478226444973
crime,KFC_v2,static,0.1568627450980392,0.06492478226444973
crime,KFC_v2,static,0.15758896151053015,0.06492478226444973
crime,KFC_v2,static,0.15831517792302105,0.06492478226444973
crime,KFC_v2,static,0.15904139433551198,0.06492478226444973
crime,KFC_v2,static,0.15976761074800291,0.06492478226444973
crime,KFC_v2,static,0.16049382716049382,0.06492478226444973
crime,KFC_v2,static,0.16122004357298475,0.06492478226444973
crime,KFC_v2,static,0.16194625998547568,0.06492478226444973
crime,KFC_v2,static,0.1626724763979666,0.06492478226444973
crime,KFC_v2,static,0.16339869281045752,0.06492478226444973
crime,KFC_v2,static,0.16412490922294845,0.06492478226444973
crime,KFC_v2,static,0.16485112563543936,0.06492478226444973
crime,KFC_v2,static,0.1655773420479303,0.06492478226444973
crime,KFC_v2,static,0.1663035584604212,0.06492478226444973
crime,KFC_v2,static,0.16702977487291212,0.06492478226444973
crime,KFC_v2,static,0.16775599128540306,0.040380047505938245
crime,KFC_v2,static,0.16848220769789396,0.040380047505938245
crime,KFC_v2,static,0.1692084241103849,0.040380047505938245
crime,KFC_v2,static,0.16993464052287582,0.040380047505938245
crime,KFC_v2,static,0.17066085693536673,0.040380047505938245
crime,KFC_v2,static,0.17138707334785766,0.040380047505938245
crime,KFC_v2,static,0.1721132897603486,0.040380047505938245
crime,KFC_v2,static,0.1728395061728395,0.040380047505938245
crime,KFC_v2,static,0.17356572258533043,0.040380047505938245
crime,KFC_v2,static,0.17429193899782136,0.040380047505938245
crime,KFC_v2,static,0.17501815541031226,0.040380047505938245
crime,KFC_v2,static,0.1757443718228032,0.040380047505938245
crime,KFC_v2,static,0.17647058823529413,0.040380047505938245
crime,KFC_v2,static,0.17719680464778503,0.03642121931908155
crime,KFC_v2,static,0.17792302106027597,0.03642121931908155
crime,KFC_v2,static,0.1786492374727669,0.03642121931908155
crime,KFC_v2,static,0.1793754538852578,0.03642121931908155
crime,KFC_v2,static,0.18010167029774873,0.03642121931908155
crime,KFC_v2,static,0.18082788671023964,0.03642121931908155
crime,KFC_v2,static,0.18155410312273057,0.03642121931908155
crime,KFC_v2,static,0.1822803195352215,0.03642121931908155
crime,KFC_v2,static,0.1830065359477124,0.03642121931908155
crime,KFC_v2,static,0.18373275236020334,0.03642121931908155
crime,KFC_v2,static,0.18445896877269427,0.03642121931908155
crime,KFC_v2,static,0.18518518518518517,0.03642121931908155
crime,KFC_v2,static,0.1859114015976761,0.03642121931908155
crime,KFC_v2,static,0.18663761801016704,0.03642121931908155
crime,KFC_v2,static,0.18736383442265794,0.03642121931908155
crime,KFC_v2,static,0.18809005083514888,0.03642121931908155
crime,KFC_v2,static,0.1888162672476398,0.03642121931908155
crime,KFC_v2,static,0.1895424836601307,0.03642121931908155
crime,KFC_v2,static,0.19026870007262164,0.03642121931908155
crime,KFC_v2,static,0.19099491648511258,0.03642121931908155
crime,KFC_v2,static,0.19172113289760348,0.03642121931908155
crime,KFC_v2,static,0.1924473493100944,0.03642121931908155
crime,KFC_v2,static,0.19317356572258532,0.03642121931908155
crime,KFC_v2,static,0.19389978213507625,0.03642121931908155
crime,KFC_v2,static,0.19462599854756718,0.03642121931908155
crime,KFC_v2,static,0.19535221496005808,0.03642121931908155
crime,KFC_v2,static,0.19607843137254902,0.03642121931908155
crime,KFC_v2,static,0.19680464778503995,0.03642121931908155
crime,KFC_v2,static,0.19753086419753085,0.03642121931908155
crime,KFC_v2,static,0.19825708061002179,0.03642121931908155
crime,KFC_v2,static,0.19898329702251272,0.03642121931908155
crime,KFC_v2,static,0.19970951343500362,0.03642121931908155
crime,KFC_v2,static,0.20043572984749455,0.03642121931908155
crime,KFC_v2,static,0.20116194625998549,0.03642121931908155
crime,KFC_v2,static,0.2018881626724764,0.03642121931908155
crime,KFC_v2,static,0.20261437908496732,0.03642121931908155
crime,KFC_v2,static,0.20334059549745825,0.03642121931908155
crime,KFC_v2,static,0.20406681190994916,0.03642121931908155
crime,KFC_v2,static,0.2047930283224401,0.03642121931908155
crime,KFC_v2,static,0.20551924473493102,0.03642121931908155
crime,KFC_v2,static,0.20624546114742193,0.03642121931908155
crime,KFC_v2,static,0.20697167755991286,0.030878859857482184
crime,KFC_v2,static,0.20769789397240376,0.030878859857482184
crime,KFC_v2,static,0.2084241103848947,0.030878859857482184
crime,KFC_v2,static,0.20915032679738563,0.030878859857482184
crime,KFC_v2,static,0.20987654320987653,0.030878859857482184
crime,KFC_v2,static,0.21060275962236746,0.030878859857482184
crime,KFC_v2,static,0.2113289760348584,0.030878859857482184
crime,KFC_v2,static,0.2120551924473493,0.030878859857482184
crime,KFC_v2,static,0.21278140885984023,0.030878859857482184
crime,KFC_v2,static,0.21350762527233116,0.030878859857482184
crime,KFC_v2,static,0.21423384168482207,0.030878859857482184
crime,KFC_v2,static,0.214960058097313,0.030878859857482184
crime,KFC_v2,static,0.21568627450980393,0.030878859857482184
crime,KFC_v2,static,0.21641249092229484,0.030878859857482184
crime,KFC_v2,static,0.21713870733478577,0.030878859857482184
crime,KFC_v2,static,0.2178649237472767,0.030878859857482184
crime,KFC_v2,static,0.2185911401597676,0.02929532858273951
crime,KFC_v2,static,0.21931735657225854,0.02929532858273951
crime,KFC_v2,static,0.22004357298474944,0.02929532858273951
crime,KFC_v2,static,0.22076978939724037,0.02929532858273951
crime,KFC_v2,static,0.2214960058097313,0.02929532858273951
crime,KFC_v2,static,0.2222222222222222,0.02929532858273951
crime,KFC_v2,static,0.22294843863471314,0.02929532858273951
crime,KFC_v2,static,0.22367465504720407,0.02929532858273951
crime,KFC_v2,static,0.22440087145969498,0.02929532858273951
crime,KFC_v2,static,0.2251270878721859,0.02929532858273951
crime,KFC_v2,static,0.22585330428467684,0.02929532858273951
crime,KFC_v2,static,0.22657952069716775,0.02929532858273951
crime,KFC_v2,static,0.22730573710965868,0.02929532858273951
crime,KFC_v2,static,0.2280319535221496,0.02929532858273951
crime,KFC_v2,static,0.22875816993464052,0.02929532858273951
crime,KFC_v2,static,0.22948438634713145,0.02929532858273951
crime,KFC_v2,static,0.23021060275962238,0.02929532858273951
crime,KFC_v2,static,0.23093681917211328,0.02929532858273951
crime,KFC_v2,static,0.23166303558460422,0.02929532858273951
crime,KFC_v2,static,0.23238925199709515,0.02929532858273951
crime,KFC_v2,static,0.23311546840958605,0.02929532858273951
crime,KFC_v2,static,0.23384168482207698,0.02929532858273951
crime,KFC_v2,static,0.2345679012345679,0.02929532858273951
crime,KFC_v2,static,0.23529411764705882,0.02929532858273951
crime,KFC_v2,static,0.23602033405954975,0.02929532858273951
crime,KFC_v2,static,0.23674655047204066,0.02929532858273951
crime,KFC_v2,static,0.2374727668845316,0.02929532858273951
crime,KFC_v2,static,0.23819898329702252,0.02929532858273951
crime,KFC_v2,static,0.23892519970951343,0.02929532858273951
crime,KFC_v2,static,0.23965141612200436,0.02929532858273951
crime,KFC_v2,static,0.2403776325344953,0.02929532858273951
crime,KFC_v2,static,0.2411038489469862,0.02929532858273951
crime,KFC_v2,static,0.24183006535947713,0.02929532858273951
crime,KFC_v2,static,0.24255628177196806,0.02929532858273951
crime,KFC_v2,static,0.24328249818445896,0.025336500395882817
crime,KFC_v2,static,0.2440087145969499,0.025336500395882817
crime,KFC_v2,static,0.24473493100944083,0.025336500395882817
crime,KFC_v2,static,0.24546114742193173,0.025336500395882817
crime,KFC_v2,static,0.24618736383442266,0.025336500395882817
crime,KFC_v2,static,0.24691358024691357,0.025336500395882817
crime,KFC_v2,static,0.2476397966594045,0.025336500395882817
crime,KFC_v2,static,0.24836601307189543,0.025336500395882817
crime,KFC_v2,static,0.24909222948438633,0.025336500395882817
crime,KFC_v2,static,0.24981844589687727,0.025336500395882817
crime,KFC_v2,static,0.25054466230936817,0.025336500395882817
crime,KFC_v2,static,0.2512708787218591,0.025336500395882817
crime,KFC_v2,static,0.25199709513435004,0.025336500395882817
crime,KFC_v2,static,0.25272331154684097,0.025336500395882817
crime,KFC_v2,static,0.2534495279593319,0.025336500395882817
crime,KFC_v2,static,0.2541757443718228,0.025336500395882817
crime,KFC_v2,static,0.2549019607843137,0.025336500395882817
crime,KFC_v2,static,0.25562817719680464,0.025336500395882817
crime,KFC_v2,static,0.25635439360929557,0.025336500395882817
crime,KFC_v2,static,0.2570806100217865,0.025336500395882817
crime,KFC_v2,static,0.25780682643427744,0.025336500395882817
crime,KFC_v2,static,0.2585330428467683,0.025336500395882817
crime,KFC_v2,static,0.25925925925925924,0.025336500395882817
crime,KFC_v2,static,0.2599854756717502,0.025336500395882817
crime,KFC_v2,static,0.2607116920842411,0.025336500395882817
crime,KFC_v2,static,0.26143790849673204,0.025336500395882817
crime,KFC_v2,static,0.262164124909223,0.025336500395882817
crime,KFC_v2,static,0.26289034132171385,0.025336500395882817
crime,KFC_v2,static,0.2636165577342048,0.025336500395882817
crime,KFC_v2,static,0.2643427741466957,0.025336500395882817
crime,KFC_v2,static,0.26506899055918665,0.025336500395882817
crime,KFC_v2,static,0.2657952069716776,0.025336500395882817
crime,KFC_v2,static,0.26652142338416845,0.025336500395882817
crime,KFC_v2,static,0.2672476397966594,0.025336500395882817
crime,KFC_v2,static,0.2679738562091503,0.025336500395882817
crime,KFC_v2,static,0.26870007262164125,0.025336500395882817
crime,KFC_v2,static,0.2694262890341322,0.025336500395882817
crime,KFC_v2,static,0.2701525054466231,0.025336500395882817
crime,KFC_v2,static,0.270878721859114,0.025336500395882817
crime,KFC_v2,static,0.2716049382716049,0.025336500395882817
crime,KFC_v2,static,0.27233115468409586,0.025336500395882817
crime,KFC_v2,static,0.2730573710965868,0.025336500395882817
crime,KFC_v2,static,0.2737835875090777,0.025336500395882817
crime,KFC_v2,static,0.27450980392156865,0.025336500395882817
crime,KFC_v2,static,0.27523602033405953,0.025336500395882817
crime,KFC_v2,static,0.27596223674655046,0.025336500395882817
crime,KFC_v2,static,0.2766884531590414,0.025336500395882817
crime,KFC_v2,static,0.2774146695715323,0.025336500395882817
crime,KFC_v2,static,0.27814088598402326,0.025336500395882817
crime,KFC_v2,static,0.27886710239651413,0.025336500395882817
crime,KFC_v2,static,0.27959331880900506,0.025336500395882817
crime,KFC_v2,static,0.280319535221496,0.025336500395882817
crime,KFC_v2,static,0.28104575163398693,0.025336500395882817
crime,KFC_v2,static,0.28177196804647786,0.025336500395882817
crime,KFC_v2,static,0.2824981844589688,0.025336500395882817
crime,KFC_v2,static,0.28322440087145967,0.025336500395882817
crime,KFC_v2,static,0.2839506172839506,0.021377672209026127
crime,KFC_v2,static,0.28467683369644153,0.021377672209026127
crime,KFC_v2,static,0.28540305010893247,0.021377672209026127
crime,KFC_v2,static,0.2861292665214234,0.021377672209026127
crime,KFC_v2,static,0.28685548293391433,0.021377672209026127
crime,KFC_v2,static,0.2875816993464052,0.021377672209026127
crime,KFC_v2,static,0.28830791575889614,0.021377672209026127
crime,KFC_v2,static,0.28903413217138707,0.021377672209026127
crime,KFC_v2,static,0.289760348583878,0.021377672209026127
crime,KFC_v2,static,0.29048656499636893,0.021377672209026127
crime,KFC_v2,static,0.29121278140885987,0.021377672209026127
crime,KFC_v2,static,0.29193899782135074,0.021377672209026127
crime,KFC_v2,static,0.2926652142338417,0.021377672209026127
crime,KFC_v2,static,0.2933914306463326,0.021377672209026127
crime,KFC_v2,static,0.29411764705882354,0.021377672209026127
crime,KFC_v2,static,0.29484386347131447,0.021377672209026127
crime,KFC_v2,static,0.29557007988380535,0.021377672209026127
crime,KFC_v2,static,0.2962962962962963,0.021377672209026127
crime,KFC_v2,static,0.2970225127087872,0.021377672209026127
crime,KFC_v2,static,0.29774872912127814,0.021377672209026127
crime,KFC_v2,static,0.2984749455337691,0.021377672209026127
crime,KFC_v2,static,0.29920116194626,0.021377672209026127
crime,KFC_v2,static,0.2999273783587509,0.021377672209026127
crime,KFC_v2,static,0.3006535947712418,0.021377672209026127
crime,KFC_v2,static,0.30137981118373275,0.021377672209026127
crime,KFC_v2,static,0.3021060275962237,0.021377672209026127
crime,KFC_v2,static,0.3028322440087146,0.021377672209026127
crime,KFC_v2,static,0.30355846042120554,0.021377672209026127
crime,KFC_v2,static,0.3042846768336964,0.019002375296912115
crime,KFC_v2,static,0.30501089324618735,0.019002375296912115
crime,KFC_v2,static,0.3057371096586783,0.019002375296912115
crime,KFC_v2,static,0.3064633260711692,0.019002375296912115
crime,KFC_v2,static,0.30718954248366015,0.019002375296912115
crime,KFC_v2,static,0.307915758896151,0.019002375296912115
crime,KFC_v2,static,0.30864197530864196,0.019002375296912115
crime,KFC_v2,static,0.3093681917211329,0.019002375296912115
crime,KFC_v2,static,0.3100944081336238,0.019002375296912115
crime,KFC_v2,static,0.31082062454611475,0.019002375296912115
crime,KFC_v2,static,0.3115468409586057,0.019002375296912115
crime,KFC_v2,static,0.31227305737109656,0.019002375296912115
crime,KFC_v2,static,0.3129992737835875,0.019002375296912115
crime,KFC_v2,static,0.3137254901960784,0.019002375296912115
crime,KFC_v2,static,0.31445170660856936,0.019002375296912115
crime,KFC_v2,static,0.3151779230210603,0.019002375296912115
crime,KFC_v2,static,0.3159041394335512,0.019002375296912115
crime,KFC_v2,static,0.3166303558460421,0.019002375296912115
crime,KFC_v2,static,0.31735657225853303,0.019002375296912115
crime,KFC_v2,static,0.31808278867102396,0.019002375296912115
crime,KFC_v2,static,0.3188090050835149,0.019002375296912115
crime,KFC_v2,static,0.31953522149600583,0.019002375296912115
crime,KFC_v2,static,0.3202614379084967,0.019002375296912115
crime,KFC_v2,static,0.32098765432098764,0.019002375296912115
crime,KFC_v2,static,0.32171387073347857,0.019002375296912115
crime,KFC_v2,static,0.3224400871459695,0.019002375296912115
crime,KFC_v2,static,0.32316630355846043,0.019002375296912115
crime,KFC_v2,static,0.32389251997095136,0.019002375296912115
crime,KFC_v2,static,0.32461873638344224,0.019002375296912115
crime,KFC_v2,static,0.3253449527959332,0.019002375296912115
crime,KFC_v2,static,0.3260711692084241,0.019002375296912115
crime,KFC_v2,static,0.32679738562091504,0.019002375296912115
crime,KFC_v2,static,0.32752360203340597,0.019002375296912115
crime,KFC_v2,static,0.3282498184458969,0.019002375296912115
crime,KFC_v2,static,0.3289760348583878,0.019002375296912115
crime,KFC_v2,static,0.3297022512708787,0.019002375296912115
crime,KFC_v2,static,0.33042846768336964,0.019002375296912115
crime,KFC_v2,static,0.3311546840958606,0.019002375296912115
crime,KFC_v2,static,0.3318809005083515,0.019002375296912115
crime,KFC_v2,static,0.3326071169208424,0.019002375296912115
crime,KFC_v2,static,0.3333333333333333,0.019002375296912115
crime,KFC_v2,static,0.33405954974582425,0.019002375296912115
crime,KFC_v2,static,0.3347857661583152,0.019002375296912115
crime,KFC_v2,static,0.3355119825708061,0.019002375296912115
crime,KFC_v2,static,0.33623819898329704,0.019002375296912115
crime,KFC_v2,static,0.3369644153957879,0.019002375296912115
crime,KFC_v2,static,0.33769063180827885,0.019002375296912115
crime,KFC_v2,static,0.3384168482207698,0.019002375296912115
crime,KFC_v2,static,0.3391430646332607,0.019002375296912115
crime,KFC_v2,static,0.33986928104575165,0.019002375296912115
crime,KFC_v2,static,0.3405954974582426,0.019002375296912115
crime,KFC_v2,static,0.34132171387073346,0.019002375296912115
crime,KFC_v2,static,0.3420479302832244,0.018210609659540775
crime,KFC_v2,static,0.3427741466957153,0.018210609659540775
crime,KFC_v2,static,0.34350036310820625,0.018210609659540775
crime,KFC_v2,static,0.3442265795206972,0.018210609659540775
crime,KFC_v2,static,0.3449527959331881,0.018210609659540775
crime,KFC_v2,static,0.345679012345679,0.018210609659540775
crime,KFC_v2,static,0.3464052287581699,0.018210609659540775
crime,KFC_v2,static,0.34713144517066086,0.018210609659540775
crime,KFC_v2,static,0.3478576615831518,0.018210609659540775
crime,KFC_v2,static,0.3485838779956427,0.018210609659540775
crime,KFC_v2,static,0.3493100944081336,0.018210609659540775
crime,KFC_v2,static,0.35003631082062453,0.018210609659540775
crime,KFC_v2,static,0.35076252723311546,0.018210609659540775
crime,KFC_v2,static,0.3514887436456064,0.018210609659540775
crime,KFC_v2,static,0.3522149600580973,0.018210609659540775
crime,KFC_v2,static,0.35294117647058826,0.018210609659540775
crime,KFC_v2,static,0.35366739288307913,0.018210609659540775
crime,KFC_v2,static,0.35439360929557007,0.018210609659540775
crime,KFC_v2,static,0.355119825708061,0.018210609659540775
crime,KFC_v2,static,0.35584604212055193,0.018210609659540775
crime,KFC_v2,static,0.35657225853304286,0.018210609659540775
crime,KFC_v2,static,0.3572984749455338,0.018210609659540775
crime,KFC_v2,static,0.35802469135802467,0.018210609659540775
crime,KFC_v2,static,0.3587509077705156,0.018210609659540775
crime,KFC_v2,static,0.35947712418300654,0.018210609659540775
crime,KFC_v2,static,0.36020334059549747,0.018210609659540775
crime,KFC_v2,static,0.3609295570079884,0.018210609659540775
crime,KFC_v2,static,0.3616557734204793,0.018210609659540775
crime,KFC_v2,static,0.3623819898329702,0.018210609659540775
crime,KFC_v2,static,0.36310820624546114,0.018210609659540775
crime,KFC_v2,static,0.3638344226579521,0.018210609659540775
crime,KFC_v2,static,0.364560639070443,0.018210609659540775
crime,KFC_v2,static,0.36528685548293394,0.018210609659540775
crime,KFC_v2,static,0.3660130718954248,0.018210609659540775
crime,KFC_v2,static,0.36673928830791575,0.018210609659540775
crime,KFC_v2,static,0.3674655047204067,0.018210609659540775
crime,KFC_v2,static,0.3681917211328976,0.018210609659540775
crime,KFC_v2,static,0.36891793754538854,0.018210609659540775
crime,KFC_v2,static,0.3696441539578795,0.018210609659540775
crime,KFC_v2,static,0.37037037037037035,0.018210609659540775
crime,KFC_v2,static,0.3710965867828613,0.018210609659540775
crime,KFC_v2,static,0.3718228031953522,0.018210609659540775
crime,KFC_v2,static,0.37254901960784315,0.018210609659540775
crime,KFC_v2,static,0.3732752360203341,0.018210609659540775
crime,KFC_v2,static,0.37400145243282495,0.018210609659540775
crime,KFC_v2,static,0.3747276688453159,0.018210609659540775
crime,KFC_v2,static,0.3754538852578068,0.0166270783847981
crime,KFC_v2,static,0.37618010167029775,0.0166270783847981
crime,KFC_v2,static,0.3769063180827887,0.0166270783847981
crime,KFC_v2,static,0.3776325344952796,0.0166270783847981
crime,KFC_v2,static,0.3783587509077705,0.0166270783847981
crime,KFC_v2,static,0.3790849673202614,0.0166270783847981
crime,KFC_v2,static,0.37981118373275236,0.0166270783847981
crime,KFC_v2,static,0.3805374001452433,0.0166270783847981
crime,KFC_v2,static,0.3812636165577342,0.0166270783847981
crime,KFC_v2,static,0.38198983297022515,0.0166270783847981
crime,KFC_v2,static,0.38271604938271603,0.0166270783847981
crime,KFC_v2,static,0.38344226579520696,0.0166270783847981
crime,KFC_v2,static,0.3841684822076979,0.0166270783847981
crime,KFC_v2,static,0.3848946986201888,0.0166270783847981
crime,KFC_v2,static,0.38562091503267976,0.0166270783847981
crime,KFC_v2,static,0.38634713144517063,0.0166270783847981
crime,KFC_v2,static,0.38707334785766156,0.0166270783847981
crime,KFC_v2,static,0.3877995642701525,0.0166270783847981
crime,KFC_v2,static,0.38852578068264343,0.0166270783847981
crime,KFC_v2,static,0.38925199709513436,0.0166270783847981
crime,KFC_v2,static,0.3899782135076253,0.0166270783847981
crime,KFC_v2,static,0.39070442992011617,0.0166270783847981
crime,KFC_v2,static,0.3914306463326071,0.0166270783847981
crime,KFC_v2,static,0.39215686274509803,0.0166270783847981
crime,KFC_v2,static,0.39288307915758897,0.0166270783847981
crime,KFC_v2,static,0.3936092955700799,0.01583531274742676
crime,KFC_v2,static,0.39433551198257083,0.01583531274742676
crime,KFC_v2,static,0.3950617283950617,0.01583531274742676
crime,KFC_v2,static,0.39578794480755264,0.01583531274742676
crime,KFC_v2,static,0.39651416122004357,0.01583531274742676
crime,KFC_v2,static,0.3972403776325345,0.01583531274742676
crime,KFC_v2,static,0.39796659404502543,0.01583531274742676
crime,KFC_v2,static,0.3986928104575163,0.01583531274742676
crime,KFC_v2,static,0.39941902687000724,0.01583531274742676
crime,KFC_v2,static,0.4001452432824982,0.01583531274742676
crime,KFC_v2,static,0.4008714596949891,0.01583531274742676
crime,KFC_v2,static,0.40159767610748004,0.01583531274742676
crime,KFC_v2,static,0.40232389251997097,0.01583531274742676
crime,KFC_v2,static,0.40305010893246185,0.01583531274742676
crime,KFC_v2,static,0.4037763253449528,0.01583531274742676
crime,KFC_v2,static,0.4045025417574437,0.01583531274742676
crime,KFC_v2,static,0.40522875816993464,0.01583531274742676
crime,KFC_v2,static,0.4059549745824256,0.015043547110055424
crime,KFC_v2,static,0.4066811909949165,0.015043547110055424
crime,KFC_v2,static,0.4074074074074074,0.015043547110055424
crime,KFC_v2,static,0.4081336238198983,0.015043547110055424
crime,KFC_v2,static,0.40885984023238925,0.015043547110055424
crime,KFC_v2,static,0.4095860566448802,0.015043547110055424
crime,KFC_v2,static,0.4103122730573711,0.015043547110055424
crime,KFC_v2,static,0.41103848946986205,0.015043547110055424
crime,KFC_v2,static,0.4117647058823529,0.015043547110055424
crime,KFC_v2,static,0.41249092229484385,0.015043547110055424
crime,KFC_v2,static,0.4132171387073348,0.015043547110055424
crime,KFC_v2,static,0.4139433551198257,0.014251781472684086
crime,KFC_v2,static,0.41466957153231665,0.014251781472684086
crime,KFC_v2,static,0.4153957879448075,0.014251781472684086
crime,KFC_v2,static,0.41612200435729846,0.014251781472684086
crime,KFC_v2,static,0.4168482207697894,0.014251781472684086
crime,KFC_v2,static,0.4175744371822803,0.014251781472684086
crime,KFC_v2,static,0.41830065359477125,0.014251781472684086
crime,KFC_v2,static,0.4190268700072622,0.014251781472684086
crime,KFC_v2,static,0.41975308641975306,0.014251781472684086
crime,KFC_v2,static,0.420479302832244,0.014251781472684086
crime,KFC_v2,static,0.4212055192447349,0.014251781472684086
crime,KFC_v2,static,0.42193173565722586,0.014251781472684086
crime,KFC_v2,static,0.4226579520697168,0.014251781472684086
crime,KFC_v2,static,0.4233841684822077,0.014251781472684086
crime,KFC_v2,static,0.4241103848946986,0.014251781472684086
crime,KFC_v2,static,0.42483660130718953,0.014251781472684086
crime,KFC_v2,static,0.42556281771968046,0.014251781472684086
crime,KFC_v2,static,0.4262890341321714,0.014251781472684086
crime,KFC_v2,static,0.42701525054466233,0.014251781472684086
crime,KFC_v2,static,0.4277414669571532,0.014251781472684086
crime,KFC_v2,static,0.42846768336964414,0.014251781472684086
crime,KFC_v2,static,0.42919389978213507,0.014251781472684086
crime,KFC_v2,static,0.429920116194626,0.014251781472684086
crime,KFC_v2,static,0.43064633260711693,0.014251781472684086
crime,KFC_v2,static,0.43137254901960786,0.014251781472684086
crime,KFC_v2,static,0.43209876543209874,0.014251781472684086
crime,KFC_v2,static,0.4328249818445897,0.014251781472684086
crime,KFC_v2,static,0.4335511982570806,0.014251781472684086
crime,KFC_v2,static,0.43427741466957154,0.014251781472684086
crime,KFC_v2,static,0.43500363108206247,0.014251781472684086
crime,KFC_v2,static,0.4357298474945534,0.014251781472684086
crime,KFC_v2,static,0.4364560639070443,0.014251781472684086
crime,KFC_v2,static,0.4371822803195352,0.014251781472684086
crime,KFC_v2,static,0.43790849673202614,0.014251781472684086
crime,KFC_v2,static,0.4386347131445171,0.014251781472684086
crime,KFC_v2,static,0.439360929557008,0.014251781472684086
crime,KFC_v2,static,0.4400871459694989,0.014251781472684086
crime,KFC_v2,static,0.4408133623819898,0.014251781472684086
crime,KFC_v2,static,0.44153957879448075,0.014251781472684086
crime,KFC_v2,static,0.4422657952069717,0.014251781472684086
crime,KFC_v2,static,0.4429920116194626,0.014251781472684086
crime,KFC_v2,static,0.44371822803195354,0.014251781472684086
crime,KFC_v2,static,0.4444444444444444,0.014251781472684086
crime,KFC_v2,static,0.44517066085693535,0.014251781472684086
crime,KFC_v2,static,0.4458968772694263,0.014251781472684086
crime,KFC_v2,static,0.4466230936819172,0.014251781472684086
crime,KFC_v2,static,0.44734931009440815,0.014251781472684086
crime,KFC_v2,static,0.4480755265068991,0.014251781472684086
crime,KFC_v2,static,0.44880174291938996,0.014251781472684086
crime,KFC_v2,static,0.4495279593318809,0.014251781472684086
crime,KFC_v2,static,0.4502541757443718,0.014251781472684086
crime,KFC_v2,static,0.45098039215686275,0.014251781472684086
crime,KFC_v2,static,0.4517066085693537,0.014251781472684086
crime,KFC_v2,static,0.45243282498184456,0.014251781472684086
crime,KFC_v2,static,0.4531590413943355,0.014251781472684086
crime,KFC_v2,static,0.4538852578068264,0.014251781472684086
crime,KFC_v2,static,0.45461147421931736,0.014251781472684086
crime,KFC_v2,static,0.4553376906318083,0.014251781472684086
crime,KFC_v2,static,0.4560639070442992,0.014251781472684086
crime,KFC_v2,static,0.4567901234567901,0.014251781472684086
crime,KFC_v2,static,0.45751633986928103,0.014251781472684086
crime,KFC_v2,static,0.45824255628177196,0.014251781472684086
crime,KFC_v2,static,0.4589687726942629,0.014251781472684086
crime,KFC_v2,static,0.4596949891067538,0.014251781472684086
crime,KFC_v2,static,0.46042120551924476,0.014251781472684086
crime,KFC_v2,static,0.46114742193173563,0.014251781472684086
crime,KFC_v2,static,0.46187363834422657,0.014251781472684086
crime,KFC_v2,static,0.4625998547567175,0.014251781472684086
crime,KFC_v2,static,0.46332607116920843,0.014251781472684086
crime,KFC_v2,static,0.46405228758169936,0.014251781472684086
crime,KFC_v2,static,0.4647785039941903,0.014251781472684086
crime,KFC_v2,static,0.46550472040668117,0.014251781472684086
crime,KFC_v2,static,0.4662309368191721,0.014251781472684086
crime,KFC_v2,static,0.46695715323166304,0.014251781472684086
crime,KFC_v2,static,0.46768336964415397,0.014251781472684086
crime,KFC_v2,static,0.4684095860566449,0.014251781472684086
crime,KFC_v2,static,0.4691358024691358,0.014251781472684086
crime,KFC_v2,static,0.4698620188816267,0.014251781472684086
crime,KFC_v2,static,0.47058823529411764,0.014251781472684086
crime,KFC_v2,static,0.4713144517066086,0.014251781472684086
crime,KFC_v2,static,0.4720406681190995,0.014251781472684086
crime,KFC_v2,static,0.47276688453159044,0.014251781472684086
crime,KFC_v2,static,0.4734931009440813,0.014251781472684086
crime,KFC_v2,static,0.47421931735657225,0.014251781472684086
crime,KFC_v2,static,0.4749455337690632,0.014251781472684086
crime,KFC_v2,static,0.4756717501815541,0.014251781472684086
crime,KFC_v2,static,0.47639796659404504,0.014251781472684086
crime,KFC_v2,static,0.477124183006536,0.014251781472684086
crime,KFC_v2,static,0.47785039941902685,0.014251781472684086
crime,KFC_v2,static,0.4785766158315178,0.014251781472684086
crime,KFC_v2,static,0.4793028322440087,0.014251781472684086
crime,KFC_v2,static,0.48002904865649965,0.014251781472684086
crime,KFC_v2,static,0.4807552650689906,0.014251781472684086
crime,KFC_v2,static,0.48148148148148145,0.014251781472684086
crime,KFC_v2,static,0.4822076978939724,0.014251781472684086
crime,KFC_v2,static,0.4829339143064633,0.014251781472684086
crime,KFC_v2,static,0.48366013071895425,0.014251781472684086
crime,KFC_v2,static,0.4843863471314452,0.014251781472684086
crime,KFC_v2,static,0.4851125635439361,0.014251781472684086
crime,KFC_v2,static,0.485838779956427,0.013460015835312747
crime,KFC_v2,static,0.4865649963689179,0.013460015835312747
crime,KFC_v2,static,0.48729121278140886,0.013460015835312747
crime,KFC_v2,static,0.4880174291938998,0.013460015835312747
crime,KFC_v2,static,0.4887436456063907,0.011876484560570071
crime,KFC_v2,static,0.48946986201888165,0.011876484560570071
crime,KFC_v2,static,0.49019607843137253,0.011084718923198733
crime,KFC_v2,static,0.49092229484386346,0.011084718923198733
crime,KFC_v2,static,0.4916485112563544,0.011084718923198733
crime,KFC_v2,static,0.4923747276688453,0.011084718923198733
crime,KFC_v2,static,0.49310094408133626,0.011084718923198733
crime,KFC_v2,static,0.49382716049382713,0.011084718923198733
crime,KFC_v2,static,0.49455337690631807,0.011084718923198733
crime,KFC_v2,static,0.495279593318809,0.011084718923198733
crime,KFC_v2,static,0.49600580973129993,0.011084718923198733
crime,KFC_v2,static,0.49673202614379086,0.011084718923198733
crime,KFC_v2,static,0.4974582425562818,0.011084718923198733
crime,KFC_v2,static,0.49818445896877267,0.011084718923198733
crime,KFC_v2,static,0.4989106753812636,0.011084718923198733
crime,KFC_v2,static,0.49963689179375453,0.011084718923198733
crime,KFC_v2,static,0.5003631082062454,0.011084718923198733
crime,KFC_v2,static,0.5010893246187363,0.011084718923198733
crime,KFC_v2,static,0.5018155410312273,0.011084718923198733
crime,KFC_v2,static,0.5025417574437182,0.011084718923198733
crime,KFC_v2,static,0.5032679738562091,0.011084718923198733
crime,KFC_v2,static,0.5039941902687001,0.011084718923198733
crime,KFC_v2,static,0.504720406681191,0.011084718923198733
crime,KFC_v2,static,0.5054466230936819,0.011084718923198733
crime,KFC_v2,static,0.5061728395061729,0.011084718923198733
crime,KFC_v2,static,0.5068990559186638,0.011084718923198733
crime,KFC_v2,static,0.5076252723311547,0.011084718923198733
crime,KFC_v2,static,0.5083514887436456,0.011084718923198733
crime,KFC_v2,static,0.5090777051561365,0.011084718923198733
crime,KFC_v2,static,0.5098039215686274,0.011084718923198733
crime,KFC_v2,static,0.5105301379811183,0.011084718923198733
crime,KFC_v2,static,0.5112563543936093,0.011084718923198733
crime,KFC_v2,static,0.5119825708061002,0.011084718923198733
crime,KFC_v2,static,0.5127087872185911,0.011084718923198733
crime,KFC_v2,static,0.5134350036310821,0.011084718923198733
crime,KFC_v2,static,0.514161220043573,0.011084718923198733
crime,KFC_v2,static,0.5148874364560639,0.011084718923198733
crime,KFC_v2,static,0.5156136528685549,0.011084718923198733
crime,KFC_v2,static,0.5163398692810458,0.011084718923198733
crime,KFC_v2,static,0.5170660856935366,0.011084718923198733
crime,KFC_v2,static,0.5177923021060276,0.011084718923198733
crime,KFC_v2,static,0.5185185185185185,0.011084718923198733
crime,KFC_v2,static,0.5192447349310094,0.011084718923198733
crime,KFC_v2,static,0.5199709513435004,0.011084718923198733
crime,KFC_v2,static,0.5206971677559913,0.011084718923198733
crime,KFC_v2,static,0.5214233841684822,0.011084718923198733
crime,KFC_v2,static,0.5221496005809731,0.011084718923198733
crime,KFC_v2,static,0.5228758169934641,0.011084718923198733
crime,KFC_v2,static,0.523602033405955,0.011084718923198733
crime,KFC_v2,static,0.524328249818446,0.011084718923198733
crime,KFC_v2,static,0.5250544662309368,0.011084718923198733
crime,KFC_v2,static,0.5257806826434277,0.011084718923198733
crime,KFC_v2,static,0.5265068990559186,0.011084718923198733
crime,KFC_v2,static,0.5272331154684096,0.011084718923198733
crime,KFC_v2,static,0.5279593318809005,0.011084718923198733
crime,KFC_v2,static,0.5286855482933914,0.011084718923198733
crime,KFC_v2,static,0.5294117647058824,0.011084718923198733
crime,KFC_v2,static,0.5301379811183733,0.011084718923198733
crime,KFC_v2,static,0.5308641975308642,0.011084718923198733
crime,KFC_v2,static,0.5315904139433552,0.011084718923198733
crime,KFC_v2,static,0.5323166303558461,0.011084718923198733
crime,KFC_v2,static,0.5330428467683369,0.011084718923198733
crime,KFC_v2,static,0.5337690631808278,0.011084718923198733
crime,KFC_v2,static,0.5344952795933188,0.011084718923198733
crime,KFC_v2,static,0.5352214960058097,0.011084718923198733
crime,KFC_v2,static,0.5359477124183006,0.011084718923198733
crime,KFC_v2,static,0.5366739288307916,0.011084718923198733
crime,KFC_v2,static,0.5374001452432825,0.011084718923198733
crime,KFC_v2,static,0.5381263616557734,0.011084718923198733
crime,KFC_v2,static,0.5388525780682644,0.011084718923198733
crime,KFC_v2,static,0.5395787944807553,0.011084718923198733
crime,KFC_v2,static,0.5403050108932462,0.011084718923198733
crime,KFC_v2,static,0.5410312273057372,0.011084718923198733
crime,KFC_v2,static,0.541757443718228,0.011084718923198733
crime,KFC_v2,static,0.5424836601307189,0.011084718923198733
crime,KFC_v2,static,0.5432098765432098,0.011084718923198733
crime,KFC_v2,static,0.5439360929557008,0.011084718923198733
crime,KFC_v2,static,0.5446623093681917,0.011084718923198733
crime,KFC_v2,static,0.5453885257806826,0.011084718923198733
crime,KFC_v2,static,0.5461147421931736,0.011084718923198733
crime,KFC_v2,static,0.5468409586056645,0.011084718923198733
crime,KFC_v2,static,0.5475671750181554,0.011084718923198733
crime,KFC_v2,static,0.5482933914306464,0.011084718923198733
crime,KFC_v2,static,0.5490196078431373,0.011084718923198733
crime,KFC_v2,static,0.5497458242556281,0.011084718923198733
crime,KFC_v2,static,0.5504720406681191,0.011084718923198733
crime,KFC_v2,static,0.55119825708061,0.011084718923198733
crime,KFC_v2,static,0.5519244734931009,0.011084718923198733
crime,KFC_v2,static,0.5526506899055919,0.011084718923198733
crime,KFC_v2,static,0.5533769063180828,0.011084718923198733
crime,KFC_v2,static,0.5541031227305737,0.011084718923198733
crime,KFC_v2,static,0.5548293391430646,0.011084718923198733
crime,KFC_v2,static,0.5555555555555556,0.011084718923198733
crime,KFC_v2,static,0.5562817719680465,0.011084718923198733
crime,KFC_v2,static,0.5570079883805374,0.011084718923198733
crime,KFC_v2,static,0.5577342047930283,0.011084718923198733
crime,KFC_v2,static,0.5584604212055192,0.011084718923198733
crime,KFC_v2,static,0.5591866376180101,0.011084718923198733
crime,KFC_v2,static,0.5599128540305011,0.011084718923198733
crime,KFC_v2,static,0.560639070442992,0.011084718923198733
crime,KFC_v2,static,0.5613652868554829,0.011084718923198733
crime,KFC_v2,static,0.5620915032679739,0.011084718923198733
crime,KFC_v2,static,0.5628177196804648,0.011084718923198733
crime,KFC_v2,static,0.5635439360929557,0.011084718923198733
crime,KFC_v2,static,0.5642701525054467,0.011084718923198733
crime,KFC_v2,static,0.5649963689179376,0.011084718923198733
crime,KFC_v2,static,0.5657225853304285,0.011084718923198733
crime,KFC_v2,static,0.5664488017429193,0.011084718923198733
crime,KFC_v2,static,0.5671750181554103,0.011084718923198733
crime,KFC_v2,static,0.5679012345679012,0.011084718923198733
crime,KFC_v2,static,0.5686274509803921,0.011084718923198733
crime,KFC_v2,static,0.5693536673928831,0.011084718923198733
crime,KFC_v2,static,0.570079883805374,0.011084718923198733
crime,KFC_v2,static,0.5708061002178649,0.011084718923198733
crime,KFC_v2,static,0.5715323166303559,0.011084718923198733
crime,KFC_v2,static,0.5722585330428468,0.011084718923198733
crime,KFC_v2,static,0.5729847494553377,0.011084718923198733
crime,KFC_v2,static,0.5737109658678287,0.011084718923198733
crime,KFC_v2,static,0.5744371822803195,0.011084718923198733
crime,KFC_v2,static,0.5751633986928104,0.011084718923198733
crime,KFC_v2,static,0.5758896151053013,0.011084718923198733
crime,KFC_v2,static,0.5766158315177923,0.011084718923198733
crime,KFC_v2,static,0.5773420479302832,0.011084718923198733
crime,KFC_v2,static,0.5780682643427741,0.011084718923198733
crime,KFC_v2,static,0.5787944807552651,0.011084718923198733
crime,KFC_v2,static,0.579520697167756,0.011084718923198733
crime,KFC_v2,static,0.5802469135802469,0.011084718923198733
crime,KFC_v2,static,0.5809731299927379,0.011084718923198733
crime,KFC_v2,static,0.5816993464052288,0.011084718923198733
crime,KFC_v2,static,0.5824255628177197,0.011084718923198733
crime,KFC_v2,static,0.5831517792302106,0.011084718923198733
crime,KFC_v2,static,0.5838779956427015,0.011084718923198733
crime,KFC_v2,static,0.5846042120551924,0.011084718923198733
crime,KFC_v2,static,0.5853304284676834,0.011084718923198733
crime,KFC_v2,static,0.5860566448801743,0.011084718923198733
crime,KFC_v2,static,0.5867828612926652,0.011084718923198733
crime,KFC_v2,static,0.5875090777051561,0.011084718923198733
crime,KFC_v2,static,0.5882352941176471,0.011084718923198733
crime,KFC_v2,static,0.588961510530138,0.011084718923198733
crime,KFC_v2,static,0.5896877269426289,0.011084718923198733
crime,KFC_v2,static,0.5904139433551199,0.011084718923198733
crime,KFC_v2,static,0.5911401597676107,0.011084718923198733
crime,KFC_v2,static,0.5918663761801016,0.011084718923198733
crime,KFC_v2,static,0.5925925925925926,0.011084718923198733
crime,KFC_v2,static,0.5933188090050835,0.011084718923198733
crime,KFC_v2,static,0.5940450254175744,0.011084718923198733
crime,KFC_v2,static,0.5947712418300654,0.011084718923198733
crime,KFC_v2,static,0.5954974582425563,0.011084718923198733
crime,KFC_v2,static,0.5962236746550472,0.011084718923198733
crime,KFC_v2,static,0.5969498910675382,0.011084718923198733
crime,KFC_v2,static,0.5976761074800291,0.011084718923198733
crime,KFC_v2,static,0.59840232389252,0.011084718923198733
crime,KFC_v2,static,0.5991285403050108,0.011084718923198733
crime,KFC_v2,static,0.5998547567175018,0.011084718923198733
crime,KFC_v2,static,0.6005809731299927,0.011084718923198733
crime,KFC_v2,static,0.6013071895424836,0.011084718923198733
crime,KFC_v2,static,0.6020334059549746,0.011084718923198733
crime,KFC_v2,static,0.6027596223674655,0.011084718923198733
crime,KFC_v2,static,0.6034858387799564,0.011084718923198733
crime,KFC_v2,static,0.6042120551924474,0.011084718923198733
crime,KFC_v2,static,0.6049382716049383,0.011084718923198733
crime,KFC_v2,static,0.6056644880174292,0.011084718923198733
crime,KFC_v2,static,0.6063907044299202,0.011084718923198733
crime,KFC_v2,static,0.6071169208424111,0.011084718923198733
crime,KFC_v2,static,0.6078431372549019,0.011084718923198733
crime,KFC_v2,static,0.6085693536673928,0.011084718923198733
crime,KFC_v2,static,0.6092955700798838,0.011084718923198733
crime,KFC_v2,static,0.6100217864923747,0.011084718923198733
crime,KFC_v2,static,0.6107480029048656,0.011084718923198733
crime,KFC_v2,static,0.6114742193173566,0.011084718923198733
crime,KFC_v2,static,0.6122004357298475,0.011084718923198733
crime,KFC_v2,static,0.6129266521423384,0.011084718923198733
crime,KFC_v2,static,0.6136528685548294,0.011084718923198733
crime,KFC_v2,static,0.6143790849673203,0.011084718923198733
crime,KFC_v2,static,0.6151053013798112,0.011084718923198733
crime,KFC_v2,static,0.615831517792302,0.011084718923198733
crime,KFC_v2,static,0.616557734204793,0.011084718923198733
crime,KFC_v2,static,0.6172839506172839,0.011084718923198733
crime,KFC_v2,static,0.6180101670297748,0.011084718923198733
crime,KFC_v2,static,0.6187363834422658,0.011084718923198733
crime,KFC_v2,static,0.6194625998547567,0.011084718923198733
crime,KFC_v2,static,0.6201888162672476,0.011084718923198733
crime,KFC_v2,static,0.6209150326797386,0.011084718923198733
crime,KFC_v2,static,0.6216412490922295,0.011084718923198733
crime,KFC_v2,static,0.6223674655047204,0.011084718923198733
crime,KFC_v2,static,0.6230936819172114,0.011084718923198733
crime,KFC_v2,static,0.6238198983297023,0.011084718923198733
crime,KFC_v2,static,0.6245461147421931,0.011084718923198733
crime,KFC_v2,static,0.6252723311546841,0.011084718923198733
crime,KFC_v2,static,0.625998547567175,0.011084718923198733
crime,KFC_v2,static,0.6267247639796659,0.011084718923198733
crime,KFC_v2,static,0.6274509803921569,0.011084718923198733
crime,KFC_v2,static,0.6281771968046478,0.011084718923198733
crime,KFC_v2,static,0.6289034132171387,0.011084718923198733
crime,KFC_v2,static,0.6296296296296297,0.011084718923198733
crime,KFC_v2,static,0.6303558460421206,0.011084718923198733
crime,KFC_v2,static,0.6310820624546115,0.011084718923198733
crime,KFC_v2,static,0.6318082788671024,0.011084718923198733
crime,KFC_v2,static,0.6325344952795933,0.011084718923198733
crime,KFC_v2,static,0.6332607116920842,0.011084718923198733
crime,KFC_v2,static,0.6339869281045751,0.011084718923198733
crime,KFC_v2,static,0.6347131445170661,0.011084718923198733
crime,KFC_v2,static,0.635439360929557,0.011084718923198733
crime,KFC_v2,static,0.6361655773420479,0.011084718923198733
crime,KFC_v2,static,0.6368917937545389,0.011084718923198733
crime,KFC_v2,static,0.6376180101670298,0.011084718923198733
crime,KFC_v2,static,0.6383442265795207,0.011084718923198733
crime,KFC_v2,static,0.6390704429920117,0.011084718923198733
crime,KFC_v2,static,0.6397966594045026,0.011084718923198733
crime,KFC_v2,static,0.6405228758169934,0.011084718923198733
crime,KFC_v2,static,0.6412490922294843,0.011084718923198733
crime,KFC_v2,static,0.6419753086419753,0.011084718923198733
crime,KFC_v2,static,0.6427015250544662,0.011084718923198733
crime,KFC_v2,static,0.6434277414669571,0.011084718923198733
crime,KFC_v2,static,0.6441539578794481,0.011084718923198733
crime,KFC_v2,static,0.644880174291939,0.011084718923198733
crime,KFC_v2,static,0.6456063907044299,0.011084718923198733
crime,KFC_v2,static,0.6463326071169209,0.011084718923198733
crime,KFC_v2,static,0.6470588235294118,0.011084718923198733
crime,KFC_v2,static,0.6477850399419027,0.010292953285827395
crime,KFC_v2,static,0.6485112563543937,0.010292953285827395
crime,KFC_v2,static,0.6492374727668845,0.010292953285827395
crime,KFC_v2,static,0.6499636891793754,0.010292953285827395
crime,KFC_v2,static,0.6506899055918663,0.009501187648456057
crime,KFC_v2,static,0.6514161220043573,0.009501187648456057
crime,KFC_v2,static,0.6521423384168482,0.00870942201108472
crime,KFC_v2,static,0.6528685548293391,0.00870942201108472
crime,KFC_v2,static,0.6535947712418301,0.00870942201108472
crime,KFC_v2,static,0.654320987654321,0.00870942201108472
crime,KFC_v2,static,0.6550472040668119,0.00870942201108472
crime,KFC_v2,static,0.6557734204793029,0.00870942201108472
crime,KFC_v2,static,0.6564996368917938,0.00870942201108472
crime,KFC_v2,static,0.6572258533042846,0.00870942201108472
crime,KFC_v2,static,0.6579520697167756,0.00870942201108472
crime,KFC_v2,static,0.6586782861292665,0.00870942201108472
crime,KFC_v2,static,0.6594045025417574,0.00870942201108472
crime,KFC_v2,static,0.6601307189542484,0.00870942201108472
crime,KFC_v2,static,0.6608569353667393,0.00870942201108472
crime,KFC_v2,static,0.6615831517792302,0.00870942201108472
crime,KFC_v2,static,0.6623093681917211,0.00870942201108472
crime,KFC_v2,static,0.6630355846042121,0.00870942201108472
crime,KFC_v2,static,0.663761801016703,0.00870942201108472
crime,KFC_v2,static,0.664488017429194,0.00870942201108472
crime,KFC_v2,static,0.6652142338416848,0.00870942201108472
crime,KFC_v2,static,0.6659404502541757,0.00870942201108472
crime,KFC_v2,static,0.6666666666666666,0.00870942201108472
crime,KFC_v2,static,0.6673928830791576,0.00870942201108472
crime,KFC_v2,static,0.6681190994916485,0.00870942201108472
crime,KFC_v2,static,0.6688453159041394,0.00870942201108472
crime,KFC_v2,static,0.6695715323166304,0.00870942201108472
crime,KFC_v2,static,0.6702977487291213,0.00870942201108472
crime,KFC_v2,static,0.6710239651416122,0.00870942201108472
crime,KFC_v2,static,0.6717501815541032,0.00870942201108472
crime,KFC_v2,static,0.6724763979665941,0.00870942201108472
crime,KFC_v2,static,0.673202614379085,0.00870942201108472
crime,KFC_v2,static,0.6739288307915758,0.00870942201108472
crime,KFC_v2,static,0.6746550472040668,0.00870942201108472
crime,KFC_v2,static,0.6753812636165577,0.00870942201108472
crime,KFC_v2,static,0.6761074800290486,0.00870942201108472
crime,KFC_v2,static,0.6768336964415396,0.00870942201108472
crime,KFC_v2,static,0.6775599128540305,0.00870942201108472
crime,KFC_v2,static,0.6782861292665214,0.00870942201108472
crime,KFC_v2,static,0.6790123456790124,0.00870942201108472
crime,KFC_v2,static,0.6797385620915033,0.00870942201108472
crime,KFC_v2,static,0.6804647785039942,0.00870942201108472
crime,KFC_v2,static,0.6811909949164852,0.00870942201108472
crime,KFC_v2,static,0.681917211328976,0.00870942201108472
crime,KFC_v2,static,0.6826434277414669,0.00870942201108472
crime,KFC_v2,static,0.6833696441539578,0.00870942201108472
crime,KFC_v2,static,0.6840958605664488,0.00870942201108472
crime,KFC_v2,static,0.6848220769789397,0.00870942201108472
crime,KFC_v2,static,0.6855482933914306,0.00870942201108472
crime,KFC_v2,static,0.6862745098039216,0.00870942201108472
crime,KFC_v2,static,0.6870007262164125,0.00870942201108472
crime,KFC_v2,static,0.6877269426289034,0.00870942201108472
crime,KFC_v2,static,0.6884531590413944,0.00870942201108472
crime,KFC_v2,static,0.6891793754538853,0.00870942201108472
crime,KFC_v2,static,0.6899055918663762,0.00870942201108472
crime,KFC_v2,static,0.690631808278867,0.00870942201108472
crime,KFC_v2,static,0.691358024691358,0.00870942201108472
crime,KFC_v2,static,0.6920842411038489,0.00870942201108472
crime,KFC_v2,static,0.6928104575163399,0.00870942201108472
crime,KFC_v2,static,0.6935366739288308,0.00870942201108472
crime,KFC_v2,static,0.6942628903413217,0.00870942201108472
crime,KFC_v2,static,0.6949891067538126,0.00870942201108472
crime,KFC_v2,static,0.6957153231663036,0.00870942201108472
crime,KFC_v2,static,0.6964415395787945,0.00870942201108472
crime,KFC_v2,static,0.6971677559912854,0.00870942201108472
crime,KFC_v2,static,0.6978939724037764,0.00870942201108472
crime,KFC_v2,static,0.6986201888162672,0.00870942201108472
crime,KFC_v2,static,0.6993464052287581,0.00870942201108472
crime,KFC_v2,static,0.7000726216412491,0.00870942201108472
crime,KFC_v2,static,0.70079883805374,0.00870942201108472
crime,KFC_v2,static,0.7015250544662309,0.00870942201108472
crime,KFC_v2,static,0.7022512708787219,0.00870942201108472
crime,KFC_v2,static,0.7029774872912128,0.00870942201108472
crime,KFC_v2,static,0.7037037037037037,0.00870942201108472
crime,KFC_v2,static,0.7044299201161947,0.00870942201108472
crime,KFC_v2,static,0.7051561365286856,0.00870942201108472
crime,KFC_v2,static,0.7058823529411765,0.00870942201108472
crime,KFC_v2,static,0.7066085693536673,0.00870942201108472
crime,KFC_v2,static,0.7073347857661583,0.00870942201108472
crime,KFC_v2,static,0.7080610021786492,0.00870942201108472
crime,KFC_v2,static,0.7087872185911401,0.00870942201108472
crime,KFC_v2,static,0.7095134350036311,0.00870942201108472
crime,KFC_v2,static,0.710239651416122,0.00870942201108472
crime,KFC_v2,static,0.7109658678286129,0.00870942201108472
crime,KFC_v2,static,0.7116920842411039,0.00870942201108472
crime,KFC_v2,static,0.7124183006535948,0.00870942201108472
crime,KFC_v2,static,0.7131445170660857,0.00870942201108472
crime,KFC_v2,static,0.7138707334785767,0.00870942201108472
crime,KFC_v2,static,0.7145969498910676,0.00870942201108472
crime,KFC_v2,static,0.7153231663035584,0.00870942201108472
crime,KFC_v2,static,0.7160493827160493,0.00870942201108472
crime,KFC_v2,static,0.7167755991285403,0.00870942201108472
crime,KFC_v2,static,0.7175018155410312,0.00870942201108472
crime,KFC_v2,static,0.7182280319535221,0.00870942201108472
crime,KFC_v2,static,0.7189542483660131,0.00870942201108472
crime,KFC_v2,static,0.719680464778504,0.00870942201108472
crime,KFC_v2,static,0.7204066811909949,0.00870942201108472
crime,KFC_v2,static,0.7211328976034859,0.00870942201108472
crime,KFC_v2,static,0.7218591140159768,0.00870942201108472
crime,KFC_v2,static,0.7225853304284677,0.00870942201108472
crime,KFC_v2,static,0.7233115468409586,0.00870942201108472
crime,KFC_v2,static,0.7240377632534495,0.00870942201108472
crime,KFC_v2,static,0.7247639796659404,0.00870942201108472
crime,KFC_v2,static,0.7254901960784313,0.00870942201108472
crime,KFC_v2,static,0.7262164124909223,0.00870942201108472
crime,KFC_v2,static,0.7269426289034132,0.00870942201108472
crime,KFC_v2,static,0.7276688453159041,0.00870942201108472
crime,KFC_v2,static,0.7283950617283951,0.00870942201108472
crime,KFC_v2,static,0.729121278140886,0.00791765637371338
crime,KFC_v2,static,0.7298474945533769,0.006334125098970704
crime,KFC_v2,static,0.7305737109658679,0.006334125098970704
crime,KFC_v2,static,0.7312999273783587,0.006334125098970704
crime,KFC_v2,static,0.7320261437908496,0.006334125098970704
crime,KFC_v2,static,0.7327523602033406,0.006334125098970704
crime,KFC_v2,static,0.7334785766158315,0.006334125098970704
crime,KFC_v2,static,0.7342047930283224,0.006334125098970704
crime,KFC_v2,static,0.7349310094408134,0.006334125098970704
crime,KFC_v2,static,0.7356572258533043,0.006334125098970704
crime,KFC_v2,static,0.7363834422657952,0.006334125098970704
crime,KFC_v2,static,0.7371096586782862,0.006334125098970704
crime,KFC_v2,static,0.7378358750907771,0.006334125098970704
crime,KFC_v2,static,0.738562091503268,0.006334125098970704
crime,KFC_v2,static,0.739288307915759,0.006334125098970704
crime,KFC_v2,static,0.7400145243282498,0.006334125098970704
crime,KFC_v2,static,0.7407407407407407,0.006334125098970704
crime,KFC_v2,static,0.7414669571532316,0.006334125098970704
crime,KFC_v2,static,0.7421931735657226,0.006334125098970704
crime,KFC_v2,static,0.7429193899782135,0.006334125098970704
crime,KFC_v2,static,0.7436456063907044,0.006334125098970704
crime,KFC_v2,static,0.7443718228031954,0.006334125098970704
crime,KFC_v2,static,0.7450980392156863,0.006334125098970704
crime,KFC_v2,static,0.7458242556281772,0.006334125098970704
crime,KFC_v2,static,0.7465504720406682,0.006334125098970704
crime,KFC_v2,static,0.7472766884531591,0.006334125098970704
crime,KFC_v2,static,0.7480029048656499,0.006334125098970704
crime,KFC_v2,static,0.7487291212781408,0.006334125098970704
crime,KFC_v2,static,0.7494553376906318,0.006334125098970704
crime,KFC_v2,static,0.7501815541031227,0.006334125098970704
crime,KFC_v2,static,0.7509077705156136,0.006334125098970704
crime,KFC_v2,static,0.7516339869281046,0.006334125098970704
crime,KFC_v2,static,0.7523602033405955,0.006334125098970704
crime,KFC_v2,static,0.7530864197530864,0.006334125098970704
crime,KFC_v2,static,0.7538126361655774,0.006334125098970704
crime,KFC_v2,static,0.7545388525780683,0.006334125098970704
crime,KFC_v2,static,0.7552650689905592,0.006334125098970704
crime,KFC_v2,static,0.7559912854030502,0.006334125098970704
crime,KFC_v2,static,0.756717501815541,0.006334125098970704
crime,KFC_v2,static,0.7574437182280319,0.006334125098970704
crime,KFC_v2,static,0.7581699346405228,0.006334125098970704
crime,KFC_v2,static,0.7588961510530138,0.006334125098970704
crime,KFC_v2,static,0.7596223674655047,0.006334125098970704
crime,KFC_v2,static,0.7603485838779956,0.006334125098970704
crime,KFC_v2,static,0.7610748002904866,0.006334125098970704
crime,KFC_v2,static,0.7618010167029775,0.006334125098970704
crime,KFC_v2,static,0.7625272331154684,0.006334125098970704
crime,KFC_v2,static,0.7632534495279594,0.006334125098970704
crime,KFC_v2,static,0.7639796659404503,0.006334125098970704
crime,KFC_v2,static,0.7647058823529411,0.006334125098970704
crime,KFC_v2,static,0.7654320987654321,0.006334125098970704
crime,KFC_v2,static,0.766158315177923,0.006334125098970704
crime,KFC_v2,static,0.7668845315904139,0.006334125098970704
crime,KFC_v2,static,0.7676107480029049,0.006334125098970704
crime,KFC_v2,static,0.7683369644153958,0.006334125098970704
crime,KFC_v2,static,0.7690631808278867,0.006334125098970704
crime,KFC_v2,static,0.7697893972403776,0.006334125098970704
crime,KFC_v2,static,0.7705156136528686,0.006334125098970704
crime,KFC_v2,static,0.7712418300653595,0.006334125098970704
crime,KFC_v2,static,0.7719680464778504,0.006334125098970704
crime,KFC_v2,static,0.7726942628903413,0.006334125098970704
crime,KFC_v2,static,0.7734204793028322,0.006334125098970704
crime,KFC_v2,static,0.7741466957153231,0.006334125098970704
crime,KFC_v2,static,0.7748729121278141,0.006334125098970704
crime,KFC_v2,static,0.775599128540305,0.006334125098970704
crime,KFC_v2,static,0.7763253449527959,0.006334125098970704
crime,KFC_v2,static,0.7770515613652869,0.006334125098970704
crime,KFC_v2,static,0.7777777777777778,0.006334125098970704
crime,KFC_v2,static,0.7785039941902687,0.006334125098970704
crime,KFC_v2,static,0.7792302106027597,0.006334125098970704
crime,KFC_v2,static,0.7799564270152506,0.006334125098970704
crime,KFC_v2,static,0.7806826434277415,0.006334125098970704
crime,KFC_v2,static,0.7814088598402323,0.006334125098970704
crime,KFC_v2,static,0.7821350762527233,0.006334125098970704
crime,KFC_v2,static,0.7828612926652142,0.006334125098970704
crime,KFC_v2,static,0.7835875090777051,0.006334125098970704
crime,KFC_v2,static,0.7843137254901961,0.006334125098970704
crime,KFC_v2,static,0.785039941902687,0.006334125098970704
crime,KFC_v2,static,0.7857661583151779,0.006334125098970704
crime,KFC_v2,static,0.7864923747276689,0.006334125098970704
crime,KFC_v2,static,0.7872185911401598,0.006334125098970704
crime,KFC_v2,static,0.7879448075526507,0.006334125098970704
crime,KFC_v2,static,0.7886710239651417,0.006334125098970704
crime,KFC_v2,static,0.7893972403776325,0.006334125098970704
crime,KFC_v2,static,0.7901234567901234,0.006334125098970704
crime,KFC_v2,static,0.7908496732026143,0.006334125098970704
crime,KFC_v2,static,0.7915758896151053,0.006334125098970704
crime,KFC_v2,static,0.7923021060275962,0.006334125098970704
crime,KFC_v2,static,0.7930283224400871,0.006334125098970704
crime,KFC_v2,static,0.7937545388525781,0.006334125098970704
crime,KFC_v2,static,0.794480755265069,0.006334125098970704
crime,KFC_v2,static,0.7952069716775599,0.006334125098970704
crime,KFC_v2,static,0.7959331880900509,0.006334125098970704
crime,KFC_v2,static,0.7966594045025418,0.006334125098970704
crime,KFC_v2,static,0.7973856209150326,0.006334125098970704
crime,KFC_v2,static,0.7981118373275236,0.006334125098970704
crime,KFC_v2,static,0.7988380537400145,0.006334125098970704
crime,KFC_v2,static,0.7995642701525054,0.006334125098970704
crime,KFC_v2,static,0.8002904865649964,0.006334125098970704
crime,KFC_v2,static,0.8010167029774873,0.006334125098970704
crime,KFC_v2,static,0.8017429193899782,0.006334125098970704
crime,KFC_v2,static,0.8024691358024691,0.006334125098970704
crime,KFC_v2,static,0.8031953522149601,0.006334125098970704
crime,KFC_v2,static,0.803921568627451,0.006334125098970704
crime,KFC_v2,static,0.8046477850399419,0.006334125098970704
crime,KFC_v2,static,0.8053740014524329,0.006334125098970704
crime,KFC_v2,static,0.8061002178649237,0.006334125098970704
crime,KFC_v2,static,0.8068264342774146,0.006334125098970704
crime,KFC_v2,static,0.8075526506899056,0.006334125098970704
crime,KFC_v2,static,0.8082788671023965,0.006334125098970704
crime,KFC_v2,static,0.8090050835148874,0.006334125098970704
crime,KFC_v2,static,0.8097312999273784,0.006334125098970704
crime,KFC_v2,static,0.8104575163398693,0.006334125098970704
crime,KFC_v2,static,0.8111837327523602,0.006334125098970704
crime,KFC_v2,static,0.8119099491648512,0.006334125098970704
crime,KFC_v2,static,0.8126361655773421,0.006334125098970704
crime,KFC_v2,static,0.813362381989833,0.006334125098970704
crime,KFC_v2,static,0.8140885984023238,0.006334125098970704
crime,KFC_v2,static,0.8148148148148148,0.006334125098970704
crime,KFC_v2,static,0.8155410312273057,0.006334125098970704
crime,KFC_v2,static,0.8162672476397966,0.006334125098970704
crime,KFC_v2,static,0.8169934640522876,0.006334125098970704
crime,KFC_v2,static,0.8177196804647785,0.006334125098970704
crime,KFC_v2,static,0.8184458968772694,0.006334125098970704
crime,KFC_v2,static,0.8191721132897604,0.006334125098970704
crime,KFC_v2,static,0.8198983297022513,0.006334125098970704
crime,KFC_v2,static,0.8206245461147422,0.006334125098970704
crime,KFC_v2,static,0.8213507625272332,0.006334125098970704
crime,KFC_v2,static,0.8220769789397241,0.006334125098970704
crime,KFC_v2,static,0.8228031953522149,0.006334125098970704
crime,KFC_v2,static,0.8235294117647058,0.006334125098970704
crime,KFC_v2,static,0.8242556281771968,0.006334125098970704
crime,KFC_v2,static,0.8249818445896877,0.006334125098970704
crime,KFC_v2,static,0.8257080610021786,0.006334125098970704
crime,KFC_v2,static,0.8264342774146696,0.006334125098970704
crime,KFC_v2,static,0.8271604938271605,0.006334125098970704
crime,KFC_v2,static,0.8278867102396514,0.006334125098970704
crime,KFC_v2,static,0.8286129266521424,0.006334125098970704
crime,KFC_v2,static,0.8293391430646333,0.006334125098970704
crime,KFC_v2,static,0.8300653594771242,0.006334125098970704
crime,KFC_v2,static,0.830791575889615,0.006334125098970704
crime,KFC_v2,static,0.831517792302106,0.006334125098970704
crime,KFC_v2,static,0.8322440087145969,0.006334125098970704
crime,KFC_v2,static,0.8329702251270878,0.006334125098970704
crime,KFC_v2,static,0.8336964415395788,0.006334125098970704
crime,KFC_v2,static,0.8344226579520697,0.006334125098970704
crime,KFC_v2,static,0.8351488743645606,0.006334125098970704
crime,KFC_v2,static,0.8358750907770516,0.006334125098970704
crime,KFC_v2,static,0.8366013071895425,0.006334125098970704
crime,KFC_v2,static,0.8373275236020334,0.006334125098970704
crime,KFC_v2,static,0.8380537400145244,0.006334125098970704
crime,KFC_v2,static,0.8387799564270152,0.006334125098970704
crime,KFC_v2,static,0.8395061728395061,0.006334125098970704
crime,KFC_v2,static,0.8402323892519971,0.006334125098970704
crime,KFC_v2,static,0.840958605664488,0.006334125098970704
crime,KFC_v2,static,0.8416848220769789,0.006334125098970704
crime,KFC_v2,static,0.8424110384894699,0.006334125098970704
crime,KFC_v2,static,0.8431372549019608,0.006334125098970704
crime,KFC_v2,static,0.8438634713144517,0.006334125098970704
crime,KFC_v2,static,0.8445896877269427,0.006334125098970704
crime,KFC_v2,static,0.8453159041394336,0.0055423594615993665
crime,KFC_v2,static,0.8460421205519245,0.0055423594615993665
crime,KFC_v2,static,0.8467683369644154,0.0055423594615993665
crime,KFC_v2,static,0.8474945533769063,0.0055423594615993665
crime,KFC_v2,static,0.8482207697893972,0.0055423594615993665
crime,KFC_v2,static,0.8489469862018881,0.0055423594615993665
crime,KFC_v2,static,0.8496732026143791,0.0055423594615993665
crime,KFC_v2,static,0.85039941902687,0.0055423594615993665
crime,KFC_v2,static,0.8511256354393609,0.0055423594615993665
crime,KFC_v2,static,0.8518518518518519,0.0055423594615993665
crime,KFC_v2,static,0.8525780682643428,0.0055423594615993665
crime,KFC_v2,static,0.8533042846768337,0.0055423594615993665
crime,KFC_v2,static,0.8540305010893247,0.0055423594615993665
crime,KFC_v2,static,0.8547567175018156,0.0055423594615993665
crime,KFC_v2,static,0.8554829339143064,0.0055423594615993665
crime,KFC_v2,static,0.8562091503267973,0.0055423594615993665
crime,KFC_v2,static,0.8569353667392883,0.0055423594615993665
crime,KFC_v2,static,0.8576615831517792,0.0055423594615993665
crime,KFC_v2,static,0.8583877995642701,0.0055423594615993665
crime,KFC_v2,static,0.8591140159767611,0.0055423594615993665
crime,KFC_v2,static,0.859840232389252,0.0055423594615993665
crime,KFC_v2,static,0.8605664488017429,0.0055423594615993665
crime,KFC_v2,static,0.8612926652142339,0.0055423594615993665
crime,KFC_v2,static,0.8620188816267248,0.0055423594615993665
crime,KFC_v2,static,0.8627450980392157,0.0055423594615993665
crime,KFC_v2,static,0.8634713144517066,0.0055423594615993665
crime,KFC_v2,static,0.8641975308641975,0.0055423594615993665
crime,KFC_v2,static,0.8649237472766884,0.0055423594615993665
crime,KFC_v2,static,0.8656499636891793,0.0055423594615993665
crime,KFC_v2,static,0.8663761801016703,0.0055423594615993665
crime,KFC_v2,static,0.8671023965141612,0.0055423594615993665
crime,KFC_v2,static,0.8678286129266521,0.0055423594615993665
crime,KFC_v2,static,0.8685548293391431,0.0055423594615993665
crime,KFC_v2,static,0.869281045751634,0.0055423594615993665
crime,KFC_v2,static,0.8700072621641249,0.0055423594615993665
crime,KFC_v2,static,0.8707334785766159,0.0055423594615993665
crime,KFC_v2,static,0.8714596949891068,0.0055423594615993665
crime,KFC_v2,static,0.8721859114015976,0.0055423594615993665
crime,KFC_v2,static,0.8729121278140886,0.0055423594615993665
crime,KFC_v2,static,0.8736383442265795,0.0055423594615993665
crime,KFC_v2,static,0.8743645606390704,0.0055423594615993665
crime,KFC_v2,static,0.8750907770515614,0.0055423594615993665
crime,KFC_v2,static,0.8758169934640523,0.0055423594615993665
crime,KFC_v2,static,0.8765432098765432,0.0055423594615993665
crime,KFC_v2,static,0.8772694262890341,0.0055423594615993665
crime,KFC_v2,static,0.8779956427015251,0.0055423594615993665
crime,KFC_v2,static,0.878721859114016,0.0055423594615993665
crime,KFC_v2,static,0.879448075526507,0.0055423594615993665
crime,KFC_v2,static,0.8801742919389978,0.0055423594615993665
crime,KFC_v2,static,0.8809005083514887,0.0055423594615993665
crime,KFC_v2,static,0.8816267247639796,0.0055423594615993665
crime,KFC_v2,static,0.8823529411764706,0.0055423594615993665
crime,KFC_v2,static,0.8830791575889615,0.0055423594615993665
crime,KFC_v2,static,0.8838053740014524,0.0055423594615993665
crime,KFC_v2,static,0.8845315904139434,0.0055423594615993665
crime,KFC_v2,static,0.8852578068264343,0.0055423594615993665
crime,KFC_v2,static,0.8859840232389252,0.0055423594615993665
crime,KFC_v2,static,0.8867102396514162,0.0055423594615993665
crime,KFC_v2,static,0.8874364560639071,0.0055423594615993665
crime,KFC_v2,static,0.888162672476398,0.0055423594615993665
crime,KFC_v2,static,0.8888888888888888,0.0055423594615993665
crime,KFC_v2,static,0.8896151053013798,0.0055423594615993665
crime,KFC_v2,static,0.8903413217138707,0.0055423594615993665
crime,KFC_v2,static,0.8910675381263616,0.0055423594615993665
crime,KFC_v2,static,0.8917937545388526,0.0055423594615993665
crime,KFC_v2,static,0.8925199709513435,0.0055423594615993665
crime,KFC_v2,static,0.8932461873638344,0.0055423594615993665
crime,KFC_v2,static,0.8939724037763254,0.0055423594615993665
crime,KFC_v2,static,0.8946986201888163,0.0055423594615993665
crime,KFC_v2,static,0.8954248366013072,0.0055423594615993665
crime,KFC_v2,static,0.8961510530137982,0.0055423594615993665
crime,KFC_v2,static,0.896877269426289,0.0055423594615993665
crime,KFC_v2,static,0.8976034858387799,0.0055423594615993665
crime,KFC_v2,static,0.8983297022512708,0.0055423594615993665
crime,KFC_v2,static,0.8990559186637618,0.0055423594615993665
crime,KFC_v2,static,0.8997821350762527,0.0055423594615993665
crime,KFC_v2,static,0.9005083514887436,0.0055423594615993665
crime,KFC_v2,static,0.9012345679012346,0.0055423594615993665
crime,KFC_v2,static,0.9019607843137255,0.0055423594615993665
crime,KFC_v2,static,0.9026870007262164,0.0055423594615993665
crime,KFC_v2,static,0.9034132171387074,0.0055423594615993665
crime,KFC_v2,static,0.9041394335511983,0.0055423594615993665
crime,KFC_v2,static,0.9048656499636891,0.0055423594615993665
crime,KFC_v2,static,0.90559186637618,0.0055423594615993665
crime,KFC_v2,static,0.906318082788671,0.0055423594615993665
crime,KFC_v2,static,0.9070442992011619,0.0055423594615993665
crime,KFC_v2,static,0.9077705156136529,0.0055423594615993665
crime,KFC_v2,static,0.9084967320261438,0.0055423594615993665
crime,KFC_v2,static,0.9092229484386347,0.0055423594615993665
crime,KFC_v2,static,0.9099491648511256,0.0055423594615993665
crime,KFC_v2,static,0.9106753812636166,0.0055423594615993665
crime,KFC_v2,static,0.9114015976761075,0.0055423594615993665
crime,KFC_v2,static,0.9121278140885984,0.0055423594615993665
crime,KFC_v2,static,0.9128540305010894,0.0055423594615993665
crime,KFC_v2,static,0.9135802469135802,0.0055423594615993665
crime,KFC_v2,static,0.9143064633260711,0.0055423594615993665
crime,KFC_v2,static,0.9150326797385621,0.0055423594615993665
crime,KFC_v2,static,0.915758896151053,0.0055423594615993665
crime,KFC_v2,static,0.9164851125635439,0.0055423594615993665
crime,KFC_v2,static,0.9172113289760349,0.0055423594615993665
crime,KFC_v2,static,0.9179375453885258,0.0055423594615993665
crime,KFC_v2,static,0.9186637618010167,0.0055423594615993665
crime,KFC_v2,static,0.9193899782135077,0.0055423594615993665
crime,KFC_v2,static,0.9201161946259986,0.0055423594615993665
crime,KFC_v2,static,0.9208424110384895,0.004750593824228029
crime,KFC_v2,static,0.9215686274509803,0.004750593824228029
crime,KFC_v2,static,0.9222948438634713,0.00395882818685669
crime,KFC_v2,static,0.9230210602759622,0.00395882818685669
crime,KFC_v2,static,0.9237472766884531,0.00395882818685669
crime,KFC_v2,static,0.9244734931009441,0.00395882818685669
crime,KFC_v2,static,0.925199709513435,0.00395882818685669
crime,KFC_v2,static,0.9259259259259259,0.00395882818685669
crime,KFC_v2,static,0.9266521423384169,0.00395882818685669
crime,KFC_v2,static,0.9273783587509078,0.00395882818685669
crime,KFC_v2,static,0.9281045751633987,0.00395882818685669
crime,KFC_v2,static,0.9288307915758897,0.00395882818685669
crime,KFC_v2,static,0.9295570079883806,0.003167062549485352
crime,KFC_v2,static,0.9302832244008714,0.0023752969121140144
crime,KFC_v2,static,0.9310094408133623,0.0023752969121140144
crime,KFC_v2,static,0.9317356572258533,0.0023752969121140144
crime,KFC_v2,static,0.9324618736383442,0.0023752969121140144
crime,KFC_v2,static,0.9331880900508351,0.0023752969121140144
crime,KFC_v2,static,0.9339143064633261,0.0023752969121140144
crime,KFC_v2,static,0.934640522875817,0.0023752969121140144
crime,KFC_v2,static,0.9353667392883079,0.0023752969121140144
crime,KFC_v2,static,0.9360929557007989,0.0023752969121140144
crime,KFC_v2,static,0.9368191721132898,0.0023752969121140144
crime,KFC_v2,static,0.9375453885257807,0.0023752969121140144
crime,KFC_v2,static,0.9382716049382716,0.0023752969121140144
crime,KFC_v2,static,0.9389978213507625,0.0023752969121140144
crime,KFC_v2,static,0.9397240377632534,0.0023752969121140144
crime,KFC_v2,static,0.9404502541757443,0.0023752969121140144
crime,KFC_v2,static,0.9411764705882353,0.0023752969121140144
crime,KFC_v2,static,0.9419026870007262,0.0023752969121140144
crime,KFC_v2,static,0.9426289034132171,0.0023752969121140144
crime,KFC_v2,static,0.9433551198257081,0.0023752969121140144
crime,KFC_v2,static,0.944081336238199,0.0023752969121140144
crime,KFC_v2,static,0.9448075526506899,0.0023752969121140144
crime,KFC_v2,static,0.9455337690631809,0.0023752969121140144
crime,KFC_v2,static,0.9462599854756717,0.0023752969121140144
crime,KFC_v2,static,0.9469862018881626,0.0023752969121140144
crime,KFC_v2,static,0.9477124183006536,0.0023752969121140144
crime,KFC_v2,static,0.9484386347131445,0.0023752969121140144
crime,KFC_v2,static,0.9491648511256354,0.0023752969121140144
crime,KFC_v2,static,0.9498910675381264,0.0023752969121140144
crime,KFC_v2,static,0.9506172839506173,0.0023752969121140144
crime,KFC_v2,static,0.9513435003631082,0.0023752969121140144
crime,KFC_v2,static,0.9520697167755992,0.0023752969121140144
crime,KFC_v2,static,0.9527959331880901,0.0023752969121140144
crime,KFC_v2,static,0.953522149600581,0.0023752969121140144
crime,KFC_v2,static,0.954248366013072,0.0023752969121140144
crime,KFC_v2,static,0.9549745824255628,0.0023752969121140144
crime,KFC_v2,static,0.9557007988380537,0.0023752969121140144
crime,KFC_v2,static,0.9564270152505446,0.0023752969121140144
crime,KFC_v2,static,0.9571532316630356,0.0023752969121140144
crime,KFC_v2,static,0.9578794480755265,0.0023752969121140144
crime,KFC_v2,static,0.9586056644880174,0.0023752969121140144
crime,KFC_v2,static,0.9593318809005084,0.0023752969121140144
crime,KFC_v2,static,0.9600580973129993,0.0023752969121140144
crime,KFC_v2,static,0.9607843137254902,0.0023752969121140144
crime,KFC_v2,static,0.9615105301379812,0.0023752969121140144
crime,KFC_v2,static,0.9622367465504721,0.0023752969121140144
crime,KFC_v2,static,0.9629629629629629,0.0023752969121140144
crime,KFC_v2,static,0.9636891793754538,0.0023752969121140144
crime,KFC_v2,static,0.9644153957879448,0.0023752969121140144
crime,KFC_v2,static,0.9651416122004357,0.0023752969121140144
crime,KFC_v2,static,0.9658678286129266,0.0023752969121140144
crime,KFC_v2,static,0.9665940450254176,0.0023752969121140144
crime,KFC_v2,static,0.9673202614379085,0.0023752969121140144
crime,KFC_v2,static,0.9680464778503994,0.0023752969121140144
crime,KFC_v2,static,0.9687726942628904,0.0023752969121140144
crime,KFC_v2,static,0.9694989106753813,0.0023752969121140144
crime,KFC_v2,static,0.9702251270878722,0.0023752969121140144
crime,KFC_v2,static,0.970951343500363,0.0023752969121140144
crime,KFC_v2,static,0.971677559912854,0.0023752969121140144
crime,KFC_v2,static,0.9724037763253449,0.0023752969121140144
crime,KFC_v2,static,0.9731299927378358,0.0023752969121140144
crime,KFC_v2,static,0.9738562091503268,0.0023752969121140144
crime,KFC_v2,static,0.9745824255628177,0.0023752969121140144
crime,KFC_v2,static,0.9753086419753086,0.0023752969121140144
crime,KFC_v2,static,0.9760348583877996,0.0023752969121140144
crime,KFC_v2,static,0.9767610748002905,0.0023752969121140144
crime,KFC_v2,static,0.9774872912127814,0.0023752969121140144
crime,KFC_v2,static,0.9782135076252724,0.0023752969121140144
crime,KFC_v2,static,0.9789397240377633,0.0023752969121140144
crime,KFC_v2,static,0.9796659404502541,0.0023752969121140144
crime,KFC_v2,static,0.9803921568627451,0.0023752969121140144
crime,KFC_v2,static,0.981118373275236,0.0023752969121140144
crime,KFC_v2,static,0.9818445896877269,0.0023752969121140144
crime,KFC_v2,static,0.9825708061002179,0.0023752969121140144
crime,KFC_v2,static,0.9832970225127088,0.0023752969121140144
crime,KFC_v2,static,0.9840232389251997,0.0023752969121140144
crime,KFC_v2,static,0.9847494553376906,0.0023752969121140144
crime,KFC_v2,static,0.9854756717501816,0.001583531274742676
crime,KFC_v2,static,0.9862018881626725,0.001583531274742676
crime,KFC_v2,static,0.9869281045751634,0.001583531274742676
crime,KFC_v2,static,0.9876543209876543,0.001583531274742676
crime,KFC_v2,static,0.9883805374001452,0.001583531274742676
crime,KFC_v2,static,0.9891067538126361,0.001583531274742676
crime,KFC_v2,static,0.9898329702251271,0.001583531274742676
crime,KFC_v2,static,0.990559186637618,0.001583531274742676
crime,KFC_v2,static,0.9912854030501089,0.001583531274742676
crime,KFC_v2,static,0.9920116194625999,0.001583531274742676
crime,KFC_v2,static,0.9927378358750908,0.001583531274742676
crime,KFC_v2,static,0.9934640522875817,0.001583531274742676
crime,KFC_v2,static,0.9941902687000727,0.001583531274742676
crime,KFC_v2,static,0.9949164851125636,0.001583531274742676
crime,KFC_v2,static,0.9956427015250545,0.001583531274742676
crime,KFC_v2,static,0.9963689179375453,0.001583531274742676
crime,KFC_v2,static,0.9970951343500363,0.001583531274742676
crime,KFC_v2,static,0.9978213507625272,0.001583531274742676
crime,KFC_v2,static,0.9985475671750181,0.001583531274742676
crime,KFC_v2,static,0.9992737835875091,0.001583531274742676
crime,KFC_v2,static,1.0,0.000791765637371338
crime,KFC_v2,iterative,0.0,1.0
crime,KFC_v2,iterative,0.0007262164124909223,1.0
crime,KFC_v2,iterative,0.0014524328249818446,1.0
crime,KFC_v2,iterative,0.0021786492374727667,1.0
crime,KFC_v2,iterative,0.002904865649963689,1.0
crime,KFC_v2,iterative,0.0036310820624546117,0.5019794140934284
crime,KFC_v2,iterative,0.004357298474945533,0.5019794140934284
crime,KFC_v2,iterative,0.005083514887436456,0.49802058590657167
crime,KFC_v2,iterative,0.005809731299927378,0.43705463182897863
crime,KFC_v2,iterative,0.006535947712418301,0.43705463182897863
crime,KFC_v2,iterative,0.007262164124909223,0.3665874901029295
crime,KFC_v2,iterative,0.007988380537400145,0.3665874901029295
crime,KFC_v2,iterative,0.008714596949891067,0.2921615201900237
crime,KFC_v2,iterative,0.00944081336238199,0.2581155977830562
crime,KFC_v2,iterative,0.010167029774872912,0.2509897070467142
crime,KFC_v2,iterative,0.010893246187363835,0.2509897070467142
crime,KFC_v2,iterative,0.011619462599854757,0.23357086302454474
crime,KFC_v2,iterative,0.012345679012345678,0.23357086302454474
crime,KFC_v2,iterative,0.013071895424836602,0.23357086302454474
crime,KFC_v2,iterative,0.013798111837327523,0.23357086302454474
crime,KFC_v2,iterative,0.014524328249818447,0.17339667458432304
crime,KFC_v2,iterative,0.015250544662309368,0.17339667458432304
crime,KFC_v2,iterative,0.01597676107480029,0.1726049089469517
crime,KFC_v2,iterative,0.01670297748729121,0.1726049089469517
crime,KFC_v2,iterative,0.017429193899782133,0.1726049089469517
crime,KFC_v2,iterative,0.01815541031227306,0.1726049089469517
crime,KFC_v2,iterative,0.01888162672476398,0.1726049089469517
crime,KFC_v2,iterative,0.0196078431372549,0.1726049089469517
crime,KFC_v2,iterative,0.020334059549745823,0.14489311163895488
crime,KFC_v2,iterative,0.021060275962236745,0.13143309580364212
crime,KFC_v2,iterative,0.02178649237472767,0.11559778305621536
crime,KFC_v2,iterative,0.02251270878721859,0.11559778305621536
crime,KFC_v2,iterative,0.023238925199709513,0.11084718923198733
crime,KFC_v2,iterative,0.023965141612200435,0.11084718923198733
crime,KFC_v2,iterative,0.024691358024691357,0.11084718923198733
crime,KFC_v2,iterative,0.025417574437182282,0.0934283452098179
crime,KFC_v2,iterative,0.026143790849673203,0.0831353919239905
crime,KFC_v2,iterative,0.026870007262164125,0.0831353919239905
crime,KFC_v2,iterative,0.027596223674655047,0.0791765637371338
crime,KFC_v2,iterative,0.02832244008714597,0.07759303246239113
crime,KFC_v2,iterative,0.029048656499636893,0.07600950118764846
crime,KFC_v2,iterative,0.029774872912127815,0.07600950118764846
crime,KFC_v2,iterative,0.030501089324618737,0.07600950118764846
crime,KFC_v2,iterative,0.03122730573710966,0.07600950118764846
crime,KFC_v2,iterative,0.03195352214960058,0.07205067300079177
crime,KFC_v2,iterative,0.032679738562091505,0.06730007917656373
crime,KFC_v2,iterative,0.03340595497458242,0.06492478226444973
crime,KFC_v2,iterative,0.03413217138707335,0.06096595407759303
crime,KFC_v2,iterative,0.03485838779956427,0.060174188440221696
crime,KFC_v2,iterative,0.03558460421205519,0.05938242280285035
crime,KFC_v2,iterative,0.03631082062454612,0.05779889152810768
crime,KFC_v2,iterative,0.037037037037037035,0.057007125890736345
crime,KFC_v2,iterative,0.03776325344952796,0.056215360253365
crime,KFC_v2,iterative,0.03848946986201888,0.055423594615993665
crime,KFC_v2,iterative,0.0392156862745098,0.05146476642913698
crime,KFC_v2,iterative,0.03994190268700073,0.0498812351543943
crime,KFC_v2,iterative,0.04066811909949165,0.0498812351543943
crime,KFC_v2,iterative,0.04139433551198257,0.0498812351543943
crime,KFC_v2,iterative,0.04212055192447349,0.0498812351543943
crime,KFC_v2,iterative,0.042846768336964415,0.0498812351543943
crime,KFC_v2,iterative,0.04357298474945534,0.0498812351543943
crime,KFC_v2,iterative,0.04429920116194626,0.0498812351543943
crime,KFC_v2,iterative,0.04502541757443718,0.04829770387965162
crime,KFC_v2,iterative,0.0457516339869281,0.04829770387965162
crime,KFC_v2,iterative,0.04647785039941903,0.047505938242280284
crime,KFC_v2,iterative,0.04720406681190995,0.047505938242280284
crime,KFC_v2,iterative,0.04793028322440087,0.047505938242280284
crime,KFC_v2,iterative,0.048656499636891795,0.047505938242280284
crime,KFC_v2,iterative,0.04938271604938271,0.04671417260490895
crime,KFC_v2,iterative,0.05010893246187364,0.04671417260490895
crime,KFC_v2,iterative,0.050835148874364564,0.04592240696753761
crime,KFC_v2,iterative,0.05156136528685548,0.04592240696753761
crime,KFC_v2,iterative,0.05228758169934641,0.04433887569279493
crime,KFC_v2,iterative,0.053013798111837325,0.04433887569279493
crime,KFC_v2,iterative,0.05374001452432825,0.04433887569279493
crime,KFC_v2,iterative,0.054466230936819175,0.043547110055423596
crime,KFC_v2,iterative,0.05519244734931009,0.043547110055423596
crime,KFC_v2,iterative,0.05591866376180102,0.04117181314330958
crime,KFC_v2,iterative,0.05664488017429194,0.04117181314330958
crime,KFC_v2,iterative,0.05737109658678286,0.03721298495645289
crime,KFC_v2,iterative,0.05809731299927379,0.03721298495645289
crime,KFC_v2,iterative,0.058823529411764705,0.03642121931908155
crime,KFC_v2,iterative,0.05954974582425563,0.03642121931908155
crime,KFC_v2,iterative,0.06027596223674655,0.03642121931908155
crime,KFC_v2,iterative,0.06100217864923747,0.035629453681710214
crime,KFC_v2,iterative,0.06172839506172839,0.035629453681710214
crime,KFC_v2,iterative,0.06245461147421932,0.035629453681710214
crime,KFC_v2,iterative,0.06318082788671024,0.034045922406967535
crime,KFC_v2,iterative,0.06390704429920116,0.034045922406967535
crime,KFC_v2,iterative,0.06463326071169208,0.034045922406967535
crime,KFC_v2,iterative,0.06535947712418301,0.030878859857482184
crime,KFC_v2,iterative,0.06608569353667393,0.030087094220110848
crime,KFC_v2,iterative,0.06681190994916485,0.030087094220110848
crime,KFC_v2,iterative,0.06753812636165578,0.030087094220110848
crime,KFC_v2,iterative,0.0682643427741467,0.030087094220110848
crime,KFC_v2,iterative,0.06899055918663761,0.030087094220110848
crime,KFC_v2,iterative,0.06971677559912853,0.02929532858273951
crime,KFC_v2,iterative,0.07044299201161947,0.02929532858273951
crime,KFC_v2,iterative,0.07116920842411038,0.028503562945368172
crime,KFC_v2,iterative,0.0718954248366013,0.028503562945368172
crime,KFC_v2,iterative,0.07262164124909223,0.027711797307996833
crime,KFC_v2,iterative,0.07334785766158315,0.027711797307996833
crime,KFC_v2,iterative,0.07407407407407407,0.026920031670625493
crime,KFC_v2,iterative,0.074800290486565,0.026920031670625493
crime,KFC_v2,iterative,0.07552650689905592,0.026920031670625493
crime,KFC_v2,iterative,0.07625272331154684,0.026128266033254157
crime,KFC_v2,iterative,0.07697893972403776,0.026128266033254157
crime,KFC_v2,iterative,0.07770515613652869,0.026128266033254157
crime,KFC_v2,iterative,0.0784313725490196,0.025336500395882817
crime,KFC_v2,iterative,0.07915758896151052,0.025336500395882817
crime,KFC_v2,iterative,0.07988380537400146,0.02454473475851148
crime,KFC_v2,iterative,0.08061002178649238,0.02454473475851148
crime,KFC_v2,iterative,0.0813362381989833,0.02454473475851148
crime,KFC_v2,iterative,0.08206245461147423,0.02454473475851148
crime,KFC_v2,iterative,0.08278867102396514,0.02454473475851148
crime,KFC_v2,iterative,0.08351488743645606,0.02454473475851148
crime,KFC_v2,iterative,0.08424110384894698,0.02454473475851148
crime,KFC_v2,iterative,0.08496732026143791,0.02454473475851148
crime,KFC_v2,iterative,0.08569353667392883,0.02454473475851148
crime,KFC_v2,iterative,0.08641975308641975,0.023752969121140142
crime,KFC_v2,iterative,0.08714596949891068,0.023752969121140142
crime,KFC_v2,iterative,0.0878721859114016,0.023752969121140142
crime,KFC_v2,iterative,0.08859840232389252,0.022961203483768806
crime,KFC_v2,iterative,0.08932461873638345,0.022961203483768806
crime,KFC_v2,iterative,0.09005083514887437,0.022961203483768806
crime,KFC_v2,iterative,0.09077705156136529,0.022961203483768806
crime,KFC_v2,iterative,0.0915032679738562,0.022961203483768806
crime,KFC_v2,iterative,0.09222948438634714,0.021377672209026127
crime,KFC_v2,iterative,0.09295570079883805,0.021377672209026127
crime,KFC_v2,iterative,0.09368191721132897,0.021377672209026127
crime,KFC_v2,iterative,0.0944081336238199,0.021377672209026127
crime,KFC_v2,iterative,0.09513435003631082,0.021377672209026127
crime,KFC_v2,iterative,0.09586056644880174,0.021377672209026127
crime,KFC_v2,iterative,0.09658678286129266,0.021377672209026127
crime,KFC_v2,iterative,0.09731299927378359,0.02058590657165479
crime,KFC_v2,iterative,0.09803921568627451,0.01979414093428345
crime,KFC_v2,iterative,0.09876543209876543,0.01979414093428345
crime,KFC_v2,iterative,0.09949164851125636,0.01979414093428345
crime,KFC_v2,iterative,0.10021786492374728,0.01979414093428345
crime,KFC_v2,iterative,0.1009440813362382,0.01979414093428345
crime,KFC_v2,iterative,0.10167029774872913,0.01979414093428345
crime,KFC_v2,iterative,0.10239651416122005,0.019002375296912115
crime,KFC_v2,iterative,0.10312273057371096,0.019002375296912115
crime,KFC_v2,iterative,0.10384894698620188,0.019002375296912115
crime,KFC_v2,iterative,0.10457516339869281,0.019002375296912115
crime,KFC_v2,iterative,0.10530137981118373,0.019002375296912115
crime,KFC_v2,iterative,0.10602759622367465,0.019002375296912115
crime,KFC_v2,iterative,0.10675381263616558,0.018210609659540775
crime,KFC_v2,iterative,0.1074800290486565,0.018210609659540775
crime,KFC_v2,iterative,0.10820624546114742,0.018210609659540775
crime,KFC_v2,iterative,0.10893246187363835,0.018210609659540775
crime,KFC_v2,iterative,0.10965867828612927,0.018210609659540775
crime,KFC_v2,iterative,0.11038489469862019,0.018210609659540775
crime,KFC_v2,iterative,0.1111111111111111,0.01741884402216944
crime,KFC_v2,iterative,0.11183732752360204,0.01741884402216944
crime,KFC_v2,iterative,0.11256354393609296,0.01741884402216944
crime,KFC_v2,iterative,0.11328976034858387,0.01741884402216944
crime,KFC_v2,iterative,0.1140159767610748,0.01741884402216944
crime,KFC_v2,iterative,0.11474219317356572,0.01741884402216944
crime,KFC_v2,iterative,0.11546840958605664,0.01741884402216944
crime,KFC_v2,iterative,0.11619462599854757,0.0166270783847981
crime,KFC_v2,iterative,0.11692084241103849,0.0166270783847981
crime,KFC_v2,iterative,0.11764705882352941,0.0166270783847981
crime,KFC_v2,iterative,0.11837327523602033,0.0166270783847981
crime,KFC_v2,iterative,0.11909949164851126,0.01583531274742676
crime,KFC_v2,iterative,0.11982570806100218,0.01583531274742676
crime,KFC_v2,iterative,0.1205519244734931,0.01583531274742676
crime,KFC_v2,iterative,0.12127814088598403,0.01583531274742676
crime,KFC_v2,iterative,0.12200435729847495,0.01583531274742676
crime,KFC_v2,iterative,0.12273057371096587,0.01583531274742676
crime,KFC_v2,iterative,0.12345679012345678,0.01583531274742676
crime,KFC_v2,iterative,0.12418300653594772,0.01583531274742676
crime,KFC_v2,iterative,0.12490922294843863,0.01583531274742676
crime,KFC_v2,iterative,0.12563543936092955,0.01583531274742676
crime,KFC_v2,iterative,0.12636165577342048,0.01583531274742676
crime,KFC_v2,iterative,0.1270878721859114,0.01583531274742676
crime,KFC_v2,iterative,0.12781408859840232,0.01583531274742676
crime,KFC_v2,iterative,0.12854030501089325,0.01583531274742676
crime,KFC_v2,iterative,0.12926652142338416,0.015043547110055424
crime,KFC_v2,iterative,0.1299927378358751,0.015043547110055424
crime,KFC_v2,iterative,0.13071895424836602,0.015043547110055424
crime,KFC_v2,iterative,0.13144517066085692,0.014251781472684086
crime,KFC_v2,iterative,0.13217138707334786,0.014251781472684086
crime,KFC_v2,iterative,0.1328976034858388,0.014251781472684086
crime,KFC_v2,iterative,0.1336238198983297,0.014251781472684086
crime,KFC_v2,iterative,0.13435003631082063,0.014251781472684086
crime,KFC_v2,iterative,0.13507625272331156,0.014251781472684086
crime,KFC_v2,iterative,0.13580246913580246,0.014251781472684086
crime,KFC_v2,iterative,0.1365286855482934,0.014251781472684086
crime,KFC_v2,iterative,0.13725490196078433,0.014251781472684086
crime,KFC_v2,iterative,0.13798111837327523,0.014251781472684086
crime,KFC_v2,iterative,0.13870733478576616,0.013460015835312747
crime,KFC_v2,iterative,0.13943355119825707,0.013460015835312747
crime,KFC_v2,iterative,0.140159767610748,0.013460015835312747
crime,KFC_v2,iterative,0.14088598402323893,0.013460015835312747
crime,KFC_v2,iterative,0.14161220043572983,0.012668250197941409
crime,KFC_v2,iterative,0.14233841684822077,0.012668250197941409
crime,KFC_v2,iterative,0.1430646332607117,0.012668250197941409
crime,KFC_v2,iterative,0.1437908496732026,0.012668250197941409
crime,KFC_v2,iterative,0.14451706608569354,0.011876484560570071
crime,KFC_v2,iterative,0.14524328249818447,0.011876484560570071
crime,KFC_v2,iterative,0.14596949891067537,0.011876484560570071
crime,KFC_v2,iterative,0.1466957153231663,0.011876484560570071
crime,KFC_v2,iterative,0.14742193173565724,0.011876484560570071
crime,KFC_v2,iterative,0.14814814814814814,0.011876484560570071
crime,KFC_v2,iterative,0.14887436456063907,0.011876484560570071
crime,KFC_v2,iterative,0.14960058097313,0.011876484560570071
crime,KFC_v2,iterative,0.1503267973856209,0.011876484560570071
crime,KFC_v2,iterative,0.15105301379811184,0.011876484560570071
crime,KFC_v2,iterative,0.15177923021060277,0.011876484560570071
crime,KFC_v2,iterative,0.15250544662309368,0.011876484560570071
crime,KFC_v2,iterative,0.1532316630355846,0.011876484560570071
crime,KFC_v2,iterative,0.1539578794480755,0.011084718923198733
crime,KFC_v2,iterative,0.15468409586056645,0.011084718923198733
crime,KFC_v2,iterative,0.15541031227305738,0.011084718923198733
crime,KFC_v2,iterative,0.15613652868554828,0.011084718923198733
crime,KFC_v2,iterative,0.1568627450980392,0.011084718923198733
crime,KFC_v2,iterative,0.15758896151053015,0.011084718923198733
crime,KFC_v2,iterative,0.15831517792302105,0.011084718923198733
crime,KFC_v2,iterative,0.15904139433551198,0.011084718923198733
crime,KFC_v2,iterative,0.15976761074800291,0.011084718923198733
crime,KFC_v2,iterative,0.16049382716049382,0.011084718923198733
crime,KFC_v2,iterative,0.16122004357298475,0.011084718923198733
crime,KFC_v2,iterative,0.16194625998547568,0.011084718923198733
crime,KFC_v2,iterative,0.1626724763979666,0.011084718923198733
crime,KFC_v2,iterative,0.16339869281045752,0.011084718923198733
crime,KFC_v2,iterative,0.16412490922294845,0.011084718923198733
crime,KFC_v2,iterative,0.16485112563543936,0.011084718923198733
crime,KFC_v2,iterative,0.1655773420479303,0.011084718923198733
crime,KFC_v2,iterative,0.1663035584604212,0.011084718923198733
crime,KFC_v2,iterative,0.16702977487291212,0.010292953285827395
crime,KFC_v2,iterative,0.16775599128540306,0.010292953285827395
crime,KFC_v2,iterative,0.16848220769789396,0.010292953285827395
crime,KFC_v2,iterative,0.1692084241103849,0.010292953285827395
crime,KFC_v2,iterative,0.16993464052287582,0.010292953285827395
crime,KFC_v2,iterative,0.17066085693536673,0.010292953285827395
crime,KFC_v2,iterative,0.17138707334785766,0.010292953285827395
crime,KFC_v2,iterative,0.1721132897603486,0.010292953285827395
crime,KFC_v2,iterative,0.1728395061728395,0.010292953285827395
crime,KFC_v2,iterative,0.17356572258533043,0.010292953285827395
crime,KFC_v2,iterative,0.17429193899782136,0.010292953285827395
crime,KFC_v2,iterative,0.17501815541031226,0.010292953285827395
crime,KFC_v2,iterative,0.1757443718228032,0.010292953285827395
crime,KFC_v2,iterative,0.17647058823529413,0.010292953285827395
crime,KFC_v2,iterative,0.17719680464778503,0.010292953285827395
crime,KFC_v2,iterative,0.17792302106027597,0.010292953285827395
crime,KFC_v2,iterative,0.1786492374727669,0.010292953285827395
crime,KFC_v2,iterative,0.1793754538852578,0.010292953285827395
crime,KFC_v2,iterative,0.18010167029774873,0.010292953285827395
crime,KFC_v2,iterative,0.18082788671023964,0.010292953285827395
crime,KFC_v2,iterative,0.18155410312273057,0.010292953285827395
crime,KFC_v2,iterative,0.1822803195352215,0.010292953285827395
crime,KFC_v2,iterative,0.1830065359477124,0.010292953285827395
crime,KFC_v2,iterative,0.18373275236020334,0.009501187648456057
crime,KFC_v2,iterative,0.18445896877269427,0.009501187648456057
crime,KFC_v2,iterative,0.18518518518518517,0.009501187648456057
crime,KFC_v2,iterative,0.1859114015976761,0.009501187648456057
crime,KFC_v2,iterative,0.18663761801016704,0.009501187648456057
crime,KFC_v2,iterative,0.18736383442265794,0.009501187648456057
crime,KFC_v2,iterative,0.18809005083514888,0.009501187648456057
crime,KFC_v2,iterative,0.1888162672476398,0.009501187648456057
crime,KFC_v2,iterative,0.1895424836601307,0.009501187648456057
crime,KFC_v2,iterative,0.19026870007262164,0.009501187648456057
crime,KFC_v2,iterative,0.19099491648511258,0.009501187648456057
crime,KFC_v2,iterative,0.19172113289760348,0.009501187648456057
crime,KFC_v2,iterative,0.1924473493100944,0.009501187648456057
crime,KFC_v2,iterative,0.19317356572258532,0.009501187648456057
crime,KFC_v2,iterative,0.19389978213507625,0.009501187648456057
crime,KFC_v2,iterative,0.19462599854756718,0.00870942201108472
crime,KFC_v2,iterative,0.19535221496005808,0.00870942201108472
crime,KFC_v2,iterative,0.19607843137254902,0.00870942201108472
crime,KFC_v2,iterative,0.19680464778503995,0.00870942201108472
crime,KFC_v2,iterative,0.19753086419753085,0.00870942201108472
crime,KFC_v2,iterative,0.19825708061002179,0.00870942201108472
crime,KFC_v2,iterative,0.19898329702251272,0.00870942201108472
crime,KFC_v2,iterative,0.19970951343500362,0.00870942201108472
crime,KFC_v2,iterative,0.20043572984749455,0.00870942201108472
crime,KFC_v2,iterative,0.20116194625998549,0.00870942201108472
crime,KFC_v2,iterative,0.2018881626724764,0.00870942201108472
crime,KFC_v2,iterative,0.20261437908496732,0.00870942201108472
crime,KFC_v2,iterative,0.20334059549745825,0.00870942201108472
crime,KFC_v2,iterative,0.20406681190994916,0.00870942201108472
crime,KFC_v2,iterative,0.2047930283224401,0.00870942201108472
crime,KFC_v2,iterative,0.20551924473493102,0.00870942201108472
crime,KFC_v2,iterative,0.20624546114742193,0.00870942201108472
crime,KFC_v2,iterative,0.20697167755991286,0.00870942201108472
crime,KFC_v2,iterative,0.20769789397240376,0.00870942201108472
crime,KFC_v2,iterative,0.2084241103848947,0.00791765637371338
crime,KFC_v2,iterative,0.20915032679738563,0.00791765637371338
crime,KFC_v2,iterative,0.20987654320987653,0.00791765637371338
crime,KFC_v2,iterative,0.21060275962236746,0.00791765637371338
crime,KFC_v2,iterative,0.2113289760348584,0.00791765637371338
crime,KFC_v2,iterative,0.2120551924473493,0.00791765637371338
crime,KFC_v2,iterative,0.21278140885984023,0.00791765637371338
crime,KFC_v2,iterative,0.21350762527233116,0.00791765637371338
crime,KFC_v2,iterative,0.21423384168482207,0.00791765637371338
crime,KFC_v2,iterative,0.214960058097313,0.00791765637371338
crime,KFC_v2,iterative,0.21568627450980393,0.00791765637371338
crime,KFC_v2,iterative,0.21641249092229484,0.00791765637371338
crime,KFC_v2,iterative,0.21713870733478577,0.00791765637371338
crime,KFC_v2,iterative,0.2178649237472767,0.00791765637371338
crime,KFC_v2,iterative,0.2185911401597676,0.00791765637371338
crime,KFC_v2,iterative,0.21931735657225854,0.00791765637371338
crime,KFC_v2,iterative,0.22004357298474944,0.00791765637371338
crime,KFC_v2,iterative,0.22076978939724037,0.00791765637371338
crime,KFC_v2,iterative,0.2214960058097313,0.00791765637371338
crime,KFC_v2,iterative,0.2222222222222222,0.00791765637371338
crime,KFC_v2,iterative,0.22294843863471314,0.00791765637371338
crime,KFC_v2,iterative,0.22367465504720407,0.007125890736342043
crime,KFC_v2,iterative,0.22440087145969498,0.007125890736342043
crime,KFC_v2,iterative,0.2251270878721859,0.007125890736342043
crime,KFC_v2,iterative,0.22585330428467684,0.007125890736342043
crime,KFC_v2,iterative,0.22657952069716775,0.007125890736342043
crime,KFC_v2,iterative,0.22730573710965868,0.007125890736342043
crime,KFC_v2,iterative,0.2280319535221496,0.007125890736342043
crime,KFC_v2,iterative,0.22875816993464052,0.007125890736342043
crime,KFC_v2,iterative,0.22948438634713145,0.007125890736342043
crime,KFC_v2,iterative,0.23021060275962238,0.007125890736342043
crime,KFC_v2,iterative,0.23093681917211328,0.007125890736342043
crime,KFC_v2,iterative,0.23166303558460422,0.007125890736342043
crime,KFC_v2,iterative,0.23238925199709515,0.007125890736342043
crime,KFC_v2,iterative,0.23311546840958605,0.007125890736342043
crime,KFC_v2,iterative,0.23384168482207698,0.007125890736342043
crime,KFC_v2,iterative,0.2345679012345679,0.007125890736342043
crime,KFC_v2,iterative,0.23529411764705882,0.007125890736342043
crime,KFC_v2,iterative,0.23602033405954975,0.007125890736342043
crime,KFC_v2,iterative,0.23674655047204066,0.007125890736342043
crime,KFC_v2,iterative,0.2374727668845316,0.007125890736342043
crime,KFC_v2,iterative,0.23819898329702252,0.007125890736342043
crime,KFC_v2,iterative,0.23892519970951343,0.007125890736342043
crime,KFC_v2,iterative,0.23965141612200436,0.007125890736342043
crime,KFC_v2,iterative,0.2403776325344953,0.007125890736342043
crime,KFC_v2,iterative,0.2411038489469862,0.007125890736342043
crime,KFC_v2,iterative,0.24183006535947713,0.007125890736342043
crime,KFC_v2,iterative,0.24255628177196806,0.007125890736342043
crime,KFC_v2,iterative,0.24328249818445896,0.007125890736342043
crime,KFC_v2,iterative,0.2440087145969499,0.007125890736342043
crime,KFC_v2,iterative,0.24473493100944083,0.007125890736342043
crime,KFC_v2,iterative,0.24546114742193173,0.007125890736342043
crime,KFC_v2,iterative,0.24618736383442266,0.006334125098970704
crime,KFC_v2,iterative,0.24691358024691357,0.006334125098970704
crime,KFC_v2,iterative,0.2476397966594045,0.006334125098970704
crime,KFC_v2,iterative,0.24836601307189543,0.006334125098970704
crime,KFC_v2,iterative,0.24909222948438633,0.006334125098970704
crime,KFC_v2,iterative,0.24981844589687727,0.006334125098970704
crime,KFC_v2,iterative,0.25054466230936817,0.006334125098970704
crime,KFC_v2,iterative,0.2512708787218591,0.006334125098970704
crime,KFC_v2,iterative,0.25199709513435004,0.006334125098970704
crime,KFC_v2,iterative,0.25272331154684097,0.006334125098970704
crime,KFC_v2,iterative,0.2534495279593319,0.006334125098970704
crime,KFC_v2,iterative,0.2541757443718228,0.006334125098970704
crime,KFC_v2,iterative,0.2549019607843137,0.006334125098970704
crime,KFC_v2,iterative,0.25562817719680464,0.006334125098970704
crime,KFC_v2,iterative,0.25635439360929557,0.006334125098970704
crime,KFC_v2,iterative,0.2570806100217865,0.006334125098970704
crime,KFC_v2,iterative,0.25780682643427744,0.006334125098970704
crime,KFC_v2,iterative,0.2585330428467683,0.006334125098970704
crime,KFC_v2,iterative,0.25925925925925924,0.006334125098970704
crime,KFC_v2,iterative,0.2599854756717502,0.006334125098970704
crime,KFC_v2,iterative,0.2607116920842411,0.006334125098970704
crime,KFC_v2,iterative,0.26143790849673204,0.006334125098970704
crime,KFC_v2,iterative,0.262164124909223,0.006334125098970704
crime,KFC_v2,iterative,0.26289034132171385,0.006334125098970704
crime,KFC_v2,iterative,0.2636165577342048,0.006334125098970704
crime,KFC_v2,iterative,0.2643427741466957,0.006334125098970704
crime,KFC_v2,iterative,0.26506899055918665,0.006334125098970704
crime,KFC_v2,iterative,0.2657952069716776,0.006334125098970704
crime,KFC_v2,iterative,0.26652142338416845,0.006334125098970704
crime,KFC_v2,iterative,0.2672476397966594,0.006334125098970704
crime,KFC_v2,iterative,0.2679738562091503,0.006334125098970704
crime,KFC_v2,iterative,0.26870007262164125,0.006334125098970704
crime,KFC_v2,iterative,0.2694262890341322,0.006334125098970704
crime,KFC_v2,iterative,0.2701525054466231,0.006334125098970704
crime,KFC_v2,iterative,0.270878721859114,0.006334125098970704
crime,KFC_v2,iterative,0.2716049382716049,0.006334125098970704
crime,KFC_v2,iterative,0.27233115468409586,0.006334125098970704
crime,KFC_v2,iterative,0.2730573710965868,0.006334125098970704
crime,KFC_v2,iterative,0.2737835875090777,0.006334125098970704
crime,KFC_v2,iterative,0.27450980392156865,0.006334125098970704
crime,KFC_v2,iterative,0.27523602033405953,0.006334125098970704
crime,KFC_v2,iterative,0.27596223674655046,0.006334125098970704
crime,KFC_v2,iterative,0.2766884531590414,0.006334125098970704
crime,KFC_v2,iterative,0.2774146695715323,0.006334125098970704
crime,KFC_v2,iterative,0.27814088598402326,0.0055423594615993665
crime,KFC_v2,iterative,0.27886710239651413,0.0055423594615993665
crime,KFC_v2,iterative,0.27959331880900506,0.0055423594615993665
crime,KFC_v2,iterative,0.280319535221496,0.0055423594615993665
crime,KFC_v2,iterative,0.28104575163398693,0.0055423594615993665
crime,KFC_v2,iterative,0.28177196804647786,0.0055423594615993665
crime,KFC_v2,iterative,0.2824981844589688,0.0055423594615993665
crime,KFC_v2,iterative,0.28322440087145967,0.0055423594615993665
crime,KFC_v2,iterative,0.2839506172839506,0.0055423594615993665
crime,KFC_v2,iterative,0.28467683369644153,0.0055423594615993665
crime,KFC_v2,iterative,0.28540305010893247,0.0055423594615993665
crime,KFC_v2,iterative,0.2861292665214234,0.0055423594615993665
crime,KFC_v2,iterative,0.28685548293391433,0.0055423594615993665
crime,KFC_v2,iterative,0.2875816993464052,0.0055423594615993665
crime,KFC_v2,iterative,0.28830791575889614,0.0055423594615993665
crime,KFC_v2,iterative,0.28903413217138707,0.0055423594615993665
crime,KFC_v2,iterative,0.289760348583878,0.0055423594615993665
crime,KFC_v2,iterative,0.29048656499636893,0.0055423594615993665
crime,KFC_v2,iterative,0.29121278140885987,0.0055423594615993665
crime,KFC_v2,iterative,0.29193899782135074,0.0055423594615993665
crime,KFC_v2,iterative,0.2926652142338417,0.0055423594615993665
crime,KFC_v2,iterative,0.2933914306463326,0.0055423594615993665
crime,KFC_v2,iterative,0.29411764705882354,0.0055423594615993665
crime,KFC_v2,iterative,0.29484386347131447,0.0055423594615993665
crime,KFC_v2,iterative,0.29557007988380535,0.0055423594615993665
crime,KFC_v2,iterative,0.2962962962962963,0.0055423594615993665
crime,KFC_v2,iterative,0.2970225127087872,0.0055423594615993665
crime,KFC_v2,iterative,0.29774872912127814,0.0055423594615993665
crime,KFC_v2,iterative,0.2984749455337691,0.0055423594615993665
crime,KFC_v2,iterative,0.29920116194626,0.0055423594615993665
crime,KFC_v2,iterative,0.2999273783587509,0.0055423594615993665
crime,KFC_v2,iterative,0.3006535947712418,0.0055423594615993665
crime,KFC_v2,iterative,0.30137981118373275,0.0055423594615993665
crime,KFC_v2,iterative,0.3021060275962237,0.0055423594615993665
crime,KFC_v2,iterative,0.3028322440087146,0.0055423594615993665
crime,KFC_v2,iterative,0.30355846042120554,0.0055423594615993665
crime,KFC_v2,iterative,0.3042846768336964,0.0055423594615993665
crime,KFC_v2,iterative,0.30501089324618735,0.0055423594615993665
crime,KFC_v2,iterative,0.3057371096586783,0.0055423594615993665
crime,KFC_v2,iterative,0.3064633260711692,0.0055423594615993665
crime,KFC_v2,iterative,0.30718954248366015,0.0055423594615993665
crime,KFC_v2,iterative,0.307915758896151,0.0055423594615993665
crime,KFC_v2,iterative,0.30864197530864196,0.0055423594615993665
crime,KFC_v2,iterative,0.3093681917211329,0.0055423594615993665
crime,KFC_v2,iterative,0.3100944081336238,0.0055423594615993665
crime,KFC_v2,iterative,0.31082062454611475,0.0055423594615993665
crime,KFC_v2,iterative,0.3115468409586057,0.0055423594615993665
crime,KFC_v2,iterative,0.31227305737109656,0.0055423594615993665
crime,KFC_v2,iterative,0.3129992737835875,0.0055423594615993665
crime,KFC_v2,iterative,0.3137254901960784,0.0055423594615993665
crime,KFC_v2,iterative,0.31445170660856936,0.0055423594615993665
crime,KFC_v2,iterative,0.3151779230210603,0.0055423594615993665
crime,KFC_v2,iterative,0.3159041394335512,0.0055423594615993665
crime,KFC_v2,iterative,0.3166303558460421,0.0055423594615993665
crime,KFC_v2,iterative,0.31735657225853303,0.0055423594615993665
crime,KFC_v2,iterative,0.31808278867102396,0.0055423594615993665
crime,KFC_v2,iterative,0.3188090050835149,0.0055423594615993665
crime,KFC_v2,iterative,0.31953522149600583,0.0055423594615993665
crime,KFC_v2,iterative,0.3202614379084967,0.0055423594615993665
crime,KFC_v2,iterative,0.32098765432098764,0.0055423594615993665
crime,KFC_v2,iterative,0.32171387073347857,0.004750593824228029
crime,KFC_v2,iterative,0.3224400871459695,0.004750593824228029
crime,KFC_v2,iterative,0.32316630355846043,0.004750593824228029
crime,KFC_v2,iterative,0.32389251997095136,0.004750593824228029
crime,KFC_v2,iterative,0.32461873638344224,0.004750593824228029
crime,KFC_v2,iterative,0.3253449527959332,0.004750593824228029
crime,KFC_v2,iterative,0.3260711692084241,0.004750593824228029
crime,KFC_v2,iterative,0.32679738562091504,0.004750593824228029
crime,KFC_v2,iterative,0.32752360203340597,0.004750593824228029
crime,KFC_v2,iterative,0.3282498184458969,0.004750593824228029
crime,KFC_v2,iterative,0.3289760348583878,0.004750593824228029
crime,KFC_v2,iterative,0.3297022512708787,0.004750593824228029
crime,KFC_v2,iterative,0.33042846768336964,0.004750593824228029
crime,KFC_v2,iterative,0.3311546840958606,0.004750593824228029
crime,KFC_v2,iterative,0.3318809005083515,0.004750593824228029
crime,KFC_v2,iterative,0.3326071169208424,0.004750593824228029
crime,KFC_v2,iterative,0.3333333333333333,0.004750593824228029
crime,KFC_v2,iterative,0.33405954974582425,0.004750593824228029
crime,KFC_v2,iterative,0.3347857661583152,0.004750593824228029
crime,KFC_v2,iterative,0.3355119825708061,0.004750593824228029
crime,KFC_v2,iterative,0.33623819898329704,0.004750593824228029
crime,KFC_v2,iterative,0.3369644153957879,0.004750593824228029
crime,KFC_v2,iterative,0.33769063180827885,0.004750593824228029
crime,KFC_v2,iterative,0.3384168482207698,0.004750593824228029
crime,KFC_v2,iterative,0.3391430646332607,0.004750593824228029
crime,KFC_v2,iterative,0.33986928104575165,0.004750593824228029
crime,KFC_v2,iterative,0.3405954974582426,0.004750593824228029
crime,KFC_v2,iterative,0.34132171387073346,0.004750593824228029
crime,KFC_v2,iterative,0.3420479302832244,0.004750593824228029
crime,KFC_v2,iterative,0.3427741466957153,0.004750593824228029
crime,KFC_v2,iterative,0.34350036310820625,0.004750593824228029
crime,KFC_v2,iterative,0.3442265795206972,0.004750593824228029
crime,KFC_v2,iterative,0.3449527959331881,0.004750593824228029
crime,KFC_v2,iterative,0.345679012345679,0.004750593824228029
crime,KFC_v2,iterative,0.3464052287581699,0.004750593824228029
crime,KFC_v2,iterative,0.34713144517066086,0.004750593824228029
crime,KFC_v2,iterative,0.3478576615831518,0.004750593824228029
crime,KFC_v2,iterative,0.3485838779956427,0.004750593824228029
crime,KFC_v2,iterative,0.3493100944081336,0.004750593824228029
crime,KFC_v2,iterative,0.35003631082062453,0.004750593824228029
crime,KFC_v2,iterative,0.35076252723311546,0.004750593824228029
crime,KFC_v2,iterative,0.3514887436456064,0.004750593824228029
crime,KFC_v2,iterative,0.3522149600580973,0.004750593824228029
crime,KFC_v2,iterative,0.35294117647058826,0.004750593824228029
crime,KFC_v2,iterative,0.35366739288307913,0.004750593824228029
crime,KFC_v2,iterative,0.35439360929557007,0.004750593824228029
crime,KFC_v2,iterative,0.355119825708061,0.004750593824228029
crime,KFC_v2,iterative,0.35584604212055193,0.004750593824228029
crime,KFC_v2,iterative,0.35657225853304286,0.004750593824228029
crime,KFC_v2,iterative,0.3572984749455338,0.004750593824228029
crime,KFC_v2,iterative,0.35802469135802467,0.004750593824228029
crime,KFC_v2,iterative,0.3587509077705156,0.004750593824228029
crime,KFC_v2,iterative,0.35947712418300654,0.004750593824228029
crime,KFC_v2,iterative,0.36020334059549747,0.004750593824228029
crime,KFC_v2,iterative,0.3609295570079884,0.004750593824228029
crime,KFC_v2,iterative,0.3616557734204793,0.004750593824228029
crime,KFC_v2,iterative,0.3623819898329702,0.004750593824228029
crime,KFC_v2,iterative,0.36310820624546114,0.004750593824228029
crime,KFC_v2,iterative,0.3638344226579521,0.004750593824228029
crime,KFC_v2,iterative,0.364560639070443,0.004750593824228029
crime,KFC_v2,iterative,0.36528685548293394,0.004750593824228029
crime,KFC_v2,iterative,0.3660130718954248,0.004750593824228029
crime,KFC_v2,iterative,0.36673928830791575,0.004750593824228029
crime,KFC_v2,iterative,0.3674655047204067,0.004750593824228029
crime,KFC_v2,iterative,0.3681917211328976,0.004750593824228029
crime,KFC_v2,iterative,0.36891793754538854,0.004750593824228029
crime,KFC_v2,iterative,0.3696441539578795,0.004750593824228029
crime,KFC_v2,iterative,0.37037037037037035,0.004750593824228029
crime,KFC_v2,iterative,0.3710965867828613,0.004750593824228029
crime,KFC_v2,iterative,0.3718228031953522,0.004750593824228029
crime,KFC_v2,iterative,0.37254901960784315,0.004750593824228029
crime,KFC_v2,iterative,0.3732752360203341,0.004750593824228029
crime,KFC_v2,iterative,0.37400145243282495,0.00395882818685669
crime,KFC_v2,iterative,0.3747276688453159,0.00395882818685669
crime,KFC_v2,iterative,0.3754538852578068,0.00395882818685669
crime,KFC_v2,iterative,0.37618010167029775,0.00395882818685669
crime,KFC_v2,iterative,0.3769063180827887,0.00395882818685669
crime,KFC_v2,iterative,0.3776325344952796,0.00395882818685669
crime,KFC_v2,iterative,0.3783587509077705,0.00395882818685669
crime,KFC_v2,iterative,0.3790849673202614,0.00395882818685669
crime,KFC_v2,iterative,0.37981118373275236,0.00395882818685669
crime,KFC_v2,iterative,0.3805374001452433,0.00395882818685669
crime,KFC_v2,iterative,0.3812636165577342,0.00395882818685669
crime,KFC_v2,iterative,0.38198983297022515,0.00395882818685669
crime,KFC_v2,iterative,0.38271604938271603,0.00395882818685669
crime,KFC_v2,iterative,0.38344226579520696,0.00395882818685669
crime,KFC_v2,iterative,0.3841684822076979,0.00395882818685669
crime,KFC_v2,iterative,0.3848946986201888,0.00395882818685669
crime,KFC_v2,iterative,0.38562091503267976,0.00395882818685669
crime,KFC_v2,iterative,0.38634713144517063,0.00395882818685669
crime,KFC_v2,iterative,0.38707334785766156,0.00395882818685669
crime,KFC_v2,iterative,0.3877995642701525,0.00395882818685669
crime,KFC_v2,iterative,0.38852578068264343,0.00395882818685669
crime,KFC_v2,iterative,0.38925199709513436,0.00395882818685669
crime,KFC_v2,iterative,0.3899782135076253,0.00395882818685669
crime,KFC_v2,iterative,0.39070442992011617,0.00395882818685669
crime,KFC_v2,iterative,0.3914306463326071,0.00395882818685669
crime,KFC_v2,iterative,0.39215686274509803,0.00395882818685669
crime,KFC_v2,iterative,0.39288307915758897,0.00395882818685669
crime,KFC_v2,iterative,0.3936092955700799,0.00395882818685669
crime,KFC_v2,iterative,0.39433551198257083,0.00395882818685669
crime,KFC_v2,iterative,0.3950617283950617,0.00395882818685669
crime,KFC_v2,iterative,0.39578794480755264,0.00395882818685669
crime,KFC_v2,iterative,0.39651416122004357,0.00395882818685669
crime,KFC_v2,iterative,0.3972403776325345,0.00395882818685669
crime,KFC_v2,iterative,0.39796659404502543,0.00395882818685669
crime,KFC_v2,iterative,0.3986928104575163,0.00395882818685669
crime,KFC_v2,iterative,0.39941902687000724,0.00395882818685669
crime,KFC_v2,iterative,0.4001452432824982,0.00395882818685669
crime,KFC_v2,iterative,0.4008714596949891,0.00395882818685669
crime,KFC_v2,iterative,0.40159767610748004,0.00395882818685669
crime,KFC_v2,iterative,0.40232389251997097,0.00395882818685669
crime,KFC_v2,iterative,0.40305010893246185,0.00395882818685669
crime,KFC_v2,iterative,0.4037763253449528,0.00395882818685669
crime,KFC_v2,iterative,0.4045025417574437,0.00395882818685669
crime,KFC_v2,iterative,0.40522875816993464,0.00395882818685669
crime,KFC_v2,iterative,0.4059549745824256,0.00395882818685669
crime,KFC_v2,iterative,0.4066811909949165,0.00395882818685669
crime,KFC_v2,iterative,0.4074074074074074,0.00395882818685669
crime,KFC_v2,iterative,0.4081336238198983,0.00395882818685669
crime,KFC_v2,iterative,0.40885984023238925,0.00395882818685669
crime,KFC_v2,iterative,0.4095860566448802,0.00395882818685669
crime,KFC_v2,iterative,0.4103122730573711,0.00395882818685669
crime,KFC_v2,iterative,0.41103848946986205,0.00395882818685669
crime,KFC_v2,iterative,0.4117647058823529,0.00395882818685669
crime,KFC_v2,iterative,0.41249092229484385,0.00395882818685669
crime,KFC_v2,iterative,0.4132171387073348,0.00395882818685669
crime,KFC_v2,iterative,0.4139433551198257,0.00395882818685669
crime,KFC_v2,iterative,0.41466957153231665,0.00395882818685669
crime,KFC_v2,iterative,0.4153957879448075,0.00395882818685669
crime,KFC_v2,iterative,0.41612200435729846,0.00395882818685669
crime,KFC_v2,iterative,0.4168482207697894,0.00395882818685669
crime,KFC_v2,iterative,0.4175744371822803,0.00395882818685669
crime,KFC_v2,iterative,0.41830065359477125,0.00395882818685669
crime,KFC_v2,iterative,0.4190268700072622,0.00395882818685669
crime,KFC_v2,iterative,0.41975308641975306,0.00395882818685669
crime,KFC_v2,iterative,0.420479302832244,0.00395882818685669
crime,KFC_v2,iterative,0.4212055192447349,0.00395882818685669
crime,KFC_v2,iterative,0.42193173565722586,0.00395882818685669
crime,KFC_v2,iterative,0.4226579520697168,0.00395882818685669
crime,KFC_v2,iterative,0.4233841684822077,0.00395882818685669
crime,KFC_v2,iterative,0.4241103848946986,0.00395882818685669
crime,KFC_v2,iterative,0.42483660130718953,0.00395882818685669
crime,KFC_v2,iterative,0.42556281771968046,0.00395882818685669
crime,KFC_v2,iterative,0.4262890341321714,0.00395882818685669
crime,KFC_v2,iterative,0.42701525054466233,0.00395882818685669
crime,KFC_v2,iterative,0.4277414669571532,0.003167062549485352
crime,KFC_v2,iterative,0.42846768336964414,0.003167062549485352
crime,KFC_v2,iterative,0.42919389978213507,0.003167062549485352
crime,KFC_v2,iterative,0.429920116194626,0.003167062549485352
crime,KFC_v2,iterative,0.43064633260711693,0.003167062549485352
crime,KFC_v2,iterative,0.43137254901960786,0.003167062549485352
crime,KFC_v2,iterative,0.43209876543209874,0.003167062549485352
crime,KFC_v2,iterative,0.4328249818445897,0.003167062549485352
crime,KFC_v2,iterative,0.4335511982570806,0.003167062549485352
crime,KFC_v2,iterative,0.43427741466957154,0.003167062549485352
crime,KFC_v2,iterative,0.43500363108206247,0.003167062549485352
crime,KFC_v2,iterative,0.4357298474945534,0.003167062549485352
crime,KFC_v2,iterative,0.4364560639070443,0.003167062549485352
crime,KFC_v2,iterative,0.4371822803195352,0.003167062549485352
crime,KFC_v2,iterative,0.43790849673202614,0.003167062549485352
crime,KFC_v2,iterative,0.4386347131445171,0.003167062549485352
crime,KFC_v2,iterative,0.439360929557008,0.003167062549485352
crime,KFC_v2,iterative,0.4400871459694989,0.003167062549485352
crime,KFC_v2,iterative,0.4408133623819898,0.003167062549485352
crime,KFC_v2,iterative,0.44153957879448075,0.003167062549485352
crime,KFC_v2,iterative,0.4422657952069717,0.003167062549485352
crime,KFC_v2,iterative,0.4429920116194626,0.003167062549485352
crime,KFC_v2,iterative,0.44371822803195354,0.003167062549485352
crime,KFC_v2,iterative,0.4444444444444444,0.003167062549485352
crime,KFC_v2,iterative,0.44517066085693535,0.003167062549485352
crime,KFC_v2,iterative,0.4458968772694263,0.003167062549485352
crime,KFC_v2,iterative,0.4466230936819172,0.003167062549485352
crime,KFC_v2,iterative,0.44734931009440815,0.003167062549485352
crime,KFC_v2,iterative,0.4480755265068991,0.003167062549485352
crime,KFC_v2,iterative,0.44880174291938996,0.003167062549485352
crime,KFC_v2,iterative,0.4495279593318809,0.003167062549485352
crime,KFC_v2,iterative,0.4502541757443718,0.003167062549485352
crime,KFC_v2,iterative,0.45098039215686275,0.003167062549485352
crime,KFC_v2,iterative,0.4517066085693537,0.003167062549485352
crime,KFC_v2,iterative,0.45243282498184456,0.003167062549485352
crime,KFC_v2,iterative,0.4531590413943355,0.003167062549485352
crime,KFC_v2,iterative,0.4538852578068264,0.003167062549485352
crime,KFC_v2,iterative,0.45461147421931736,0.003167062549485352
crime,KFC_v2,iterative,0.4553376906318083,0.003167062549485352
crime,KFC_v2,iterative,0.4560639070442992,0.003167062549485352
crime,KFC_v2,iterative,0.4567901234567901,0.003167062549485352
crime,KFC_v2,iterative,0.45751633986928103,0.003167062549485352
crime,KFC_v2,iterative,0.45824255628177196,0.003167062549485352
crime,KFC_v2,iterative,0.4589687726942629,0.003167062549485352
crime,KFC_v2,iterative,0.4596949891067538,0.003167062549485352
crime,KFC_v2,iterative,0.46042120551924476,0.003167062549485352
crime,KFC_v2,iterative,0.46114742193173563,0.003167062549485352
crime,KFC_v2,iterative,0.46187363834422657,0.003167062549485352
crime,KFC_v2,iterative,0.4625998547567175,0.003167062549485352
crime,KFC_v2,iterative,0.46332607116920843,0.003167062549485352
crime,KFC_v2,iterative,0.46405228758169936,0.003167062549485352
crime,KFC_v2,iterative,0.4647785039941903,0.003167062549485352
crime,KFC_v2,iterative,0.46550472040668117,0.003167062549485352
crime,KFC_v2,iterative,0.4662309368191721,0.003167062549485352
crime,KFC_v2,iterative,0.46695715323166304,0.003167062549485352
crime,KFC_v2,iterative,0.46768336964415397,0.003167062549485352
crime,KFC_v2,iterative,0.4684095860566449,0.003167062549485352
crime,KFC_v2,iterative,0.4691358024691358,0.003167062549485352
crime,KFC_v2,iterative,0.4698620188816267,0.003167062549485352
crime,KFC_v2,iterative,0.47058823529411764,0.003167062549485352
crime,KFC_v2,iterative,0.4713144517066086,0.003167062549485352
crime,KFC_v2,iterative,0.4720406681190995,0.003167062549485352
crime,KFC_v2,iterative,0.47276688453159044,0.003167062549485352
crime,KFC_v2,iterative,0.4734931009440813,0.003167062549485352
crime,KFC_v2,iterative,0.47421931735657225,0.003167062549485352
crime,KFC_v2,iterative,0.4749455337690632,0.003167062549485352
crime,KFC_v2,iterative,0.4756717501815541,0.003167062549485352
crime,KFC_v2,iterative,0.47639796659404504,0.003167062549485352
crime,KFC_v2,iterative,0.477124183006536,0.003167062549485352
crime,KFC_v2,iterative,0.47785039941902685,0.003167062549485352
crime,KFC_v2,iterative,0.4785766158315178,0.003167062549485352
crime,KFC_v2,iterative,0.4793028322440087,0.003167062549485352
crime,KFC_v2,iterative,0.48002904865649965,0.003167062549485352
crime,KFC_v2,iterative,0.4807552650689906,0.003167062549485352
crime,KFC_v2,iterative,0.48148148148148145,0.003167062549485352
crime,KFC_v2,iterative,0.4822076978939724,0.003167062549485352
crime,KFC_v2,iterative,0.4829339143064633,0.003167062549485352
crime,KFC_v2,iterative,0.48366013071895425,0.003167062549485352
crime,KFC_v2,iterative,0.4843863471314452,0.003167062549485352
crime,KFC_v2,iterative,0.4851125635439361,0.003167062549485352
crime,KFC_v2,iterative,0.485838779956427,0.003167062549485352
crime,KFC_v2,iterative,0.4865649963689179,0.003167062549485352
crime,KFC_v2,iterative,0.48729121278140886,0.003167062549485352
crime,KFC_v2,iterative,0.4880174291938998,0.003167062549485352
crime,KFC_v2,iterative,0.4887436456063907,0.003167062549485352
crime,KFC_v2,iterative,0.48946986201888165,0.003167062549485352
crime,KFC_v2,iterative,0.49019607843137253,0.003167062549485352
crime,KFC_v2,iterative,0.49092229484386346,0.003167062549485352
crime,KFC_v2,iterative,0.4916485112563544,0.003167062549485352
crime,KFC_v2,iterative,0.4923747276688453,0.003167062549485352
crime,KFC_v2,iterative,0.49310094408133626,0.003167062549485352
crime,KFC_v2,iterative,0.49382716049382713,0.003167062549485352
crime,KFC_v2,iterative,0.49455337690631807,0.003167062549485352
crime,KFC_v2,iterative,0.495279593318809,0.003167062549485352
crime,KFC_v2,iterative,0.49600580973129993,0.003167062549485352
crime,KFC_v2,iterative,0.49673202614379086,0.003167062549485352
crime,KFC_v2,iterative,0.4974582425562818,0.003167062549485352
crime,KFC_v2,iterative,0.49818445896877267,0.003167062549485352
crime,KFC_v2,iterative,0.4989106753812636,0.003167062549485352
crime,KFC_v2,iterative,0.49963689179375453,0.003167062549485352
crime,KFC_v2,iterative,0.5003631082062454,0.003167062549485352
crime,KFC_v2,iterative,0.5010893246187363,0.003167062549485352
crime,KFC_v2,iterative,0.5018155410312273,0.003167062549485352
crime,KFC_v2,iterative,0.5025417574437182,0.003167062549485352
crime,KFC_v2,iterative,0.5032679738562091,0.003167062549485352
crime,KFC_v2,iterative,0.5039941902687001,0.003167062549485352
crime,KFC_v2,iterative,0.504720406681191,0.003167062549485352
crime,KFC_v2,iterative,0.5054466230936819,0.003167062549485352
crime,KFC_v2,iterative,0.5061728395061729,0.003167062549485352
crime,KFC_v2,iterative,0.5068990559186638,0.003167062549485352
crime,KFC_v2,iterative,0.5076252723311547,0.003167062549485352
crime,KFC_v2,iterative,0.5083514887436456,0.003167062549485352
crime,KFC_v2,iterative,0.5090777051561365,0.003167062549485352
crime,KFC_v2,iterative,0.5098039215686274,0.003167062549485352
crime,KFC_v2,iterative,0.5105301379811183,0.003167062549485352
crime,KFC_v2,iterative,0.5112563543936093,0.003167062549485352
crime,KFC_v2,iterative,0.5119825708061002,0.003167062549485352
crime,KFC_v2,iterative,0.5127087872185911,0.003167062549485352
crime,KFC_v2,iterative,0.5134350036310821,0.003167062549485352
crime,KFC_v2,iterative,0.514161220043573,0.003167062549485352
crime,KFC_v2,iterative,0.5148874364560639,0.003167062549485352
crime,KFC_v2,iterative,0.5156136528685549,0.003167062549485352
crime,KFC_v2,iterative,0.5163398692810458,0.003167062549485352
crime,KFC_v2,iterative,0.5170660856935366,0.003167062549485352
crime,KFC_v2,iterative,0.5177923021060276,0.003167062549485352
crime,KFC_v2,iterative,0.5185185185185185,0.003167062549485352
crime,KFC_v2,iterative,0.5192447349310094,0.003167062549485352
crime,KFC_v2,iterative,0.5199709513435004,0.003167062549485352
crime,KFC_v2,iterative,0.5206971677559913,0.003167062549485352
crime,KFC_v2,iterative,0.5214233841684822,0.003167062549485352
crime,KFC_v2,iterative,0.5221496005809731,0.003167062549485352
crime,KFC_v2,iterative,0.5228758169934641,0.003167062549485352
crime,KFC_v2,iterative,0.523602033405955,0.003167062549485352
crime,KFC_v2,iterative,0.524328249818446,0.003167062549485352
crime,KFC_v2,iterative,0.5250544662309368,0.003167062549485352
crime,KFC_v2,iterative,0.5257806826434277,0.003167062549485352
crime,KFC_v2,iterative,0.5265068990559186,0.003167062549485352
crime,KFC_v2,iterative,0.5272331154684096,0.003167062549485352
crime,KFC_v2,iterative,0.5279593318809005,0.003167062549485352
crime,KFC_v2,iterative,0.5286855482933914,0.003167062549485352
crime,KFC_v2,iterative,0.5294117647058824,0.003167062549485352
crime,KFC_v2,iterative,0.5301379811183733,0.003167062549485352
crime,KFC_v2,iterative,0.5308641975308642,0.003167062549485352
crime,KFC_v2,iterative,0.5315904139433552,0.003167062549485352
crime,KFC_v2,iterative,0.5323166303558461,0.003167062549485352
crime,KFC_v2,iterative,0.5330428467683369,0.003167062549485352
crime,KFC_v2,iterative,0.5337690631808278,0.003167062549485352
crime,KFC_v2,iterative,0.5344952795933188,0.003167062549485352
crime,KFC_v2,iterative,0.5352214960058097,0.003167062549485352
crime,KFC_v2,iterative,0.5359477124183006,0.003167062549485352
crime,KFC_v2,iterative,0.5366739288307916,0.003167062549485352
crime,KFC_v2,iterative,0.5374001452432825,0.003167062549485352
crime,KFC_v2,iterative,0.5381263616557734,0.003167062549485352
crime,KFC_v2,iterative,0.5388525780682644,0.003167062549485352
crime,KFC_v2,iterative,0.5395787944807553,0.0023752969121140144
crime,KFC_v2,iterative,0.5403050108932462,0.0023752969121140144
crime,KFC_v2,iterative,0.5410312273057372,0.0023752969121140144
crime,KFC_v2,iterative,0.541757443718228,0.0023752969121140144
crime,KFC_v2,iterative,0.5424836601307189,0.0023752969121140144
crime,KFC_v2,iterative,0.5432098765432098,0.0023752969121140144
crime,KFC_v2,iterative,0.5439360929557008,0.0023752969121140144
crime,KFC_v2,iterative,0.5446623093681917,0.0023752969121140144
crime,KFC_v2,iterative,0.5453885257806826,0.0023752969121140144
crime,KFC_v2,iterative,0.5461147421931736,0.0023752969121140144
crime,KFC_v2,iterative,0.5468409586056645,0.0023752969121140144
crime,KFC_v2,iterative,0.5475671750181554,0.0023752969121140144
crime,KFC_v2,iterative,0.5482933914306464,0.0023752969121140144
crime,KFC_v2,iterative,0.5490196078431373,0.0023752969121140144
crime,KFC_v2,iterative,0.5497458242556281,0.0023752969121140144
crime,KFC_v2,iterative,0.5504720406681191,0.0023752969121140144
crime,KFC_v2,iterative,0.55119825708061,0.0023752969121140144
crime,KFC_v2,iterative,0.5519244734931009,0.0023752969121140144
crime,KFC_v2,iterative,0.5526506899055919,0.0023752969121140144
crime,KFC_v2,iterative,0.5533769063180828,0.0023752969121140144
crime,KFC_v2,iterative,0.5541031227305737,0.0023752969121140144
crime,KFC_v2,iterative,0.5548293391430646,0.0023752969121140144
crime,KFC_v2,iterative,0.5555555555555556,0.0023752969121140144
crime,KFC_v2,iterative,0.5562817719680465,0.0023752969121140144
crime,KFC_v2,iterative,0.5570079883805374,0.0023752969121140144
crime,KFC_v2,iterative,0.5577342047930283,0.0023752969121140144
crime,KFC_v2,iterative,0.5584604212055192,0.0023752969121140144
crime,KFC_v2,iterative,0.5591866376180101,0.0023752969121140144
crime,KFC_v2,iterative,0.5599128540305011,0.0023752969121140144
crime,KFC_v2,iterative,0.560639070442992,0.0023752969121140144
crime,KFC_v2,iterative,0.5613652868554829,0.0023752969121140144
crime,KFC_v2,iterative,0.5620915032679739,0.0023752969121140144
crime,KFC_v2,iterative,0.5628177196804648,0.0023752969121140144
crime,KFC_v2,iterative,0.5635439360929557,0.0023752969121140144
crime,KFC_v2,iterative,0.5642701525054467,0.0023752969121140144
crime,KFC_v2,iterative,0.5649963689179376,0.0023752969121140144
crime,KFC_v2,iterative,0.5657225853304285,0.0023752969121140144
crime,KFC_v2,iterative,0.5664488017429193,0.0023752969121140144
crime,KFC_v2,iterative,0.5671750181554103,0.0023752969121140144
crime,KFC_v2,iterative,0.5679012345679012,0.0023752969121140144
crime,KFC_v2,iterative,0.5686274509803921,0.0023752969121140144
crime,KFC_v2,iterative,0.5693536673928831,0.0023752969121140144
crime,KFC_v2,iterative,0.570079883805374,0.0023752969121140144
crime,KFC_v2,iterative,0.5708061002178649,0.0023752969121140144
crime,KFC_v2,iterative,0.5715323166303559,0.0023752969121140144
crime,KFC_v2,iterative,0.5722585330428468,0.0023752969121140144
crime,KFC_v2,iterative,0.5729847494553377,0.0023752969121140144
crime,KFC_v2,iterative,0.5737109658678287,0.0023752969121140144
crime,KFC_v2,iterative,0.5744371822803195,0.0023752969121140144
crime,KFC_v2,iterative,0.5751633986928104,0.0023752969121140144
crime,KFC_v2,iterative,0.5758896151053013,0.0023752969121140144
crime,KFC_v2,iterative,0.5766158315177923,0.0023752969121140144
crime,KFC_v2,iterative,0.5773420479302832,0.0023752969121140144
crime,KFC_v2,iterative,0.5780682643427741,0.0023752969121140144
crime,KFC_v2,iterative,0.5787944807552651,0.0023752969121140144
crime,KFC_v2,iterative,0.579520697167756,0.0023752969121140144
crime,KFC_v2,iterative,0.5802469135802469,0.0023752969121140144
crime,KFC_v2,iterative,0.5809731299927379,0.0023752969121140144
crime,KFC_v2,iterative,0.5816993464052288,0.0023752969121140144
crime,KFC_v2,iterative,0.5824255628177197,0.0023752969121140144
crime,KFC_v2,iterative,0.5831517792302106,0.0023752969121140144
crime,KFC_v2,iterative,0.5838779956427015,0.0023752969121140144
crime,KFC_v2,iterative,0.5846042120551924,0.0023752969121140144
crime,KFC_v2,iterative,0.5853304284676834,0.0023752969121140144
crime,KFC_v2,iterative,0.5860566448801743,0.0023752969121140144
crime,KFC_v2,iterative,0.5867828612926652,0.0023752969121140144
crime,KFC_v2,iterative,0.5875090777051561,0.0023752969121140144
crime,KFC_v2,iterative,0.5882352941176471,0.0023752969121140144
crime,KFC_v2,iterative,0.588961510530138,0.0023752969121140144
crime,KFC_v2,iterative,0.5896877269426289,0.0023752969121140144
crime,KFC_v2,iterative,0.5904139433551199,0.0023752969121140144
crime,KFC_v2,iterative,0.5911401597676107,0.0023752969121140144
crime,KFC_v2,iterative,0.5918663761801016,0.0023752969121140144
crime,KFC_v2,iterative,0.5925925925925926,0.0023752969121140144
crime,KFC_v2,iterative,0.5933188090050835,0.0023752969121140144
crime,KFC_v2,iterative,0.5940450254175744,0.0023752969121140144
crime,KFC_v2,iterative,0.5947712418300654,0.0023752969121140144
crime,KFC_v2,iterative,0.5954974582425563,0.0023752969121140144
crime,KFC_v2,iterative,0.5962236746550472,0.0023752969121140144
crime,KFC_v2,iterative,0.5969498910675382,0.0023752969121140144
crime,KFC_v2,iterative,0.5976761074800291,0.0023752969121140144
crime,KFC_v2,iterative,0.59840232389252,0.0023752969121140144
crime,KFC_v2,iterative,0.5991285403050108,0.0023752969121140144
crime,KFC_v2,iterative,0.5998547567175018,0.0023752969121140144
crime,KFC_v2,iterative,0.6005809731299927,0.0023752969121140144
crime,KFC_v2,iterative,0.6013071895424836,0.0023752969121140144
crime,KFC_v2,iterative,0.6020334059549746,0.0023752969121140144
crime,KFC_v2,iterative,0.6027596223674655,0.0023752969121140144
crime,KFC_v2,iterative,0.6034858387799564,0.0023752969121140144
crime,KFC_v2,iterative,0.6042120551924474,0.0023752969121140144
crime,KFC_v2,iterative,0.6049382716049383,0.0023752969121140144
crime,KFC_v2,iterative,0.6056644880174292,0.0023752969121140144
crime,KFC_v2,iterative,0.6063907044299202,0.0023752969121140144
crime,KFC_v2,iterative,0.6071169208424111,0.0023752969121140144
crime,KFC_v2,iterative,0.6078431372549019,0.0023752969121140144
crime,KFC_v2,iterative,0.6085693536673928,0.0023752969121140144
crime,KFC_v2,iterative,0.6092955700798838,0.0023752969121140144
crime,KFC_v2,iterative,0.6100217864923747,0.0023752969121140144
crime,KFC_v2,iterative,0.6107480029048656,0.0023752969121140144
crime,KFC_v2,iterative,0.6114742193173566,0.0023752969121140144
crime,KFC_v2,iterative,0.6122004357298475,0.0023752969121140144
crime,KFC_v2,iterative,0.6129266521423384,0.0023752969121140144
crime,KFC_v2,iterative,0.6136528685548294,0.0023752969121140144
crime,KFC_v2,iterative,0.6143790849673203,0.0023752969121140144
crime,KFC_v2,iterative,0.6151053013798112,0.0023752969121140144
crime,KFC_v2,iterative,0.615831517792302,0.0023752969121140144
crime,KFC_v2,iterative,0.616557734204793,0.0023752969121140144
crime,KFC_v2,iterative,0.6172839506172839,0.0023752969121140144
crime,KFC_v2,iterative,0.6180101670297748,0.0023752969121140144
crime,KFC_v2,iterative,0.6187363834422658,0.0023752969121140144
crime,KFC_v2,iterative,0.6194625998547567,0.0023752969121140144
crime,KFC_v2,iterative,0.6201888162672476,0.0023752969121140144
crime,KFC_v2,iterative,0.6209150326797386,0.0023752969121140144
crime,KFC_v2,iterative,0.6216412490922295,0.0023752969121140144
crime,KFC_v2,iterative,0.6223674655047204,0.0023752969121140144
crime,KFC_v2,iterative,0.6230936819172114,0.0023752969121140144
crime,KFC_v2,iterative,0.6238198983297023,0.0023752969121140144
crime,KFC_v2,iterative,0.6245461147421931,0.0023752969121140144
crime,KFC_v2,iterative,0.6252723311546841,0.0023752969121140144
crime,KFC_v2,iterative,0.625998547567175,0.0023752969121140144
crime,KFC_v2,iterative,0.6267247639796659,0.0023752969121140144
crime,KFC_v2,iterative,0.6274509803921569,0.0023752969121140144
crime,KFC_v2,iterative,0.6281771968046478,0.0023752969121140144
crime,KFC_v2,iterative,0.6289034132171387,0.0023752969121140144
crime,KFC_v2,iterative,0.6296296296296297,0.0023752969121140144
crime,KFC_v2,iterative,0.6303558460421206,0.0023752969121140144
crime,KFC_v2,iterative,0.6310820624546115,0.0023752969121140144
crime,KFC_v2,iterative,0.6318082788671024,0.0023752969121140144
crime,KFC_v2,iterative,0.6325344952795933,0.0023752969121140144
crime,KFC_v2,iterative,0.6332607116920842,0.0023752969121140144
crime,KFC_v2,iterative,0.6339869281045751,0.0023752969121140144
crime,KFC_v2,iterative,0.6347131445170661,0.0023752969121140144
crime,KFC_v2,iterative,0.635439360929557,0.0023752969121140144
crime,KFC_v2,iterative,0.6361655773420479,0.0023752969121140144
crime,KFC_v2,iterative,0.6368917937545389,0.0023752969121140144
crime,KFC_v2,iterative,0.6376180101670298,0.0023752969121140144
crime,KFC_v2,iterative,0.6383442265795207,0.0023752969121140144
crime,KFC_v2,iterative,0.6390704429920117,0.0023752969121140144
crime,KFC_v2,iterative,0.6397966594045026,0.0023752969121140144
crime,KFC_v2,iterative,0.6405228758169934,0.0023752969121140144
crime,KFC_v2,iterative,0.6412490922294843,0.0023752969121140144
crime,KFC_v2,iterative,0.6419753086419753,0.0023752969121140144
crime,KFC_v2,iterative,0.6427015250544662,0.0023752969121140144
crime,KFC_v2,iterative,0.6434277414669571,0.0023752969121140144
crime,KFC_v2,iterative,0.6441539578794481,0.0023752969121140144
crime,KFC_v2,iterative,0.644880174291939,0.0023752969121140144
crime,KFC_v2,iterative,0.6456063907044299,0.0023752969121140144
crime,KFC_v2,iterative,0.6463326071169209,0.0023752969121140144
crime,KFC_v2,iterative,0.6470588235294118,0.0023752969121140144
crime,KFC_v2,iterative,0.6477850399419027,0.0023752969121140144
crime,KFC_v2,iterative,0.6485112563543937,0.0023752969121140144
crime,KFC_v2,iterative,0.6492374727668845,0.0023752969121140144
crime,KFC_v2,iterative,0.6499636891793754,0.0023752969121140144
crime,KFC_v2,iterative,0.6506899055918663,0.0023752969121140144
crime,KFC_v2,iterative,0.6514161220043573,0.0023752969121140144
crime,KFC_v2,iterative,0.6521423384168482,0.0023752969121140144
crime,KFC_v2,iterative,0.6528685548293391,0.0023752969121140144
crime,KFC_v2,iterative,0.6535947712418301,0.0023752969121140144
crime,KFC_v2,iterative,0.654320987654321,0.0023752969121140144
crime,KFC_v2,iterative,0.6550472040668119,0.0023752969121140144
crime,KFC_v2,iterative,0.6557734204793029,0.0023752969121140144
crime,KFC_v2,iterative,0.6564996368917938,0.0023752969121140144
crime,KFC_v2,iterative,0.6572258533042846,0.0023752969121140144
crime,KFC_v2,iterative,0.6579520697167756,0.0023752969121140144
crime,KFC_v2,iterative,0.6586782861292665,0.0023752969121140144
crime,KFC_v2,iterative,0.6594045025417574,0.0023752969121140144
crime,KFC_v2,iterative,0.6601307189542484,0.0023752969121140144
crime,KFC_v2,iterative,0.6608569353667393,0.0023752969121140144
crime,KFC_v2,iterative,0.6615831517792302,0.0023752969121140144
crime,KFC_v2,iterative,0.6623093681917211,0.0023752969121140144
crime,KFC_v2,iterative,0.6630355846042121,0.0023752969121140144
crime,KFC_v2,iterative,0.663761801016703,0.0023752969121140144
crime,KFC_v2,iterative,0.664488017429194,0.0023752969121140144
crime,KFC_v2,iterative,0.6652142338416848,0.0023752969121140144
crime,KFC_v2,iterative,0.6659404502541757,0.0023752969121140144
crime,KFC_v2,iterative,0.6666666666666666,0.0023752969121140144
crime,KFC_v2,iterative,0.6673928830791576,0.0023752969121140144
crime,KFC_v2,iterative,0.6681190994916485,0.0023752969121140144
crime,KFC_v2,iterative,0.6688453159041394,0.0023752969121140144
crime,KFC_v2,iterative,0.6695715323166304,0.0023752969121140144
crime,KFC_v2,iterative,0.6702977487291213,0.0023752969121140144
crime,KFC_v2,iterative,0.6710239651416122,0.0023752969121140144
crime,KFC_v2,iterative,0.6717501815541032,0.0023752969121140144
crime,KFC_v2,iterative,0.6724763979665941,0.0023752969121140144
crime,KFC_v2,iterative,0.673202614379085,0.0023752969121140144
crime,KFC_v2,iterative,0.6739288307915758,0.0023752969121140144
crime,KFC_v2,iterative,0.6746550472040668,0.0023752969121140144
crime,KFC_v2,iterative,0.6753812636165577,0.0023752969121140144
crime,KFC_v2,iterative,0.6761074800290486,0.0023752969121140144
crime,KFC_v2,iterative,0.6768336964415396,0.0023752969121140144
crime,KFC_v2,iterative,0.6775599128540305,0.0023752969121140144
crime,KFC_v2,iterative,0.6782861292665214,0.0023752969121140144
crime,KFC_v2,iterative,0.6790123456790124,0.0023752969121140144
crime,KFC_v2,iterative,0.6797385620915033,0.0023752969121140144
crime,KFC_v2,iterative,0.6804647785039942,0.0023752969121140144
crime,KFC_v2,iterative,0.6811909949164852,0.0023752969121140144
crime,KFC_v2,iterative,0.681917211328976,0.0023752969121140144
crime,KFC_v2,iterative,0.6826434277414669,0.0023752969121140144
crime,KFC_v2,iterative,0.6833696441539578,0.0023752969121140144
crime,KFC_v2,iterative,0.6840958605664488,0.0023752969121140144
crime,KFC_v2,iterative,0.6848220769789397,0.0023752969121140144
crime,KFC_v2,iterative,0.6855482933914306,0.0023752969121140144
crime,KFC_v2,iterative,0.6862745098039216,0.0023752969121140144
crime,KFC_v2,iterative,0.6870007262164125,0.0023752969121140144
crime,KFC_v2,iterative,0.6877269426289034,0.0023752969121140144
crime,KFC_v2,iterative,0.6884531590413944,0.0023752969121140144
crime,KFC_v2,iterative,0.6891793754538853,0.0023752969121140144
crime,KFC_v2,iterative,0.6899055918663762,0.0023752969121140144
crime,KFC_v2,iterative,0.690631808278867,0.0023752969121140144
crime,KFC_v2,iterative,0.691358024691358,0.0023752969121140144
crime,KFC_v2,iterative,0.6920842411038489,0.0023752969121140144
crime,KFC_v2,iterative,0.6928104575163399,0.0023752969121140144
crime,KFC_v2,iterative,0.6935366739288308,0.0023752969121140144
crime,KFC_v2,iterative,0.6942628903413217,0.0023752969121140144
crime,KFC_v2,iterative,0.6949891067538126,0.0023752969121140144
crime,KFC_v2,iterative,0.6957153231663036,0.0023752969121140144
crime,KFC_v2,iterative,0.6964415395787945,0.0023752969121140144
crime,KFC_v2,iterative,0.6971677559912854,0.0023752969121140144
crime,KFC_v2,iterative,0.6978939724037764,0.0023752969121140144
crime,KFC_v2,iterative,0.6986201888162672,0.0023752969121140144
crime,KFC_v2,iterative,0.6993464052287581,0.0023752969121140144
crime,KFC_v2,iterative,0.7000726216412491,0.0023752969121140144
crime,KFC_v2,iterative,0.70079883805374,0.0023752969121140144
crime,KFC_v2,iterative,0.7015250544662309,0.0023752969121140144
crime,KFC_v2,iterative,0.7022512708787219,0.0023752969121140144
crime,KFC_v2,iterative,0.7029774872912128,0.001583531274742676
crime,KFC_v2,iterative,0.7037037037037037,0.001583531274742676
crime,KFC_v2,iterative,0.7044299201161947,0.001583531274742676
crime,KFC_v2,iterative,0.7051561365286856,0.001583531274742676
crime,KFC_v2,iterative,0.7058823529411765,0.001583531274742676
crime,KFC_v2,iterative,0.7066085693536673,0.001583531274742676
crime,KFC_v2,iterative,0.7073347857661583,0.001583531274742676
crime,KFC_v2,iterative,0.7080610021786492,0.001583531274742676
crime,KFC_v2,iterative,0.7087872185911401,0.001583531274742676
crime,KFC_v2,iterative,0.7095134350036311,0.001583531274742676
crime,KFC_v2,iterative,0.710239651416122,0.001583531274742676
crime,KFC_v2,iterative,0.7109658678286129,0.001583531274742676
crime,KFC_v2,iterative,0.7116920842411039,0.001583531274742676
crime,KFC_v2,iterative,0.7124183006535948,0.001583531274742676
crime,KFC_v2,iterative,0.7131445170660857,0.001583531274742676
crime,KFC_v2,iterative,0.7138707334785767,0.001583531274742676
crime,KFC_v2,iterative,0.7145969498910676,0.001583531274742676
crime,KFC_v2,iterative,0.7153231663035584,0.001583531274742676
crime,KFC_v2,iterative,0.7160493827160493,0.001583531274742676
crime,KFC_v2,iterative,0.7167755991285403,0.001583531274742676
crime,KFC_v2,iterative,0.7175018155410312,0.001583531274742676
crime,KFC_v2,iterative,0.7182280319535221,0.001583531274742676
crime,KFC_v2,iterative,0.7189542483660131,0.001583531274742676
crime,KFC_v2,iterative,0.719680464778504,0.001583531274742676
crime,KFC_v2,iterative,0.7204066811909949,0.001583531274742676
crime,KFC_v2,iterative,0.7211328976034859,0.001583531274742676
crime,KFC_v2,iterative,0.7218591140159768,0.001583531274742676
crime,KFC_v2,iterative,0.7225853304284677,0.001583531274742676
crime,KFC_v2,iterative,0.7233115468409586,0.001583531274742676
crime,KFC_v2,iterative,0.7240377632534495,0.001583531274742676
crime,KFC_v2,iterative,0.7247639796659404,0.001583531274742676
crime,KFC_v2,iterative,0.7254901960784313,0.001583531274742676
crime,KFC_v2,iterative,0.7262164124909223,0.001583531274742676
crime,KFC_v2,iterative,0.7269426289034132,0.001583531274742676
crime,KFC_v2,iterative,0.7276688453159041,0.001583531274742676
crime,KFC_v2,iterative,0.7283950617283951,0.001583531274742676
crime,KFC_v2,iterative,0.729121278140886,0.001583531274742676
crime,KFC_v2,iterative,0.7298474945533769,0.001583531274742676
crime,KFC_v2,iterative,0.7305737109658679,0.001583531274742676
crime,KFC_v2,iterative,0.7312999273783587,0.001583531274742676
crime,KFC_v2,iterative,0.7320261437908496,0.001583531274742676
crime,KFC_v2,iterative,0.7327523602033406,0.001583531274742676
crime,KFC_v2,iterative,0.7334785766158315,0.001583531274742676
crime,KFC_v2,iterative,0.7342047930283224,0.001583531274742676
crime,KFC_v2,iterative,0.7349310094408134,0.001583531274742676
crime,KFC_v2,iterative,0.7356572258533043,0.001583531274742676
crime,KFC_v2,iterative,0.7363834422657952,0.001583531274742676
crime,KFC_v2,iterative,0.7371096586782862,0.001583531274742676
crime,KFC_v2,iterative,0.7378358750907771,0.001583531274742676
crime,KFC_v2,iterative,0.738562091503268,0.001583531274742676
crime,KFC_v2,iterative,0.739288307915759,0.001583531274742676
crime,KFC_v2,iterative,0.7400145243282498,0.001583531274742676
crime,KFC_v2,iterative,0.7407407407407407,0.001583531274742676
crime,KFC_v2,iterative,0.7414669571532316,0.001583531274742676
crime,KFC_v2,iterative,0.7421931735657226,0.001583531274742676
crime,KFC_v2,iterative,0.7429193899782135,0.001583531274742676
crime,KFC_v2,iterative,0.7436456063907044,0.001583531274742676
crime,KFC_v2,iterative,0.7443718228031954,0.001583531274742676
crime,KFC_v2,iterative,0.7450980392156863,0.001583531274742676
crime,KFC_v2,iterative,0.7458242556281772,0.001583531274742676
crime,KFC_v2,iterative,0.7465504720406682,0.001583531274742676
crime,KFC_v2,iterative,0.7472766884531591,0.001583531274742676
crime,KFC_v2,iterative,0.7480029048656499,0.001583531274742676
crime,KFC_v2,iterative,0.7487291212781408,0.001583531274742676
crime,KFC_v2,iterative,0.7494553376906318,0.001583531274742676
crime,KFC_v2,iterative,0.7501815541031227,0.001583531274742676
crime,KFC_v2,iterative,0.7509077705156136,0.001583531274742676
crime,KFC_v2,iterative,0.7516339869281046,0.001583531274742676
crime,KFC_v2,iterative,0.7523602033405955,0.001583531274742676
crime,KFC_v2,iterative,0.7530864197530864,0.001583531274742676
crime,KFC_v2,iterative,0.7538126361655774,0.001583531274742676
crime,KFC_v2,iterative,0.7545388525780683,0.001583531274742676
crime,KFC_v2,iterative,0.7552650689905592,0.001583531274742676
crime,KFC_v2,iterative,0.7559912854030502,0.001583531274742676
crime,KFC_v2,iterative,0.756717501815541,0.001583531274742676
crime,KFC_v2,iterative,0.7574437182280319,0.001583531274742676
crime,KFC_v2,iterative,0.7581699346405228,0.001583531274742676
crime,KFC_v2,iterative,0.7588961510530138,0.001583531274742676
crime,KFC_v2,iterative,0.7596223674655047,0.001583531274742676
crime,KFC_v2,iterative,0.7603485838779956,0.001583531274742676
crime,KFC_v2,iterative,0.7610748002904866,0.001583531274742676
crime,KFC_v2,iterative,0.7618010167029775,0.001583531274742676
crime,KFC_v2,iterative,0.7625272331154684,0.001583531274742676
crime,KFC_v2,iterative,0.7632534495279594,0.001583531274742676
crime,KFC_v2,iterative,0.7639796659404503,0.001583531274742676
crime,KFC_v2,iterative,0.7647058823529411,0.001583531274742676
crime,KFC_v2,iterative,0.7654320987654321,0.001583531274742676
crime,KFC_v2,iterative,0.766158315177923,0.001583531274742676
crime,KFC_v2,iterative,0.7668845315904139,0.001583531274742676
crime,KFC_v2,iterative,0.7676107480029049,0.001583531274742676
crime,KFC_v2,iterative,0.7683369644153958,0.001583531274742676
crime,KFC_v2,iterative,0.7690631808278867,0.001583531274742676
crime,KFC_v2,iterative,0.7697893972403776,0.001583531274742676
crime,KFC_v2,iterative,0.7705156136528686,0.001583531274742676
crime,KFC_v2,iterative,0.7712418300653595,0.001583531274742676
crime,KFC_v2,iterative,0.7719680464778504,0.001583531274742676
crime,KFC_v2,iterative,0.7726942628903413,0.001583531274742676
crime,KFC_v2,iterative,0.7734204793028322,0.001583531274742676
crime,KFC_v2,iterative,0.7741466957153231,0.001583531274742676
crime,KFC_v2,iterative,0.7748729121278141,0.001583531274742676
crime,KFC_v2,iterative,0.775599128540305,0.001583531274742676
crime,KFC_v2,iterative,0.7763253449527959,0.001583531274742676
crime,KFC_v2,iterative,0.7770515613652869,0.001583531274742676
crime,KFC_v2,iterative,0.7777777777777778,0.001583531274742676
crime,KFC_v2,iterative,0.7785039941902687,0.001583531274742676
crime,KFC_v2,iterative,0.7792302106027597,0.001583531274742676
crime,KFC_v2,iterative,0.7799564270152506,0.001583531274742676
crime,KFC_v2,iterative,0.7806826434277415,0.001583531274742676
crime,KFC_v2,iterative,0.7814088598402323,0.001583531274742676
crime,KFC_v2,iterative,0.7821350762527233,0.001583531274742676
crime,KFC_v2,iterative,0.7828612926652142,0.001583531274742676
crime,KFC_v2,iterative,0.7835875090777051,0.001583531274742676
crime,KFC_v2,iterative,0.7843137254901961,0.001583531274742676
crime,KFC_v2,iterative,0.785039941902687,0.001583531274742676
crime,KFC_v2,iterative,0.7857661583151779,0.001583531274742676
crime,KFC_v2,iterative,0.7864923747276689,0.001583531274742676
crime,KFC_v2,iterative,0.7872185911401598,0.001583531274742676
crime,KFC_v2,iterative,0.7879448075526507,0.001583531274742676
crime,KFC_v2,iterative,0.7886710239651417,0.001583531274742676
crime,KFC_v2,iterative,0.7893972403776325,0.001583531274742676
crime,KFC_v2,iterative,0.7901234567901234,0.001583531274742676
crime,KFC_v2,iterative,0.7908496732026143,0.001583531274742676
crime,KFC_v2,iterative,0.7915758896151053,0.001583531274742676
crime,KFC_v2,iterative,0.7923021060275962,0.001583531274742676
crime,KFC_v2,iterative,0.7930283224400871,0.001583531274742676
crime,KFC_v2,iterative,0.7937545388525781,0.001583531274742676
crime,KFC_v2,iterative,0.794480755265069,0.001583531274742676
crime,KFC_v2,iterative,0.7952069716775599,0.001583531274742676
crime,KFC_v2,iterative,0.7959331880900509,0.001583531274742676
crime,KFC_v2,iterative,0.7966594045025418,0.001583531274742676
crime,KFC_v2,iterative,0.7973856209150326,0.001583531274742676
crime,KFC_v2,iterative,0.7981118373275236,0.001583531274742676
crime,KFC_v2,iterative,0.7988380537400145,0.001583531274742676
crime,KFC_v2,iterative,0.7995642701525054,0.001583531274742676
crime,KFC_v2,iterative,0.8002904865649964,0.001583531274742676
crime,KFC_v2,iterative,0.8010167029774873,0.001583531274742676
crime,KFC_v2,iterative,0.8017429193899782,0.001583531274742676
crime,KFC_v2,iterative,0.8024691358024691,0.001583531274742676
crime,KFC_v2,iterative,0.8031953522149601,0.001583531274742676
crime,KFC_v2,iterative,0.803921568627451,0.001583531274742676
crime,KFC_v2,iterative,0.8046477850399419,0.001583531274742676
crime,KFC_v2,iterative,0.8053740014524329,0.001583531274742676
crime,KFC_v2,iterative,0.8061002178649237,0.001583531274742676
crime,KFC_v2,iterative,0.8068264342774146,0.001583531274742676
crime,KFC_v2,iterative,0.8075526506899056,0.001583531274742676
crime,KFC_v2,iterative,0.8082788671023965,0.001583531274742676
crime,KFC_v2,iterative,0.8090050835148874,0.001583531274742676
crime,KFC_v2,iterative,0.8097312999273784,0.001583531274742676
crime,KFC_v2,iterative,0.8104575163398693,0.001583531274742676
crime,KFC_v2,iterative,0.8111837327523602,0.001583531274742676
crime,KFC_v2,iterative,0.8119099491648512,0.001583531274742676
crime,KFC_v2,iterative,0.8126361655773421,0.001583531274742676
crime,KFC_v2,iterative,0.813362381989833,0.001583531274742676
crime,KFC_v2,iterative,0.8140885984023238,0.001583531274742676
crime,KFC_v2,iterative,0.8148148148148148,0.001583531274742676
crime,KFC_v2,iterative,0.8155410312273057,0.001583531274742676
crime,KFC_v2,iterative,0.8162672476397966,0.001583531274742676
crime,KFC_v2,iterative,0.8169934640522876,0.001583531274742676
crime,KFC_v2,iterative,0.8177196804647785,0.001583531274742676
crime,KFC_v2,iterative,0.8184458968772694,0.001583531274742676
crime,KFC_v2,iterative,0.8191721132897604,0.001583531274742676
crime,KFC_v2,iterative,0.8198983297022513,0.001583531274742676
crime,KFC_v2,iterative,0.8206245461147422,0.001583531274742676
crime,KFC_v2,iterative,0.8213507625272332,0.001583531274742676
crime,KFC_v2,iterative,0.8220769789397241,0.001583531274742676
crime,KFC_v2,iterative,0.8228031953522149,0.001583531274742676
crime,KFC_v2,iterative,0.8235294117647058,0.001583531274742676
crime,KFC_v2,iterative,0.8242556281771968,0.001583531274742676
crime,KFC_v2,iterative,0.8249818445896877,0.001583531274742676
crime,KFC_v2,iterative,0.8257080610021786,0.001583531274742676
crime,KFC_v2,iterative,0.8264342774146696,0.001583531274742676
crime,KFC_v2,iterative,0.8271604938271605,0.001583531274742676
crime,KFC_v2,iterative,0.8278867102396514,0.001583531274742676
crime,KFC_v2,iterative,0.8286129266521424,0.001583531274742676
crime,KFC_v2,iterative,0.8293391430646333,0.001583531274742676
crime,KFC_v2,iterative,0.8300653594771242,0.001583531274742676
crime,KFC_v2,iterative,0.830791575889615,0.001583531274742676
crime,KFC_v2,iterative,0.831517792302106,0.001583531274742676
crime,KFC_v2,iterative,0.8322440087145969,0.001583531274742676
crime,KFC_v2,iterative,0.8329702251270878,0.001583531274742676
crime,KFC_v2,iterative,0.8336964415395788,0.001583531274742676
crime,KFC_v2,iterative,0.8344226579520697,0.001583531274742676
crime,KFC_v2,iterative,0.8351488743645606,0.001583531274742676
crime,KFC_v2,iterative,0.8358750907770516,0.001583531274742676
crime,KFC_v2,iterative,0.8366013071895425,0.001583531274742676
crime,KFC_v2,iterative,0.8373275236020334,0.001583531274742676
crime,KFC_v2,iterative,0.8380537400145244,0.001583531274742676
crime,KFC_v2,iterative,0.8387799564270152,0.001583531274742676
crime,KFC_v2,iterative,0.8395061728395061,0.001583531274742676
crime,KFC_v2,iterative,0.8402323892519971,0.001583531274742676
crime,KFC_v2,iterative,0.840958605664488,0.001583531274742676
crime,KFC_v2,iterative,0.8416848220769789,0.001583531274742676
crime,KFC_v2,iterative,0.8424110384894699,0.001583531274742676
crime,KFC_v2,iterative,0.8431372549019608,0.001583531274742676
crime,KFC_v2,iterative,0.8438634713144517,0.001583531274742676
crime,KFC_v2,iterative,0.8445896877269427,0.001583531274742676
crime,KFC_v2,iterative,0.8453159041394336,0.001583531274742676
crime,KFC_v2,iterative,0.8460421205519245,0.001583531274742676
crime,KFC_v2,iterative,0.8467683369644154,0.001583531274742676
crime,KFC_v2,iterative,0.8474945533769063,0.001583531274742676
crime,KFC_v2,iterative,0.8482207697893972,0.001583531274742676
crime,KFC_v2,iterative,0.8489469862018881,0.001583531274742676
crime,KFC_v2,iterative,0.8496732026143791,0.001583531274742676
crime,KFC_v2,iterative,0.85039941902687,0.001583531274742676
crime,KFC_v2,iterative,0.8511256354393609,0.001583531274742676
crime,KFC_v2,iterative,0.8518518518518519,0.001583531274742676
crime,KFC_v2,iterative,0.8525780682643428,0.001583531274742676
crime,KFC_v2,iterative,0.8533042846768337,0.001583531274742676
crime,KFC_v2,iterative,0.8540305010893247,0.001583531274742676
crime,KFC_v2,iterative,0.8547567175018156,0.001583531274742676
crime,KFC_v2,iterative,0.8554829339143064,0.001583531274742676
crime,KFC_v2,iterative,0.8562091503267973,0.001583531274742676
crime,KFC_v2,iterative,0.8569353667392883,0.001583531274742676
crime,KFC_v2,iterative,0.8576615831517792,0.001583531274742676
crime,KFC_v2,iterative,0.8583877995642701,0.001583531274742676
crime,KFC_v2,iterative,0.8591140159767611,0.001583531274742676
crime,KFC_v2,iterative,0.859840232389252,0.001583531274742676
crime,KFC_v2,iterative,0.8605664488017429,0.001583531274742676
crime,KFC_v2,iterative,0.8612926652142339,0.001583531274742676
crime,KFC_v2,iterative,0.8620188816267248,0.001583531274742676
crime,KFC_v2,iterative,0.8627450980392157,0.001583531274742676
crime,KFC_v2,iterative,0.8634713144517066,0.001583531274742676
crime,KFC_v2,iterative,0.8641975308641975,0.001583531274742676
crime,KFC_v2,iterative,0.8649237472766884,0.001583531274742676
crime,KFC_v2,iterative,0.8656499636891793,0.001583531274742676
crime,KFC_v2,iterative,0.8663761801016703,0.001583531274742676
crime,KFC_v2,iterative,0.8671023965141612,0.001583531274742676
crime,KFC_v2,iterative,0.8678286129266521,0.001583531274742676
crime,KFC_v2,iterative,0.8685548293391431,0.001583531274742676
crime,KFC_v2,iterative,0.869281045751634,0.001583531274742676
crime,KFC_v2,iterative,0.8700072621641249,0.001583531274742676
crime,KFC_v2,iterative,0.8707334785766159,0.001583531274742676
crime,KFC_v2,iterative,0.8714596949891068,0.001583531274742676
crime,KFC_v2,iterative,0.8721859114015976,0.001583531274742676
crime,KFC_v2,iterative,0.8729121278140886,0.001583531274742676
crime,KFC_v2,iterative,0.8736383442265795,0.001583531274742676
crime,KFC_v2,iterative,0.8743645606390704,0.001583531274742676
crime,KFC_v2,iterative,0.8750907770515614,0.001583531274742676
crime,KFC_v2,iterative,0.8758169934640523,0.001583531274742676
crime,KFC_v2,iterative,0.8765432098765432,0.001583531274742676
crime,KFC_v2,iterative,0.8772694262890341,0.001583531274742676
crime,KFC_v2,iterative,0.8779956427015251,0.001583531274742676
crime,KFC_v2,iterative,0.878721859114016,0.001583531274742676
crime,KFC_v2,iterative,0.879448075526507,0.001583531274742676
crime,KFC_v2,iterative,0.8801742919389978,0.001583531274742676
crime,KFC_v2,iterative,0.8809005083514887,0.001583531274742676
crime,KFC_v2,iterative,0.8816267247639796,0.001583531274742676
crime,KFC_v2,iterative,0.8823529411764706,0.001583531274742676
crime,KFC_v2,iterative,0.8830791575889615,0.001583531274742676
crime,KFC_v2,iterative,0.8838053740014524,0.001583531274742676
crime,KFC_v2,iterative,0.8845315904139434,0.001583531274742676
crime,KFC_v2,iterative,0.8852578068264343,0.001583531274742676
crime,KFC_v2,iterative,0.8859840232389252,0.001583531274742676
crime,KFC_v2,iterative,0.8867102396514162,0.001583531274742676
crime,KFC_v2,iterative,0.8874364560639071,0.001583531274742676
crime,KFC_v2,iterative,0.888162672476398,0.001583531274742676
crime,KFC_v2,iterative,0.8888888888888888,0.001583531274742676
crime,KFC_v2,iterative,0.8896151053013798,0.001583531274742676
crime,KFC_v2,iterative,0.8903413217138707,0.001583531274742676
crime,KFC_v2,iterative,0.8910675381263616,0.001583531274742676
crime,KFC_v2,iterative,0.8917937545388526,0.001583531274742676
crime,KFC_v2,iterative,0.8925199709513435,0.001583531274742676
crime,KFC_v2,iterative,0.8932461873638344,0.001583531274742676
crime,KFC_v2,iterative,0.8939724037763254,0.001583531274742676
crime,KFC_v2,iterative,0.8946986201888163,0.001583531274742676
crime,KFC_v2,iterative,0.8954248366013072,0.001583531274742676
crime,KFC_v2,iterative,0.8961510530137982,0.001583531274742676
crime,KFC_v2,iterative,0.896877269426289,0.001583531274742676
crime,KFC_v2,iterative,0.8976034858387799,0.001583531274742676
crime,KFC_v2,iterative,0.8983297022512708,0.001583531274742676
crime,KFC_v2,iterative,0.8990559186637618,0.001583531274742676
crime,KFC_v2,iterative,0.8997821350762527,0.001583531274742676
crime,KFC_v2,iterative,0.9005083514887436,0.001583531274742676
crime,KFC_v2,iterative,0.9012345679012346,0.001583531274742676
crime,KFC_v2,iterative,0.9019607843137255,0.001583531274742676
crime,KFC_v2,iterative,0.9026870007262164,0.001583531274742676
crime,KFC_v2,iterative,0.9034132171387074,0.001583531274742676
crime,KFC_v2,iterative,0.9041394335511983,0.001583531274742676
crime,KFC_v2,iterative,0.9048656499636891,0.001583531274742676
crime,KFC_v2,iterative,0.90559186637618,0.001583531274742676
crime,KFC_v2,iterative,0.906318082788671,0.001583531274742676
crime,KFC_v2,iterative,0.9070442992011619,0.001583531274742676
crime,KFC_v2,iterative,0.9077705156136529,0.001583531274742676
crime,KFC_v2,iterative,0.9084967320261438,0.001583531274742676
crime,KFC_v2,iterative,0.9092229484386347,0.001583531274742676
crime,KFC_v2,iterative,0.9099491648511256,0.001583531274742676
crime,KFC_v2,iterative,0.9106753812636166,0.001583531274742676
crime,KFC_v2,iterative,0.9114015976761075,0.001583531274742676
crime,KFC_v2,iterative,0.9121278140885984,0.001583531274742676
crime,KFC_v2,iterative,0.9128540305010894,0.001583531274742676
crime,KFC_v2,iterative,0.9135802469135802,0.001583531274742676
crime,KFC_v2,iterative,0.9143064633260711,0.001583531274742676
crime,KFC_v2,iterative,0.9150326797385621,0.001583531274742676
crime,KFC_v2,iterative,0.915758896151053,0.001583531274742676
crime,KFC_v2,iterative,0.9164851125635439,0.001583531274742676
crime,KFC_v2,iterative,0.9172113289760349,0.001583531274742676
crime,KFC_v2,iterative,0.9179375453885258,0.001583531274742676
crime,KFC_v2,iterative,0.9186637618010167,0.001583531274742676
crime,KFC_v2,iterative,0.9193899782135077,0.001583531274742676
crime,KFC_v2,iterative,0.9201161946259986,0.001583531274742676
crime,KFC_v2,iterative,0.9208424110384895,0.001583531274742676
crime,KFC_v2,iterative,0.9215686274509803,0.001583531274742676
crime,KFC_v2,iterative,0.9222948438634713,0.001583531274742676
crime,KFC_v2,iterative,0.9230210602759622,0.001583531274742676
crime,KFC_v2,iterative,0.9237472766884531,0.001583531274742676
crime,KFC_v2,iterative,0.9244734931009441,0.001583531274742676
crime,KFC_v2,iterative,0.925199709513435,0.001583531274742676
crime,KFC_v2,iterative,0.9259259259259259,0.001583531274742676
crime,KFC_v2,iterative,0.9266521423384169,0.001583531274742676
crime,KFC_v2,iterative,0.9273783587509078,0.001583531274742676
crime,KFC_v2,iterative,0.9281045751633987,0.001583531274742676
crime,KFC_v2,iterative,0.9288307915758897,0.001583531274742676
crime,KFC_v2,iterative,0.9295570079883806,0.001583531274742676
crime,KFC_v2,iterative,0.9302832244008714,0.001583531274742676
crime,KFC_v2,iterative,0.9310094408133623,0.001583531274742676
crime,KFC_v2,iterative,0.9317356572258533,0.001583531274742676
crime,KFC_v2,iterative,0.9324618736383442,0.001583531274742676
crime,KFC_v2,iterative,0.9331880900508351,0.001583531274742676
crime,KFC_v2,iterative,0.9339143064633261,0.001583531274742676
crime,KFC_v2,iterative,0.934640522875817,0.001583531274742676
crime,KFC_v2,iterative,0.9353667392883079,0.001583531274742676
crime,KFC_v2,iterative,0.9360929557007989,0.001583531274742676
crime,KFC_v2,iterative,0.9368191721132898,0.001583531274742676
crime,KFC_v2,iterative,0.9375453885257807,0.001583531274742676
crime,KFC_v2,iterative,0.9382716049382716,0.001583531274742676
crime,KFC_v2,iterative,0.9389978213507625,0.001583531274742676
crime,KFC_v2,iterative,0.9397240377632534,0.001583531274742676
crime,KFC_v2,iterative,0.9404502541757443,0.001583531274742676
crime,KFC_v2,iterative,0.9411764705882353,0.001583531274742676
crime,KFC_v2,iterative,0.9419026870007262,0.001583531274742676
crime,KFC_v2,iterative,0.9426289034132171,0.001583531274742676
crime,KFC_v2,iterative,0.9433551198257081,0.001583531274742676
crime,KFC_v2,iterative,0.944081336238199,0.001583531274742676
crime,KFC_v2,iterative,0.9448075526506899,0.001583531274742676
crime,KFC_v2,iterative,0.9455337690631809,0.001583531274742676
crime,KFC_v2,iterative,0.9462599854756717,0.001583531274742676
crime,KFC_v2,iterative,0.9469862018881626,0.001583531274742676
crime,KFC_v2,iterative,0.9477124183006536,0.001583531274742676
crime,KFC_v2,iterative,0.9484386347131445,0.001583531274742676
crime,KFC_v2,iterative,0.9491648511256354,0.001583531274742676
crime,KFC_v2,iterative,0.9498910675381264,0.001583531274742676
crime,KFC_v2,iterative,0.9506172839506173,0.001583531274742676
crime,KFC_v2,iterative,0.9513435003631082,0.001583531274742676
crime,KFC_v2,iterative,0.9520697167755992,0.001583531274742676
crime,KFC_v2,iterative,0.9527959331880901,0.001583531274742676
crime,KFC_v2,iterative,0.953522149600581,0.001583531274742676
crime,KFC_v2,iterative,0.954248366013072,0.001583531274742676
crime,KFC_v2,iterative,0.9549745824255628,0.001583531274742676
crime,KFC_v2,iterative,0.9557007988380537,0.001583531274742676
crime,KFC_v2,iterative,0.9564270152505446,0.001583531274742676
crime,KFC_v2,iterative,0.9571532316630356,0.001583531274742676
crime,KFC_v2,iterative,0.9578794480755265,0.001583531274742676
crime,KFC_v2,iterative,0.9586056644880174,0.001583531274742676
crime,KFC_v2,iterative,0.9593318809005084,0.001583531274742676
crime,KFC_v2,iterative,0.9600580973129993,0.001583531274742676
crime,KFC_v2,iterative,0.9607843137254902,0.001583531274742676
crime,KFC_v2,iterative,0.9615105301379812,0.001583531274742676
crime,KFC_v2,iterative,0.9622367465504721,0.001583531274742676
crime,KFC_v2,iterative,0.9629629629629629,0.001583531274742676
crime,KFC_v2,iterative,0.9636891793754538,0.001583531274742676
crime,KFC_v2,iterative,0.9644153957879448,0.001583531274742676
crime,KFC_v2,iterative,0.9651416122004357,0.001583531274742676
crime,KFC_v2,iterative,0.9658678286129266,0.001583531274742676
crime,KFC_v2,iterative,0.9665940450254176,0.001583531274742676
crime,KFC_v2,iterative,0.9673202614379085,0.001583531274742676
crime,KFC_v2,iterative,0.9680464778503994,0.001583531274742676
crime,KFC_v2,iterative,0.9687726942628904,0.001583531274742676
crime,KFC_v2,iterative,0.9694989106753813,0.001583531274742676
crime,KFC_v2,iterative,0.9702251270878722,0.001583531274742676
crime,KFC_v2,iterative,0.970951343500363,0.001583531274742676
crime,KFC_v2,iterative,0.971677559912854,0.001583531274742676
crime,KFC_v2,iterative,0.9724037763253449,0.001583531274742676
crime,KFC_v2,iterative,0.9731299927378358,0.001583531274742676
crime,KFC_v2,iterative,0.9738562091503268,0.001583531274742676
crime,KFC_v2,iterative,0.9745824255628177,0.001583531274742676
crime,KFC_v2,iterative,0.9753086419753086,0.001583531274742676
crime,KFC_v2,iterative,0.9760348583877996,0.001583531274742676
crime,KFC_v2,iterative,0.9767610748002905,0.001583531274742676
crime,KFC_v2,iterative,0.9774872912127814,0.001583531274742676
crime,KFC_v2,iterative,0.9782135076252724,0.001583531274742676
crime,KFC_v2,iterative,0.9789397240377633,0.001583531274742676
crime,KFC_v2,iterative,0.9796659404502541,0.001583531274742676
crime,KFC_v2,iterative,0.9803921568627451,0.001583531274742676
crime,KFC_v2,iterative,0.981118373275236,0.001583531274742676
crime,KFC_v2,iterative,0.9818445896877269,0.001583531274742676
crime,KFC_v2,iterative,0.9825708061002179,0.001583531274742676
crime,KFC_v2,iterative,0.9832970225127088,0.001583531274742676
crime,KFC_v2,iterative,0.9840232389251997,0.001583531274742676
crime,KFC_v2,iterative,0.9847494553376906,0.001583531274742676
crime,KFC_v2,iterative,0.9854756717501816,0.001583531274742676
crime,KFC_v2,iterative,0.9862018881626725,0.001583531274742676
crime,KFC_v2,iterative,0.9869281045751634,0.001583531274742676
crime,KFC_v2,iterative,0.9876543209876543,0.001583531274742676
crime,KFC_v2,iterative,0.9883805374001452,0.001583531274742676
crime,KFC_v2,iterative,0.9891067538126361,0.001583531274742676
crime,KFC_v2,iterative,0.9898329702251271,0.001583531274742676
crime,KFC_v2,iterative,0.990559186637618,0.001583531274742676
crime,KFC_v2,iterative,0.9912854030501089,0.001583531274742676
crime,KFC_v2,iterative,0.9920116194625999,0.001583531274742676
crime,KFC_v2,iterative,0.9927378358750908,0.001583531274742676
crime,KFC_v2,iterative,0.9934640522875817,0.001583531274742676
crime,KFC_v2,iterative,0.9941902687000727,0.001583531274742676
crime,KFC_v2,iterative,0.9949164851125636,0.001583531274742676
crime,KFC_v2,iterative,0.9956427015250545,0.001583531274742676
crime,KFC_v2,iterative,0.9963689179375453,0.001583531274742676
crime,KFC_v2,iterative,0.9970951343500363,0.001583531274742676
crime,KFC_v2,iterative,0.9978213507625272,0.001583531274742676
crime,KFC_v2,iterative,0.9985475671750181,0.001583531274742676
crime,KFC_v2,iterative,0.9992737835875091,0.001583531274742676
crime,KFC_v2,iterative,1.0,0.000791765637371338
