network,metric,mode,x,rgc
haggle,KFC_v2,static,0.0,1.0
haggle,KFC_v2,static,0.00047080979284369113,1.0
haggle,KFC_v2,static,0.0009416195856873823,1.0
haggle,KFC_v2,static,0.0014124293785310734,1.0
haggle,KFC_v2,static,0.0018832391713747645,1.0
haggle,KFC_v2,static,0.0023540489642184556,1.0
haggle,KFC_v2,static,0.002824858757062147,1.0
haggle,KFC_v2,static,0.0032956685499058377,1.0
haggle,KFC_v2,static,0.003766478342749529,1.0
haggle,KFC_v2,static,0.00423728813559322,1.0
haggle,KFC_v2,static,0.004708097928436911,1.0
haggle,KFC_v2,static,0.005178907721280602,1.0
haggle,KFC_v2,static,0.005649717514124294,1.0
haggle,KFC_v2,static,0.006120527306967985,1.0
haggle,KFC_v2,static,0.0065913370998116755,1.0
haggle,KFC_v2,static,0.007062146892655367,1.0
haggle,KFC_v2,static,0.007532956685499058,1.0
haggle,KFC_v2,static,0.00800376647834275,1.0
haggle,KFC_v2,static,0.00847457627118644,1.0
haggle,KFC_v2,static,0.008945386064030132,1.0
haggle,KFC_v2,static,0.009416195856873822,1.0
haggle,KFC_v2,static,0.009887005649717513,1.0
haggle,KFC_v2,static,0.010357815442561204,1.0
haggle,KFC_v2,static,0.010828625235404897,1.0
haggle,KFC_v2,static,0.011299435028248588,1.0
haggle,KFC_v2,static,0.011770244821092278,1.0
haggle,KFC_v2,static,0.01224105461393597,1.0
haggle,KFC_v2,static,0.01271186440677966,1.0
haggle,KFC_v2,static,0.013182674199623351,1.0
haggle,KFC_v2,static,0.013653483992467044,1.0
haggle,KFC_v2,static,0.014124293785310734,1.0
haggle,KFC_v2,static,0.014595103578154425,1.0
haggle,KFC_v2,static,0.015065913370998116,1.0
haggle,KFC_v2,static,0.015536723163841807,1.0
haggle,KFC_v2,static,0.0160075329566855,1.0
haggle,KFC_v2,static,0.01647834274952919,1.0
haggle,KFC_v2,static,0.01694915254237288,1.0
haggle,KFC_v2,static,0.01741996233521657,1.0
haggle,KFC_v2,static,0.017890772128060263,1.0
haggle,KFC_v2,static,0.018361581920903956,1.0
haggle,KFC_v2,static,0.018832391713747645,1.0
haggle,KFC_v2,static,0.019303201506591337,1.0
haggle,KFC_v2,static,0.019774011299435026,1.0
haggle,KFC_v2,static,0.02024482109227872,1.0
haggle,KFC_v2,static,0.020715630885122408,1.0
haggle,KFC_v2,static,0.0211864406779661,1.0
haggle,KFC_v2,static,0.021657250470809793,1.0
haggle,KFC_v2,static,0.022128060263653482,1.0
haggle,KFC_v2,static,0.022598870056497175,1.0
haggle,KFC_v2,static,0.023069679849340864,1.0
haggle,KFC_v2,static,0.023540489642184557,1.0
haggle,KFC_v2,static,0.024011299435028246,1.0
haggle,KFC_v2,static,0.02448210922787194,1.0
haggle,KFC_v2,static,0.02495291902071563,1.0
haggle,KFC_v2,static,0.02542372881355932,1.0
haggle,KFC_v2,static,0.025894538606403013,1.0
haggle,KFC_v2,static,0.026365348399246702,1.0
haggle,KFC_v2,static,0.026836158192090395,1.0
haggle,KFC_v2,static,0.027306967984934087,1.0
haggle,KFC_v2,static,0.027777777777777776,1.0
haggle,KFC_v2,static,0.02824858757062147,1.0
haggle,KFC_v2,static,0.028719397363465158,1.0
haggle,KFC_v2,static,0.02919020715630885,1.0
haggle,KFC_v2,static,0.02966101694915254,1.0
haggle,KFC_v2,static,0.030131826741996232,1.0
haggle,KFC_v2,static,0.030602636534839925,1.0
haggle,KFC_v2,static,0.031073446327683614,1.0
haggle,KFC_v2,static,0.0315442561205273,1.0
haggle,KFC_v2,static,0.032015065913371,1.0
haggle,KFC_v2,static,0.03248587570621469,1.0
haggle,KFC_v2,static,0.03295668549905838,1.0
haggle,KFC_v2,static,0.033427495291902073,1.0
haggle,KFC_v2,static,0.03389830508474576,1.0
haggle,KFC_v2,static,0.03436911487758945,1.0
haggle,KFC_v2,static,0.03483992467043314,1.0
haggle,KFC_v2,static,0.03531073446327684,1.0
haggle,KFC_v2,static,0.035781544256120526,1.0
haggle,KFC_v2,static,0.036252354048964215,1.0
haggle,KFC_v2,static,0.03672316384180791,1.0
haggle,KFC_v2,static,0.0371939736346516,1.0
haggle,KFC_v2,static,0.03766478342749529,1.0
haggle,KFC_v2,static,0.03813559322033898,1.0
haggle,KFC_v2,static,0.038606403013182675,1.0
haggle,KFC_v2,static,0.039077212806026364,1.0
haggle,KFC_v2,static,0.03954802259887005,1.0
haggle,KFC_v2,static,0.04001883239171375,1.0
haggle,KFC_v2,static,0.04048964218455744,1.0
haggle,KFC_v2,static,0.04096045197740113,1.0
haggle,KFC_v2,static,0.041431261770244816,1.0
haggle,KFC_v2,static,0.04190207156308851,1.0
haggle,KFC_v2,static,0.0423728813559322,1.0
haggle,KFC_v2,static,0.04284369114877589,1.0
haggle,KFC_v2,static,0.04331450094161959,1.0
haggle,KFC_v2,static,0.043785310734463276,1.0
haggle,KFC_v2,static,0.044256120527306965,1.0
haggle,KFC_v2,static,0.044726930320150654,1.0
haggle,KFC_v2,static,0.04519774011299435,1.0
haggle,KFC_v2,static,0.04566854990583804,1.0
haggle,KFC_v2,static,0.04613935969868173,1.0
haggle,KFC_v2,static,0.046610169491525424,1.0
haggle,KFC_v2,static,0.047080979284369114,1.0
haggle,KFC_v2,static,0.0475517890772128,1.0
haggle,KFC_v2,static,0.04802259887005649,1.0
haggle,KFC_v2,static,0.04849340866290019,1.0
haggle,KFC_v2,static,0.04896421845574388,1.0
haggle,KFC_v2,static,0.049435028248587566,1.0
haggle,KFC_v2,static,0.04990583804143126,1.0
haggle,KFC_v2,static,0.05037664783427495,1.0
haggle,KFC_v2,static,0.05084745762711864,1.0
haggle,KFC_v2,static,0.051318267419962336,1.0
haggle,KFC_v2,static,0.051789077212806026,1.0
haggle,KFC_v2,static,0.052259887005649715,1.0
haggle,KFC_v2,static,0.052730696798493404,1.0
haggle,KFC_v2,static,0.0532015065913371,1.0
haggle,KFC_v2,static,0.05367231638418079,1.0
haggle,KFC_v2,static,0.05414312617702448,1.0
haggle,KFC_v2,static,0.054613935969868174,1.0
haggle,KFC_v2,static,0.05508474576271186,1.0
haggle,KFC_v2,static,0.05555555555555555,1.0
haggle,KFC_v2,static,0.05602636534839924,1.0
haggle,KFC_v2,static,0.05649717514124294,1.0
haggle,KFC_v2,static,0.05696798493408663,1.0
haggle,KFC_v2,static,0.057438794726930316,1.0
haggle,KFC_v2,static,0.05790960451977401,1.0
haggle,KFC_v2,static,0.0583804143126177,1.0
haggle,KFC_v2,static,0.05885122410546139,1.0
haggle,KFC_v2,static,0.05932203389830508,1.0
haggle,KFC_v2,static,0.059792843691148775,1.0
haggle,KFC_v2,static,0.060263653483992465,1.0
haggle,KFC_v2,static,0.060734463276836154,1.0
haggle,KFC_v2,static,0.06120527306967985,1.0
haggle,KFC_v2,static,0.06167608286252354,1.0
haggle,KFC_v2,static,0.06214689265536723,1.0
haggle,KFC_v2,static,0.06261770244821092,1.0
haggle,KFC_v2,static,0.0630885122410546,1.0
haggle,KFC_v2,static,0.0635593220338983,1.0
haggle,KFC_v2,static,0.064030131826742,1.0
haggle,KFC_v2,static,0.06450094161958568,1.0
haggle,KFC_v2,static,0.06497175141242938,1.0
haggle,KFC_v2,static,0.06544256120527307,1.0
haggle,KFC_v2,static,0.06591337099811675,1.0
haggle,KFC_v2,static,0.06638418079096045,1.0
haggle,KFC_v2,static,0.06685499058380415,1.0
haggle,KFC_v2,static,0.06732580037664783,1.0
haggle,KFC_v2,static,0.06779661016949153,1.0
haggle,KFC_v2,static,0.06826741996233521,1.0
haggle,KFC_v2,static,0.0687382297551789,1.0
haggle,KFC_v2,static,0.0692090395480226,1.0
haggle,KFC_v2,static,0.06967984934086628,1.0
haggle,KFC_v2,static,0.07015065913370998,1.0
haggle,KFC_v2,static,0.07062146892655367,1.0
haggle,KFC_v2,static,0.07109227871939736,1.0
haggle,KFC_v2,static,0.07156308851224105,1.0
haggle,KFC_v2,static,0.07203389830508475,1.0
haggle,KFC_v2,static,0.07250470809792843,1.0
haggle,KFC_v2,static,0.07297551789077213,1.0
haggle,KFC_v2,static,0.07344632768361582,1.0
haggle,KFC_v2,static,0.0739171374764595,1.0
haggle,KFC_v2,static,0.0743879472693032,1.0
haggle,KFC_v2,static,0.07485875706214688,1.0
haggle,KFC_v2,static,0.07532956685499058,1.0
haggle,KFC_v2,static,0.07580037664783427,1.0
haggle,KFC_v2,static,0.07627118644067796,1.0
haggle,KFC_v2,static,0.07674199623352165,1.0
haggle,KFC_v2,static,0.07721280602636535,1.0
haggle,KFC_v2,static,0.07768361581920903,1.0
haggle,KFC_v2,static,0.07815442561205273,1.0
haggle,KFC_v2,static,0.07862523540489642,1.0
haggle,KFC_v2,static,0.0790960451977401,1.0
haggle,KFC_v2,static,0.0795668549905838,1.0
haggle,KFC_v2,static,0.0800376647834275,1.0
haggle,KFC_v2,static,0.08050847457627118,1.0
haggle,KFC_v2,static,0.08097928436911488,1.0
haggle,KFC_v2,static,0.08145009416195857,1.0
haggle,KFC_v2,static,0.08192090395480225,1.0
haggle,KFC_v2,static,0.08239171374764595,1.0
haggle,KFC_v2,static,0.08286252354048963,1.0
haggle,KFC_v2,static,0.08333333333333333,1.0
haggle,KFC_v2,static,0.08380414312617702,1.0
haggle,KFC_v2,static,0.08427495291902071,1.0
haggle,KFC_v2,static,0.0847457627118644,1.0
haggle,KFC_v2,static,0.0852165725047081,1.0
haggle,KFC_v2,static,0.08568738229755178,1.0
haggle,KFC_v2,static,0.08615819209039548,1.0
haggle,KFC_v2,static,0.08662900188323917,1.0
haggle,KFC_v2,static,0.08709981167608286,1.0
haggle,KFC_v2,static,0.08757062146892655,1.0
haggle,KFC_v2,static,0.08804143126177025,1.0
haggle,KFC_v2,static,0.08851224105461393,1.0
haggle,KFC_v2,static,0.08898305084745763,1.0
haggle,KFC_v2,static,0.08945386064030131,1.0
haggle,KFC_v2,static,0.089924670433145,1.0
haggle,KFC_v2,static,0.0903954802259887,1.0
haggle,KFC_v2,static,0.09086629001883238,1.0
haggle,KFC_v2,static,0.09133709981167608,1.0
haggle,KFC_v2,static,0.09180790960451977,1.0
haggle,KFC_v2,static,0.09227871939736346,1.0
haggle,KFC_v2,static,0.09274952919020715,1.0
haggle,KFC_v2,static,0.09322033898305085,1.0
haggle,KFC_v2,static,0.09369114877589453,1.0
haggle,KFC_v2,static,0.09416195856873823,1.0
haggle,KFC_v2,static,0.09463276836158192,1.0
haggle,KFC_v2,static,0.0951035781544256,1.0
haggle,KFC_v2,static,0.0955743879472693,1.0
haggle,KFC_v2,static,0.09604519774011298,1.0
haggle,KFC_v2,static,0.09651600753295668,1.0
haggle,KFC_v2,static,0.09698681732580038,1.0
haggle,KFC_v2,static,0.09745762711864406,1.0
haggle,KFC_v2,static,0.09792843691148775,1.0
haggle,KFC_v2,static,0.09839924670433145,1.0
haggle,KFC_v2,static,0.09887005649717513,1.0
haggle,KFC_v2,static,0.09934086629001883,1.0
haggle,KFC_v2,static,0.09981167608286252,1.0
haggle,KFC_v2,static,0.1002824858757062,1.0
haggle,KFC_v2,static,0.1007532956685499,1.0
haggle,KFC_v2,static,0.1012241054613936,1.0
haggle,KFC_v2,static,0.10169491525423728,1.0
haggle,KFC_v2,static,0.10216572504708098,1.0
haggle,KFC_v2,static,0.10263653483992467,1.0
haggle,KFC_v2,static,0.10310734463276836,1.0
haggle,KFC_v2,static,0.10357815442561205,1.0
haggle,KFC_v2,static,0.10404896421845573,1.0
haggle,KFC_v2,static,0.10451977401129943,1.0
haggle,KFC_v2,static,0.10499058380414313,1.0
haggle,KFC_v2,static,0.10546139359698681,1.0
haggle,KFC_v2,static,0.1059322033898305,1.0
haggle,KFC_v2,static,0.1064030131826742,1.0
haggle,KFC_v2,static,0.10687382297551788,1.0
haggle,KFC_v2,static,0.10734463276836158,1.0
haggle,KFC_v2,static,0.10781544256120527,1.0
haggle,KFC_v2,static,0.10828625235404896,1.0
haggle,KFC_v2,static,0.10875706214689265,1.0
haggle,KFC_v2,static,0.10922787193973635,1.0
haggle,KFC_v2,static,0.10969868173258003,1.0
haggle,KFC_v2,static,0.11016949152542373,1.0
haggle,KFC_v2,static,0.11064030131826741,1.0
haggle,KFC_v2,static,0.1111111111111111,1.0
haggle,KFC_v2,static,0.1115819209039548,1.0
haggle,KFC_v2,static,0.11205273069679848,1.0
haggle,KFC_v2,static,0.11252354048964218,1.0
haggle,KFC_v2,static,0.11299435028248588,1.0
haggle,KFC_v2,static,0.11346516007532956,1.0
haggle,KFC_v2,static,0.11393596986817325,1.0
haggle,KFC_v2,static,0.11440677966101695,1.0
haggle,KFC_v2,static,0.11487758945386063,1.0
haggle,KFC_v2,static,0.11534839924670433,1.0
haggle,KFC_v2,static,0.11581920903954802,1.0
haggle,KFC_v2,static,0.1162900188323917,1.0
haggle,KFC_v2,static,0.1167608286252354,1.0
haggle,KFC_v2,static,0.11723163841807908,1.0
haggle,KFC_v2,static,0.11770244821092278,1.0
haggle,KFC_v2,static,0.11817325800376648,1.0
haggle,KFC_v2,static,0.11864406779661016,1.0
haggle,KFC_v2,static,0.11911487758945385,1.0
haggle,KFC_v2,static,0.11958568738229755,1.0
haggle,KFC_v2,static,0.12005649717514123,1.0
haggle,KFC_v2,static,0.12052730696798493,1.0
haggle,KFC_v2,static,0.12099811676082863,1.0
haggle,KFC_v2,static,0.12146892655367231,1.0
haggle,KFC_v2,static,0.121939736346516,1.0
haggle,KFC_v2,static,0.1224105461393597,1.0
haggle,KFC_v2,static,0.12288135593220338,1.0
haggle,KFC_v2,static,0.12335216572504708,1.0
haggle,KFC_v2,static,0.12382297551789077,1.0
haggle,KFC_v2,static,0.12429378531073446,1.0
haggle,KFC_v2,static,0.12476459510357815,1.0
haggle,KFC_v2,static,0.12523540489642185,1.0
haggle,KFC_v2,static,0.12570621468926554,1.0
haggle,KFC_v2,static,0.1261770244821092,1.0
haggle,KFC_v2,static,0.1266478342749529,1.0
haggle,KFC_v2,static,0.1271186440677966,1.0
haggle,KFC_v2,static,0.1275894538606403,1.0
haggle,KFC_v2,static,0.128060263653484,1.0
haggle,KFC_v2,static,0.12853107344632766,1.0
haggle,KFC_v2,static,0.12900188323917136,1.0
haggle,KFC_v2,static,0.12947269303201506,1.0
haggle,KFC_v2,static,0.12994350282485875,1.0
haggle,KFC_v2,static,0.13041431261770245,1.0
haggle,KFC_v2,static,0.13088512241054615,1.0
haggle,KFC_v2,static,0.1313559322033898,1.0
haggle,KFC_v2,static,0.1318267419962335,1.0
haggle,KFC_v2,static,0.1322975517890772,1.0
haggle,KFC_v2,static,0.1327683615819209,1.0
haggle,KFC_v2,static,0.1332391713747646,1.0
haggle,KFC_v2,static,0.1337099811676083,1.0
haggle,KFC_v2,static,0.13418079096045196,1.0
haggle,KFC_v2,static,0.13465160075329566,1.0
haggle,KFC_v2,static,0.13512241054613935,1.0
haggle,KFC_v2,static,0.13559322033898305,1.0
haggle,KFC_v2,static,0.13606403013182675,1.0
haggle,KFC_v2,static,0.13653483992467041,1.0
haggle,KFC_v2,static,0.1370056497175141,1.0
haggle,KFC_v2,static,0.1374764595103578,1.0
haggle,KFC_v2,static,0.1379472693032015,1.0
haggle,KFC_v2,static,0.1384180790960452,1.0
haggle,KFC_v2,static,0.1388888888888889,1.0
haggle,KFC_v2,static,0.13935969868173256,1.0
haggle,KFC_v2,static,0.13983050847457626,1.0
haggle,KFC_v2,static,0.14030131826741996,1.0
haggle,KFC_v2,static,0.14077212806026365,1.0
haggle,KFC_v2,static,0.14124293785310735,1.0
haggle,KFC_v2,static,0.14171374764595104,1.0
haggle,KFC_v2,static,0.1421845574387947,1.0
haggle,KFC_v2,static,0.1426553672316384,1.0
haggle,KFC_v2,static,0.1431261770244821,1.0
haggle,KFC_v2,static,0.1435969868173258,1.0
haggle,KFC_v2,static,0.1440677966101695,1.0
haggle,KFC_v2,static,0.14453860640301316,1.0
haggle,KFC_v2,static,0.14500941619585686,1.0
haggle,KFC_v2,static,0.14548022598870056,1.0
haggle,KFC_v2,static,0.14595103578154425,1.0
haggle,KFC_v2,static,0.14642184557438795,1.0
haggle,KFC_v2,static,0.14689265536723164,1.0
haggle,KFC_v2,static,0.1473634651600753,1.0
haggle,KFC_v2,static,0.147834274952919,1.0
haggle,KFC_v2,static,0.1483050847457627,1.0
haggle,KFC_v2,static,0.1487758945386064,1.0
haggle,KFC_v2,static,0.1492467043314501,1.0
haggle,KFC_v2,static,0.14971751412429377,1.0
haggle,KFC_v2,static,0.15018832391713746,1.0
haggle,KFC_v2,static,0.15065913370998116,1.0
haggle,KFC_v2,static,0.15112994350282485,1.0
haggle,KFC_v2,static,0.15160075329566855,1.0
haggle,KFC_v2,static,0.15207156308851225,1.0
haggle,KFC_v2,static,0.15254237288135591,1.0
haggle,KFC_v2,static,0.1530131826741996,1.0
haggle,KFC_v2,static,0.1534839924670433,1.0
haggle,KFC_v2,static,0.153954802259887,1.0
haggle,KFC_v2,static,0.1544256120527307,1.0
haggle,KFC_v2,static,0.1548964218455744,1.0
haggle,KFC_v2,static,0.15536723163841806,1.0
haggle,KFC_v2,static,0.15583804143126176,1.0
haggle,KFC_v2,static,0.15630885122410546,1.0
haggle,KFC_v2,static,0.15677966101694915,1.0
haggle,KFC_v2,static,0.15725047080979285,1.0
haggle,KFC_v2,static,0.15772128060263652,1.0
haggle,KFC_v2,static,0.1581920903954802,1.0
haggle,KFC_v2,static,0.1586629001883239,1.0
haggle,KFC_v2,static,0.1591337099811676,1.0
haggle,KFC_v2,static,0.1596045197740113,1.0
haggle,KFC_v2,static,0.160075329566855,1.0
haggle,KFC_v2,static,0.16054613935969866,1.0
haggle,KFC_v2,static,0.16101694915254236,1.0
haggle,KFC_v2,static,0.16148775894538606,1.0
haggle,KFC_v2,static,0.16195856873822975,1.0
haggle,KFC_v2,static,0.16242937853107345,1.0
haggle,KFC_v2,static,0.16290018832391714,1.0
haggle,KFC_v2,static,0.1633709981167608,1.0
haggle,KFC_v2,static,0.1638418079096045,1.0
haggle,KFC_v2,static,0.1643126177024482,1.0
haggle,KFC_v2,static,0.1647834274952919,1.0
haggle,KFC_v2,static,0.1652542372881356,1.0
haggle,KFC_v2,static,0.16572504708097927,1.0
haggle,KFC_v2,static,0.16619585687382296,1.0
haggle,KFC_v2,static,0.16666666666666666,1.0
haggle,KFC_v2,static,0.16713747645951035,1.0
haggle,KFC_v2,static,0.16760828625235405,1.0
haggle,KFC_v2,static,0.16807909604519775,1.0
haggle,KFC_v2,static,0.16854990583804141,1.0
haggle,KFC_v2,static,0.1690207156308851,1.0
haggle,KFC_v2,static,0.1694915254237288,1.0
haggle,KFC_v2,static,0.1699623352165725,1.0
haggle,KFC_v2,static,0.1704331450094162,1.0
haggle,KFC_v2,static,0.17090395480225987,1.0
haggle,KFC_v2,static,0.17137476459510356,1.0
haggle,KFC_v2,static,0.17184557438794726,1.0
haggle,KFC_v2,static,0.17231638418079095,1.0
haggle,KFC_v2,static,0.17278719397363465,1.0
haggle,KFC_v2,static,0.17325800376647835,1.0
haggle,KFC_v2,static,0.17372881355932202,1.0
haggle,KFC_v2,static,0.1741996233521657,1.0
haggle,KFC_v2,static,0.1746704331450094,1.0
haggle,KFC_v2,static,0.1751412429378531,1.0
haggle,KFC_v2,static,0.1756120527306968,1.0
haggle,KFC_v2,static,0.1760828625235405,1.0
haggle,KFC_v2,static,0.17655367231638416,1.0
haggle,KFC_v2,static,0.17702448210922786,1.0
haggle,KFC_v2,static,0.17749529190207156,1.0
haggle,KFC_v2,static,0.17796610169491525,1.0
haggle,KFC_v2,static,0.17843691148775895,1.0
haggle,KFC_v2,static,0.17890772128060262,1.0
haggle,KFC_v2,static,0.1793785310734463,1.0
haggle,KFC_v2,static,0.17984934086629,1.0
haggle,KFC_v2,static,0.1803201506591337,1.0
haggle,KFC_v2,static,0.1807909604519774,1.0
haggle,KFC_v2,static,0.1812617702448211,1.0
haggle,KFC_v2,static,0.18173258003766476,1.0
haggle,KFC_v2,static,0.18220338983050846,1.0
haggle,KFC_v2,static,0.18267419962335216,1.0
haggle,KFC_v2,static,0.18314500941619585,1.0
haggle,KFC_v2,static,0.18361581920903955,1.0
haggle,KFC_v2,static,0.18408662900188325,1.0
haggle,KFC_v2,static,0.1845574387947269,1.0
haggle,KFC_v2,static,0.1850282485875706,1.0
haggle,KFC_v2,static,0.1854990583804143,1.0
haggle,KFC_v2,static,0.185969868173258,1.0
haggle,KFC_v2,static,0.1864406779661017,1.0
haggle,KFC_v2,static,0.18691148775894537,1.0
haggle,KFC_v2,static,0.18738229755178906,1.0
haggle,KFC_v2,static,0.18785310734463276,1.0
haggle,KFC_v2,static,0.18832391713747645,1.0
haggle,KFC_v2,static,0.18879472693032015,1.0
haggle,KFC_v2,static,0.18926553672316385,1.0
haggle,KFC_v2,static,0.18973634651600751,1.0
haggle,KFC_v2,static,0.1902071563088512,1.0
haggle,KFC_v2,static,0.1906779661016949,1.0
haggle,KFC_v2,static,0.1911487758945386,1.0
haggle,KFC_v2,static,0.1916195856873823,1.0
haggle,KFC_v2,static,0.19209039548022597,1.0
haggle,KFC_v2,static,0.19256120527306966,1.0
haggle,KFC_v2,static,0.19303201506591336,1.0
haggle,KFC_v2,static,0.19350282485875706,1.0
haggle,KFC_v2,static,0.19397363465160075,1.0
haggle,KFC_v2,static,0.19444444444444445,1.0
haggle,KFC_v2,static,0.19491525423728812,1.0
haggle,KFC_v2,static,0.1953860640301318,1.0
haggle,KFC_v2,static,0.1958568738229755,1.0
haggle,KFC_v2,static,0.1963276836158192,1.0
haggle,KFC_v2,static,0.1967984934086629,1.0
haggle,KFC_v2,static,0.1972693032015066,1.0
haggle,KFC_v2,static,0.19774011299435026,1.0
haggle,KFC_v2,static,0.19821092278719396,1.0
haggle,KFC_v2,static,0.19868173258003766,1.0
haggle,KFC_v2,static,0.19915254237288135,1.0
haggle,KFC_v2,static,0.19962335216572505,1.0
haggle,KFC_v2,static,0.20009416195856872,1.0
haggle,KFC_v2,static,0.2005649717514124,1.0
haggle,KFC_v2,static,0.2010357815442561,1.0
haggle,KFC_v2,static,0.2015065913370998,1.0
haggle,KFC_v2,static,0.2019774011299435,1.0
haggle,KFC_v2,static,0.2024482109227872,1.0
haggle,KFC_v2,static,0.20291902071563087,1.0
haggle,KFC_v2,static,0.20338983050847456,1.0
haggle,KFC_v2,static,0.20386064030131826,1.0
haggle,KFC_v2,static,0.20433145009416195,1.0
haggle,KFC_v2,static,0.20480225988700565,1.0
haggle,KFC_v2,static,0.20527306967984935,1.0
haggle,KFC_v2,static,0.20574387947269301,1.0
haggle,KFC_v2,static,0.2062146892655367,1.0
haggle,KFC_v2,static,0.2066854990583804,1.0
haggle,KFC_v2,static,0.2071563088512241,1.0
haggle,KFC_v2,static,0.2076271186440678,1.0
haggle,KFC_v2,static,0.20809792843691147,1.0
haggle,KFC_v2,static,0.20856873822975516,1.0
haggle,KFC_v2,static,0.20903954802259886,1.0
haggle,KFC_v2,static,0.20951035781544255,1.0
haggle,KFC_v2,static,0.20998116760828625,1.0
haggle,KFC_v2,static,0.21045197740112995,1.0
haggle,KFC_v2,static,0.21092278719397362,1.0
haggle,KFC_v2,static,0.2113935969868173,1.0
haggle,KFC_v2,static,0.211864406779661,1.0
haggle,KFC_v2,static,0.2123352165725047,1.0
haggle,KFC_v2,static,0.2128060263653484,1.0
haggle,KFC_v2,static,0.21327683615819207,1.0
haggle,KFC_v2,static,0.21374764595103576,1.0
haggle,KFC_v2,static,0.21421845574387946,1.0
haggle,KFC_v2,static,0.21468926553672316,1.0
haggle,KFC_v2,static,0.21516007532956685,1.0
haggle,KFC_v2,static,0.21563088512241055,1.0
haggle,KFC_v2,static,0.21610169491525422,1.0
haggle,KFC_v2,static,0.2165725047080979,1.0
haggle,KFC_v2,static,0.2170433145009416,1.0
haggle,KFC_v2,static,0.2175141242937853,1.0
haggle,KFC_v2,static,0.217984934086629,1.0
haggle,KFC_v2,static,0.2184557438794727,1.0
haggle,KFC_v2,static,0.21892655367231637,1.0
haggle,KFC_v2,static,0.21939736346516006,1.0
haggle,KFC_v2,static,0.21986817325800376,1.0
haggle,KFC_v2,static,0.22033898305084745,1.0
haggle,KFC_v2,static,0.22080979284369115,1.0
haggle,KFC_v2,static,0.22128060263653482,1.0
haggle,KFC_v2,static,0.2217514124293785,1.0
haggle,KFC_v2,static,0.2222222222222222,1.0
haggle,KFC_v2,static,0.2226930320150659,1.0
haggle,KFC_v2,static,0.2231638418079096,1.0
haggle,KFC_v2,static,0.2236346516007533,1.0
haggle,KFC_v2,static,0.22410546139359697,1.0
haggle,KFC_v2,static,0.22457627118644066,1.0
haggle,KFC_v2,static,0.22504708097928436,1.0
haggle,KFC_v2,static,0.22551789077212805,1.0
haggle,KFC_v2,static,0.22598870056497175,1.0
haggle,KFC_v2,static,0.22645951035781545,1.0
haggle,KFC_v2,static,0.22693032015065911,1.0
haggle,KFC_v2,static,0.2274011299435028,1.0
haggle,KFC_v2,static,0.2278719397363465,1.0
haggle,KFC_v2,static,0.2283427495291902,1.0
haggle,KFC_v2,static,0.2288135593220339,1.0
haggle,KFC_v2,static,0.22928436911487757,1.0
haggle,KFC_v2,static,0.22975517890772126,1.0
haggle,KFC_v2,static,0.23022598870056496,1.0
haggle,KFC_v2,static,0.23069679849340866,1.0
haggle,KFC_v2,static,0.23116760828625235,1.0
haggle,KFC_v2,static,0.23163841807909605,1.0
haggle,KFC_v2,static,0.23210922787193972,1.0
haggle,KFC_v2,static,0.2325800376647834,1.0
haggle,KFC_v2,static,0.2330508474576271,1.0
haggle,KFC_v2,static,0.2335216572504708,1.0
haggle,KFC_v2,static,0.2339924670433145,1.0
haggle,KFC_v2,static,0.23446327683615817,1.0
haggle,KFC_v2,static,0.23493408662900186,1.0
haggle,KFC_v2,static,0.23540489642184556,1.0
haggle,KFC_v2,static,0.23587570621468926,1.0
haggle,KFC_v2,static,0.23634651600753295,1.0
haggle,KFC_v2,static,0.23681732580037665,1.0
haggle,KFC_v2,static,0.23728813559322032,1.0
haggle,KFC_v2,static,0.237758945386064,1.0
haggle,KFC_v2,static,0.2382297551789077,1.0
haggle,KFC_v2,static,0.2387005649717514,1.0
haggle,KFC_v2,static,0.2391713747645951,1.0
haggle,KFC_v2,static,0.2396421845574388,1.0
haggle,KFC_v2,static,0.24011299435028247,1.0
haggle,KFC_v2,static,0.24058380414312616,1.0
haggle,KFC_v2,static,0.24105461393596986,1.0
haggle,KFC_v2,static,0.24152542372881355,1.0
haggle,KFC_v2,static,0.24199623352165725,1.0
haggle,KFC_v2,static,0.24246704331450092,1.0
haggle,KFC_v2,static,0.24293785310734461,1.0
haggle,KFC_v2,static,0.2434086629001883,1.0
haggle,KFC_v2,static,0.243879472693032,1.0
haggle,KFC_v2,static,0.2443502824858757,1.0
haggle,KFC_v2,static,0.2448210922787194,1.0
haggle,KFC_v2,static,0.24529190207156307,1.0
haggle,KFC_v2,static,0.24576271186440676,1.0
haggle,KFC_v2,static,0.24623352165725046,1.0
haggle,KFC_v2,static,0.24670433145009416,1.0
haggle,KFC_v2,static,0.24717514124293785,1.0
haggle,KFC_v2,static,0.24764595103578155,1.0
haggle,KFC_v2,static,0.24811676082862522,1.0
haggle,KFC_v2,static,0.2485875706214689,1.0
haggle,KFC_v2,static,0.2490583804143126,1.0
haggle,KFC_v2,static,0.2495291902071563,1.0
haggle,KFC_v2,static,0.25,1.0
haggle,KFC_v2,static,0.2504708097928437,1.0
haggle,KFC_v2,static,0.2509416195856874,1.0
haggle,KFC_v2,static,0.2514124293785311,1.0
haggle,KFC_v2,static,0.25188323917137473,1.0
haggle,KFC_v2,static,0.2523540489642184,1.0
haggle,KFC_v2,static,0.2528248587570621,1.0
haggle,KFC_v2,static,0.2532956685499058,1.0
haggle,KFC_v2,static,0.2537664783427495,1.0
haggle,KFC_v2,static,0.2542372881355932,1.0
haggle,KFC_v2,static,0.2547080979284369,1.0
haggle,KFC_v2,static,0.2551789077212806,1.0
haggle,KFC_v2,static,0.2556497175141243,1.0
haggle,KFC_v2,static,0.256120527306968,1.0
haggle,KFC_v2,static,0.2565913370998117,1.0
haggle,KFC_v2,static,0.25706214689265533,1.0
haggle,KFC_v2,static,0.257532956685499,1.0
haggle,KFC_v2,static,0.2580037664783427,1.0
haggle,KFC_v2,static,0.2584745762711864,1.0
haggle,KFC_v2,static,0.2589453860640301,1.0
haggle,KFC_v2,static,0.2594161958568738,1.0
haggle,KFC_v2,static,0.2598870056497175,1.0
haggle,KFC_v2,static,0.2603578154425612,1.0
haggle,KFC_v2,static,0.2608286252354049,1.0
haggle,KFC_v2,static,0.2612994350282486,1.0
haggle,KFC_v2,static,0.2617702448210923,1.0
haggle,KFC_v2,static,0.262241054613936,1.0
haggle,KFC_v2,static,0.2627118644067796,1.0
haggle,KFC_v2,static,0.2631826741996233,1.0
haggle,KFC_v2,static,0.263653483992467,1.0
haggle,KFC_v2,static,0.2641242937853107,1.0
haggle,KFC_v2,static,0.2645951035781544,1.0
haggle,KFC_v2,static,0.2650659133709981,1.0
haggle,KFC_v2,static,0.2655367231638418,1.0
haggle,KFC_v2,static,0.2660075329566855,1.0
haggle,KFC_v2,static,0.2664783427495292,1.0
haggle,KFC_v2,static,0.2669491525423729,1.0
haggle,KFC_v2,static,0.2674199623352166,1.0
haggle,KFC_v2,static,0.26789077212806023,1.0
haggle,KFC_v2,static,0.2683615819209039,1.0
haggle,KFC_v2,static,0.2688323917137476,1.0
haggle,KFC_v2,static,0.2693032015065913,1.0
haggle,KFC_v2,static,0.269774011299435,1.0
haggle,KFC_v2,static,0.2702448210922787,1.0
haggle,KFC_v2,static,0.2707156308851224,1.0
haggle,KFC_v2,static,0.2711864406779661,1.0
haggle,KFC_v2,static,0.2716572504708098,1.0
haggle,KFC_v2,static,0.2721280602636535,1.0
haggle,KFC_v2,static,0.2725988700564972,1.0
haggle,KFC_v2,static,0.27306967984934083,1.0
haggle,KFC_v2,static,0.2735404896421845,1.0
haggle,KFC_v2,static,0.2740112994350282,1.0
haggle,KFC_v2,static,0.2744821092278719,1.0
haggle,KFC_v2,static,0.2749529190207156,1.0
haggle,KFC_v2,static,0.2754237288135593,1.0
haggle,KFC_v2,static,0.275894538606403,1.0
haggle,KFC_v2,static,0.2763653483992467,1.0
haggle,KFC_v2,static,0.2768361581920904,1.0
haggle,KFC_v2,static,0.2773069679849341,1.0
haggle,KFC_v2,static,0.2777777777777778,1.0
haggle,KFC_v2,static,0.27824858757062143,1.0
haggle,KFC_v2,static,0.2787193973634651,1.0
haggle,KFC_v2,static,0.2791902071563088,1.0
haggle,KFC_v2,static,0.2796610169491525,1.0
haggle,KFC_v2,static,0.2801318267419962,1.0
haggle,KFC_v2,static,0.2806026365348399,1.0
haggle,KFC_v2,static,0.2810734463276836,1.0
haggle,KFC_v2,static,0.2815442561205273,1.0
haggle,KFC_v2,static,0.282015065913371,1.0
haggle,KFC_v2,static,0.2824858757062147,1.0
haggle,KFC_v2,static,0.2829566854990584,1.0
haggle,KFC_v2,static,0.2834274952919021,1.0
haggle,KFC_v2,static,0.28389830508474573,1.0
haggle,KFC_v2,static,0.2843691148775894,1.0
haggle,KFC_v2,static,0.2848399246704331,1.0
haggle,KFC_v2,static,0.2853107344632768,1.0
haggle,KFC_v2,static,0.2857815442561205,1.0
haggle,KFC_v2,static,0.2862523540489642,1.0
haggle,KFC_v2,static,0.2867231638418079,1.0
haggle,KFC_v2,static,0.2871939736346516,1.0
haggle,KFC_v2,static,0.2876647834274953,1.0
haggle,KFC_v2,static,0.288135593220339,1.0
haggle,KFC_v2,static,0.2886064030131827,1.0
haggle,KFC_v2,static,0.28907721280602633,1.0
haggle,KFC_v2,static,0.28954802259887,1.0
haggle,KFC_v2,static,0.2900188323917137,1.0
haggle,KFC_v2,static,0.2904896421845574,1.0
haggle,KFC_v2,static,0.2909604519774011,1.0
haggle,KFC_v2,static,0.2914312617702448,1.0
haggle,KFC_v2,static,0.2919020715630885,1.0
haggle,KFC_v2,static,0.2923728813559322,1.0
haggle,KFC_v2,static,0.2928436911487759,1.0
haggle,KFC_v2,static,0.2933145009416196,1.0
haggle,KFC_v2,static,0.2937853107344633,1.0
haggle,KFC_v2,static,0.29425612052730693,1.0
haggle,KFC_v2,static,0.2947269303201506,1.0
haggle,KFC_v2,static,0.2951977401129943,1.0
haggle,KFC_v2,static,0.295668549905838,1.0
haggle,KFC_v2,static,0.2961393596986817,1.0
haggle,KFC_v2,static,0.2966101694915254,1.0
haggle,KFC_v2,static,0.2970809792843691,1.0
haggle,KFC_v2,static,0.2975517890772128,1.0
haggle,KFC_v2,static,0.2980225988700565,1.0
haggle,KFC_v2,static,0.2984934086629002,1.0
haggle,KFC_v2,static,0.2989642184557439,1.0
haggle,KFC_v2,static,0.29943502824858753,1.0
haggle,KFC_v2,static,0.2999058380414312,1.0
haggle,KFC_v2,static,0.3003766478342749,1.0
haggle,KFC_v2,static,0.3008474576271186,1.0
haggle,KFC_v2,static,0.3013182674199623,1.0
haggle,KFC_v2,static,0.301789077212806,1.0
haggle,KFC_v2,static,0.3022598870056497,1.0
haggle,KFC_v2,static,0.3027306967984934,1.0
haggle,KFC_v2,static,0.3032015065913371,1.0
haggle,KFC_v2,static,0.3036723163841808,1.0
haggle,KFC_v2,static,0.3041431261770245,1.0
haggle,KFC_v2,static,0.3046139359698682,1.0
haggle,KFC_v2,static,0.30508474576271183,1.0
haggle,KFC_v2,static,0.3055555555555555,1.0
haggle,KFC_v2,static,0.3060263653483992,1.0
haggle,KFC_v2,static,0.3064971751412429,1.0
haggle,KFC_v2,static,0.3069679849340866,1.0
haggle,KFC_v2,static,0.3074387947269303,1.0
haggle,KFC_v2,static,0.307909604519774,1.0
haggle,KFC_v2,static,0.3083804143126177,1.0
haggle,KFC_v2,static,0.3088512241054614,1.0
haggle,KFC_v2,static,0.3093220338983051,1.0
haggle,KFC_v2,static,0.3097928436911488,1.0
haggle,KFC_v2,static,0.31026365348399243,1.0
haggle,KFC_v2,static,0.3107344632768361,1.0
haggle,KFC_v2,static,0.3112052730696798,1.0
haggle,KFC_v2,static,0.3116760828625235,1.0
haggle,KFC_v2,static,0.3121468926553672,1.0
haggle,KFC_v2,static,0.3126177024482109,1.0
haggle,KFC_v2,static,0.3130885122410546,1.0
haggle,KFC_v2,static,0.3135593220338983,1.0
haggle,KFC_v2,static,0.314030131826742,1.0
haggle,KFC_v2,static,0.3145009416195857,1.0
haggle,KFC_v2,static,0.3149717514124294,1.0
haggle,KFC_v2,static,0.31544256120527303,1.0
haggle,KFC_v2,static,0.3159133709981167,1.0
haggle,KFC_v2,static,0.3163841807909604,1.0
haggle,KFC_v2,static,0.3168549905838041,1.0
haggle,KFC_v2,static,0.3173258003766478,1.0
haggle,KFC_v2,static,0.3177966101694915,1.0
haggle,KFC_v2,static,0.3182674199623352,1.0
haggle,KFC_v2,static,0.3187382297551789,1.0
haggle,KFC_v2,static,0.3192090395480226,1.0
haggle,KFC_v2,static,0.3196798493408663,1.0
haggle,KFC_v2,static,0.32015065913371,1.0
haggle,KFC_v2,static,0.32062146892655363,1.0
haggle,KFC_v2,static,0.32109227871939733,1.0
haggle,KFC_v2,static,0.321563088512241,1.0
haggle,KFC_v2,static,0.3220338983050847,1.0
haggle,KFC_v2,static,0.3225047080979284,1.0
haggle,KFC_v2,static,0.3229755178907721,1.0
haggle,KFC_v2,static,0.3234463276836158,1.0
haggle,KFC_v2,static,0.3239171374764595,1.0
haggle,KFC_v2,static,0.3243879472693032,1.0
haggle,KFC_v2,static,0.3248587570621469,1.0
haggle,KFC_v2,static,0.3253295668549906,1.0
haggle,KFC_v2,static,0.3258003766478343,1.0
haggle,KFC_v2,static,0.32627118644067793,1.0
haggle,KFC_v2,static,0.3267419962335216,1.0
haggle,KFC_v2,static,0.3272128060263653,1.0
haggle,KFC_v2,static,0.327683615819209,1.0
haggle,KFC_v2,static,0.3281544256120527,1.0
haggle,KFC_v2,static,0.3286252354048964,1.0
haggle,KFC_v2,static,0.3290960451977401,1.0
haggle,KFC_v2,static,0.3295668549905838,1.0
haggle,KFC_v2,static,0.3300376647834275,1.0
haggle,KFC_v2,static,0.3305084745762712,1.0
haggle,KFC_v2,static,0.3309792843691149,1.0
haggle,KFC_v2,static,0.33145009416195853,1.0
haggle,KFC_v2,static,0.3319209039548022,1.0
haggle,KFC_v2,static,0.3323917137476459,1.0
haggle,KFC_v2,static,0.3328625235404896,1.0
haggle,KFC_v2,static,0.3333333333333333,1.0
haggle,KFC_v2,static,0.333804143126177,1.0
haggle,KFC_v2,static,0.3342749529190207,1.0
haggle,KFC_v2,static,0.3347457627118644,1.0
haggle,KFC_v2,static,0.3352165725047081,1.0
haggle,KFC_v2,static,0.3356873822975518,1.0
haggle,KFC_v2,static,0.3361581920903955,1.0
haggle,KFC_v2,static,0.33662900188323913,1.0
haggle,KFC_v2,static,0.33709981167608283,1.0
haggle,KFC_v2,static,0.3375706214689265,1.0
haggle,KFC_v2,static,0.3380414312617702,1.0
haggle,KFC_v2,static,0.3385122410546139,1.0
haggle,KFC_v2,static,0.3389830508474576,1.0
haggle,KFC_v2,static,0.3394538606403013,1.0
haggle,KFC_v2,static,0.339924670433145,1.0
haggle,KFC_v2,static,0.3403954802259887,1.0
haggle,KFC_v2,static,0.3408662900188324,1.0
haggle,KFC_v2,static,0.3413370998116761,1.0
haggle,KFC_v2,static,0.34180790960451973,1.0
haggle,KFC_v2,static,0.34227871939736343,1.0
haggle,KFC_v2,static,0.3427495291902071,1.0
haggle,KFC_v2,static,0.3432203389830508,1.0
haggle,KFC_v2,static,0.3436911487758945,1.0
haggle,KFC_v2,static,0.3441619585687382,1.0
haggle,KFC_v2,static,0.3446327683615819,1.0
haggle,KFC_v2,static,0.3451035781544256,1.0
haggle,KFC_v2,static,0.3455743879472693,1.0
haggle,KFC_v2,static,0.346045197740113,1.0
haggle,KFC_v2,static,0.3465160075329567,1.0
haggle,KFC_v2,static,0.3469868173258004,1.0
haggle,KFC_v2,static,0.34745762711864403,1.0
haggle,KFC_v2,static,0.3479284369114877,1.0
haggle,KFC_v2,static,0.3483992467043314,1.0
haggle,KFC_v2,static,0.3488700564971751,1.0
haggle,KFC_v2,static,0.3493408662900188,1.0
haggle,KFC_v2,static,0.3498116760828625,1.0
haggle,KFC_v2,static,0.3502824858757062,1.0
haggle,KFC_v2,static,0.3507532956685499,1.0
haggle,KFC_v2,static,0.3512241054613936,1.0
haggle,KFC_v2,static,0.3516949152542373,1.0
haggle,KFC_v2,static,0.352165725047081,1.0
haggle,KFC_v2,static,0.35263653483992463,1.0
haggle,KFC_v2,static,0.3531073446327683,1.0
haggle,KFC_v2,static,0.353578154425612,1.0
haggle,KFC_v2,static,0.3540489642184557,1.0
haggle,KFC_v2,static,0.3545197740112994,1.0
haggle,KFC_v2,static,0.3549905838041431,1.0
haggle,KFC_v2,static,0.3554613935969868,1.0
haggle,KFC_v2,static,0.3559322033898305,1.0
haggle,KFC_v2,static,0.3564030131826742,1.0
haggle,KFC_v2,static,0.3568738229755179,1.0
haggle,KFC_v2,static,0.3573446327683616,1.0
haggle,KFC_v2,static,0.35781544256120523,1.0
haggle,KFC_v2,static,0.35828625235404893,1.0
haggle,KFC_v2,static,0.3587570621468926,1.0
haggle,KFC_v2,static,0.3592278719397363,1.0
haggle,KFC_v2,static,0.35969868173258,1.0
haggle,KFC_v2,static,0.3601694915254237,1.0
haggle,KFC_v2,static,0.3606403013182674,1.0
haggle,KFC_v2,static,0.3611111111111111,1.0
haggle,KFC_v2,static,0.3615819209039548,1.0
haggle,KFC_v2,static,0.3620527306967985,1.0
haggle,KFC_v2,static,0.3625235404896422,1.0
haggle,KFC_v2,static,0.36299435028248583,1.0
haggle,KFC_v2,static,0.36346516007532953,1.0
haggle,KFC_v2,static,0.3639359698681732,1.0
haggle,KFC_v2,static,0.3644067796610169,1.0
haggle,KFC_v2,static,0.3648775894538606,1.0
haggle,KFC_v2,static,0.3653483992467043,1.0
haggle,KFC_v2,static,0.365819209039548,1.0
haggle,KFC_v2,static,0.3662900188323917,1.0
haggle,KFC_v2,static,0.3667608286252354,1.0
haggle,KFC_v2,static,0.3672316384180791,1.0
haggle,KFC_v2,static,0.3677024482109228,1.0
haggle,KFC_v2,static,0.3681732580037665,1.0
haggle,KFC_v2,static,0.36864406779661013,1.0
haggle,KFC_v2,static,0.3691148775894538,1.0
haggle,KFC_v2,static,0.3695856873822975,1.0
haggle,KFC_v2,static,0.3700564971751412,1.0
haggle,KFC_v2,static,0.3705273069679849,1.0
haggle,KFC_v2,static,0.3709981167608286,1.0
haggle,KFC_v2,static,0.3714689265536723,1.0
haggle,KFC_v2,static,0.371939736346516,1.0
haggle,KFC_v2,static,0.3724105461393597,1.0
haggle,KFC_v2,static,0.3728813559322034,1.0
haggle,KFC_v2,static,0.3733521657250471,1.0
haggle,KFC_v2,static,0.37382297551789073,1.0
haggle,KFC_v2,static,0.37429378531073443,1.0
haggle,KFC_v2,static,0.3747645951035781,1.0
haggle,KFC_v2,static,0.3752354048964218,1.0
haggle,KFC_v2,static,0.3757062146892655,1.0
haggle,KFC_v2,static,0.3761770244821092,1.0
haggle,KFC_v2,static,0.3766478342749529,1.0
haggle,KFC_v2,static,0.3771186440677966,1.0
haggle,KFC_v2,static,0.3775894538606403,1.0
haggle,KFC_v2,static,0.378060263653484,1.0
haggle,KFC_v2,static,0.3785310734463277,1.0
haggle,KFC_v2,static,0.37900188323917133,1.0
haggle,KFC_v2,static,0.37947269303201503,1.0
haggle,KFC_v2,static,0.3799435028248587,1.0
haggle,KFC_v2,static,0.3804143126177024,1.0
haggle,KFC_v2,static,0.3808851224105461,1.0
haggle,KFC_v2,static,0.3813559322033898,1.0
haggle,KFC_v2,static,0.3818267419962335,1.0
haggle,KFC_v2,static,0.3822975517890772,1.0
haggle,KFC_v2,static,0.3827683615819209,1.0
haggle,KFC_v2,static,0.3832391713747646,1.0
haggle,KFC_v2,static,0.3837099811676083,1.0
haggle,KFC_v2,static,0.38418079096045193,1.0
haggle,KFC_v2,static,0.38465160075329563,1.0
haggle,KFC_v2,static,0.3851224105461393,1.0
haggle,KFC_v2,static,0.385593220338983,1.0
haggle,KFC_v2,static,0.3860640301318267,1.0
haggle,KFC_v2,static,0.3865348399246704,1.0
haggle,KFC_v2,static,0.3870056497175141,1.0
haggle,KFC_v2,static,0.3874764595103578,1.0
haggle,KFC_v2,static,0.3879472693032015,1.0
haggle,KFC_v2,static,0.3884180790960452,1.0
haggle,KFC_v2,static,0.3888888888888889,1.0
haggle,KFC_v2,static,0.3893596986817326,1.0
haggle,KFC_v2,static,0.38983050847457623,1.0
haggle,KFC_v2,static,0.3903013182674199,1.0
haggle,KFC_v2,static,0.3907721280602636,1.0
haggle,KFC_v2,static,0.3912429378531073,1.0
haggle,KFC_v2,static,0.391713747645951,1.0
haggle,KFC_v2,static,0.3921845574387947,1.0
haggle,KFC_v2,static,0.3926553672316384,1.0
haggle,KFC_v2,static,0.3931261770244821,1.0
haggle,KFC_v2,static,0.3935969868173258,1.0
haggle,KFC_v2,static,0.3940677966101695,1.0
haggle,KFC_v2,static,0.3945386064030132,1.0
haggle,KFC_v2,static,0.39500941619585683,1.0
haggle,KFC_v2,static,0.39548022598870053,1.0
haggle,KFC_v2,static,0.3959510357815442,0.9124087591240876
haggle,KFC_v2,static,0.3964218455743879,0.9124087591240876
haggle,KFC_v2,static,0.3968926553672316,0.9124087591240876
haggle,KFC_v2,static,0.3973634651600753,0.9124087591240876
haggle,KFC_v2,static,0.397834274952919,0.9124087591240876
haggle,KFC_v2,static,0.3983050847457627,0.9124087591240876
haggle,KFC_v2,static,0.3987758945386064,0.9124087591240876
haggle,KFC_v2,static,0.3992467043314501,0.9124087591240876
haggle,KFC_v2,static,0.3997175141242938,0.9124087591240876
haggle,KFC_v2,static,0.40018832391713743,0.9124087591240876
haggle,KFC_v2,static,0.40065913370998113,0.9124087591240876
haggle,KFC_v2,static,0.4011299435028248,0.9124087591240876
haggle,KFC_v2,static,0.4016007532956685,0.9124087591240876
haggle,KFC_v2,static,0.4020715630885122,0.9124087591240876
haggle,KFC_v2,static,0.4025423728813559,0.9124087591240876
haggle,KFC_v2,static,0.4030131826741996,0.9124087591240876
haggle,KFC_v2,static,0.4034839924670433,0.9124087591240876
haggle,KFC_v2,static,0.403954802259887,0.9124087591240876
haggle,KFC_v2,static,0.4044256120527307,0.9124087591240876
haggle,KFC_v2,static,0.4048964218455744,0.9124087591240876
haggle,KFC_v2,static,0.40536723163841804,0.9124087591240876
haggle,KFC_v2,static,0.40583804143126173,0.9124087591240876
haggle,KFC_v2,static,0.4063088512241054,0.9124087591240876
haggle,KFC_v2,static,0.4067796610169491,0.9124087591240876
haggle,KFC_v2,static,0.4072504708097928,0.9124087591240876
haggle,KFC_v2,static,0.4077212806026365,0.9124087591240876
haggle,KFC_v2,static,0.4081920903954802,0.9124087591240876
haggle,KFC_v2,static,0.4086629001883239,0.9124087591240876
haggle,KFC_v2,static,0.4091337099811676,0.9124087591240876
haggle,KFC_v2,static,0.4096045197740113,0.9124087591240876
haggle,KFC_v2,static,0.410075329566855,0.9124087591240876
haggle,KFC_v2,static,0.4105461393596987,0.9124087591240876
haggle,KFC_v2,static,0.41101694915254233,0.9124087591240876
haggle,KFC_v2,static,0.41148775894538603,0.9124087591240876
haggle,KFC_v2,static,0.4119585687382297,0.9124087591240876
haggle,KFC_v2,static,0.4124293785310734,0.9124087591240876
haggle,KFC_v2,static,0.4129001883239171,0.9124087591240876
haggle,KFC_v2,static,0.4133709981167608,0.9124087591240876
haggle,KFC_v2,static,0.4138418079096045,0.9124087591240876
haggle,KFC_v2,static,0.4143126177024482,0.9124087591240876
haggle,KFC_v2,static,0.4147834274952919,0.9124087591240876
haggle,KFC_v2,static,0.4152542372881356,0.9124087591240876
haggle,KFC_v2,static,0.4157250470809793,0.9124087591240876
haggle,KFC_v2,static,0.41619585687382293,0.9124087591240876
haggle,KFC_v2,static,0.41666666666666663,0.9124087591240876
haggle,KFC_v2,static,0.4171374764595103,0.9124087591240876
haggle,KFC_v2,static,0.417608286252354,0.9124087591240876
haggle,KFC_v2,static,0.4180790960451977,0.9124087591240876
haggle,KFC_v2,static,0.4185499058380414,0.9124087591240876
haggle,KFC_v2,static,0.4190207156308851,0.9124087591240876
haggle,KFC_v2,static,0.4194915254237288,0.9124087591240876
haggle,KFC_v2,static,0.4199623352165725,0.9124087591240876
haggle,KFC_v2,static,0.4204331450094162,0.9124087591240876
haggle,KFC_v2,static,0.4209039548022599,0.9124087591240876
haggle,KFC_v2,static,0.42137476459510353,0.9124087591240876
haggle,KFC_v2,static,0.42184557438794723,0.9124087591240876
haggle,KFC_v2,static,0.4223163841807909,0.9124087591240876
haggle,KFC_v2,static,0.4227871939736346,0.9124087591240876
haggle,KFC_v2,static,0.4232580037664783,0.9124087591240876
haggle,KFC_v2,static,0.423728813559322,0.9124087591240876
haggle,KFC_v2,static,0.4241996233521657,0.9124087591240876
haggle,KFC_v2,static,0.4246704331450094,0.9124087591240876
haggle,KFC_v2,static,0.4251412429378531,0.9124087591240876
haggle,KFC_v2,static,0.4256120527306968,0.9124087591240876
haggle,KFC_v2,static,0.4260828625235405,0.9124087591240876
haggle,KFC_v2,static,0.42655367231638414,0.9124087591240876
haggle,KFC_v2,static,0.42702448210922783,0.9124087591240876
haggle,KFC_v2,static,0.42749529190207153,0.9124087591240876
haggle,KFC_v2,static,0.4279661016949152,0.9124087591240876
haggle,KFC_v2,static,0.4284369114877589,0.9124087591240876
haggle,KFC_v2,static,0.4289077212806026,0.9124087591240876
haggle,KFC_v2,static,0.4293785310734463,0.9124087591240876
haggle,KFC_v2,static,0.42984934086629,0.9124087591240876
haggle,KFC_v2,static,0.4303201506591337,0.9124087591240876
haggle,KFC_v2,static,0.4307909604519774,0.9124087591240876
haggle,KFC_v2,static,0.4312617702448211,0.9124087591240876
haggle,KFC_v2,static,0.4317325800376648,0.9124087591240876
haggle,KFC_v2,static,0.43220338983050843,0.9124087591240876
haggle,KFC_v2,static,0.43267419962335213,0.9124087591240876
haggle,KFC_v2,static,0.4331450094161958,0.9124087591240876
haggle,KFC_v2,static,0.4336158192090395,0.9124087591240876
haggle,KFC_v2,static,0.4340866290018832,0.9124087591240876
haggle,KFC_v2,static,0.4345574387947269,0.9124087591240876
haggle,KFC_v2,static,0.4350282485875706,0.9124087591240876
haggle,KFC_v2,static,0.4354990583804143,0.9124087591240876
haggle,KFC_v2,static,0.435969868173258,0.9124087591240876
haggle,KFC_v2,static,0.4364406779661017,0.9124087591240876
haggle,KFC_v2,static,0.4369114877589454,0.9124087591240876
haggle,KFC_v2,static,0.43738229755178903,0.9124087591240876
haggle,KFC_v2,static,0.43785310734463273,0.9124087591240876
haggle,KFC_v2,static,0.4383239171374764,0.9124087591240876
haggle,KFC_v2,static,0.4387947269303201,0.9124087591240876
haggle,KFC_v2,static,0.4392655367231638,0.9124087591240876
haggle,KFC_v2,static,0.4397363465160075,0.9124087591240876
haggle,KFC_v2,static,0.4402071563088512,0.9124087591240876
haggle,KFC_v2,static,0.4406779661016949,0.9124087591240876
haggle,KFC_v2,static,0.4411487758945386,0.9124087591240876
haggle,KFC_v2,static,0.4416195856873823,0.9124087591240876
haggle,KFC_v2,static,0.442090395480226,0.9124087591240876
haggle,KFC_v2,static,0.44256120527306964,0.9124087591240876
haggle,KFC_v2,static,0.44303201506591333,0.9124087591240876
haggle,KFC_v2,static,0.443502824858757,0.9124087591240876
haggle,KFC_v2,static,0.4439736346516007,0.9124087591240876
haggle,KFC_v2,static,0.4444444444444444,0.9124087591240876
haggle,KFC_v2,static,0.4449152542372881,0.9124087591240876
haggle,KFC_v2,static,0.4453860640301318,0.9124087591240876
haggle,KFC_v2,static,0.4458568738229755,0.9124087591240876
haggle,KFC_v2,static,0.4463276836158192,0.9124087591240876
haggle,KFC_v2,static,0.4467984934086629,0.9124087591240876
haggle,KFC_v2,static,0.4472693032015066,0.9124087591240876
haggle,KFC_v2,static,0.44774011299435024,0.9124087591240876
haggle,KFC_v2,static,0.44821092278719393,0.9124087591240876
haggle,KFC_v2,static,0.44868173258003763,0.9124087591240876
haggle,KFC_v2,static,0.4491525423728813,0.9124087591240876
haggle,KFC_v2,static,0.449623352165725,0.9124087591240876
haggle,KFC_v2,static,0.4500941619585687,0.9124087591240876
haggle,KFC_v2,static,0.4505649717514124,0.9124087591240876
haggle,KFC_v2,static,0.4510357815442561,0.9124087591240876
haggle,KFC_v2,static,0.4515065913370998,0.9124087591240876
haggle,KFC_v2,static,0.4519774011299435,0.9124087591240876
haggle,KFC_v2,static,0.4524482109227872,0.9124087591240876
haggle,KFC_v2,static,0.4529190207156309,0.9124087591240876
haggle,KFC_v2,static,0.45338983050847453,0.9124087591240876
haggle,KFC_v2,static,0.45386064030131823,0.9124087591240876
haggle,KFC_v2,static,0.4543314500941619,0.9124087591240876
haggle,KFC_v2,static,0.4548022598870056,0.9124087591240876
haggle,KFC_v2,static,0.4552730696798493,0.9124087591240876
haggle,KFC_v2,static,0.455743879472693,0.9124087591240876
haggle,KFC_v2,static,0.4562146892655367,0.9124087591240876
haggle,KFC_v2,static,0.4566854990583804,0.9124087591240876
haggle,KFC_v2,static,0.4571563088512241,0.9124087591240876
haggle,KFC_v2,static,0.4576271186440678,0.9124087591240876
haggle,KFC_v2,static,0.4580979284369115,0.9124087591240876
haggle,KFC_v2,static,0.45856873822975514,0.9124087591240876
haggle,KFC_v2,static,0.45903954802259883,0.9124087591240876
haggle,KFC_v2,static,0.4595103578154425,0.9124087591240876
haggle,KFC_v2,static,0.4599811676082862,0.9124087591240876
haggle,KFC_v2,static,0.4604519774011299,0.9124087591240876
haggle,KFC_v2,static,0.4609227871939736,0.9124087591240876
haggle,KFC_v2,static,0.4613935969868173,0.9124087591240876
haggle,KFC_v2,static,0.461864406779661,0.9124087591240876
haggle,KFC_v2,static,0.4623352165725047,0.9124087591240876
haggle,KFC_v2,static,0.4628060263653484,0.9124087591240876
haggle,KFC_v2,static,0.4632768361581921,0.9124087591240876
haggle,KFC_v2,static,0.46374764595103574,0.9124087591240876
haggle,KFC_v2,static,0.46421845574387943,0.9124087591240876
haggle,KFC_v2,static,0.46468926553672313,0.9124087591240876
haggle,KFC_v2,static,0.4651600753295668,0.9124087591240876
haggle,KFC_v2,static,0.4656308851224105,0.9124087591240876
haggle,KFC_v2,static,0.4661016949152542,0.9124087591240876
haggle,KFC_v2,static,0.4665725047080979,0.9124087591240876
haggle,KFC_v2,static,0.4670433145009416,0.9124087591240876
haggle,KFC_v2,static,0.4675141242937853,0.9124087591240876
haggle,KFC_v2,static,0.467984934086629,0.9124087591240876
haggle,KFC_v2,static,0.4684557438794727,0.9124087591240876
haggle,KFC_v2,static,0.46892655367231634,0.9124087591240876
haggle,KFC_v2,static,0.46939736346516003,0.9124087591240876
haggle,KFC_v2,static,0.46986817325800373,0.9124087591240876
haggle,KFC_v2,static,0.4703389830508474,0.9124087591240876
haggle,KFC_v2,static,0.4708097928436911,0.9124087591240876
haggle,KFC_v2,static,0.4712806026365348,0.9124087591240876
haggle,KFC_v2,static,0.4717514124293785,0.9124087591240876
haggle,KFC_v2,static,0.4722222222222222,0.9124087591240876
haggle,KFC_v2,static,0.4726930320150659,0.9124087591240876
haggle,KFC_v2,static,0.4731638418079096,0.9124087591240876
haggle,KFC_v2,static,0.4736346516007533,0.9124087591240876
haggle,KFC_v2,static,0.474105461393597,0.9124087591240876
haggle,KFC_v2,static,0.47457627118644063,0.9124087591240876
haggle,KFC_v2,static,0.47504708097928433,0.9124087591240876
haggle,KFC_v2,static,0.475517890772128,0.9124087591240876
haggle,KFC_v2,static,0.4759887005649717,0.9124087591240876
haggle,KFC_v2,static,0.4764595103578154,0.9124087591240876
haggle,KFC_v2,static,0.4769303201506591,0.9124087591240876
haggle,KFC_v2,static,0.4774011299435028,0.9124087591240876
haggle,KFC_v2,static,0.4778719397363465,0.9124087591240876
haggle,KFC_v2,static,0.4783427495291902,0.9124087591240876
haggle,KFC_v2,static,0.4788135593220339,0.9124087591240876
haggle,KFC_v2,static,0.4792843691148776,0.9124087591240876
haggle,KFC_v2,static,0.47975517890772124,0.9124087591240876
haggle,KFC_v2,static,0.48022598870056493,0.9124087591240876
haggle,KFC_v2,static,0.48069679849340863,0.9124087591240876
haggle,KFC_v2,static,0.4811676082862523,0.9124087591240876
haggle,KFC_v2,static,0.481638418079096,0.9124087591240876
haggle,KFC_v2,static,0.4821092278719397,0.9124087591240876
haggle,KFC_v2,static,0.4825800376647834,0.9124087591240876
haggle,KFC_v2,static,0.4830508474576271,0.9124087591240876
haggle,KFC_v2,static,0.4835216572504708,0.9124087591240876
haggle,KFC_v2,static,0.4839924670433145,0.9124087591240876
haggle,KFC_v2,static,0.4844632768361582,0.9124087591240876
haggle,KFC_v2,static,0.48493408662900184,0.9124087591240876
haggle,KFC_v2,static,0.48540489642184553,0.9124087591240876
haggle,KFC_v2,static,0.48587570621468923,0.9124087591240876
haggle,KFC_v2,static,0.4863465160075329,0.9124087591240876
haggle,KFC_v2,static,0.4868173258003766,0.9124087591240876
haggle,KFC_v2,static,0.4872881355932203,0.9124087591240876
haggle,KFC_v2,static,0.487758945386064,0.9124087591240876
haggle,KFC_v2,static,0.4882297551789077,0.9124087591240876
haggle,KFC_v2,static,0.4887005649717514,0.9124087591240876
haggle,KFC_v2,static,0.4891713747645951,0.9124087591240876
haggle,KFC_v2,static,0.4896421845574388,0.9124087591240876
haggle,KFC_v2,static,0.49011299435028244,0.9124087591240876
haggle,KFC_v2,static,0.49058380414312613,0.9124087591240876
haggle,KFC_v2,static,0.49105461393596983,0.9124087591240876
haggle,KFC_v2,static,0.4915254237288135,0.9124087591240876
haggle,KFC_v2,static,0.4919962335216572,0.9124087591240876
haggle,KFC_v2,static,0.4924670433145009,0.9124087591240876
haggle,KFC_v2,static,0.4929378531073446,0.9124087591240876
haggle,KFC_v2,static,0.4934086629001883,0.9124087591240876
haggle,KFC_v2,static,0.493879472693032,0.9124087591240876
haggle,KFC_v2,static,0.4943502824858757,0.9124087591240876
haggle,KFC_v2,static,0.4948210922787194,0.9124087591240876
haggle,KFC_v2,static,0.4952919020715631,0.9124087591240876
haggle,KFC_v2,static,0.49576271186440674,0.9124087591240876
haggle,KFC_v2,static,0.49623352165725043,0.9124087591240876
haggle,KFC_v2,static,0.4967043314500941,0.9124087591240876
haggle,KFC_v2,static,0.4971751412429378,0.9124087591240876
haggle,KFC_v2,static,0.4976459510357815,0.9124087591240876
haggle,KFC_v2,static,0.4981167608286252,0.9124087591240876
haggle,KFC_v2,static,0.4985875706214689,0.9124087591240876
haggle,KFC_v2,static,0.4990583804143126,0.9124087591240876
haggle,KFC_v2,static,0.4995291902071563,0.9124087591240876
haggle,KFC_v2,static,0.5,0.9124087591240876
haggle,KFC_v2,static,0.5004708097928436,0.9124087591240876
haggle,KFC_v2,static,0.5009416195856874,0.9124087591240876
haggle,KFC_v2,static,0.501412429378531,0.9124087591240876
haggle,KFC_v2,static,0.5018832391713748,0.9124087591240876
haggle,KFC_v2,static,0.5023540489642184,0.9124087591240876
haggle,KFC_v2,static,0.5028248587570622,0.9124087591240876
haggle,KFC_v2,static,0.5032956685499058,0.9124087591240876
haggle,KFC_v2,static,0.5037664783427495,0.9124087591240876
haggle,KFC_v2,static,0.5042372881355932,0.9124087591240876
haggle,KFC_v2,static,0.5047080979284368,0.9124087591240876
haggle,KFC_v2,static,0.5051789077212806,0.9124087591240876
haggle,KFC_v2,static,0.5056497175141242,0.9124087591240876
haggle,KFC_v2,static,0.506120527306968,0.9124087591240876
haggle,KFC_v2,static,0.5065913370998116,0.9124087591240876
haggle,KFC_v2,static,0.5070621468926554,0.9124087591240876
haggle,KFC_v2,static,0.507532956685499,0.9124087591240876
haggle,KFC_v2,static,0.5080037664783428,0.9124087591240876
haggle,KFC_v2,static,0.5084745762711864,0.9124087591240876
haggle,KFC_v2,static,0.5089453860640301,0.9124087591240876
haggle,KFC_v2,static,0.5094161958568738,0.9124087591240876
haggle,KFC_v2,static,0.5098870056497175,0.9124087591240876
haggle,KFC_v2,static,0.5103578154425612,0.9124087591240876
haggle,KFC_v2,static,0.5108286252354048,0.9124087591240876
haggle,KFC_v2,static,0.5112994350282486,0.9124087591240876
haggle,KFC_v2,static,0.5117702448210922,0.9124087591240876
haggle,KFC_v2,static,0.512241054613936,0.9124087591240876
haggle,KFC_v2,static,0.5127118644067796,0.9124087591240876
haggle,KFC_v2,static,0.5131826741996234,0.9124087591240876
haggle,KFC_v2,static,0.513653483992467,0.9124087591240876
haggle,KFC_v2,static,0.5141242937853107,0.9124087591240876
haggle,KFC_v2,static,0.5145951035781544,0.9124087591240876
haggle,KFC_v2,static,0.515065913370998,0.9124087591240876
haggle,KFC_v2,static,0.5155367231638418,0.9124087591240876
haggle,KFC_v2,static,0.5160075329566854,0.9124087591240876
haggle,KFC_v2,static,0.5164783427495292,0.9124087591240876
haggle,KFC_v2,static,0.5169491525423728,0.9124087591240876
haggle,KFC_v2,static,0.5174199623352166,0.9124087591240876
haggle,KFC_v2,static,0.5178907721280602,0.9124087591240876
haggle,KFC_v2,static,0.518361581920904,0.9124087591240876
haggle,KFC_v2,static,0.5188323917137476,0.9124087591240876
haggle,KFC_v2,static,0.5193032015065913,0.9124087591240876
haggle,KFC_v2,static,0.519774011299435,0.9124087591240876
haggle,KFC_v2,static,0.5202448210922787,0.9124087591240876
haggle,KFC_v2,static,0.5207156308851224,0.9124087591240876
haggle,KFC_v2,static,0.521186440677966,0.9124087591240876
haggle,KFC_v2,static,0.5216572504708098,0.9124087591240876
haggle,KFC_v2,static,0.5221280602636534,0.9124087591240876
haggle,KFC_v2,static,0.5225988700564972,0.9124087591240876
haggle,KFC_v2,static,0.5230696798493408,0.9124087591240876
haggle,KFC_v2,static,0.5235404896421846,0.9124087591240876
haggle,KFC_v2,static,0.5240112994350282,0.9124087591240876
haggle,KFC_v2,static,0.524482109227872,0.9124087591240876
haggle,KFC_v2,static,0.5249529190207156,0.9124087591240876
haggle,KFC_v2,static,0.5254237288135593,0.9124087591240876
haggle,KFC_v2,static,0.525894538606403,0.9124087591240876
haggle,KFC_v2,static,0.5263653483992466,0.9124087591240876
haggle,KFC_v2,static,0.5268361581920904,0.9124087591240876
haggle,KFC_v2,static,0.527306967984934,0.9124087591240876
haggle,KFC_v2,static,0.5277777777777778,0.9124087591240876
haggle,KFC_v2,static,0.5282485875706214,0.9124087591240876
haggle,KFC_v2,static,0.5287193973634652,0.9124087591240876
haggle,KFC_v2,static,0.5291902071563088,0.9124087591240876
haggle,KFC_v2,static,0.5296610169491526,0.9124087591240876
haggle,KFC_v2,static,0.5301318267419962,0.9124087591240876
haggle,KFC_v2,static,0.5306026365348399,0.9124087591240876
haggle,KFC_v2,static,0.5310734463276836,0.9124087591240876
haggle,KFC_v2,static,0.5315442561205272,0.9124087591240876
haggle,KFC_v2,static,0.532015065913371,0.9124087591240876
haggle,KFC_v2,static,0.5324858757062146,0.9124087591240876
haggle,KFC_v2,static,0.5329566854990584,0.9124087591240876
haggle,KFC_v2,static,0.533427495291902,0.9124087591240876
haggle,KFC_v2,static,0.5338983050847458,0.9124087591240876
haggle,KFC_v2,static,0.5343691148775894,0.9124087591240876
haggle,KFC_v2,static,0.5348399246704332,0.9124087591240876
haggle,KFC_v2,static,0.5353107344632768,0.9124087591240876
haggle,KFC_v2,static,0.5357815442561205,0.9124087591240876
haggle,KFC_v2,static,0.5362523540489642,0.9124087591240876
haggle,KFC_v2,static,0.5367231638418078,0.9124087591240876
haggle,KFC_v2,static,0.5371939736346516,0.9124087591240876
haggle,KFC_v2,static,0.5376647834274952,0.9124087591240876
haggle,KFC_v2,static,0.538135593220339,0.9124087591240876
haggle,KFC_v2,static,0.5386064030131826,0.9124087591240876
haggle,KFC_v2,static,0.5390772128060264,0.9124087591240876
haggle,KFC_v2,static,0.53954802259887,0.9124087591240876
haggle,KFC_v2,static,0.5400188323917138,0.9124087591240876
haggle,KFC_v2,static,0.5404896421845574,0.9124087591240876
haggle,KFC_v2,static,0.5409604519774011,0.9124087591240876
haggle,KFC_v2,static,0.5414312617702448,0.9124087591240876
haggle,KFC_v2,static,0.5419020715630884,0.9124087591240876
haggle,KFC_v2,static,0.5423728813559322,0.9124087591240876
haggle,KFC_v2,static,0.5428436911487758,0.9124087591240876
haggle,KFC_v2,static,0.5433145009416196,0.9124087591240876
haggle,KFC_v2,static,0.5437853107344632,0.9124087591240876
haggle,KFC_v2,static,0.544256120527307,0.9124087591240876
haggle,KFC_v2,static,0.5447269303201506,0.9124087591240876
haggle,KFC_v2,static,0.5451977401129944,0.9124087591240876
haggle,KFC_v2,static,0.545668549905838,0.9124087591240876
haggle,KFC_v2,static,0.5461393596986817,0.9124087591240876
haggle,KFC_v2,static,0.5466101694915254,0.9124087591240876
haggle,KFC_v2,static,0.547080979284369,0.9124087591240876
haggle,KFC_v2,static,0.5475517890772128,0.9124087591240876
haggle,KFC_v2,static,0.5480225988700564,0.9124087591240876
haggle,KFC_v2,static,0.5484934086629002,0.9124087591240876
haggle,KFC_v2,static,0.5489642184557438,0.9124087591240876
haggle,KFC_v2,static,0.5494350282485876,0.9124087591240876
haggle,KFC_v2,static,0.5499058380414312,0.9124087591240876
haggle,KFC_v2,static,0.550376647834275,0.9124087591240876
haggle,KFC_v2,static,0.5508474576271186,0.9124087591240876
haggle,KFC_v2,static,0.5513182674199623,0.9124087591240876
haggle,KFC_v2,static,0.551789077212806,0.9124087591240876
haggle,KFC_v2,static,0.5522598870056497,0.9124087591240876
haggle,KFC_v2,static,0.5527306967984934,0.9124087591240876
haggle,KFC_v2,static,0.553201506591337,0.9124087591240876
haggle,KFC_v2,static,0.5536723163841808,0.9124087591240876
haggle,KFC_v2,static,0.5541431261770244,0.9124087591240876
haggle,KFC_v2,static,0.5546139359698682,0.9124087591240876
haggle,KFC_v2,static,0.5550847457627118,0.9124087591240876
haggle,KFC_v2,static,0.5555555555555556,0.9124087591240876
haggle,KFC_v2,static,0.5560263653483992,0.9124087591240876
haggle,KFC_v2,static,0.5564971751412429,0.9124087591240876
haggle,KFC_v2,static,0.5569679849340866,0.9124087591240876
haggle,KFC_v2,static,0.5574387947269303,0.9124087591240876
haggle,KFC_v2,static,0.557909604519774,0.9124087591240876
haggle,KFC_v2,static,0.5583804143126176,0.9124087591240876
haggle,KFC_v2,static,0.5588512241054614,0.9124087591240876
haggle,KFC_v2,static,0.559322033898305,0.9124087591240876
haggle,KFC_v2,static,0.5597928436911488,0.9124087591240876
haggle,KFC_v2,static,0.5602636534839924,0.9124087591240876
haggle,KFC_v2,static,0.5607344632768362,0.9124087591240876
haggle,KFC_v2,static,0.5612052730696798,0.9124087591240876
haggle,KFC_v2,static,0.5616760828625235,0.9124087591240876
haggle,KFC_v2,static,0.5621468926553672,0.9124087591240876
haggle,KFC_v2,static,0.5626177024482109,0.9124087591240876
haggle,KFC_v2,static,0.5630885122410546,0.9124087591240876
haggle,KFC_v2,static,0.5635593220338982,0.9124087591240876
haggle,KFC_v2,static,0.564030131826742,0.9124087591240876
haggle,KFC_v2,static,0.5645009416195856,0.9124087591240876
haggle,KFC_v2,static,0.5649717514124294,0.9124087591240876
haggle,KFC_v2,static,0.565442561205273,0.9124087591240876
haggle,KFC_v2,static,0.5659133709981168,0.9124087591240876
haggle,KFC_v2,static,0.5663841807909604,0.9124087591240876
haggle,KFC_v2,static,0.5668549905838042,0.9124087591240876
haggle,KFC_v2,static,0.5673258003766478,0.9124087591240876
haggle,KFC_v2,static,0.5677966101694915,0.9124087591240876
haggle,KFC_v2,static,0.5682674199623352,0.9124087591240876
haggle,KFC_v2,static,0.5687382297551788,0.9124087591240876
haggle,KFC_v2,static,0.5692090395480226,0.9124087591240876
haggle,KFC_v2,static,0.5696798493408662,0.9124087591240876
haggle,KFC_v2,static,0.57015065913371,0.9124087591240876
haggle,KFC_v2,static,0.5706214689265536,0.9124087591240876
haggle,KFC_v2,static,0.5710922787193974,0.9124087591240876
haggle,KFC_v2,static,0.571563088512241,0.9124087591240876
haggle,KFC_v2,static,0.5720338983050848,0.9124087591240876
haggle,KFC_v2,static,0.5725047080979284,0.9124087591240876
haggle,KFC_v2,static,0.5729755178907721,0.9124087591240876
haggle,KFC_v2,static,0.5734463276836158,0.9124087591240876
haggle,KFC_v2,static,0.5739171374764594,0.9124087591240876
haggle,KFC_v2,static,0.5743879472693032,0.9124087591240876
haggle,KFC_v2,static,0.5748587570621468,0.9124087591240876
haggle,KFC_v2,static,0.5753295668549906,0.9124087591240876
haggle,KFC_v2,static,0.5758003766478342,0.9124087591240876
haggle,KFC_v2,static,0.576271186440678,0.9124087591240876
haggle,KFC_v2,static,0.5767419962335216,0.9124087591240876
haggle,KFC_v2,static,0.5772128060263654,0.9124087591240876
haggle,KFC_v2,static,0.577683615819209,0.9124087591240876
haggle,KFC_v2,static,0.5781544256120527,0.9124087591240876
haggle,KFC_v2,static,0.5786252354048964,0.9124087591240876
haggle,KFC_v2,static,0.57909604519774,0.9124087591240876
haggle,KFC_v2,static,0.5795668549905838,0.9124087591240876
haggle,KFC_v2,static,0.5800376647834274,0.9124087591240876
haggle,KFC_v2,static,0.5805084745762712,0.9124087591240876
haggle,KFC_v2,static,0.5809792843691148,0.9124087591240876
haggle,KFC_v2,static,0.5814500941619586,0.9124087591240876
haggle,KFC_v2,static,0.5819209039548022,0.9124087591240876
haggle,KFC_v2,static,0.582391713747646,0.9124087591240876
haggle,KFC_v2,static,0.5828625235404896,0.9124087591240876
haggle,KFC_v2,static,0.5833333333333333,0.9124087591240876
haggle,KFC_v2,static,0.583804143126177,0.9124087591240876
haggle,KFC_v2,static,0.5842749529190207,0.9124087591240876
haggle,KFC_v2,static,0.5847457627118644,0.9124087591240876
haggle,KFC_v2,static,0.585216572504708,0.9124087591240876
haggle,KFC_v2,static,0.5856873822975518,0.9124087591240876
haggle,KFC_v2,static,0.5861581920903954,0.9124087591240876
haggle,KFC_v2,static,0.5866290018832392,0.9124087591240876
haggle,KFC_v2,static,0.5870998116760828,0.9124087591240876
haggle,KFC_v2,static,0.5875706214689266,0.9124087591240876
haggle,KFC_v2,static,0.5880414312617702,0.9124087591240876
haggle,KFC_v2,static,0.5885122410546139,0.9124087591240876
haggle,KFC_v2,static,0.5889830508474576,0.9124087591240876
haggle,KFC_v2,static,0.5894538606403013,0.9124087591240876
haggle,KFC_v2,static,0.589924670433145,0.9124087591240876
haggle,KFC_v2,static,0.5903954802259886,0.9124087591240876
haggle,KFC_v2,static,0.5908662900188324,0.9124087591240876
haggle,KFC_v2,static,0.591337099811676,0.9124087591240876
haggle,KFC_v2,static,0.5918079096045198,0.9124087591240876
haggle,KFC_v2,static,0.5922787193973634,0.9124087591240876
haggle,KFC_v2,static,0.5927495291902072,0.9124087591240876
haggle,KFC_v2,static,0.5932203389830508,0.9124087591240876
haggle,KFC_v2,static,0.5936911487758945,0.9124087591240876
haggle,KFC_v2,static,0.5941619585687382,0.9124087591240876
haggle,KFC_v2,static,0.5946327683615819,0.9124087591240876
haggle,KFC_v2,static,0.5951035781544256,0.9124087591240876
haggle,KFC_v2,static,0.5955743879472692,0.9124087591240876
haggle,KFC_v2,static,0.596045197740113,0.9124087591240876
haggle,KFC_v2,static,0.5965160075329566,0.9124087591240876
haggle,KFC_v2,static,0.5969868173258004,0.9124087591240876
haggle,KFC_v2,static,0.597457627118644,0.9124087591240876
haggle,KFC_v2,static,0.5979284369114878,0.9124087591240876
haggle,KFC_v2,static,0.5983992467043314,0.9124087591240876
haggle,KFC_v2,static,0.5988700564971751,0.9124087591240876
haggle,KFC_v2,static,0.5993408662900188,0.9124087591240876
haggle,KFC_v2,static,0.5998116760828625,0.9124087591240876
haggle,KFC_v2,static,0.6002824858757062,0.9124087591240876
haggle,KFC_v2,static,0.6007532956685498,0.9124087591240876
haggle,KFC_v2,static,0.6012241054613936,0.9124087591240876
haggle,KFC_v2,static,0.6016949152542372,0.9124087591240876
haggle,KFC_v2,static,0.602165725047081,0.9124087591240876
haggle,KFC_v2,static,0.6026365348399246,0.9124087591240876
haggle,KFC_v2,static,0.6031073446327684,0.9124087591240876
haggle,KFC_v2,static,0.603578154425612,0.9124087591240876
haggle,KFC_v2,static,0.6040489642184557,0.9124087591240876
haggle,KFC_v2,static,0.6045197740112994,0.9124087591240876
haggle,KFC_v2,static,0.6049905838041431,0.9124087591240876
haggle,KFC_v2,static,0.6054613935969868,0.9124087591240876
haggle,KFC_v2,static,0.6059322033898304,0.9124087591240876
haggle,KFC_v2,static,0.6064030131826742,0.9124087591240876
haggle,KFC_v2,static,0.6068738229755178,0.9124087591240876
haggle,KFC_v2,static,0.6073446327683616,0.9124087591240876
haggle,KFC_v2,static,0.6078154425612052,0.9124087591240876
haggle,KFC_v2,static,0.608286252354049,0.9124087591240876
haggle,KFC_v2,static,0.6087570621468926,0.9124087591240876
haggle,KFC_v2,static,0.6092278719397364,0.9124087591240876
haggle,KFC_v2,static,0.60969868173258,0.9124087591240876
haggle,KFC_v2,static,0.6101694915254237,0.9124087591240876
haggle,KFC_v2,static,0.6106403013182674,0.9124087591240876
haggle,KFC_v2,static,0.611111111111111,0.9124087591240876
haggle,KFC_v2,static,0.6115819209039548,0.9124087591240876
haggle,KFC_v2,static,0.6120527306967984,0.9124087591240876
haggle,KFC_v2,static,0.6125235404896422,0.9124087591240876
haggle,KFC_v2,static,0.6129943502824858,0.9124087591240876
haggle,KFC_v2,static,0.6134651600753296,0.9124087591240876
haggle,KFC_v2,static,0.6139359698681732,0.9124087591240876
haggle,KFC_v2,static,0.614406779661017,0.9124087591240876
haggle,KFC_v2,static,0.6148775894538606,0.9124087591240876
haggle,KFC_v2,static,0.6153483992467043,0.9124087591240876
haggle,KFC_v2,static,0.615819209039548,0.9124087591240876
haggle,KFC_v2,static,0.6162900188323917,0.9124087591240876
haggle,KFC_v2,static,0.6167608286252354,0.9124087591240876
haggle,KFC_v2,static,0.617231638418079,0.9124087591240876
haggle,KFC_v2,static,0.6177024482109228,0.9124087591240876
haggle,KFC_v2,static,0.6181732580037664,0.9124087591240876
haggle,KFC_v2,static,0.6186440677966102,0.9124087591240876
haggle,KFC_v2,static,0.6191148775894538,0.9124087591240876
haggle,KFC_v2,static,0.6195856873822976,0.9124087591240876
haggle,KFC_v2,static,0.6200564971751412,0.9124087591240876
haggle,KFC_v2,static,0.6205273069679849,0.9124087591240876
haggle,KFC_v2,static,0.6209981167608286,0.9124087591240876
haggle,KFC_v2,static,0.6214689265536723,0.9124087591240876
haggle,KFC_v2,static,0.621939736346516,0.9124087591240876
haggle,KFC_v2,static,0.6224105461393596,0.9124087591240876
haggle,KFC_v2,static,0.6228813559322034,0.9124087591240876
haggle,KFC_v2,static,0.623352165725047,0.9124087591240876
haggle,KFC_v2,static,0.6238229755178908,0.9124087591240876
haggle,KFC_v2,static,0.6242937853107344,0.9124087591240876
haggle,KFC_v2,static,0.6247645951035782,0.9124087591240876
haggle,KFC_v2,static,0.6252354048964218,0.9124087591240876
haggle,KFC_v2,static,0.6257062146892655,0.9124087591240876
haggle,KFC_v2,static,0.6261770244821092,0.9124087591240876
haggle,KFC_v2,static,0.6266478342749529,0.9124087591240876
haggle,KFC_v2,static,0.6271186440677966,0.9124087591240876
haggle,KFC_v2,static,0.6275894538606402,0.9124087591240876
haggle,KFC_v2,static,0.628060263653484,0.9124087591240876
haggle,KFC_v2,static,0.6285310734463276,0.9124087591240876
haggle,KFC_v2,static,0.6290018832391714,0.9124087591240876
haggle,KFC_v2,static,0.629472693032015,0.9124087591240876
haggle,KFC_v2,static,0.6299435028248588,0.9124087591240876
haggle,KFC_v2,static,0.6304143126177024,0.9124087591240876
haggle,KFC_v2,static,0.6308851224105461,0.9124087591240876
haggle,KFC_v2,static,0.6313559322033898,0.9124087591240876
haggle,KFC_v2,static,0.6318267419962335,0.9124087591240876
haggle,KFC_v2,static,0.6322975517890772,0.9124087591240876
haggle,KFC_v2,static,0.6327683615819208,0.9124087591240876
haggle,KFC_v2,static,0.6332391713747646,0.9124087591240876
haggle,KFC_v2,static,0.6337099811676082,0.9124087591240876
haggle,KFC_v2,static,0.634180790960452,0.9124087591240876
haggle,KFC_v2,static,0.6346516007532956,0.9124087591240876
haggle,KFC_v2,static,0.6351224105461394,0.9124087591240876
haggle,KFC_v2,static,0.635593220338983,0.9124087591240876
haggle,KFC_v2,static,0.6360640301318267,0.9124087591240876
haggle,KFC_v2,static,0.6365348399246704,0.9124087591240876
haggle,KFC_v2,static,0.637005649717514,0.9124087591240876
haggle,KFC_v2,static,0.6374764595103578,0.9124087591240876
haggle,KFC_v2,static,0.6379472693032014,0.9124087591240876
haggle,KFC_v2,static,0.6384180790960452,0.9124087591240876
haggle,KFC_v2,static,0.6388888888888888,0.9124087591240876
haggle,KFC_v2,static,0.6393596986817326,0.9124087591240876
haggle,KFC_v2,static,0.6398305084745762,0.9124087591240876
haggle,KFC_v2,static,0.64030131826742,0.9124087591240876
haggle,KFC_v2,static,0.6407721280602636,0.9124087591240876
haggle,KFC_v2,static,0.6412429378531073,0.9124087591240876
haggle,KFC_v2,static,0.641713747645951,0.9124087591240876
haggle,KFC_v2,static,0.6421845574387947,0.9124087591240876
haggle,KFC_v2,static,0.6426553672316384,0.9124087591240876
haggle,KFC_v2,static,0.643126177024482,0.9124087591240876
haggle,KFC_v2,static,0.6435969868173258,0.9124087591240876
haggle,KFC_v2,static,0.6440677966101694,0.9124087591240876
haggle,KFC_v2,static,0.6445386064030132,0.9124087591240876
haggle,KFC_v2,static,0.6450094161958568,0.9124087591240876
haggle,KFC_v2,static,0.6454802259887006,0.9124087591240876
haggle,KFC_v2,static,0.6459510357815442,0.9124087591240876
haggle,KFC_v2,static,0.6464218455743879,0.9124087591240876
haggle,KFC_v2,static,0.6468926553672316,0.9124087591240876
haggle,KFC_v2,static,0.6473634651600753,0.9124087591240876
haggle,KFC_v2,static,0.647834274952919,0.9124087591240876
haggle,KFC_v2,static,0.6483050847457626,0.9124087591240876
haggle,KFC_v2,static,0.6487758945386064,0.9124087591240876
haggle,KFC_v2,static,0.64924670433145,0.9124087591240876
haggle,KFC_v2,static,0.6497175141242938,0.9124087591240876
haggle,KFC_v2,static,0.6501883239171374,0.9124087591240876
haggle,KFC_v2,static,0.6506591337099812,0.9124087591240876
haggle,KFC_v2,static,0.6511299435028248,0.9124087591240876
haggle,KFC_v2,static,0.6516007532956686,0.9124087591240876
haggle,KFC_v2,static,0.6520715630885122,0.9124087591240876
haggle,KFC_v2,static,0.6525423728813559,0.9124087591240876
haggle,KFC_v2,static,0.6530131826741996,0.9124087591240876
haggle,KFC_v2,static,0.6534839924670433,0.9124087591240876
haggle,KFC_v2,static,0.653954802259887,0.9124087591240876
haggle,KFC_v2,static,0.6544256120527306,0.9124087591240876
haggle,KFC_v2,static,0.6548964218455744,0.9124087591240876
haggle,KFC_v2,static,0.655367231638418,0.9124087591240876
haggle,KFC_v2,static,0.6558380414312618,0.9124087591240876
haggle,KFC_v2,static,0.6563088512241054,0.9124087591240876
haggle,KFC_v2,static,0.6567796610169492,0.9124087591240876
haggle,KFC_v2,static,0.6572504708097928,0.9124087591240876
haggle,KFC_v2,static,0.6577212806026365,0.9124087591240876
haggle,KFC_v2,static,0.6581920903954802,0.9124087591240876
haggle,KFC_v2,static,0.6586629001883239,0.9124087591240876
haggle,KFC_v2,static,0.6591337099811676,0.9124087591240876
haggle,KFC_v2,static,0.6596045197740112,0.9124087591240876
haggle,KFC_v2,static,0.660075329566855,0.9124087591240876
haggle,KFC_v2,static,0.6605461393596986,0.9124087591240876
haggle,KFC_v2,static,0.6610169491525424,0.9124087591240876
haggle,KFC_v2,static,0.661487758945386,0.9124087591240876
haggle,KFC_v2,static,0.6619585687382298,0.9124087591240876
haggle,KFC_v2,static,0.6624293785310734,0.9124087591240876
haggle,KFC_v2,static,0.6629001883239171,0.9124087591240876
haggle,KFC_v2,static,0.6633709981167608,0.9124087591240876
haggle,KFC_v2,static,0.6638418079096045,0.9124087591240876
haggle,KFC_v2,static,0.6643126177024482,0.9124087591240876
haggle,KFC_v2,static,0.6647834274952918,0.9124087591240876
haggle,KFC_v2,static,0.6652542372881356,0.9124087591240876
haggle,KFC_v2,static,0.6657250470809792,0.9124087591240876
haggle,KFC_v2,static,0.666195856873823,0.9124087591240876
haggle,KFC_v2,static,0.6666666666666666,0.9124087591240876
haggle,KFC_v2,static,0.6671374764595104,0.9124087591240876
haggle,KFC_v2,static,0.667608286252354,0.9124087591240876
haggle,KFC_v2,static,0.6680790960451977,0.9124087591240876
haggle,KFC_v2,static,0.6685499058380414,0.9124087591240876
haggle,KFC_v2,static,0.669020715630885,0.9124087591240876
haggle,KFC_v2,static,0.6694915254237288,0.9124087591240876
haggle,KFC_v2,static,0.6699623352165724,0.9124087591240876
haggle,KFC_v2,static,0.6704331450094162,0.9124087591240876
haggle,KFC_v2,static,0.6709039548022598,0.9124087591240876
haggle,KFC_v2,static,0.6713747645951036,0.9124087591240876
haggle,KFC_v2,static,0.6718455743879472,0.9124087591240876
haggle,KFC_v2,static,0.672316384180791,0.7408759124087592
haggle,KFC_v2,static,0.6727871939736346,0.7408759124087592
haggle,KFC_v2,static,0.6732580037664783,0.7408759124087592
haggle,KFC_v2,static,0.673728813559322,0.7408759124087592
haggle,KFC_v2,static,0.6741996233521657,0.7408759124087592
haggle,KFC_v2,static,0.6746704331450094,0.7408759124087592
haggle,KFC_v2,static,0.675141242937853,0.7408759124087592
haggle,KFC_v2,static,0.6756120527306968,0.7408759124087592
haggle,KFC_v2,static,0.6760828625235404,0.7408759124087592
haggle,KFC_v2,static,0.6765536723163842,0.7408759124087592
haggle,KFC_v2,static,0.6770244821092278,0.7408759124087592
haggle,KFC_v2,static,0.6774952919020716,0.7408759124087592
haggle,KFC_v2,static,0.6779661016949152,0.7408759124087592
haggle,KFC_v2,static,0.6784369114877589,0.7408759124087592
haggle,KFC_v2,static,0.6789077212806026,0.7408759124087592
haggle,KFC_v2,static,0.6793785310734463,0.7408759124087592
haggle,KFC_v2,static,0.67984934086629,0.7408759124087592
haggle,KFC_v2,static,0.6803201506591336,0.7408759124087592
haggle,KFC_v2,static,0.6807909604519774,0.7408759124087592
haggle,KFC_v2,static,0.681261770244821,0.7408759124087592
haggle,KFC_v2,static,0.6817325800376648,0.5875912408759124
haggle,KFC_v2,static,0.6822033898305084,0.5875912408759124
haggle,KFC_v2,static,0.6826741996233522,0.5875912408759124
haggle,KFC_v2,static,0.6831450094161958,0.5875912408759124
haggle,KFC_v2,static,0.6836158192090395,0.5875912408759124
haggle,KFC_v2,static,0.6840866290018832,0.5875912408759124
haggle,KFC_v2,static,0.6845574387947269,0.5875912408759124
haggle,KFC_v2,static,0.6850282485875706,0.5875912408759124
haggle,KFC_v2,static,0.6854990583804143,0.5875912408759124
haggle,KFC_v2,static,0.685969868173258,0.5875912408759124
haggle,KFC_v2,static,0.6864406779661016,0.5875912408759124
haggle,KFC_v2,static,0.6869114877589454,0.5875912408759124
haggle,KFC_v2,static,0.687382297551789,0.5875912408759124
haggle,KFC_v2,static,0.6878531073446328,0.5875912408759124
haggle,KFC_v2,static,0.6883239171374764,0.5875912408759124
haggle,KFC_v2,static,0.6887947269303201,0.5875912408759124
haggle,KFC_v2,static,0.6892655367231638,0.5875912408759124
haggle,KFC_v2,static,0.6897363465160075,0.5875912408759124
haggle,KFC_v2,static,0.6902071563088512,0.5875912408759124
haggle,KFC_v2,static,0.6906779661016949,0.5875912408759124
haggle,KFC_v2,static,0.6911487758945386,0.5875912408759124
haggle,KFC_v2,static,0.6916195856873822,0.5875912408759124
haggle,KFC_v2,static,0.692090395480226,0.5875912408759124
haggle,KFC_v2,static,0.6925612052730696,0.5875912408759124
haggle,KFC_v2,static,0.6930320150659134,0.5875912408759124
haggle,KFC_v2,static,0.693502824858757,0.5875912408759124
haggle,KFC_v2,static,0.6939736346516008,0.42700729927007297
haggle,KFC_v2,static,0.6944444444444444,0.2591240875912409
haggle,KFC_v2,static,0.6949152542372881,0.2591240875912409
haggle,KFC_v2,static,0.6953860640301318,0.17153284671532848
haggle,KFC_v2,static,0.6958568738229755,0.17153284671532848
haggle,KFC_v2,static,0.6963276836158192,0.17153284671532848
haggle,KFC_v2,static,0.6967984934086628,0.17153284671532848
haggle,KFC_v2,static,0.6972693032015066,0.17153284671532848
haggle,KFC_v2,static,0.6977401129943502,0.17153284671532848
haggle,KFC_v2,static,0.698210922787194,0.17153284671532848
haggle,KFC_v2,static,0.6986817325800376,0.17153284671532848
haggle,KFC_v2,static,0.6991525423728814,0.17153284671532848
haggle,KFC_v2,static,0.699623352165725,0.17153284671532848
haggle,KFC_v2,static,0.7000941619585687,0.17153284671532848
haggle,KFC_v2,static,0.7005649717514124,0.17153284671532848
haggle,KFC_v2,static,0.701035781544256,0.17153284671532848
haggle,KFC_v2,static,0.7015065913370998,0.17153284671532848
haggle,KFC_v2,static,0.7019774011299434,0.17153284671532848
haggle,KFC_v2,static,0.7024482109227872,0.17153284671532848
haggle,KFC_v2,static,0.7029190207156308,0.17153284671532848
haggle,KFC_v2,static,0.7033898305084746,0.17153284671532848
haggle,KFC_v2,static,0.7038606403013182,0.17153284671532848
haggle,KFC_v2,static,0.704331450094162,0.17153284671532848
haggle,KFC_v2,static,0.7048022598870056,0.17153284671532848
haggle,KFC_v2,static,0.7052730696798493,0.17153284671532848
haggle,KFC_v2,static,0.705743879472693,0.17153284671532848
haggle,KFC_v2,static,0.7062146892655367,0.17153284671532848
haggle,KFC_v2,static,0.7066854990583804,0.17153284671532848
haggle,KFC_v2,static,0.707156308851224,0.17153284671532848
haggle,KFC_v2,static,0.7076271186440678,0.17153284671532848
haggle,KFC_v2,static,0.7080979284369114,0.17153284671532848
haggle,KFC_v2,static,0.7085687382297552,0.17153284671532848
haggle,KFC_v2,static,0.7090395480225988,0.17153284671532848
haggle,KFC_v2,static,0.7095103578154426,0.1678832116788321
haggle,KFC_v2,static,0.7099811676082862,0.16423357664233576
haggle,KFC_v2,static,0.7104519774011299,0.16058394160583941
haggle,KFC_v2,static,0.7109227871939736,0.15693430656934307
haggle,KFC_v2,static,0.7113935969868173,0.15693430656934307
haggle,KFC_v2,static,0.711864406779661,0.15693430656934307
haggle,KFC_v2,static,0.7123352165725046,0.15693430656934307
haggle,KFC_v2,static,0.7128060263653484,0.15693430656934307
haggle,KFC_v2,static,0.713276836158192,0.15693430656934307
haggle,KFC_v2,static,0.7137476459510358,0.15693430656934307
haggle,KFC_v2,static,0.7142184557438794,0.15693430656934307
haggle,KFC_v2,static,0.7146892655367232,0.15693430656934307
haggle,KFC_v2,static,0.7151600753295668,0.15693430656934307
haggle,KFC_v2,static,0.7156308851224105,0.15693430656934307
haggle,KFC_v2,static,0.7161016949152542,0.15693430656934307
haggle,KFC_v2,static,0.7165725047080979,0.15693430656934307
haggle,KFC_v2,static,0.7170433145009416,0.15693430656934307
haggle,KFC_v2,static,0.7175141242937852,0.15693430656934307
haggle,KFC_v2,static,0.717984934086629,0.15693430656934307
haggle,KFC_v2,static,0.7184557438794726,0.15693430656934307
haggle,KFC_v2,static,0.7189265536723164,0.15693430656934307
haggle,KFC_v2,static,0.71939736346516,0.15693430656934307
haggle,KFC_v2,static,0.7198681732580038,0.15693430656934307
haggle,KFC_v2,static,0.7203389830508474,0.15693430656934307
haggle,KFC_v2,static,0.7208097928436911,0.15693430656934307
haggle,KFC_v2,static,0.7212806026365348,0.15693430656934307
haggle,KFC_v2,static,0.7217514124293785,0.15693430656934307
haggle,KFC_v2,static,0.7222222222222222,0.15693430656934307
haggle,KFC_v2,static,0.7226930320150659,0.15693430656934307
haggle,KFC_v2,static,0.7231638418079096,0.15693430656934307
haggle,KFC_v2,static,0.7236346516007532,0.15693430656934307
haggle,KFC_v2,static,0.724105461393597,0.15693430656934307
haggle,KFC_v2,static,0.7245762711864406,0.15693430656934307
haggle,KFC_v2,static,0.7250470809792844,0.15693430656934307
haggle,KFC_v2,static,0.725517890772128,0.15693430656934307
haggle,KFC_v2,static,0.7259887005649717,0.15693430656934307
haggle,KFC_v2,static,0.7264595103578154,0.15693430656934307
haggle,KFC_v2,static,0.7269303201506591,0.15693430656934307
haggle,KFC_v2,static,0.7274011299435028,0.15328467153284672
haggle,KFC_v2,static,0.7278719397363465,0.15328467153284672
haggle,KFC_v2,static,0.7283427495291902,0.15328467153284672
haggle,KFC_v2,static,0.7288135593220338,0.14963503649635038
haggle,KFC_v2,static,0.7292843691148776,0.14963503649635038
haggle,KFC_v2,static,0.7297551789077212,0.14963503649635038
haggle,KFC_v2,static,0.730225988700565,0.14963503649635038
haggle,KFC_v2,static,0.7306967984934086,0.14963503649635038
haggle,KFC_v2,static,0.7311676082862523,0.14963503649635038
haggle,KFC_v2,static,0.731638418079096,0.14963503649635038
haggle,KFC_v2,static,0.7321092278719397,0.14963503649635038
haggle,KFC_v2,static,0.7325800376647834,0.14963503649635038
haggle,KFC_v2,static,0.733050847457627,0.14963503649635038
haggle,KFC_v2,static,0.7335216572504708,0.14963503649635038
haggle,KFC_v2,static,0.7339924670433144,0.145985401459854
haggle,KFC_v2,static,0.7344632768361582,0.145985401459854
haggle,KFC_v2,static,0.7349340866290018,0.145985401459854
haggle,KFC_v2,static,0.7354048964218456,0.14233576642335766
haggle,KFC_v2,static,0.7358757062146892,0.14233576642335766
haggle,KFC_v2,static,0.736346516007533,0.14233576642335766
haggle,KFC_v2,static,0.7368173258003766,0.14233576642335766
haggle,KFC_v2,static,0.7372881355932203,0.14233576642335766
haggle,KFC_v2,static,0.737758945386064,0.14233576642335766
haggle,KFC_v2,static,0.7382297551789077,0.14233576642335766
haggle,KFC_v2,static,0.7387005649717514,0.14233576642335766
haggle,KFC_v2,static,0.739171374764595,0.14233576642335766
haggle,KFC_v2,static,0.7396421845574388,0.14233576642335766
haggle,KFC_v2,static,0.7401129943502824,0.14233576642335766
haggle,KFC_v2,static,0.7405838041431262,0.14233576642335766
haggle,KFC_v2,static,0.7410546139359698,0.14233576642335766
haggle,KFC_v2,static,0.7415254237288136,0.14233576642335766
haggle,KFC_v2,static,0.7419962335216572,0.14233576642335766
haggle,KFC_v2,static,0.7424670433145009,0.14233576642335766
haggle,KFC_v2,static,0.7429378531073446,0.14233576642335766
haggle,KFC_v2,static,0.7434086629001883,0.14233576642335766
haggle,KFC_v2,static,0.743879472693032,0.14233576642335766
haggle,KFC_v2,static,0.7443502824858756,0.14233576642335766
haggle,KFC_v2,static,0.7448210922787194,0.14233576642335766
haggle,KFC_v2,static,0.745291902071563,0.14233576642335766
haggle,KFC_v2,static,0.7457627118644068,0.14233576642335766
haggle,KFC_v2,static,0.7462335216572504,0.14233576642335766
haggle,KFC_v2,static,0.7467043314500942,0.14233576642335766
haggle,KFC_v2,static,0.7471751412429378,0.14233576642335766
haggle,KFC_v2,static,0.7476459510357815,0.1386861313868613
haggle,KFC_v2,static,0.7481167608286252,0.1386861313868613
haggle,KFC_v2,static,0.7485875706214689,0.1386861313868613
haggle,KFC_v2,static,0.7490583804143126,0.1386861313868613
haggle,KFC_v2,static,0.7495291902071562,0.1386861313868613
haggle,KFC_v2,static,0.75,0.1386861313868613
haggle,KFC_v2,static,0.7504708097928436,0.1386861313868613
haggle,KFC_v2,static,0.7509416195856874,0.1386861313868613
haggle,KFC_v2,static,0.751412429378531,0.1386861313868613
haggle,KFC_v2,static,0.7518832391713748,0.1386861313868613
haggle,KFC_v2,static,0.7523540489642184,0.1386861313868613
haggle,KFC_v2,static,0.7528248587570621,0.1386861313868613
haggle,KFC_v2,static,0.7532956685499058,0.1386861313868613
haggle,KFC_v2,static,0.7537664783427495,0.1386861313868613
haggle,KFC_v2,static,0.7542372881355932,0.1386861313868613
haggle,KFC_v2,static,0.7547080979284368,0.1386861313868613
haggle,KFC_v2,static,0.7551789077212806,0.1386861313868613
haggle,KFC_v2,static,0.7556497175141242,0.1386861313868613
haggle,KFC_v2,static,0.756120527306968,0.1386861313868613
haggle,KFC_v2,static,0.7565913370998116,0.1386861313868613
haggle,KFC_v2,static,0.7570621468926554,0.1386861313868613
haggle,KFC_v2,static,0.757532956685499,0.1386861313868613
haggle,KFC_v2,static,0.7580037664783427,0.1386861313868613
haggle,KFC_v2,static,0.7584745762711864,0.13503649635036497
haggle,KFC_v2,static,0.7589453860640301,0.13503649635036497
haggle,KFC_v2,static,0.7594161958568738,0.13503649635036497
haggle,KFC_v2,static,0.7598870056497175,0.13503649635036497
haggle,KFC_v2,static,0.7603578154425612,0.13503649635036497
haggle,KFC_v2,static,0.7608286252354048,0.13503649635036497
haggle,KFC_v2,static,0.7612994350282486,0.13503649635036497
haggle,KFC_v2,static,0.7617702448210922,0.13503649635036497
haggle,KFC_v2,static,0.762241054613936,0.13503649635036497
haggle,KFC_v2,static,0.7627118644067796,0.13503649635036497
haggle,KFC_v2,static,0.7631826741996233,0.13503649635036497
haggle,KFC_v2,static,0.763653483992467,0.13503649635036497
haggle,KFC_v2,static,0.7641242937853107,0.13503649635036497
haggle,KFC_v2,static,0.7645951035781544,0.13503649635036497
haggle,KFC_v2,static,0.765065913370998,0.13503649635036497
haggle,KFC_v2,static,0.7655367231638418,0.13503649635036497
haggle,KFC_v2,static,0.7660075329566854,0.13138686131386862
haggle,KFC_v2,static,0.7664783427495292,0.13138686131386862
haggle,KFC_v2,static,0.7669491525423728,0.13138686131386862
haggle,KFC_v2,static,0.7674199623352166,0.13138686131386862
haggle,KFC_v2,static,0.7678907721280602,0.13138686131386862
haggle,KFC_v2,static,0.7683615819209039,0.13138686131386862
haggle,KFC_v2,static,0.7688323917137476,0.13138686131386862
haggle,KFC_v2,static,0.7693032015065913,0.13138686131386862
haggle,KFC_v2,static,0.769774011299435,0.13138686131386862
haggle,KFC_v2,static,0.7702448210922787,0.13138686131386862
haggle,KFC_v2,static,0.7707156308851224,0.13138686131386862
haggle,KFC_v2,static,0.771186440677966,0.13138686131386862
haggle,KFC_v2,static,0.7716572504708098,0.13138686131386862
haggle,KFC_v2,static,0.7721280602636534,0.13138686131386862
haggle,KFC_v2,static,0.7725988700564972,0.13138686131386862
haggle,KFC_v2,static,0.7730696798493408,0.13138686131386862
haggle,KFC_v2,static,0.7735404896421845,0.13138686131386862
haggle,KFC_v2,static,0.7740112994350282,0.13138686131386862
haggle,KFC_v2,static,0.7744821092278719,0.13138686131386862
haggle,KFC_v2,static,0.7749529190207156,0.13138686131386862
haggle,KFC_v2,static,0.7754237288135593,0.13138686131386862
haggle,KFC_v2,static,0.775894538606403,0.13138686131386862
haggle,KFC_v2,static,0.7763653483992466,0.13138686131386862
haggle,KFC_v2,static,0.7768361581920904,0.13138686131386862
haggle,KFC_v2,static,0.777306967984934,0.13138686131386862
haggle,KFC_v2,static,0.7777777777777778,0.13138686131386862
haggle,KFC_v2,static,0.7782485875706214,0.13138686131386862
haggle,KFC_v2,static,0.7787193973634652,0.13138686131386862
haggle,KFC_v2,static,0.7791902071563088,0.13138686131386862
haggle,KFC_v2,static,0.7796610169491525,0.13138686131386862
haggle,KFC_v2,static,0.7801318267419962,0.13138686131386862
haggle,KFC_v2,static,0.7806026365348399,0.13138686131386862
haggle,KFC_v2,static,0.7810734463276836,0.13138686131386862
haggle,KFC_v2,static,0.7815442561205272,0.13138686131386862
haggle,KFC_v2,static,0.782015065913371,0.13138686131386862
haggle,KFC_v2,static,0.7824858757062146,0.13138686131386862
haggle,KFC_v2,static,0.7829566854990584,0.13138686131386862
haggle,KFC_v2,static,0.783427495291902,0.13138686131386862
haggle,KFC_v2,static,0.7838983050847458,0.13138686131386862
haggle,KFC_v2,static,0.7843691148775894,0.13138686131386862
haggle,KFC_v2,static,0.7848399246704331,0.13138686131386862
haggle,KFC_v2,static,0.7853107344632768,0.13138686131386862
haggle,KFC_v2,static,0.7857815442561205,0.13138686131386862
haggle,KFC_v2,static,0.7862523540489642,0.13138686131386862
haggle,KFC_v2,static,0.7867231638418078,0.13138686131386862
haggle,KFC_v2,static,0.7871939736346516,0.13138686131386862
haggle,KFC_v2,static,0.7876647834274952,0.13138686131386862
haggle,KFC_v2,static,0.788135593220339,0.13138686131386862
haggle,KFC_v2,static,0.7886064030131826,0.13138686131386862
haggle,KFC_v2,static,0.7890772128060264,0.13138686131386862
haggle,KFC_v2,static,0.78954802259887,0.13138686131386862
haggle,KFC_v2,static,0.7900188323917137,0.13138686131386862
haggle,KFC_v2,static,0.7904896421845574,0.12773722627737227
haggle,KFC_v2,static,0.7909604519774011,0.12773722627737227
haggle,KFC_v2,static,0.7914312617702448,0.12773722627737227
haggle,KFC_v2,static,0.7919020715630884,0.12773722627737227
haggle,KFC_v2,static,0.7923728813559322,0.12773722627737227
haggle,KFC_v2,static,0.7928436911487758,0.12773722627737227
haggle,KFC_v2,static,0.7933145009416196,0.12773722627737227
haggle,KFC_v2,static,0.7937853107344632,0.12773722627737227
haggle,KFC_v2,static,0.794256120527307,0.12773722627737227
haggle,KFC_v2,static,0.7947269303201506,0.12773722627737227
haggle,KFC_v2,static,0.7951977401129943,0.12773722627737227
haggle,KFC_v2,static,0.795668549905838,0.12773722627737227
haggle,KFC_v2,static,0.7961393596986817,0.12773722627737227
haggle,KFC_v2,static,0.7966101694915254,0.12773722627737227
haggle,KFC_v2,static,0.797080979284369,0.12773722627737227
haggle,KFC_v2,static,0.7975517890772128,0.12773722627737227
haggle,KFC_v2,static,0.7980225988700564,0.12773722627737227
haggle,KFC_v2,static,0.7984934086629002,0.12773722627737227
haggle,KFC_v2,static,0.7989642184557438,0.12773722627737227
haggle,KFC_v2,static,0.7994350282485876,0.12773722627737227
haggle,KFC_v2,static,0.7999058380414312,0.12773722627737227
haggle,KFC_v2,static,0.8003766478342749,0.12408759124087591
haggle,KFC_v2,static,0.8008474576271186,0.12408759124087591
haggle,KFC_v2,static,0.8013182674199623,0.12043795620437957
haggle,KFC_v2,static,0.801789077212806,0.12043795620437957
haggle,KFC_v2,static,0.8022598870056497,0.12043795620437957
haggle,KFC_v2,static,0.8027306967984934,0.12043795620437957
haggle,KFC_v2,static,0.803201506591337,0.12043795620437957
haggle,KFC_v2,static,0.8036723163841808,0.12043795620437957
haggle,KFC_v2,static,0.8041431261770244,0.12043795620437957
haggle,KFC_v2,static,0.8046139359698682,0.12043795620437957
haggle,KFC_v2,static,0.8050847457627118,0.12043795620437957
haggle,KFC_v2,static,0.8055555555555555,0.12043795620437957
haggle,KFC_v2,static,0.8060263653483992,0.12043795620437957
haggle,KFC_v2,static,0.8064971751412429,0.12043795620437957
haggle,KFC_v2,static,0.8069679849340866,0.12043795620437957
haggle,KFC_v2,static,0.8074387947269303,0.12043795620437957
haggle,KFC_v2,static,0.807909604519774,0.12043795620437957
haggle,KFC_v2,static,0.8083804143126176,0.12043795620437957
haggle,KFC_v2,static,0.8088512241054614,0.12043795620437957
haggle,KFC_v2,static,0.809322033898305,0.11678832116788321
haggle,KFC_v2,static,0.8097928436911488,0.11678832116788321
haggle,KFC_v2,static,0.8102636534839924,0.11678832116788321
haggle,KFC_v2,static,0.8107344632768361,0.11678832116788321
haggle,KFC_v2,static,0.8112052730696798,0.11678832116788321
haggle,KFC_v2,static,0.8116760828625235,0.11678832116788321
haggle,KFC_v2,static,0.8121468926553672,0.11678832116788321
haggle,KFC_v2,static,0.8126177024482109,0.11678832116788321
haggle,KFC_v2,static,0.8130885122410546,0.11678832116788321
haggle,KFC_v2,static,0.8135593220338982,0.11678832116788321
haggle,KFC_v2,static,0.814030131826742,0.11678832116788321
haggle,KFC_v2,static,0.8145009416195856,0.11678832116788321
haggle,KFC_v2,static,0.8149717514124294,0.11678832116788321
haggle,KFC_v2,static,0.815442561205273,0.11678832116788321
haggle,KFC_v2,static,0.8159133709981167,0.11678832116788321
haggle,KFC_v2,static,0.8163841807909604,0.11678832116788321
haggle,KFC_v2,static,0.8168549905838041,0.11678832116788321
haggle,KFC_v2,static,0.8173258003766478,0.11678832116788321
haggle,KFC_v2,static,0.8177966101694915,0.11678832116788321
haggle,KFC_v2,static,0.8182674199623352,0.11678832116788321
haggle,KFC_v2,static,0.8187382297551788,0.11678832116788321
haggle,KFC_v2,static,0.8192090395480226,0.11678832116788321
haggle,KFC_v2,static,0.8196798493408662,0.11678832116788321
haggle,KFC_v2,static,0.82015065913371,0.11678832116788321
haggle,KFC_v2,static,0.8206214689265536,0.11678832116788321
haggle,KFC_v2,static,0.8210922787193974,0.11678832116788321
haggle,KFC_v2,static,0.821563088512241,0.11678832116788321
haggle,KFC_v2,static,0.8220338983050847,0.11678832116788321
haggle,KFC_v2,static,0.8225047080979284,0.11678832116788321
haggle,KFC_v2,static,0.8229755178907721,0.11678832116788321
haggle,KFC_v2,static,0.8234463276836158,0.11678832116788321
haggle,KFC_v2,static,0.8239171374764594,0.11678832116788321
haggle,KFC_v2,static,0.8243879472693032,0.11678832116788321
haggle,KFC_v2,static,0.8248587570621468,0.11678832116788321
haggle,KFC_v2,static,0.8253295668549906,0.11678832116788321
haggle,KFC_v2,static,0.8258003766478342,0.11678832116788321
haggle,KFC_v2,static,0.826271186440678,0.11678832116788321
haggle,KFC_v2,static,0.8267419962335216,0.11678832116788321
haggle,KFC_v2,static,0.8272128060263653,0.11678832116788321
haggle,KFC_v2,static,0.827683615819209,0.11678832116788321
haggle,KFC_v2,static,0.8281544256120527,0.11678832116788321
haggle,KFC_v2,static,0.8286252354048964,0.11678832116788321
haggle,KFC_v2,static,0.82909604519774,0.11313868613138686
haggle,KFC_v2,static,0.8295668549905838,0.11313868613138686
haggle,KFC_v2,static,0.8300376647834274,0.10948905109489052
haggle,KFC_v2,static,0.8305084745762712,0.10948905109489052
haggle,KFC_v2,static,0.8309792843691148,0.10948905109489052
haggle,KFC_v2,static,0.8314500941619586,0.10948905109489052
haggle,KFC_v2,static,0.8319209039548022,0.10948905109489052
haggle,KFC_v2,static,0.8323917137476459,0.10948905109489052
haggle,KFC_v2,static,0.8328625235404896,0.10948905109489052
haggle,KFC_v2,static,0.8333333333333333,0.10948905109489052
haggle,KFC_v2,static,0.833804143126177,0.10948905109489052
haggle,KFC_v2,static,0.8342749529190207,0.10948905109489052
haggle,KFC_v2,static,0.8347457627118644,0.10948905109489052
haggle,KFC_v2,static,0.835216572504708,0.10948905109489052
haggle,KFC_v2,static,0.8356873822975518,0.10948905109489052
haggle,KFC_v2,static,0.8361581920903954,0.10948905109489052
haggle,KFC_v2,static,0.8366290018832392,0.10948905109489052
haggle,KFC_v2,static,0.8370998116760828,0.10948905109489052
haggle,KFC_v2,static,0.8375706214689265,0.10948905109489052
haggle,KFC_v2,static,0.8380414312617702,0.10948905109489052
haggle,KFC_v2,static,0.8385122410546139,0.10948905109489052
haggle,KFC_v2,static,0.8389830508474576,0.10948905109489052
haggle,KFC_v2,static,0.8394538606403013,0.10948905109489052
haggle,KFC_v2,static,0.839924670433145,0.10948905109489052
haggle,KFC_v2,static,0.8403954802259886,0.10948905109489052
haggle,KFC_v2,static,0.8408662900188324,0.10948905109489052
haggle,KFC_v2,static,0.841337099811676,0.10948905109489052
haggle,KFC_v2,static,0.8418079096045198,0.10948905109489052
haggle,KFC_v2,static,0.8422787193973634,0.10948905109489052
haggle,KFC_v2,static,0.8427495291902071,0.10948905109489052
haggle,KFC_v2,static,0.8432203389830508,0.10948905109489052
haggle,KFC_v2,static,0.8436911487758945,0.10948905109489052
haggle,KFC_v2,static,0.8441619585687382,0.10948905109489052
haggle,KFC_v2,static,0.8446327683615819,0.10948905109489052
haggle,KFC_v2,static,0.8451035781544256,0.10948905109489052
haggle,KFC_v2,static,0.8455743879472692,0.10948905109489052
haggle,KFC_v2,static,0.846045197740113,0.10948905109489052
haggle,KFC_v2,static,0.8465160075329566,0.10948905109489052
haggle,KFC_v2,static,0.8469868173258004,0.10948905109489052
haggle,KFC_v2,static,0.847457627118644,0.10948905109489052
haggle,KFC_v2,static,0.8479284369114877,0.10948905109489052
haggle,KFC_v2,static,0.8483992467043314,0.10948905109489052
haggle,KFC_v2,static,0.8488700564971751,0.10948905109489052
haggle,KFC_v2,static,0.8493408662900188,0.10948905109489052
haggle,KFC_v2,static,0.8498116760828625,0.10948905109489052
haggle,KFC_v2,static,0.8502824858757062,0.10948905109489052
haggle,KFC_v2,static,0.8507532956685498,0.10948905109489052
haggle,KFC_v2,static,0.8512241054613936,0.10948905109489052
haggle,KFC_v2,static,0.8516949152542372,0.10948905109489052
haggle,KFC_v2,static,0.852165725047081,0.10948905109489052
haggle,KFC_v2,static,0.8526365348399246,0.10948905109489052
haggle,KFC_v2,static,0.8531073446327683,0.10948905109489052
haggle,KFC_v2,static,0.853578154425612,0.10948905109489052
haggle,KFC_v2,static,0.8540489642184557,0.10948905109489052
haggle,KFC_v2,static,0.8545197740112994,0.10948905109489052
haggle,KFC_v2,static,0.8549905838041431,0.10948905109489052
haggle,KFC_v2,static,0.8554613935969868,0.10948905109489052
haggle,KFC_v2,static,0.8559322033898304,0.10948905109489052
haggle,KFC_v2,static,0.8564030131826742,0.10948905109489052
haggle,KFC_v2,static,0.8568738229755178,0.10948905109489052
haggle,KFC_v2,static,0.8573446327683616,0.10948905109489052
haggle,KFC_v2,static,0.8578154425612052,0.10948905109489052
haggle,KFC_v2,static,0.8582862523540489,0.10948905109489052
haggle,KFC_v2,static,0.8587570621468926,0.10948905109489052
haggle,KFC_v2,static,0.8592278719397363,0.10948905109489052
haggle,KFC_v2,static,0.85969868173258,0.10948905109489052
haggle,KFC_v2,static,0.8601694915254237,0.10948905109489052
haggle,KFC_v2,static,0.8606403013182674,0.10948905109489052
haggle,KFC_v2,static,0.861111111111111,0.10948905109489052
haggle,KFC_v2,static,0.8615819209039548,0.10948905109489052
haggle,KFC_v2,static,0.8620527306967984,0.10948905109489052
haggle,KFC_v2,static,0.8625235404896422,0.10948905109489052
haggle,KFC_v2,static,0.8629943502824858,0.10583941605839416
haggle,KFC_v2,static,0.8634651600753296,0.10583941605839416
haggle,KFC_v2,static,0.8639359698681732,0.10583941605839416
haggle,KFC_v2,static,0.8644067796610169,0.10583941605839416
haggle,KFC_v2,static,0.8648775894538606,0.10583941605839416
haggle,KFC_v2,static,0.8653483992467043,0.10583941605839416
haggle,KFC_v2,static,0.865819209039548,0.10583941605839416
haggle,KFC_v2,static,0.8662900188323917,0.10583941605839416
haggle,KFC_v2,static,0.8667608286252354,0.10583941605839416
haggle,KFC_v2,static,0.867231638418079,0.10583941605839416
haggle,KFC_v2,static,0.8677024482109228,0.10583941605839416
haggle,KFC_v2,static,0.8681732580037664,0.10583941605839416
haggle,KFC_v2,static,0.8686440677966102,0.10583941605839416
haggle,KFC_v2,static,0.8691148775894538,0.10583941605839416
haggle,KFC_v2,static,0.8695856873822975,0.10583941605839416
haggle,KFC_v2,static,0.8700564971751412,0.10583941605839416
haggle,KFC_v2,static,0.8705273069679849,0.10583941605839416
haggle,KFC_v2,static,0.8709981167608286,0.10583941605839416
haggle,KFC_v2,static,0.8714689265536723,0.10583941605839416
haggle,KFC_v2,static,0.871939736346516,0.10583941605839416
haggle,KFC_v2,static,0.8724105461393596,0.10583941605839416
haggle,KFC_v2,static,0.8728813559322034,0.10583941605839416
haggle,KFC_v2,static,0.873352165725047,0.10583941605839416
haggle,KFC_v2,static,0.8738229755178908,0.10583941605839416
haggle,KFC_v2,static,0.8742937853107344,0.10583941605839416
haggle,KFC_v2,static,0.8747645951035781,0.10583941605839416
haggle,KFC_v2,static,0.8752354048964218,0.10583941605839416
haggle,KFC_v2,static,0.8757062146892655,0.10583941605839416
haggle,KFC_v2,static,0.8761770244821092,0.10583941605839416
haggle,KFC_v2,static,0.8766478342749529,0.10583941605839416
haggle,KFC_v2,static,0.8771186440677966,0.10583941605839416
haggle,KFC_v2,static,0.8775894538606402,0.10583941605839416
haggle,KFC_v2,static,0.878060263653484,0.10583941605839416
haggle,KFC_v2,static,0.8785310734463276,0.10583941605839416
haggle,KFC_v2,static,0.8790018832391714,0.10583941605839416
haggle,KFC_v2,static,0.879472693032015,0.10583941605839416
haggle,KFC_v2,static,0.8799435028248587,0.10583941605839416
haggle,KFC_v2,static,0.8804143126177024,0.10583941605839416
haggle,KFC_v2,static,0.8808851224105461,0.10583941605839416
haggle,KFC_v2,static,0.8813559322033898,0.10583941605839416
haggle,KFC_v2,static,0.8818267419962335,0.10583941605839416
haggle,KFC_v2,static,0.8822975517890772,0.10583941605839416
haggle,KFC_v2,static,0.8827683615819208,0.10583941605839416
haggle,KFC_v2,static,0.8832391713747646,0.10583941605839416
haggle,KFC_v2,static,0.8837099811676082,0.10583941605839416
haggle,KFC_v2,static,0.884180790960452,0.10583941605839416
haggle,KFC_v2,static,0.8846516007532956,0.10583941605839416
haggle,KFC_v2,static,0.8851224105461393,0.10583941605839416
haggle,KFC_v2,static,0.885593220338983,0.10583941605839416
haggle,KFC_v2,static,0.8860640301318267,0.10583941605839416
haggle,KFC_v2,static,0.8865348399246704,0.10583941605839416
haggle,KFC_v2,static,0.887005649717514,0.10583941605839416
haggle,KFC_v2,static,0.8874764595103578,0.10583941605839416
haggle,KFC_v2,static,0.8879472693032014,0.10583941605839416
haggle,KFC_v2,static,0.8884180790960452,0.10583941605839416
haggle,KFC_v2,static,0.8888888888888888,0.10583941605839416
haggle,KFC_v2,static,0.8893596986817326,0.10583941605839416
haggle,KFC_v2,static,0.8898305084745762,0.10583941605839416
haggle,KFC_v2,static,0.8903013182674199,0.10218978102189781
haggle,KFC_v2,static,0.8907721280602636,0.10218978102189781
haggle,KFC_v2,static,0.8912429378531073,0.10218978102189781
haggle,KFC_v2,static,0.891713747645951,0.10218978102189781
haggle,KFC_v2,static,0.8921845574387947,0.10218978102189781
haggle,KFC_v2,static,0.8926553672316384,0.10218978102189781
haggle,KFC_v2,static,0.893126177024482,0.10218978102189781
haggle,KFC_v2,static,0.8935969868173258,0.10218978102189781
haggle,KFC_v2,static,0.8940677966101694,0.10218978102189781
haggle,KFC_v2,static,0.8945386064030132,0.10218978102189781
haggle,KFC_v2,static,0.8950094161958568,0.10218978102189781
haggle,KFC_v2,static,0.8954802259887005,0.10218978102189781
haggle,KFC_v2,static,0.8959510357815442,0.10218978102189781
haggle,KFC_v2,static,0.8964218455743879,0.10218978102189781
haggle,KFC_v2,static,0.8968926553672316,0.10218978102189781
haggle,KFC_v2,static,0.8973634651600753,0.10218978102189781
haggle,KFC_v2,static,0.897834274952919,0.10218978102189781
haggle,KFC_v2,static,0.8983050847457626,0.10218978102189781
haggle,KFC_v2,static,0.8987758945386064,0.10218978102189781
haggle,KFC_v2,static,0.89924670433145,0.10218978102189781
haggle,KFC_v2,static,0.8997175141242938,0.10218978102189781
haggle,KFC_v2,static,0.9001883239171374,0.10218978102189781
haggle,KFC_v2,static,0.9006591337099811,0.10218978102189781
haggle,KFC_v2,static,0.9011299435028248,0.10218978102189781
haggle,KFC_v2,static,0.9016007532956685,0.10218978102189781
haggle,KFC_v2,static,0.9020715630885122,0.10218978102189781
haggle,KFC_v2,static,0.9025423728813559,0.10218978102189781
haggle,KFC_v2,static,0.9030131826741996,0.10218978102189781
haggle,KFC_v2,static,0.9034839924670433,0.10218978102189781
haggle,KFC_v2,static,0.903954802259887,0.10218978102189781
haggle,KFC_v2,static,0.9044256120527306,0.10218978102189781
haggle,KFC_v2,static,0.9048964218455744,0.10218978102189781
haggle,KFC_v2,static,0.905367231638418,0.10218978102189781
haggle,KFC_v2,static,0.9058380414312618,0.10218978102189781
haggle,KFC_v2,static,0.9063088512241054,0.10218978102189781
haggle,KFC_v2,static,0.9067796610169491,0.10218978102189781
haggle,KFC_v2,static,0.9072504708097928,0.10218978102189781
haggle,KFC_v2,static,0.9077212806026365,0.10218978102189781
haggle,KFC_v2,static,0.9081920903954802,0.10218978102189781
haggle,KFC_v2,static,0.9086629001883239,0.10218978102189781
haggle,KFC_v2,static,0.9091337099811676,0.10218978102189781
haggle,KFC_v2,static,0.9096045197740112,0.10218978102189781
haggle,KFC_v2,static,0.910075329566855,0.10218978102189781
haggle,KFC_v2,static,0.9105461393596986,0.10218978102189781
haggle,KFC_v2,static,0.9110169491525424,0.10218978102189781
haggle,KFC_v2,static,0.911487758945386,0.10218978102189781
haggle,KFC_v2,static,0.9119585687382297,0.10218978102189781
haggle,KFC_v2,static,0.9124293785310734,0.10218978102189781
haggle,KFC_v2,static,0.9129001883239171,0.10218978102189781
haggle,KFC_v2,static,0.9133709981167608,0.10218978102189781
haggle,KFC_v2,static,0.9138418079096045,0.10218978102189781
haggle,KFC_v2,static,0.9143126177024482,0.10218978102189781
haggle,KFC_v2,static,0.9147834274952918,0.10218978102189781
haggle,KFC_v2,static,0.9152542372881356,0.10218978102189781
haggle,KFC_v2,static,0.9157250470809792,0.10218978102189781
haggle,KFC_v2,static,0.916195856873823,0.10218978102189781
haggle,KFC_v2,static,0.9166666666666666,0.10218978102189781
haggle,KFC_v2,static,0.9171374764595103,0.10218978102189781
haggle,KFC_v2,static,0.917608286252354,0.10218978102189781
haggle,KFC_v2,static,0.9180790960451977,0.10218978102189781
haggle,KFC_v2,static,0.9185499058380414,0.09854014598540146
haggle,KFC_v2,static,0.919020715630885,0.09854014598540146
haggle,KFC_v2,static,0.9194915254237288,0.09854014598540146
haggle,KFC_v2,static,0.9199623352165724,0.09854014598540146
haggle,KFC_v2,static,0.9204331450094162,0.09854014598540146
haggle,KFC_v2,static,0.9209039548022598,0.09854014598540146
haggle,KFC_v2,static,0.9213747645951036,0.09854014598540146
haggle,KFC_v2,static,0.9218455743879472,0.09854014598540146
haggle,KFC_v2,static,0.9223163841807909,0.09854014598540146
haggle,KFC_v2,static,0.9227871939736346,0.09854014598540146
haggle,KFC_v2,static,0.9232580037664783,0.09854014598540146
haggle,KFC_v2,static,0.923728813559322,0.09854014598540146
haggle,KFC_v2,static,0.9241996233521657,0.09854014598540146
haggle,KFC_v2,static,0.9246704331450094,0.09854014598540146
haggle,KFC_v2,static,0.925141242937853,0.09854014598540146
haggle,KFC_v2,static,0.9256120527306968,0.09854014598540146
haggle,KFC_v2,static,0.9260828625235404,0.09854014598540146
haggle,KFC_v2,static,0.9265536723163842,0.09854014598540146
haggle,KFC_v2,static,0.9270244821092278,0.09854014598540146
haggle,KFC_v2,static,0.9274952919020715,0.09854014598540146
haggle,KFC_v2,static,0.9279661016949152,0.09854014598540146
haggle,KFC_v2,static,0.9284369114877589,0.09854014598540146
haggle,KFC_v2,static,0.9289077212806026,0.09854014598540146
haggle,KFC_v2,static,0.9293785310734463,0.09854014598540146
haggle,KFC_v2,static,0.92984934086629,0.09854014598540146
haggle,KFC_v2,static,0.9303201506591336,0.09854014598540146
haggle,KFC_v2,static,0.9307909604519774,0.09854014598540146
haggle,KFC_v2,static,0.931261770244821,0.09854014598540146
haggle,KFC_v2,static,0.9317325800376648,0.09854014598540146
haggle,KFC_v2,static,0.9322033898305084,0.0948905109489051
haggle,KFC_v2,static,0.9326741996233521,0.0948905109489051
haggle,KFC_v2,static,0.9331450094161958,0.0948905109489051
haggle,KFC_v2,static,0.9336158192090395,0.09124087591240876
haggle,KFC_v2,static,0.9340866290018832,0.08759124087591241
haggle,KFC_v2,static,0.9345574387947269,0.08759124087591241
haggle,KFC_v2,static,0.9350282485875706,0.08759124087591241
haggle,KFC_v2,static,0.9354990583804143,0.08759124087591241
haggle,KFC_v2,static,0.935969868173258,0.08759124087591241
haggle,KFC_v2,static,0.9364406779661016,0.08759124087591241
haggle,KFC_v2,static,0.9369114877589454,0.08759124087591241
haggle,KFC_v2,static,0.937382297551789,0.08759124087591241
haggle,KFC_v2,static,0.9378531073446327,0.08759124087591241
haggle,KFC_v2,static,0.9383239171374764,0.08759124087591241
haggle,KFC_v2,static,0.9387947269303201,0.08759124087591241
haggle,KFC_v2,static,0.9392655367231638,0.08759124087591241
haggle,KFC_v2,static,0.9397363465160075,0.08759124087591241
haggle,KFC_v2,static,0.9402071563088512,0.08394160583941605
haggle,KFC_v2,static,0.9406779661016949,0.08394160583941605
haggle,KFC_v2,static,0.9411487758945386,0.08394160583941605
haggle,KFC_v2,static,0.9416195856873822,0.08394160583941605
haggle,KFC_v2,static,0.942090395480226,0.08394160583941605
haggle,KFC_v2,static,0.9425612052730696,0.08394160583941605
haggle,KFC_v2,static,0.9430320150659133,0.08394160583941605
haggle,KFC_v2,static,0.943502824858757,0.08394160583941605
haggle,KFC_v2,static,0.9439736346516007,0.08394160583941605
haggle,KFC_v2,static,0.9444444444444444,0.08394160583941605
haggle,KFC_v2,static,0.9449152542372881,0.08394160583941605
haggle,KFC_v2,static,0.9453860640301318,0.08394160583941605
haggle,KFC_v2,static,0.9458568738229755,0.08394160583941605
haggle,KFC_v2,static,0.9463276836158192,0.08394160583941605
haggle,KFC_v2,static,0.9467984934086628,0.08394160583941605
haggle,KFC_v2,static,0.9472693032015066,0.08394160583941605
haggle,KFC_v2,static,0.9477401129943502,0.08029197080291971
haggle,KFC_v2,static,0.948210922787194,0.08029197080291971
haggle,KFC_v2,static,0.9486817325800376,0.08029197080291971
haggle,KFC_v2,static,0.9491525423728813,0.08029197080291971
haggle,KFC_v2,static,0.949623352165725,0.08029197080291971
haggle,KFC_v2,static,0.9500941619585687,0.08029197080291971
haggle,KFC_v2,static,0.9505649717514124,0.08029197080291971
haggle,KFC_v2,static,0.951035781544256,0.08029197080291971
haggle,KFC_v2,static,0.9515065913370998,0.07664233576642336
haggle,KFC_v2,static,0.9519774011299434,0.07664233576642336
haggle,KFC_v2,static,0.9524482109227872,0.07664233576642336
haggle,KFC_v2,static,0.9529190207156308,0.072992700729927
haggle,KFC_v2,static,0.9533898305084746,0.06934306569343066
haggle,KFC_v2,static,0.9538606403013182,0.06934306569343066
haggle,KFC_v2,static,0.9543314500941619,0.06934306569343066
haggle,KFC_v2,static,0.9548022598870056,0.06934306569343066
haggle,KFC_v2,static,0.9552730696798493,0.06934306569343066
haggle,KFC_v2,static,0.955743879472693,0.06569343065693431
haggle,KFC_v2,static,0.9562146892655367,0.06204379562043796
haggle,KFC_v2,static,0.9566854990583804,0.058394160583941604
haggle,KFC_v2,static,0.957156308851224,0.058394160583941604
haggle,KFC_v2,static,0.9576271186440678,0.058394160583941604
haggle,KFC_v2,static,0.9580979284369114,0.058394160583941604
haggle,KFC_v2,static,0.9585687382297552,0.058394160583941604
haggle,KFC_v2,static,0.9590395480225988,0.058394160583941604
haggle,KFC_v2,static,0.9595103578154425,0.058394160583941604
haggle,KFC_v2,static,0.9599811676082862,0.058394160583941604
haggle,KFC_v2,static,0.9604519774011299,0.058394160583941604
haggle,KFC_v2,static,0.9609227871939736,0.058394160583941604
haggle,KFC_v2,static,0.9613935969868173,0.051094890510948905
haggle,KFC_v2,static,0.961864406779661,0.051094890510948905
haggle,KFC_v2,static,0.9623352165725046,0.051094890510948905
haggle,KFC_v2,static,0.9628060263653484,0.051094890510948905
haggle,KFC_v2,static,0.963276836158192,0.051094890510948905
haggle,KFC_v2,static,0.9637476459510358,0.04744525547445255
haggle,KFC_v2,static,0.9642184557438794,0.043795620437956206
haggle,KFC_v2,static,0.9646892655367231,0.043795620437956206
haggle,KFC_v2,static,0.9651600753295668,0.043795620437956206
haggle,KFC_v2,static,0.9656308851224105,0.043795620437956206
haggle,KFC_v2,static,0.9661016949152542,0.043795620437956206
haggle,KFC_v2,static,0.9665725047080979,0.043795620437956206
haggle,KFC_v2,static,0.9670433145009416,0.043795620437956206
haggle,KFC_v2,static,0.9675141242937852,0.043795620437956206
haggle,KFC_v2,static,0.967984934086629,0.040145985401459854
haggle,KFC_v2,static,0.9684557438794726,0.040145985401459854
haggle,KFC_v2,static,0.9689265536723164,0.040145985401459854
haggle,KFC_v2,static,0.96939736346516,0.040145985401459854
haggle,KFC_v2,static,0.9698681732580037,0.040145985401459854
haggle,KFC_v2,static,0.9703389830508474,0.040145985401459854
haggle,KFC_v2,static,0.9708097928436911,0.0364963503649635
haggle,KFC_v2,static,0.9712806026365348,0.0364963503649635
haggle,KFC_v2,static,0.9717514124293785,0.0364963503649635
haggle,KFC_v2,static,0.9722222222222222,0.032846715328467155
haggle,KFC_v2,static,0.9726930320150659,0.032846715328467155
haggle,KFC_v2,static,0.9731638418079096,0.032846715328467155
haggle,KFC_v2,static,0.9736346516007532,0.029197080291970802
haggle,KFC_v2,static,0.974105461393597,0.029197080291970802
haggle,KFC_v2,static,0.9745762711864406,0.029197080291970802
haggle,KFC_v2,static,0.9750470809792843,0.029197080291970802
haggle,KFC_v2,static,0.975517890772128,0.029197080291970802
haggle,KFC_v2,static,0.9759887005649717,0.029197080291970802
haggle,KFC_v2,static,0.9764595103578154,0.029197080291970802
haggle,KFC_v2,static,0.9769303201506591,0.029197080291970802
haggle,KFC_v2,static,0.9774011299435028,0.025547445255474453
haggle,KFC_v2,static,0.9778719397363465,0.025547445255474453
haggle,KFC_v2,static,0.9783427495291902,0.025547445255474453
haggle,KFC_v2,static,0.9788135593220338,0.025547445255474453
haggle,KFC_v2,static,0.9792843691148776,0.025547445255474453
haggle,KFC_v2,static,0.9797551789077212,0.025547445255474453
haggle,KFC_v2,static,0.9802259887005649,0.025547445255474453
haggle,KFC_v2,static,0.9806967984934086,0.025547445255474453
haggle,KFC_v2,static,0.9811676082862523,0.025547445255474453
haggle,KFC_v2,static,0.981638418079096,0.025547445255474453
haggle,KFC_v2,static,0.9821092278719397,0.025547445255474453
haggle,KFC_v2,static,0.9825800376647834,0.025547445255474453
haggle,KFC_v2,static,0.983050847457627,0.025547445255474453
haggle,KFC_v2,static,0.9835216572504708,0.025547445255474453
haggle,KFC_v2,static,0.9839924670433144,0.025547445255474453
haggle,KFC_v2,static,0.9844632768361582,0.025547445255474453
haggle,KFC_v2,static,0.9849340866290018,0.025547445255474453
haggle,KFC_v2,static,0.9854048964218456,0.025547445255474453
haggle,KFC_v2,static,0.9858757062146892,0.025547445255474453
haggle,KFC_v2,static,0.9863465160075329,0.025547445255474453
haggle,KFC_v2,static,0.9868173258003766,0.025547445255474453
haggle,KFC_v2,static,0.9872881355932203,0.025547445255474453
haggle,KFC_v2,static,0.987758945386064,0.025547445255474453
haggle,KFC_v2,static,0.9882297551789077,0.025547445255474453
haggle,KFC_v2,static,0.9887005649717514,0.025547445255474453
haggle,KFC_v2,static,0.989171374764595,0.025547445255474453
haggle,KFC_v2,static,0.9896421845574388,0.025547445255474453
haggle,KFC_v2,static,0.9901129943502824,0.025547445255474453
haggle,KFC_v2,static,0.9905838041431262,0.025547445255474453
haggle,KFC_v2,static,0.9910546139359698,0.025547445255474453
haggle,KFC_v2,static,0.9915254237288135,0.025547445255474453
haggle,KFC_v2,static,0.9919962335216572,0.025547445255474453
haggle,KFC_v2,static,0.9924670433145009,0.021897810218978103
haggle,KFC_v2,static,0.9929378531073446,0.01824817518248175
haggle,KFC_v2,static,0.9934086629001883,0.01824817518248175
haggle,KFC_v2,static,0.993879472693032,0.01824817518248175
haggle,KFC_v2,static,0.9943502824858756,0.01824817518248175
haggle,KFC_v2,static,0.9948210922787194,0.01824817518248175
haggle,KFC_v2,static,0.995291902071563,0.01824817518248175
haggle,KFC_v2,static,0.9957627118644068,0.01824817518248175
haggle,KFC_v2,static,0.9962335216572504,0.01824817518248175
haggle,KFC_v2,static,0.9967043314500941,0.014598540145985401
haggle,KFC_v2,static,0.9971751412429378,0.014598540145985401
haggle,KFC_v2,static,0.9976459510357815,0.010948905109489052
haggle,KFC_v2,static,0.9981167608286252,0.010948905109489052
haggle,KFC_v2,static,0.9985875706214689,0.0072992700729927005
haggle,KFC_v2,static,0.9990583804143126,0.0072992700729927005
haggle,KFC_v2,static,0.9995291902071562,0.0072992700729927005
haggle,KFC_v2,static,1.0,0.0036496350364963502
haggle,KFC_v2,iterative,0.0,1.0
haggle,KFC_v2,iterative,0.00047080979284369113,1.0
haggle,KFC_v2,iterative,0.0009416195856873823,1.0
haggle,KFC_v2,iterative,0.0014124293785310734,1.0
haggle,KFC_v2,iterative,0.0018832391713747645,1.0
haggle,KFC_v2,iterative,0.0023540489642184556,1.0
haggle,KFC_v2,iterative,0.002824858757062147,1.0
haggle,KFC_v2,iterative,0.0032956685499058377,1.0
haggle,KFC_v2,iterative,0.003766478342749529,1.0
haggle,KFC_v2,iterative,0.00423728813559322,1.0
haggle,KFC_v2,iterative,0.004708097928436911,1.0
haggle,KFC_v2,iterative,0.005178907721280602,1.0
haggle,KFC_v2,iterative,0.005649717514124294,1.0
haggle,KFC_v2,iterative,0.006120527306967985,1.0
haggle,KFC_v2,iterative,0.0065913370998116755,1.0
haggle,KFC_v2,iterative,0.007062146892655367,1.0
haggle,KFC_v2,iterative,0.007532956685499058,1.0
haggle,KFC_v2,iterative,0.00800376647834275,1.0
haggle,KFC_v2,iterative,0.00847457627118644,1.0
haggle,KFC_v2,iterative,0.008945386064030132,1.0
haggle,KFC_v2,iterative,0.009416195856873822,1.0
haggle,KFC_v2,iterative,0.009887005649717513,1.0
haggle,KFC_v2,iterative,0.010357815442561204,1.0
haggle,KFC_v2,iterative,0.010828625235404897,1.0
haggle,KFC_v2,iterative,0.011299435028248588,1.0
haggle,KFC_v2,iterative,0.011770244821092278,1.0
haggle,KFC_v2,iterative,0.01224105461393597,1.0
haggle,KFC_v2,iterative,0.01271186440677966,1.0
haggle,KFC_v2,iterative,0.013182674199623351,1.0
haggle,KFC_v2,iterative,0.013653483992467044,1.0
haggle,KFC_v2,iterative,0.014124293785310734,1.0
haggle,KFC_v2,iterative,0.014595103578154425,1.0
haggle,KFC_v2,iterative,0.015065913370998116,1.0
haggle,KFC_v2,iterative,0.015536723163841807,1.0
haggle,KFC_v2,iterative,0.0160075329566855,1.0
haggle,KFC_v2,iterative,0.01647834274952919,1.0
haggle,KFC_v2,iterative,0.01694915254237288,1.0
haggle,KFC_v2,iterative,0.01741996233521657,1.0
haggle,KFC_v2,iterative,0.017890772128060263,1.0
haggle,KFC_v2,iterative,0.018361581920903956,1.0
haggle,KFC_v2,iterative,0.018832391713747645,1.0
haggle,KFC_v2,iterative,0.019303201506591337,1.0
haggle,KFC_v2,iterative,0.019774011299435026,1.0
haggle,KFC_v2,iterative,0.02024482109227872,1.0
haggle,KFC_v2,iterative,0.020715630885122408,1.0
haggle,KFC_v2,iterative,0.0211864406779661,1.0
haggle,KFC_v2,iterative,0.021657250470809793,1.0
haggle,KFC_v2,iterative,0.022128060263653482,1.0
haggle,KFC_v2,iterative,0.022598870056497175,1.0
haggle,KFC_v2,iterative,0.023069679849340864,1.0
haggle,KFC_v2,iterative,0.023540489642184557,1.0
haggle,KFC_v2,iterative,0.024011299435028246,1.0
haggle,KFC_v2,iterative,0.02448210922787194,1.0
haggle,KFC_v2,iterative,0.02495291902071563,1.0
haggle,KFC_v2,iterative,0.02542372881355932,1.0
haggle,KFC_v2,iterative,0.025894538606403013,1.0
haggle,KFC_v2,iterative,0.026365348399246702,1.0
haggle,KFC_v2,iterative,0.026836158192090395,1.0
haggle,KFC_v2,iterative,0.027306967984934087,1.0
haggle,KFC_v2,iterative,0.027777777777777776,1.0
haggle,KFC_v2,iterative,0.02824858757062147,1.0
haggle,KFC_v2,iterative,0.028719397363465158,1.0
haggle,KFC_v2,iterative,0.02919020715630885,1.0
haggle,KFC_v2,iterative,0.02966101694915254,1.0
haggle,KFC_v2,iterative,0.030131826741996232,1.0
haggle,KFC_v2,iterative,0.030602636534839925,1.0
haggle,KFC_v2,iterative,0.031073446327683614,1.0
haggle,KFC_v2,iterative,0.0315442561205273,1.0
haggle,KFC_v2,iterative,0.032015065913371,1.0
haggle,KFC_v2,iterative,0.03248587570621469,1.0
haggle,KFC_v2,iterative,0.03295668549905838,1.0
haggle,KFC_v2,iterative,0.033427495291902073,1.0
haggle,KFC_v2,iterative,0.03389830508474576,1.0
haggle,KFC_v2,iterative,0.03436911487758945,1.0
haggle,KFC_v2,iterative,0.03483992467043314,1.0
haggle,KFC_v2,iterative,0.03531073446327684,1.0
haggle,KFC_v2,iterative,0.035781544256120526,1.0
haggle,KFC_v2,iterative,0.036252354048964215,1.0
haggle,KFC_v2,iterative,0.03672316384180791,1.0
haggle,KFC_v2,iterative,0.0371939736346516,1.0
haggle,KFC_v2,iterative,0.03766478342749529,1.0
haggle,KFC_v2,iterative,0.03813559322033898,1.0
haggle,KFC_v2,iterative,0.038606403013182675,1.0
haggle,KFC_v2,iterative,0.039077212806026364,1.0
haggle,KFC_v2,iterative,0.03954802259887005,1.0
haggle,KFC_v2,iterative,0.04001883239171375,1.0
haggle,KFC_v2,iterative,0.04048964218455744,1.0
haggle,KFC_v2,iterative,0.04096045197740113,1.0
haggle,KFC_v2,iterative,0.041431261770244816,1.0
haggle,KFC_v2,iterative,0.04190207156308851,1.0
haggle,KFC_v2,iterative,0.0423728813559322,1.0
haggle,KFC_v2,iterative,0.04284369114877589,1.0
haggle,KFC_v2,iterative,0.04331450094161959,1.0
haggle,KFC_v2,iterative,0.043785310734463276,1.0
haggle,KFC_v2,iterative,0.044256120527306965,1.0
haggle,KFC_v2,iterative,0.044726930320150654,1.0
haggle,KFC_v2,iterative,0.04519774011299435,1.0
haggle,KFC_v2,iterative,0.04566854990583804,1.0
haggle,KFC_v2,iterative,0.04613935969868173,1.0
haggle,KFC_v2,iterative,0.046610169491525424,1.0
haggle,KFC_v2,iterative,0.047080979284369114,1.0
haggle,KFC_v2,iterative,0.0475517890772128,1.0
haggle,KFC_v2,iterative,0.04802259887005649,1.0
haggle,KFC_v2,iterative,0.04849340866290019,1.0
haggle,KFC_v2,iterative,0.04896421845574388,1.0
haggle,KFC_v2,iterative,0.049435028248587566,1.0
haggle,KFC_v2,iterative,0.04990583804143126,1.0
haggle,KFC_v2,iterative,0.05037664783427495,1.0
haggle,KFC_v2,iterative,0.05084745762711864,1.0
haggle,KFC_v2,iterative,0.051318267419962336,1.0
haggle,KFC_v2,iterative,0.051789077212806026,1.0
haggle,KFC_v2,iterative,0.052259887005649715,1.0
haggle,KFC_v2,iterative,0.052730696798493404,1.0
haggle,KFC_v2,iterative,0.0532015065913371,1.0
haggle,KFC_v2,iterative,0.05367231638418079,1.0
haggle,KFC_v2,iterative,0.05414312617702448,1.0
haggle,KFC_v2,iterative,0.054613935969868174,1.0
haggle,KFC_v2,iterative,0.05508474576271186,1.0
haggle,KFC_v2,iterative,0.05555555555555555,1.0
haggle,KFC_v2,iterative,0.05602636534839924,1.0
haggle,KFC_v2,iterative,0.05649717514124294,1.0
haggle,KFC_v2,iterative,0.05696798493408663,1.0
haggle,KFC_v2,iterative,0.057438794726930316,1.0
haggle,KFC_v2,iterative,0.05790960451977401,1.0
haggle,KFC_v2,iterative,0.0583804143126177,1.0
haggle,KFC_v2,iterative,0.05885122410546139,1.0
haggle,KFC_v2,iterative,0.05932203389830508,1.0
haggle,KFC_v2,iterative,0.059792843691148775,1.0
haggle,KFC_v2,iterative,0.060263653483992465,1.0
haggle,KFC_v2,iterative,0.060734463276836154,1.0
haggle,KFC_v2,iterative,0.06120527306967985,1.0
haggle,KFC_v2,iterative,0.06167608286252354,1.0
haggle,KFC_v2,iterative,0.06214689265536723,1.0
haggle,KFC_v2,iterative,0.06261770244821092,1.0
haggle,KFC_v2,iterative,0.0630885122410546,1.0
haggle,KFC_v2,iterative,0.0635593220338983,1.0
haggle,KFC_v2,iterative,0.064030131826742,1.0
haggle,KFC_v2,iterative,0.06450094161958568,1.0
haggle,KFC_v2,iterative,0.06497175141242938,1.0
haggle,KFC_v2,iterative,0.06544256120527307,1.0
haggle,KFC_v2,iterative,0.06591337099811675,1.0
haggle,KFC_v2,iterative,0.06638418079096045,1.0
haggle,KFC_v2,iterative,0.06685499058380415,1.0
haggle,KFC_v2,iterative,0.06732580037664783,1.0
haggle,KFC_v2,iterative,0.06779661016949153,1.0
haggle,KFC_v2,iterative,0.06826741996233521,1.0
haggle,KFC_v2,iterative,0.0687382297551789,1.0
haggle,KFC_v2,iterative,0.0692090395480226,1.0
haggle,KFC_v2,iterative,0.06967984934086628,1.0
haggle,KFC_v2,iterative,0.07015065913370998,1.0
haggle,KFC_v2,iterative,0.07062146892655367,1.0
haggle,KFC_v2,iterative,0.07109227871939736,1.0
haggle,KFC_v2,iterative,0.07156308851224105,1.0
haggle,KFC_v2,iterative,0.07203389830508475,1.0
haggle,KFC_v2,iterative,0.07250470809792843,1.0
haggle,KFC_v2,iterative,0.07297551789077213,1.0
haggle,KFC_v2,iterative,0.07344632768361582,1.0
haggle,KFC_v2,iterative,0.0739171374764595,1.0
haggle,KFC_v2,iterative,0.0743879472693032,1.0
haggle,KFC_v2,iterative,0.07485875706214688,1.0
haggle,KFC_v2,iterative,0.07532956685499058,1.0
haggle,KFC_v2,iterative,0.07580037664783427,1.0
haggle,KFC_v2,iterative,0.07627118644067796,1.0
haggle,KFC_v2,iterative,0.07674199623352165,1.0
haggle,KFC_v2,iterative,0.07721280602636535,1.0
haggle,KFC_v2,iterative,0.07768361581920903,1.0
haggle,KFC_v2,iterative,0.07815442561205273,1.0
haggle,KFC_v2,iterative,0.07862523540489642,1.0
haggle,KFC_v2,iterative,0.0790960451977401,1.0
haggle,KFC_v2,iterative,0.0795668549905838,1.0
haggle,KFC_v2,iterative,0.0800376647834275,1.0
haggle,KFC_v2,iterative,0.08050847457627118,1.0
haggle,KFC_v2,iterative,0.08097928436911488,1.0
haggle,KFC_v2,iterative,0.08145009416195857,1.0
haggle,KFC_v2,iterative,0.08192090395480225,1.0
haggle,KFC_v2,iterative,0.08239171374764595,1.0
haggle,KFC_v2,iterative,0.08286252354048963,1.0
haggle,KFC_v2,iterative,0.08333333333333333,1.0
haggle,KFC_v2,iterative,0.08380414312617702,1.0
haggle,KFC_v2,iterative,0.08427495291902071,1.0
haggle,KFC_v2,iterative,0.0847457627118644,1.0
haggle,KFC_v2,iterative,0.0852165725047081,1.0
haggle,KFC_v2,iterative,0.08568738229755178,1.0
haggle,KFC_v2,iterative,0.08615819209039548,1.0
haggle,KFC_v2,iterative,0.08662900188323917,1.0
haggle,KFC_v2,iterative,0.08709981167608286,1.0
haggle,KFC_v2,iterative,0.08757062146892655,1.0
haggle,KFC_v2,iterative,0.08804143126177025,1.0
haggle,KFC_v2,iterative,0.08851224105461393,1.0
haggle,KFC_v2,iterative,0.08898305084745763,1.0
haggle,KFC_v2,iterative,0.08945386064030131,1.0
haggle,KFC_v2,iterative,0.089924670433145,1.0
haggle,KFC_v2,iterative,0.0903954802259887,1.0
haggle,KFC_v2,iterative,0.09086629001883238,1.0
haggle,KFC_v2,iterative,0.09133709981167608,1.0
haggle,KFC_v2,iterative,0.09180790960451977,1.0
haggle,KFC_v2,iterative,0.09227871939736346,1.0
haggle,KFC_v2,iterative,0.09274952919020715,1.0
haggle,KFC_v2,iterative,0.09322033898305085,1.0
haggle,KFC_v2,iterative,0.09369114877589453,1.0
haggle,KFC_v2,iterative,0.09416195856873823,1.0
haggle,KFC_v2,iterative,0.09463276836158192,1.0
haggle,KFC_v2,iterative,0.0951035781544256,1.0
haggle,KFC_v2,iterative,0.0955743879472693,1.0
haggle,KFC_v2,iterative,0.09604519774011298,1.0
haggle,KFC_v2,iterative,0.09651600753295668,1.0
haggle,KFC_v2,iterative,0.09698681732580038,1.0
haggle,KFC_v2,iterative,0.09745762711864406,1.0
haggle,KFC_v2,iterative,0.09792843691148775,1.0
haggle,KFC_v2,iterative,0.09839924670433145,1.0
haggle,KFC_v2,iterative,0.09887005649717513,1.0
haggle,KFC_v2,iterative,0.09934086629001883,1.0
haggle,KFC_v2,iterative,0.09981167608286252,1.0
haggle,KFC_v2,iterative,0.1002824858757062,1.0
haggle,KFC_v2,iterative,0.1007532956685499,1.0
haggle,KFC_v2,iterative,0.1012241054613936,1.0
haggle,KFC_v2,iterative,0.10169491525423728,1.0
haggle,KFC_v2,iterative,0.10216572504708098,1.0
haggle,KFC_v2,iterative,0.10263653483992467,1.0
haggle,KFC_v2,iterative,0.10310734463276836,1.0
haggle,KFC_v2,iterative,0.10357815442561205,1.0
haggle,KFC_v2,iterative,0.10404896421845573,1.0
haggle,KFC_v2,iterative,0.10451977401129943,1.0
haggle,KFC_v2,iterative,0.10499058380414313,1.0
haggle,KFC_v2,iterative,0.10546139359698681,1.0
haggle,KFC_v2,iterative,0.1059322033898305,1.0
haggle,KFC_v2,iterative,0.1064030131826742,1.0
haggle,KFC_v2,iterative,0.10687382297551788,1.0
haggle,KFC_v2,iterative,0.10734463276836158,1.0
haggle,KFC_v2,iterative,0.10781544256120527,1.0
haggle,KFC_v2,iterative,0.10828625235404896,1.0
haggle,KFC_v2,iterative,0.10875706214689265,1.0
haggle,KFC_v2,iterative,0.10922787193973635,1.0
haggle,KFC_v2,iterative,0.10969868173258003,1.0
haggle,KFC_v2,iterative,0.11016949152542373,1.0
haggle,KFC_v2,iterative,0.11064030131826741,1.0
haggle,KFC_v2,iterative,0.1111111111111111,1.0
haggle,KFC_v2,iterative,0.1115819209039548,1.0
haggle,KFC_v2,iterative,0.11205273069679848,1.0
haggle,KFC_v2,iterative,0.11252354048964218,1.0
haggle,KFC_v2,iterative,0.11299435028248588,1.0
haggle,KFC_v2,iterative,0.11346516007532956,1.0
haggle,KFC_v2,iterative,0.11393596986817325,1.0
haggle,KFC_v2,iterative,0.11440677966101695,1.0
haggle,KFC_v2,iterative,0.11487758945386063,1.0
haggle,KFC_v2,iterative,0.11534839924670433,1.0
haggle,KFC_v2,iterative,0.11581920903954802,1.0
haggle,KFC_v2,iterative,0.1162900188323917,1.0
haggle,KFC_v2,iterative,0.1167608286252354,1.0
haggle,KFC_v2,iterative,0.11723163841807908,1.0
haggle,KFC_v2,iterative,0.11770244821092278,1.0
haggle,KFC_v2,iterative,0.11817325800376648,1.0
haggle,KFC_v2,iterative,0.11864406779661016,1.0
haggle,KFC_v2,iterative,0.11911487758945385,1.0
haggle,KFC_v2,iterative,0.11958568738229755,1.0
haggle,KFC_v2,iterative,0.12005649717514123,1.0
haggle,KFC_v2,iterative,0.12052730696798493,1.0
haggle,KFC_v2,iterative,0.12099811676082863,1.0
haggle,KFC_v2,iterative,0.12146892655367231,1.0
haggle,KFC_v2,iterative,0.121939736346516,1.0
haggle,KFC_v2,iterative,0.1224105461393597,1.0
haggle,KFC_v2,iterative,0.12288135593220338,1.0
haggle,KFC_v2,iterative,0.12335216572504708,1.0
haggle,KFC_v2,iterative,0.12382297551789077,1.0
haggle,KFC_v2,iterative,0.12429378531073446,1.0
haggle,KFC_v2,iterative,0.12476459510357815,1.0
haggle,KFC_v2,iterative,0.12523540489642185,1.0
haggle,KFC_v2,iterative,0.12570621468926554,1.0
haggle,KFC_v2,iterative,0.1261770244821092,1.0
haggle,KFC_v2,iterative,0.1266478342749529,1.0
haggle,KFC_v2,iterative,0.1271186440677966,1.0
haggle,KFC_v2,iterative,0.1275894538606403,1.0
haggle,KFC_v2,iterative,0.128060263653484,0.9197080291970803
haggle,KFC_v2,iterative,0.12853107344632766,0.9197080291970803
haggle,KFC_v2,iterative,0.12900188323917136,0.9197080291970803
haggle,KFC_v2,iterative,0.12947269303201506,0.9197080291970803
haggle,KFC_v2,iterative,0.12994350282485875,0.9197080291970803
haggle,KFC_v2,iterative,0.13041431261770245,0.9197080291970803
haggle,KFC_v2,iterative,0.13088512241054615,0.9197080291970803
haggle,KFC_v2,iterative,0.1313559322033898,0.9197080291970803
haggle,KFC_v2,iterative,0.1318267419962335,0.9197080291970803
haggle,KFC_v2,iterative,0.1322975517890772,0.9197080291970803
haggle,KFC_v2,iterative,0.1327683615819209,0.9197080291970803
haggle,KFC_v2,iterative,0.1332391713747646,0.9197080291970803
haggle,KFC_v2,iterative,0.1337099811676083,0.9197080291970803
haggle,KFC_v2,iterative,0.13418079096045196,0.9197080291970803
haggle,KFC_v2,iterative,0.13465160075329566,0.9197080291970803
haggle,KFC_v2,iterative,0.13512241054613935,0.9197080291970803
haggle,KFC_v2,iterative,0.13559322033898305,0.9197080291970803
haggle,KFC_v2,iterative,0.13606403013182675,0.9197080291970803
haggle,KFC_v2,iterative,0.13653483992467041,0.9197080291970803
haggle,KFC_v2,iterative,0.1370056497175141,0.9197080291970803
haggle,KFC_v2,iterative,0.1374764595103578,0.9197080291970803
haggle,KFC_v2,iterative,0.1379472693032015,0.9197080291970803
haggle,KFC_v2,iterative,0.1384180790960452,0.9197080291970803
haggle,KFC_v2,iterative,0.1388888888888889,0.9197080291970803
haggle,KFC_v2,iterative,0.13935969868173256,0.9197080291970803
haggle,KFC_v2,iterative,0.13983050847457626,0.9197080291970803
haggle,KFC_v2,iterative,0.14030131826741996,0.9197080291970803
haggle,KFC_v2,iterative,0.14077212806026365,0.9197080291970803
haggle,KFC_v2,iterative,0.14124293785310735,0.9197080291970803
haggle,KFC_v2,iterative,0.14171374764595104,0.9197080291970803
haggle,KFC_v2,iterative,0.1421845574387947,0.9197080291970803
haggle,KFC_v2,iterative,0.1426553672316384,0.9197080291970803
haggle,KFC_v2,iterative,0.1431261770244821,0.9197080291970803
haggle,KFC_v2,iterative,0.1435969868173258,0.9197080291970803
haggle,KFC_v2,iterative,0.1440677966101695,0.9197080291970803
haggle,KFC_v2,iterative,0.14453860640301316,0.9197080291970803
haggle,KFC_v2,iterative,0.14500941619585686,0.9197080291970803
haggle,KFC_v2,iterative,0.14548022598870056,0.9197080291970803
haggle,KFC_v2,iterative,0.14595103578154425,0.9197080291970803
haggle,KFC_v2,iterative,0.14642184557438795,0.9197080291970803
haggle,KFC_v2,iterative,0.14689265536723164,0.9197080291970803
haggle,KFC_v2,iterative,0.1473634651600753,0.9197080291970803
haggle,KFC_v2,iterative,0.147834274952919,0.9197080291970803
haggle,KFC_v2,iterative,0.1483050847457627,0.9197080291970803
haggle,KFC_v2,iterative,0.1487758945386064,0.9197080291970803
haggle,KFC_v2,iterative,0.1492467043314501,0.9197080291970803
haggle,KFC_v2,iterative,0.14971751412429377,0.9197080291970803
haggle,KFC_v2,iterative,0.15018832391713746,0.9197080291970803
haggle,KFC_v2,iterative,0.15065913370998116,0.9197080291970803
haggle,KFC_v2,iterative,0.15112994350282485,0.9197080291970803
haggle,KFC_v2,iterative,0.15160075329566855,0.9197080291970803
haggle,KFC_v2,iterative,0.15207156308851225,0.9197080291970803
haggle,KFC_v2,iterative,0.15254237288135591,0.9197080291970803
haggle,KFC_v2,iterative,0.1530131826741996,0.9197080291970803
haggle,KFC_v2,iterative,0.1534839924670433,0.9197080291970803
haggle,KFC_v2,iterative,0.153954802259887,0.9197080291970803
haggle,KFC_v2,iterative,0.1544256120527307,0.9197080291970803
haggle,KFC_v2,iterative,0.1548964218455744,0.9197080291970803
haggle,KFC_v2,iterative,0.15536723163841806,0.9197080291970803
haggle,KFC_v2,iterative,0.15583804143126176,0.9197080291970803
haggle,KFC_v2,iterative,0.15630885122410546,0.9197080291970803
haggle,KFC_v2,iterative,0.15677966101694915,0.9197080291970803
haggle,KFC_v2,iterative,0.15725047080979285,0.9197080291970803
haggle,KFC_v2,iterative,0.15772128060263652,0.9197080291970803
haggle,KFC_v2,iterative,0.1581920903954802,0.9197080291970803
haggle,KFC_v2,iterative,0.1586629001883239,0.9197080291970803
haggle,KFC_v2,iterative,0.1591337099811676,0.9197080291970803
haggle,KFC_v2,iterative,0.1596045197740113,0.9197080291970803
haggle,KFC_v2,iterative,0.160075329566855,0.9197080291970803
haggle,KFC_v2,iterative,0.16054613935969866,0.9197080291970803
haggle,KFC_v2,iterative,0.16101694915254236,0.9197080291970803
haggle,KFC_v2,iterative,0.16148775894538606,0.9197080291970803
haggle,KFC_v2,iterative,0.16195856873822975,0.9197080291970803
haggle,KFC_v2,iterative,0.16242937853107345,0.9197080291970803
haggle,KFC_v2,iterative,0.16290018832391714,0.9197080291970803
haggle,KFC_v2,iterative,0.1633709981167608,0.9197080291970803
haggle,KFC_v2,iterative,0.1638418079096045,0.9197080291970803
haggle,KFC_v2,iterative,0.1643126177024482,0.9197080291970803
haggle,KFC_v2,iterative,0.1647834274952919,0.9197080291970803
haggle,KFC_v2,iterative,0.1652542372881356,0.8832116788321168
haggle,KFC_v2,iterative,0.16572504708097927,0.8832116788321168
haggle,KFC_v2,iterative,0.16619585687382296,0.8832116788321168
haggle,KFC_v2,iterative,0.16666666666666666,0.8832116788321168
haggle,KFC_v2,iterative,0.16713747645951035,0.8832116788321168
haggle,KFC_v2,iterative,0.16760828625235405,0.8832116788321168
haggle,KFC_v2,iterative,0.16807909604519775,0.8832116788321168
haggle,KFC_v2,iterative,0.16854990583804141,0.8832116788321168
haggle,KFC_v2,iterative,0.1690207156308851,0.8832116788321168
haggle,KFC_v2,iterative,0.1694915254237288,0.8832116788321168
haggle,KFC_v2,iterative,0.1699623352165725,0.8832116788321168
haggle,KFC_v2,iterative,0.1704331450094162,0.8832116788321168
haggle,KFC_v2,iterative,0.17090395480225987,0.8832116788321168
haggle,KFC_v2,iterative,0.17137476459510356,0.8832116788321168
haggle,KFC_v2,iterative,0.17184557438794726,0.8832116788321168
haggle,KFC_v2,iterative,0.17231638418079095,0.8832116788321168
haggle,KFC_v2,iterative,0.17278719397363465,0.8321167883211679
haggle,KFC_v2,iterative,0.17325800376647835,0.8321167883211679
haggle,KFC_v2,iterative,0.17372881355932202,0.8321167883211679
haggle,KFC_v2,iterative,0.1741996233521657,0.8321167883211679
haggle,KFC_v2,iterative,0.1746704331450094,0.8321167883211679
haggle,KFC_v2,iterative,0.1751412429378531,0.8321167883211679
haggle,KFC_v2,iterative,0.1756120527306968,0.8321167883211679
haggle,KFC_v2,iterative,0.1760828625235405,0.8321167883211679
haggle,KFC_v2,iterative,0.17655367231638416,0.8321167883211679
haggle,KFC_v2,iterative,0.17702448210922786,0.8321167883211679
haggle,KFC_v2,iterative,0.17749529190207156,0.8321167883211679
haggle,KFC_v2,iterative,0.17796610169491525,0.8321167883211679
haggle,KFC_v2,iterative,0.17843691148775895,0.8321167883211679
haggle,KFC_v2,iterative,0.17890772128060262,0.8321167883211679
haggle,KFC_v2,iterative,0.1793785310734463,0.8321167883211679
haggle,KFC_v2,iterative,0.17984934086629,0.8321167883211679
haggle,KFC_v2,iterative,0.1803201506591337,0.8321167883211679
haggle,KFC_v2,iterative,0.1807909604519774,0.8321167883211679
haggle,KFC_v2,iterative,0.1812617702448211,0.8321167883211679
haggle,KFC_v2,iterative,0.18173258003766476,0.8321167883211679
haggle,KFC_v2,iterative,0.18220338983050846,0.8321167883211679
haggle,KFC_v2,iterative,0.18267419962335216,0.8321167883211679
haggle,KFC_v2,iterative,0.18314500941619585,0.8321167883211679
haggle,KFC_v2,iterative,0.18361581920903955,0.8321167883211679
haggle,KFC_v2,iterative,0.18408662900188325,0.8321167883211679
haggle,KFC_v2,iterative,0.1845574387947269,0.8321167883211679
haggle,KFC_v2,iterative,0.1850282485875706,0.8321167883211679
haggle,KFC_v2,iterative,0.1854990583804143,0.8321167883211679
haggle,KFC_v2,iterative,0.185969868173258,0.8321167883211679
haggle,KFC_v2,iterative,0.1864406779661017,0.8321167883211679
haggle,KFC_v2,iterative,0.18691148775894537,0.8321167883211679
haggle,KFC_v2,iterative,0.18738229755178906,0.8321167883211679
haggle,KFC_v2,iterative,0.18785310734463276,0.8321167883211679
haggle,KFC_v2,iterative,0.18832391713747645,0.8321167883211679
haggle,KFC_v2,iterative,0.18879472693032015,0.8321167883211679
haggle,KFC_v2,iterative,0.18926553672316385,0.8321167883211679
haggle,KFC_v2,iterative,0.18973634651600751,0.8321167883211679
haggle,KFC_v2,iterative,0.1902071563088512,0.8321167883211679
haggle,KFC_v2,iterative,0.1906779661016949,0.8321167883211679
haggle,KFC_v2,iterative,0.1911487758945386,0.8321167883211679
haggle,KFC_v2,iterative,0.1916195856873823,0.8321167883211679
haggle,KFC_v2,iterative,0.19209039548022597,0.8321167883211679
haggle,KFC_v2,iterative,0.19256120527306966,0.8321167883211679
haggle,KFC_v2,iterative,0.19303201506591336,0.8321167883211679
haggle,KFC_v2,iterative,0.19350282485875706,0.8321167883211679
haggle,KFC_v2,iterative,0.19397363465160075,0.8321167883211679
haggle,KFC_v2,iterative,0.19444444444444445,0.8321167883211679
haggle,KFC_v2,iterative,0.19491525423728812,0.8321167883211679
haggle,KFC_v2,iterative,0.1953860640301318,0.8321167883211679
haggle,KFC_v2,iterative,0.1958568738229755,0.8321167883211679
haggle,KFC_v2,iterative,0.1963276836158192,0.8321167883211679
haggle,KFC_v2,iterative,0.1967984934086629,0.8321167883211679
haggle,KFC_v2,iterative,0.1972693032015066,0.8321167883211679
haggle,KFC_v2,iterative,0.19774011299435026,0.8321167883211679
haggle,KFC_v2,iterative,0.19821092278719396,0.8321167883211679
haggle,KFC_v2,iterative,0.19868173258003766,0.8321167883211679
haggle,KFC_v2,iterative,0.19915254237288135,0.8321167883211679
haggle,KFC_v2,iterative,0.19962335216572505,0.8321167883211679
haggle,KFC_v2,iterative,0.20009416195856872,0.8321167883211679
haggle,KFC_v2,iterative,0.2005649717514124,0.8321167883211679
haggle,KFC_v2,iterative,0.2010357815442561,0.8321167883211679
haggle,KFC_v2,iterative,0.2015065913370998,0.8321167883211679
haggle,KFC_v2,iterative,0.2019774011299435,0.8321167883211679
haggle,KFC_v2,iterative,0.2024482109227872,0.8321167883211679
haggle,KFC_v2,iterative,0.20291902071563087,0.8321167883211679
haggle,KFC_v2,iterative,0.20338983050847456,0.8321167883211679
haggle,KFC_v2,iterative,0.20386064030131826,0.8321167883211679
haggle,KFC_v2,iterative,0.20433145009416195,0.8321167883211679
haggle,KFC_v2,iterative,0.20480225988700565,0.8321167883211679
haggle,KFC_v2,iterative,0.20527306967984935,0.8321167883211679
haggle,KFC_v2,iterative,0.20574387947269301,0.8321167883211679
haggle,KFC_v2,iterative,0.2062146892655367,0.8321167883211679
haggle,KFC_v2,iterative,0.2066854990583804,0.8321167883211679
haggle,KFC_v2,iterative,0.2071563088512241,0.8321167883211679
haggle,KFC_v2,iterative,0.2076271186440678,0.8321167883211679
haggle,KFC_v2,iterative,0.20809792843691147,0.8321167883211679
haggle,KFC_v2,iterative,0.20856873822975516,0.8321167883211679
haggle,KFC_v2,iterative,0.20903954802259886,0.8321167883211679
haggle,KFC_v2,iterative,0.20951035781544255,0.8321167883211679
haggle,KFC_v2,iterative,0.20998116760828625,0.8321167883211679
haggle,KFC_v2,iterative,0.21045197740112995,0.8321167883211679
haggle,KFC_v2,iterative,0.21092278719397362,0.8321167883211679
haggle,KFC_v2,iterative,0.2113935969868173,0.8321167883211679
haggle,KFC_v2,iterative,0.211864406779661,0.8321167883211679
haggle,KFC_v2,iterative,0.2123352165725047,0.8321167883211679
haggle,KFC_v2,iterative,0.2128060263653484,0.8321167883211679
haggle,KFC_v2,iterative,0.21327683615819207,0.8321167883211679
haggle,KFC_v2,iterative,0.21374764595103576,0.8321167883211679
haggle,KFC_v2,iterative,0.21421845574387946,0.8321167883211679
haggle,KFC_v2,iterative,0.21468926553672316,0.8321167883211679
haggle,KFC_v2,iterative,0.21516007532956685,0.8321167883211679
haggle,KFC_v2,iterative,0.21563088512241055,0.8321167883211679
haggle,KFC_v2,iterative,0.21610169491525422,0.8321167883211679
haggle,KFC_v2,iterative,0.2165725047080979,0.8321167883211679
haggle,KFC_v2,iterative,0.2170433145009416,0.8321167883211679
haggle,KFC_v2,iterative,0.2175141242937853,0.8321167883211679
haggle,KFC_v2,iterative,0.217984934086629,0.8321167883211679
haggle,KFC_v2,iterative,0.2184557438794727,0.8321167883211679
haggle,KFC_v2,iterative,0.21892655367231637,0.8321167883211679
haggle,KFC_v2,iterative,0.21939736346516006,0.8321167883211679
haggle,KFC_v2,iterative,0.21986817325800376,0.8321167883211679
haggle,KFC_v2,iterative,0.22033898305084745,0.8321167883211679
haggle,KFC_v2,iterative,0.22080979284369115,0.8321167883211679
haggle,KFC_v2,iterative,0.22128060263653482,0.8321167883211679
haggle,KFC_v2,iterative,0.2217514124293785,0.8321167883211679
haggle,KFC_v2,iterative,0.2222222222222222,0.8321167883211679
haggle,KFC_v2,iterative,0.2226930320150659,0.8321167883211679
haggle,KFC_v2,iterative,0.2231638418079096,0.8321167883211679
haggle,KFC_v2,iterative,0.2236346516007533,0.8321167883211679
haggle,KFC_v2,iterative,0.22410546139359697,0.8321167883211679
haggle,KFC_v2,iterative,0.22457627118644066,0.8321167883211679
haggle,KFC_v2,iterative,0.22504708097928436,0.8321167883211679
haggle,KFC_v2,iterative,0.22551789077212805,0.8321167883211679
haggle,KFC_v2,iterative,0.22598870056497175,0.8321167883211679
haggle,KFC_v2,iterative,0.22645951035781545,0.8321167883211679
haggle,KFC_v2,iterative,0.22693032015065911,0.8321167883211679
haggle,KFC_v2,iterative,0.2274011299435028,0.8321167883211679
haggle,KFC_v2,iterative,0.2278719397363465,0.8321167883211679
haggle,KFC_v2,iterative,0.2283427495291902,0.8321167883211679
haggle,KFC_v2,iterative,0.2288135593220339,0.8321167883211679
haggle,KFC_v2,iterative,0.22928436911487757,0.8321167883211679
haggle,KFC_v2,iterative,0.22975517890772126,0.8321167883211679
haggle,KFC_v2,iterative,0.23022598870056496,0.8321167883211679
haggle,KFC_v2,iterative,0.23069679849340866,0.8321167883211679
haggle,KFC_v2,iterative,0.23116760828625235,0.8321167883211679
haggle,KFC_v2,iterative,0.23163841807909605,0.8321167883211679
haggle,KFC_v2,iterative,0.23210922787193972,0.8321167883211679
haggle,KFC_v2,iterative,0.2325800376647834,0.8321167883211679
haggle,KFC_v2,iterative,0.2330508474576271,0.8321167883211679
haggle,KFC_v2,iterative,0.2335216572504708,0.8321167883211679
haggle,KFC_v2,iterative,0.2339924670433145,0.8321167883211679
haggle,KFC_v2,iterative,0.23446327683615817,0.8321167883211679
haggle,KFC_v2,iterative,0.23493408662900186,0.8321167883211679
haggle,KFC_v2,iterative,0.23540489642184556,0.8321167883211679
haggle,KFC_v2,iterative,0.23587570621468926,0.8321167883211679
haggle,KFC_v2,iterative,0.23634651600753295,0.8321167883211679
haggle,KFC_v2,iterative,0.23681732580037665,0.8321167883211679
haggle,KFC_v2,iterative,0.23728813559322032,0.8321167883211679
haggle,KFC_v2,iterative,0.237758945386064,0.8321167883211679
haggle,KFC_v2,iterative,0.2382297551789077,0.8321167883211679
haggle,KFC_v2,iterative,0.2387005649717514,0.8321167883211679
haggle,KFC_v2,iterative,0.2391713747645951,0.8321167883211679
haggle,KFC_v2,iterative,0.2396421845574388,0.8321167883211679
haggle,KFC_v2,iterative,0.24011299435028247,0.8321167883211679
haggle,KFC_v2,iterative,0.24058380414312616,0.8321167883211679
haggle,KFC_v2,iterative,0.24105461393596986,0.8321167883211679
haggle,KFC_v2,iterative,0.24152542372881355,0.8321167883211679
haggle,KFC_v2,iterative,0.24199623352165725,0.8321167883211679
haggle,KFC_v2,iterative,0.24246704331450092,0.8321167883211679
haggle,KFC_v2,iterative,0.24293785310734461,0.8321167883211679
haggle,KFC_v2,iterative,0.2434086629001883,0.8321167883211679
haggle,KFC_v2,iterative,0.243879472693032,0.8321167883211679
haggle,KFC_v2,iterative,0.2443502824858757,0.8321167883211679
haggle,KFC_v2,iterative,0.2448210922787194,0.8321167883211679
haggle,KFC_v2,iterative,0.24529190207156307,0.8321167883211679
haggle,KFC_v2,iterative,0.24576271186440676,0.8321167883211679
haggle,KFC_v2,iterative,0.24623352165725046,0.8321167883211679
haggle,KFC_v2,iterative,0.24670433145009416,0.8321167883211679
haggle,KFC_v2,iterative,0.24717514124293785,0.8321167883211679
haggle,KFC_v2,iterative,0.24764595103578155,0.8321167883211679
haggle,KFC_v2,iterative,0.24811676082862522,0.8321167883211679
haggle,KFC_v2,iterative,0.2485875706214689,0.8321167883211679
haggle,KFC_v2,iterative,0.2490583804143126,0.8321167883211679
haggle,KFC_v2,iterative,0.2495291902071563,0.8321167883211679
haggle,KFC_v2,iterative,0.25,0.8321167883211679
haggle,KFC_v2,iterative,0.2504708097928437,0.8321167883211679
haggle,KFC_v2,iterative,0.2509416195856874,0.8321167883211679
haggle,KFC_v2,iterative,0.2514124293785311,0.8321167883211679
haggle,KFC_v2,iterative,0.25188323917137473,0.8321167883211679
haggle,KFC_v2,iterative,0.2523540489642184,0.8321167883211679
haggle,KFC_v2,iterative,0.2528248587570621,0.8321167883211679
haggle,KFC_v2,iterative,0.2532956685499058,0.8321167883211679
haggle,KFC_v2,iterative,0.2537664783427495,0.8321167883211679
haggle,KFC_v2,iterative,0.2542372881355932,0.8321167883211679
haggle,KFC_v2,iterative,0.2547080979284369,0.8321167883211679
haggle,KFC_v2,iterative,0.2551789077212806,0.8321167883211679
haggle,KFC_v2,iterative,0.2556497175141243,0.8321167883211679
haggle,KFC_v2,iterative,0.256120527306968,0.8321167883211679
haggle,KFC_v2,iterative,0.2565913370998117,0.8321167883211679
haggle,KFC_v2,iterative,0.25706214689265533,0.8321167883211679
haggle,KFC_v2,iterative,0.257532956685499,0.8321167883211679
haggle,KFC_v2,iterative,0.2580037664783427,0.8321167883211679
haggle,KFC_v2,iterative,0.2584745762711864,0.8321167883211679
haggle,KFC_v2,iterative,0.2589453860640301,0.8321167883211679
haggle,KFC_v2,iterative,0.2594161958568738,0.8321167883211679
haggle,KFC_v2,iterative,0.2598870056497175,0.8321167883211679
haggle,KFC_v2,iterative,0.2603578154425612,0.8321167883211679
haggle,KFC_v2,iterative,0.2608286252354049,0.8321167883211679
haggle,KFC_v2,iterative,0.2612994350282486,0.8321167883211679
haggle,KFC_v2,iterative,0.2617702448210923,0.8321167883211679
haggle,KFC_v2,iterative,0.262241054613936,0.8321167883211679
haggle,KFC_v2,iterative,0.2627118644067796,0.8321167883211679
haggle,KFC_v2,iterative,0.2631826741996233,0.8321167883211679
haggle,KFC_v2,iterative,0.263653483992467,0.8321167883211679
haggle,KFC_v2,iterative,0.2641242937853107,0.8321167883211679
haggle,KFC_v2,iterative,0.2645951035781544,0.8321167883211679
haggle,KFC_v2,iterative,0.2650659133709981,0.8321167883211679
haggle,KFC_v2,iterative,0.2655367231638418,0.8321167883211679
haggle,KFC_v2,iterative,0.2660075329566855,0.8321167883211679
haggle,KFC_v2,iterative,0.2664783427495292,0.8321167883211679
haggle,KFC_v2,iterative,0.2669491525423729,0.8321167883211679
haggle,KFC_v2,iterative,0.2674199623352166,0.8321167883211679
haggle,KFC_v2,iterative,0.26789077212806023,0.8321167883211679
haggle,KFC_v2,iterative,0.2683615819209039,0.8321167883211679
haggle,KFC_v2,iterative,0.2688323917137476,0.8321167883211679
haggle,KFC_v2,iterative,0.2693032015065913,0.8321167883211679
haggle,KFC_v2,iterative,0.269774011299435,0.8321167883211679
haggle,KFC_v2,iterative,0.2702448210922787,0.8321167883211679
haggle,KFC_v2,iterative,0.2707156308851224,0.8321167883211679
haggle,KFC_v2,iterative,0.2711864406779661,0.8321167883211679
haggle,KFC_v2,iterative,0.2716572504708098,0.8321167883211679
haggle,KFC_v2,iterative,0.2721280602636535,0.8321167883211679
haggle,KFC_v2,iterative,0.2725988700564972,0.8321167883211679
haggle,KFC_v2,iterative,0.27306967984934083,0.8321167883211679
haggle,KFC_v2,iterative,0.2735404896421845,0.8321167883211679
haggle,KFC_v2,iterative,0.2740112994350282,0.8321167883211679
haggle,KFC_v2,iterative,0.2744821092278719,0.8321167883211679
haggle,KFC_v2,iterative,0.2749529190207156,0.8321167883211679
haggle,KFC_v2,iterative,0.2754237288135593,0.8321167883211679
haggle,KFC_v2,iterative,0.275894538606403,0.8321167883211679
haggle,KFC_v2,iterative,0.2763653483992467,0.8321167883211679
haggle,KFC_v2,iterative,0.2768361581920904,0.8321167883211679
haggle,KFC_v2,iterative,0.2773069679849341,0.8321167883211679
haggle,KFC_v2,iterative,0.2777777777777778,0.8321167883211679
haggle,KFC_v2,iterative,0.27824858757062143,0.8321167883211679
haggle,KFC_v2,iterative,0.2787193973634651,0.8321167883211679
haggle,KFC_v2,iterative,0.2791902071563088,0.8321167883211679
haggle,KFC_v2,iterative,0.2796610169491525,0.8321167883211679
haggle,KFC_v2,iterative,0.2801318267419962,0.8321167883211679
haggle,KFC_v2,iterative,0.2806026365348399,0.8321167883211679
haggle,KFC_v2,iterative,0.2810734463276836,0.8321167883211679
haggle,KFC_v2,iterative,0.2815442561205273,0.8321167883211679
haggle,KFC_v2,iterative,0.282015065913371,0.8321167883211679
haggle,KFC_v2,iterative,0.2824858757062147,0.8321167883211679
haggle,KFC_v2,iterative,0.2829566854990584,0.8321167883211679
haggle,KFC_v2,iterative,0.2834274952919021,0.8321167883211679
haggle,KFC_v2,iterative,0.28389830508474573,0.8321167883211679
haggle,KFC_v2,iterative,0.2843691148775894,0.8321167883211679
haggle,KFC_v2,iterative,0.2848399246704331,0.8321167883211679
haggle,KFC_v2,iterative,0.2853107344632768,0.8321167883211679
haggle,KFC_v2,iterative,0.2857815442561205,0.8321167883211679
haggle,KFC_v2,iterative,0.2862523540489642,0.8321167883211679
haggle,KFC_v2,iterative,0.2867231638418079,0.8321167883211679
haggle,KFC_v2,iterative,0.2871939736346516,0.8321167883211679
haggle,KFC_v2,iterative,0.2876647834274953,0.8321167883211679
haggle,KFC_v2,iterative,0.288135593220339,0.8321167883211679
haggle,KFC_v2,iterative,0.2886064030131827,0.8321167883211679
haggle,KFC_v2,iterative,0.28907721280602633,0.8321167883211679
haggle,KFC_v2,iterative,0.28954802259887,0.8321167883211679
haggle,KFC_v2,iterative,0.2900188323917137,0.8321167883211679
haggle,KFC_v2,iterative,0.2904896421845574,0.8321167883211679
haggle,KFC_v2,iterative,0.2909604519774011,0.8321167883211679
haggle,KFC_v2,iterative,0.2914312617702448,0.8321167883211679
haggle,KFC_v2,iterative,0.2919020715630885,0.8321167883211679
haggle,KFC_v2,iterative,0.2923728813559322,0.6751824817518248
haggle,KFC_v2,iterative,0.2928436911487759,0.6751824817518248
haggle,KFC_v2,iterative,0.2933145009416196,0.6751824817518248
haggle,KFC_v2,iterative,0.2937853107344633,0.6751824817518248
haggle,KFC_v2,iterative,0.29425612052730693,0.6751824817518248
haggle,KFC_v2,iterative,0.2947269303201506,0.6751824817518248
haggle,KFC_v2,iterative,0.2951977401129943,0.6751824817518248
haggle,KFC_v2,iterative,0.295668549905838,0.6751824817518248
haggle,KFC_v2,iterative,0.2961393596986817,0.6751824817518248
haggle,KFC_v2,iterative,0.2966101694915254,0.6751824817518248
haggle,KFC_v2,iterative,0.2970809792843691,0.6751824817518248
haggle,KFC_v2,iterative,0.2975517890772128,0.6751824817518248
haggle,KFC_v2,iterative,0.2980225988700565,0.6751824817518248
haggle,KFC_v2,iterative,0.2984934086629002,0.6751824817518248
haggle,KFC_v2,iterative,0.2989642184557439,0.6751824817518248
haggle,KFC_v2,iterative,0.29943502824858753,0.6751824817518248
haggle,KFC_v2,iterative,0.2999058380414312,0.6751824817518248
haggle,KFC_v2,iterative,0.3003766478342749,0.6751824817518248
haggle,KFC_v2,iterative,0.3008474576271186,0.6751824817518248
haggle,KFC_v2,iterative,0.3013182674199623,0.6751824817518248
haggle,KFC_v2,iterative,0.301789077212806,0.6751824817518248
haggle,KFC_v2,iterative,0.3022598870056497,0.6751824817518248
haggle,KFC_v2,iterative,0.3027306967984934,0.6751824817518248
haggle,KFC_v2,iterative,0.3032015065913371,0.6751824817518248
haggle,KFC_v2,iterative,0.3036723163841808,0.6751824817518248
haggle,KFC_v2,iterative,0.3041431261770245,0.6751824817518248
haggle,KFC_v2,iterative,0.3046139359698682,0.6751824817518248
haggle,KFC_v2,iterative,0.30508474576271183,0.6751824817518248
haggle,KFC_v2,iterative,0.3055555555555555,0.6751824817518248
haggle,KFC_v2,iterative,0.3060263653483992,0.6751824817518248
haggle,KFC_v2,iterative,0.3064971751412429,0.6751824817518248
haggle,KFC_v2,iterative,0.3069679849340866,0.6751824817518248
haggle,KFC_v2,iterative,0.3074387947269303,0.6751824817518248
haggle,KFC_v2,iterative,0.307909604519774,0.6751824817518248
haggle,KFC_v2,iterative,0.3083804143126177,0.6751824817518248
haggle,KFC_v2,iterative,0.3088512241054614,0.6751824817518248
haggle,KFC_v2,iterative,0.3093220338983051,0.6751824817518248
haggle,KFC_v2,iterative,0.3097928436911488,0.6751824817518248
haggle,KFC_v2,iterative,0.31026365348399243,0.6751824817518248
haggle,KFC_v2,iterative,0.3107344632768361,0.6751824817518248
haggle,KFC_v2,iterative,0.3112052730696798,0.6751824817518248
haggle,KFC_v2,iterative,0.3116760828625235,0.6751824817518248
haggle,KFC_v2,iterative,0.3121468926553672,0.6751824817518248
haggle,KFC_v2,iterative,0.3126177024482109,0.6751824817518248
haggle,KFC_v2,iterative,0.3130885122410546,0.6751824817518248
haggle,KFC_v2,iterative,0.3135593220338983,0.6751824817518248
haggle,KFC_v2,iterative,0.314030131826742,0.6751824817518248
haggle,KFC_v2,iterative,0.3145009416195857,0.6751824817518248
haggle,KFC_v2,iterative,0.3149717514124294,0.6751824817518248
haggle,KFC_v2,iterative,0.31544256120527303,0.6751824817518248
haggle,KFC_v2,iterative,0.3159133709981167,0.6751824817518248
haggle,KFC_v2,iterative,0.3163841807909604,0.6751824817518248
haggle,KFC_v2,iterative,0.3168549905838041,0.6751824817518248
haggle,KFC_v2,iterative,0.3173258003766478,0.6751824817518248
haggle,KFC_v2,iterative,0.3177966101694915,0.6751824817518248
haggle,KFC_v2,iterative,0.3182674199623352,0.6751824817518248
haggle,KFC_v2,iterative,0.3187382297551789,0.6751824817518248
haggle,KFC_v2,iterative,0.3192090395480226,0.6751824817518248
haggle,KFC_v2,iterative,0.3196798493408663,0.6751824817518248
haggle,KFC_v2,iterative,0.32015065913371,0.6751824817518248
haggle,KFC_v2,iterative,0.32062146892655363,0.6751824817518248
haggle,KFC_v2,iterative,0.32109227871939733,0.6751824817518248
haggle,KFC_v2,iterative,0.321563088512241,0.6751824817518248
haggle,KFC_v2,iterative,0.3220338983050847,0.6751824817518248
haggle,KFC_v2,iterative,0.3225047080979284,0.6751824817518248
haggle,KFC_v2,iterative,0.3229755178907721,0.6751824817518248
haggle,KFC_v2,iterative,0.3234463276836158,0.6751824817518248
haggle,KFC_v2,iterative,0.3239171374764595,0.6751824817518248
haggle,KFC_v2,iterative,0.3243879472693032,0.6751824817518248
haggle,KFC_v2,iterative,0.3248587570621469,0.6751824817518248
haggle,KFC_v2,iterative,0.3253295668549906,0.6751824817518248
haggle,KFC_v2,iterative,0.3258003766478343,0.6751824817518248
haggle,KFC_v2,iterative,0.32627118644067793,0.6751824817518248
haggle,KFC_v2,iterative,0.3267419962335216,0.6751824817518248
haggle,KFC_v2,iterative,0.3272128060263653,0.6751824817518248
haggle,KFC_v2,iterative,0.327683615819209,0.6751824817518248
haggle,KFC_v2,iterative,0.3281544256120527,0.6751824817518248
haggle,KFC_v2,iterative,0.3286252354048964,0.6751824817518248
haggle,KFC_v2,iterative,0.3290960451977401,0.6751824817518248
haggle,KFC_v2,iterative,0.3295668549905838,0.6751824817518248
haggle,KFC_v2,iterative,0.3300376647834275,0.6751824817518248
haggle,KFC_v2,iterative,0.3305084745762712,0.6751824817518248
haggle,KFC_v2,iterative,0.3309792843691149,0.6751824817518248
haggle,KFC_v2,iterative,0.33145009416195853,0.6751824817518248
haggle,KFC_v2,iterative,0.3319209039548022,0.6751824817518248
haggle,KFC_v2,iterative,0.3323917137476459,0.6751824817518248
haggle,KFC_v2,iterative,0.3328625235404896,0.6751824817518248
haggle,KFC_v2,iterative,0.3333333333333333,0.6751824817518248
haggle,KFC_v2,iterative,0.333804143126177,0.6751824817518248
haggle,KFC_v2,iterative,0.3342749529190207,0.6751824817518248
haggle,KFC_v2,iterative,0.3347457627118644,0.6751824817518248
haggle,KFC_v2,iterative,0.3352165725047081,0.6751824817518248
haggle,KFC_v2,iterative,0.3356873822975518,0.6751824817518248
haggle,KFC_v2,iterative,0.3361581920903955,0.6751824817518248
haggle,KFC_v2,iterative,0.33662900188323913,0.6751824817518248
haggle,KFC_v2,iterative,0.33709981167608283,0.6751824817518248
haggle,KFC_v2,iterative,0.3375706214689265,0.6751824817518248
haggle,KFC_v2,iterative,0.3380414312617702,0.6751824817518248
haggle,KFC_v2,iterative,0.3385122410546139,0.6751824817518248
haggle,KFC_v2,iterative,0.3389830508474576,0.6751824817518248
haggle,KFC_v2,iterative,0.3394538606403013,0.6751824817518248
haggle,KFC_v2,iterative,0.339924670433145,0.6751824817518248
haggle,KFC_v2,iterative,0.3403954802259887,0.6751824817518248
haggle,KFC_v2,iterative,0.3408662900188324,0.6751824817518248
haggle,KFC_v2,iterative,0.3413370998116761,0.6751824817518248
haggle,KFC_v2,iterative,0.34180790960451973,0.6751824817518248
haggle,KFC_v2,iterative,0.34227871939736343,0.6751824817518248
haggle,KFC_v2,iterative,0.3427495291902071,0.6751824817518248
haggle,KFC_v2,iterative,0.3432203389830508,0.6751824817518248
haggle,KFC_v2,iterative,0.3436911487758945,0.6751824817518248
haggle,KFC_v2,iterative,0.3441619585687382,0.6751824817518248
haggle,KFC_v2,iterative,0.3446327683615819,0.6751824817518248
haggle,KFC_v2,iterative,0.3451035781544256,0.6751824817518248
haggle,KFC_v2,iterative,0.3455743879472693,0.6751824817518248
haggle,KFC_v2,iterative,0.346045197740113,0.6751824817518248
haggle,KFC_v2,iterative,0.3465160075329567,0.6751824817518248
haggle,KFC_v2,iterative,0.3469868173258004,0.6751824817518248
haggle,KFC_v2,iterative,0.34745762711864403,0.6751824817518248
haggle,KFC_v2,iterative,0.3479284369114877,0.6751824817518248
haggle,KFC_v2,iterative,0.3483992467043314,0.6751824817518248
haggle,KFC_v2,iterative,0.3488700564971751,0.6751824817518248
haggle,KFC_v2,iterative,0.3493408662900188,0.6751824817518248
haggle,KFC_v2,iterative,0.3498116760828625,0.6751824817518248
haggle,KFC_v2,iterative,0.3502824858757062,0.6751824817518248
haggle,KFC_v2,iterative,0.3507532956685499,0.6751824817518248
haggle,KFC_v2,iterative,0.3512241054613936,0.6751824817518248
haggle,KFC_v2,iterative,0.3516949152542373,0.6751824817518248
haggle,KFC_v2,iterative,0.352165725047081,0.6751824817518248
haggle,KFC_v2,iterative,0.35263653483992463,0.6751824817518248
haggle,KFC_v2,iterative,0.3531073446327683,0.6751824817518248
haggle,KFC_v2,iterative,0.353578154425612,0.6751824817518248
haggle,KFC_v2,iterative,0.3540489642184557,0.6751824817518248
haggle,KFC_v2,iterative,0.3545197740112994,0.6751824817518248
haggle,KFC_v2,iterative,0.3549905838041431,0.6751824817518248
haggle,KFC_v2,iterative,0.3554613935969868,0.6751824817518248
haggle,KFC_v2,iterative,0.3559322033898305,0.6751824817518248
haggle,KFC_v2,iterative,0.3564030131826742,0.6751824817518248
haggle,KFC_v2,iterative,0.3568738229755179,0.6751824817518248
haggle,KFC_v2,iterative,0.3573446327683616,0.6751824817518248
haggle,KFC_v2,iterative,0.35781544256120523,0.6751824817518248
haggle,KFC_v2,iterative,0.35828625235404893,0.6751824817518248
haggle,KFC_v2,iterative,0.3587570621468926,0.6751824817518248
haggle,KFC_v2,iterative,0.3592278719397363,0.5875912408759124
haggle,KFC_v2,iterative,0.35969868173258,0.5875912408759124
haggle,KFC_v2,iterative,0.3601694915254237,0.5875912408759124
haggle,KFC_v2,iterative,0.3606403013182674,0.5875912408759124
haggle,KFC_v2,iterative,0.3611111111111111,0.5875912408759124
haggle,KFC_v2,iterative,0.3615819209039548,0.5875912408759124
haggle,KFC_v2,iterative,0.3620527306967985,0.5875912408759124
haggle,KFC_v2,iterative,0.3625235404896422,0.5875912408759124
haggle,KFC_v2,iterative,0.36299435028248583,0.5875912408759124
haggle,KFC_v2,iterative,0.36346516007532953,0.5875912408759124
haggle,KFC_v2,iterative,0.3639359698681732,0.5875912408759124
haggle,KFC_v2,iterative,0.3644067796610169,0.5875912408759124
haggle,KFC_v2,iterative,0.3648775894538606,0.5875912408759124
haggle,KFC_v2,iterative,0.3653483992467043,0.5875912408759124
haggle,KFC_v2,iterative,0.365819209039548,0.5875912408759124
haggle,KFC_v2,iterative,0.3662900188323917,0.5875912408759124
haggle,KFC_v2,iterative,0.3667608286252354,0.5875912408759124
haggle,KFC_v2,iterative,0.3672316384180791,0.5875912408759124
haggle,KFC_v2,iterative,0.3677024482109228,0.5875912408759124
haggle,KFC_v2,iterative,0.3681732580037665,0.5875912408759124
haggle,KFC_v2,iterative,0.36864406779661013,0.5875912408759124
haggle,KFC_v2,iterative,0.3691148775894538,0.5875912408759124
haggle,KFC_v2,iterative,0.3695856873822975,0.5875912408759124
haggle,KFC_v2,iterative,0.3700564971751412,0.5875912408759124
haggle,KFC_v2,iterative,0.3705273069679849,0.5875912408759124
haggle,KFC_v2,iterative,0.3709981167608286,0.5875912408759124
haggle,KFC_v2,iterative,0.3714689265536723,0.5875912408759124
haggle,KFC_v2,iterative,0.371939736346516,0.5875912408759124
haggle,KFC_v2,iterative,0.3724105461393597,0.5875912408759124
haggle,KFC_v2,iterative,0.3728813559322034,0.5875912408759124
haggle,KFC_v2,iterative,0.3733521657250471,0.5875912408759124
haggle,KFC_v2,iterative,0.37382297551789073,0.5875912408759124
haggle,KFC_v2,iterative,0.37429378531073443,0.5875912408759124
haggle,KFC_v2,iterative,0.3747645951035781,0.5875912408759124
haggle,KFC_v2,iterative,0.3752354048964218,0.5875912408759124
haggle,KFC_v2,iterative,0.3757062146892655,0.5875912408759124
haggle,KFC_v2,iterative,0.3761770244821092,0.5875912408759124
haggle,KFC_v2,iterative,0.3766478342749529,0.5875912408759124
haggle,KFC_v2,iterative,0.3771186440677966,0.5875912408759124
haggle,KFC_v2,iterative,0.3775894538606403,0.5656934306569343
haggle,KFC_v2,iterative,0.378060263653484,0.5656934306569343
haggle,KFC_v2,iterative,0.3785310734463277,0.5656934306569343
haggle,KFC_v2,iterative,0.37900188323917133,0.5656934306569343
haggle,KFC_v2,iterative,0.37947269303201503,0.5656934306569343
haggle,KFC_v2,iterative,0.3799435028248587,0.5656934306569343
haggle,KFC_v2,iterative,0.3804143126177024,0.5656934306569343
haggle,KFC_v2,iterative,0.3808851224105461,0.5656934306569343
haggle,KFC_v2,iterative,0.3813559322033898,0.5656934306569343
haggle,KFC_v2,iterative,0.3818267419962335,0.5656934306569343
haggle,KFC_v2,iterative,0.3822975517890772,0.5656934306569343
haggle,KFC_v2,iterative,0.3827683615819209,0.5656934306569343
haggle,KFC_v2,iterative,0.3832391713747646,0.5656934306569343
haggle,KFC_v2,iterative,0.3837099811676083,0.5656934306569343
haggle,KFC_v2,iterative,0.38418079096045193,0.5656934306569343
haggle,KFC_v2,iterative,0.38465160075329563,0.5656934306569343
haggle,KFC_v2,iterative,0.3851224105461393,0.5656934306569343
haggle,KFC_v2,iterative,0.385593220338983,0.5656934306569343
haggle,KFC_v2,iterative,0.3860640301318267,0.5656934306569343
haggle,KFC_v2,iterative,0.3865348399246704,0.5656934306569343
haggle,KFC_v2,iterative,0.3870056497175141,0.5656934306569343
haggle,KFC_v2,iterative,0.3874764595103578,0.5656934306569343
haggle,KFC_v2,iterative,0.3879472693032015,0.5656934306569343
haggle,KFC_v2,iterative,0.3884180790960452,0.5656934306569343
haggle,KFC_v2,iterative,0.3888888888888889,0.5656934306569343
haggle,KFC_v2,iterative,0.3893596986817326,0.5656934306569343
haggle,KFC_v2,iterative,0.38983050847457623,0.5656934306569343
haggle,KFC_v2,iterative,0.3903013182674199,0.5656934306569343
haggle,KFC_v2,iterative,0.3907721280602636,0.5656934306569343
haggle,KFC_v2,iterative,0.3912429378531073,0.5656934306569343
haggle,KFC_v2,iterative,0.391713747645951,0.5656934306569343
haggle,KFC_v2,iterative,0.3921845574387947,0.5656934306569343
haggle,KFC_v2,iterative,0.3926553672316384,0.5656934306569343
haggle,KFC_v2,iterative,0.3931261770244821,0.5656934306569343
haggle,KFC_v2,iterative,0.3935969868173258,0.5656934306569343
haggle,KFC_v2,iterative,0.3940677966101695,0.5656934306569343
haggle,KFC_v2,iterative,0.3945386064030132,0.5656934306569343
haggle,KFC_v2,iterative,0.39500941619585683,0.5656934306569343
haggle,KFC_v2,iterative,0.39548022598870053,0.5656934306569343
haggle,KFC_v2,iterative,0.3959510357815442,0.5656934306569343
haggle,KFC_v2,iterative,0.3964218455743879,0.5656934306569343
haggle,KFC_v2,iterative,0.3968926553672316,0.5656934306569343
haggle,KFC_v2,iterative,0.3973634651600753,0.5656934306569343
haggle,KFC_v2,iterative,0.397834274952919,0.5656934306569343
haggle,KFC_v2,iterative,0.3983050847457627,0.5656934306569343
haggle,KFC_v2,iterative,0.3987758945386064,0.5656934306569343
haggle,KFC_v2,iterative,0.3992467043314501,0.5656934306569343
haggle,KFC_v2,iterative,0.3997175141242938,0.5656934306569343
haggle,KFC_v2,iterative,0.40018832391713743,0.5656934306569343
haggle,KFC_v2,iterative,0.40065913370998113,0.5656934306569343
haggle,KFC_v2,iterative,0.4011299435028248,0.5656934306569343
haggle,KFC_v2,iterative,0.4016007532956685,0.5656934306569343
haggle,KFC_v2,iterative,0.4020715630885122,0.5656934306569343
haggle,KFC_v2,iterative,0.4025423728813559,0.5656934306569343
haggle,KFC_v2,iterative,0.4030131826741996,0.5656934306569343
haggle,KFC_v2,iterative,0.4034839924670433,0.5656934306569343
haggle,KFC_v2,iterative,0.403954802259887,0.5656934306569343
haggle,KFC_v2,iterative,0.4044256120527307,0.5656934306569343
haggle,KFC_v2,iterative,0.4048964218455744,0.5656934306569343
haggle,KFC_v2,iterative,0.40536723163841804,0.5656934306569343
haggle,KFC_v2,iterative,0.40583804143126173,0.5656934306569343
haggle,KFC_v2,iterative,0.4063088512241054,0.5656934306569343
haggle,KFC_v2,iterative,0.4067796610169491,0.5656934306569343
haggle,KFC_v2,iterative,0.4072504708097928,0.5656934306569343
haggle,KFC_v2,iterative,0.4077212806026365,0.5656934306569343
haggle,KFC_v2,iterative,0.4081920903954802,0.5656934306569343
haggle,KFC_v2,iterative,0.4086629001883239,0.5656934306569343
haggle,KFC_v2,iterative,0.4091337099811676,0.5656934306569343
haggle,KFC_v2,iterative,0.4096045197740113,0.5656934306569343
haggle,KFC_v2,iterative,0.410075329566855,0.5656934306569343
haggle,KFC_v2,iterative,0.4105461393596987,0.5656934306569343
haggle,KFC_v2,iterative,0.41101694915254233,0.5656934306569343
haggle,KFC_v2,iterative,0.41148775894538603,0.5656934306569343
haggle,KFC_v2,iterative,0.4119585687382297,0.5656934306569343
haggle,KFC_v2,iterative,0.4124293785310734,0.5656934306569343
haggle,KFC_v2,iterative,0.4129001883239171,0.5656934306569343
haggle,KFC_v2,iterative,0.4133709981167608,0.5656934306569343
haggle,KFC_v2,iterative,0.4138418079096045,0.5656934306569343
haggle,KFC_v2,iterative,0.4143126177024482,0.5656934306569343
haggle,KFC_v2,iterative,0.4147834274952919,0.5656934306569343
haggle,KFC_v2,iterative,0.4152542372881356,0.5656934306569343
haggle,KFC_v2,iterative,0.4157250470809793,0.5656934306569343
haggle,KFC_v2,iterative,0.41619585687382293,0.5656934306569343
haggle,KFC_v2,iterative,0.41666666666666663,0.5656934306569343
haggle,KFC_v2,iterative,0.4171374764595103,0.5656934306569343
haggle,KFC_v2,iterative,0.417608286252354,0.5656934306569343
haggle,KFC_v2,iterative,0.4180790960451977,0.5656934306569343
haggle,KFC_v2,iterative,0.4185499058380414,0.5656934306569343
haggle,KFC_v2,iterative,0.4190207156308851,0.5656934306569343
haggle,KFC_v2,iterative,0.4194915254237288,0.5656934306569343
haggle,KFC_v2,iterative,0.4199623352165725,0.5656934306569343
haggle,KFC_v2,iterative,0.4204331450094162,0.5656934306569343
haggle,KFC_v2,iterative,0.4209039548022599,0.5656934306569343
haggle,KFC_v2,iterative,0.42137476459510353,0.5656934306569343
haggle,KFC_v2,iterative,0.42184557438794723,0.5656934306569343
haggle,KFC_v2,iterative,0.4223163841807909,0.5656934306569343
haggle,KFC_v2,iterative,0.4227871939736346,0.5656934306569343
haggle,KFC_v2,iterative,0.4232580037664783,0.5656934306569343
haggle,KFC_v2,iterative,0.423728813559322,0.5656934306569343
haggle,KFC_v2,iterative,0.4241996233521657,0.5656934306569343
haggle,KFC_v2,iterative,0.4246704331450094,0.5656934306569343
haggle,KFC_v2,iterative,0.4251412429378531,0.5656934306569343
haggle,KFC_v2,iterative,0.4256120527306968,0.5656934306569343
haggle,KFC_v2,iterative,0.4260828625235405,0.5656934306569343
haggle,KFC_v2,iterative,0.42655367231638414,0.5656934306569343
haggle,KFC_v2,iterative,0.42702448210922783,0.5656934306569343
haggle,KFC_v2,iterative,0.42749529190207153,0.5656934306569343
haggle,KFC_v2,iterative,0.4279661016949152,0.5656934306569343
haggle,KFC_v2,iterative,0.4284369114877589,0.5656934306569343
haggle,KFC_v2,iterative,0.4289077212806026,0.5656934306569343
haggle,KFC_v2,iterative,0.4293785310734463,0.5656934306569343
haggle,KFC_v2,iterative,0.42984934086629,0.5656934306569343
haggle,KFC_v2,iterative,0.4303201506591337,0.5656934306569343
haggle,KFC_v2,iterative,0.4307909604519774,0.5656934306569343
haggle,KFC_v2,iterative,0.4312617702448211,0.5656934306569343
haggle,KFC_v2,iterative,0.4317325800376648,0.5656934306569343
haggle,KFC_v2,iterative,0.43220338983050843,0.5656934306569343
haggle,KFC_v2,iterative,0.43267419962335213,0.5656934306569343
haggle,KFC_v2,iterative,0.4331450094161958,0.5656934306569343
haggle,KFC_v2,iterative,0.4336158192090395,0.5656934306569343
haggle,KFC_v2,iterative,0.4340866290018832,0.5656934306569343
haggle,KFC_v2,iterative,0.4345574387947269,0.5656934306569343
haggle,KFC_v2,iterative,0.4350282485875706,0.5656934306569343
haggle,KFC_v2,iterative,0.4354990583804143,0.5656934306569343
haggle,KFC_v2,iterative,0.435969868173258,0.5656934306569343
haggle,KFC_v2,iterative,0.4364406779661017,0.5656934306569343
haggle,KFC_v2,iterative,0.4369114877589454,0.5656934306569343
haggle,KFC_v2,iterative,0.43738229755178903,0.5656934306569343
haggle,KFC_v2,iterative,0.43785310734463273,0.5656934306569343
haggle,KFC_v2,iterative,0.4383239171374764,0.5656934306569343
haggle,KFC_v2,iterative,0.4387947269303201,0.5656934306569343
haggle,KFC_v2,iterative,0.4392655367231638,0.5656934306569343
haggle,KFC_v2,iterative,0.4397363465160075,0.5656934306569343
haggle,KFC_v2,iterative,0.4402071563088512,0.5656934306569343
haggle,KFC_v2,iterative,0.4406779661016949,0.5656934306569343
haggle,KFC_v2,iterative,0.4411487758945386,0.5656934306569343
haggle,KFC_v2,iterative,0.4416195856873823,0.5656934306569343
haggle,KFC_v2,iterative,0.442090395480226,0.5656934306569343
haggle,KFC_v2,iterative,0.44256120527306964,0.5656934306569343
haggle,KFC_v2,iterative,0.44303201506591333,0.5656934306569343
haggle,KFC_v2,iterative,0.443502824858757,0.5656934306569343
haggle,KFC_v2,iterative,0.4439736346516007,0.5656934306569343
haggle,KFC_v2,iterative,0.4444444444444444,0.5656934306569343
haggle,KFC_v2,iterative,0.4449152542372881,0.5656934306569343
haggle,KFC_v2,iterative,0.4453860640301318,0.5656934306569343
haggle,KFC_v2,iterative,0.4458568738229755,0.5656934306569343
haggle,KFC_v2,iterative,0.4463276836158192,0.5656934306569343
haggle,KFC_v2,iterative,0.4467984934086629,0.5656934306569343
haggle,KFC_v2,iterative,0.4472693032015066,0.5656934306569343
haggle,KFC_v2,iterative,0.44774011299435024,0.5656934306569343
haggle,KFC_v2,iterative,0.44821092278719393,0.5656934306569343
haggle,KFC_v2,iterative,0.44868173258003763,0.5656934306569343
haggle,KFC_v2,iterative,0.4491525423728813,0.5656934306569343
haggle,KFC_v2,iterative,0.449623352165725,0.5656934306569343
haggle,KFC_v2,iterative,0.4500941619585687,0.5656934306569343
haggle,KFC_v2,iterative,0.4505649717514124,0.5656934306569343
haggle,KFC_v2,iterative,0.4510357815442561,0.5656934306569343
haggle,KFC_v2,iterative,0.4515065913370998,0.5656934306569343
haggle,KFC_v2,iterative,0.4519774011299435,0.5656934306569343
haggle,KFC_v2,iterative,0.4524482109227872,0.5656934306569343
haggle,KFC_v2,iterative,0.4529190207156309,0.5656934306569343
haggle,KFC_v2,iterative,0.45338983050847453,0.5656934306569343
haggle,KFC_v2,iterative,0.45386064030131823,0.5656934306569343
haggle,KFC_v2,iterative,0.4543314500941619,0.5656934306569343
haggle,KFC_v2,iterative,0.4548022598870056,0.5656934306569343
haggle,KFC_v2,iterative,0.4552730696798493,0.5656934306569343
haggle,KFC_v2,iterative,0.455743879472693,0.5656934306569343
haggle,KFC_v2,iterative,0.4562146892655367,0.5656934306569343
haggle,KFC_v2,iterative,0.4566854990583804,0.5656934306569343
haggle,KFC_v2,iterative,0.4571563088512241,0.5656934306569343
haggle,KFC_v2,iterative,0.4576271186440678,0.5656934306569343
haggle,KFC_v2,iterative,0.4580979284369115,0.5656934306569343
haggle,KFC_v2,iterative,0.45856873822975514,0.5656934306569343
haggle,KFC_v2,iterative,0.45903954802259883,0.5656934306569343
haggle,KFC_v2,iterative,0.4595103578154425,0.5656934306569343
haggle,KFC_v2,iterative,0.4599811676082862,0.5656934306569343
haggle,KFC_v2,iterative,0.4604519774011299,0.5656934306569343
haggle,KFC_v2,iterative,0.4609227871939736,0.5656934306569343
haggle,KFC_v2,iterative,0.4613935969868173,0.5364963503649635
haggle,KFC_v2,iterative,0.461864406779661,0.5364963503649635
haggle,KFC_v2,iterative,0.4623352165725047,0.5364963503649635
haggle,KFC_v2,iterative,0.4628060263653484,0.5364963503649635
haggle,KFC_v2,iterative,0.4632768361581921,0.5364963503649635
haggle,KFC_v2,iterative,0.46374764595103574,0.5364963503649635
haggle,KFC_v2,iterative,0.46421845574387943,0.5364963503649635
haggle,KFC_v2,iterative,0.46468926553672313,0.5364963503649635
haggle,KFC_v2,iterative,0.4651600753295668,0.5364963503649635
haggle,KFC_v2,iterative,0.4656308851224105,0.5364963503649635
haggle,KFC_v2,iterative,0.4661016949152542,0.5364963503649635
haggle,KFC_v2,iterative,0.4665725047080979,0.5072992700729927
haggle,KFC_v2,iterative,0.4670433145009416,0.5072992700729927
haggle,KFC_v2,iterative,0.4675141242937853,0.5072992700729927
haggle,KFC_v2,iterative,0.467984934086629,0.5072992700729927
haggle,KFC_v2,iterative,0.4684557438794727,0.5072992700729927
haggle,KFC_v2,iterative,0.46892655367231634,0.5072992700729927
haggle,KFC_v2,iterative,0.46939736346516003,0.5072992700729927
haggle,KFC_v2,iterative,0.46986817325800373,0.5072992700729927
haggle,KFC_v2,iterative,0.4703389830508474,0.5072992700729927
haggle,KFC_v2,iterative,0.4708097928436911,0.5072992700729927
haggle,KFC_v2,iterative,0.4712806026365348,0.5072992700729927
haggle,KFC_v2,iterative,0.4717514124293785,0.5072992700729927
haggle,KFC_v2,iterative,0.4722222222222222,0.5072992700729927
haggle,KFC_v2,iterative,0.4726930320150659,0.5072992700729927
haggle,KFC_v2,iterative,0.4731638418079096,0.5072992700729927
haggle,KFC_v2,iterative,0.4736346516007533,0.4781021897810219
haggle,KFC_v2,iterative,0.474105461393597,0.4781021897810219
haggle,KFC_v2,iterative,0.47457627118644063,0.4781021897810219
haggle,KFC_v2,iterative,0.47504708097928433,0.4781021897810219
haggle,KFC_v2,iterative,0.475517890772128,0.4781021897810219
haggle,KFC_v2,iterative,0.4759887005649717,0.4781021897810219
haggle,KFC_v2,iterative,0.4764595103578154,0.4781021897810219
haggle,KFC_v2,iterative,0.4769303201506591,0.4781021897810219
haggle,KFC_v2,iterative,0.4774011299435028,0.4781021897810219
haggle,KFC_v2,iterative,0.4778719397363465,0.4781021897810219
haggle,KFC_v2,iterative,0.4783427495291902,0.4781021897810219
haggle,KFC_v2,iterative,0.4788135593220339,0.4781021897810219
haggle,KFC_v2,iterative,0.4792843691148776,0.4781021897810219
haggle,KFC_v2,iterative,0.47975517890772124,0.4781021897810219
haggle,KFC_v2,iterative,0.48022598870056493,0.4781021897810219
haggle,KFC_v2,iterative,0.48069679849340863,0.4781021897810219
haggle,KFC_v2,iterative,0.4811676082862523,0.4781021897810219
haggle,KFC_v2,iterative,0.481638418079096,0.4781021897810219
haggle,KFC_v2,iterative,0.4821092278719397,0.4781021897810219
haggle,KFC_v2,iterative,0.4825800376647834,0.4781021897810219
haggle,KFC_v2,iterative,0.4830508474576271,0.4781021897810219
haggle,KFC_v2,iterative,0.4835216572504708,0.4781021897810219
haggle,KFC_v2,iterative,0.4839924670433145,0.4781021897810219
haggle,KFC_v2,iterative,0.4844632768361582,0.4781021897810219
haggle,KFC_v2,iterative,0.48493408662900184,0.4781021897810219
haggle,KFC_v2,iterative,0.48540489642184553,0.4781021897810219
haggle,KFC_v2,iterative,0.48587570621468923,0.4781021897810219
haggle,KFC_v2,iterative,0.4863465160075329,0.4781021897810219
haggle,KFC_v2,iterative,0.4868173258003766,0.4781021897810219
haggle,KFC_v2,iterative,0.4872881355932203,0.4781021897810219
haggle,KFC_v2,iterative,0.487758945386064,0.4781021897810219
haggle,KFC_v2,iterative,0.4882297551789077,0.4781021897810219
haggle,KFC_v2,iterative,0.4887005649717514,0.4781021897810219
haggle,KFC_v2,iterative,0.4891713747645951,0.4781021897810219
haggle,KFC_v2,iterative,0.4896421845574388,0.4781021897810219
haggle,KFC_v2,iterative,0.49011299435028244,0.4781021897810219
haggle,KFC_v2,iterative,0.49058380414312613,0.4781021897810219
haggle,KFC_v2,iterative,0.49105461393596983,0.4781021897810219
haggle,KFC_v2,iterative,0.4915254237288135,0.4781021897810219
haggle,KFC_v2,iterative,0.4919962335216572,0.4781021897810219
haggle,KFC_v2,iterative,0.4924670433145009,0.4781021897810219
haggle,KFC_v2,iterative,0.4929378531073446,0.4781021897810219
haggle,KFC_v2,iterative,0.4934086629001883,0.4781021897810219
haggle,KFC_v2,iterative,0.493879472693032,0.4781021897810219
haggle,KFC_v2,iterative,0.4943502824858757,0.4781021897810219
haggle,KFC_v2,iterative,0.4948210922787194,0.4781021897810219
haggle,KFC_v2,iterative,0.4952919020715631,0.4781021897810219
haggle,KFC_v2,iterative,0.49576271186440674,0.4781021897810219
haggle,KFC_v2,iterative,0.49623352165725043,0.4781021897810219
haggle,KFC_v2,iterative,0.4967043314500941,0.4781021897810219
haggle,KFC_v2,iterative,0.4971751412429378,0.4781021897810219
haggle,KFC_v2,iterative,0.4976459510357815,0.4781021897810219
haggle,KFC_v2,iterative,0.4981167608286252,0.4781021897810219
haggle,KFC_v2,iterative,0.4985875706214689,0.4781021897810219
haggle,KFC_v2,iterative,0.4990583804143126,0.4781021897810219
haggle,KFC_v2,iterative,0.4995291902071563,0.4781021897810219
haggle,KFC_v2,iterative,0.5,0.4781021897810219
haggle,KFC_v2,iterative,0.5004708097928436,0.4781021897810219
haggle,KFC_v2,iterative,0.5009416195856874,0.4781021897810219
haggle,KFC_v2,iterative,0.501412429378531,0.4781021897810219
haggle,KFC_v2,iterative,0.5018832391713748,0.4781021897810219
haggle,KFC_v2,iterative,0.5023540489642184,0.4781021897810219
haggle,KFC_v2,iterative,0.5028248587570622,0.4781021897810219
haggle,KFC_v2,iterative,0.5032956685499058,0.4781021897810219
haggle,KFC_v2,iterative,0.5037664783427495,0.4781021897810219
haggle,KFC_v2,iterative,0.5042372881355932,0.4781021897810219
haggle,KFC_v2,iterative,0.5047080979284368,0.4781021897810219
haggle,KFC_v2,iterative,0.5051789077212806,0.4781021897810219
haggle,KFC_v2,iterative,0.5056497175141242,0.4781021897810219
haggle,KFC_v2,iterative,0.506120527306968,0.4781021897810219
haggle,KFC_v2,iterative,0.5065913370998116,0.4781021897810219
haggle,KFC_v2,iterative,0.5070621468926554,0.4781021897810219
haggle,KFC_v2,iterative,0.507532956685499,0.4781021897810219
haggle,KFC_v2,iterative,0.5080037664783428,0.4781021897810219
haggle,KFC_v2,iterative,0.5084745762711864,0.4781021897810219
haggle,KFC_v2,iterative,0.5089453860640301,0.4781021897810219
haggle,KFC_v2,iterative,0.5094161958568738,0.4781021897810219
haggle,KFC_v2,iterative,0.5098870056497175,0.4781021897810219
haggle,KFC_v2,iterative,0.5103578154425612,0.45255474452554745
haggle,KFC_v2,iterative,0.5108286252354048,0.45255474452554745
haggle,KFC_v2,iterative,0.5112994350282486,0.45255474452554745
haggle,KFC_v2,iterative,0.5117702448210922,0.45255474452554745
haggle,KFC_v2,iterative,0.512241054613936,0.45255474452554745
haggle,KFC_v2,iterative,0.5127118644067796,0.45255474452554745
haggle,KFC_v2,iterative,0.5131826741996234,0.45255474452554745
haggle,KFC_v2,iterative,0.513653483992467,0.45255474452554745
haggle,KFC_v2,iterative,0.5141242937853107,0.45255474452554745
haggle,KFC_v2,iterative,0.5145951035781544,0.45255474452554745
haggle,KFC_v2,iterative,0.515065913370998,0.45255474452554745
haggle,KFC_v2,iterative,0.5155367231638418,0.45255474452554745
haggle,KFC_v2,iterative,0.5160075329566854,0.45255474452554745
haggle,KFC_v2,iterative,0.5164783427495292,0.45255474452554745
haggle,KFC_v2,iterative,0.5169491525423728,0.45255474452554745
haggle,KFC_v2,iterative,0.5174199623352166,0.45255474452554745
haggle,KFC_v2,iterative,0.5178907721280602,0.45255474452554745
haggle,KFC_v2,iterative,0.518361581920904,0.45255474452554745
haggle,KFC_v2,iterative,0.5188323917137476,0.45255474452554745
haggle,KFC_v2,iterative,0.5193032015065913,0.45255474452554745
haggle,KFC_v2,iterative,0.519774011299435,0.45255474452554745
haggle,KFC_v2,iterative,0.5202448210922787,0.45255474452554745
haggle,KFC_v2,iterative,0.5207156308851224,0.45255474452554745
haggle,KFC_v2,iterative,0.521186440677966,0.45255474452554745
haggle,KFC_v2,iterative,0.5216572504708098,0.45255474452554745
haggle,KFC_v2,iterative,0.5221280602636534,0.45255474452554745
haggle,KFC_v2,iterative,0.5225988700564972,0.45255474452554745
haggle,KFC_v2,iterative,0.5230696798493408,0.45255474452554745
haggle,KFC_v2,iterative,0.5235404896421846,0.45255474452554745
haggle,KFC_v2,iterative,0.5240112994350282,0.45255474452554745
haggle,KFC_v2,iterative,0.524482109227872,0.45255474452554745
haggle,KFC_v2,iterative,0.5249529190207156,0.45255474452554745
haggle,KFC_v2,iterative,0.5254237288135593,0.45255474452554745
haggle,KFC_v2,iterative,0.525894538606403,0.45255474452554745
haggle,KFC_v2,iterative,0.5263653483992466,0.45255474452554745
haggle,KFC_v2,iterative,0.5268361581920904,0.45255474452554745
haggle,KFC_v2,iterative,0.527306967984934,0.45255474452554745
haggle,KFC_v2,iterative,0.5277777777777778,0.45255474452554745
haggle,KFC_v2,iterative,0.5282485875706214,0.45255474452554745
haggle,KFC_v2,iterative,0.5287193973634652,0.45255474452554745
haggle,KFC_v2,iterative,0.5291902071563088,0.45255474452554745
haggle,KFC_v2,iterative,0.5296610169491526,0.45255474452554745
haggle,KFC_v2,iterative,0.5301318267419962,0.45255474452554745
haggle,KFC_v2,iterative,0.5306026365348399,0.45255474452554745
haggle,KFC_v2,iterative,0.5310734463276836,0.45255474452554745
haggle,KFC_v2,iterative,0.5315442561205272,0.45255474452554745
haggle,KFC_v2,iterative,0.532015065913371,0.45255474452554745
haggle,KFC_v2,iterative,0.5324858757062146,0.45255474452554745
haggle,KFC_v2,iterative,0.5329566854990584,0.45255474452554745
haggle,KFC_v2,iterative,0.533427495291902,0.45255474452554745
haggle,KFC_v2,iterative,0.5338983050847458,0.45255474452554745
haggle,KFC_v2,iterative,0.5343691148775894,0.45255474452554745
haggle,KFC_v2,iterative,0.5348399246704332,0.45255474452554745
haggle,KFC_v2,iterative,0.5353107344632768,0.45255474452554745
haggle,KFC_v2,iterative,0.5357815442561205,0.45255474452554745
haggle,KFC_v2,iterative,0.5362523540489642,0.45255474452554745
haggle,KFC_v2,iterative,0.5367231638418078,0.45255474452554745
haggle,KFC_v2,iterative,0.5371939736346516,0.45255474452554745
haggle,KFC_v2,iterative,0.5376647834274952,0.45255474452554745
haggle,KFC_v2,iterative,0.538135593220339,0.45255474452554745
haggle,KFC_v2,iterative,0.5386064030131826,0.45255474452554745
haggle,KFC_v2,iterative,0.5390772128060264,0.45255474452554745
haggle,KFC_v2,iterative,0.53954802259887,0.45255474452554745
haggle,KFC_v2,iterative,0.5400188323917138,0.45255474452554745
haggle,KFC_v2,iterative,0.5404896421845574,0.45255474452554745
haggle,KFC_v2,iterative,0.5409604519774011,0.45255474452554745
haggle,KFC_v2,iterative,0.5414312617702448,0.45255474452554745
haggle,KFC_v2,iterative,0.5419020715630884,0.45255474452554745
haggle,KFC_v2,iterative,0.5423728813559322,0.45255474452554745
haggle,KFC_v2,iterative,0.5428436911487758,0.44525547445255476
haggle,KFC_v2,iterative,0.5433145009416196,0.44525547445255476
haggle,KFC_v2,iterative,0.5437853107344632,0.44525547445255476
haggle,KFC_v2,iterative,0.544256120527307,0.44525547445255476
haggle,KFC_v2,iterative,0.5447269303201506,0.44525547445255476
haggle,KFC_v2,iterative,0.5451977401129944,0.44525547445255476
haggle,KFC_v2,iterative,0.545668549905838,0.44525547445255476
haggle,KFC_v2,iterative,0.5461393596986817,0.44525547445255476
haggle,KFC_v2,iterative,0.5466101694915254,0.44525547445255476
haggle,KFC_v2,iterative,0.547080979284369,0.44525547445255476
haggle,KFC_v2,iterative,0.5475517890772128,0.44525547445255476
haggle,KFC_v2,iterative,0.5480225988700564,0.44525547445255476
haggle,KFC_v2,iterative,0.5484934086629002,0.44525547445255476
haggle,KFC_v2,iterative,0.5489642184557438,0.44525547445255476
haggle,KFC_v2,iterative,0.5494350282485876,0.44525547445255476
haggle,KFC_v2,iterative,0.5499058380414312,0.44525547445255476
haggle,KFC_v2,iterative,0.550376647834275,0.44525547445255476
haggle,KFC_v2,iterative,0.5508474576271186,0.44525547445255476
haggle,KFC_v2,iterative,0.5513182674199623,0.44525547445255476
haggle,KFC_v2,iterative,0.551789077212806,0.44525547445255476
haggle,KFC_v2,iterative,0.5522598870056497,0.44525547445255476
haggle,KFC_v2,iterative,0.5527306967984934,0.44525547445255476
haggle,KFC_v2,iterative,0.553201506591337,0.44525547445255476
haggle,KFC_v2,iterative,0.5536723163841808,0.44525547445255476
haggle,KFC_v2,iterative,0.5541431261770244,0.44525547445255476
haggle,KFC_v2,iterative,0.5546139359698682,0.44525547445255476
haggle,KFC_v2,iterative,0.5550847457627118,0.44525547445255476
haggle,KFC_v2,iterative,0.5555555555555556,0.44525547445255476
haggle,KFC_v2,iterative,0.5560263653483992,0.44525547445255476
haggle,KFC_v2,iterative,0.5564971751412429,0.44525547445255476
haggle,KFC_v2,iterative,0.5569679849340866,0.44525547445255476
haggle,KFC_v2,iterative,0.5574387947269303,0.44525547445255476
haggle,KFC_v2,iterative,0.557909604519774,0.44525547445255476
haggle,KFC_v2,iterative,0.5583804143126176,0.44525547445255476
haggle,KFC_v2,iterative,0.5588512241054614,0.44525547445255476
haggle,KFC_v2,iterative,0.559322033898305,0.44525547445255476
haggle,KFC_v2,iterative,0.5597928436911488,0.44525547445255476
haggle,KFC_v2,iterative,0.5602636534839924,0.44525547445255476
haggle,KFC_v2,iterative,0.5607344632768362,0.44525547445255476
haggle,KFC_v2,iterative,0.5612052730696798,0.44525547445255476
haggle,KFC_v2,iterative,0.5616760828625235,0.44525547445255476
haggle,KFC_v2,iterative,0.5621468926553672,0.44525547445255476
haggle,KFC_v2,iterative,0.5626177024482109,0.44525547445255476
haggle,KFC_v2,iterative,0.5630885122410546,0.44525547445255476
haggle,KFC_v2,iterative,0.5635593220338982,0.44525547445255476
haggle,KFC_v2,iterative,0.564030131826742,0.44525547445255476
haggle,KFC_v2,iterative,0.5645009416195856,0.44525547445255476
haggle,KFC_v2,iterative,0.5649717514124294,0.44525547445255476
haggle,KFC_v2,iterative,0.565442561205273,0.44525547445255476
haggle,KFC_v2,iterative,0.5659133709981168,0.44525547445255476
haggle,KFC_v2,iterative,0.5663841807909604,0.44525547445255476
haggle,KFC_v2,iterative,0.5668549905838042,0.44525547445255476
haggle,KFC_v2,iterative,0.5673258003766478,0.44525547445255476
haggle,KFC_v2,iterative,0.5677966101694915,0.44525547445255476
haggle,KFC_v2,iterative,0.5682674199623352,0.44525547445255476
haggle,KFC_v2,iterative,0.5687382297551788,0.44525547445255476
haggle,KFC_v2,iterative,0.5692090395480226,0.44525547445255476
haggle,KFC_v2,iterative,0.5696798493408662,0.44525547445255476
haggle,KFC_v2,iterative,0.57015065913371,0.44525547445255476
haggle,KFC_v2,iterative,0.5706214689265536,0.44525547445255476
haggle,KFC_v2,iterative,0.5710922787193974,0.44525547445255476
haggle,KFC_v2,iterative,0.571563088512241,0.44525547445255476
haggle,KFC_v2,iterative,0.5720338983050848,0.44525547445255476
haggle,KFC_v2,iterative,0.5725047080979284,0.44525547445255476
haggle,KFC_v2,iterative,0.5729755178907721,0.44525547445255476
haggle,KFC_v2,iterative,0.5734463276836158,0.44525547445255476
haggle,KFC_v2,iterative,0.5739171374764594,0.44525547445255476
haggle,KFC_v2,iterative,0.5743879472693032,0.3978102189781022
haggle,KFC_v2,iterative,0.5748587570621468,0.3978102189781022
haggle,KFC_v2,iterative,0.5753295668549906,0.3978102189781022
haggle,KFC_v2,iterative,0.5758003766478342,0.3978102189781022
haggle,KFC_v2,iterative,0.576271186440678,0.3978102189781022
haggle,KFC_v2,iterative,0.5767419962335216,0.3978102189781022
haggle,KFC_v2,iterative,0.5772128060263654,0.3978102189781022
haggle,KFC_v2,iterative,0.577683615819209,0.3978102189781022
haggle,KFC_v2,iterative,0.5781544256120527,0.3978102189781022
haggle,KFC_v2,iterative,0.5786252354048964,0.3978102189781022
haggle,KFC_v2,iterative,0.57909604519774,0.3978102189781022
haggle,KFC_v2,iterative,0.5795668549905838,0.3978102189781022
haggle,KFC_v2,iterative,0.5800376647834274,0.3978102189781022
haggle,KFC_v2,iterative,0.5805084745762712,0.3978102189781022
haggle,KFC_v2,iterative,0.5809792843691148,0.3978102189781022
haggle,KFC_v2,iterative,0.5814500941619586,0.3978102189781022
haggle,KFC_v2,iterative,0.5819209039548022,0.3978102189781022
haggle,KFC_v2,iterative,0.582391713747646,0.3978102189781022
haggle,KFC_v2,iterative,0.5828625235404896,0.3978102189781022
haggle,KFC_v2,iterative,0.5833333333333333,0.3978102189781022
haggle,KFC_v2,iterative,0.583804143126177,0.3978102189781022
haggle,KFC_v2,iterative,0.5842749529190207,0.3978102189781022
haggle,KFC_v2,iterative,0.5847457627118644,0.3978102189781022
haggle,KFC_v2,iterative,0.585216572504708,0.3978102189781022
haggle,KFC_v2,iterative,0.5856873822975518,0.3978102189781022
haggle,KFC_v2,iterative,0.5861581920903954,0.3978102189781022
haggle,KFC_v2,iterative,0.5866290018832392,0.3978102189781022
haggle,KFC_v2,iterative,0.5870998116760828,0.3978102189781022
haggle,KFC_v2,iterative,0.5875706214689266,0.3978102189781022
haggle,KFC_v2,iterative,0.5880414312617702,0.3978102189781022
haggle,KFC_v2,iterative,0.5885122410546139,0.3978102189781022
haggle,KFC_v2,iterative,0.5889830508474576,0.3978102189781022
haggle,KFC_v2,iterative,0.5894538606403013,0.3978102189781022
haggle,KFC_v2,iterative,0.589924670433145,0.3978102189781022
haggle,KFC_v2,iterative,0.5903954802259886,0.3978102189781022
haggle,KFC_v2,iterative,0.5908662900188324,0.3978102189781022
haggle,KFC_v2,iterative,0.591337099811676,0.3978102189781022
haggle,KFC_v2,iterative,0.5918079096045198,0.3978102189781022
haggle,KFC_v2,iterative,0.5922787193973634,0.3978102189781022
haggle,KFC_v2,iterative,0.5927495291902072,0.3978102189781022
haggle,KFC_v2,iterative,0.5932203389830508,0.3978102189781022
haggle,KFC_v2,iterative,0.5936911487758945,0.3978102189781022
haggle,KFC_v2,iterative,0.5941619585687382,0.3978102189781022
haggle,KFC_v2,iterative,0.5946327683615819,0.3978102189781022
haggle,KFC_v2,iterative,0.5951035781544256,0.3978102189781022
haggle,KFC_v2,iterative,0.5955743879472692,0.3978102189781022
haggle,KFC_v2,iterative,0.596045197740113,0.3978102189781022
haggle,KFC_v2,iterative,0.5965160075329566,0.3978102189781022
haggle,KFC_v2,iterative,0.5969868173258004,0.3978102189781022
haggle,KFC_v2,iterative,0.597457627118644,0.3978102189781022
haggle,KFC_v2,iterative,0.5979284369114878,0.3978102189781022
haggle,KFC_v2,iterative,0.5983992467043314,0.3978102189781022
haggle,KFC_v2,iterative,0.5988700564971751,0.3978102189781022
haggle,KFC_v2,iterative,0.5993408662900188,0.3978102189781022
haggle,KFC_v2,iterative,0.5998116760828625,0.3978102189781022
haggle,KFC_v2,iterative,0.6002824858757062,0.3978102189781022
haggle,KFC_v2,iterative,0.6007532956685498,0.3978102189781022
haggle,KFC_v2,iterative,0.6012241054613936,0.3978102189781022
haggle,KFC_v2,iterative,0.6016949152542372,0.3978102189781022
haggle,KFC_v2,iterative,0.602165725047081,0.3978102189781022
haggle,KFC_v2,iterative,0.6026365348399246,0.3978102189781022
haggle,KFC_v2,iterative,0.6031073446327684,0.3978102189781022
haggle,KFC_v2,iterative,0.603578154425612,0.3978102189781022
haggle,KFC_v2,iterative,0.6040489642184557,0.3978102189781022
haggle,KFC_v2,iterative,0.6045197740112994,0.3978102189781022
haggle,KFC_v2,iterative,0.6049905838041431,0.3978102189781022
haggle,KFC_v2,iterative,0.6054613935969868,0.3978102189781022
haggle,KFC_v2,iterative,0.6059322033898304,0.3759124087591241
haggle,KFC_v2,iterative,0.6064030131826742,0.3759124087591241
haggle,KFC_v2,iterative,0.6068738229755178,0.3759124087591241
haggle,KFC_v2,iterative,0.6073446327683616,0.3759124087591241
haggle,KFC_v2,iterative,0.6078154425612052,0.3759124087591241
haggle,KFC_v2,iterative,0.608286252354049,0.3759124087591241
haggle,KFC_v2,iterative,0.6087570621468926,0.3759124087591241
haggle,KFC_v2,iterative,0.6092278719397364,0.3759124087591241
haggle,KFC_v2,iterative,0.60969868173258,0.3759124087591241
haggle,KFC_v2,iterative,0.6101694915254237,0.3759124087591241
haggle,KFC_v2,iterative,0.6106403013182674,0.3759124087591241
haggle,KFC_v2,iterative,0.611111111111111,0.3759124087591241
haggle,KFC_v2,iterative,0.6115819209039548,0.3759124087591241
haggle,KFC_v2,iterative,0.6120527306967984,0.3759124087591241
haggle,KFC_v2,iterative,0.6125235404896422,0.3759124087591241
haggle,KFC_v2,iterative,0.6129943502824858,0.3759124087591241
haggle,KFC_v2,iterative,0.6134651600753296,0.3759124087591241
haggle,KFC_v2,iterative,0.6139359698681732,0.3759124087591241
haggle,KFC_v2,iterative,0.614406779661017,0.3759124087591241
haggle,KFC_v2,iterative,0.6148775894538606,0.3759124087591241
haggle,KFC_v2,iterative,0.6153483992467043,0.3759124087591241
haggle,KFC_v2,iterative,0.615819209039548,0.3759124087591241
haggle,KFC_v2,iterative,0.6162900188323917,0.3759124087591241
haggle,KFC_v2,iterative,0.6167608286252354,0.3759124087591241
haggle,KFC_v2,iterative,0.617231638418079,0.354014598540146
haggle,KFC_v2,iterative,0.6177024482109228,0.354014598540146
haggle,KFC_v2,iterative,0.6181732580037664,0.354014598540146
haggle,KFC_v2,iterative,0.6186440677966102,0.354014598540146
haggle,KFC_v2,iterative,0.6191148775894538,0.354014598540146
haggle,KFC_v2,iterative,0.6195856873822976,0.354014598540146
haggle,KFC_v2,iterative,0.6200564971751412,0.354014598540146
haggle,KFC_v2,iterative,0.6205273069679849,0.354014598540146
haggle,KFC_v2,iterative,0.6209981167608286,0.354014598540146
haggle,KFC_v2,iterative,0.6214689265536723,0.354014598540146
haggle,KFC_v2,iterative,0.621939736346516,0.354014598540146
haggle,KFC_v2,iterative,0.6224105461393596,0.354014598540146
haggle,KFC_v2,iterative,0.6228813559322034,0.354014598540146
haggle,KFC_v2,iterative,0.623352165725047,0.354014598540146
haggle,KFC_v2,iterative,0.6238229755178908,0.354014598540146
haggle,KFC_v2,iterative,0.6242937853107344,0.354014598540146
haggle,KFC_v2,iterative,0.6247645951035782,0.354014598540146
haggle,KFC_v2,iterative,0.6252354048964218,0.354014598540146
haggle,KFC_v2,iterative,0.6257062146892655,0.354014598540146
haggle,KFC_v2,iterative,0.6261770244821092,0.354014598540146
haggle,KFC_v2,iterative,0.6266478342749529,0.354014598540146
haggle,KFC_v2,iterative,0.6271186440677966,0.354014598540146
haggle,KFC_v2,iterative,0.6275894538606402,0.354014598540146
haggle,KFC_v2,iterative,0.628060263653484,0.354014598540146
haggle,KFC_v2,iterative,0.6285310734463276,0.354014598540146
haggle,KFC_v2,iterative,0.6290018832391714,0.354014598540146
haggle,KFC_v2,iterative,0.629472693032015,0.354014598540146
haggle,KFC_v2,iterative,0.6299435028248588,0.354014598540146
haggle,KFC_v2,iterative,0.6304143126177024,0.354014598540146
haggle,KFC_v2,iterative,0.6308851224105461,0.354014598540146
haggle,KFC_v2,iterative,0.6313559322033898,0.354014598540146
haggle,KFC_v2,iterative,0.6318267419962335,0.354014598540146
haggle,KFC_v2,iterative,0.6322975517890772,0.354014598540146
haggle,KFC_v2,iterative,0.6327683615819208,0.354014598540146
haggle,KFC_v2,iterative,0.6332391713747646,0.354014598540146
haggle,KFC_v2,iterative,0.6337099811676082,0.354014598540146
haggle,KFC_v2,iterative,0.634180790960452,0.354014598540146
haggle,KFC_v2,iterative,0.6346516007532956,0.354014598540146
haggle,KFC_v2,iterative,0.6351224105461394,0.354014598540146
haggle,KFC_v2,iterative,0.635593220338983,0.354014598540146
haggle,KFC_v2,iterative,0.6360640301318267,0.354014598540146
haggle,KFC_v2,iterative,0.6365348399246704,0.354014598540146
haggle,KFC_v2,iterative,0.637005649717514,0.354014598540146
haggle,KFC_v2,iterative,0.6374764595103578,0.354014598540146
haggle,KFC_v2,iterative,0.6379472693032014,0.354014598540146
haggle,KFC_v2,iterative,0.6384180790960452,0.354014598540146
haggle,KFC_v2,iterative,0.6388888888888888,0.354014598540146
haggle,KFC_v2,iterative,0.6393596986817326,0.354014598540146
haggle,KFC_v2,iterative,0.6398305084745762,0.354014598540146
haggle,KFC_v2,iterative,0.64030131826742,0.354014598540146
haggle,KFC_v2,iterative,0.6407721280602636,0.354014598540146
haggle,KFC_v2,iterative,0.6412429378531073,0.354014598540146
haggle,KFC_v2,iterative,0.641713747645951,0.354014598540146
haggle,KFC_v2,iterative,0.6421845574387947,0.354014598540146
haggle,KFC_v2,iterative,0.6426553672316384,0.354014598540146
haggle,KFC_v2,iterative,0.643126177024482,0.354014598540146
haggle,KFC_v2,iterative,0.6435969868173258,0.354014598540146
haggle,KFC_v2,iterative,0.6440677966101694,0.354014598540146
haggle,KFC_v2,iterative,0.6445386064030132,0.354014598540146
haggle,KFC_v2,iterative,0.6450094161958568,0.354014598540146
haggle,KFC_v2,iterative,0.6454802259887006,0.354014598540146
haggle,KFC_v2,iterative,0.6459510357815442,0.354014598540146
haggle,KFC_v2,iterative,0.6464218455743879,0.354014598540146
haggle,KFC_v2,iterative,0.6468926553672316,0.354014598540146
haggle,KFC_v2,iterative,0.6473634651600753,0.354014598540146
haggle,KFC_v2,iterative,0.647834274952919,0.354014598540146
haggle,KFC_v2,iterative,0.6483050847457626,0.354014598540146
haggle,KFC_v2,iterative,0.6487758945386064,0.354014598540146
haggle,KFC_v2,iterative,0.64924670433145,0.354014598540146
haggle,KFC_v2,iterative,0.6497175141242938,0.3357664233576642
haggle,KFC_v2,iterative,0.6501883239171374,0.3357664233576642
haggle,KFC_v2,iterative,0.6506591337099812,0.3357664233576642
haggle,KFC_v2,iterative,0.6511299435028248,0.3357664233576642
haggle,KFC_v2,iterative,0.6516007532956686,0.3357664233576642
haggle,KFC_v2,iterative,0.6520715630885122,0.3357664233576642
haggle,KFC_v2,iterative,0.6525423728813559,0.3357664233576642
haggle,KFC_v2,iterative,0.6530131826741996,0.3357664233576642
haggle,KFC_v2,iterative,0.6534839924670433,0.3357664233576642
haggle,KFC_v2,iterative,0.653954802259887,0.3357664233576642
haggle,KFC_v2,iterative,0.6544256120527306,0.3357664233576642
haggle,KFC_v2,iterative,0.6548964218455744,0.3357664233576642
haggle,KFC_v2,iterative,0.655367231638418,0.3357664233576642
haggle,KFC_v2,iterative,0.6558380414312618,0.3357664233576642
haggle,KFC_v2,iterative,0.6563088512241054,0.3357664233576642
haggle,KFC_v2,iterative,0.6567796610169492,0.3357664233576642
haggle,KFC_v2,iterative,0.6572504708097928,0.3357664233576642
haggle,KFC_v2,iterative,0.6577212806026365,0.3357664233576642
haggle,KFC_v2,iterative,0.6581920903954802,0.3357664233576642
haggle,KFC_v2,iterative,0.6586629001883239,0.3357664233576642
haggle,KFC_v2,iterative,0.6591337099811676,0.3357664233576642
haggle,KFC_v2,iterative,0.6596045197740112,0.3357664233576642
haggle,KFC_v2,iterative,0.660075329566855,0.3357664233576642
haggle,KFC_v2,iterative,0.6605461393596986,0.3357664233576642
haggle,KFC_v2,iterative,0.6610169491525424,0.3357664233576642
haggle,KFC_v2,iterative,0.661487758945386,0.3357664233576642
haggle,KFC_v2,iterative,0.6619585687382298,0.3357664233576642
haggle,KFC_v2,iterative,0.6624293785310734,0.3357664233576642
haggle,KFC_v2,iterative,0.6629001883239171,0.3357664233576642
haggle,KFC_v2,iterative,0.6633709981167608,0.3357664233576642
haggle,KFC_v2,iterative,0.6638418079096045,0.3357664233576642
haggle,KFC_v2,iterative,0.6643126177024482,0.3357664233576642
haggle,KFC_v2,iterative,0.6647834274952918,0.3357664233576642
haggle,KFC_v2,iterative,0.6652542372881356,0.3357664233576642
haggle,KFC_v2,iterative,0.6657250470809792,0.3357664233576642
haggle,KFC_v2,iterative,0.666195856873823,0.3357664233576642
haggle,KFC_v2,iterative,0.6666666666666666,0.3357664233576642
haggle,KFC_v2,iterative,0.6671374764595104,0.3357664233576642
haggle,KFC_v2,iterative,0.667608286252354,0.3357664233576642
haggle,KFC_v2,iterative,0.6680790960451977,0.3357664233576642
haggle,KFC_v2,iterative,0.6685499058380414,0.3357664233576642
haggle,KFC_v2,iterative,0.669020715630885,0.3357664233576642
haggle,KFC_v2,iterative,0.6694915254237288,0.3357664233576642
haggle,KFC_v2,iterative,0.6699623352165724,0.3357664233576642
haggle,KFC_v2,iterative,0.6704331450094162,0.3357664233576642
haggle,KFC_v2,iterative,0.6709039548022598,0.3357664233576642
haggle,KFC_v2,iterative,0.6713747645951036,0.3357664233576642
haggle,KFC_v2,iterative,0.6718455743879472,0.3357664233576642
haggle,KFC_v2,iterative,0.672316384180791,0.3357664233576642
haggle,KFC_v2,iterative,0.6727871939736346,0.3357664233576642
haggle,KFC_v2,iterative,0.6732580037664783,0.3357664233576642
haggle,KFC_v2,iterative,0.673728813559322,0.3357664233576642
haggle,KFC_v2,iterative,0.6741996233521657,0.3357664233576642
haggle,KFC_v2,iterative,0.6746704331450094,0.3357664233576642
haggle,KFC_v2,iterative,0.675141242937853,0.3357664233576642
haggle,KFC_v2,iterative,0.6756120527306968,0.3357664233576642
haggle,KFC_v2,iterative,0.6760828625235404,0.3357664233576642
haggle,KFC_v2,iterative,0.6765536723163842,0.3357664233576642
haggle,KFC_v2,iterative,0.6770244821092278,0.3357664233576642
haggle,KFC_v2,iterative,0.6774952919020716,0.3357664233576642
haggle,KFC_v2,iterative,0.6779661016949152,0.3357664233576642
haggle,KFC_v2,iterative,0.6784369114877589,0.3357664233576642
haggle,KFC_v2,iterative,0.6789077212806026,0.3357664233576642
haggle,KFC_v2,iterative,0.6793785310734463,0.3357664233576642
haggle,KFC_v2,iterative,0.67984934086629,0.3357664233576642
haggle,KFC_v2,iterative,0.6803201506591336,0.3357664233576642
haggle,KFC_v2,iterative,0.6807909604519774,0.3357664233576642
haggle,KFC_v2,iterative,0.681261770244821,0.3357664233576642
haggle,KFC_v2,iterative,0.6817325800376648,0.3357664233576642
haggle,KFC_v2,iterative,0.6822033898305084,0.3357664233576642
haggle,KFC_v2,iterative,0.6826741996233522,0.3357664233576642
haggle,KFC_v2,iterative,0.6831450094161958,0.3357664233576642
haggle,KFC_v2,iterative,0.6836158192090395,0.3357664233576642
haggle,KFC_v2,iterative,0.6840866290018832,0.3357664233576642
haggle,KFC_v2,iterative,0.6845574387947269,0.3357664233576642
haggle,KFC_v2,iterative,0.6850282485875706,0.3357664233576642
haggle,KFC_v2,iterative,0.6854990583804143,0.3357664233576642
haggle,KFC_v2,iterative,0.685969868173258,0.3357664233576642
haggle,KFC_v2,iterative,0.6864406779661016,0.3357664233576642
haggle,KFC_v2,iterative,0.6869114877589454,0.3357664233576642
haggle,KFC_v2,iterative,0.687382297551789,0.3357664233576642
haggle,KFC_v2,iterative,0.6878531073446328,0.3357664233576642
haggle,KFC_v2,iterative,0.6883239171374764,0.3357664233576642
haggle,KFC_v2,iterative,0.6887947269303201,0.3357664233576642
haggle,KFC_v2,iterative,0.6892655367231638,0.3357664233576642
haggle,KFC_v2,iterative,0.6897363465160075,0.3357664233576642
haggle,KFC_v2,iterative,0.6902071563088512,0.3357664233576642
haggle,KFC_v2,iterative,0.6906779661016949,0.3357664233576642
haggle,KFC_v2,iterative,0.6911487758945386,0.3357664233576642
haggle,KFC_v2,iterative,0.6916195856873822,0.3357664233576642
haggle,KFC_v2,iterative,0.692090395480226,0.3357664233576642
haggle,KFC_v2,iterative,0.6925612052730696,0.3357664233576642
haggle,KFC_v2,iterative,0.6930320150659134,0.291970802919708
haggle,KFC_v2,iterative,0.693502824858757,0.291970802919708
haggle,KFC_v2,iterative,0.6939736346516008,0.291970802919708
haggle,KFC_v2,iterative,0.6944444444444444,0.291970802919708
haggle,KFC_v2,iterative,0.6949152542372881,0.291970802919708
haggle,KFC_v2,iterative,0.6953860640301318,0.291970802919708
haggle,KFC_v2,iterative,0.6958568738229755,0.291970802919708
haggle,KFC_v2,iterative,0.6963276836158192,0.291970802919708
haggle,KFC_v2,iterative,0.6967984934086628,0.291970802919708
haggle,KFC_v2,iterative,0.6972693032015066,0.291970802919708
haggle,KFC_v2,iterative,0.6977401129943502,0.291970802919708
haggle,KFC_v2,iterative,0.698210922787194,0.291970802919708
haggle,KFC_v2,iterative,0.6986817325800376,0.291970802919708
haggle,KFC_v2,iterative,0.6991525423728814,0.291970802919708
haggle,KFC_v2,iterative,0.699623352165725,0.291970802919708
haggle,KFC_v2,iterative,0.7000941619585687,0.291970802919708
haggle,KFC_v2,iterative,0.7005649717514124,0.291970802919708
haggle,KFC_v2,iterative,0.701035781544256,0.291970802919708
haggle,KFC_v2,iterative,0.7015065913370998,0.291970802919708
haggle,KFC_v2,iterative,0.7019774011299434,0.291970802919708
haggle,KFC_v2,iterative,0.7024482109227872,0.291970802919708
haggle,KFC_v2,iterative,0.7029190207156308,0.291970802919708
haggle,KFC_v2,iterative,0.7033898305084746,0.291970802919708
haggle,KFC_v2,iterative,0.7038606403013182,0.291970802919708
haggle,KFC_v2,iterative,0.704331450094162,0.291970802919708
haggle,KFC_v2,iterative,0.7048022598870056,0.291970802919708
haggle,KFC_v2,iterative,0.7052730696798493,0.291970802919708
haggle,KFC_v2,iterative,0.705743879472693,0.291970802919708
haggle,KFC_v2,iterative,0.7062146892655367,0.291970802919708
haggle,KFC_v2,iterative,0.7066854990583804,0.291970802919708
haggle,KFC_v2,iterative,0.707156308851224,0.291970802919708
haggle,KFC_v2,iterative,0.7076271186440678,0.291970802919708
haggle,KFC_v2,iterative,0.7080979284369114,0.291970802919708
haggle,KFC_v2,iterative,0.7085687382297552,0.291970802919708
haggle,KFC_v2,iterative,0.7090395480225988,0.291970802919708
haggle,KFC_v2,iterative,0.7095103578154426,0.291970802919708
haggle,KFC_v2,iterative,0.7099811676082862,0.291970802919708
haggle,KFC_v2,iterative,0.7104519774011299,0.291970802919708
haggle,KFC_v2,iterative,0.7109227871939736,0.291970802919708
haggle,KFC_v2,iterative,0.7113935969868173,0.291970802919708
haggle,KFC_v2,iterative,0.711864406779661,0.291970802919708
haggle,KFC_v2,iterative,0.7123352165725046,0.291970802919708
haggle,KFC_v2,iterative,0.7128060263653484,0.291970802919708
haggle,KFC_v2,iterative,0.713276836158192,0.291970802919708
haggle,KFC_v2,iterative,0.7137476459510358,0.291970802919708
haggle,KFC_v2,iterative,0.7142184557438794,0.291970802919708
haggle,KFC_v2,iterative,0.7146892655367232,0.291970802919708
haggle,KFC_v2,iterative,0.7151600753295668,0.291970802919708
haggle,KFC_v2,iterative,0.7156308851224105,0.291970802919708
haggle,KFC_v2,iterative,0.7161016949152542,0.291970802919708
haggle,KFC_v2,iterative,0.7165725047080979,0.291970802919708
haggle,KFC_v2,iterative,0.7170433145009416,0.291970802919708
haggle,KFC_v2,iterative,0.7175141242937852,0.291970802919708
haggle,KFC_v2,iterative,0.717984934086629,0.291970802919708
haggle,KFC_v2,iterative,0.7184557438794726,0.291970802919708
haggle,KFC_v2,iterative,0.7189265536723164,0.291970802919708
haggle,KFC_v2,iterative,0.71939736346516,0.291970802919708
haggle,KFC_v2,iterative,0.7198681732580038,0.291970802919708
haggle,KFC_v2,iterative,0.7203389830508474,0.291970802919708
haggle,KFC_v2,iterative,0.7208097928436911,0.291970802919708
haggle,KFC_v2,iterative,0.7212806026365348,0.291970802919708
haggle,KFC_v2,iterative,0.7217514124293785,0.291970802919708
haggle,KFC_v2,iterative,0.7222222222222222,0.291970802919708
haggle,KFC_v2,iterative,0.7226930320150659,0.291970802919708
haggle,KFC_v2,iterative,0.7231638418079096,0.291970802919708
haggle,KFC_v2,iterative,0.7236346516007532,0.291970802919708
haggle,KFC_v2,iterative,0.724105461393597,0.291970802919708
haggle,KFC_v2,iterative,0.7245762711864406,0.291970802919708
haggle,KFC_v2,iterative,0.7250470809792844,0.291970802919708
haggle,KFC_v2,iterative,0.725517890772128,0.291970802919708
haggle,KFC_v2,iterative,0.7259887005649717,0.291970802919708
haggle,KFC_v2,iterative,0.7264595103578154,0.291970802919708
haggle,KFC_v2,iterative,0.7269303201506591,0.291970802919708
haggle,KFC_v2,iterative,0.7274011299435028,0.291970802919708
haggle,KFC_v2,iterative,0.7278719397363465,0.291970802919708
haggle,KFC_v2,iterative,0.7283427495291902,0.291970802919708
haggle,KFC_v2,iterative,0.7288135593220338,0.291970802919708
haggle,KFC_v2,iterative,0.7292843691148776,0.291970802919708
haggle,KFC_v2,iterative,0.7297551789077212,0.291970802919708
haggle,KFC_v2,iterative,0.730225988700565,0.291970802919708
haggle,KFC_v2,iterative,0.7306967984934086,0.291970802919708
haggle,KFC_v2,iterative,0.7311676082862523,0.291970802919708
haggle,KFC_v2,iterative,0.731638418079096,0.291970802919708
haggle,KFC_v2,iterative,0.7321092278719397,0.291970802919708
haggle,KFC_v2,iterative,0.7325800376647834,0.291970802919708
haggle,KFC_v2,iterative,0.733050847457627,0.291970802919708
haggle,KFC_v2,iterative,0.7335216572504708,0.291970802919708
haggle,KFC_v2,iterative,0.7339924670433144,0.291970802919708
haggle,KFC_v2,iterative,0.7344632768361582,0.291970802919708
haggle,KFC_v2,iterative,0.7349340866290018,0.291970802919708
haggle,KFC_v2,iterative,0.7354048964218456,0.291970802919708
haggle,KFC_v2,iterative,0.7358757062146892,0.291970802919708
haggle,KFC_v2,iterative,0.736346516007533,0.291970802919708
haggle,KFC_v2,iterative,0.7368173258003766,0.291970802919708
haggle,KFC_v2,iterative,0.7372881355932203,0.291970802919708
haggle,KFC_v2,iterative,0.737758945386064,0.291970802919708
haggle,KFC_v2,iterative,0.7382297551789077,0.291970802919708
haggle,KFC_v2,iterative,0.7387005649717514,0.291970802919708
haggle,KFC_v2,iterative,0.739171374764595,0.291970802919708
haggle,KFC_v2,iterative,0.7396421845574388,0.291970802919708
haggle,KFC_v2,iterative,0.7401129943502824,0.291970802919708
haggle,KFC_v2,iterative,0.7405838041431262,0.291970802919708
haggle,KFC_v2,iterative,0.7410546139359698,0.291970802919708
haggle,KFC_v2,iterative,0.7415254237288136,0.291970802919708
haggle,KFC_v2,iterative,0.7419962335216572,0.291970802919708
haggle,KFC_v2,iterative,0.7424670433145009,0.291970802919708
haggle,KFC_v2,iterative,0.7429378531073446,0.291970802919708
haggle,KFC_v2,iterative,0.7434086629001883,0.291970802919708
haggle,KFC_v2,iterative,0.743879472693032,0.291970802919708
haggle,KFC_v2,iterative,0.7443502824858756,0.291970802919708
haggle,KFC_v2,iterative,0.7448210922787194,0.291970802919708
haggle,KFC_v2,iterative,0.745291902071563,0.291970802919708
haggle,KFC_v2,iterative,0.7457627118644068,0.291970802919708
haggle,KFC_v2,iterative,0.7462335216572504,0.291970802919708
haggle,KFC_v2,iterative,0.7467043314500942,0.291970802919708
haggle,KFC_v2,iterative,0.7471751412429378,0.291970802919708
haggle,KFC_v2,iterative,0.7476459510357815,0.291970802919708
haggle,KFC_v2,iterative,0.7481167608286252,0.291970802919708
haggle,KFC_v2,iterative,0.7485875706214689,0.291970802919708
haggle,KFC_v2,iterative,0.7490583804143126,0.291970802919708
haggle,KFC_v2,iterative,0.7495291902071562,0.291970802919708
haggle,KFC_v2,iterative,0.75,0.291970802919708
haggle,KFC_v2,iterative,0.7504708097928436,0.2518248175182482
haggle,KFC_v2,iterative,0.7509416195856874,0.2518248175182482
haggle,KFC_v2,iterative,0.751412429378531,0.2518248175182482
haggle,KFC_v2,iterative,0.7518832391713748,0.2518248175182482
haggle,KFC_v2,iterative,0.7523540489642184,0.2518248175182482
haggle,KFC_v2,iterative,0.7528248587570621,0.2518248175182482
haggle,KFC_v2,iterative,0.7532956685499058,0.2518248175182482
haggle,KFC_v2,iterative,0.7537664783427495,0.2518248175182482
haggle,KFC_v2,iterative,0.7542372881355932,0.2518248175182482
haggle,KFC_v2,iterative,0.7547080979284368,0.2518248175182482
haggle,KFC_v2,iterative,0.7551789077212806,0.2518248175182482
haggle,KFC_v2,iterative,0.7556497175141242,0.2518248175182482
haggle,KFC_v2,iterative,0.756120527306968,0.2518248175182482
haggle,KFC_v2,iterative,0.7565913370998116,0.2518248175182482
haggle,KFC_v2,iterative,0.7570621468926554,0.2518248175182482
haggle,KFC_v2,iterative,0.757532956685499,0.2518248175182482
haggle,KFC_v2,iterative,0.7580037664783427,0.2518248175182482
haggle,KFC_v2,iterative,0.7584745762711864,0.2518248175182482
haggle,KFC_v2,iterative,0.7589453860640301,0.2518248175182482
haggle,KFC_v2,iterative,0.7594161958568738,0.2518248175182482
haggle,KFC_v2,iterative,0.7598870056497175,0.2518248175182482
haggle,KFC_v2,iterative,0.7603578154425612,0.2518248175182482
haggle,KFC_v2,iterative,0.7608286252354048,0.2518248175182482
haggle,KFC_v2,iterative,0.7612994350282486,0.2518248175182482
haggle,KFC_v2,iterative,0.7617702448210922,0.2518248175182482
haggle,KFC_v2,iterative,0.762241054613936,0.2518248175182482
haggle,KFC_v2,iterative,0.7627118644067796,0.2518248175182482
haggle,KFC_v2,iterative,0.7631826741996233,0.2518248175182482
haggle,KFC_v2,iterative,0.763653483992467,0.2518248175182482
haggle,KFC_v2,iterative,0.7641242937853107,0.2518248175182482
haggle,KFC_v2,iterative,0.7645951035781544,0.2518248175182482
haggle,KFC_v2,iterative,0.765065913370998,0.2518248175182482
haggle,KFC_v2,iterative,0.7655367231638418,0.2518248175182482
haggle,KFC_v2,iterative,0.7660075329566854,0.2518248175182482
haggle,KFC_v2,iterative,0.7664783427495292,0.2518248175182482
haggle,KFC_v2,iterative,0.7669491525423728,0.2518248175182482
haggle,KFC_v2,iterative,0.7674199623352166,0.2518248175182482
haggle,KFC_v2,iterative,0.7678907721280602,0.2518248175182482
haggle,KFC_v2,iterative,0.7683615819209039,0.2518248175182482
haggle,KFC_v2,iterative,0.7688323917137476,0.2518248175182482
haggle,KFC_v2,iterative,0.7693032015065913,0.2518248175182482
haggle,KFC_v2,iterative,0.769774011299435,0.2518248175182482
haggle,KFC_v2,iterative,0.7702448210922787,0.2518248175182482
haggle,KFC_v2,iterative,0.7707156308851224,0.2518248175182482
haggle,KFC_v2,iterative,0.771186440677966,0.2518248175182482
haggle,KFC_v2,iterative,0.7716572504708098,0.2518248175182482
haggle,KFC_v2,iterative,0.7721280602636534,0.2518248175182482
haggle,KFC_v2,iterative,0.7725988700564972,0.2518248175182482
haggle,KFC_v2,iterative,0.7730696798493408,0.2518248175182482
haggle,KFC_v2,iterative,0.7735404896421845,0.2518248175182482
haggle,KFC_v2,iterative,0.7740112994350282,0.2518248175182482
haggle,KFC_v2,iterative,0.7744821092278719,0.2518248175182482
haggle,KFC_v2,iterative,0.7749529190207156,0.2518248175182482
haggle,KFC_v2,iterative,0.7754237288135593,0.2518248175182482
haggle,KFC_v2,iterative,0.775894538606403,0.2518248175182482
haggle,KFC_v2,iterative,0.7763653483992466,0.2518248175182482
haggle,KFC_v2,iterative,0.7768361581920904,0.2518248175182482
haggle,KFC_v2,iterative,0.777306967984934,0.2518248175182482
haggle,KFC_v2,iterative,0.7777777777777778,0.2518248175182482
haggle,KFC_v2,iterative,0.7782485875706214,0.2518248175182482
haggle,KFC_v2,iterative,0.7787193973634652,0.2518248175182482
haggle,KFC_v2,iterative,0.7791902071563088,0.2518248175182482
haggle,KFC_v2,iterative,0.7796610169491525,0.2518248175182482
haggle,KFC_v2,iterative,0.7801318267419962,0.2518248175182482
haggle,KFC_v2,iterative,0.7806026365348399,0.20802919708029197
haggle,KFC_v2,iterative,0.7810734463276836,0.20802919708029197
haggle,KFC_v2,iterative,0.7815442561205272,0.20802919708029197
haggle,KFC_v2,iterative,0.782015065913371,0.20802919708029197
haggle,KFC_v2,iterative,0.7824858757062146,0.20802919708029197
haggle,KFC_v2,iterative,0.7829566854990584,0.20802919708029197
haggle,KFC_v2,iterative,0.783427495291902,0.20802919708029197
haggle,KFC_v2,iterative,0.7838983050847458,0.20802919708029197
haggle,KFC_v2,iterative,0.7843691148775894,0.20802919708029197
haggle,KFC_v2,iterative,0.7848399246704331,0.20802919708029197
haggle,KFC_v2,iterative,0.7853107344632768,0.20802919708029197
haggle,KFC_v2,iterative,0.7857815442561205,0.20802919708029197
haggle,KFC_v2,iterative,0.7862523540489642,0.20802919708029197
haggle,KFC_v2,iterative,0.7867231638418078,0.20802919708029197
haggle,KFC_v2,iterative,0.7871939736346516,0.20802919708029197
haggle,KFC_v2,iterative,0.7876647834274952,0.20802919708029197
haggle,KFC_v2,iterative,0.788135593220339,0.20802919708029197
haggle,KFC_v2,iterative,0.7886064030131826,0.20802919708029197
haggle,KFC_v2,iterative,0.7890772128060264,0.20802919708029197
haggle,KFC_v2,iterative,0.78954802259887,0.20802919708029197
haggle,KFC_v2,iterative,0.7900188323917137,0.20802919708029197
haggle,KFC_v2,iterative,0.7904896421845574,0.20802919708029197
haggle,KFC_v2,iterative,0.7909604519774011,0.20802919708029197
haggle,KFC_v2,iterative,0.7914312617702448,0.20802919708029197
haggle,KFC_v2,iterative,0.7919020715630884,0.20802919708029197
haggle,KFC_v2,iterative,0.7923728813559322,0.20802919708029197
haggle,KFC_v2,iterative,0.7928436911487758,0.20802919708029197
haggle,KFC_v2,iterative,0.7933145009416196,0.20802919708029197
haggle,KFC_v2,iterative,0.7937853107344632,0.20802919708029197
haggle,KFC_v2,iterative,0.794256120527307,0.20802919708029197
haggle,KFC_v2,iterative,0.7947269303201506,0.20802919708029197
haggle,KFC_v2,iterative,0.7951977401129943,0.20802919708029197
haggle,KFC_v2,iterative,0.795668549905838,0.20802919708029197
haggle,KFC_v2,iterative,0.7961393596986817,0.20802919708029197
haggle,KFC_v2,iterative,0.7966101694915254,0.20802919708029197
haggle,KFC_v2,iterative,0.797080979284369,0.20802919708029197
haggle,KFC_v2,iterative,0.7975517890772128,0.15693430656934307
haggle,KFC_v2,iterative,0.7980225988700564,0.15693430656934307
haggle,KFC_v2,iterative,0.7984934086629002,0.15693430656934307
haggle,KFC_v2,iterative,0.7989642184557438,0.15693430656934307
haggle,KFC_v2,iterative,0.7994350282485876,0.15693430656934307
haggle,KFC_v2,iterative,0.7999058380414312,0.15693430656934307
haggle,KFC_v2,iterative,0.8003766478342749,0.15693430656934307
haggle,KFC_v2,iterative,0.8008474576271186,0.15693430656934307
haggle,KFC_v2,iterative,0.8013182674199623,0.15693430656934307
haggle,KFC_v2,iterative,0.801789077212806,0.15693430656934307
haggle,KFC_v2,iterative,0.8022598870056497,0.15693430656934307
haggle,KFC_v2,iterative,0.8027306967984934,0.15693430656934307
haggle,KFC_v2,iterative,0.803201506591337,0.15693430656934307
haggle,KFC_v2,iterative,0.8036723163841808,0.15693430656934307
haggle,KFC_v2,iterative,0.8041431261770244,0.14233576642335766
haggle,KFC_v2,iterative,0.8046139359698682,0.14233576642335766
haggle,KFC_v2,iterative,0.8050847457627118,0.14233576642335766
haggle,KFC_v2,iterative,0.8055555555555555,0.14233576642335766
haggle,KFC_v2,iterative,0.8060263653483992,0.14233576642335766
haggle,KFC_v2,iterative,0.8064971751412429,0.14233576642335766
haggle,KFC_v2,iterative,0.8069679849340866,0.14233576642335766
haggle,KFC_v2,iterative,0.8074387947269303,0.14233576642335766
haggle,KFC_v2,iterative,0.807909604519774,0.14233576642335766
haggle,KFC_v2,iterative,0.8083804143126176,0.14233576642335766
haggle,KFC_v2,iterative,0.8088512241054614,0.14233576642335766
haggle,KFC_v2,iterative,0.809322033898305,0.14233576642335766
haggle,KFC_v2,iterative,0.8097928436911488,0.14233576642335766
haggle,KFC_v2,iterative,0.8102636534839924,0.14233576642335766
haggle,KFC_v2,iterative,0.8107344632768361,0.14233576642335766
haggle,KFC_v2,iterative,0.8112052730696798,0.14233576642335766
haggle,KFC_v2,iterative,0.8116760828625235,0.14233576642335766
haggle,KFC_v2,iterative,0.8121468926553672,0.14233576642335766
haggle,KFC_v2,iterative,0.8126177024482109,0.14233576642335766
haggle,KFC_v2,iterative,0.8130885122410546,0.14233576642335766
haggle,KFC_v2,iterative,0.8135593220338982,0.14233576642335766
haggle,KFC_v2,iterative,0.814030131826742,0.14233576642335766
haggle,KFC_v2,iterative,0.8145009416195856,0.14233576642335766
haggle,KFC_v2,iterative,0.8149717514124294,0.14233576642335766
haggle,KFC_v2,iterative,0.815442561205273,0.14233576642335766
haggle,KFC_v2,iterative,0.8159133709981167,0.14233576642335766
haggle,KFC_v2,iterative,0.8163841807909604,0.14233576642335766
haggle,KFC_v2,iterative,0.8168549905838041,0.14233576642335766
haggle,KFC_v2,iterative,0.8173258003766478,0.14233576642335766
haggle,KFC_v2,iterative,0.8177966101694915,0.14233576642335766
haggle,KFC_v2,iterative,0.8182674199623352,0.14233576642335766
haggle,KFC_v2,iterative,0.8187382297551788,0.14233576642335766
haggle,KFC_v2,iterative,0.8192090395480226,0.14233576642335766
haggle,KFC_v2,iterative,0.8196798493408662,0.14233576642335766
haggle,KFC_v2,iterative,0.82015065913371,0.14233576642335766
haggle,KFC_v2,iterative,0.8206214689265536,0.14233576642335766
haggle,KFC_v2,iterative,0.8210922787193974,0.14233576642335766
haggle,KFC_v2,iterative,0.821563088512241,0.14233576642335766
haggle,KFC_v2,iterative,0.8220338983050847,0.14233576642335766
haggle,KFC_v2,iterative,0.8225047080979284,0.14233576642335766
haggle,KFC_v2,iterative,0.8229755178907721,0.14233576642335766
haggle,KFC_v2,iterative,0.8234463276836158,0.14233576642335766
haggle,KFC_v2,iterative,0.8239171374764594,0.14233576642335766
haggle,KFC_v2,iterative,0.8243879472693032,0.14233576642335766
haggle,KFC_v2,iterative,0.8248587570621468,0.14233576642335766
haggle,KFC_v2,iterative,0.8253295668549906,0.14233576642335766
haggle,KFC_v2,iterative,0.8258003766478342,0.14233576642335766
haggle,KFC_v2,iterative,0.826271186440678,0.14233576642335766
haggle,KFC_v2,iterative,0.8267419962335216,0.10218978102189781
haggle,KFC_v2,iterative,0.8272128060263653,0.10218978102189781
haggle,KFC_v2,iterative,0.827683615819209,0.10218978102189781
haggle,KFC_v2,iterative,0.8281544256120527,0.10218978102189781
haggle,KFC_v2,iterative,0.8286252354048964,0.10218978102189781
haggle,KFC_v2,iterative,0.82909604519774,0.10218978102189781
haggle,KFC_v2,iterative,0.8295668549905838,0.10218978102189781
haggle,KFC_v2,iterative,0.8300376647834274,0.10218978102189781
haggle,KFC_v2,iterative,0.8305084745762712,0.08759124087591241
haggle,KFC_v2,iterative,0.8309792843691148,0.08759124087591241
haggle,KFC_v2,iterative,0.8314500941619586,0.08759124087591241
haggle,KFC_v2,iterative,0.8319209039548022,0.08759124087591241
haggle,KFC_v2,iterative,0.8323917137476459,0.08759124087591241
haggle,KFC_v2,iterative,0.8328625235404896,0.08759124087591241
haggle,KFC_v2,iterative,0.8333333333333333,0.08759124087591241
haggle,KFC_v2,iterative,0.833804143126177,0.08759124087591241
haggle,KFC_v2,iterative,0.8342749529190207,0.08759124087591241
haggle,KFC_v2,iterative,0.8347457627118644,0.08759124087591241
haggle,KFC_v2,iterative,0.835216572504708,0.08759124087591241
haggle,KFC_v2,iterative,0.8356873822975518,0.08759124087591241
haggle,KFC_v2,iterative,0.8361581920903954,0.08759124087591241
haggle,KFC_v2,iterative,0.8366290018832392,0.08759124087591241
haggle,KFC_v2,iterative,0.8370998116760828,0.08759124087591241
haggle,KFC_v2,iterative,0.8375706214689265,0.08759124087591241
haggle,KFC_v2,iterative,0.8380414312617702,0.08759124087591241
haggle,KFC_v2,iterative,0.8385122410546139,0.08759124087591241
haggle,KFC_v2,iterative,0.8389830508474576,0.08759124087591241
haggle,KFC_v2,iterative,0.8394538606403013,0.08759124087591241
haggle,KFC_v2,iterative,0.839924670433145,0.08759124087591241
haggle,KFC_v2,iterative,0.8403954802259886,0.08759124087591241
haggle,KFC_v2,iterative,0.8408662900188324,0.08759124087591241
haggle,KFC_v2,iterative,0.841337099811676,0.08759124087591241
haggle,KFC_v2,iterative,0.8418079096045198,0.08759124087591241
haggle,KFC_v2,iterative,0.8422787193973634,0.08759124087591241
haggle,KFC_v2,iterative,0.8427495291902071,0.08759124087591241
haggle,KFC_v2,iterative,0.8432203389830508,0.08759124087591241
haggle,KFC_v2,iterative,0.8436911487758945,0.08029197080291971
haggle,KFC_v2,iterative,0.8441619585687382,0.07664233576642336
haggle,KFC_v2,iterative,0.8446327683615819,0.072992700729927
haggle,KFC_v2,iterative,0.8451035781544256,0.06934306569343066
haggle,KFC_v2,iterative,0.8455743879472692,0.06569343065693431
haggle,KFC_v2,iterative,0.846045197740113,0.06569343065693431
haggle,KFC_v2,iterative,0.8465160075329566,0.06569343065693431
haggle,KFC_v2,iterative,0.8469868173258004,0.06569343065693431
haggle,KFC_v2,iterative,0.847457627118644,0.06569343065693431
haggle,KFC_v2,iterative,0.8479284369114877,0.06569343065693431
haggle,KFC_v2,iterative,0.8483992467043314,0.06569343065693431
haggle,KFC_v2,iterative,0.8488700564971751,0.06569343065693431
haggle,KFC_v2,iterative,0.8493408662900188,0.06569343065693431
haggle,KFC_v2,iterative,0.8498116760828625,0.06569343065693431
haggle,KFC_v2,iterative,0.8502824858757062,0.06569343065693431
haggle,KFC_v2,iterative,0.8507532956685498,0.06569343065693431
haggle,KFC_v2,iterative,0.8512241054613936,0.06569343065693431
haggle,KFC_v2,iterative,0.8516949152542372,0.06569343065693431
haggle,KFC_v2,iterative,0.852165725047081,0.06569343065693431
haggle,KFC_v2,iterative,0.8526365348399246,0.06569343065693431
haggle,KFC_v2,iterative,0.8531073446327683,0.06569343065693431
haggle,KFC_v2,iterative,0.853578154425612,0.06569343065693431
haggle,KFC_v2,iterative,0.8540489642184557,0.06569343065693431
haggle,KFC_v2,iterative,0.8545197740112994,0.06569343065693431
haggle,KFC_v2,iterative,0.8549905838041431,0.06569343065693431
haggle,KFC_v2,iterative,0.8554613935969868,0.06569343065693431
haggle,KFC_v2,iterative,0.8559322033898304,0.06569343065693431
haggle,KFC_v2,iterative,0.8564030131826742,0.06569343065693431
haggle,KFC_v2,iterative,0.8568738229755178,0.06569343065693431
haggle,KFC_v2,iterative,0.8573446327683616,0.06569343065693431
haggle,KFC_v2,iterative,0.8578154425612052,0.06569343065693431
haggle,KFC_v2,iterative,0.8582862523540489,0.06569343065693431
haggle,KFC_v2,iterative,0.8587570621468926,0.06569343065693431
haggle,KFC_v2,iterative,0.8592278719397363,0.06569343065693431
haggle,KFC_v2,iterative,0.85969868173258,0.06569343065693431
haggle,KFC_v2,iterative,0.8601694915254237,0.06569343065693431
haggle,KFC_v2,iterative,0.8606403013182674,0.06569343065693431
haggle,KFC_v2,iterative,0.861111111111111,0.06569343065693431
haggle,KFC_v2,iterative,0.8615819209039548,0.06204379562043796
haggle,KFC_v2,iterative,0.8620527306967984,0.058394160583941604
haggle,KFC_v2,iterative,0.8625235404896422,0.05474452554744526
haggle,KFC_v2,iterative,0.8629943502824858,0.05474452554744526
haggle,KFC_v2,iterative,0.8634651600753296,0.05474452554744526
haggle,KFC_v2,iterative,0.8639359698681732,0.05474452554744526
haggle,KFC_v2,iterative,0.8644067796610169,0.05474452554744526
haggle,KFC_v2,iterative,0.8648775894538606,0.05474452554744526
haggle,KFC_v2,iterative,0.8653483992467043,0.05474452554744526
haggle,KFC_v2,iterative,0.865819209039548,0.05474452554744526
haggle,KFC_v2,iterative,0.8662900188323917,0.05474452554744526
haggle,KFC_v2,iterative,0.8667608286252354,0.05474452554744526
haggle,KFC_v2,iterative,0.867231638418079,0.051094890510948905
haggle,KFC_v2,iterative,0.8677024482109228,0.051094890510948905
haggle,KFC_v2,iterative,0.8681732580037664,0.051094890510948905
haggle,KFC_v2,iterative,0.8686440677966102,0.04744525547445255
haggle,KFC_v2,iterative,0.8691148775894538,0.04744525547445255
haggle,KFC_v2,iterative,0.8695856873822975,0.04744525547445255
haggle,KFC_v2,iterative,0.8700564971751412,0.04744525547445255
haggle,KFC_v2,iterative,0.8705273069679849,0.04744525547445255
haggle,KFC_v2,iterative,0.8709981167608286,0.04744525547445255
haggle,KFC_v2,iterative,0.8714689265536723,0.04744525547445255
haggle,KFC_v2,iterative,0.871939736346516,0.04744525547445255
haggle,KFC_v2,iterative,0.8724105461393596,0.04744525547445255
haggle,KFC_v2,iterative,0.8728813559322034,0.04744525547445255
haggle,KFC_v2,iterative,0.873352165725047,0.04744525547445255
haggle,KFC_v2,iterative,0.8738229755178908,0.04744525547445255
haggle,KFC_v2,iterative,0.8742937853107344,0.04744525547445255
haggle,KFC_v2,iterative,0.8747645951035781,0.04744525547445255
haggle,KFC_v2,iterative,0.8752354048964218,0.04744525547445255
haggle,KFC_v2,iterative,0.8757062146892655,0.04744525547445255
haggle,KFC_v2,iterative,0.8761770244821092,0.04744525547445255
haggle,KFC_v2,iterative,0.8766478342749529,0.043795620437956206
haggle,KFC_v2,iterative,0.8771186440677966,0.043795620437956206
haggle,KFC_v2,iterative,0.8775894538606402,0.043795620437956206
haggle,KFC_v2,iterative,0.878060263653484,0.043795620437956206
haggle,KFC_v2,iterative,0.8785310734463276,0.043795620437956206
haggle,KFC_v2,iterative,0.8790018832391714,0.043795620437956206
haggle,KFC_v2,iterative,0.879472693032015,0.043795620437956206
haggle,KFC_v2,iterative,0.8799435028248587,0.043795620437956206
haggle,KFC_v2,iterative,0.8804143126177024,0.043795620437956206
haggle,KFC_v2,iterative,0.8808851224105461,0.043795620437956206
haggle,KFC_v2,iterative,0.8813559322033898,0.043795620437956206
haggle,KFC_v2,iterative,0.8818267419962335,0.043795620437956206
haggle,KFC_v2,iterative,0.8822975517890772,0.043795620437956206
haggle,KFC_v2,iterative,0.8827683615819208,0.043795620437956206
haggle,KFC_v2,iterative,0.8832391713747646,0.043795620437956206
haggle,KFC_v2,iterative,0.8837099811676082,0.043795620437956206
haggle,KFC_v2,iterative,0.884180790960452,0.043795620437956206
haggle,KFC_v2,iterative,0.8846516007532956,0.043795620437956206
haggle,KFC_v2,iterative,0.8851224105461393,0.043795620437956206
haggle,KFC_v2,iterative,0.885593220338983,0.043795620437956206
haggle,KFC_v2,iterative,0.8860640301318267,0.043795620437956206
haggle,KFC_v2,iterative,0.8865348399246704,0.040145985401459854
haggle,KFC_v2,iterative,0.887005649717514,0.040145985401459854
haggle,KFC_v2,iterative,0.8874764595103578,0.040145985401459854
haggle,KFC_v2,iterative,0.8879472693032014,0.040145985401459854
haggle,KFC_v2,iterative,0.8884180790960452,0.040145985401459854
haggle,KFC_v2,iterative,0.8888888888888888,0.040145985401459854
haggle,KFC_v2,iterative,0.8893596986817326,0.040145985401459854
haggle,KFC_v2,iterative,0.8898305084745762,0.040145985401459854
haggle,KFC_v2,iterative,0.8903013182674199,0.040145985401459854
haggle,KFC_v2,iterative,0.8907721280602636,0.0364963503649635
haggle,KFC_v2,iterative,0.8912429378531073,0.0364963503649635
haggle,KFC_v2,iterative,0.891713747645951,0.0364963503649635
haggle,KFC_v2,iterative,0.8921845574387947,0.0364963503649635
haggle,KFC_v2,iterative,0.8926553672316384,0.0364963503649635
haggle,KFC_v2,iterative,0.893126177024482,0.0364963503649635
haggle,KFC_v2,iterative,0.8935969868173258,0.0364963503649635
haggle,KFC_v2,iterative,0.8940677966101694,0.0364963503649635
haggle,KFC_v2,iterative,0.8945386064030132,0.0364963503649635
haggle,KFC_v2,iterative,0.8950094161958568,0.0364963503649635
haggle,KFC_v2,iterative,0.8954802259887005,0.0364963503649635
haggle,KFC_v2,iterative,0.8959510357815442,0.0364963503649635
haggle,KFC_v2,iterative,0.8964218455743879,0.0364963503649635
haggle,KFC_v2,iterative,0.8968926553672316,0.0364963503649635
haggle,KFC_v2,iterative,0.8973634651600753,0.032846715328467155
haggle,KFC_v2,iterative,0.897834274952919,0.032846715328467155
haggle,KFC_v2,iterative,0.8983050847457626,0.032846715328467155
haggle,KFC_v2,iterative,0.8987758945386064,0.032846715328467155
haggle,KFC_v2,iterative,0.89924670433145,0.032846715328467155
haggle,KFC_v2,iterative,0.8997175141242938,0.032846715328467155
haggle,KFC_v2,iterative,0.9001883239171374,0.032846715328467155
haggle,KFC_v2,iterative,0.9006591337099811,0.032846715328467155
haggle,KFC_v2,iterative,0.9011299435028248,0.032846715328467155
haggle,KFC_v2,iterative,0.9016007532956685,0.032846715328467155
haggle,KFC_v2,iterative,0.9020715630885122,0.032846715328467155
haggle,KFC_v2,iterative,0.9025423728813559,0.032846715328467155
haggle,KFC_v2,iterative,0.9030131826741996,0.032846715328467155
haggle,KFC_v2,iterative,0.9034839924670433,0.032846715328467155
haggle,KFC_v2,iterative,0.903954802259887,0.032846715328467155
haggle,KFC_v2,iterative,0.9044256120527306,0.029197080291970802
haggle,KFC_v2,iterative,0.9048964218455744,0.029197080291970802
haggle,KFC_v2,iterative,0.905367231638418,0.029197080291970802
haggle,KFC_v2,iterative,0.9058380414312618,0.029197080291970802
haggle,KFC_v2,iterative,0.9063088512241054,0.029197080291970802
haggle,KFC_v2,iterative,0.9067796610169491,0.029197080291970802
haggle,KFC_v2,iterative,0.9072504708097928,0.029197080291970802
haggle,KFC_v2,iterative,0.9077212806026365,0.029197080291970802
haggle,KFC_v2,iterative,0.9081920903954802,0.029197080291970802
haggle,KFC_v2,iterative,0.9086629001883239,0.029197080291970802
haggle,KFC_v2,iterative,0.9091337099811676,0.029197080291970802
haggle,KFC_v2,iterative,0.9096045197740112,0.029197080291970802
haggle,KFC_v2,iterative,0.910075329566855,0.025547445255474453
haggle,KFC_v2,iterative,0.9105461393596986,0.025547445255474453
haggle,KFC_v2,iterative,0.9110169491525424,0.025547445255474453
haggle,KFC_v2,iterative,0.911487758945386,0.025547445255474453
haggle,KFC_v2,iterative,0.9119585687382297,0.025547445255474453
haggle,KFC_v2,iterative,0.9124293785310734,0.025547445255474453
haggle,KFC_v2,iterative,0.9129001883239171,0.025547445255474453
haggle,KFC_v2,iterative,0.9133709981167608,0.025547445255474453
haggle,KFC_v2,iterative,0.9138418079096045,0.025547445255474453
haggle,KFC_v2,iterative,0.9143126177024482,0.025547445255474453
haggle,KFC_v2,iterative,0.9147834274952918,0.025547445255474453
haggle,KFC_v2,iterative,0.9152542372881356,0.025547445255474453
haggle,KFC_v2,iterative,0.9157250470809792,0.025547445255474453
haggle,KFC_v2,iterative,0.916195856873823,0.025547445255474453
haggle,KFC_v2,iterative,0.9166666666666666,0.025547445255474453
haggle,KFC_v2,iterative,0.9171374764595103,0.025547445255474453
haggle,KFC_v2,iterative,0.917608286252354,0.025547445255474453
haggle,KFC_v2,iterative,0.9180790960451977,0.025547445255474453
haggle,KFC_v2,iterative,0.9185499058380414,0.021897810218978103
haggle,KFC_v2,iterative,0.919020715630885,0.021897810218978103
haggle,KFC_v2,iterative,0.9194915254237288,0.021897810218978103
haggle,KFC_v2,iterative,0.9199623352165724,0.021897810218978103
haggle,KFC_v2,iterative,0.9204331450094162,0.021897810218978103
haggle,KFC_v2,iterative,0.9209039548022598,0.021897810218978103
haggle,KFC_v2,iterative,0.9213747645951036,0.021897810218978103
haggle,KFC_v2,iterative,0.9218455743879472,0.021897810218978103
haggle,KFC_v2,iterative,0.9223163841807909,0.021897810218978103
haggle,KFC_v2,iterative,0.9227871939736346,0.021897810218978103
haggle,KFC_v2,iterative,0.9232580037664783,0.021897810218978103
haggle,KFC_v2,iterative,0.923728813559322,0.021897810218978103
haggle,KFC_v2,iterative,0.9241996233521657,0.021897810218978103
haggle,KFC_v2,iterative,0.9246704331450094,0.021897810218978103
haggle,KFC_v2,iterative,0.925141242937853,0.021897810218978103
haggle,KFC_v2,iterative,0.9256120527306968,0.021897810218978103
haggle,KFC_v2,iterative,0.9260828625235404,0.021897810218978103
haggle,KFC_v2,iterative,0.9265536723163842,0.021897810218978103
haggle,KFC_v2,iterative,0.9270244821092278,0.021897810218978103
haggle,KFC_v2,iterative,0.9274952919020715,0.021897810218978103
haggle,KFC_v2,iterative,0.9279661016949152,0.021897810218978103
haggle,KFC_v2,iterative,0.9284369114877589,0.021897810218978103
haggle,KFC_v2,iterative,0.9289077212806026,0.021897810218978103
haggle,KFC_v2,iterative,0.9293785310734463,0.021897810218978103
haggle,KFC_v2,iterative,0.92984934086629,0.021897810218978103
haggle,KFC_v2,iterative,0.9303201506591336,0.021897810218978103
haggle,KFC_v2,iterative,0.9307909604519774,0.01824817518248175
haggle,KFC_v2,iterative,0.931261770244821,0.01824817518248175
haggle,KFC_v2,iterative,0.9317325800376648,0.01824817518248175
haggle,KFC_v2,iterative,0.9322033898305084,0.01824817518248175
haggle,KFC_v2,iterative,0.9326741996233521,0.01824817518248175
haggle,KFC_v2,iterative,0.9331450094161958,0.01824817518248175
haggle,KFC_v2,iterative,0.9336158192090395,0.01824817518248175
haggle,KFC_v2,iterative,0.9340866290018832,0.01824817518248175
haggle,KFC_v2,iterative,0.9345574387947269,0.01824817518248175
haggle,KFC_v2,iterative,0.9350282485875706,0.01824817518248175
haggle,KFC_v2,iterative,0.9354990583804143,0.01824817518248175
haggle,KFC_v2,iterative,0.935969868173258,0.01824817518248175
haggle,KFC_v2,iterative,0.9364406779661016,0.01824817518248175
haggle,KFC_v2,iterative,0.9369114877589454,0.01824817518248175
haggle,KFC_v2,iterative,0.937382297551789,0.01824817518248175
haggle,KFC_v2,iterative,0.9378531073446327,0.01824817518248175
haggle,KFC_v2,iterative,0.9383239171374764,0.01824817518248175
haggle,KFC_v2,iterative,0.9387947269303201,0.01824817518248175
haggle,KFC_v2,iterative,0.9392655367231638,0.01824817518248175
haggle,KFC_v2,iterative,0.9397363465160075,0.01824817518248175
haggle,KFC_v2,iterative,0.9402071563088512,0.01824817518248175
haggle,KFC_v2,iterative,0.9406779661016949,0.01824817518248175
haggle,KFC_v2,iterative,0.9411487758945386,0.01824817518248175
haggle,KFC_v2,iterative,0.9416195856873822,0.01824817518248175
haggle,KFC_v2,iterative,0.942090395480226,0.01824817518248175
haggle,KFC_v2,iterative,0.9425612052730696,0.01824817518248175
haggle,KFC_v2,iterative,0.9430320150659133,0.01824817518248175
haggle,KFC_v2,iterative,0.943502824858757,0.01824817518248175
haggle,KFC_v2,iterative,0.9439736346516007,0.01824817518248175
haggle,KFC_v2,iterative,0.9444444444444444,0.01824817518248175
haggle,KFC_v2,iterative,0.9449152542372881,0.01824817518248175
haggle,KFC_v2,iterative,0.9453860640301318,0.014598540145985401
haggle,KFC_v2,iterative,0.9458568738229755,0.014598540145985401
haggle,KFC_v2,iterative,0.9463276836158192,0.014598540145985401
haggle,KFC_v2,iterative,0.9467984934086628,0.014598540145985401
haggle,KFC_v2,iterative,0.9472693032015066,0.014598540145985401
haggle,KFC_v2,iterative,0.9477401129943502,0.014598540145985401
haggle,KFC_v2,iterative,0.948210922787194,0.014598540145985401
haggle,KFC_v2,iterative,0.9486817325800376,0.014598540145985401
haggle,KFC_v2,iterative,0.9491525423728813,0.014598540145985401
haggle,KFC_v2,iterative,0.949623352165725,0.014598540145985401
haggle,KFC_v2,iterative,0.9500941619585687,0.014598540145985401
haggle,KFC_v2,iterative,0.9505649717514124,0.014598540145985401
haggle,KFC_v2,iterative,0.951035781544256,0.014598540145985401
haggle,KFC_v2,iterative,0.9515065913370998,0.014598540145985401
haggle,KFC_v2,iterative,0.9519774011299434,0.014598540145985401
haggle,KFC_v2,iterative,0.9524482109227872,0.014598540145985401
haggle,KFC_v2,iterative,0.9529190207156308,0.014598540145985401
haggle,KFC_v2,iterative,0.9533898305084746,0.014598540145985401
haggle,KFC_v2,iterative,0.9538606403013182,0.014598540145985401
haggle,KFC_v2,iterative,0.9543314500941619,0.014598540145985401
haggle,KFC_v2,iterative,0.9548022598870056,0.014598540145985401
haggle,KFC_v2,iterative,0.9552730696798493,0.014598540145985401
haggle,KFC_v2,iterative,0.955743879472693,0.014598540145985401
haggle,KFC_v2,iterative,0.9562146892655367,0.014598540145985401
haggle,KFC_v2,iterative,0.9566854990583804,0.014598540145985401
haggle,KFC_v2,iterative,0.957156308851224,0.014598540145985401
haggle,KFC_v2,iterative,0.9576271186440678,0.014598540145985401
haggle,KFC_v2,iterative,0.9580979284369114,0.014598540145985401
haggle,KFC_v2,iterative,0.9585687382297552,0.014598540145985401
haggle,KFC_v2,iterative,0.9590395480225988,0.014598540145985401
haggle,KFC_v2,iterative,0.9595103578154425,0.014598540145985401
haggle,KFC_v2,iterative,0.9599811676082862,0.014598540145985401
haggle,KFC_v2,iterative,0.9604519774011299,0.014598540145985401
haggle,KFC_v2,iterative,0.9609227871939736,0.014598540145985401
haggle,KFC_v2,iterative,0.9613935969868173,0.014598540145985401
haggle,KFC_v2,iterative,0.961864406779661,0.014598540145985401
haggle,KFC_v2,iterative,0.9623352165725046,0.014598540145985401
haggle,KFC_v2,iterative,0.9628060263653484,0.010948905109489052
haggle,KFC_v2,iterative,0.963276836158192,0.010948905109489052
haggle,KFC_v2,iterative,0.9637476459510358,0.010948905109489052
haggle,KFC_v2,iterative,0.9642184557438794,0.010948905109489052
haggle,KFC_v2,iterative,0.9646892655367231,0.010948905109489052
haggle,KFC_v2,iterative,0.9651600753295668,0.010948905109489052
haggle,KFC_v2,iterative,0.9656308851224105,0.010948905109489052
haggle,KFC_v2,iterative,0.9661016949152542,0.010948905109489052
haggle,KFC_v2,iterative,0.9665725047080979,0.010948905109489052
haggle,KFC_v2,iterative,0.9670433145009416,0.010948905109489052
haggle,KFC_v2,iterative,0.9675141242937852,0.010948905109489052
haggle,KFC_v2,iterative,0.967984934086629,0.010948905109489052
haggle,KFC_v2,iterative,0.9684557438794726,0.010948905109489052
haggle,KFC_v2,iterative,0.9689265536723164,0.010948905109489052
haggle,KFC_v2,iterative,0.96939736346516,0.010948905109489052
haggle,KFC_v2,iterative,0.9698681732580037,0.010948905109489052
haggle,KFC_v2,iterative,0.9703389830508474,0.010948905109489052
haggle,KFC_v2,iterative,0.9708097928436911,0.010948905109489052
haggle,KFC_v2,iterative,0.9712806026365348,0.010948905109489052
haggle,KFC_v2,iterative,0.9717514124293785,0.010948905109489052
haggle,KFC_v2,iterative,0.9722222222222222,0.010948905109489052
haggle,KFC_v2,iterative,0.9726930320150659,0.010948905109489052
haggle,KFC_v2,iterative,0.9731638418079096,0.010948905109489052
haggle,KFC_v2,iterative,0.9736346516007532,0.010948905109489052
haggle,KFC_v2,iterative,0.974105461393597,0.010948905109489052
haggle,KFC_v2,iterative,0.9745762711864406,0.010948905109489052
haggle,KFC_v2,iterative,0.9750470809792843,0.010948905109489052
haggle,KFC_v2,iterative,0.975517890772128,0.010948905109489052
haggle,KFC_v2,iterative,0.9759887005649717,0.010948905109489052
haggle,KFC_v2,iterative,0.9764595103578154,0.010948905109489052
haggle,KFC_v2,iterative,0.9769303201506591,0.010948905109489052
haggle,KFC_v2,iterative,0.9774011299435028,0.010948905109489052
haggle,KFC_v2,iterative,0.9778719397363465,0.010948905109489052
haggle,KFC_v2,iterative,0.9783427495291902,0.010948905109489052
haggle,KFC_v2,iterative,0.9788135593220338,0.010948905109489052
haggle,KFC_v2,iterative,0.9792843691148776,0.010948905109489052
haggle,KFC_v2,iterative,0.9797551789077212,0.010948905109489052
haggle,KFC_v2,iterative,0.9802259887005649,0.010948905109489052
haggle,KFC_v2,iterative,0.9806967984934086,0.0072992700729927005
haggle,KFC_v2,iterative,0.9811676082862523,0.0072992700729927005
haggle,KFC_v2,iterative,0.981638418079096,0.0072992700729927005
haggle,KFC_v2,iterative,0.9821092278719397,0.0072992700729927005
haggle,KFC_v2,iterative,0.9825800376647834,0.0072992700729927005
haggle,KFC_v2,iterative,0.983050847457627,0.0072992700729927005
haggle,KFC_v2,iterative,0.9835216572504708,0.0072992700729927005
haggle,KFC_v2,iterative,0.9839924670433144,0.0072992700729927005
haggle,KFC_v2,iterative,0.9844632768361582,0.0072992700729927005
haggle,KFC_v2,iterative,0.9849340866290018,0.0072992700729927005
haggle,KFC_v2,iterative,0.9854048964218456,0.0072992700729927005
haggle,KFC_v2,iterative,0.9858757062146892,0.0072992700729927005
haggle,KFC_v2,iterative,0.9863465160075329,0.0072992700729927005
haggle,KFC_v2,iterative,0.9868173258003766,0.0072992700729927005
haggle,KFC_v2,iterative,0.9872881355932203,0.0072992700729927005
haggle,KFC_v2,iterative,0.987758945386064,0.0072992700729927005
haggle,KFC_v2,iterative,0.9882297551789077,0.0072992700729927005
haggle,KFC_v2,iterative,0.9887005649717514,0.0072992700729927005
haggle,KFC_v2,iterative,0.989171374764595,0.0072992700729927005
haggle,KFC_v2,iterative,0.9896421845574388,0.0072992700729927005
haggle,KFC_v2,iterative,0.9901129943502824,0.0072992700729927005
haggle,KFC_v2,iterative,0.9905838041431262,0.0072992700729927005
haggle,KFC_v2,iterative,0.9910546139359698,0.0072992700729927005
haggle,KFC_v2,iterative,0.9915254237288135,0.0072992700729927005
haggle,KFC_v2,iterative,0.9919962335216572,0.0072992700729927005
haggle,KFC_v2,iterative,0.9924670433145009,0.0072992700729927005
haggle,KFC_v2,iterative,0.9929378531073446,0.0072992700729927005
haggle,KFC_v2,iterative,0.9934086629001883,0.0072992700729927005
haggle,KFC_v2,iterative,0.993879472693032,0.0072992700729927005
haggle,KFC_v2,iterative,0.9943502824858756,0.0072992700729927005
haggle,KFC_v2,iterative,0.9948210922787194,0.0072992700729927005
haggle,KFC_v2,iterative,0.995291902071563,0.0072992700729927005
haggle,KFC_v2,iterative,0.9957627118644068,0.0072992700729927005
haggle,KFC_v2,iterative,0.9962335216572504,0.0072992700729927005
haggle,KFC_v2,iterative,0.9967043314500941,0.0072992700729927005
haggle,KFC_v2,iterative,0.9971751412429378,0.0072992700729927005
haggle,KFC_v2,iterative,0.9976459510357815,0.0072992700729927005
haggle,KFC_v2,iterative,0.9981167608286252,0.0072992700729927005
haggle,KFC_v2,iterative,0.9985875706214689,0.0072992700729927005
haggle,KFC_v2,iterative,0.9990583804143126,0.0072992700729927005
haggle,KFC_v2,iterative,0.9995291902071562,0.0072992700729927005
haggle,KFC_v2,iterative,1.0,0.0036496350364963502
