network,metric,mode,x,rgc
jazz,KFC_v2,static,0.0,1.0
jazz,KFC_v2,static,0.00036469730123997083,1.0
jazz,KFC_v2,static,0.0007293946024799417,1.0
jazz,KFC_v2,static,0.0010940919037199124,1.0
jazz,KFC_v2,static,0.0014587892049598833,1.0
jazz,KFC_v2,static,0.0018234865061998542,1.0
jazz,KFC_v2,static,0.002188183807439825,1.0
jazz,KFC_v2,static,0.002552881108679796,1.0
jazz,KFC_v2,static,0.0029175784099197666,1.0
jazz,KFC_v2,static,0.0032822757111597373,1.0
jazz,KFC_v2,static,0.0036469730123997084,1.0
jazz,KFC_v2,static,0.0040116703136396795,1.0
jazz,KFC_v2,static,0.00437636761487965,1.0
jazz,KFC_v2,static,0.004741064916119621,1.0
jazz,KFC_v2,static,0.005105762217359592,1.0
jazz,KFC_v2,static,0.005470459518599562,1.0
jazz,KFC_v2,static,0.005835156819839533,1.0
jazz,KFC_v2,static,0.006199854121079504,1.0
jazz,KFC_v2,static,0.006564551422319475,1.0
jazz,KFC_v2,static,0.006929248723559446,1.0
jazz,KFC_v2,static,0.007293946024799417,1.0
jazz,KFC_v2,static,0.007658643326039387,1.0
jazz,KFC_v2,static,0.008023340627279359,1.0
jazz,KFC_v2,static,0.008388037928519328,1.0
jazz,KFC_v2,static,0.0087527352297593,1.0
jazz,KFC_v2,static,0.00911743253099927,1.0
jazz,KFC_v2,static,0.009482129832239242,1.0
jazz,KFC_v2,static,0.009846827133479213,1.0
jazz,KFC_v2,static,0.010211524434719184,1.0
jazz,KFC_v2,static,0.010576221735959153,1.0
jazz,KFC_v2,static,0.010940919037199124,1.0
jazz,KFC_v2,static,0.011305616338439095,1.0
jazz,KFC_v2,static,0.011670313639679067,1.0
jazz,KFC_v2,static,0.012035010940919038,1.0
jazz,KFC_v2,static,0.012399708242159009,1.0
jazz,KFC_v2,static,0.01276440554339898,1.0
jazz,KFC_v2,static,0.01312910284463895,1.0
jazz,KFC_v2,static,0.01349380014587892,1.0
jazz,KFC_v2,static,0.013858497447118891,1.0
jazz,KFC_v2,static,0.014223194748358862,1.0
jazz,KFC_v2,static,0.014587892049598834,1.0
jazz,KFC_v2,static,0.014952589350838805,1.0
jazz,KFC_v2,static,0.015317286652078774,1.0
jazz,KFC_v2,static,0.015681983953318747,1.0
jazz,KFC_v2,static,0.016046681254558718,1.0
jazz,KFC_v2,static,0.016411378555798686,1.0
jazz,KFC_v2,static,0.016776075857038657,1.0
jazz,KFC_v2,static,0.017140773158278628,1.0
jazz,KFC_v2,static,0.0175054704595186,1.0
jazz,KFC_v2,static,0.01787016776075857,1.0
jazz,KFC_v2,static,0.01823486506199854,1.0
jazz,KFC_v2,static,0.018599562363238512,1.0
jazz,KFC_v2,static,0.018964259664478483,1.0
jazz,KFC_v2,static,0.019328956965718454,1.0
jazz,KFC_v2,static,0.019693654266958426,1.0
jazz,KFC_v2,static,0.020058351568198397,1.0
jazz,KFC_v2,static,0.020423048869438368,1.0
jazz,KFC_v2,static,0.02078774617067834,1.0
jazz,KFC_v2,static,0.021152443471918306,1.0
jazz,KFC_v2,static,0.021517140773158278,1.0
jazz,KFC_v2,static,0.02188183807439825,1.0
jazz,KFC_v2,static,0.02224653537563822,1.0
jazz,KFC_v2,static,0.02261123267687819,1.0
jazz,KFC_v2,static,0.022975929978118162,1.0
jazz,KFC_v2,static,0.023340627279358133,1.0
jazz,KFC_v2,static,0.023705324580598104,1.0
jazz,KFC_v2,static,0.024070021881838075,1.0
jazz,KFC_v2,static,0.024434719183078046,1.0
jazz,KFC_v2,static,0.024799416484318017,1.0
jazz,KFC_v2,static,0.02516411378555799,1.0
jazz,KFC_v2,static,0.02552881108679796,1.0
jazz,KFC_v2,static,0.025893508388037927,1.0
jazz,KFC_v2,static,0.0262582056892779,1.0
jazz,KFC_v2,static,0.02662290299051787,1.0
jazz,KFC_v2,static,0.02698760029175784,1.0
jazz,KFC_v2,static,0.02735229759299781,1.0
jazz,KFC_v2,static,0.027716994894237783,1.0
jazz,KFC_v2,static,0.028081692195477754,1.0
jazz,KFC_v2,static,0.028446389496717725,1.0
jazz,KFC_v2,static,0.028811086797957696,1.0
jazz,KFC_v2,static,0.029175784099197667,1.0
jazz,KFC_v2,static,0.02954048140043764,1.0
jazz,KFC_v2,static,0.02990517870167761,1.0
jazz,KFC_v2,static,0.03026987600291758,1.0
jazz,KFC_v2,static,0.030634573304157548,1.0
jazz,KFC_v2,static,0.03099927060539752,1.0
jazz,KFC_v2,static,0.031363967906637494,1.0
jazz,KFC_v2,static,0.03172866520787746,1.0
jazz,KFC_v2,static,0.032093362509117436,1.0
jazz,KFC_v2,static,0.032458059810357404,1.0
jazz,KFC_v2,static,0.03282275711159737,1.0
jazz,KFC_v2,static,0.033187454412837346,1.0
jazz,KFC_v2,static,0.03355215171407731,1.0
jazz,KFC_v2,static,0.03391684901531729,1.0
jazz,KFC_v2,static,0.034281546316557256,1.0
jazz,KFC_v2,static,0.03464624361779723,1.0
jazz,KFC_v2,static,0.0350109409190372,1.0
jazz,KFC_v2,static,0.03537563822027717,1.0
jazz,KFC_v2,static,0.03574033552151714,1.0
jazz,KFC_v2,static,0.036105032822757115,1.0
jazz,KFC_v2,static,0.03646973012399708,1.0
jazz,KFC_v2,static,0.03683442742523706,1.0
jazz,KFC_v2,static,0.037199124726477024,1.0
jazz,KFC_v2,static,0.03756382202771699,1.0
jazz,KFC_v2,static,0.03792851932895697,1.0
jazz,KFC_v2,static,0.038293216630196934,1.0
jazz,KFC_v2,static,0.03865791393143691,1.0
jazz,KFC_v2,static,0.039022611232676876,1.0
jazz,KFC_v2,static,0.03938730853391685,1.0
jazz,KFC_v2,static,0.03975200583515682,1.0
jazz,KFC_v2,static,0.04011670313639679,1.0
jazz,KFC_v2,static,0.04048140043763676,1.0
jazz,KFC_v2,static,0.040846097738876735,1.0
jazz,KFC_v2,static,0.0412107950401167,1.0
jazz,KFC_v2,static,0.04157549234135668,1.0
jazz,KFC_v2,static,0.041940189642596645,1.0
jazz,KFC_v2,static,0.04230488694383661,1.0
jazz,KFC_v2,static,0.04266958424507659,1.0
jazz,KFC_v2,static,0.043034281546316555,1.0
jazz,KFC_v2,static,0.04339897884755653,1.0
jazz,KFC_v2,static,0.0437636761487965,1.0
jazz,KFC_v2,static,0.04412837345003647,1.0
jazz,KFC_v2,static,0.04449307075127644,1.0
jazz,KFC_v2,static,0.044857768052516414,1.0
jazz,KFC_v2,static,0.04522246535375638,1.0
jazz,KFC_v2,static,0.045587162654996356,1.0
jazz,KFC_v2,static,0.045951859956236324,1.0
jazz,KFC_v2,static,0.0463165572574763,1.0
jazz,KFC_v2,static,0.046681254558716266,1.0
jazz,KFC_v2,static,0.047045951859956234,1.0
jazz,KFC_v2,static,0.04741064916119621,1.0
jazz,KFC_v2,static,0.047775346462436176,1.0
jazz,KFC_v2,static,0.04814004376367615,1.0
jazz,KFC_v2,static,0.04850474106491612,1.0
jazz,KFC_v2,static,0.04886943836615609,1.0
jazz,KFC_v2,static,0.04923413566739606,1.0
jazz,KFC_v2,static,0.049598832968636035,1.0
jazz,KFC_v2,static,0.049963530269876,1.0
jazz,KFC_v2,static,0.05032822757111598,1.0
jazz,KFC_v2,static,0.050692924872355945,1.0
jazz,KFC_v2,static,0.05105762217359592,1.0
jazz,KFC_v2,static,0.05142231947483589,1.0
jazz,KFC_v2,static,0.051787016776075855,1.0
jazz,KFC_v2,static,0.05215171407731583,1.0
jazz,KFC_v2,static,0.0525164113785558,1.0
jazz,KFC_v2,static,0.05288110867979577,1.0
jazz,KFC_v2,static,0.05324580598103574,1.0
jazz,KFC_v2,static,0.053610503282275714,1.0
jazz,KFC_v2,static,0.05397520058351568,1.0
jazz,KFC_v2,static,0.054339897884755656,1.0
jazz,KFC_v2,static,0.05470459518599562,1.0
jazz,KFC_v2,static,0.0550692924872356,1.0
jazz,KFC_v2,static,0.055433989788475566,1.0
jazz,KFC_v2,static,0.05579868708971554,1.0
jazz,KFC_v2,static,0.05616338439095551,1.0
jazz,KFC_v2,static,0.056528081692195475,1.0
jazz,KFC_v2,static,0.05689277899343545,1.0
jazz,KFC_v2,static,0.05725747629467542,1.0
jazz,KFC_v2,static,0.05762217359591539,1.0
jazz,KFC_v2,static,0.05798687089715536,1.0
jazz,KFC_v2,static,0.058351568198395334,1.0
jazz,KFC_v2,static,0.0587162654996353,1.0
jazz,KFC_v2,static,0.05908096280087528,1.0
jazz,KFC_v2,static,0.059445660102115244,1.0
jazz,KFC_v2,static,0.05981035740335522,1.0
jazz,KFC_v2,static,0.060175054704595186,1.0
jazz,KFC_v2,static,0.06053975200583516,1.0
jazz,KFC_v2,static,0.06090444930707513,1.0
jazz,KFC_v2,static,0.061269146608315096,1.0
jazz,KFC_v2,static,0.06163384390955507,1.0
jazz,KFC_v2,static,0.06199854121079504,1.0
jazz,KFC_v2,static,0.06236323851203501,1.0
jazz,KFC_v2,static,0.06272793581327499,1.0
jazz,KFC_v2,static,0.06309263311451495,1.0
jazz,KFC_v2,static,0.06345733041575492,1.0
jazz,KFC_v2,static,0.0638220277169949,1.0
jazz,KFC_v2,static,0.06418672501823487,1.0
jazz,KFC_v2,static,0.06455142231947483,1.0
jazz,KFC_v2,static,0.06491611962071481,1.0
jazz,KFC_v2,static,0.06528081692195478,1.0
jazz,KFC_v2,static,0.06564551422319474,1.0
jazz,KFC_v2,static,0.06601021152443472,1.0
jazz,KFC_v2,static,0.06637490882567469,1.0
jazz,KFC_v2,static,0.06673960612691467,1.0
jazz,KFC_v2,static,0.06710430342815463,1.0
jazz,KFC_v2,static,0.0674690007293946,1.0
jazz,KFC_v2,static,0.06783369803063458,1.0
jazz,KFC_v2,static,0.06819839533187455,1.0
jazz,KFC_v2,static,0.06856309263311451,1.0
jazz,KFC_v2,static,0.06892778993435449,1.0
jazz,KFC_v2,static,0.06929248723559446,1.0
jazz,KFC_v2,static,0.06965718453683444,1.0
jazz,KFC_v2,static,0.0700218818380744,1.0
jazz,KFC_v2,static,0.07038657913931437,1.0
jazz,KFC_v2,static,0.07075127644055434,1.0
jazz,KFC_v2,static,0.0711159737417943,1.0
jazz,KFC_v2,static,0.07148067104303428,1.0
jazz,KFC_v2,static,0.07184536834427425,1.0
jazz,KFC_v2,static,0.07221006564551423,1.0
jazz,KFC_v2,static,0.07257476294675419,1.0
jazz,KFC_v2,static,0.07293946024799416,1.0
jazz,KFC_v2,static,0.07330415754923414,1.0
jazz,KFC_v2,static,0.07366885485047411,1.0
jazz,KFC_v2,static,0.07403355215171407,1.0
jazz,KFC_v2,static,0.07439824945295405,1.0
jazz,KFC_v2,static,0.07476294675419402,1.0
jazz,KFC_v2,static,0.07512764405543398,1.0
jazz,KFC_v2,static,0.07549234135667396,1.0
jazz,KFC_v2,static,0.07585703865791393,1.0
jazz,KFC_v2,static,0.07622173595915391,1.0
jazz,KFC_v2,static,0.07658643326039387,1.0
jazz,KFC_v2,static,0.07695113056163384,1.0
jazz,KFC_v2,static,0.07731582786287382,1.0
jazz,KFC_v2,static,0.07768052516411379,1.0
jazz,KFC_v2,static,0.07804522246535375,1.0
jazz,KFC_v2,static,0.07840991976659373,1.0
jazz,KFC_v2,static,0.0787746170678337,1.0
jazz,KFC_v2,static,0.07913931436907368,1.0
jazz,KFC_v2,static,0.07950401167031364,1.0
jazz,KFC_v2,static,0.07986870897155361,1.0
jazz,KFC_v2,static,0.08023340627279359,1.0
jazz,KFC_v2,static,0.08059810357403355,1.0
jazz,KFC_v2,static,0.08096280087527352,1.0
jazz,KFC_v2,static,0.0813274981765135,1.0
jazz,KFC_v2,static,0.08169219547775347,1.0
jazz,KFC_v2,static,0.08205689277899343,1.0
jazz,KFC_v2,static,0.0824215900802334,1.0
jazz,KFC_v2,static,0.08278628738147338,1.0
jazz,KFC_v2,static,0.08315098468271336,1.0
jazz,KFC_v2,static,0.08351568198395332,1.0
jazz,KFC_v2,static,0.08388037928519329,1.0
jazz,KFC_v2,static,0.08424507658643327,1.0
jazz,KFC_v2,static,0.08460977388767323,1.0
jazz,KFC_v2,static,0.0849744711889132,1.0
jazz,KFC_v2,static,0.08533916849015317,1.0
jazz,KFC_v2,static,0.08570386579139315,1.0
jazz,KFC_v2,static,0.08606856309263311,1.0
jazz,KFC_v2,static,0.08643326039387308,1.0
jazz,KFC_v2,static,0.08679795769511306,1.0
jazz,KFC_v2,static,0.08716265499635303,1.0
jazz,KFC_v2,static,0.087527352297593,1.0
jazz,KFC_v2,static,0.08789204959883297,1.0
jazz,KFC_v2,static,0.08825674690007294,1.0
jazz,KFC_v2,static,0.08862144420131292,1.0
jazz,KFC_v2,static,0.08898614150255288,1.0
jazz,KFC_v2,static,0.08935083880379285,1.0
jazz,KFC_v2,static,0.08971553610503283,1.0
jazz,KFC_v2,static,0.09008023340627279,1.0
jazz,KFC_v2,static,0.09044493070751276,1.0
jazz,KFC_v2,static,0.09080962800875274,1.0
jazz,KFC_v2,static,0.09117432530999271,1.0
jazz,KFC_v2,static,0.09153902261123267,1.0
jazz,KFC_v2,static,0.09190371991247265,1.0
jazz,KFC_v2,static,0.09226841721371262,1.0
jazz,KFC_v2,static,0.0926331145149526,1.0
jazz,KFC_v2,static,0.09299781181619256,1.0
jazz,KFC_v2,static,0.09336250911743253,1.0
jazz,KFC_v2,static,0.0937272064186725,1.0
jazz,KFC_v2,static,0.09409190371991247,1.0
jazz,KFC_v2,static,0.09445660102115244,1.0
jazz,KFC_v2,static,0.09482129832239242,1.0
jazz,KFC_v2,static,0.09518599562363239,1.0
jazz,KFC_v2,static,0.09555069292487235,1.0
jazz,KFC_v2,static,0.09591539022611233,1.0
jazz,KFC_v2,static,0.0962800875273523,1.0
jazz,KFC_v2,static,0.09664478482859228,1.0
jazz,KFC_v2,static,0.09700948212983224,1.0
jazz,KFC_v2,static,0.09737417943107221,1.0
jazz,KFC_v2,static,0.09773887673231219,1.0
jazz,KFC_v2,static,0.09810357403355215,1.0
jazz,KFC_v2,static,0.09846827133479212,1.0
jazz,KFC_v2,static,0.0988329686360321,1.0
jazz,KFC_v2,static,0.09919766593727207,1.0
jazz,KFC_v2,static,0.09956236323851203,1.0
jazz,KFC_v2,static,0.099927060539752,1.0
jazz,KFC_v2,static,0.10029175784099198,1.0
jazz,KFC_v2,static,0.10065645514223195,1.0
jazz,KFC_v2,static,0.10102115244347191,1.0
jazz,KFC_v2,static,0.10138584974471189,1.0
jazz,KFC_v2,static,0.10175054704595186,1.0
jazz,KFC_v2,static,0.10211524434719184,1.0
jazz,KFC_v2,static,0.1024799416484318,1.0
jazz,KFC_v2,static,0.10284463894967177,1.0
jazz,KFC_v2,static,0.10320933625091175,1.0
jazz,KFC_v2,static,0.10357403355215171,1.0
jazz,KFC_v2,static,0.10393873085339168,1.0
jazz,KFC_v2,static,0.10430342815463166,1.0
jazz,KFC_v2,static,0.10466812545587163,1.0
jazz,KFC_v2,static,0.1050328227571116,1.0
jazz,KFC_v2,static,0.10539752005835157,1.0
jazz,KFC_v2,static,0.10576221735959154,1.0
jazz,KFC_v2,static,0.10612691466083152,1.0
jazz,KFC_v2,static,0.10649161196207148,1.0
jazz,KFC_v2,static,0.10685630926331145,1.0
jazz,KFC_v2,static,0.10722100656455143,1.0
jazz,KFC_v2,static,0.10758570386579139,1.0
jazz,KFC_v2,static,0.10795040116703136,1.0
jazz,KFC_v2,static,0.10831509846827134,1.0
jazz,KFC_v2,static,0.10867979576951131,1.0
jazz,KFC_v2,static,0.10904449307075127,1.0
jazz,KFC_v2,static,0.10940919037199125,1.0
jazz,KFC_v2,static,0.10977388767323122,1.0
jazz,KFC_v2,static,0.1101385849744712,1.0
jazz,KFC_v2,static,0.11050328227571116,1.0
jazz,KFC_v2,static,0.11086797957695113,1.0
jazz,KFC_v2,static,0.1112326768781911,1.0
jazz,KFC_v2,static,0.11159737417943108,1.0
jazz,KFC_v2,static,0.11196207148067104,1.0
jazz,KFC_v2,static,0.11232676878191102,1.0
jazz,KFC_v2,static,0.11269146608315099,1.0
jazz,KFC_v2,static,0.11305616338439095,1.0
jazz,KFC_v2,static,0.11342086068563093,1.0
jazz,KFC_v2,static,0.1137855579868709,1.0
jazz,KFC_v2,static,0.11415025528811087,1.0
jazz,KFC_v2,static,0.11451495258935084,1.0
jazz,KFC_v2,static,0.11487964989059081,1.0
jazz,KFC_v2,static,0.11524434719183078,1.0
jazz,KFC_v2,static,0.11560904449307076,1.0
jazz,KFC_v2,static,0.11597374179431072,1.0
jazz,KFC_v2,static,0.1163384390955507,1.0
jazz,KFC_v2,static,0.11670313639679067,1.0
jazz,KFC_v2,static,0.11706783369803063,1.0
jazz,KFC_v2,static,0.1174325309992706,1.0
jazz,KFC_v2,static,0.11779722830051058,1.0
jazz,KFC_v2,static,0.11816192560175055,1.0
jazz,KFC_v2,static,0.11852662290299051,1.0
jazz,KFC_v2,static,0.11889132020423049,1.0
jazz,KFC_v2,static,0.11925601750547046,1.0
jazz,KFC_v2,static,0.11962071480671044,1.0
jazz,KFC_v2,static,0.1199854121079504,1.0
jazz,KFC_v2,static,0.12035010940919037,1.0
jazz,KFC_v2,static,0.12071480671043035,1.0
jazz,KFC_v2,static,0.12107950401167032,1.0
jazz,KFC_v2,static,0.12144420131291028,1.0
jazz,KFC_v2,static,0.12180889861415026,1.0
jazz,KFC_v2,static,0.12217359591539023,1.0
jazz,KFC_v2,static,0.12253829321663019,1.0
jazz,KFC_v2,static,0.12290299051787017,1.0
jazz,KFC_v2,static,0.12326768781911014,1.0
jazz,KFC_v2,static,0.12363238512035012,1.0
jazz,KFC_v2,static,0.12399708242159008,1.0
jazz,KFC_v2,static,0.12436177972283005,1.0
jazz,KFC_v2,static,0.12472647702407003,1.0
jazz,KFC_v2,static,0.12509117432531,1.0
jazz,KFC_v2,static,0.12545587162654998,1.0
jazz,KFC_v2,static,0.12582056892778995,1.0
jazz,KFC_v2,static,0.1261852662290299,1.0
jazz,KFC_v2,static,0.12654996353026987,1.0
jazz,KFC_v2,static,0.12691466083150985,1.0
jazz,KFC_v2,static,0.12727935813274982,1.0
jazz,KFC_v2,static,0.1276440554339898,1.0
jazz,KFC_v2,static,0.12800875273522977,1.0
jazz,KFC_v2,static,0.12837345003646974,1.0
jazz,KFC_v2,static,0.1287381473377097,1.0
jazz,KFC_v2,static,0.12910284463894967,1.0
jazz,KFC_v2,static,0.12946754194018964,1.0
jazz,KFC_v2,static,0.12983223924142961,1.0
jazz,KFC_v2,static,0.1301969365426696,1.0
jazz,KFC_v2,static,0.13056163384390956,1.0
jazz,KFC_v2,static,0.13092633114514954,1.0
jazz,KFC_v2,static,0.13129102844638948,1.0
jazz,KFC_v2,static,0.13165572574762946,1.0
jazz,KFC_v2,static,0.13202042304886943,1.0
jazz,KFC_v2,static,0.1323851203501094,1.0
jazz,KFC_v2,static,0.13274981765134938,1.0
jazz,KFC_v2,static,0.13311451495258936,1.0
jazz,KFC_v2,static,0.13347921225382933,1.0
jazz,KFC_v2,static,0.1338439095550693,1.0
jazz,KFC_v2,static,0.13420860685630925,1.0
jazz,KFC_v2,static,0.13457330415754923,1.0
jazz,KFC_v2,static,0.1349380014587892,1.0
jazz,KFC_v2,static,0.13530269876002918,1.0
jazz,KFC_v2,static,0.13566739606126915,1.0
jazz,KFC_v2,static,0.13603209336250913,1.0
jazz,KFC_v2,static,0.1363967906637491,1.0
jazz,KFC_v2,static,0.13676148796498905,1.0
jazz,KFC_v2,static,0.13712618526622902,1.0
jazz,KFC_v2,static,0.137490882567469,1.0
jazz,KFC_v2,static,0.13785557986870897,1.0
jazz,KFC_v2,static,0.13822027716994895,1.0
jazz,KFC_v2,static,0.13858497447118892,1.0
jazz,KFC_v2,static,0.1389496717724289,1.0
jazz,KFC_v2,static,0.13931436907366887,1.0
jazz,KFC_v2,static,0.13967906637490882,1.0
jazz,KFC_v2,static,0.1400437636761488,1.0
jazz,KFC_v2,static,0.14040846097738877,1.0
jazz,KFC_v2,static,0.14077315827862874,1.0
jazz,KFC_v2,static,0.14113785557986872,1.0
jazz,KFC_v2,static,0.1415025528811087,1.0
jazz,KFC_v2,static,0.14186725018234866,1.0
jazz,KFC_v2,static,0.1422319474835886,1.0
jazz,KFC_v2,static,0.14259664478482859,1.0
jazz,KFC_v2,static,0.14296134208606856,1.0
jazz,KFC_v2,static,0.14332603938730853,1.0
jazz,KFC_v2,static,0.1436907366885485,1.0
jazz,KFC_v2,static,0.14405543398978848,1.0
jazz,KFC_v2,static,0.14442013129102846,1.0
jazz,KFC_v2,static,0.1447848285922684,1.0
jazz,KFC_v2,static,0.14514952589350838,1.0
jazz,KFC_v2,static,0.14551422319474835,1.0
jazz,KFC_v2,static,0.14587892049598833,1.0
jazz,KFC_v2,static,0.1462436177972283,1.0
jazz,KFC_v2,static,0.14660831509846828,1.0
jazz,KFC_v2,static,0.14697301239970825,1.0
jazz,KFC_v2,static,0.14733770970094823,1.0
jazz,KFC_v2,static,0.14770240700218817,1.0
jazz,KFC_v2,static,0.14806710430342815,1.0
jazz,KFC_v2,static,0.14843180160466812,1.0
jazz,KFC_v2,static,0.1487964989059081,1.0
jazz,KFC_v2,static,0.14916119620714807,1.0
jazz,KFC_v2,static,0.14952589350838805,1.0
jazz,KFC_v2,static,0.14989059080962802,1.0
jazz,KFC_v2,static,0.15025528811086797,1.0
jazz,KFC_v2,static,0.15061998541210794,1.0
jazz,KFC_v2,static,0.15098468271334792,1.0
jazz,KFC_v2,static,0.1513493800145879,1.0
jazz,KFC_v2,static,0.15171407731582787,1.0
jazz,KFC_v2,static,0.15207877461706784,1.0
jazz,KFC_v2,static,0.15244347191830782,1.0
jazz,KFC_v2,static,0.1528081692195478,1.0
jazz,KFC_v2,static,0.15317286652078774,1.0
jazz,KFC_v2,static,0.1535375638220277,1.0
jazz,KFC_v2,static,0.1539022611232677,1.0
jazz,KFC_v2,static,0.15426695842450766,1.0
jazz,KFC_v2,static,0.15463165572574764,1.0
jazz,KFC_v2,static,0.1549963530269876,1.0
jazz,KFC_v2,static,0.15536105032822758,1.0
jazz,KFC_v2,static,0.15572574762946753,1.0
jazz,KFC_v2,static,0.1560904449307075,1.0
jazz,KFC_v2,static,0.15645514223194748,1.0
jazz,KFC_v2,static,0.15681983953318746,1.0
jazz,KFC_v2,static,0.15718453683442743,1.0
jazz,KFC_v2,static,0.1575492341356674,1.0
jazz,KFC_v2,static,0.15791393143690738,1.0
jazz,KFC_v2,static,0.15827862873814735,1.0
jazz,KFC_v2,static,0.1586433260393873,1.0
jazz,KFC_v2,static,0.15900802334062727,1.0
jazz,KFC_v2,static,0.15937272064186725,1.0
jazz,KFC_v2,static,0.15973741794310722,1.0
jazz,KFC_v2,static,0.1601021152443472,1.0
jazz,KFC_v2,static,0.16046681254558717,1.0
jazz,KFC_v2,static,0.16083150984682715,1.0
jazz,KFC_v2,static,0.1611962071480671,1.0
jazz,KFC_v2,static,0.16156090444930707,1.0
jazz,KFC_v2,static,0.16192560175054704,1.0
jazz,KFC_v2,static,0.16229029905178702,1.0
jazz,KFC_v2,static,0.162654996353027,1.0
jazz,KFC_v2,static,0.16301969365426697,1.0
jazz,KFC_v2,static,0.16338439095550694,1.0
jazz,KFC_v2,static,0.1637490882567469,1.0
jazz,KFC_v2,static,0.16411378555798686,1.0
jazz,KFC_v2,static,0.16447848285922684,1.0
jazz,KFC_v2,static,0.1648431801604668,1.0
jazz,KFC_v2,static,0.1652078774617068,1.0
jazz,KFC_v2,static,0.16557257476294676,1.0
jazz,KFC_v2,static,0.16593727206418674,1.0
jazz,KFC_v2,static,0.1663019693654267,1.0
jazz,KFC_v2,static,0.16666666666666666,1.0
jazz,KFC_v2,static,0.16703136396790663,1.0
jazz,KFC_v2,static,0.1673960612691466,1.0
jazz,KFC_v2,static,0.16776075857038658,1.0
jazz,KFC_v2,static,0.16812545587162656,1.0
jazz,KFC_v2,static,0.16849015317286653,1.0
jazz,KFC_v2,static,0.1688548504741065,1.0
jazz,KFC_v2,static,0.16921954777534645,1.0
jazz,KFC_v2,static,0.16958424507658643,1.0
jazz,KFC_v2,static,0.1699489423778264,1.0
jazz,KFC_v2,static,0.17031363967906638,1.0
jazz,KFC_v2,static,0.17067833698030635,1.0
jazz,KFC_v2,static,0.17104303428154632,1.0
jazz,KFC_v2,static,0.1714077315827863,1.0
jazz,KFC_v2,static,0.17177242888402627,1.0
jazz,KFC_v2,static,0.17213712618526622,1.0
jazz,KFC_v2,static,0.1725018234865062,1.0
jazz,KFC_v2,static,0.17286652078774617,1.0
jazz,KFC_v2,static,0.17323121808898614,1.0
jazz,KFC_v2,static,0.17359591539022612,1.0
jazz,KFC_v2,static,0.1739606126914661,1.0
jazz,KFC_v2,static,0.17432530999270607,1.0
jazz,KFC_v2,static,0.17469000729394601,1.0
jazz,KFC_v2,static,0.175054704595186,1.0
jazz,KFC_v2,static,0.17541940189642596,1.0
jazz,KFC_v2,static,0.17578409919766594,1.0
jazz,KFC_v2,static,0.1761487964989059,1.0
jazz,KFC_v2,static,0.1765134938001459,1.0
jazz,KFC_v2,static,0.17687819110138586,1.0
jazz,KFC_v2,static,0.17724288840262584,1.0
jazz,KFC_v2,static,0.17760758570386578,1.0
jazz,KFC_v2,static,0.17797228300510576,1.0
jazz,KFC_v2,static,0.17833698030634573,1.0
jazz,KFC_v2,static,0.1787016776075857,1.0
jazz,KFC_v2,static,0.17906637490882568,1.0
jazz,KFC_v2,static,0.17943107221006566,1.0
jazz,KFC_v2,static,0.17979576951130563,1.0
jazz,KFC_v2,static,0.18016046681254558,1.0
jazz,KFC_v2,static,0.18052516411378555,1.0
jazz,KFC_v2,static,0.18088986141502553,1.0
jazz,KFC_v2,static,0.1812545587162655,1.0
jazz,KFC_v2,static,0.18161925601750548,1.0
jazz,KFC_v2,static,0.18198395331874545,1.0
jazz,KFC_v2,static,0.18234865061998543,1.0
jazz,KFC_v2,static,0.18271334792122537,1.0
jazz,KFC_v2,static,0.18307804522246535,1.0
jazz,KFC_v2,static,0.18344274252370532,1.0
jazz,KFC_v2,static,0.1838074398249453,1.0
jazz,KFC_v2,static,0.18417213712618527,1.0
jazz,KFC_v2,static,0.18453683442742524,1.0
jazz,KFC_v2,static,0.18490153172866522,1.0
jazz,KFC_v2,static,0.1852662290299052,1.0
jazz,KFC_v2,static,0.18563092633114514,1.0
jazz,KFC_v2,static,0.18599562363238512,1.0
jazz,KFC_v2,static,0.1863603209336251,1.0
jazz,KFC_v2,static,0.18672501823486506,1.0
jazz,KFC_v2,static,0.18708971553610504,1.0
jazz,KFC_v2,static,0.187454412837345,1.0
jazz,KFC_v2,static,0.187819110138585,1.0
jazz,KFC_v2,static,0.18818380743982493,1.0
jazz,KFC_v2,static,0.1885485047410649,1.0
jazz,KFC_v2,static,0.18891320204230488,1.0
jazz,KFC_v2,static,0.18927789934354486,1.0
jazz,KFC_v2,static,0.18964259664478483,1.0
jazz,KFC_v2,static,0.1900072939460248,1.0
jazz,KFC_v2,static,0.19037199124726478,1.0
jazz,KFC_v2,static,0.19073668854850476,1.0
jazz,KFC_v2,static,0.1911013858497447,1.0
jazz,KFC_v2,static,0.19146608315098468,1.0
jazz,KFC_v2,static,0.19183078045222465,1.0
jazz,KFC_v2,static,0.19219547775346463,1.0
jazz,KFC_v2,static,0.1925601750547046,1.0
jazz,KFC_v2,static,0.19292487235594458,1.0
jazz,KFC_v2,static,0.19328956965718455,1.0
jazz,KFC_v2,static,0.1936542669584245,1.0
jazz,KFC_v2,static,0.19401896425966447,1.0
jazz,KFC_v2,static,0.19438366156090445,1.0
jazz,KFC_v2,static,0.19474835886214442,1.0
jazz,KFC_v2,static,0.1951130561633844,1.0
jazz,KFC_v2,static,0.19547775346462437,1.0
jazz,KFC_v2,static,0.19584245076586435,1.0
jazz,KFC_v2,static,0.1962071480671043,1.0
jazz,KFC_v2,static,0.19657184536834427,1.0
jazz,KFC_v2,static,0.19693654266958424,1.0
jazz,KFC_v2,static,0.19730123997082422,1.0
jazz,KFC_v2,static,0.1976659372720642,1.0
jazz,KFC_v2,static,0.19803063457330417,1.0
jazz,KFC_v2,static,0.19839533187454414,1.0
jazz,KFC_v2,static,0.19876002917578411,1.0
jazz,KFC_v2,static,0.19912472647702406,1.0
jazz,KFC_v2,static,0.19948942377826404,1.0
jazz,KFC_v2,static,0.199854121079504,1.0
jazz,KFC_v2,static,0.20021881838074398,1.0
jazz,KFC_v2,static,0.20058351568198396,1.0
jazz,KFC_v2,static,0.20094821298322393,1.0
jazz,KFC_v2,static,0.2013129102844639,0.6616161616161617
jazz,KFC_v2,static,0.20167760758570386,0.6616161616161617
jazz,KFC_v2,static,0.20204230488694383,0.6616161616161617
jazz,KFC_v2,static,0.2024070021881838,0.6616161616161617
jazz,KFC_v2,static,0.20277169948942378,0.6616161616161617
jazz,KFC_v2,static,0.20313639679066375,0.6616161616161617
jazz,KFC_v2,static,0.20350109409190373,0.6616161616161617
jazz,KFC_v2,static,0.2038657913931437,0.6616161616161617
jazz,KFC_v2,static,0.20423048869438368,0.6616161616161617
jazz,KFC_v2,static,0.20459518599562362,0.6616161616161617
jazz,KFC_v2,static,0.2049598832968636,0.6616161616161617
jazz,KFC_v2,static,0.20532458059810357,0.6616161616161617
jazz,KFC_v2,static,0.20568927789934355,0.6616161616161617
jazz,KFC_v2,static,0.20605397520058352,0.6616161616161617
jazz,KFC_v2,static,0.2064186725018235,0.6616161616161617
jazz,KFC_v2,static,0.20678336980306347,0.6616161616161617
jazz,KFC_v2,static,0.20714806710430342,0.6616161616161617
jazz,KFC_v2,static,0.2075127644055434,0.6616161616161617
jazz,KFC_v2,static,0.20787746170678337,0.6616161616161617
jazz,KFC_v2,static,0.20824215900802334,0.6616161616161617
jazz,KFC_v2,static,0.20860685630926332,0.6616161616161617
jazz,KFC_v2,static,0.2089715536105033,0.6616161616161617
jazz,KFC_v2,static,0.20933625091174327,0.6616161616161617
jazz,KFC_v2,static,0.20970094821298324,0.6616161616161617
jazz,KFC_v2,static,0.2100656455142232,0.6616161616161617
jazz,KFC_v2,static,0.21043034281546316,0.6616161616161617
jazz,KFC_v2,static,0.21079504011670314,0.6616161616161617
jazz,KFC_v2,static,0.2111597374179431,0.6616161616161617
jazz,KFC_v2,static,0.21152443471918309,0.6616161616161617
jazz,KFC_v2,static,0.21188913202042306,0.6616161616161617
jazz,KFC_v2,static,0.21225382932166303,0.6616161616161617
jazz,KFC_v2,static,0.21261852662290298,0.6616161616161617
jazz,KFC_v2,static,0.21298322392414296,0.6616161616161617
jazz,KFC_v2,static,0.21334792122538293,0.6616161616161617
jazz,KFC_v2,static,0.2137126185266229,0.6616161616161617
jazz,KFC_v2,static,0.21407731582786288,0.6616161616161617
jazz,KFC_v2,static,0.21444201312910285,0.6616161616161617
jazz,KFC_v2,static,0.21480671043034283,0.6616161616161617
jazz,KFC_v2,static,0.21517140773158278,0.6616161616161617
jazz,KFC_v2,static,0.21553610503282275,0.6616161616161617
jazz,KFC_v2,static,0.21590080233406272,0.6616161616161617
jazz,KFC_v2,static,0.2162654996353027,0.6616161616161617
jazz,KFC_v2,static,0.21663019693654267,0.6616161616161617
jazz,KFC_v2,static,0.21699489423778265,0.6616161616161617
jazz,KFC_v2,static,0.21735959153902262,0.6616161616161617
jazz,KFC_v2,static,0.2177242888402626,0.6616161616161617
jazz,KFC_v2,static,0.21808898614150254,0.6616161616161617
jazz,KFC_v2,static,0.21845368344274252,0.6616161616161617
jazz,KFC_v2,static,0.2188183807439825,0.6616161616161617
jazz,KFC_v2,static,0.21918307804522247,0.6616161616161617
jazz,KFC_v2,static,0.21954777534646244,0.6616161616161617
jazz,KFC_v2,static,0.21991247264770242,0.6616161616161617
jazz,KFC_v2,static,0.2202771699489424,0.6616161616161617
jazz,KFC_v2,static,0.22064186725018234,0.6616161616161617
jazz,KFC_v2,static,0.2210065645514223,0.6616161616161617
jazz,KFC_v2,static,0.2213712618526623,0.6616161616161617
jazz,KFC_v2,static,0.22173595915390226,0.3333333333333333
jazz,KFC_v2,static,0.22210065645514224,0.3282828282828283
jazz,KFC_v2,static,0.2224653537563822,0.3282828282828283
jazz,KFC_v2,static,0.22283005105762219,0.3282828282828283
jazz,KFC_v2,static,0.22319474835886216,0.3282828282828283
jazz,KFC_v2,static,0.2235594456601021,0.3282828282828283
jazz,KFC_v2,static,0.22392414296134208,0.3282828282828283
jazz,KFC_v2,static,0.22428884026258206,0.3282828282828283
jazz,KFC_v2,static,0.22465353756382203,0.3282828282828283
jazz,KFC_v2,static,0.225018234865062,0.3282828282828283
jazz,KFC_v2,static,0.22538293216630198,0.3282828282828283
jazz,KFC_v2,static,0.22574762946754195,0.3282828282828283
jazz,KFC_v2,static,0.2261123267687819,0.3282828282828283
jazz,KFC_v2,static,0.22647702407002188,0.3282828282828283
jazz,KFC_v2,static,0.22684172137126185,0.3282828282828283
jazz,KFC_v2,static,0.22720641867250183,0.3282828282828283
jazz,KFC_v2,static,0.2275711159737418,0.3282828282828283
jazz,KFC_v2,static,0.22793581327498177,0.3282828282828283
jazz,KFC_v2,static,0.22830051057622175,0.3282828282828283
jazz,KFC_v2,static,0.22866520787746172,0.3282828282828283
jazz,KFC_v2,static,0.22902990517870167,0.3282828282828283
jazz,KFC_v2,static,0.22939460247994164,0.3282828282828283
jazz,KFC_v2,static,0.22975929978118162,0.3282828282828283
jazz,KFC_v2,static,0.2301239970824216,0.3282828282828283
jazz,KFC_v2,static,0.23048869438366157,0.3282828282828283
jazz,KFC_v2,static,0.23085339168490154,0.3282828282828283
jazz,KFC_v2,static,0.23121808898614152,0.3282828282828283
jazz,KFC_v2,static,0.23158278628738146,0.3282828282828283
jazz,KFC_v2,static,0.23194748358862144,0.3282828282828283
jazz,KFC_v2,static,0.2323121808898614,0.3282828282828283
jazz,KFC_v2,static,0.2326768781911014,0.32323232323232326
jazz,KFC_v2,static,0.23304157549234136,0.32323232323232326
jazz,KFC_v2,static,0.23340627279358134,0.32323232323232326
jazz,KFC_v2,static,0.2337709700948213,0.32323232323232326
jazz,KFC_v2,static,0.23413566739606126,0.32323232323232326
jazz,KFC_v2,static,0.23450036469730123,0.32323232323232326
jazz,KFC_v2,static,0.2348650619985412,0.32323232323232326
jazz,KFC_v2,static,0.23522975929978118,0.32323232323232326
jazz,KFC_v2,static,0.23559445660102116,0.32323232323232326
jazz,KFC_v2,static,0.23595915390226113,0.32323232323232326
jazz,KFC_v2,static,0.2363238512035011,0.32323232323232326
jazz,KFC_v2,static,0.23668854850474108,0.32323232323232326
jazz,KFC_v2,static,0.23705324580598103,0.32323232323232326
jazz,KFC_v2,static,0.237417943107221,0.32323232323232326
jazz,KFC_v2,static,0.23778264040846098,0.3181818181818182
jazz,KFC_v2,static,0.23814733770970095,0.3181818181818182
jazz,KFC_v2,static,0.23851203501094093,0.3181818181818182
jazz,KFC_v2,static,0.2388767323121809,0.3181818181818182
jazz,KFC_v2,static,0.23924142961342088,0.3181818181818182
jazz,KFC_v2,static,0.23960612691466082,0.3181818181818182
jazz,KFC_v2,static,0.2399708242159008,0.3181818181818182
jazz,KFC_v2,static,0.24033552151714077,0.3181818181818182
jazz,KFC_v2,static,0.24070021881838075,0.3181818181818182
jazz,KFC_v2,static,0.24106491611962072,0.3181818181818182
jazz,KFC_v2,static,0.2414296134208607,0.3181818181818182
jazz,KFC_v2,static,0.24179431072210067,0.3181818181818182
jazz,KFC_v2,static,0.24215900802334064,0.3181818181818182
jazz,KFC_v2,static,0.2425237053245806,0.3181818181818182
jazz,KFC_v2,static,0.24288840262582057,0.3181818181818182
jazz,KFC_v2,static,0.24325309992706054,0.3181818181818182
jazz,KFC_v2,static,0.24361779722830051,0.3181818181818182
jazz,KFC_v2,static,0.2439824945295405,0.3181818181818182
jazz,KFC_v2,static,0.24434719183078046,0.3181818181818182
jazz,KFC_v2,static,0.24471188913202044,0.3181818181818182
jazz,KFC_v2,static,0.24507658643326038,0.3181818181818182
jazz,KFC_v2,static,0.24544128373450036,0.3181818181818182
jazz,KFC_v2,static,0.24580598103574033,0.3181818181818182
jazz,KFC_v2,static,0.2461706783369803,0.3181818181818182
jazz,KFC_v2,static,0.24653537563822028,0.3181818181818182
jazz,KFC_v2,static,0.24690007293946026,0.3181818181818182
jazz,KFC_v2,static,0.24726477024070023,0.3181818181818182
jazz,KFC_v2,static,0.24762946754194018,0.3181818181818182
jazz,KFC_v2,static,0.24799416484318015,0.3181818181818182
jazz,KFC_v2,static,0.24835886214442013,0.3181818181818182
jazz,KFC_v2,static,0.2487235594456601,0.3181818181818182
jazz,KFC_v2,static,0.24908825674690008,0.3181818181818182
jazz,KFC_v2,static,0.24945295404814005,0.3181818181818182
jazz,KFC_v2,static,0.24981765134938003,0.3181818181818182
jazz,KFC_v2,static,0.25018234865062,0.3181818181818182
jazz,KFC_v2,static,0.25054704595185995,0.3181818181818182
jazz,KFC_v2,static,0.25091174325309995,0.3181818181818182
jazz,KFC_v2,static,0.2512764405543399,0.3181818181818182
jazz,KFC_v2,static,0.2516411378555799,0.3181818181818182
jazz,KFC_v2,static,0.25200583515681985,0.3181818181818182
jazz,KFC_v2,static,0.2523705324580598,0.3181818181818182
jazz,KFC_v2,static,0.2527352297592998,0.3181818181818182
jazz,KFC_v2,static,0.25309992706053974,0.3181818181818182
jazz,KFC_v2,static,0.25346462436177974,0.3181818181818182
jazz,KFC_v2,static,0.2538293216630197,0.3181818181818182
jazz,KFC_v2,static,0.2541940189642597,0.3181818181818182
jazz,KFC_v2,static,0.25455871626549964,0.3181818181818182
jazz,KFC_v2,static,0.2549234135667396,0.3181818181818182
jazz,KFC_v2,static,0.2552881108679796,0.3181818181818182
jazz,KFC_v2,static,0.25565280816921954,0.3181818181818182
jazz,KFC_v2,static,0.25601750547045954,0.3181818181818182
jazz,KFC_v2,static,0.2563822027716995,0.3181818181818182
jazz,KFC_v2,static,0.2567469000729395,0.3181818181818182
jazz,KFC_v2,static,0.25711159737417943,0.3181818181818182
jazz,KFC_v2,static,0.2574762946754194,0.3181818181818182
jazz,KFC_v2,static,0.2578409919766594,0.3181818181818182
jazz,KFC_v2,static,0.25820568927789933,0.3181818181818182
jazz,KFC_v2,static,0.25857038657913933,0.3181818181818182
jazz,KFC_v2,static,0.2589350838803793,0.3181818181818182
jazz,KFC_v2,static,0.2592997811816193,0.3181818181818182
jazz,KFC_v2,static,0.25966447848285923,0.3181818181818182
jazz,KFC_v2,static,0.2600291757840992,0.3181818181818182
jazz,KFC_v2,static,0.2603938730853392,0.3181818181818182
jazz,KFC_v2,static,0.2607585703865791,0.3181818181818182
jazz,KFC_v2,static,0.2611232676878191,0.3181818181818182
jazz,KFC_v2,static,0.2614879649890591,0.3181818181818182
jazz,KFC_v2,static,0.2618526622902991,0.3181818181818182
jazz,KFC_v2,static,0.262217359591539,0.3181818181818182
jazz,KFC_v2,static,0.26258205689277897,0.3181818181818182
jazz,KFC_v2,static,0.262946754194019,0.3181818181818182
jazz,KFC_v2,static,0.2633114514952589,0.3181818181818182
jazz,KFC_v2,static,0.2636761487964989,0.3181818181818182
jazz,KFC_v2,static,0.26404084609773887,0.3181818181818182
jazz,KFC_v2,static,0.26440554339897887,0.3181818181818182
jazz,KFC_v2,static,0.2647702407002188,0.3181818181818182
jazz,KFC_v2,static,0.2651349380014588,0.3181818181818182
jazz,KFC_v2,static,0.26549963530269877,0.3181818181818182
jazz,KFC_v2,static,0.2658643326039387,0.3181818181818182
jazz,KFC_v2,static,0.2662290299051787,0.3181818181818182
jazz,KFC_v2,static,0.26659372720641866,0.3181818181818182
jazz,KFC_v2,static,0.26695842450765866,0.3181818181818182
jazz,KFC_v2,static,0.2673231218088986,0.3181818181818182
jazz,KFC_v2,static,0.2676878191101386,0.3181818181818182
jazz,KFC_v2,static,0.26805251641137856,0.3181818181818182
jazz,KFC_v2,static,0.2684172137126185,0.3181818181818182
jazz,KFC_v2,static,0.2687819110138585,0.3181818181818182
jazz,KFC_v2,static,0.26914660831509846,0.3181818181818182
jazz,KFC_v2,static,0.26951130561633846,0.3181818181818182
jazz,KFC_v2,static,0.2698760029175784,0.3181818181818182
jazz,KFC_v2,static,0.2702407002188184,0.3181818181818182
jazz,KFC_v2,static,0.27060539752005836,0.3181818181818182
jazz,KFC_v2,static,0.2709700948212983,0.3181818181818182
jazz,KFC_v2,static,0.2713347921225383,0.3181818181818182
jazz,KFC_v2,static,0.27169948942377825,0.3181818181818182
jazz,KFC_v2,static,0.27206418672501825,0.3181818181818182
jazz,KFC_v2,static,0.2724288840262582,0.3181818181818182
jazz,KFC_v2,static,0.2727935813274982,0.3181818181818182
jazz,KFC_v2,static,0.27315827862873815,0.3181818181818182
jazz,KFC_v2,static,0.2735229759299781,0.3181818181818182
jazz,KFC_v2,static,0.2738876732312181,0.3181818181818182
jazz,KFC_v2,static,0.27425237053245805,0.3181818181818182
jazz,KFC_v2,static,0.27461706783369805,0.3181818181818182
jazz,KFC_v2,static,0.274981765134938,0.3181818181818182
jazz,KFC_v2,static,0.275346462436178,0.3181818181818182
jazz,KFC_v2,static,0.27571115973741794,0.3181818181818182
jazz,KFC_v2,static,0.2760758570386579,0.3181818181818182
jazz,KFC_v2,static,0.2764405543398979,0.3181818181818182
jazz,KFC_v2,static,0.27680525164113784,0.3181818181818182
jazz,KFC_v2,static,0.27716994894237784,0.3181818181818182
jazz,KFC_v2,static,0.2775346462436178,0.3181818181818182
jazz,KFC_v2,static,0.2778993435448578,0.3181818181818182
jazz,KFC_v2,static,0.27826404084609774,0.3181818181818182
jazz,KFC_v2,static,0.27862873814733774,0.3181818181818182
jazz,KFC_v2,static,0.2789934354485777,0.3181818181818182
jazz,KFC_v2,static,0.27935813274981763,0.3181818181818182
jazz,KFC_v2,static,0.27972283005105764,0.3181818181818182
jazz,KFC_v2,static,0.2800875273522976,0.3181818181818182
jazz,KFC_v2,static,0.2804522246535376,0.3181818181818182
jazz,KFC_v2,static,0.28081692195477753,0.3181818181818182
jazz,KFC_v2,static,0.28118161925601753,0.3181818181818182
jazz,KFC_v2,static,0.2815463165572575,0.3181818181818182
jazz,KFC_v2,static,0.28191101385849743,0.3181818181818182
jazz,KFC_v2,static,0.28227571115973743,0.3181818181818182
jazz,KFC_v2,static,0.2826404084609774,0.3181818181818182
jazz,KFC_v2,static,0.2830051057622174,0.3181818181818182
jazz,KFC_v2,static,0.2833698030634573,0.3181818181818182
jazz,KFC_v2,static,0.28373450036469733,0.3181818181818182
jazz,KFC_v2,static,0.2840991976659373,0.3181818181818182
jazz,KFC_v2,static,0.2844638949671772,0.3181818181818182
jazz,KFC_v2,static,0.2848285922684172,0.3181818181818182
jazz,KFC_v2,static,0.28519328956965717,0.3181818181818182
jazz,KFC_v2,static,0.2855579868708972,0.3181818181818182
jazz,KFC_v2,static,0.2859226841721371,0.3181818181818182
jazz,KFC_v2,static,0.2862873814733771,0.3181818181818182
jazz,KFC_v2,static,0.28665207877461707,0.3181818181818182
jazz,KFC_v2,static,0.287016776075857,0.3181818181818182
jazz,KFC_v2,static,0.287381473377097,0.3181818181818182
jazz,KFC_v2,static,0.28774617067833697,0.3181818181818182
jazz,KFC_v2,static,0.28811086797957697,0.3181818181818182
jazz,KFC_v2,static,0.2884755652808169,0.3181818181818182
jazz,KFC_v2,static,0.2888402625820569,0.3181818181818182
jazz,KFC_v2,static,0.28920495988329686,0.3181818181818182
jazz,KFC_v2,static,0.2895696571845368,0.3181818181818182
jazz,KFC_v2,static,0.2899343544857768,0.3181818181818182
jazz,KFC_v2,static,0.29029905178701676,0.3181818181818182
jazz,KFC_v2,static,0.29066374908825676,0.3181818181818182
jazz,KFC_v2,static,0.2910284463894967,0.3181818181818182
jazz,KFC_v2,static,0.2913931436907367,0.3181818181818182
jazz,KFC_v2,static,0.29175784099197666,0.3181818181818182
jazz,KFC_v2,static,0.29212253829321666,0.3181818181818182
jazz,KFC_v2,static,0.2924872355944566,0.3181818181818182
jazz,KFC_v2,static,0.29285193289569655,0.3181818181818182
jazz,KFC_v2,static,0.29321663019693656,0.3181818181818182
jazz,KFC_v2,static,0.2935813274981765,0.3181818181818182
jazz,KFC_v2,static,0.2939460247994165,0.3181818181818182
jazz,KFC_v2,static,0.29431072210065645,0.3181818181818182
jazz,KFC_v2,static,0.29467541940189645,0.3181818181818182
jazz,KFC_v2,static,0.2950401167031364,0.3181818181818182
jazz,KFC_v2,static,0.29540481400437635,0.3181818181818182
jazz,KFC_v2,static,0.29576951130561635,0.3181818181818182
jazz,KFC_v2,static,0.2961342086068563,0.3181818181818182
jazz,KFC_v2,static,0.2964989059080963,0.3181818181818182
jazz,KFC_v2,static,0.29686360320933625,0.3181818181818182
jazz,KFC_v2,static,0.29722830051057625,0.3181818181818182
jazz,KFC_v2,static,0.2975929978118162,0.3181818181818182
jazz,KFC_v2,static,0.29795769511305614,0.3181818181818182
jazz,KFC_v2,static,0.29832239241429614,0.3181818181818182
jazz,KFC_v2,static,0.2986870897155361,0.3181818181818182
jazz,KFC_v2,static,0.2990517870167761,0.3181818181818182
jazz,KFC_v2,static,0.29941648431801604,0.3181818181818182
jazz,KFC_v2,static,0.29978118161925604,0.3181818181818182
jazz,KFC_v2,static,0.300145878920496,0.3181818181818182
jazz,KFC_v2,static,0.30051057622173594,0.3181818181818182
jazz,KFC_v2,static,0.30087527352297594,0.3181818181818182
jazz,KFC_v2,static,0.3012399708242159,0.3181818181818182
jazz,KFC_v2,static,0.3016046681254559,0.31313131313131315
jazz,KFC_v2,static,0.30196936542669583,0.31313131313131315
jazz,KFC_v2,static,0.30233406272793584,0.31313131313131315
jazz,KFC_v2,static,0.3026987600291758,0.31313131313131315
jazz,KFC_v2,static,0.3030634573304158,0.31313131313131315
jazz,KFC_v2,static,0.30342815463165573,0.31313131313131315
jazz,KFC_v2,static,0.3037928519328957,0.31313131313131315
jazz,KFC_v2,static,0.3041575492341357,0.31313131313131315
jazz,KFC_v2,static,0.30452224653537563,0.31313131313131315
jazz,KFC_v2,static,0.30488694383661563,0.31313131313131315
jazz,KFC_v2,static,0.3052516411378556,0.31313131313131315
jazz,KFC_v2,static,0.3056163384390956,0.31313131313131315
jazz,KFC_v2,static,0.3059810357403355,0.31313131313131315
jazz,KFC_v2,static,0.3063457330415755,0.31313131313131315
jazz,KFC_v2,static,0.3067104303428155,0.31313131313131315
jazz,KFC_v2,static,0.3070751276440554,0.31313131313131315
jazz,KFC_v2,static,0.3074398249452954,0.31313131313131315
jazz,KFC_v2,static,0.3078045222465354,0.31313131313131315
jazz,KFC_v2,static,0.3081692195477754,0.31313131313131315
jazz,KFC_v2,static,0.3085339168490153,0.31313131313131315
jazz,KFC_v2,static,0.30889861415025527,0.31313131313131315
jazz,KFC_v2,static,0.30926331145149527,0.31313131313131315
jazz,KFC_v2,static,0.3096280087527352,0.31313131313131315
jazz,KFC_v2,static,0.3099927060539752,0.31313131313131315
jazz,KFC_v2,static,0.31035740335521517,0.31313131313131315
jazz,KFC_v2,static,0.31072210065645517,0.31313131313131315
jazz,KFC_v2,static,0.3110867979576951,0.31313131313131315
jazz,KFC_v2,static,0.31145149525893506,0.31313131313131315
jazz,KFC_v2,static,0.31181619256017507,0.31313131313131315
jazz,KFC_v2,static,0.312180889861415,0.31313131313131315
jazz,KFC_v2,static,0.312545587162655,0.31313131313131315
jazz,KFC_v2,static,0.31291028446389496,0.31313131313131315
jazz,KFC_v2,static,0.31327498176513496,0.31313131313131315
jazz,KFC_v2,static,0.3136396790663749,0.31313131313131315
jazz,KFC_v2,static,0.31400437636761486,0.31313131313131315
jazz,KFC_v2,static,0.31436907366885486,0.31313131313131315
jazz,KFC_v2,static,0.3147337709700948,0.31313131313131315
jazz,KFC_v2,static,0.3150984682713348,0.31313131313131315
jazz,KFC_v2,static,0.31546316557257476,0.31313131313131315
jazz,KFC_v2,static,0.31582786287381476,0.31313131313131315
jazz,KFC_v2,static,0.3161925601750547,0.31313131313131315
jazz,KFC_v2,static,0.3165572574762947,0.31313131313131315
jazz,KFC_v2,static,0.31692195477753465,0.31313131313131315
jazz,KFC_v2,static,0.3172866520787746,0.31313131313131315
jazz,KFC_v2,static,0.3176513493800146,0.31313131313131315
jazz,KFC_v2,static,0.31801604668125455,0.31313131313131315
jazz,KFC_v2,static,0.31838074398249455,0.31313131313131315
jazz,KFC_v2,static,0.3187454412837345,0.31313131313131315
jazz,KFC_v2,static,0.3191101385849745,0.31313131313131315
jazz,KFC_v2,static,0.31947483588621445,0.31313131313131315
jazz,KFC_v2,static,0.3198395331874544,0.31313131313131315
jazz,KFC_v2,static,0.3202042304886944,0.31313131313131315
jazz,KFC_v2,static,0.32056892778993434,0.31313131313131315
jazz,KFC_v2,static,0.32093362509117435,0.31313131313131315
jazz,KFC_v2,static,0.3212983223924143,0.31313131313131315
jazz,KFC_v2,static,0.3216630196936543,0.31313131313131315
jazz,KFC_v2,static,0.32202771699489424,0.31313131313131315
jazz,KFC_v2,static,0.3223924142961342,0.31313131313131315
jazz,KFC_v2,static,0.3227571115973742,0.31313131313131315
jazz,KFC_v2,static,0.32312180889861414,0.31313131313131315
jazz,KFC_v2,static,0.32348650619985414,0.31313131313131315
jazz,KFC_v2,static,0.3238512035010941,0.31313131313131315
jazz,KFC_v2,static,0.3242159008023341,0.31313131313131315
jazz,KFC_v2,static,0.32458059810357404,0.31313131313131315
jazz,KFC_v2,static,0.324945295404814,0.31313131313131315
jazz,KFC_v2,static,0.325309992706054,0.31313131313131315
jazz,KFC_v2,static,0.32567469000729393,0.31313131313131315
jazz,KFC_v2,static,0.32603938730853393,0.31313131313131315
jazz,KFC_v2,static,0.3264040846097739,0.31313131313131315
jazz,KFC_v2,static,0.3267687819110139,0.31313131313131315
jazz,KFC_v2,static,0.32713347921225383,0.31313131313131315
jazz,KFC_v2,static,0.3274981765134938,0.31313131313131315
jazz,KFC_v2,static,0.3278628738147338,0.31313131313131315
jazz,KFC_v2,static,0.3282275711159737,0.31313131313131315
jazz,KFC_v2,static,0.32859226841721373,0.31313131313131315
jazz,KFC_v2,static,0.3289569657184537,0.31313131313131315
jazz,KFC_v2,static,0.3293216630196937,0.31313131313131315
jazz,KFC_v2,static,0.3296863603209336,0.31313131313131315
jazz,KFC_v2,static,0.3300510576221736,0.31313131313131315
jazz,KFC_v2,static,0.3304157549234136,0.31313131313131315
jazz,KFC_v2,static,0.3307804522246535,0.31313131313131315
jazz,KFC_v2,static,0.3311451495258935,0.31313131313131315
jazz,KFC_v2,static,0.33150984682713347,0.31313131313131315
jazz,KFC_v2,static,0.33187454412837347,0.31313131313131315
jazz,KFC_v2,static,0.3322392414296134,0.31313131313131315
jazz,KFC_v2,static,0.3326039387308534,0.31313131313131315
jazz,KFC_v2,static,0.33296863603209337,0.31313131313131315
jazz,KFC_v2,static,0.3333333333333333,0.31313131313131315
jazz,KFC_v2,static,0.3336980306345733,0.31313131313131315
jazz,KFC_v2,static,0.33406272793581326,0.30808080808080807
jazz,KFC_v2,static,0.33442742523705327,0.30808080808080807
jazz,KFC_v2,static,0.3347921225382932,0.30808080808080807
jazz,KFC_v2,static,0.3351568198395332,0.30808080808080807
jazz,KFC_v2,static,0.33552151714077316,0.30808080808080807
jazz,KFC_v2,static,0.3358862144420131,0.30808080808080807
jazz,KFC_v2,static,0.3362509117432531,0.30808080808080807
jazz,KFC_v2,static,0.33661560904449306,0.30808080808080807
jazz,KFC_v2,static,0.33698030634573306,0.30808080808080807
jazz,KFC_v2,static,0.337345003646973,0.30808080808080807
jazz,KFC_v2,static,0.337709700948213,0.30808080808080807
jazz,KFC_v2,static,0.33807439824945296,0.30808080808080807
jazz,KFC_v2,static,0.3384390955506929,0.30808080808080807
jazz,KFC_v2,static,0.3388037928519329,0.30808080808080807
jazz,KFC_v2,static,0.33916849015317285,0.30808080808080807
jazz,KFC_v2,static,0.33953318745441285,0.30808080808080807
jazz,KFC_v2,static,0.3398978847556528,0.30808080808080807
jazz,KFC_v2,static,0.3402625820568928,0.30808080808080807
jazz,KFC_v2,static,0.34062727935813275,0.30808080808080807
jazz,KFC_v2,static,0.3409919766593727,0.30808080808080807
jazz,KFC_v2,static,0.3413566739606127,0.30808080808080807
jazz,KFC_v2,static,0.34172137126185265,0.30808080808080807
jazz,KFC_v2,static,0.34208606856309265,0.30808080808080807
jazz,KFC_v2,static,0.3424507658643326,0.30808080808080807
jazz,KFC_v2,static,0.3428154631655726,0.30808080808080807
jazz,KFC_v2,static,0.34318016046681254,0.30808080808080807
jazz,KFC_v2,static,0.34354485776805255,0.30808080808080807
jazz,KFC_v2,static,0.3439095550692925,0.30808080808080807
jazz,KFC_v2,static,0.34427425237053244,0.30808080808080807
jazz,KFC_v2,static,0.34463894967177244,0.30808080808080807
jazz,KFC_v2,static,0.3450036469730124,0.30808080808080807
jazz,KFC_v2,static,0.3453683442742524,0.30808080808080807
jazz,KFC_v2,static,0.34573304157549234,0.30808080808080807
jazz,KFC_v2,static,0.34609773887673234,0.30808080808080807
jazz,KFC_v2,static,0.3464624361779723,0.30808080808080807
jazz,KFC_v2,static,0.34682713347921224,0.30808080808080807
jazz,KFC_v2,static,0.34719183078045224,0.30808080808080807
jazz,KFC_v2,static,0.3475565280816922,0.30808080808080807
jazz,KFC_v2,static,0.3479212253829322,0.30808080808080807
jazz,KFC_v2,static,0.34828592268417213,0.30808080808080807
jazz,KFC_v2,static,0.34865061998541214,0.30808080808080807
jazz,KFC_v2,static,0.3490153172866521,0.30808080808080807
jazz,KFC_v2,static,0.34938001458789203,0.30808080808080807
jazz,KFC_v2,static,0.34974471188913203,0.30808080808080807
jazz,KFC_v2,static,0.350109409190372,0.30808080808080807
jazz,KFC_v2,static,0.350474106491612,0.30808080808080807
jazz,KFC_v2,static,0.3508388037928519,0.30808080808080807
jazz,KFC_v2,static,0.35120350109409193,0.30808080808080807
jazz,KFC_v2,static,0.3515681983953319,0.30808080808080807
jazz,KFC_v2,static,0.3519328956965718,0.30808080808080807
jazz,KFC_v2,static,0.3522975929978118,0.30808080808080807
jazz,KFC_v2,static,0.3526622902990518,0.30808080808080807
jazz,KFC_v2,static,0.3530269876002918,0.30808080808080807
jazz,KFC_v2,static,0.3533916849015317,0.30808080808080807
jazz,KFC_v2,static,0.3537563822027717,0.30808080808080807
jazz,KFC_v2,static,0.35412107950401167,0.30808080808080807
jazz,KFC_v2,static,0.3544857768052517,0.30808080808080807
jazz,KFC_v2,static,0.3548504741064916,0.30808080808080807
jazz,KFC_v2,static,0.35521517140773157,0.30808080808080807
jazz,KFC_v2,static,0.35557986870897157,0.30808080808080807
jazz,KFC_v2,static,0.3559445660102115,0.30808080808080807
jazz,KFC_v2,static,0.3563092633114515,0.30808080808080807
jazz,KFC_v2,static,0.35667396061269147,0.30808080808080807
jazz,KFC_v2,static,0.35703865791393147,0.30808080808080807
jazz,KFC_v2,static,0.3574033552151714,0.30808080808080807
jazz,KFC_v2,static,0.35776805251641136,0.30808080808080807
jazz,KFC_v2,static,0.35813274981765136,0.30808080808080807
jazz,KFC_v2,static,0.3584974471188913,0.30808080808080807
jazz,KFC_v2,static,0.3588621444201313,0.30808080808080807
jazz,KFC_v2,static,0.35922684172137126,0.30808080808080807
jazz,KFC_v2,static,0.35959153902261126,0.30808080808080807
jazz,KFC_v2,static,0.3599562363238512,0.30808080808080807
jazz,KFC_v2,static,0.36032093362509116,0.30808080808080807
jazz,KFC_v2,static,0.36068563092633116,0.30808080808080807
jazz,KFC_v2,static,0.3610503282275711,0.30808080808080807
jazz,KFC_v2,static,0.3614150255288111,0.30808080808080807
jazz,KFC_v2,static,0.36177972283005105,0.30808080808080807
jazz,KFC_v2,static,0.36214442013129106,0.30808080808080807
jazz,KFC_v2,static,0.362509117432531,0.30808080808080807
jazz,KFC_v2,static,0.36287381473377095,0.30808080808080807
jazz,KFC_v2,static,0.36323851203501095,0.30808080808080807
jazz,KFC_v2,static,0.3636032093362509,0.30808080808080807
jazz,KFC_v2,static,0.3639679066374909,0.30808080808080807
jazz,KFC_v2,static,0.36433260393873085,0.30808080808080807
jazz,KFC_v2,static,0.36469730123997085,0.30808080808080807
jazz,KFC_v2,static,0.3650619985412108,0.30808080808080807
jazz,KFC_v2,static,0.36542669584245074,0.30808080808080807
jazz,KFC_v2,static,0.36579139314369075,0.30808080808080807
jazz,KFC_v2,static,0.3661560904449307,0.30808080808080807
jazz,KFC_v2,static,0.3665207877461707,0.30808080808080807
jazz,KFC_v2,static,0.36688548504741064,0.30808080808080807
jazz,KFC_v2,static,0.36725018234865064,0.30808080808080807
jazz,KFC_v2,static,0.3676148796498906,0.30808080808080807
jazz,KFC_v2,static,0.3679795769511306,0.30808080808080807
jazz,KFC_v2,static,0.36834427425237054,0.30808080808080807
jazz,KFC_v2,static,0.3687089715536105,0.30808080808080807
jazz,KFC_v2,static,0.3690736688548505,0.30808080808080807
jazz,KFC_v2,static,0.36943836615609044,0.30808080808080807
jazz,KFC_v2,static,0.36980306345733044,0.30808080808080807
jazz,KFC_v2,static,0.3701677607585704,0.30808080808080807
jazz,KFC_v2,static,0.3705324580598104,0.30808080808080807
jazz,KFC_v2,static,0.37089715536105033,0.30808080808080807
jazz,KFC_v2,static,0.3712618526622903,0.30808080808080807
jazz,KFC_v2,static,0.3716265499635303,0.30808080808080807
jazz,KFC_v2,static,0.37199124726477023,0.30808080808080807
jazz,KFC_v2,static,0.37235594456601023,0.30808080808080807
jazz,KFC_v2,static,0.3727206418672502,0.30808080808080807
jazz,KFC_v2,static,0.3730853391684902,0.30808080808080807
jazz,KFC_v2,static,0.37345003646973013,0.30808080808080807
jazz,KFC_v2,static,0.3738147337709701,0.30808080808080807
jazz,KFC_v2,static,0.3741794310722101,0.30808080808080807
jazz,KFC_v2,static,0.37454412837345,0.30808080808080807
jazz,KFC_v2,static,0.37490882567469,0.30808080808080807
jazz,KFC_v2,static,0.37527352297593,0.30808080808080807
jazz,KFC_v2,static,0.37563822027717,0.30808080808080807
jazz,KFC_v2,static,0.3760029175784099,0.30808080808080807
jazz,KFC_v2,static,0.37636761487964987,0.30808080808080807
jazz,KFC_v2,static,0.3767323121808899,0.30808080808080807
jazz,KFC_v2,static,0.3770970094821298,0.30808080808080807
jazz,KFC_v2,static,0.3774617067833698,0.30808080808080807
jazz,KFC_v2,static,0.37782640408460977,0.30808080808080807
jazz,KFC_v2,static,0.37819110138584977,0.30808080808080807
jazz,KFC_v2,static,0.3785557986870897,0.30808080808080807
jazz,KFC_v2,static,0.37892049598832966,0.30808080808080807
jazz,KFC_v2,static,0.37928519328956967,0.30808080808080807
jazz,KFC_v2,static,0.3796498905908096,0.30808080808080807
jazz,KFC_v2,static,0.3800145878920496,0.30808080808080807
jazz,KFC_v2,static,0.38037928519328956,0.30808080808080807
jazz,KFC_v2,static,0.38074398249452956,0.30808080808080807
jazz,KFC_v2,static,0.3811086797957695,0.30808080808080807
jazz,KFC_v2,static,0.3814733770970095,0.30808080808080807
jazz,KFC_v2,static,0.38183807439824946,0.30808080808080807
jazz,KFC_v2,static,0.3822027716994894,0.30808080808080807
jazz,KFC_v2,static,0.3825674690007294,0.30808080808080807
jazz,KFC_v2,static,0.38293216630196936,0.30808080808080807
jazz,KFC_v2,static,0.38329686360320936,0.30808080808080807
jazz,KFC_v2,static,0.3836615609044493,0.30808080808080807
jazz,KFC_v2,static,0.3840262582056893,0.30808080808080807
jazz,KFC_v2,static,0.38439095550692925,0.30808080808080807
jazz,KFC_v2,static,0.3847556528081692,0.30808080808080807
jazz,KFC_v2,static,0.3851203501094092,0.30808080808080807
jazz,KFC_v2,static,0.38548504741064915,0.30808080808080807
jazz,KFC_v2,static,0.38584974471188915,0.30808080808080807
jazz,KFC_v2,static,0.3862144420131291,0.30808080808080807
jazz,KFC_v2,static,0.3865791393143691,0.30808080808080807
jazz,KFC_v2,static,0.38694383661560905,0.30808080808080807
jazz,KFC_v2,static,0.387308533916849,0.30808080808080807
jazz,KFC_v2,static,0.387673231218089,0.30303030303030304
jazz,KFC_v2,static,0.38803792851932895,0.30303030303030304
jazz,KFC_v2,static,0.38840262582056895,0.30303030303030304
jazz,KFC_v2,static,0.3887673231218089,0.30303030303030304
jazz,KFC_v2,static,0.3891320204230489,0.30303030303030304
jazz,KFC_v2,static,0.38949671772428884,0.30303030303030304
jazz,KFC_v2,static,0.3898614150255288,0.30303030303030304
jazz,KFC_v2,static,0.3902261123267688,0.30303030303030304
jazz,KFC_v2,static,0.39059080962800874,0.30303030303030304
jazz,KFC_v2,static,0.39095550692924874,0.30303030303030304
jazz,KFC_v2,static,0.3913202042304887,0.30303030303030304
jazz,KFC_v2,static,0.3916849015317287,0.30303030303030304
jazz,KFC_v2,static,0.39204959883296864,0.30303030303030304
jazz,KFC_v2,static,0.3924142961342086,0.30303030303030304
jazz,KFC_v2,static,0.3927789934354486,0.30303030303030304
jazz,KFC_v2,static,0.39314369073668853,0.30303030303030304
jazz,KFC_v2,static,0.39350838803792854,0.30303030303030304
jazz,KFC_v2,static,0.3938730853391685,0.30303030303030304
jazz,KFC_v2,static,0.3942377826404085,0.30303030303030304
jazz,KFC_v2,static,0.39460247994164843,0.30303030303030304
jazz,KFC_v2,static,0.39496717724288843,0.30303030303030304
jazz,KFC_v2,static,0.3953318745441284,0.30303030303030304
jazz,KFC_v2,static,0.39569657184536833,0.30303030303030304
jazz,KFC_v2,static,0.39606126914660833,0.30303030303030304
jazz,KFC_v2,static,0.3964259664478483,0.30303030303030304
jazz,KFC_v2,static,0.3967906637490883,0.30303030303030304
jazz,KFC_v2,static,0.3971553610503282,0.30303030303030304
jazz,KFC_v2,static,0.39752005835156823,0.30303030303030304
jazz,KFC_v2,static,0.3978847556528082,0.30303030303030304
jazz,KFC_v2,static,0.3982494529540481,0.30303030303030304
jazz,KFC_v2,static,0.3986141502552881,0.30303030303030304
jazz,KFC_v2,static,0.39897884755652807,0.30303030303030304
jazz,KFC_v2,static,0.3993435448577681,0.30303030303030304
jazz,KFC_v2,static,0.399708242159008,0.30303030303030304
jazz,KFC_v2,static,0.400072939460248,0.30303030303030304
jazz,KFC_v2,static,0.40043763676148797,0.30303030303030304
jazz,KFC_v2,static,0.4008023340627279,0.30303030303030304
jazz,KFC_v2,static,0.4011670313639679,0.30303030303030304
jazz,KFC_v2,static,0.40153172866520787,0.30303030303030304
jazz,KFC_v2,static,0.40189642596644787,0.30303030303030304
jazz,KFC_v2,static,0.4022611232676878,0.30303030303030304
jazz,KFC_v2,static,0.4026258205689278,0.30303030303030304
jazz,KFC_v2,static,0.40299051787016776,0.30303030303030304
jazz,KFC_v2,static,0.4033552151714077,0.30303030303030304
jazz,KFC_v2,static,0.4037199124726477,0.30303030303030304
jazz,KFC_v2,static,0.40408460977388766,0.30303030303030304
jazz,KFC_v2,static,0.40444930707512766,0.30303030303030304
jazz,KFC_v2,static,0.4048140043763676,0.30303030303030304
jazz,KFC_v2,static,0.4051787016776076,0.30303030303030304
jazz,KFC_v2,static,0.40554339897884756,0.30303030303030304
jazz,KFC_v2,static,0.40590809628008756,0.30303030303030304
jazz,KFC_v2,static,0.4062727935813275,0.30303030303030304
jazz,KFC_v2,static,0.40663749088256745,0.30303030303030304
jazz,KFC_v2,static,0.40700218818380746,0.30303030303030304
jazz,KFC_v2,static,0.4073668854850474,0.30303030303030304
jazz,KFC_v2,static,0.4077315827862874,0.30303030303030304
jazz,KFC_v2,static,0.40809628008752735,0.30303030303030304
jazz,KFC_v2,static,0.40846097738876735,0.30303030303030304
jazz,KFC_v2,static,0.4088256746900073,0.30303030303030304
jazz,KFC_v2,static,0.40919037199124725,0.30303030303030304
jazz,KFC_v2,static,0.40955506929248725,0.30303030303030304
jazz,KFC_v2,static,0.4099197665937272,0.30303030303030304
jazz,KFC_v2,static,0.4102844638949672,0.30303030303030304
jazz,KFC_v2,static,0.41064916119620715,0.30303030303030304
jazz,KFC_v2,static,0.41101385849744715,0.30303030303030304
jazz,KFC_v2,static,0.4113785557986871,0.30303030303030304
jazz,KFC_v2,static,0.41174325309992704,0.30303030303030304
jazz,KFC_v2,static,0.41210795040116704,0.30303030303030304
jazz,KFC_v2,static,0.412472647702407,0.30303030303030304
jazz,KFC_v2,static,0.412837345003647,0.30303030303030304
jazz,KFC_v2,static,0.41320204230488694,0.30303030303030304
jazz,KFC_v2,static,0.41356673960612694,0.30303030303030304
jazz,KFC_v2,static,0.4139314369073669,0.30303030303030304
jazz,KFC_v2,static,0.41429613420860684,0.30303030303030304
jazz,KFC_v2,static,0.41466083150984684,0.30303030303030304
jazz,KFC_v2,static,0.4150255288110868,0.30303030303030304
jazz,KFC_v2,static,0.4153902261123268,0.30303030303030304
jazz,KFC_v2,static,0.41575492341356673,0.30303030303030304
jazz,KFC_v2,static,0.41611962071480674,0.30303030303030304
jazz,KFC_v2,static,0.4164843180160467,0.30303030303030304
jazz,KFC_v2,static,0.41684901531728663,0.30303030303030304
jazz,KFC_v2,static,0.41721371261852663,0.30303030303030304
jazz,KFC_v2,static,0.4175784099197666,0.30303030303030304
jazz,KFC_v2,static,0.4179431072210066,0.30303030303030304
jazz,KFC_v2,static,0.41830780452224653,0.30303030303030304
jazz,KFC_v2,static,0.41867250182348653,0.30303030303030304
jazz,KFC_v2,static,0.4190371991247265,0.30303030303030304
jazz,KFC_v2,static,0.4194018964259665,0.30303030303030304
jazz,KFC_v2,static,0.4197665937272064,0.30303030303030304
jazz,KFC_v2,static,0.4201312910284464,0.30303030303030304
jazz,KFC_v2,static,0.4204959883296864,0.30303030303030304
jazz,KFC_v2,static,0.4208606856309263,0.30303030303030304
jazz,KFC_v2,static,0.4212253829321663,0.30303030303030304
jazz,KFC_v2,static,0.4215900802334063,0.30303030303030304
jazz,KFC_v2,static,0.4219547775346463,0.30303030303030304
jazz,KFC_v2,static,0.4223194748358862,0.30303030303030304
jazz,KFC_v2,static,0.42268417213712617,0.30303030303030304
jazz,KFC_v2,static,0.42304886943836617,0.30303030303030304
jazz,KFC_v2,static,0.4234135667396061,0.30303030303030304
jazz,KFC_v2,static,0.4237782640408461,0.30303030303030304
jazz,KFC_v2,static,0.42414296134208607,0.30303030303030304
jazz,KFC_v2,static,0.42450765864332607,0.30303030303030304
jazz,KFC_v2,static,0.424872355944566,0.30303030303030304
jazz,KFC_v2,static,0.42523705324580596,0.30303030303030304
jazz,KFC_v2,static,0.42560175054704596,0.30303030303030304
jazz,KFC_v2,static,0.4259664478482859,0.30303030303030304
jazz,KFC_v2,static,0.4263311451495259,0.30303030303030304
jazz,KFC_v2,static,0.42669584245076586,0.30303030303030304
jazz,KFC_v2,static,0.42706053975200586,0.30303030303030304
jazz,KFC_v2,static,0.4274252370532458,0.30303030303030304
jazz,KFC_v2,static,0.42778993435448576,0.30303030303030304
jazz,KFC_v2,static,0.42815463165572576,0.30303030303030304
jazz,KFC_v2,static,0.4285193289569657,0.30303030303030304
jazz,KFC_v2,static,0.4288840262582057,0.30303030303030304
jazz,KFC_v2,static,0.42924872355944566,0.30303030303030304
jazz,KFC_v2,static,0.42961342086068566,0.29797979797979796
jazz,KFC_v2,static,0.4299781181619256,0.29797979797979796
jazz,KFC_v2,static,0.43034281546316555,0.29797979797979796
jazz,KFC_v2,static,0.43070751276440555,0.29797979797979796
jazz,KFC_v2,static,0.4310722100656455,0.29797979797979796
jazz,KFC_v2,static,0.4314369073668855,0.29797979797979796
jazz,KFC_v2,static,0.43180160466812545,0.29797979797979796
jazz,KFC_v2,static,0.43216630196936545,0.29797979797979796
jazz,KFC_v2,static,0.4325309992706054,0.29797979797979796
jazz,KFC_v2,static,0.4328956965718454,0.29797979797979796
jazz,KFC_v2,static,0.43326039387308535,0.29797979797979796
jazz,KFC_v2,static,0.4336250911743253,0.29797979797979796
jazz,KFC_v2,static,0.4339897884755653,0.29797979797979796
jazz,KFC_v2,static,0.43435448577680524,0.29797979797979796
jazz,KFC_v2,static,0.43471918307804525,0.29797979797979796
jazz,KFC_v2,static,0.4350838803792852,0.29797979797979796
jazz,KFC_v2,static,0.4354485776805252,0.29797979797979796
jazz,KFC_v2,static,0.43581327498176514,0.29797979797979796
jazz,KFC_v2,static,0.4361779722830051,0.29797979797979796
jazz,KFC_v2,static,0.4365426695842451,0.29797979797979796
jazz,KFC_v2,static,0.43690736688548504,0.29797979797979796
jazz,KFC_v2,static,0.43727206418672504,0.29797979797979796
jazz,KFC_v2,static,0.437636761487965,0.29797979797979796
jazz,KFC_v2,static,0.438001458789205,0.29797979797979796
jazz,KFC_v2,static,0.43836615609044494,0.29797979797979796
jazz,KFC_v2,static,0.4387308533916849,0.29797979797979796
jazz,KFC_v2,static,0.4390955506929249,0.29797979797979796
jazz,KFC_v2,static,0.43946024799416483,0.29797979797979796
jazz,KFC_v2,static,0.43982494529540483,0.29797979797979796
jazz,KFC_v2,static,0.4401896425966448,0.29797979797979796
jazz,KFC_v2,static,0.4405543398978848,0.29797979797979796
jazz,KFC_v2,static,0.44091903719912473,0.29797979797979796
jazz,KFC_v2,static,0.4412837345003647,0.29797979797979796
jazz,KFC_v2,static,0.4416484318016047,0.29797979797979796
jazz,KFC_v2,static,0.4420131291028446,0.29797979797979796
jazz,KFC_v2,static,0.44237782640408463,0.29797979797979796
jazz,KFC_v2,static,0.4427425237053246,0.29797979797979796
jazz,KFC_v2,static,0.4431072210065646,0.29797979797979796
jazz,KFC_v2,static,0.4434719183078045,0.29797979797979796
jazz,KFC_v2,static,0.44383661560904447,0.29797979797979796
jazz,KFC_v2,static,0.4442013129102845,0.29797979797979796
jazz,KFC_v2,static,0.4445660102115244,0.29797979797979796
jazz,KFC_v2,static,0.4449307075127644,0.29797979797979796
jazz,KFC_v2,static,0.44529540481400437,0.29797979797979796
jazz,KFC_v2,static,0.44566010211524437,0.29797979797979796
jazz,KFC_v2,static,0.4460247994164843,0.29797979797979796
jazz,KFC_v2,static,0.4463894967177243,0.29797979797979796
jazz,KFC_v2,static,0.44675419401896427,0.29797979797979796
jazz,KFC_v2,static,0.4471188913202042,0.29797979797979796
jazz,KFC_v2,static,0.4474835886214442,0.29797979797979796
jazz,KFC_v2,static,0.44784828592268416,0.29797979797979796
jazz,KFC_v2,static,0.44821298322392417,0.29797979797979796
jazz,KFC_v2,static,0.4485776805251641,0.29797979797979796
jazz,KFC_v2,static,0.4489423778264041,0.29797979797979796
jazz,KFC_v2,static,0.44930707512764406,0.29797979797979796
jazz,KFC_v2,static,0.449671772428884,0.29797979797979796
jazz,KFC_v2,static,0.450036469730124,0.29797979797979796
jazz,KFC_v2,static,0.45040116703136396,0.29797979797979796
jazz,KFC_v2,static,0.45076586433260396,0.29797979797979796
jazz,KFC_v2,static,0.4511305616338439,0.29797979797979796
jazz,KFC_v2,static,0.4514952589350839,0.29797979797979796
jazz,KFC_v2,static,0.45185995623632386,0.29797979797979796
jazz,KFC_v2,static,0.4522246535375638,0.29797979797979796
jazz,KFC_v2,static,0.4525893508388038,0.29797979797979796
jazz,KFC_v2,static,0.45295404814004375,0.29797979797979796
jazz,KFC_v2,static,0.45331874544128375,0.29797979797979796
jazz,KFC_v2,static,0.4536834427425237,0.29797979797979796
jazz,KFC_v2,static,0.4540481400437637,0.29797979797979796
jazz,KFC_v2,static,0.45441283734500365,0.29797979797979796
jazz,KFC_v2,static,0.4547775346462436,0.29797979797979796
jazz,KFC_v2,static,0.4551422319474836,0.29797979797979796
jazz,KFC_v2,static,0.45550692924872355,0.29797979797979796
jazz,KFC_v2,static,0.45587162654996355,0.29797979797979796
jazz,KFC_v2,static,0.4562363238512035,0.29797979797979796
jazz,KFC_v2,static,0.4566010211524435,0.29797979797979796
jazz,KFC_v2,static,0.45696571845368344,0.29797979797979796
jazz,KFC_v2,static,0.45733041575492345,0.29797979797979796
jazz,KFC_v2,static,0.4576951130561634,0.29797979797979796
jazz,KFC_v2,static,0.45805981035740334,0.29797979797979796
jazz,KFC_v2,static,0.45842450765864334,0.29797979797979796
jazz,KFC_v2,static,0.4587892049598833,0.29797979797979796
jazz,KFC_v2,static,0.4591539022611233,0.29797979797979796
jazz,KFC_v2,static,0.45951859956236324,0.29797979797979796
jazz,KFC_v2,static,0.45988329686360324,0.29797979797979796
jazz,KFC_v2,static,0.4602479941648432,0.29797979797979796
jazz,KFC_v2,static,0.46061269146608314,0.29797979797979796
jazz,KFC_v2,static,0.46097738876732314,0.29797979797979796
jazz,KFC_v2,static,0.4613420860685631,0.29797979797979796
jazz,KFC_v2,static,0.4617067833698031,0.29797979797979796
jazz,KFC_v2,static,0.46207148067104303,0.29797979797979796
jazz,KFC_v2,static,0.46243617797228304,0.29797979797979796
jazz,KFC_v2,static,0.462800875273523,0.29797979797979796
jazz,KFC_v2,static,0.46316557257476293,0.29797979797979796
jazz,KFC_v2,static,0.46353026987600293,0.29797979797979796
jazz,KFC_v2,static,0.4638949671772429,0.29797979797979796
jazz,KFC_v2,static,0.4642596644784829,0.29797979797979796
jazz,KFC_v2,static,0.4646243617797228,0.29797979797979796
jazz,KFC_v2,static,0.46498905908096283,0.29797979797979796
jazz,KFC_v2,static,0.4653537563822028,0.29797979797979796
jazz,KFC_v2,static,0.4657184536834427,0.29797979797979796
jazz,KFC_v2,static,0.4660831509846827,0.29797979797979796
jazz,KFC_v2,static,0.4664478482859227,0.29797979797979796
jazz,KFC_v2,static,0.4668125455871627,0.29797979797979796
jazz,KFC_v2,static,0.4671772428884026,0.29797979797979796
jazz,KFC_v2,static,0.4675419401896426,0.29797979797979796
jazz,KFC_v2,static,0.46790663749088257,0.29797979797979796
jazz,KFC_v2,static,0.4682713347921225,0.29797979797979796
jazz,KFC_v2,static,0.4686360320933625,0.29797979797979796
jazz,KFC_v2,static,0.46900072939460247,0.29797979797979796
jazz,KFC_v2,static,0.46936542669584247,0.29797979797979796
jazz,KFC_v2,static,0.4697301239970824,0.29797979797979796
jazz,KFC_v2,static,0.4700948212983224,0.29797979797979796
jazz,KFC_v2,static,0.47045951859956237,0.29797979797979796
jazz,KFC_v2,static,0.47082421590080237,0.29797979797979796
jazz,KFC_v2,static,0.4711889132020423,0.29797979797979796
jazz,KFC_v2,static,0.47155361050328226,0.29797979797979796
jazz,KFC_v2,static,0.47191830780452226,0.29797979797979796
jazz,KFC_v2,static,0.4722830051057622,0.29797979797979796
jazz,KFC_v2,static,0.4726477024070022,0.29797979797979796
jazz,KFC_v2,static,0.47301239970824216,0.29797979797979796
jazz,KFC_v2,static,0.47337709700948216,0.29797979797979796
jazz,KFC_v2,static,0.4737417943107221,0.29797979797979796
jazz,KFC_v2,static,0.47410649161196206,0.29797979797979796
jazz,KFC_v2,static,0.47447118891320206,0.29797979797979796
jazz,KFC_v2,static,0.474835886214442,0.29797979797979796
jazz,KFC_v2,static,0.475200583515682,0.29797979797979796
jazz,KFC_v2,static,0.47556528081692195,0.29797979797979796
jazz,KFC_v2,static,0.47592997811816196,0.29797979797979796
jazz,KFC_v2,static,0.4762946754194019,0.29797979797979796
jazz,KFC_v2,static,0.47665937272064185,0.29797979797979796
jazz,KFC_v2,static,0.47702407002188185,0.29797979797979796
jazz,KFC_v2,static,0.4773887673231218,0.29797979797979796
jazz,KFC_v2,static,0.4777534646243618,0.29797979797979796
jazz,KFC_v2,static,0.47811816192560175,0.29797979797979796
jazz,KFC_v2,static,0.47848285922684175,0.29797979797979796
jazz,KFC_v2,static,0.4788475565280817,0.29797979797979796
jazz,KFC_v2,static,0.47921225382932164,0.29797979797979796
jazz,KFC_v2,static,0.47957695113056165,0.29797979797979796
jazz,KFC_v2,static,0.4799416484318016,0.29797979797979796
jazz,KFC_v2,static,0.4803063457330416,0.29797979797979796
jazz,KFC_v2,static,0.48067104303428154,0.29797979797979796
jazz,KFC_v2,static,0.48103574033552154,0.29797979797979796
jazz,KFC_v2,static,0.4814004376367615,0.29797979797979796
jazz,KFC_v2,static,0.48176513493800144,0.29797979797979796
jazz,KFC_v2,static,0.48212983223924144,0.29797979797979796
jazz,KFC_v2,static,0.4824945295404814,0.29797979797979796
jazz,KFC_v2,static,0.4828592268417214,0.29797979797979796
jazz,KFC_v2,static,0.48322392414296134,0.29797979797979796
jazz,KFC_v2,static,0.48358862144420134,0.29797979797979796
jazz,KFC_v2,static,0.4839533187454413,0.29797979797979796
jazz,KFC_v2,static,0.4843180160466813,0.29797979797979796
jazz,KFC_v2,static,0.48468271334792123,0.29797979797979796
jazz,KFC_v2,static,0.4850474106491612,0.29797979797979796
jazz,KFC_v2,static,0.4854121079504012,0.29797979797979796
jazz,KFC_v2,static,0.48577680525164113,0.29797979797979796
jazz,KFC_v2,static,0.48614150255288113,0.29797979797979796
jazz,KFC_v2,static,0.4865061998541211,0.29797979797979796
jazz,KFC_v2,static,0.4868708971553611,0.29292929292929293
jazz,KFC_v2,static,0.48723559445660103,0.29292929292929293
jazz,KFC_v2,static,0.487600291757841,0.29292929292929293
jazz,KFC_v2,static,0.487964989059081,0.29292929292929293
jazz,KFC_v2,static,0.4883296863603209,0.29292929292929293
jazz,KFC_v2,static,0.4886943836615609,0.29292929292929293
jazz,KFC_v2,static,0.4890590809628009,0.29292929292929293
jazz,KFC_v2,static,0.4894237782640409,0.29292929292929293
jazz,KFC_v2,static,0.4897884755652808,0.29292929292929293
jazz,KFC_v2,static,0.49015317286652077,0.29292929292929293
jazz,KFC_v2,static,0.49051787016776077,0.29292929292929293
jazz,KFC_v2,static,0.4908825674690007,0.29292929292929293
jazz,KFC_v2,static,0.4912472647702407,0.29292929292929293
jazz,KFC_v2,static,0.49161196207148067,0.29292929292929293
jazz,KFC_v2,static,0.49197665937272067,0.29292929292929293
jazz,KFC_v2,static,0.4923413566739606,0.29292929292929293
jazz,KFC_v2,static,0.49270605397520056,0.29292929292929293
jazz,KFC_v2,static,0.49307075127644057,0.29292929292929293
jazz,KFC_v2,static,0.4934354485776805,0.29292929292929293
jazz,KFC_v2,static,0.4938001458789205,0.29292929292929293
jazz,KFC_v2,static,0.49416484318016046,0.29292929292929293
jazz,KFC_v2,static,0.49452954048140046,0.29292929292929293
jazz,KFC_v2,static,0.4948942377826404,0.29292929292929293
jazz,KFC_v2,static,0.49525893508388036,0.29292929292929293
jazz,KFC_v2,static,0.49562363238512036,0.29292929292929293
jazz,KFC_v2,static,0.4959883296863603,0.29292929292929293
jazz,KFC_v2,static,0.4963530269876003,0.29292929292929293
jazz,KFC_v2,static,0.49671772428884026,0.29292929292929293
jazz,KFC_v2,static,0.49708242159008026,0.29292929292929293
jazz,KFC_v2,static,0.4974471188913202,0.29292929292929293
jazz,KFC_v2,static,0.4978118161925602,0.29292929292929293
jazz,KFC_v2,static,0.49817651349380015,0.29292929292929293
jazz,KFC_v2,static,0.4985412107950401,0.29292929292929293
jazz,KFC_v2,static,0.4989059080962801,0.29292929292929293
jazz,KFC_v2,static,0.49927060539752005,0.29292929292929293
jazz,KFC_v2,static,0.49963530269876005,0.29292929292929293
jazz,KFC_v2,static,0.5,0.29292929292929293
jazz,KFC_v2,static,0.50036469730124,0.29292929292929293
jazz,KFC_v2,static,0.5007293946024799,0.29292929292929293
jazz,KFC_v2,static,0.5010940919037199,0.29292929292929293
jazz,KFC_v2,static,0.5014587892049599,0.29292929292929293
jazz,KFC_v2,static,0.5018234865061999,0.29292929292929293
jazz,KFC_v2,static,0.5021881838074398,0.29292929292929293
jazz,KFC_v2,static,0.5025528811086798,0.29292929292929293
jazz,KFC_v2,static,0.5029175784099198,0.29292929292929293
jazz,KFC_v2,static,0.5032822757111598,0.29292929292929293
jazz,KFC_v2,static,0.5036469730123997,0.29292929292929293
jazz,KFC_v2,static,0.5040116703136397,0.29292929292929293
jazz,KFC_v2,static,0.5043763676148797,0.29292929292929293
jazz,KFC_v2,static,0.5047410649161196,0.29292929292929293
jazz,KFC_v2,static,0.5051057622173596,0.29292929292929293
jazz,KFC_v2,static,0.5054704595185996,0.29292929292929293
jazz,KFC_v2,static,0.5058351568198396,0.29292929292929293
jazz,KFC_v2,static,0.5061998541210795,0.29292929292929293
jazz,KFC_v2,static,0.5065645514223195,0.29292929292929293
jazz,KFC_v2,static,0.5069292487235595,0.29292929292929293
jazz,KFC_v2,static,0.5072939460247994,0.29292929292929293
jazz,KFC_v2,static,0.5076586433260394,0.29292929292929293
jazz,KFC_v2,static,0.5080233406272794,0.29292929292929293
jazz,KFC_v2,static,0.5083880379285194,0.29292929292929293
jazz,KFC_v2,static,0.5087527352297593,0.29292929292929293
jazz,KFC_v2,static,0.5091174325309993,0.29292929292929293
jazz,KFC_v2,static,0.5094821298322393,0.29292929292929293
jazz,KFC_v2,static,0.5098468271334792,0.29292929292929293
jazz,KFC_v2,static,0.5102115244347192,0.29292929292929293
jazz,KFC_v2,static,0.5105762217359592,0.29292929292929293
jazz,KFC_v2,static,0.5109409190371992,0.29292929292929293
jazz,KFC_v2,static,0.5113056163384391,0.29292929292929293
jazz,KFC_v2,static,0.5116703136396791,0.29292929292929293
jazz,KFC_v2,static,0.5120350109409191,0.29292929292929293
jazz,KFC_v2,static,0.512399708242159,0.29292929292929293
jazz,KFC_v2,static,0.512764405543399,0.29292929292929293
jazz,KFC_v2,static,0.513129102844639,0.29292929292929293
jazz,KFC_v2,static,0.513493800145879,0.29292929292929293
jazz,KFC_v2,static,0.5138584974471189,0.29292929292929293
jazz,KFC_v2,static,0.5142231947483589,0.29292929292929293
jazz,KFC_v2,static,0.5145878920495989,0.29292929292929293
jazz,KFC_v2,static,0.5149525893508388,0.29292929292929293
jazz,KFC_v2,static,0.5153172866520788,0.29292929292929293
jazz,KFC_v2,static,0.5156819839533188,0.29292929292929293
jazz,KFC_v2,static,0.5160466812545588,0.29292929292929293
jazz,KFC_v2,static,0.5164113785557987,0.29292929292929293
jazz,KFC_v2,static,0.5167760758570387,0.29292929292929293
jazz,KFC_v2,static,0.5171407731582787,0.29292929292929293
jazz,KFC_v2,static,0.5175054704595186,0.29292929292929293
jazz,KFC_v2,static,0.5178701677607586,0.29292929292929293
jazz,KFC_v2,static,0.5182348650619986,0.29292929292929293
jazz,KFC_v2,static,0.5185995623632386,0.29292929292929293
jazz,KFC_v2,static,0.5189642596644785,0.29292929292929293
jazz,KFC_v2,static,0.5193289569657185,0.29292929292929293
jazz,KFC_v2,static,0.5196936542669585,0.29292929292929293
jazz,KFC_v2,static,0.5200583515681984,0.29292929292929293
jazz,KFC_v2,static,0.5204230488694384,0.29292929292929293
jazz,KFC_v2,static,0.5207877461706784,0.29292929292929293
jazz,KFC_v2,static,0.5211524434719184,0.29292929292929293
jazz,KFC_v2,static,0.5215171407731582,0.29292929292929293
jazz,KFC_v2,static,0.5218818380743983,0.29292929292929293
jazz,KFC_v2,static,0.5222465353756383,0.29292929292929293
jazz,KFC_v2,static,0.5226112326768781,0.29292929292929293
jazz,KFC_v2,static,0.5229759299781181,0.29292929292929293
jazz,KFC_v2,static,0.5233406272793582,0.29292929292929293
jazz,KFC_v2,static,0.5237053245805982,0.29292929292929293
jazz,KFC_v2,static,0.524070021881838,0.29292929292929293
jazz,KFC_v2,static,0.524434719183078,0.29292929292929293
jazz,KFC_v2,static,0.524799416484318,0.29292929292929293
jazz,KFC_v2,static,0.5251641137855579,0.29292929292929293
jazz,KFC_v2,static,0.5255288110867979,0.29292929292929293
jazz,KFC_v2,static,0.525893508388038,0.29292929292929293
jazz,KFC_v2,static,0.526258205689278,0.29292929292929293
jazz,KFC_v2,static,0.5266229029905178,0.29292929292929293
jazz,KFC_v2,static,0.5269876002917578,0.29292929292929293
jazz,KFC_v2,static,0.5273522975929978,0.29292929292929293
jazz,KFC_v2,static,0.5277169948942377,0.29292929292929293
jazz,KFC_v2,static,0.5280816921954777,0.29292929292929293
jazz,KFC_v2,static,0.5284463894967177,0.29292929292929293
jazz,KFC_v2,static,0.5288110867979577,0.29292929292929293
jazz,KFC_v2,static,0.5291757840991976,0.29292929292929293
jazz,KFC_v2,static,0.5295404814004376,0.29292929292929293
jazz,KFC_v2,static,0.5299051787016776,0.29292929292929293
jazz,KFC_v2,static,0.5302698760029176,0.29292929292929293
jazz,KFC_v2,static,0.5306345733041575,0.29292929292929293
jazz,KFC_v2,static,0.5309992706053975,0.29292929292929293
jazz,KFC_v2,static,0.5313639679066375,0.29292929292929293
jazz,KFC_v2,static,0.5317286652078774,0.29292929292929293
jazz,KFC_v2,static,0.5320933625091174,0.29292929292929293
jazz,KFC_v2,static,0.5324580598103574,0.29292929292929293
jazz,KFC_v2,static,0.5328227571115974,0.29292929292929293
jazz,KFC_v2,static,0.5331874544128373,0.29292929292929293
jazz,KFC_v2,static,0.5335521517140773,0.29292929292929293
jazz,KFC_v2,static,0.5339168490153173,0.29292929292929293
jazz,KFC_v2,static,0.5342815463165572,0.29292929292929293
jazz,KFC_v2,static,0.5346462436177972,0.29292929292929293
jazz,KFC_v2,static,0.5350109409190372,0.29292929292929293
jazz,KFC_v2,static,0.5353756382202772,0.29292929292929293
jazz,KFC_v2,static,0.5357403355215171,0.29292929292929293
jazz,KFC_v2,static,0.5361050328227571,0.29292929292929293
jazz,KFC_v2,static,0.5364697301239971,0.29292929292929293
jazz,KFC_v2,static,0.536834427425237,0.29292929292929293
jazz,KFC_v2,static,0.537199124726477,0.29292929292929293
jazz,KFC_v2,static,0.537563822027717,0.29292929292929293
jazz,KFC_v2,static,0.537928519328957,0.29292929292929293
jazz,KFC_v2,static,0.5382932166301969,0.29292929292929293
jazz,KFC_v2,static,0.5386579139314369,0.29292929292929293
jazz,KFC_v2,static,0.5390226112326769,0.29292929292929293
jazz,KFC_v2,static,0.5393873085339168,0.29292929292929293
jazz,KFC_v2,static,0.5397520058351568,0.29292929292929293
jazz,KFC_v2,static,0.5401167031363968,0.29292929292929293
jazz,KFC_v2,static,0.5404814004376368,0.29292929292929293
jazz,KFC_v2,static,0.5408460977388767,0.29292929292929293
jazz,KFC_v2,static,0.5412107950401167,0.29292929292929293
jazz,KFC_v2,static,0.5415754923413567,0.29292929292929293
jazz,KFC_v2,static,0.5419401896425966,0.29292929292929293
jazz,KFC_v2,static,0.5423048869438366,0.29292929292929293
jazz,KFC_v2,static,0.5426695842450766,0.29292929292929293
jazz,KFC_v2,static,0.5430342815463166,0.29292929292929293
jazz,KFC_v2,static,0.5433989788475565,0.29292929292929293
jazz,KFC_v2,static,0.5437636761487965,0.29292929292929293
jazz,KFC_v2,static,0.5441283734500365,0.29292929292929293
jazz,KFC_v2,static,0.5444930707512764,0.29292929292929293
jazz,KFC_v2,static,0.5448577680525164,0.29292929292929293
jazz,KFC_v2,static,0.5452224653537564,0.29292929292929293
jazz,KFC_v2,static,0.5455871626549964,0.29292929292929293
jazz,KFC_v2,static,0.5459518599562363,0.29292929292929293
jazz,KFC_v2,static,0.5463165572574763,0.29292929292929293
jazz,KFC_v2,static,0.5466812545587163,0.29292929292929293
jazz,KFC_v2,static,0.5470459518599562,0.29292929292929293
jazz,KFC_v2,static,0.5474106491611962,0.29292929292929293
jazz,KFC_v2,static,0.5477753464624362,0.29292929292929293
jazz,KFC_v2,static,0.5481400437636762,0.29292929292929293
jazz,KFC_v2,static,0.5485047410649161,0.29292929292929293
jazz,KFC_v2,static,0.5488694383661561,0.29292929292929293
jazz,KFC_v2,static,0.5492341356673961,0.29292929292929293
jazz,KFC_v2,static,0.549598832968636,0.29292929292929293
jazz,KFC_v2,static,0.549963530269876,0.29292929292929293
jazz,KFC_v2,static,0.550328227571116,0.29292929292929293
jazz,KFC_v2,static,0.550692924872356,0.29292929292929293
jazz,KFC_v2,static,0.5510576221735959,0.29292929292929293
jazz,KFC_v2,static,0.5514223194748359,0.29292929292929293
jazz,KFC_v2,static,0.5517870167760759,0.29292929292929293
jazz,KFC_v2,static,0.5521517140773158,0.29292929292929293
jazz,KFC_v2,static,0.5525164113785558,0.29292929292929293
jazz,KFC_v2,static,0.5528811086797958,0.29292929292929293
jazz,KFC_v2,static,0.5532458059810358,0.29292929292929293
jazz,KFC_v2,static,0.5536105032822757,0.29292929292929293
jazz,KFC_v2,static,0.5539752005835157,0.29292929292929293
jazz,KFC_v2,static,0.5543398978847557,0.29292929292929293
jazz,KFC_v2,static,0.5547045951859957,0.29292929292929293
jazz,KFC_v2,static,0.5550692924872356,0.29292929292929293
jazz,KFC_v2,static,0.5554339897884756,0.29292929292929293
jazz,KFC_v2,static,0.5557986870897156,0.29292929292929293
jazz,KFC_v2,static,0.5561633843909555,0.29292929292929293
jazz,KFC_v2,static,0.5565280816921955,0.29292929292929293
jazz,KFC_v2,static,0.5568927789934355,0.29292929292929293
jazz,KFC_v2,static,0.5572574762946755,0.29292929292929293
jazz,KFC_v2,static,0.5576221735959154,0.29292929292929293
jazz,KFC_v2,static,0.5579868708971554,0.29292929292929293
jazz,KFC_v2,static,0.5583515681983954,0.29292929292929293
jazz,KFC_v2,static,0.5587162654996353,0.29292929292929293
jazz,KFC_v2,static,0.5590809628008753,0.29292929292929293
jazz,KFC_v2,static,0.5594456601021153,0.29292929292929293
jazz,KFC_v2,static,0.5598103574033553,0.29292929292929293
jazz,KFC_v2,static,0.5601750547045952,0.29292929292929293
jazz,KFC_v2,static,0.5605397520058352,0.29292929292929293
jazz,KFC_v2,static,0.5609044493070752,0.29292929292929293
jazz,KFC_v2,static,0.5612691466083151,0.29292929292929293
jazz,KFC_v2,static,0.5616338439095551,0.29292929292929293
jazz,KFC_v2,static,0.5619985412107951,0.29292929292929293
jazz,KFC_v2,static,0.5623632385120351,0.29292929292929293
jazz,KFC_v2,static,0.562727935813275,0.29292929292929293
jazz,KFC_v2,static,0.563092633114515,0.29292929292929293
jazz,KFC_v2,static,0.563457330415755,0.29292929292929293
jazz,KFC_v2,static,0.5638220277169949,0.29292929292929293
jazz,KFC_v2,static,0.5641867250182349,0.29292929292929293
jazz,KFC_v2,static,0.5645514223194749,0.29292929292929293
jazz,KFC_v2,static,0.5649161196207149,0.29292929292929293
jazz,KFC_v2,static,0.5652808169219548,0.29292929292929293
jazz,KFC_v2,static,0.5656455142231948,0.29292929292929293
jazz,KFC_v2,static,0.5660102115244348,0.29292929292929293
jazz,KFC_v2,static,0.5663749088256747,0.29292929292929293
jazz,KFC_v2,static,0.5667396061269147,0.29292929292929293
jazz,KFC_v2,static,0.5671043034281547,0.29292929292929293
jazz,KFC_v2,static,0.5674690007293947,0.29292929292929293
jazz,KFC_v2,static,0.5678336980306345,0.29292929292929293
jazz,KFC_v2,static,0.5681983953318746,0.29292929292929293
jazz,KFC_v2,static,0.5685630926331146,0.29292929292929293
jazz,KFC_v2,static,0.5689277899343544,0.29292929292929293
jazz,KFC_v2,static,0.5692924872355944,0.29292929292929293
jazz,KFC_v2,static,0.5696571845368344,0.29292929292929293
jazz,KFC_v2,static,0.5700218818380745,0.29292929292929293
jazz,KFC_v2,static,0.5703865791393143,0.29292929292929293
jazz,KFC_v2,static,0.5707512764405543,0.29292929292929293
jazz,KFC_v2,static,0.5711159737417943,0.29292929292929293
jazz,KFC_v2,static,0.5714806710430342,0.29292929292929293
jazz,KFC_v2,static,0.5718453683442742,0.29292929292929293
jazz,KFC_v2,static,0.5722100656455142,0.29292929292929293
jazz,KFC_v2,static,0.5725747629467542,0.29292929292929293
jazz,KFC_v2,static,0.5729394602479941,0.29292929292929293
jazz,KFC_v2,static,0.5733041575492341,0.29292929292929293
jazz,KFC_v2,static,0.5736688548504741,0.29292929292929293
jazz,KFC_v2,static,0.574033552151714,0.29292929292929293
jazz,KFC_v2,static,0.574398249452954,0.29292929292929293
jazz,KFC_v2,static,0.574762946754194,0.29292929292929293
jazz,KFC_v2,static,0.575127644055434,0.29292929292929293
jazz,KFC_v2,static,0.5754923413566739,0.29292929292929293
jazz,KFC_v2,static,0.5758570386579139,0.29292929292929293
jazz,KFC_v2,static,0.5762217359591539,0.29292929292929293
jazz,KFC_v2,static,0.5765864332603938,0.29292929292929293
jazz,KFC_v2,static,0.5769511305616338,0.29292929292929293
jazz,KFC_v2,static,0.5773158278628738,0.29292929292929293
jazz,KFC_v2,static,0.5776805251641138,0.29292929292929293
jazz,KFC_v2,static,0.5780452224653537,0.29292929292929293
jazz,KFC_v2,static,0.5784099197665937,0.29292929292929293
jazz,KFC_v2,static,0.5787746170678337,0.29292929292929293
jazz,KFC_v2,static,0.5791393143690736,0.29292929292929293
jazz,KFC_v2,static,0.5795040116703136,0.29292929292929293
jazz,KFC_v2,static,0.5798687089715536,0.29292929292929293
jazz,KFC_v2,static,0.5802334062727936,0.29292929292929293
jazz,KFC_v2,static,0.5805981035740335,0.29292929292929293
jazz,KFC_v2,static,0.5809628008752735,0.29292929292929293
jazz,KFC_v2,static,0.5813274981765135,0.29292929292929293
jazz,KFC_v2,static,0.5816921954777535,0.29292929292929293
jazz,KFC_v2,static,0.5820568927789934,0.29292929292929293
jazz,KFC_v2,static,0.5824215900802334,0.29292929292929293
jazz,KFC_v2,static,0.5827862873814734,0.29292929292929293
jazz,KFC_v2,static,0.5831509846827133,0.29292929292929293
jazz,KFC_v2,static,0.5835156819839533,0.29292929292929293
jazz,KFC_v2,static,0.5838803792851933,0.29292929292929293
jazz,KFC_v2,static,0.5842450765864333,0.29292929292929293
jazz,KFC_v2,static,0.5846097738876732,0.29292929292929293
jazz,KFC_v2,static,0.5849744711889132,0.29292929292929293
jazz,KFC_v2,static,0.5853391684901532,0.29292929292929293
jazz,KFC_v2,static,0.5857038657913931,0.29292929292929293
jazz,KFC_v2,static,0.5860685630926331,0.2878787878787879
jazz,KFC_v2,static,0.5864332603938731,0.2878787878787879
jazz,KFC_v2,static,0.5867979576951131,0.2878787878787879
jazz,KFC_v2,static,0.587162654996353,0.2878787878787879
jazz,KFC_v2,static,0.587527352297593,0.2878787878787879
jazz,KFC_v2,static,0.587892049598833,0.2878787878787879
jazz,KFC_v2,static,0.5882567469000729,0.2878787878787879
jazz,KFC_v2,static,0.5886214442013129,0.2878787878787879
jazz,KFC_v2,static,0.5889861415025529,0.2878787878787879
jazz,KFC_v2,static,0.5893508388037929,0.2878787878787879
jazz,KFC_v2,static,0.5897155361050328,0.2878787878787879
jazz,KFC_v2,static,0.5900802334062728,0.2878787878787879
jazz,KFC_v2,static,0.5904449307075128,0.2878787878787879
jazz,KFC_v2,static,0.5908096280087527,0.2878787878787879
jazz,KFC_v2,static,0.5911743253099927,0.2878787878787879
jazz,KFC_v2,static,0.5915390226112327,0.2878787878787879
jazz,KFC_v2,static,0.5919037199124727,0.2878787878787879
jazz,KFC_v2,static,0.5922684172137126,0.2878787878787879
jazz,KFC_v2,static,0.5926331145149526,0.2878787878787879
jazz,KFC_v2,static,0.5929978118161926,0.2878787878787879
jazz,KFC_v2,static,0.5933625091174325,0.2878787878787879
jazz,KFC_v2,static,0.5937272064186725,0.2878787878787879
jazz,KFC_v2,static,0.5940919037199125,0.2878787878787879
jazz,KFC_v2,static,0.5944566010211525,0.2878787878787879
jazz,KFC_v2,static,0.5948212983223924,0.2878787878787879
jazz,KFC_v2,static,0.5951859956236324,0.2878787878787879
jazz,KFC_v2,static,0.5955506929248724,0.2878787878787879
jazz,KFC_v2,static,0.5959153902261123,0.2878787878787879
jazz,KFC_v2,static,0.5962800875273523,0.2878787878787879
jazz,KFC_v2,static,0.5966447848285923,0.2878787878787879
jazz,KFC_v2,static,0.5970094821298323,0.2878787878787879
jazz,KFC_v2,static,0.5973741794310722,0.2878787878787879
jazz,KFC_v2,static,0.5977388767323122,0.2878787878787879
jazz,KFC_v2,static,0.5981035740335522,0.2878787878787879
jazz,KFC_v2,static,0.5984682713347921,0.2878787878787879
jazz,KFC_v2,static,0.5988329686360321,0.2878787878787879
jazz,KFC_v2,static,0.5991976659372721,0.2878787878787879
jazz,KFC_v2,static,0.5995623632385121,0.2878787878787879
jazz,KFC_v2,static,0.599927060539752,0.2878787878787879
jazz,KFC_v2,static,0.600291757840992,0.2878787878787879
jazz,KFC_v2,static,0.600656455142232,0.2878787878787879
jazz,KFC_v2,static,0.6010211524434719,0.2878787878787879
jazz,KFC_v2,static,0.6013858497447119,0.2878787878787879
jazz,KFC_v2,static,0.6017505470459519,0.2878787878787879
jazz,KFC_v2,static,0.6021152443471919,0.2878787878787879
jazz,KFC_v2,static,0.6024799416484318,0.2878787878787879
jazz,KFC_v2,static,0.6028446389496718,0.2878787878787879
jazz,KFC_v2,static,0.6032093362509118,0.2878787878787879
jazz,KFC_v2,static,0.6035740335521517,0.2878787878787879
jazz,KFC_v2,static,0.6039387308533917,0.2878787878787879
jazz,KFC_v2,static,0.6043034281546317,0.2878787878787879
jazz,KFC_v2,static,0.6046681254558717,0.2878787878787879
jazz,KFC_v2,static,0.6050328227571116,0.2878787878787879
jazz,KFC_v2,static,0.6053975200583516,0.2878787878787879
jazz,KFC_v2,static,0.6057622173595916,0.2878787878787879
jazz,KFC_v2,static,0.6061269146608316,0.2878787878787879
jazz,KFC_v2,static,0.6064916119620715,0.2878787878787879
jazz,KFC_v2,static,0.6068563092633115,0.2878787878787879
jazz,KFC_v2,static,0.6072210065645515,0.2878787878787879
jazz,KFC_v2,static,0.6075857038657914,0.2878787878787879
jazz,KFC_v2,static,0.6079504011670314,0.2878787878787879
jazz,KFC_v2,static,0.6083150984682714,0.2878787878787879
jazz,KFC_v2,static,0.6086797957695114,0.2878787878787879
jazz,KFC_v2,static,0.6090444930707513,0.2878787878787879
jazz,KFC_v2,static,0.6094091903719913,0.2878787878787879
jazz,KFC_v2,static,0.6097738876732313,0.2878787878787879
jazz,KFC_v2,static,0.6101385849744712,0.2878787878787879
jazz,KFC_v2,static,0.6105032822757112,0.2878787878787879
jazz,KFC_v2,static,0.6108679795769512,0.2878787878787879
jazz,KFC_v2,static,0.6112326768781912,0.2878787878787879
jazz,KFC_v2,static,0.611597374179431,0.2878787878787879
jazz,KFC_v2,static,0.611962071480671,0.2878787878787879
jazz,KFC_v2,static,0.6123267687819111,0.2878787878787879
jazz,KFC_v2,static,0.612691466083151,0.2878787878787879
jazz,KFC_v2,static,0.613056163384391,0.2878787878787879
jazz,KFC_v2,static,0.613420860685631,0.2878787878787879
jazz,KFC_v2,static,0.613785557986871,0.2878787878787879
jazz,KFC_v2,static,0.6141502552881108,0.2878787878787879
jazz,KFC_v2,static,0.6145149525893508,0.2878787878787879
jazz,KFC_v2,static,0.6148796498905909,0.2878787878787879
jazz,KFC_v2,static,0.6152443471918307,0.2878787878787879
jazz,KFC_v2,static,0.6156090444930707,0.2878787878787879
jazz,KFC_v2,static,0.6159737417943107,0.2878787878787879
jazz,KFC_v2,static,0.6163384390955507,0.2878787878787879
jazz,KFC_v2,static,0.6167031363967906,0.2878787878787879
jazz,KFC_v2,static,0.6170678336980306,0.2878787878787879
jazz,KFC_v2,static,0.6174325309992706,0.2878787878787879
jazz,KFC_v2,static,0.6177972283005105,0.2878787878787879
jazz,KFC_v2,static,0.6181619256017505,0.2878787878787879
jazz,KFC_v2,static,0.6185266229029905,0.2878787878787879
jazz,KFC_v2,static,0.6188913202042305,0.2878787878787879
jazz,KFC_v2,static,0.6192560175054704,0.2878787878787879
jazz,KFC_v2,static,0.6196207148067104,0.2878787878787879
jazz,KFC_v2,static,0.6199854121079504,0.2878787878787879
jazz,KFC_v2,static,0.6203501094091903,0.2878787878787879
jazz,KFC_v2,static,0.6207148067104303,0.2878787878787879
jazz,KFC_v2,static,0.6210795040116703,0.2878787878787879
jazz,KFC_v2,static,0.6214442013129103,0.2878787878787879
jazz,KFC_v2,static,0.6218088986141502,0.2878787878787879
jazz,KFC_v2,static,0.6221735959153902,0.2878787878787879
jazz,KFC_v2,static,0.6225382932166302,0.2878787878787879
jazz,KFC_v2,static,0.6229029905178701,0.2878787878787879
jazz,KFC_v2,static,0.6232676878191101,0.2878787878787879
jazz,KFC_v2,static,0.6236323851203501,0.2878787878787879
jazz,KFC_v2,static,0.6239970824215901,0.2878787878787879
jazz,KFC_v2,static,0.62436177972283,0.2878787878787879
jazz,KFC_v2,static,0.62472647702407,0.2878787878787879
jazz,KFC_v2,static,0.62509117432531,0.2878787878787879
jazz,KFC_v2,static,0.6254558716265499,0.2878787878787879
jazz,KFC_v2,static,0.6258205689277899,0.2878787878787879
jazz,KFC_v2,static,0.6261852662290299,0.2878787878787879
jazz,KFC_v2,static,0.6265499635302699,0.2878787878787879
jazz,KFC_v2,static,0.6269146608315098,0.2878787878787879
jazz,KFC_v2,static,0.6272793581327498,0.2828282828282828
jazz,KFC_v2,static,0.6276440554339898,0.2828282828282828
jazz,KFC_v2,static,0.6280087527352297,0.2828282828282828
jazz,KFC_v2,static,0.6283734500364697,0.2828282828282828
jazz,KFC_v2,static,0.6287381473377097,0.2828282828282828
jazz,KFC_v2,static,0.6291028446389497,0.2828282828282828
jazz,KFC_v2,static,0.6294675419401896,0.2828282828282828
jazz,KFC_v2,static,0.6298322392414296,0.2828282828282828
jazz,KFC_v2,static,0.6301969365426696,0.2828282828282828
jazz,KFC_v2,static,0.6305616338439095,0.2828282828282828
jazz,KFC_v2,static,0.6309263311451495,0.2828282828282828
jazz,KFC_v2,static,0.6312910284463895,0.2828282828282828
jazz,KFC_v2,static,0.6316557257476295,0.2828282828282828
jazz,KFC_v2,static,0.6320204230488694,0.2828282828282828
jazz,KFC_v2,static,0.6323851203501094,0.2828282828282828
jazz,KFC_v2,static,0.6327498176513494,0.2828282828282828
jazz,KFC_v2,static,0.6331145149525894,0.2828282828282828
jazz,KFC_v2,static,0.6334792122538293,0.2828282828282828
jazz,KFC_v2,static,0.6338439095550693,0.2828282828282828
jazz,KFC_v2,static,0.6342086068563093,0.2828282828282828
jazz,KFC_v2,static,0.6345733041575492,0.2828282828282828
jazz,KFC_v2,static,0.6349380014587892,0.2828282828282828
jazz,KFC_v2,static,0.6353026987600292,0.2828282828282828
jazz,KFC_v2,static,0.6356673960612692,0.2828282828282828
jazz,KFC_v2,static,0.6360320933625091,0.2828282828282828
jazz,KFC_v2,static,0.6363967906637491,0.2777777777777778
jazz,KFC_v2,static,0.6367614879649891,0.2777777777777778
jazz,KFC_v2,static,0.637126185266229,0.2777777777777778
jazz,KFC_v2,static,0.637490882567469,0.2777777777777778
jazz,KFC_v2,static,0.637855579868709,0.2777777777777778
jazz,KFC_v2,static,0.638220277169949,0.2777777777777778
jazz,KFC_v2,static,0.6385849744711889,0.2777777777777778
jazz,KFC_v2,static,0.6389496717724289,0.2777777777777778
jazz,KFC_v2,static,0.6393143690736689,0.2777777777777778
jazz,KFC_v2,static,0.6396790663749088,0.2777777777777778
jazz,KFC_v2,static,0.6400437636761488,0.2777777777777778
jazz,KFC_v2,static,0.6404084609773888,0.2777777777777778
jazz,KFC_v2,static,0.6407731582786288,0.2777777777777778
jazz,KFC_v2,static,0.6411378555798687,0.2777777777777778
jazz,KFC_v2,static,0.6415025528811087,0.2777777777777778
jazz,KFC_v2,static,0.6418672501823487,0.2777777777777778
jazz,KFC_v2,static,0.6422319474835886,0.2777777777777778
jazz,KFC_v2,static,0.6425966447848286,0.2777777777777778
jazz,KFC_v2,static,0.6429613420860686,0.2777777777777778
jazz,KFC_v2,static,0.6433260393873086,0.2777777777777778
jazz,KFC_v2,static,0.6436907366885485,0.2777777777777778
jazz,KFC_v2,static,0.6440554339897885,0.2777777777777778
jazz,KFC_v2,static,0.6444201312910285,0.2777777777777778
jazz,KFC_v2,static,0.6447848285922684,0.2777777777777778
jazz,KFC_v2,static,0.6451495258935084,0.2777777777777778
jazz,KFC_v2,static,0.6455142231947484,0.2777777777777778
jazz,KFC_v2,static,0.6458789204959884,0.2777777777777778
jazz,KFC_v2,static,0.6462436177972283,0.2777777777777778
jazz,KFC_v2,static,0.6466083150984683,0.2777777777777778
jazz,KFC_v2,static,0.6469730123997083,0.2777777777777778
jazz,KFC_v2,static,0.6473377097009482,0.2777777777777778
jazz,KFC_v2,static,0.6477024070021882,0.2777777777777778
jazz,KFC_v2,static,0.6480671043034282,0.2777777777777778
jazz,KFC_v2,static,0.6484318016046682,0.2777777777777778
jazz,KFC_v2,static,0.6487964989059081,0.2777777777777778
jazz,KFC_v2,static,0.6491611962071481,0.2777777777777778
jazz,KFC_v2,static,0.6495258935083881,0.2777777777777778
jazz,KFC_v2,static,0.649890590809628,0.2777777777777778
jazz,KFC_v2,static,0.650255288110868,0.2777777777777778
jazz,KFC_v2,static,0.650619985412108,0.2777777777777778
jazz,KFC_v2,static,0.650984682713348,0.2777777777777778
jazz,KFC_v2,static,0.6513493800145879,0.2777777777777778
jazz,KFC_v2,static,0.6517140773158279,0.2777777777777778
jazz,KFC_v2,static,0.6520787746170679,0.2777777777777778
jazz,KFC_v2,static,0.6524434719183078,0.2777777777777778
jazz,KFC_v2,static,0.6528081692195478,0.2777777777777778
jazz,KFC_v2,static,0.6531728665207878,0.2777777777777778
jazz,KFC_v2,static,0.6535375638220278,0.2777777777777778
jazz,KFC_v2,static,0.6539022611232677,0.2777777777777778
jazz,KFC_v2,static,0.6542669584245077,0.2777777777777778
jazz,KFC_v2,static,0.6546316557257477,0.2777777777777778
jazz,KFC_v2,static,0.6549963530269876,0.2777777777777778
jazz,KFC_v2,static,0.6553610503282276,0.2777777777777778
jazz,KFC_v2,static,0.6557257476294676,0.2777777777777778
jazz,KFC_v2,static,0.6560904449307076,0.2777777777777778
jazz,KFC_v2,static,0.6564551422319475,0.2777777777777778
jazz,KFC_v2,static,0.6568198395331875,0.2777777777777778
jazz,KFC_v2,static,0.6571845368344275,0.2777777777777778
jazz,KFC_v2,static,0.6575492341356675,0.2777777777777778
jazz,KFC_v2,static,0.6579139314369074,0.2777777777777778
jazz,KFC_v2,static,0.6582786287381474,0.2777777777777778
jazz,KFC_v2,static,0.6586433260393874,0.2777777777777778
jazz,KFC_v2,static,0.6590080233406272,0.2777777777777778
jazz,KFC_v2,static,0.6593727206418672,0.2777777777777778
jazz,KFC_v2,static,0.6597374179431073,0.2777777777777778
jazz,KFC_v2,static,0.6601021152443473,0.2777777777777778
jazz,KFC_v2,static,0.6604668125455871,0.2777777777777778
jazz,KFC_v2,static,0.6608315098468271,0.2777777777777778
jazz,KFC_v2,static,0.6611962071480671,0.2777777777777778
jazz,KFC_v2,static,0.661560904449307,0.2777777777777778
jazz,KFC_v2,static,0.661925601750547,0.2777777777777778
jazz,KFC_v2,static,0.662290299051787,0.2777777777777778
jazz,KFC_v2,static,0.662654996353027,0.2777777777777778
jazz,KFC_v2,static,0.6630196936542669,0.2777777777777778
jazz,KFC_v2,static,0.6633843909555069,0.2777777777777778
jazz,KFC_v2,static,0.6637490882567469,0.2777777777777778
jazz,KFC_v2,static,0.6641137855579868,0.2777777777777778
jazz,KFC_v2,static,0.6644784828592268,0.2777777777777778
jazz,KFC_v2,static,0.6648431801604668,0.2777777777777778
jazz,KFC_v2,static,0.6652078774617068,0.2777777777777778
jazz,KFC_v2,static,0.6655725747629467,0.2777777777777778
jazz,KFC_v2,static,0.6659372720641867,0.2777777777777778
jazz,KFC_v2,static,0.6663019693654267,0.2777777777777778
jazz,KFC_v2,static,0.6666666666666666,0.2777777777777778
jazz,KFC_v2,static,0.6670313639679066,0.2777777777777778
jazz,KFC_v2,static,0.6673960612691466,0.2777777777777778
jazz,KFC_v2,static,0.6677607585703866,0.2777777777777778
jazz,KFC_v2,static,0.6681254558716265,0.2777777777777778
jazz,KFC_v2,static,0.6684901531728665,0.2777777777777778
jazz,KFC_v2,static,0.6688548504741065,0.2777777777777778
jazz,KFC_v2,static,0.6692195477753464,0.2727272727272727
jazz,KFC_v2,static,0.6695842450765864,0.2727272727272727
jazz,KFC_v2,static,0.6699489423778264,0.2727272727272727
jazz,KFC_v2,static,0.6703136396790664,0.2727272727272727
jazz,KFC_v2,static,0.6706783369803063,0.2727272727272727
jazz,KFC_v2,static,0.6710430342815463,0.2727272727272727
jazz,KFC_v2,static,0.6714077315827863,0.2727272727272727
jazz,KFC_v2,static,0.6717724288840262,0.2727272727272727
jazz,KFC_v2,static,0.6721371261852662,0.2727272727272727
jazz,KFC_v2,static,0.6725018234865062,0.2727272727272727
jazz,KFC_v2,static,0.6728665207877462,0.2727272727272727
jazz,KFC_v2,static,0.6732312180889861,0.2727272727272727
jazz,KFC_v2,static,0.6735959153902261,0.2727272727272727
jazz,KFC_v2,static,0.6739606126914661,0.2727272727272727
jazz,KFC_v2,static,0.674325309992706,0.2727272727272727
jazz,KFC_v2,static,0.674690007293946,0.2727272727272727
jazz,KFC_v2,static,0.675054704595186,0.2676767676767677
jazz,KFC_v2,static,0.675419401896426,0.2676767676767677
jazz,KFC_v2,static,0.6757840991976659,0.2676767676767677
jazz,KFC_v2,static,0.6761487964989059,0.2676767676767677
jazz,KFC_v2,static,0.6765134938001459,0.2676767676767677
jazz,KFC_v2,static,0.6768781911013858,0.2676767676767677
jazz,KFC_v2,static,0.6772428884026258,0.2676767676767677
jazz,KFC_v2,static,0.6776075857038658,0.2676767676767677
jazz,KFC_v2,static,0.6779722830051058,0.2676767676767677
jazz,KFC_v2,static,0.6783369803063457,0.2676767676767677
jazz,KFC_v2,static,0.6787016776075857,0.2676767676767677
jazz,KFC_v2,static,0.6790663749088257,0.2676767676767677
jazz,KFC_v2,static,0.6794310722100656,0.2676767676767677
jazz,KFC_v2,static,0.6797957695113056,0.2676767676767677
jazz,KFC_v2,static,0.6801604668125456,0.2676767676767677
jazz,KFC_v2,static,0.6805251641137856,0.2676767676767677
jazz,KFC_v2,static,0.6808898614150255,0.2676767676767677
jazz,KFC_v2,static,0.6812545587162655,0.2676767676767677
jazz,KFC_v2,static,0.6816192560175055,0.2676767676767677
jazz,KFC_v2,static,0.6819839533187454,0.2676767676767677
jazz,KFC_v2,static,0.6823486506199854,0.2676767676767677
jazz,KFC_v2,static,0.6827133479212254,0.2676767676767677
jazz,KFC_v2,static,0.6830780452224654,0.2676767676767677
jazz,KFC_v2,static,0.6834427425237053,0.2676767676767677
jazz,KFC_v2,static,0.6838074398249453,0.2676767676767677
jazz,KFC_v2,static,0.6841721371261853,0.2676767676767677
jazz,KFC_v2,static,0.6845368344274253,0.2676767676767677
jazz,KFC_v2,static,0.6849015317286652,0.2676767676767677
jazz,KFC_v2,static,0.6852662290299052,0.2676767676767677
jazz,KFC_v2,static,0.6856309263311452,0.2676767676767677
jazz,KFC_v2,static,0.6859956236323851,0.2676767676767677
jazz,KFC_v2,static,0.6863603209336251,0.2676767676767677
jazz,KFC_v2,static,0.6867250182348651,0.2676767676767677
jazz,KFC_v2,static,0.6870897155361051,0.2676767676767677
jazz,KFC_v2,static,0.687454412837345,0.2676767676767677
jazz,KFC_v2,static,0.687819110138585,0.2676767676767677
jazz,KFC_v2,static,0.688183807439825,0.2676767676767677
jazz,KFC_v2,static,0.6885485047410649,0.2676767676767677
jazz,KFC_v2,static,0.6889132020423049,0.2676767676767677
jazz,KFC_v2,static,0.6892778993435449,0.2676767676767677
jazz,KFC_v2,static,0.6896425966447849,0.2676767676767677
jazz,KFC_v2,static,0.6900072939460248,0.2676767676767677
jazz,KFC_v2,static,0.6903719912472648,0.2676767676767677
jazz,KFC_v2,static,0.6907366885485048,0.26262626262626265
jazz,KFC_v2,static,0.6911013858497447,0.26262626262626265
jazz,KFC_v2,static,0.6914660831509847,0.26262626262626265
jazz,KFC_v2,static,0.6918307804522247,0.26262626262626265
jazz,KFC_v2,static,0.6921954777534647,0.26262626262626265
jazz,KFC_v2,static,0.6925601750547046,0.26262626262626265
jazz,KFC_v2,static,0.6929248723559446,0.26262626262626265
jazz,KFC_v2,static,0.6932895696571846,0.26262626262626265
jazz,KFC_v2,static,0.6936542669584245,0.26262626262626265
jazz,KFC_v2,static,0.6940189642596645,0.26262626262626265
jazz,KFC_v2,static,0.6943836615609045,0.26262626262626265
jazz,KFC_v2,static,0.6947483588621445,0.26262626262626265
jazz,KFC_v2,static,0.6951130561633844,0.26262626262626265
jazz,KFC_v2,static,0.6954777534646244,0.25757575757575757
jazz,KFC_v2,static,0.6958424507658644,0.25757575757575757
jazz,KFC_v2,static,0.6962071480671043,0.25757575757575757
jazz,KFC_v2,static,0.6965718453683443,0.25757575757575757
jazz,KFC_v2,static,0.6969365426695843,0.25757575757575757
jazz,KFC_v2,static,0.6973012399708243,0.25757575757575757
jazz,KFC_v2,static,0.6976659372720642,0.25757575757575757
jazz,KFC_v2,static,0.6980306345733042,0.25757575757575757
jazz,KFC_v2,static,0.6983953318745442,0.25757575757575757
jazz,KFC_v2,static,0.6987600291757841,0.25757575757575757
jazz,KFC_v2,static,0.6991247264770241,0.25757575757575757
jazz,KFC_v2,static,0.6994894237782641,0.25757575757575757
jazz,KFC_v2,static,0.6998541210795041,0.25757575757575757
jazz,KFC_v2,static,0.700218818380744,0.25757575757575757
jazz,KFC_v2,static,0.700583515681984,0.25757575757575757
jazz,KFC_v2,static,0.700948212983224,0.25757575757575757
jazz,KFC_v2,static,0.7013129102844639,0.25757575757575757
jazz,KFC_v2,static,0.7016776075857039,0.25757575757575757
jazz,KFC_v2,static,0.7020423048869439,0.25757575757575757
jazz,KFC_v2,static,0.7024070021881839,0.25757575757575757
jazz,KFC_v2,static,0.7027716994894238,0.25757575757575757
jazz,KFC_v2,static,0.7031363967906638,0.25757575757575757
jazz,KFC_v2,static,0.7035010940919038,0.25757575757575757
jazz,KFC_v2,static,0.7038657913931436,0.25757575757575757
jazz,KFC_v2,static,0.7042304886943836,0.25757575757575757
jazz,KFC_v2,static,0.7045951859956237,0.25757575757575757
jazz,KFC_v2,static,0.7049598832968637,0.25757575757575757
jazz,KFC_v2,static,0.7053245805981035,0.25757575757575757
jazz,KFC_v2,static,0.7056892778993435,0.25757575757575757
jazz,KFC_v2,static,0.7060539752005836,0.25757575757575757
jazz,KFC_v2,static,0.7064186725018234,0.25757575757575757
jazz,KFC_v2,static,0.7067833698030634,0.25757575757575757
jazz,KFC_v2,static,0.7071480671043034,0.25757575757575757
jazz,KFC_v2,static,0.7075127644055434,0.25757575757575757
jazz,KFC_v2,static,0.7078774617067833,0.25757575757575757
jazz,KFC_v2,static,0.7082421590080233,0.25757575757575757
jazz,KFC_v2,static,0.7086068563092633,0.25757575757575757
jazz,KFC_v2,static,0.7089715536105033,0.25757575757575757
jazz,KFC_v2,static,0.7093362509117432,0.25252525252525254
jazz,KFC_v2,static,0.7097009482129832,0.25252525252525254
jazz,KFC_v2,static,0.7100656455142232,0.25252525252525254
jazz,KFC_v2,static,0.7104303428154631,0.25252525252525254
jazz,KFC_v2,static,0.7107950401167031,0.25252525252525254
jazz,KFC_v2,static,0.7111597374179431,0.25252525252525254
jazz,KFC_v2,static,0.7115244347191831,0.25252525252525254
jazz,KFC_v2,static,0.711889132020423,0.25252525252525254
jazz,KFC_v2,static,0.712253829321663,0.25252525252525254
jazz,KFC_v2,static,0.712618526622903,0.25252525252525254
jazz,KFC_v2,static,0.7129832239241429,0.25252525252525254
jazz,KFC_v2,static,0.7133479212253829,0.25252525252525254
jazz,KFC_v2,static,0.7137126185266229,0.25252525252525254
jazz,KFC_v2,static,0.7140773158278629,0.25252525252525254
jazz,KFC_v2,static,0.7144420131291028,0.25252525252525254
jazz,KFC_v2,static,0.7148067104303428,0.25252525252525254
jazz,KFC_v2,static,0.7151714077315828,0.25252525252525254
jazz,KFC_v2,static,0.7155361050328227,0.25252525252525254
jazz,KFC_v2,static,0.7159008023340627,0.25252525252525254
jazz,KFC_v2,static,0.7162654996353027,0.25252525252525254
jazz,KFC_v2,static,0.7166301969365427,0.25252525252525254
jazz,KFC_v2,static,0.7169948942377826,0.25252525252525254
jazz,KFC_v2,static,0.7173595915390226,0.25252525252525254
jazz,KFC_v2,static,0.7177242888402626,0.25252525252525254
jazz,KFC_v2,static,0.7180889861415025,0.25252525252525254
jazz,KFC_v2,static,0.7184536834427425,0.25252525252525254
jazz,KFC_v2,static,0.7188183807439825,0.25252525252525254
jazz,KFC_v2,static,0.7191830780452225,0.25252525252525254
jazz,KFC_v2,static,0.7195477753464624,0.25252525252525254
jazz,KFC_v2,static,0.7199124726477024,0.25252525252525254
jazz,KFC_v2,static,0.7202771699489424,0.25252525252525254
jazz,KFC_v2,static,0.7206418672501823,0.25252525252525254
jazz,KFC_v2,static,0.7210065645514223,0.25252525252525254
jazz,KFC_v2,static,0.7213712618526623,0.25252525252525254
jazz,KFC_v2,static,0.7217359591539023,0.25252525252525254
jazz,KFC_v2,static,0.7221006564551422,0.25252525252525254
jazz,KFC_v2,static,0.7224653537563822,0.25252525252525254
jazz,KFC_v2,static,0.7228300510576222,0.25252525252525254
jazz,KFC_v2,static,0.7231947483588621,0.25252525252525254
jazz,KFC_v2,static,0.7235594456601021,0.25252525252525254
jazz,KFC_v2,static,0.7239241429613421,0.25252525252525254
jazz,KFC_v2,static,0.7242888402625821,0.25252525252525254
jazz,KFC_v2,static,0.724653537563822,0.25252525252525254
jazz,KFC_v2,static,0.725018234865062,0.25252525252525254
jazz,KFC_v2,static,0.725382932166302,0.25252525252525254
jazz,KFC_v2,static,0.7257476294675419,0.25252525252525254
jazz,KFC_v2,static,0.7261123267687819,0.25252525252525254
jazz,KFC_v2,static,0.7264770240700219,0.25252525252525254
jazz,KFC_v2,static,0.7268417213712619,0.25252525252525254
jazz,KFC_v2,static,0.7272064186725018,0.25252525252525254
jazz,KFC_v2,static,0.7275711159737418,0.25252525252525254
jazz,KFC_v2,static,0.7279358132749818,0.25252525252525254
jazz,KFC_v2,static,0.7283005105762217,0.25252525252525254
jazz,KFC_v2,static,0.7286652078774617,0.25252525252525254
jazz,KFC_v2,static,0.7290299051787017,0.25252525252525254
jazz,KFC_v2,static,0.7293946024799417,0.25252525252525254
jazz,KFC_v2,static,0.7297592997811816,0.25252525252525254
jazz,KFC_v2,static,0.7301239970824216,0.25252525252525254
jazz,KFC_v2,static,0.7304886943836616,0.25252525252525254
jazz,KFC_v2,static,0.7308533916849015,0.25252525252525254
jazz,KFC_v2,static,0.7312180889861415,0.25252525252525254
jazz,KFC_v2,static,0.7315827862873815,0.25252525252525254
jazz,KFC_v2,static,0.7319474835886215,0.25252525252525254
jazz,KFC_v2,static,0.7323121808898614,0.25252525252525254
jazz,KFC_v2,static,0.7326768781911014,0.25252525252525254
jazz,KFC_v2,static,0.7330415754923414,0.25252525252525254
jazz,KFC_v2,static,0.7334062727935813,0.25252525252525254
jazz,KFC_v2,static,0.7337709700948213,0.25252525252525254
jazz,KFC_v2,static,0.7341356673960613,0.25252525252525254
jazz,KFC_v2,static,0.7345003646973013,0.25252525252525254
jazz,KFC_v2,static,0.7348650619985412,0.25252525252525254
jazz,KFC_v2,static,0.7352297592997812,0.25252525252525254
jazz,KFC_v2,static,0.7355944566010212,0.25252525252525254
jazz,KFC_v2,static,0.7359591539022612,0.25252525252525254
jazz,KFC_v2,static,0.7363238512035011,0.25252525252525254
jazz,KFC_v2,static,0.7366885485047411,0.25252525252525254
jazz,KFC_v2,static,0.7370532458059811,0.25252525252525254
jazz,KFC_v2,static,0.737417943107221,0.25252525252525254
jazz,KFC_v2,static,0.737782640408461,0.25252525252525254
jazz,KFC_v2,static,0.738147337709701,0.25252525252525254
jazz,KFC_v2,static,0.738512035010941,0.25252525252525254
jazz,KFC_v2,static,0.7388767323121809,0.25252525252525254
jazz,KFC_v2,static,0.7392414296134209,0.25252525252525254
jazz,KFC_v2,static,0.7396061269146609,0.25252525252525254
jazz,KFC_v2,static,0.7399708242159008,0.25252525252525254
jazz,KFC_v2,static,0.7403355215171408,0.25252525252525254
jazz,KFC_v2,static,0.7407002188183808,0.25252525252525254
jazz,KFC_v2,static,0.7410649161196208,0.25252525252525254
jazz,KFC_v2,static,0.7414296134208607,0.25252525252525254
jazz,KFC_v2,static,0.7417943107221007,0.25252525252525254
jazz,KFC_v2,static,0.7421590080233407,0.25252525252525254
jazz,KFC_v2,static,0.7425237053245806,0.25252525252525254
jazz,KFC_v2,static,0.7428884026258206,0.25252525252525254
jazz,KFC_v2,static,0.7432530999270606,0.25252525252525254
jazz,KFC_v2,static,0.7436177972283006,0.25252525252525254
jazz,KFC_v2,static,0.7439824945295405,0.25252525252525254
jazz,KFC_v2,static,0.7443471918307805,0.25252525252525254
jazz,KFC_v2,static,0.7447118891320205,0.25252525252525254
jazz,KFC_v2,static,0.7450765864332604,0.25252525252525254
jazz,KFC_v2,static,0.7454412837345004,0.25252525252525254
jazz,KFC_v2,static,0.7458059810357404,0.25252525252525254
jazz,KFC_v2,static,0.7461706783369804,0.25252525252525254
jazz,KFC_v2,static,0.7465353756382203,0.25252525252525254
jazz,KFC_v2,static,0.7469000729394603,0.25252525252525254
jazz,KFC_v2,static,0.7472647702407003,0.25252525252525254
jazz,KFC_v2,static,0.7476294675419402,0.25252525252525254
jazz,KFC_v2,static,0.7479941648431802,0.25252525252525254
jazz,KFC_v2,static,0.7483588621444202,0.25252525252525254
jazz,KFC_v2,static,0.7487235594456602,0.25252525252525254
jazz,KFC_v2,static,0.7490882567469,0.25252525252525254
jazz,KFC_v2,static,0.74945295404814,0.25252525252525254
jazz,KFC_v2,static,0.74981765134938,0.25252525252525254
jazz,KFC_v2,static,0.75018234865062,0.25252525252525254
jazz,KFC_v2,static,0.75054704595186,0.25252525252525254
jazz,KFC_v2,static,0.7509117432531,0.25252525252525254
jazz,KFC_v2,static,0.75127644055434,0.25252525252525254
jazz,KFC_v2,static,0.7516411378555798,0.25252525252525254
jazz,KFC_v2,static,0.7520058351568198,0.25252525252525254
jazz,KFC_v2,static,0.7523705324580598,0.25252525252525254
jazz,KFC_v2,static,0.7527352297592997,0.2474747474747475
jazz,KFC_v2,static,0.7530999270605397,0.2474747474747475
jazz,KFC_v2,static,0.7534646243617797,0.2474747474747475
jazz,KFC_v2,static,0.7538293216630197,0.2474747474747475
jazz,KFC_v2,static,0.7541940189642596,0.24242424242424243
jazz,KFC_v2,static,0.7545587162654996,0.24242424242424243
jazz,KFC_v2,static,0.7549234135667396,0.24242424242424243
jazz,KFC_v2,static,0.7552881108679795,0.24242424242424243
jazz,KFC_v2,static,0.7556528081692195,0.24242424242424243
jazz,KFC_v2,static,0.7560175054704595,0.24242424242424243
jazz,KFC_v2,static,0.7563822027716995,0.24242424242424243
jazz,KFC_v2,static,0.7567469000729394,0.24242424242424243
jazz,KFC_v2,static,0.7571115973741794,0.24242424242424243
jazz,KFC_v2,static,0.7574762946754194,0.23737373737373738
jazz,KFC_v2,static,0.7578409919766593,0.23737373737373738
jazz,KFC_v2,static,0.7582056892778993,0.23737373737373738
jazz,KFC_v2,static,0.7585703865791393,0.23737373737373738
jazz,KFC_v2,static,0.7589350838803793,0.23737373737373738
jazz,KFC_v2,static,0.7592997811816192,0.23737373737373738
jazz,KFC_v2,static,0.7596644784828592,0.23737373737373738
jazz,KFC_v2,static,0.7600291757840992,0.23737373737373738
jazz,KFC_v2,static,0.7603938730853392,0.23737373737373738
jazz,KFC_v2,static,0.7607585703865791,0.23737373737373738
jazz,KFC_v2,static,0.7611232676878191,0.23737373737373738
jazz,KFC_v2,static,0.7614879649890591,0.23737373737373738
jazz,KFC_v2,static,0.761852662290299,0.23737373737373738
jazz,KFC_v2,static,0.762217359591539,0.23737373737373738
jazz,KFC_v2,static,0.762582056892779,0.23737373737373738
jazz,KFC_v2,static,0.762946754194019,0.23737373737373738
jazz,KFC_v2,static,0.7633114514952589,0.23737373737373738
jazz,KFC_v2,static,0.7636761487964989,0.23737373737373738
jazz,KFC_v2,static,0.7640408460977389,0.23737373737373738
jazz,KFC_v2,static,0.7644055433989788,0.23737373737373738
jazz,KFC_v2,static,0.7647702407002188,0.23737373737373738
jazz,KFC_v2,static,0.7651349380014588,0.23737373737373738
jazz,KFC_v2,static,0.7654996353026988,0.23737373737373738
jazz,KFC_v2,static,0.7658643326039387,0.23737373737373738
jazz,KFC_v2,static,0.7662290299051787,0.23737373737373738
jazz,KFC_v2,static,0.7665937272064187,0.23737373737373738
jazz,KFC_v2,static,0.7669584245076586,0.23737373737373738
jazz,KFC_v2,static,0.7673231218088986,0.23737373737373738
jazz,KFC_v2,static,0.7676878191101386,0.23737373737373738
jazz,KFC_v2,static,0.7680525164113786,0.23737373737373738
jazz,KFC_v2,static,0.7684172137126185,0.23737373737373738
jazz,KFC_v2,static,0.7687819110138585,0.23737373737373738
jazz,KFC_v2,static,0.7691466083150985,0.23737373737373738
jazz,KFC_v2,static,0.7695113056163384,0.23737373737373738
jazz,KFC_v2,static,0.7698760029175784,0.23737373737373738
jazz,KFC_v2,static,0.7702407002188184,0.23737373737373738
jazz,KFC_v2,static,0.7706053975200584,0.23737373737373738
jazz,KFC_v2,static,0.7709700948212983,0.23737373737373738
jazz,KFC_v2,static,0.7713347921225383,0.23737373737373738
jazz,KFC_v2,static,0.7716994894237783,0.23737373737373738
jazz,KFC_v2,static,0.7720641867250182,0.23737373737373738
jazz,KFC_v2,static,0.7724288840262582,0.23737373737373738
jazz,KFC_v2,static,0.7727935813274982,0.23737373737373738
jazz,KFC_v2,static,0.7731582786287382,0.23737373737373738
jazz,KFC_v2,static,0.7735229759299781,0.23737373737373738
jazz,KFC_v2,static,0.7738876732312181,0.23737373737373738
jazz,KFC_v2,static,0.7742523705324581,0.23737373737373738
jazz,KFC_v2,static,0.774617067833698,0.23737373737373738
jazz,KFC_v2,static,0.774981765134938,0.23232323232323232
jazz,KFC_v2,static,0.775346462436178,0.23232323232323232
jazz,KFC_v2,static,0.775711159737418,0.23232323232323232
jazz,KFC_v2,static,0.7760758570386579,0.23232323232323232
jazz,KFC_v2,static,0.7764405543398979,0.23232323232323232
jazz,KFC_v2,static,0.7768052516411379,0.23232323232323232
jazz,KFC_v2,static,0.7771699489423778,0.23232323232323232
jazz,KFC_v2,static,0.7775346462436178,0.23232323232323232
jazz,KFC_v2,static,0.7778993435448578,0.23232323232323232
jazz,KFC_v2,static,0.7782640408460978,0.23232323232323232
jazz,KFC_v2,static,0.7786287381473377,0.23232323232323232
jazz,KFC_v2,static,0.7789934354485777,0.23232323232323232
jazz,KFC_v2,static,0.7793581327498177,0.23232323232323232
jazz,KFC_v2,static,0.7797228300510576,0.23232323232323232
jazz,KFC_v2,static,0.7800875273522976,0.23232323232323232
jazz,KFC_v2,static,0.7804522246535376,0.23232323232323232
jazz,KFC_v2,static,0.7808169219547776,0.23232323232323232
jazz,KFC_v2,static,0.7811816192560175,0.23232323232323232
jazz,KFC_v2,static,0.7815463165572575,0.23232323232323232
jazz,KFC_v2,static,0.7819110138584975,0.23232323232323232
jazz,KFC_v2,static,0.7822757111597374,0.23232323232323232
jazz,KFC_v2,static,0.7826404084609774,0.23232323232323232
jazz,KFC_v2,static,0.7830051057622174,0.23232323232323232
jazz,KFC_v2,static,0.7833698030634574,0.23232323232323232
jazz,KFC_v2,static,0.7837345003646973,0.23232323232323232
jazz,KFC_v2,static,0.7840991976659373,0.23232323232323232
jazz,KFC_v2,static,0.7844638949671773,0.23232323232323232
jazz,KFC_v2,static,0.7848285922684172,0.23232323232323232
jazz,KFC_v2,static,0.7851932895696572,0.23232323232323232
jazz,KFC_v2,static,0.7855579868708972,0.23232323232323232
jazz,KFC_v2,static,0.7859226841721372,0.23232323232323232
jazz,KFC_v2,static,0.7862873814733771,0.23232323232323232
jazz,KFC_v2,static,0.7866520787746171,0.23232323232323232
jazz,KFC_v2,static,0.7870167760758571,0.23232323232323232
jazz,KFC_v2,static,0.7873814733770971,0.23232323232323232
jazz,KFC_v2,static,0.787746170678337,0.23232323232323232
jazz,KFC_v2,static,0.788110867979577,0.23232323232323232
jazz,KFC_v2,static,0.788475565280817,0.23232323232323232
jazz,KFC_v2,static,0.7888402625820569,0.23232323232323232
jazz,KFC_v2,static,0.7892049598832969,0.23232323232323232
jazz,KFC_v2,static,0.7895696571845369,0.23232323232323232
jazz,KFC_v2,static,0.7899343544857769,0.23232323232323232
jazz,KFC_v2,static,0.7902990517870168,0.23232323232323232
jazz,KFC_v2,static,0.7906637490882568,0.23232323232323232
jazz,KFC_v2,static,0.7910284463894968,0.23232323232323232
jazz,KFC_v2,static,0.7913931436907367,0.23232323232323232
jazz,KFC_v2,static,0.7917578409919767,0.23232323232323232
jazz,KFC_v2,static,0.7921225382932167,0.22727272727272727
jazz,KFC_v2,static,0.7924872355944567,0.22727272727272727
jazz,KFC_v2,static,0.7928519328956966,0.22727272727272727
jazz,KFC_v2,static,0.7932166301969366,0.22727272727272727
jazz,KFC_v2,static,0.7935813274981766,0.22727272727272727
jazz,KFC_v2,static,0.7939460247994164,0.22727272727272727
jazz,KFC_v2,static,0.7943107221006565,0.22727272727272727
jazz,KFC_v2,static,0.7946754194018965,0.22727272727272727
jazz,KFC_v2,static,0.7950401167031365,0.22727272727272727
jazz,KFC_v2,static,0.7954048140043763,0.22727272727272727
jazz,KFC_v2,static,0.7957695113056164,0.22727272727272727
jazz,KFC_v2,static,0.7961342086068564,0.22727272727272727
jazz,KFC_v2,static,0.7964989059080962,0.22727272727272727
jazz,KFC_v2,static,0.7968636032093362,0.22727272727272727
jazz,KFC_v2,static,0.7972283005105762,0.22727272727272727
jazz,KFC_v2,static,0.7975929978118163,0.2222222222222222
jazz,KFC_v2,static,0.7979576951130561,0.2222222222222222
jazz,KFC_v2,static,0.7983223924142961,0.2222222222222222
jazz,KFC_v2,static,0.7986870897155361,0.2222222222222222
jazz,KFC_v2,static,0.799051787016776,0.2222222222222222
jazz,KFC_v2,static,0.799416484318016,0.2222222222222222
jazz,KFC_v2,static,0.799781181619256,0.2222222222222222
jazz,KFC_v2,static,0.800145878920496,0.2222222222222222
jazz,KFC_v2,static,0.8005105762217359,0.2222222222222222
jazz,KFC_v2,static,0.8008752735229759,0.2222222222222222
jazz,KFC_v2,static,0.8012399708242159,0.2222222222222222
jazz,KFC_v2,static,0.8016046681254558,0.2222222222222222
jazz,KFC_v2,static,0.8019693654266958,0.2222222222222222
jazz,KFC_v2,static,0.8023340627279358,0.2222222222222222
jazz,KFC_v2,static,0.8026987600291758,0.2222222222222222
jazz,KFC_v2,static,0.8030634573304157,0.2222222222222222
jazz,KFC_v2,static,0.8034281546316557,0.2222222222222222
jazz,KFC_v2,static,0.8037928519328957,0.2222222222222222
jazz,KFC_v2,static,0.8041575492341356,0.2222222222222222
jazz,KFC_v2,static,0.8045222465353756,0.2222222222222222
jazz,KFC_v2,static,0.8048869438366156,0.2222222222222222
jazz,KFC_v2,static,0.8052516411378556,0.2222222222222222
jazz,KFC_v2,static,0.8056163384390955,0.2222222222222222
jazz,KFC_v2,static,0.8059810357403355,0.2222222222222222
jazz,KFC_v2,static,0.8063457330415755,0.2222222222222222
jazz,KFC_v2,static,0.8067104303428154,0.2222222222222222
jazz,KFC_v2,static,0.8070751276440554,0.2222222222222222
jazz,KFC_v2,static,0.8074398249452954,0.2222222222222222
jazz,KFC_v2,static,0.8078045222465354,0.2222222222222222
jazz,KFC_v2,static,0.8081692195477753,0.2222222222222222
jazz,KFC_v2,static,0.8085339168490153,0.2222222222222222
jazz,KFC_v2,static,0.8088986141502553,0.2222222222222222
jazz,KFC_v2,static,0.8092633114514952,0.2222222222222222
jazz,KFC_v2,static,0.8096280087527352,0.2222222222222222
jazz,KFC_v2,static,0.8099927060539752,0.2222222222222222
jazz,KFC_v2,static,0.8103574033552152,0.2222222222222222
jazz,KFC_v2,static,0.8107221006564551,0.2222222222222222
jazz,KFC_v2,static,0.8110867979576951,0.2222222222222222
jazz,KFC_v2,static,0.8114514952589351,0.2222222222222222
jazz,KFC_v2,static,0.8118161925601751,0.2222222222222222
jazz,KFC_v2,static,0.812180889861415,0.2222222222222222
jazz,KFC_v2,static,0.812545587162655,0.2222222222222222
jazz,KFC_v2,static,0.812910284463895,0.2222222222222222
jazz,KFC_v2,static,0.8132749817651349,0.2222222222222222
jazz,KFC_v2,static,0.8136396790663749,0.2222222222222222
jazz,KFC_v2,static,0.8140043763676149,0.2222222222222222
jazz,KFC_v2,static,0.8143690736688549,0.2222222222222222
jazz,KFC_v2,static,0.8147337709700948,0.2222222222222222
jazz,KFC_v2,static,0.8150984682713348,0.2222222222222222
jazz,KFC_v2,static,0.8154631655725748,0.2222222222222222
jazz,KFC_v2,static,0.8158278628738147,0.2222222222222222
jazz,KFC_v2,static,0.8161925601750547,0.2222222222222222
jazz,KFC_v2,static,0.8165572574762947,0.2222222222222222
jazz,KFC_v2,static,0.8169219547775347,0.2222222222222222
jazz,KFC_v2,static,0.8172866520787746,0.2222222222222222
jazz,KFC_v2,static,0.8176513493800146,0.2222222222222222
jazz,KFC_v2,static,0.8180160466812546,0.2222222222222222
jazz,KFC_v2,static,0.8183807439824945,0.2222222222222222
jazz,KFC_v2,static,0.8187454412837345,0.2222222222222222
jazz,KFC_v2,static,0.8191101385849745,0.2222222222222222
jazz,KFC_v2,static,0.8194748358862145,0.2222222222222222
jazz,KFC_v2,static,0.8198395331874544,0.2222222222222222
jazz,KFC_v2,static,0.8202042304886944,0.2222222222222222
jazz,KFC_v2,static,0.8205689277899344,0.21717171717171718
jazz,KFC_v2,static,0.8209336250911743,0.21717171717171718
jazz,KFC_v2,static,0.8212983223924143,0.21717171717171718
jazz,KFC_v2,static,0.8216630196936543,0.21717171717171718
jazz,KFC_v2,static,0.8220277169948943,0.21717171717171718
jazz,KFC_v2,static,0.8223924142961342,0.21717171717171718
jazz,KFC_v2,static,0.8227571115973742,0.21717171717171718
jazz,KFC_v2,static,0.8231218088986142,0.21717171717171718
jazz,KFC_v2,static,0.8234865061998541,0.21717171717171718
jazz,KFC_v2,static,0.8238512035010941,0.21717171717171718
jazz,KFC_v2,static,0.8242159008023341,0.21717171717171718
jazz,KFC_v2,static,0.8245805981035741,0.21717171717171718
jazz,KFC_v2,static,0.824945295404814,0.21717171717171718
jazz,KFC_v2,static,0.825309992706054,0.21717171717171718
jazz,KFC_v2,static,0.825674690007294,0.21717171717171718
jazz,KFC_v2,static,0.8260393873085339,0.21717171717171718
jazz,KFC_v2,static,0.8264040846097739,0.21717171717171718
jazz,KFC_v2,static,0.8267687819110139,0.21717171717171718
jazz,KFC_v2,static,0.8271334792122539,0.21717171717171718
jazz,KFC_v2,static,0.8274981765134938,0.21717171717171718
jazz,KFC_v2,static,0.8278628738147338,0.21717171717171718
jazz,KFC_v2,static,0.8282275711159738,0.21717171717171718
jazz,KFC_v2,static,0.8285922684172137,0.21717171717171718
jazz,KFC_v2,static,0.8289569657184537,0.21717171717171718
jazz,KFC_v2,static,0.8293216630196937,0.21717171717171718
jazz,KFC_v2,static,0.8296863603209337,0.21717171717171718
jazz,KFC_v2,static,0.8300510576221736,0.21717171717171718
jazz,KFC_v2,static,0.8304157549234136,0.21717171717171718
jazz,KFC_v2,static,0.8307804522246536,0.21717171717171718
jazz,KFC_v2,static,0.8311451495258935,0.21717171717171718
jazz,KFC_v2,static,0.8315098468271335,0.21717171717171718
jazz,KFC_v2,static,0.8318745441283735,0.21717171717171718
jazz,KFC_v2,static,0.8322392414296135,0.21717171717171718
jazz,KFC_v2,static,0.8326039387308534,0.21717171717171718
jazz,KFC_v2,static,0.8329686360320934,0.21717171717171718
jazz,KFC_v2,static,0.8333333333333334,0.21717171717171718
jazz,KFC_v2,static,0.8336980306345733,0.21717171717171718
jazz,KFC_v2,static,0.8340627279358133,0.21717171717171718
jazz,KFC_v2,static,0.8344274252370533,0.21717171717171718
jazz,KFC_v2,static,0.8347921225382933,0.21717171717171718
jazz,KFC_v2,static,0.8351568198395332,0.21717171717171718
jazz,KFC_v2,static,0.8355215171407732,0.21717171717171718
jazz,KFC_v2,static,0.8358862144420132,0.21717171717171718
jazz,KFC_v2,static,0.8362509117432531,0.21717171717171718
jazz,KFC_v2,static,0.8366156090444931,0.21717171717171718
jazz,KFC_v2,static,0.8369803063457331,0.21717171717171718
jazz,KFC_v2,static,0.8373450036469731,0.21717171717171718
jazz,KFC_v2,static,0.837709700948213,0.21717171717171718
jazz,KFC_v2,static,0.838074398249453,0.21717171717171718
jazz,KFC_v2,static,0.838439095550693,0.21717171717171718
jazz,KFC_v2,static,0.838803792851933,0.21212121212121213
jazz,KFC_v2,static,0.8391684901531729,0.21212121212121213
jazz,KFC_v2,static,0.8395331874544129,0.21212121212121213
jazz,KFC_v2,static,0.8398978847556529,0.21212121212121213
jazz,KFC_v2,static,0.8402625820568927,0.21212121212121213
jazz,KFC_v2,static,0.8406272793581328,0.21212121212121213
jazz,KFC_v2,static,0.8409919766593728,0.21212121212121213
jazz,KFC_v2,static,0.8413566739606128,0.21212121212121213
jazz,KFC_v2,static,0.8417213712618526,0.21212121212121213
jazz,KFC_v2,static,0.8420860685630926,0.21212121212121213
jazz,KFC_v2,static,0.8424507658643327,0.21212121212121213
jazz,KFC_v2,static,0.8428154631655725,0.21212121212121213
jazz,KFC_v2,static,0.8431801604668125,0.21212121212121213
jazz,KFC_v2,static,0.8435448577680525,0.21212121212121213
jazz,KFC_v2,static,0.8439095550692925,0.21212121212121213
jazz,KFC_v2,static,0.8442742523705324,0.21212121212121213
jazz,KFC_v2,static,0.8446389496717724,0.21212121212121213
jazz,KFC_v2,static,0.8450036469730124,0.21212121212121213
jazz,KFC_v2,static,0.8453683442742523,0.21212121212121213
jazz,KFC_v2,static,0.8457330415754923,0.21212121212121213
jazz,KFC_v2,static,0.8460977388767323,0.21212121212121213
jazz,KFC_v2,static,0.8464624361779723,0.21212121212121213
jazz,KFC_v2,static,0.8468271334792122,0.21212121212121213
jazz,KFC_v2,static,0.8471918307804522,0.21212121212121213
jazz,KFC_v2,static,0.8475565280816922,0.21212121212121213
jazz,KFC_v2,static,0.8479212253829321,0.21212121212121213
jazz,KFC_v2,static,0.8482859226841721,0.21212121212121213
jazz,KFC_v2,static,0.8486506199854121,0.21212121212121213
jazz,KFC_v2,static,0.8490153172866521,0.21212121212121213
jazz,KFC_v2,static,0.849380014587892,0.21212121212121213
jazz,KFC_v2,static,0.849744711889132,0.21212121212121213
jazz,KFC_v2,static,0.850109409190372,0.21212121212121213
jazz,KFC_v2,static,0.8504741064916119,0.20707070707070707
jazz,KFC_v2,static,0.8508388037928519,0.20707070707070707
jazz,KFC_v2,static,0.8512035010940919,0.20707070707070707
jazz,KFC_v2,static,0.8515681983953319,0.20707070707070707
jazz,KFC_v2,static,0.8519328956965718,0.20707070707070707
jazz,KFC_v2,static,0.8522975929978118,0.20707070707070707
jazz,KFC_v2,static,0.8526622902990518,0.20707070707070707
jazz,KFC_v2,static,0.8530269876002917,0.20707070707070707
jazz,KFC_v2,static,0.8533916849015317,0.20707070707070707
jazz,KFC_v2,static,0.8537563822027717,0.20707070707070707
jazz,KFC_v2,static,0.8541210795040117,0.20707070707070707
jazz,KFC_v2,static,0.8544857768052516,0.20707070707070707
jazz,KFC_v2,static,0.8548504741064916,0.20707070707070707
jazz,KFC_v2,static,0.8552151714077316,0.20707070707070707
jazz,KFC_v2,static,0.8555798687089715,0.20707070707070707
jazz,KFC_v2,static,0.8559445660102115,0.20707070707070707
jazz,KFC_v2,static,0.8563092633114515,0.20707070707070707
jazz,KFC_v2,static,0.8566739606126915,0.20707070707070707
jazz,KFC_v2,static,0.8570386579139314,0.20707070707070707
jazz,KFC_v2,static,0.8574033552151714,0.20707070707070707
jazz,KFC_v2,static,0.8577680525164114,0.20707070707070707
jazz,KFC_v2,static,0.8581327498176513,0.20707070707070707
jazz,KFC_v2,static,0.8584974471188913,0.20707070707070707
jazz,KFC_v2,static,0.8588621444201313,0.20707070707070707
jazz,KFC_v2,static,0.8592268417213713,0.20707070707070707
jazz,KFC_v2,static,0.8595915390226112,0.20707070707070707
jazz,KFC_v2,static,0.8599562363238512,0.20707070707070707
jazz,KFC_v2,static,0.8603209336250912,0.20707070707070707
jazz,KFC_v2,static,0.8606856309263311,0.20707070707070707
jazz,KFC_v2,static,0.8610503282275711,0.20707070707070707
jazz,KFC_v2,static,0.8614150255288111,0.20707070707070707
jazz,KFC_v2,static,0.8617797228300511,0.20707070707070707
jazz,KFC_v2,static,0.862144420131291,0.20707070707070707
jazz,KFC_v2,static,0.862509117432531,0.20707070707070707
jazz,KFC_v2,static,0.862873814733771,0.20707070707070707
jazz,KFC_v2,static,0.863238512035011,0.20707070707070707
jazz,KFC_v2,static,0.8636032093362509,0.20707070707070707
jazz,KFC_v2,static,0.8639679066374909,0.20707070707070707
jazz,KFC_v2,static,0.8643326039387309,0.20707070707070707
jazz,KFC_v2,static,0.8646973012399708,0.20707070707070707
jazz,KFC_v2,static,0.8650619985412108,0.20707070707070707
jazz,KFC_v2,static,0.8654266958424508,0.20707070707070707
jazz,KFC_v2,static,0.8657913931436908,0.20707070707070707
jazz,KFC_v2,static,0.8661560904449307,0.20707070707070707
jazz,KFC_v2,static,0.8665207877461707,0.20707070707070707
jazz,KFC_v2,static,0.8668854850474107,0.20707070707070707
jazz,KFC_v2,static,0.8672501823486506,0.20707070707070707
jazz,KFC_v2,static,0.8676148796498906,0.20202020202020202
jazz,KFC_v2,static,0.8679795769511306,0.20202020202020202
jazz,KFC_v2,static,0.8683442742523706,0.20202020202020202
jazz,KFC_v2,static,0.8687089715536105,0.20202020202020202
jazz,KFC_v2,static,0.8690736688548505,0.20202020202020202
jazz,KFC_v2,static,0.8694383661560905,0.20202020202020202
jazz,KFC_v2,static,0.8698030634573304,0.20202020202020202
jazz,KFC_v2,static,0.8701677607585704,0.20202020202020202
jazz,KFC_v2,static,0.8705324580598104,0.20202020202020202
jazz,KFC_v2,static,0.8708971553610504,0.20202020202020202
jazz,KFC_v2,static,0.8712618526622903,0.20202020202020202
jazz,KFC_v2,static,0.8716265499635303,0.20202020202020202
jazz,KFC_v2,static,0.8719912472647703,0.20202020202020202
jazz,KFC_v2,static,0.8723559445660102,0.20202020202020202
jazz,KFC_v2,static,0.8727206418672502,0.20202020202020202
jazz,KFC_v2,static,0.8730853391684902,0.20202020202020202
jazz,KFC_v2,static,0.8734500364697302,0.20202020202020202
jazz,KFC_v2,static,0.8738147337709701,0.20202020202020202
jazz,KFC_v2,static,0.8741794310722101,0.19696969696969696
jazz,KFC_v2,static,0.8745441283734501,0.19696969696969696
jazz,KFC_v2,static,0.87490882567469,0.19696969696969696
jazz,KFC_v2,static,0.87527352297593,0.18686868686868688
jazz,KFC_v2,static,0.87563822027717,0.18686868686868688
jazz,KFC_v2,static,0.87600291757841,0.18686868686868688
jazz,KFC_v2,static,0.8763676148796499,0.18686868686868688
jazz,KFC_v2,static,0.8767323121808899,0.18181818181818182
jazz,KFC_v2,static,0.8770970094821299,0.18181818181818182
jazz,KFC_v2,static,0.8774617067833698,0.18181818181818182
jazz,KFC_v2,static,0.8778264040846098,0.18181818181818182
jazz,KFC_v2,static,0.8781911013858498,0.18181818181818182
jazz,KFC_v2,static,0.8785557986870898,0.18181818181818182
jazz,KFC_v2,static,0.8789204959883297,0.18181818181818182
jazz,KFC_v2,static,0.8792851932895697,0.18181818181818182
jazz,KFC_v2,static,0.8796498905908097,0.18181818181818182
jazz,KFC_v2,static,0.8800145878920496,0.18181818181818182
jazz,KFC_v2,static,0.8803792851932896,0.18181818181818182
jazz,KFC_v2,static,0.8807439824945296,0.18181818181818182
jazz,KFC_v2,static,0.8811086797957696,0.18181818181818182
jazz,KFC_v2,static,0.8814733770970095,0.18181818181818182
jazz,KFC_v2,static,0.8818380743982495,0.18181818181818182
jazz,KFC_v2,static,0.8822027716994895,0.18181818181818182
jazz,KFC_v2,static,0.8825674690007294,0.18181818181818182
jazz,KFC_v2,static,0.8829321663019694,0.18181818181818182
jazz,KFC_v2,static,0.8832968636032094,0.18181818181818182
jazz,KFC_v2,static,0.8836615609044494,0.18181818181818182
jazz,KFC_v2,static,0.8840262582056893,0.18181818181818182
jazz,KFC_v2,static,0.8843909555069293,0.18181818181818182
jazz,KFC_v2,static,0.8847556528081693,0.18181818181818182
jazz,KFC_v2,static,0.8851203501094091,0.18181818181818182
jazz,KFC_v2,static,0.8854850474106492,0.18181818181818182
jazz,KFC_v2,static,0.8858497447118892,0.18181818181818182
jazz,KFC_v2,static,0.8862144420131292,0.18181818181818182
jazz,KFC_v2,static,0.886579139314369,0.18181818181818182
jazz,KFC_v2,static,0.886943836615609,0.18181818181818182
jazz,KFC_v2,static,0.887308533916849,0.18181818181818182
jazz,KFC_v2,static,0.8876732312180889,0.17676767676767677
jazz,KFC_v2,static,0.888037928519329,0.17676767676767677
jazz,KFC_v2,static,0.888402625820569,0.17676767676767677
jazz,KFC_v2,static,0.888767323121809,0.17676767676767677
jazz,KFC_v2,static,0.8891320204230488,0.17676767676767677
jazz,KFC_v2,static,0.8894967177242888,0.17676767676767677
jazz,KFC_v2,static,0.8898614150255288,0.17676767676767677
jazz,KFC_v2,static,0.8902261123267688,0.17676767676767677
jazz,KFC_v2,static,0.8905908096280087,0.17676767676767677
jazz,KFC_v2,static,0.8909555069292487,0.1717171717171717
jazz,KFC_v2,static,0.8913202042304887,0.1717171717171717
jazz,KFC_v2,static,0.8916849015317286,0.16666666666666666
jazz,KFC_v2,static,0.8920495988329686,0.16666666666666666
jazz,KFC_v2,static,0.8924142961342086,0.16666666666666666
jazz,KFC_v2,static,0.8927789934354486,0.16666666666666666
jazz,KFC_v2,static,0.8931436907366885,0.16666666666666666
jazz,KFC_v2,static,0.8935083880379285,0.16666666666666666
jazz,KFC_v2,static,0.8938730853391685,0.16666666666666666
jazz,KFC_v2,static,0.8942377826404084,0.16666666666666666
jazz,KFC_v2,static,0.8946024799416484,0.16666666666666666
jazz,KFC_v2,static,0.8949671772428884,0.16666666666666666
jazz,KFC_v2,static,0.8953318745441284,0.16666666666666666
jazz,KFC_v2,static,0.8956965718453683,0.16666666666666666
jazz,KFC_v2,static,0.8960612691466083,0.16161616161616163
jazz,KFC_v2,static,0.8964259664478483,0.16161616161616163
jazz,KFC_v2,static,0.8967906637490882,0.16161616161616163
jazz,KFC_v2,static,0.8971553610503282,0.16161616161616163
jazz,KFC_v2,static,0.8975200583515682,0.16161616161616163
jazz,KFC_v2,static,0.8978847556528082,0.16161616161616163
jazz,KFC_v2,static,0.8982494529540481,0.16161616161616163
jazz,KFC_v2,static,0.8986141502552881,0.16161616161616163
jazz,KFC_v2,static,0.8989788475565281,0.16161616161616163
jazz,KFC_v2,static,0.899343544857768,0.16161616161616163
jazz,KFC_v2,static,0.899708242159008,0.16161616161616163
jazz,KFC_v2,static,0.900072939460248,0.16161616161616163
jazz,KFC_v2,static,0.900437636761488,0.16161616161616163
jazz,KFC_v2,static,0.9008023340627279,0.16161616161616163
jazz,KFC_v2,static,0.9011670313639679,0.16161616161616163
jazz,KFC_v2,static,0.9015317286652079,0.16161616161616163
jazz,KFC_v2,static,0.9018964259664478,0.16161616161616163
jazz,KFC_v2,static,0.9022611232676878,0.16161616161616163
jazz,KFC_v2,static,0.9026258205689278,0.16161616161616163
jazz,KFC_v2,static,0.9029905178701678,0.16161616161616163
jazz,KFC_v2,static,0.9033552151714077,0.16161616161616163
jazz,KFC_v2,static,0.9037199124726477,0.16161616161616163
jazz,KFC_v2,static,0.9040846097738877,0.16161616161616163
jazz,KFC_v2,static,0.9044493070751276,0.16161616161616163
jazz,KFC_v2,static,0.9048140043763676,0.16161616161616163
jazz,KFC_v2,static,0.9051787016776076,0.16161616161616163
jazz,KFC_v2,static,0.9055433989788476,0.16161616161616163
jazz,KFC_v2,static,0.9059080962800875,0.16161616161616163
jazz,KFC_v2,static,0.9062727935813275,0.16161616161616163
jazz,KFC_v2,static,0.9066374908825675,0.16161616161616163
jazz,KFC_v2,static,0.9070021881838074,0.16161616161616163
jazz,KFC_v2,static,0.9073668854850474,0.16161616161616163
jazz,KFC_v2,static,0.9077315827862874,0.16161616161616163
jazz,KFC_v2,static,0.9080962800875274,0.16161616161616163
jazz,KFC_v2,static,0.9084609773887673,0.16161616161616163
jazz,KFC_v2,static,0.9088256746900073,0.16161616161616163
jazz,KFC_v2,static,0.9091903719912473,0.16161616161616163
jazz,KFC_v2,static,0.9095550692924872,0.16161616161616163
jazz,KFC_v2,static,0.9099197665937272,0.16161616161616163
jazz,KFC_v2,static,0.9102844638949672,0.15656565656565657
jazz,KFC_v2,static,0.9106491611962072,0.15656565656565657
jazz,KFC_v2,static,0.9110138584974471,0.15656565656565657
jazz,KFC_v2,static,0.9113785557986871,0.15656565656565657
jazz,KFC_v2,static,0.9117432530999271,0.15656565656565657
jazz,KFC_v2,static,0.912107950401167,0.15656565656565657
jazz,KFC_v2,static,0.912472647702407,0.15656565656565657
jazz,KFC_v2,static,0.912837345003647,0.15656565656565657
jazz,KFC_v2,static,0.913202042304887,0.15656565656565657
jazz,KFC_v2,static,0.9135667396061269,0.15656565656565657
jazz,KFC_v2,static,0.9139314369073669,0.15656565656565657
jazz,KFC_v2,static,0.9142961342086069,0.15656565656565657
jazz,KFC_v2,static,0.9146608315098469,0.15656565656565657
jazz,KFC_v2,static,0.9150255288110868,0.15656565656565657
jazz,KFC_v2,static,0.9153902261123268,0.15656565656565657
jazz,KFC_v2,static,0.9157549234135668,0.15656565656565657
jazz,KFC_v2,static,0.9161196207148067,0.15656565656565657
jazz,KFC_v2,static,0.9164843180160467,0.15656565656565657
jazz,KFC_v2,static,0.9168490153172867,0.15151515151515152
jazz,KFC_v2,static,0.9172137126185267,0.15151515151515152
jazz,KFC_v2,static,0.9175784099197666,0.15151515151515152
jazz,KFC_v2,static,0.9179431072210066,0.15151515151515152
jazz,KFC_v2,static,0.9183078045222466,0.15151515151515152
jazz,KFC_v2,static,0.9186725018234865,0.15151515151515152
jazz,KFC_v2,static,0.9190371991247265,0.15151515151515152
jazz,KFC_v2,static,0.9194018964259665,0.15151515151515152
jazz,KFC_v2,static,0.9197665937272065,0.15151515151515152
jazz,KFC_v2,static,0.9201312910284464,0.15151515151515152
jazz,KFC_v2,static,0.9204959883296864,0.15151515151515152
jazz,KFC_v2,static,0.9208606856309264,0.15151515151515152
jazz,KFC_v2,static,0.9212253829321663,0.15151515151515152
jazz,KFC_v2,static,0.9215900802334063,0.15151515151515152
jazz,KFC_v2,static,0.9219547775346463,0.15151515151515152
jazz,KFC_v2,static,0.9223194748358863,0.15151515151515152
jazz,KFC_v2,static,0.9226841721371262,0.15151515151515152
jazz,KFC_v2,static,0.9230488694383662,0.1414141414141414
jazz,KFC_v2,static,0.9234135667396062,0.1414141414141414
jazz,KFC_v2,static,0.9237782640408461,0.1414141414141414
jazz,KFC_v2,static,0.9241429613420861,0.1414141414141414
jazz,KFC_v2,static,0.9245076586433261,0.1414141414141414
jazz,KFC_v2,static,0.9248723559445661,0.1414141414141414
jazz,KFC_v2,static,0.925237053245806,0.1414141414141414
jazz,KFC_v2,static,0.925601750547046,0.13636363636363635
jazz,KFC_v2,static,0.925966447848286,0.13636363636363635
jazz,KFC_v2,static,0.9263311451495259,0.13636363636363635
jazz,KFC_v2,static,0.9266958424507659,0.13636363636363635
jazz,KFC_v2,static,0.9270605397520059,0.13636363636363635
jazz,KFC_v2,static,0.9274252370532459,0.13636363636363635
jazz,KFC_v2,static,0.9277899343544858,0.13636363636363635
jazz,KFC_v2,static,0.9281546316557258,0.13636363636363635
jazz,KFC_v2,static,0.9285193289569658,0.13636363636363635
jazz,KFC_v2,static,0.9288840262582057,0.13636363636363635
jazz,KFC_v2,static,0.9292487235594457,0.13636363636363635
jazz,KFC_v2,static,0.9296134208606857,0.13636363636363635
jazz,KFC_v2,static,0.9299781181619257,0.13636363636363635
jazz,KFC_v2,static,0.9303428154631656,0.13636363636363635
jazz,KFC_v2,static,0.9307075127644056,0.13636363636363635
jazz,KFC_v2,static,0.9310722100656456,0.13636363636363635
jazz,KFC_v2,static,0.9314369073668854,0.13636363636363635
jazz,KFC_v2,static,0.9318016046681254,0.13636363636363635
jazz,KFC_v2,static,0.9321663019693655,0.13636363636363635
jazz,KFC_v2,static,0.9325309992706055,0.13636363636363635
jazz,KFC_v2,static,0.9328956965718453,0.13131313131313133
jazz,KFC_v2,static,0.9332603938730853,0.12626262626262627
jazz,KFC_v2,static,0.9336250911743253,0.12626262626262627
jazz,KFC_v2,static,0.9339897884755652,0.12626262626262627
jazz,KFC_v2,static,0.9343544857768052,0.12626262626262627
jazz,KFC_v2,static,0.9347191830780452,0.12626262626262627
jazz,KFC_v2,static,0.9350838803792852,0.12626262626262627
jazz,KFC_v2,static,0.9354485776805251,0.12626262626262627
jazz,KFC_v2,static,0.9358132749817651,0.12626262626262627
jazz,KFC_v2,static,0.9361779722830051,0.12626262626262627
jazz,KFC_v2,static,0.936542669584245,0.12626262626262627
jazz,KFC_v2,static,0.936907366885485,0.12626262626262627
jazz,KFC_v2,static,0.937272064186725,0.12626262626262627
jazz,KFC_v2,static,0.937636761487965,0.12626262626262627
jazz,KFC_v2,static,0.9380014587892049,0.12626262626262627
jazz,KFC_v2,static,0.9383661560904449,0.12626262626262627
jazz,KFC_v2,static,0.9387308533916849,0.12626262626262627
jazz,KFC_v2,static,0.9390955506929248,0.12626262626262627
jazz,KFC_v2,static,0.9394602479941648,0.12121212121212122
jazz,KFC_v2,static,0.9398249452954048,0.12121212121212122
jazz,KFC_v2,static,0.9401896425966448,0.12121212121212122
jazz,KFC_v2,static,0.9405543398978847,0.12121212121212122
jazz,KFC_v2,static,0.9409190371991247,0.12121212121212122
jazz,KFC_v2,static,0.9412837345003647,0.12121212121212122
jazz,KFC_v2,static,0.9416484318016047,0.12121212121212122
jazz,KFC_v2,static,0.9420131291028446,0.12121212121212122
jazz,KFC_v2,static,0.9423778264040846,0.12121212121212122
jazz,KFC_v2,static,0.9427425237053246,0.12121212121212122
jazz,KFC_v2,static,0.9431072210065645,0.12121212121212122
jazz,KFC_v2,static,0.9434719183078045,0.12121212121212122
jazz,KFC_v2,static,0.9438366156090445,0.11616161616161616
jazz,KFC_v2,static,0.9442013129102845,0.11616161616161616
jazz,KFC_v2,static,0.9445660102115244,0.11616161616161616
jazz,KFC_v2,static,0.9449307075127644,0.11616161616161616
jazz,KFC_v2,static,0.9452954048140044,0.11616161616161616
jazz,KFC_v2,static,0.9456601021152443,0.11616161616161616
jazz,KFC_v2,static,0.9460247994164843,0.11616161616161616
jazz,KFC_v2,static,0.9463894967177243,0.11616161616161616
jazz,KFC_v2,static,0.9467541940189643,0.11616161616161616
jazz,KFC_v2,static,0.9471188913202042,0.11616161616161616
jazz,KFC_v2,static,0.9474835886214442,0.11616161616161616
jazz,KFC_v2,static,0.9478482859226842,0.1111111111111111
jazz,KFC_v2,static,0.9482129832239241,0.1111111111111111
jazz,KFC_v2,static,0.9485776805251641,0.1111111111111111
jazz,KFC_v2,static,0.9489423778264041,0.1111111111111111
jazz,KFC_v2,static,0.9493070751276441,0.1111111111111111
jazz,KFC_v2,static,0.949671772428884,0.1111111111111111
jazz,KFC_v2,static,0.950036469730124,0.1111111111111111
jazz,KFC_v2,static,0.950401167031364,0.1111111111111111
jazz,KFC_v2,static,0.9507658643326039,0.1111111111111111
jazz,KFC_v2,static,0.9511305616338439,0.1111111111111111
jazz,KFC_v2,static,0.9514952589350839,0.1111111111111111
jazz,KFC_v2,static,0.9518599562363239,0.1111111111111111
jazz,KFC_v2,static,0.9522246535375638,0.1111111111111111
jazz,KFC_v2,static,0.9525893508388038,0.1111111111111111
jazz,KFC_v2,static,0.9529540481400438,0.1111111111111111
jazz,KFC_v2,static,0.9533187454412837,0.1111111111111111
jazz,KFC_v2,static,0.9536834427425237,0.1111111111111111
jazz,KFC_v2,static,0.9540481400437637,0.10606060606060606
jazz,KFC_v2,static,0.9544128373450037,0.10606060606060606
jazz,KFC_v2,static,0.9547775346462436,0.10606060606060606
jazz,KFC_v2,static,0.9551422319474836,0.10101010101010101
jazz,KFC_v2,static,0.9555069292487236,0.10101010101010101
jazz,KFC_v2,static,0.9558716265499635,0.10101010101010101
jazz,KFC_v2,static,0.9562363238512035,0.10101010101010101
jazz,KFC_v2,static,0.9566010211524435,0.10101010101010101
jazz,KFC_v2,static,0.9569657184536835,0.10101010101010101
jazz,KFC_v2,static,0.9573304157549234,0.10101010101010101
jazz,KFC_v2,static,0.9576951130561634,0.10101010101010101
jazz,KFC_v2,static,0.9580598103574034,0.10101010101010101
jazz,KFC_v2,static,0.9584245076586433,0.10101010101010101
jazz,KFC_v2,static,0.9587892049598833,0.10101010101010101
jazz,KFC_v2,static,0.9591539022611233,0.10101010101010101
jazz,KFC_v2,static,0.9595185995623633,0.10101010101010101
jazz,KFC_v2,static,0.9598832968636032,0.10101010101010101
jazz,KFC_v2,static,0.9602479941648432,0.10101010101010101
jazz,KFC_v2,static,0.9606126914660832,0.10101010101010101
jazz,KFC_v2,static,0.9609773887673231,0.09595959595959595
jazz,KFC_v2,static,0.9613420860685631,0.09595959595959595
jazz,KFC_v2,static,0.9617067833698031,0.09595959595959595
jazz,KFC_v2,static,0.9620714806710431,0.09595959595959595
jazz,KFC_v2,static,0.962436177972283,0.09595959595959595
jazz,KFC_v2,static,0.962800875273523,0.09595959595959595
jazz,KFC_v2,static,0.963165572574763,0.09595959595959595
jazz,KFC_v2,static,0.9635302698760029,0.09595959595959595
jazz,KFC_v2,static,0.9638949671772429,0.09595959595959595
jazz,KFC_v2,static,0.9642596644784829,0.09090909090909091
jazz,KFC_v2,static,0.9646243617797229,0.09090909090909091
jazz,KFC_v2,static,0.9649890590809628,0.09090909090909091
jazz,KFC_v2,static,0.9653537563822028,0.09090909090909091
jazz,KFC_v2,static,0.9657184536834428,0.09090909090909091
jazz,KFC_v2,static,0.9660831509846828,0.09090909090909091
jazz,KFC_v2,static,0.9664478482859227,0.08585858585858586
jazz,KFC_v2,static,0.9668125455871627,0.08585858585858586
jazz,KFC_v2,static,0.9671772428884027,0.08585858585858586
jazz,KFC_v2,static,0.9675419401896426,0.08585858585858586
jazz,KFC_v2,static,0.9679066374908826,0.08585858585858586
jazz,KFC_v2,static,0.9682713347921226,0.08080808080808081
jazz,KFC_v2,static,0.9686360320933626,0.07575757575757576
jazz,KFC_v2,static,0.9690007293946025,0.07575757575757576
jazz,KFC_v2,static,0.9693654266958425,0.07575757575757576
jazz,KFC_v2,static,0.9697301239970825,0.07575757575757576
jazz,KFC_v2,static,0.9700948212983224,0.07575757575757576
jazz,KFC_v2,static,0.9704595185995624,0.07575757575757576
jazz,KFC_v2,static,0.9708242159008024,0.07575757575757576
jazz,KFC_v2,static,0.9711889132020424,0.07575757575757576
jazz,KFC_v2,static,0.9715536105032823,0.07575757575757576
jazz,KFC_v2,static,0.9719183078045223,0.07575757575757576
jazz,KFC_v2,static,0.9722830051057623,0.07575757575757576
jazz,KFC_v2,static,0.9726477024070022,0.07575757575757576
jazz,KFC_v2,static,0.9730123997082422,0.07575757575757576
jazz,KFC_v2,static,0.9733770970094822,0.07575757575757576
jazz,KFC_v2,static,0.9737417943107222,0.07575757575757576
jazz,KFC_v2,static,0.974106491611962,0.07575757575757576
jazz,KFC_v2,static,0.9744711889132021,0.0707070707070707
jazz,KFC_v2,static,0.9748358862144421,0.0707070707070707
jazz,KFC_v2,static,0.975200583515682,0.0707070707070707
jazz,KFC_v2,static,0.975565280816922,0.0707070707070707
jazz,KFC_v2,static,0.975929978118162,0.0707070707070707
jazz,KFC_v2,static,0.976294675419402,0.0707070707070707
jazz,KFC_v2,static,0.9766593727206418,0.0707070707070707
jazz,KFC_v2,static,0.9770240700218819,0.0707070707070707
jazz,KFC_v2,static,0.9773887673231219,0.0707070707070707
jazz,KFC_v2,static,0.9777534646243617,0.0707070707070707
jazz,KFC_v2,static,0.9781181619256017,0.0707070707070707
jazz,KFC_v2,static,0.9784828592268418,0.0707070707070707
jazz,KFC_v2,static,0.9788475565280818,0.0707070707070707
jazz,KFC_v2,static,0.9792122538293216,0.06060606060606061
jazz,KFC_v2,static,0.9795769511305616,0.06060606060606061
jazz,KFC_v2,static,0.9799416484318016,0.06060606060606061
jazz,KFC_v2,static,0.9803063457330415,0.05555555555555555
jazz,KFC_v2,static,0.9806710430342815,0.05555555555555555
jazz,KFC_v2,static,0.9810357403355215,0.05555555555555555
jazz,KFC_v2,static,0.9814004376367615,0.05555555555555555
jazz,KFC_v2,static,0.9817651349380014,0.05555555555555555
jazz,KFC_v2,static,0.9821298322392414,0.05555555555555555
jazz,KFC_v2,static,0.9824945295404814,0.05555555555555555
jazz,KFC_v2,static,0.9828592268417213,0.05555555555555555
jazz,KFC_v2,static,0.9832239241429613,0.05555555555555555
jazz,KFC_v2,static,0.9835886214442013,0.05555555555555555
jazz,KFC_v2,static,0.9839533187454413,0.05555555555555555
jazz,KFC_v2,static,0.9843180160466812,0.05555555555555555
jazz,KFC_v2,static,0.9846827133479212,0.05555555555555555
jazz,KFC_v2,static,0.9850474106491612,0.05555555555555555
jazz,KFC_v2,static,0.9854121079504011,0.03535353535353535
jazz,KFC_v2,static,0.9857768052516411,0.03535353535353535
jazz,KFC_v2,static,0.9861415025528811,0.03535353535353535
jazz,KFC_v2,static,0.9865061998541211,0.03535353535353535
jazz,KFC_v2,static,0.986870897155361,0.03535353535353535
jazz,KFC_v2,static,0.987235594456601,0.03535353535353535
jazz,KFC_v2,static,0.987600291757841,0.03535353535353535
jazz,KFC_v2,static,0.9879649890590809,0.03535353535353535
jazz,KFC_v2,static,0.9883296863603209,0.03535353535353535
jazz,KFC_v2,static,0.9886943836615609,0.03535353535353535
jazz,KFC_v2,static,0.9890590809628009,0.030303030303030304
jazz,KFC_v2,static,0.9894237782640408,0.030303030303030304
jazz,KFC_v2,static,0.9897884755652808,0.030303030303030304
jazz,KFC_v2,static,0.9901531728665208,0.030303030303030304
jazz,KFC_v2,static,0.9905178701677607,0.030303030303030304
jazz,KFC_v2,static,0.9908825674690007,0.025252525252525252
jazz,KFC_v2,static,0.9912472647702407,0.025252525252525252
jazz,KFC_v2,static,0.9916119620714807,0.025252525252525252
jazz,KFC_v2,static,0.9919766593727206,0.025252525252525252
jazz,KFC_v2,static,0.9923413566739606,0.025252525252525252
jazz,KFC_v2,static,0.9927060539752006,0.025252525252525252
jazz,KFC_v2,static,0.9930707512764406,0.025252525252525252
jazz,KFC_v2,static,0.9934354485776805,0.025252525252525252
jazz,KFC_v2,static,0.9938001458789205,0.025252525252525252
jazz,KFC_v2,static,0.9941648431801605,0.015151515151515152
jazz,KFC_v2,static,0.9945295404814004,0.015151515151515152
jazz,KFC_v2,static,0.9948942377826404,0.015151515151515152
jazz,KFC_v2,static,0.9952589350838804,0.015151515151515152
jazz,KFC_v2,static,0.9956236323851204,0.015151515151515152
jazz,KFC_v2,static,0.9959883296863603,0.015151515151515152
jazz,KFC_v2,static,0.9963530269876003,0.015151515151515152
jazz,KFC_v2,static,0.9967177242888403,0.015151515151515152
jazz,KFC_v2,static,0.9970824215900802,0.015151515151515152
jazz,KFC_v2,static,0.9974471188913202,0.015151515151515152
jazz,KFC_v2,static,0.9978118161925602,0.015151515151515152
jazz,KFC_v2,static,0.9981765134938002,0.015151515151515152
jazz,KFC_v2,static,0.9985412107950401,0.010101010101010102
jazz,KFC_v2,static,0.9989059080962801,0.010101010101010102
jazz,KFC_v2,static,0.9992706053975201,0.010101010101010102
jazz,KFC_v2,static,0.99963530269876,0.010101010101010102
jazz,KFC_v2,static,1.0,0.005050505050505051
jazz,KFC_v2,iterative,0.0,1.0
jazz,KFC_v2,iterative,0.00036469730123997083,1.0
jazz,KFC_v2,iterative,0.0007293946024799417,1.0
jazz,KFC_v2,iterative,0.0010940919037199124,1.0
jazz,KFC_v2,iterative,0.0014587892049598833,1.0
jazz,KFC_v2,iterative,0.0018234865061998542,1.0
jazz,KFC_v2,iterative,0.002188183807439825,1.0
jazz,KFC_v2,iterative,0.002552881108679796,1.0
jazz,KFC_v2,iterative,0.0029175784099197666,1.0
jazz,KFC_v2,iterative,0.0032822757111597373,1.0
jazz,KFC_v2,iterative,0.0036469730123997084,1.0
jazz,KFC_v2,iterative,0.0040116703136396795,1.0
jazz,KFC_v2,iterative,0.00437636761487965,1.0
jazz,KFC_v2,iterative,0.004741064916119621,1.0
jazz,KFC_v2,iterative,0.005105762217359592,1.0
jazz,KFC_v2,iterative,0.005470459518599562,1.0
jazz,KFC_v2,iterative,0.005835156819839533,1.0
jazz,KFC_v2,iterative,0.006199854121079504,1.0
jazz,KFC_v2,iterative,0.006564551422319475,1.0
jazz,KFC_v2,iterative,0.006929248723559446,1.0
jazz,KFC_v2,iterative,0.007293946024799417,1.0
jazz,KFC_v2,iterative,0.007658643326039387,1.0
jazz,KFC_v2,iterative,0.008023340627279359,1.0
jazz,KFC_v2,iterative,0.008388037928519328,1.0
jazz,KFC_v2,iterative,0.0087527352297593,1.0
jazz,KFC_v2,iterative,0.00911743253099927,1.0
jazz,KFC_v2,iterative,0.009482129832239242,1.0
jazz,KFC_v2,iterative,0.009846827133479213,1.0
jazz,KFC_v2,iterative,0.010211524434719184,1.0
jazz,KFC_v2,iterative,0.010576221735959153,1.0
jazz,KFC_v2,iterative,0.010940919037199124,1.0
jazz,KFC_v2,iterative,0.011305616338439095,1.0
jazz,KFC_v2,iterative,0.011670313639679067,1.0
jazz,KFC_v2,iterative,0.012035010940919038,1.0
jazz,KFC_v2,iterative,0.012399708242159009,1.0
jazz,KFC_v2,iterative,0.01276440554339898,1.0
jazz,KFC_v2,iterative,0.01312910284463895,1.0
jazz,KFC_v2,iterative,0.01349380014587892,1.0
jazz,KFC_v2,iterative,0.013858497447118891,1.0
jazz,KFC_v2,iterative,0.014223194748358862,1.0
jazz,KFC_v2,iterative,0.014587892049598834,1.0
jazz,KFC_v2,iterative,0.014952589350838805,1.0
jazz,KFC_v2,iterative,0.015317286652078774,1.0
jazz,KFC_v2,iterative,0.015681983953318747,1.0
jazz,KFC_v2,iterative,0.016046681254558718,1.0
jazz,KFC_v2,iterative,0.016411378555798686,1.0
jazz,KFC_v2,iterative,0.016776075857038657,1.0
jazz,KFC_v2,iterative,0.017140773158278628,1.0
jazz,KFC_v2,iterative,0.0175054704595186,1.0
jazz,KFC_v2,iterative,0.01787016776075857,1.0
jazz,KFC_v2,iterative,0.01823486506199854,1.0
jazz,KFC_v2,iterative,0.018599562363238512,1.0
jazz,KFC_v2,iterative,0.018964259664478483,1.0
jazz,KFC_v2,iterative,0.019328956965718454,1.0
jazz,KFC_v2,iterative,0.019693654266958426,1.0
jazz,KFC_v2,iterative,0.020058351568198397,1.0
jazz,KFC_v2,iterative,0.020423048869438368,1.0
jazz,KFC_v2,iterative,0.02078774617067834,1.0
jazz,KFC_v2,iterative,0.021152443471918306,1.0
jazz,KFC_v2,iterative,0.021517140773158278,1.0
jazz,KFC_v2,iterative,0.02188183807439825,1.0
jazz,KFC_v2,iterative,0.02224653537563822,1.0
jazz,KFC_v2,iterative,0.02261123267687819,1.0
jazz,KFC_v2,iterative,0.022975929978118162,1.0
jazz,KFC_v2,iterative,0.023340627279358133,1.0
jazz,KFC_v2,iterative,0.023705324580598104,1.0
jazz,KFC_v2,iterative,0.024070021881838075,1.0
jazz,KFC_v2,iterative,0.024434719183078046,1.0
jazz,KFC_v2,iterative,0.024799416484318017,1.0
jazz,KFC_v2,iterative,0.02516411378555799,1.0
jazz,KFC_v2,iterative,0.02552881108679796,1.0
jazz,KFC_v2,iterative,0.025893508388037927,1.0
jazz,KFC_v2,iterative,0.0262582056892779,1.0
jazz,KFC_v2,iterative,0.02662290299051787,1.0
jazz,KFC_v2,iterative,0.02698760029175784,1.0
jazz,KFC_v2,iterative,0.02735229759299781,1.0
jazz,KFC_v2,iterative,0.027716994894237783,1.0
jazz,KFC_v2,iterative,0.028081692195477754,1.0
jazz,KFC_v2,iterative,0.028446389496717725,1.0
jazz,KFC_v2,iterative,0.028811086797957696,1.0
jazz,KFC_v2,iterative,0.029175784099197667,1.0
jazz,KFC_v2,iterative,0.02954048140043764,1.0
jazz,KFC_v2,iterative,0.02990517870167761,1.0
jazz,KFC_v2,iterative,0.03026987600291758,1.0
jazz,KFC_v2,iterative,0.030634573304157548,1.0
jazz,KFC_v2,iterative,0.03099927060539752,1.0
jazz,KFC_v2,iterative,0.031363967906637494,1.0
jazz,KFC_v2,iterative,0.03172866520787746,1.0
jazz,KFC_v2,iterative,0.032093362509117436,1.0
jazz,KFC_v2,iterative,0.032458059810357404,1.0
jazz,KFC_v2,iterative,0.03282275711159737,1.0
jazz,KFC_v2,iterative,0.033187454412837346,1.0
jazz,KFC_v2,iterative,0.03355215171407731,1.0
jazz,KFC_v2,iterative,0.03391684901531729,1.0
jazz,KFC_v2,iterative,0.034281546316557256,1.0
jazz,KFC_v2,iterative,0.03464624361779723,1.0
jazz,KFC_v2,iterative,0.0350109409190372,1.0
jazz,KFC_v2,iterative,0.03537563822027717,1.0
jazz,KFC_v2,iterative,0.03574033552151714,1.0
jazz,KFC_v2,iterative,0.036105032822757115,1.0
jazz,KFC_v2,iterative,0.03646973012399708,1.0
jazz,KFC_v2,iterative,0.03683442742523706,1.0
jazz,KFC_v2,iterative,0.037199124726477024,1.0
jazz,KFC_v2,iterative,0.03756382202771699,1.0
jazz,KFC_v2,iterative,0.03792851932895697,1.0
jazz,KFC_v2,iterative,0.038293216630196934,1.0
jazz,KFC_v2,iterative,0.03865791393143691,1.0
jazz,KFC_v2,iterative,0.039022611232676876,1.0
jazz,KFC_v2,iterative,0.03938730853391685,1.0
jazz,KFC_v2,iterative,0.03975200583515682,1.0
jazz,KFC_v2,iterative,0.04011670313639679,1.0
jazz,KFC_v2,iterative,0.04048140043763676,1.0
jazz,KFC_v2,iterative,0.040846097738876735,1.0
jazz,KFC_v2,iterative,0.0412107950401167,1.0
jazz,KFC_v2,iterative,0.04157549234135668,1.0
jazz,KFC_v2,iterative,0.041940189642596645,1.0
jazz,KFC_v2,iterative,0.04230488694383661,1.0
jazz,KFC_v2,iterative,0.04266958424507659,1.0
jazz,KFC_v2,iterative,0.043034281546316555,1.0
jazz,KFC_v2,iterative,0.04339897884755653,1.0
jazz,KFC_v2,iterative,0.0437636761487965,1.0
jazz,KFC_v2,iterative,0.04412837345003647,1.0
jazz,KFC_v2,iterative,0.04449307075127644,1.0
jazz,KFC_v2,iterative,0.044857768052516414,1.0
jazz,KFC_v2,iterative,0.04522246535375638,1.0
jazz,KFC_v2,iterative,0.045587162654996356,1.0
jazz,KFC_v2,iterative,0.045951859956236324,1.0
jazz,KFC_v2,iterative,0.0463165572574763,1.0
jazz,KFC_v2,iterative,0.046681254558716266,1.0
jazz,KFC_v2,iterative,0.047045951859956234,1.0
jazz,KFC_v2,iterative,0.04741064916119621,1.0
jazz,KFC_v2,iterative,0.047775346462436176,1.0
jazz,KFC_v2,iterative,0.04814004376367615,1.0
jazz,KFC_v2,iterative,0.04850474106491612,1.0
jazz,KFC_v2,iterative,0.04886943836615609,1.0
jazz,KFC_v2,iterative,0.04923413566739606,1.0
jazz,KFC_v2,iterative,0.049598832968636035,1.0
jazz,KFC_v2,iterative,0.049963530269876,1.0
jazz,KFC_v2,iterative,0.05032822757111598,1.0
jazz,KFC_v2,iterative,0.050692924872355945,1.0
jazz,KFC_v2,iterative,0.05105762217359592,1.0
jazz,KFC_v2,iterative,0.05142231947483589,1.0
jazz,KFC_v2,iterative,0.051787016776075855,1.0
jazz,KFC_v2,iterative,0.05215171407731583,1.0
jazz,KFC_v2,iterative,0.0525164113785558,1.0
jazz,KFC_v2,iterative,0.05288110867979577,1.0
jazz,KFC_v2,iterative,0.05324580598103574,1.0
jazz,KFC_v2,iterative,0.053610503282275714,1.0
jazz,KFC_v2,iterative,0.05397520058351568,1.0
jazz,KFC_v2,iterative,0.054339897884755656,1.0
jazz,KFC_v2,iterative,0.05470459518599562,1.0
jazz,KFC_v2,iterative,0.0550692924872356,1.0
jazz,KFC_v2,iterative,0.055433989788475566,1.0
jazz,KFC_v2,iterative,0.05579868708971554,1.0
jazz,KFC_v2,iterative,0.05616338439095551,1.0
jazz,KFC_v2,iterative,0.056528081692195475,1.0
jazz,KFC_v2,iterative,0.05689277899343545,1.0
jazz,KFC_v2,iterative,0.05725747629467542,1.0
jazz,KFC_v2,iterative,0.05762217359591539,1.0
jazz,KFC_v2,iterative,0.05798687089715536,1.0
jazz,KFC_v2,iterative,0.058351568198395334,1.0
jazz,KFC_v2,iterative,0.0587162654996353,1.0
jazz,KFC_v2,iterative,0.05908096280087528,1.0
jazz,KFC_v2,iterative,0.059445660102115244,1.0
jazz,KFC_v2,iterative,0.05981035740335522,1.0
jazz,KFC_v2,iterative,0.060175054704595186,1.0
jazz,KFC_v2,iterative,0.06053975200583516,1.0
jazz,KFC_v2,iterative,0.06090444930707513,1.0
jazz,KFC_v2,iterative,0.061269146608315096,1.0
jazz,KFC_v2,iterative,0.06163384390955507,1.0
jazz,KFC_v2,iterative,0.06199854121079504,1.0
jazz,KFC_v2,iterative,0.06236323851203501,1.0
jazz,KFC_v2,iterative,0.06272793581327499,1.0
jazz,KFC_v2,iterative,0.06309263311451495,1.0
jazz,KFC_v2,iterative,0.06345733041575492,1.0
jazz,KFC_v2,iterative,0.0638220277169949,1.0
jazz,KFC_v2,iterative,0.06418672501823487,1.0
jazz,KFC_v2,iterative,0.06455142231947483,1.0
jazz,KFC_v2,iterative,0.06491611962071481,1.0
jazz,KFC_v2,iterative,0.06528081692195478,1.0
jazz,KFC_v2,iterative,0.06564551422319474,1.0
jazz,KFC_v2,iterative,0.06601021152443472,1.0
jazz,KFC_v2,iterative,0.06637490882567469,1.0
jazz,KFC_v2,iterative,0.06673960612691467,1.0
jazz,KFC_v2,iterative,0.06710430342815463,1.0
jazz,KFC_v2,iterative,0.0674690007293946,1.0
jazz,KFC_v2,iterative,0.06783369803063458,1.0
jazz,KFC_v2,iterative,0.06819839533187455,1.0
jazz,KFC_v2,iterative,0.06856309263311451,1.0
jazz,KFC_v2,iterative,0.06892778993435449,1.0
jazz,KFC_v2,iterative,0.06929248723559446,1.0
jazz,KFC_v2,iterative,0.06965718453683444,1.0
jazz,KFC_v2,iterative,0.0700218818380744,1.0
jazz,KFC_v2,iterative,0.07038657913931437,1.0
jazz,KFC_v2,iterative,0.07075127644055434,1.0
jazz,KFC_v2,iterative,0.0711159737417943,1.0
jazz,KFC_v2,iterative,0.07148067104303428,1.0
jazz,KFC_v2,iterative,0.07184536834427425,1.0
jazz,KFC_v2,iterative,0.07221006564551423,1.0
jazz,KFC_v2,iterative,0.07257476294675419,1.0
jazz,KFC_v2,iterative,0.07293946024799416,0.6818181818181818
jazz,KFC_v2,iterative,0.07330415754923414,0.6818181818181818
jazz,KFC_v2,iterative,0.07366885485047411,0.6818181818181818
jazz,KFC_v2,iterative,0.07403355215171407,0.6818181818181818
jazz,KFC_v2,iterative,0.07439824945295405,0.6818181818181818
jazz,KFC_v2,iterative,0.07476294675419402,0.6818181818181818
jazz,KFC_v2,iterative,0.07512764405543398,0.6717171717171717
jazz,KFC_v2,iterative,0.07549234135667396,0.6717171717171717
jazz,KFC_v2,iterative,0.07585703865791393,0.6717171717171717
jazz,KFC_v2,iterative,0.07622173595915391,0.6717171717171717
jazz,KFC_v2,iterative,0.07658643326039387,0.6717171717171717
jazz,KFC_v2,iterative,0.07695113056163384,0.6717171717171717
jazz,KFC_v2,iterative,0.07731582786287382,0.6717171717171717
jazz,KFC_v2,iterative,0.07768052516411379,0.6717171717171717
jazz,KFC_v2,iterative,0.07804522246535375,0.6717171717171717
jazz,KFC_v2,iterative,0.07840991976659373,0.6717171717171717
jazz,KFC_v2,iterative,0.0787746170678337,0.6717171717171717
jazz,KFC_v2,iterative,0.07913931436907368,0.6717171717171717
jazz,KFC_v2,iterative,0.07950401167031364,0.6717171717171717
jazz,KFC_v2,iterative,0.07986870897155361,0.6717171717171717
jazz,KFC_v2,iterative,0.08023340627279359,0.6717171717171717
jazz,KFC_v2,iterative,0.08059810357403355,0.6717171717171717
jazz,KFC_v2,iterative,0.08096280087527352,0.6717171717171717
jazz,KFC_v2,iterative,0.0813274981765135,0.6717171717171717
jazz,KFC_v2,iterative,0.08169219547775347,0.6717171717171717
jazz,KFC_v2,iterative,0.08205689277899343,0.6717171717171717
jazz,KFC_v2,iterative,0.0824215900802334,0.6717171717171717
jazz,KFC_v2,iterative,0.08278628738147338,0.6717171717171717
jazz,KFC_v2,iterative,0.08315098468271336,0.6717171717171717
jazz,KFC_v2,iterative,0.08351568198395332,0.6717171717171717
jazz,KFC_v2,iterative,0.08388037928519329,0.6717171717171717
jazz,KFC_v2,iterative,0.08424507658643327,0.6717171717171717
jazz,KFC_v2,iterative,0.08460977388767323,0.6717171717171717
jazz,KFC_v2,iterative,0.0849744711889132,0.6717171717171717
jazz,KFC_v2,iterative,0.08533916849015317,0.6717171717171717
jazz,KFC_v2,iterative,0.08570386579139315,0.6717171717171717
jazz,KFC_v2,iterative,0.08606856309263311,0.6717171717171717
jazz,KFC_v2,iterative,0.08643326039387308,0.6717171717171717
jazz,KFC_v2,iterative,0.08679795769511306,0.6717171717171717
jazz,KFC_v2,iterative,0.08716265499635303,0.6717171717171717
jazz,KFC_v2,iterative,0.087527352297593,0.6717171717171717
jazz,KFC_v2,iterative,0.08789204959883297,0.6717171717171717
jazz,KFC_v2,iterative,0.08825674690007294,0.6717171717171717
jazz,KFC_v2,iterative,0.08862144420131292,0.6717171717171717
jazz,KFC_v2,iterative,0.08898614150255288,0.6717171717171717
jazz,KFC_v2,iterative,0.08935083880379285,0.6717171717171717
jazz,KFC_v2,iterative,0.08971553610503283,0.6717171717171717
jazz,KFC_v2,iterative,0.09008023340627279,0.6717171717171717
jazz,KFC_v2,iterative,0.09044493070751276,0.6717171717171717
jazz,KFC_v2,iterative,0.09080962800875274,0.6717171717171717
jazz,KFC_v2,iterative,0.09117432530999271,0.6717171717171717
jazz,KFC_v2,iterative,0.09153902261123267,0.6717171717171717
jazz,KFC_v2,iterative,0.09190371991247265,0.6717171717171717
jazz,KFC_v2,iterative,0.09226841721371262,0.6717171717171717
jazz,KFC_v2,iterative,0.0926331145149526,0.6717171717171717
jazz,KFC_v2,iterative,0.09299781181619256,0.6717171717171717
jazz,KFC_v2,iterative,0.09336250911743253,0.6717171717171717
jazz,KFC_v2,iterative,0.0937272064186725,0.6717171717171717
jazz,KFC_v2,iterative,0.09409190371991247,0.6717171717171717
jazz,KFC_v2,iterative,0.09445660102115244,0.6717171717171717
jazz,KFC_v2,iterative,0.09482129832239242,0.6717171717171717
jazz,KFC_v2,iterative,0.09518599562363239,0.6717171717171717
jazz,KFC_v2,iterative,0.09555069292487235,0.6717171717171717
jazz,KFC_v2,iterative,0.09591539022611233,0.6717171717171717
jazz,KFC_v2,iterative,0.0962800875273523,0.6717171717171717
jazz,KFC_v2,iterative,0.09664478482859228,0.6717171717171717
jazz,KFC_v2,iterative,0.09700948212983224,0.6717171717171717
jazz,KFC_v2,iterative,0.09737417943107221,0.6717171717171717
jazz,KFC_v2,iterative,0.09773887673231219,0.6717171717171717
jazz,KFC_v2,iterative,0.09810357403355215,0.6717171717171717
jazz,KFC_v2,iterative,0.09846827133479212,0.6717171717171717
jazz,KFC_v2,iterative,0.0988329686360321,0.6717171717171717
jazz,KFC_v2,iterative,0.09919766593727207,0.6717171717171717
jazz,KFC_v2,iterative,0.09956236323851203,0.6717171717171717
jazz,KFC_v2,iterative,0.099927060539752,0.6717171717171717
jazz,KFC_v2,iterative,0.10029175784099198,0.6717171717171717
jazz,KFC_v2,iterative,0.10065645514223195,0.6717171717171717
jazz,KFC_v2,iterative,0.10102115244347191,0.6717171717171717
jazz,KFC_v2,iterative,0.10138584974471189,0.6717171717171717
jazz,KFC_v2,iterative,0.10175054704595186,0.6717171717171717
jazz,KFC_v2,iterative,0.10211524434719184,0.6717171717171717
jazz,KFC_v2,iterative,0.1024799416484318,0.6717171717171717
jazz,KFC_v2,iterative,0.10284463894967177,0.6717171717171717
jazz,KFC_v2,iterative,0.10320933625091175,0.6717171717171717
jazz,KFC_v2,iterative,0.10357403355215171,0.6717171717171717
jazz,KFC_v2,iterative,0.10393873085339168,0.6717171717171717
jazz,KFC_v2,iterative,0.10430342815463166,0.6717171717171717
jazz,KFC_v2,iterative,0.10466812545587163,0.6717171717171717
jazz,KFC_v2,iterative,0.1050328227571116,0.6717171717171717
jazz,KFC_v2,iterative,0.10539752005835157,0.6717171717171717
jazz,KFC_v2,iterative,0.10576221735959154,0.6717171717171717
jazz,KFC_v2,iterative,0.10612691466083152,0.6717171717171717
jazz,KFC_v2,iterative,0.10649161196207148,0.6717171717171717
jazz,KFC_v2,iterative,0.10685630926331145,0.6717171717171717
jazz,KFC_v2,iterative,0.10722100656455143,0.6717171717171717
jazz,KFC_v2,iterative,0.10758570386579139,0.6717171717171717
jazz,KFC_v2,iterative,0.10795040116703136,0.6717171717171717
jazz,KFC_v2,iterative,0.10831509846827134,0.6717171717171717
jazz,KFC_v2,iterative,0.10867979576951131,0.6717171717171717
jazz,KFC_v2,iterative,0.10904449307075127,0.6717171717171717
jazz,KFC_v2,iterative,0.10940919037199125,0.6717171717171717
jazz,KFC_v2,iterative,0.10977388767323122,0.6717171717171717
jazz,KFC_v2,iterative,0.1101385849744712,0.6717171717171717
jazz,KFC_v2,iterative,0.11050328227571116,0.6717171717171717
jazz,KFC_v2,iterative,0.11086797957695113,0.6717171717171717
jazz,KFC_v2,iterative,0.1112326768781911,0.6717171717171717
jazz,KFC_v2,iterative,0.11159737417943108,0.6717171717171717
jazz,KFC_v2,iterative,0.11196207148067104,0.6717171717171717
jazz,KFC_v2,iterative,0.11232676878191102,0.6717171717171717
jazz,KFC_v2,iterative,0.11269146608315099,0.6717171717171717
jazz,KFC_v2,iterative,0.11305616338439095,0.6717171717171717
jazz,KFC_v2,iterative,0.11342086068563093,0.6717171717171717
jazz,KFC_v2,iterative,0.1137855579868709,0.6717171717171717
jazz,KFC_v2,iterative,0.11415025528811087,0.6717171717171717
jazz,KFC_v2,iterative,0.11451495258935084,0.6717171717171717
jazz,KFC_v2,iterative,0.11487964989059081,0.6717171717171717
jazz,KFC_v2,iterative,0.11524434719183078,0.6717171717171717
jazz,KFC_v2,iterative,0.11560904449307076,0.6717171717171717
jazz,KFC_v2,iterative,0.11597374179431072,0.6717171717171717
jazz,KFC_v2,iterative,0.1163384390955507,0.6717171717171717
jazz,KFC_v2,iterative,0.11670313639679067,0.6717171717171717
jazz,KFC_v2,iterative,0.11706783369803063,0.6717171717171717
jazz,KFC_v2,iterative,0.1174325309992706,0.6717171717171717
jazz,KFC_v2,iterative,0.11779722830051058,0.6717171717171717
jazz,KFC_v2,iterative,0.11816192560175055,0.6717171717171717
jazz,KFC_v2,iterative,0.11852662290299051,0.6717171717171717
jazz,KFC_v2,iterative,0.11889132020423049,0.6717171717171717
jazz,KFC_v2,iterative,0.11925601750547046,0.6717171717171717
jazz,KFC_v2,iterative,0.11962071480671044,0.6717171717171717
jazz,KFC_v2,iterative,0.1199854121079504,0.6717171717171717
jazz,KFC_v2,iterative,0.12035010940919037,0.6717171717171717
jazz,KFC_v2,iterative,0.12071480671043035,0.6717171717171717
jazz,KFC_v2,iterative,0.12107950401167032,0.6717171717171717
jazz,KFC_v2,iterative,0.12144420131291028,0.6717171717171717
jazz,KFC_v2,iterative,0.12180889861415026,0.6717171717171717
jazz,KFC_v2,iterative,0.12217359591539023,0.6717171717171717
jazz,KFC_v2,iterative,0.12253829321663019,0.6717171717171717
jazz,KFC_v2,iterative,0.12290299051787017,0.6717171717171717
jazz,KFC_v2,iterative,0.12326768781911014,0.6717171717171717
jazz,KFC_v2,iterative,0.12363238512035012,0.6717171717171717
jazz,KFC_v2,iterative,0.12399708242159008,0.6717171717171717
jazz,KFC_v2,iterative,0.12436177972283005,0.6717171717171717
jazz,KFC_v2,iterative,0.12472647702407003,0.6717171717171717
jazz,KFC_v2,iterative,0.12509117432531,0.6717171717171717
jazz,KFC_v2,iterative,0.12545587162654998,0.6717171717171717
jazz,KFC_v2,iterative,0.12582056892778995,0.6717171717171717
jazz,KFC_v2,iterative,0.1261852662290299,0.6717171717171717
jazz,KFC_v2,iterative,0.12654996353026987,0.6717171717171717
jazz,KFC_v2,iterative,0.12691466083150985,0.6717171717171717
jazz,KFC_v2,iterative,0.12727935813274982,0.6717171717171717
jazz,KFC_v2,iterative,0.1276440554339898,0.6717171717171717
jazz,KFC_v2,iterative,0.12800875273522977,0.6717171717171717
jazz,KFC_v2,iterative,0.12837345003646974,0.6717171717171717
jazz,KFC_v2,iterative,0.1287381473377097,0.6717171717171717
jazz,KFC_v2,iterative,0.12910284463894967,0.6717171717171717
jazz,KFC_v2,iterative,0.12946754194018964,0.6717171717171717
jazz,KFC_v2,iterative,0.12983223924142961,0.6717171717171717
jazz,KFC_v2,iterative,0.1301969365426696,0.6717171717171717
jazz,KFC_v2,iterative,0.13056163384390956,0.6717171717171717
jazz,KFC_v2,iterative,0.13092633114514954,0.6717171717171717
jazz,KFC_v2,iterative,0.13129102844638948,0.6717171717171717
jazz,KFC_v2,iterative,0.13165572574762946,0.6717171717171717
jazz,KFC_v2,iterative,0.13202042304886943,0.6717171717171717
jazz,KFC_v2,iterative,0.1323851203501094,0.6717171717171717
jazz,KFC_v2,iterative,0.13274981765134938,0.6717171717171717
jazz,KFC_v2,iterative,0.13311451495258936,0.6717171717171717
jazz,KFC_v2,iterative,0.13347921225382933,0.6717171717171717
jazz,KFC_v2,iterative,0.1338439095550693,0.6717171717171717
jazz,KFC_v2,iterative,0.13420860685630925,0.6717171717171717
jazz,KFC_v2,iterative,0.13457330415754923,0.6717171717171717
jazz,KFC_v2,iterative,0.1349380014587892,0.6717171717171717
jazz,KFC_v2,iterative,0.13530269876002918,0.6717171717171717
jazz,KFC_v2,iterative,0.13566739606126915,0.6717171717171717
jazz,KFC_v2,iterative,0.13603209336250913,0.6717171717171717
jazz,KFC_v2,iterative,0.1363967906637491,0.6717171717171717
jazz,KFC_v2,iterative,0.13676148796498905,0.6717171717171717
jazz,KFC_v2,iterative,0.13712618526622902,0.6717171717171717
jazz,KFC_v2,iterative,0.137490882567469,0.6717171717171717
jazz,KFC_v2,iterative,0.13785557986870897,0.6717171717171717
jazz,KFC_v2,iterative,0.13822027716994895,0.6717171717171717
jazz,KFC_v2,iterative,0.13858497447118892,0.6717171717171717
jazz,KFC_v2,iterative,0.1389496717724289,0.6717171717171717
jazz,KFC_v2,iterative,0.13931436907366887,0.6717171717171717
jazz,KFC_v2,iterative,0.13967906637490882,0.6717171717171717
jazz,KFC_v2,iterative,0.1400437636761488,0.6717171717171717
jazz,KFC_v2,iterative,0.14040846097738877,0.6717171717171717
jazz,KFC_v2,iterative,0.14077315827862874,0.6717171717171717
jazz,KFC_v2,iterative,0.14113785557986872,0.6717171717171717
jazz,KFC_v2,iterative,0.1415025528811087,0.6717171717171717
jazz,KFC_v2,iterative,0.14186725018234866,0.6717171717171717
jazz,KFC_v2,iterative,0.1422319474835886,0.6717171717171717
jazz,KFC_v2,iterative,0.14259664478482859,0.6717171717171717
jazz,KFC_v2,iterative,0.14296134208606856,0.6717171717171717
jazz,KFC_v2,iterative,0.14332603938730853,0.6717171717171717
jazz,KFC_v2,iterative,0.1436907366885485,0.6717171717171717
jazz,KFC_v2,iterative,0.14405543398978848,0.6717171717171717
jazz,KFC_v2,iterative,0.14442013129102846,0.6717171717171717
jazz,KFC_v2,iterative,0.1447848285922684,0.6717171717171717
jazz,KFC_v2,iterative,0.14514952589350838,0.6717171717171717
jazz,KFC_v2,iterative,0.14551422319474835,0.6717171717171717
jazz,KFC_v2,iterative,0.14587892049598833,0.6717171717171717
jazz,KFC_v2,iterative,0.1462436177972283,0.6717171717171717
jazz,KFC_v2,iterative,0.14660831509846828,0.6717171717171717
jazz,KFC_v2,iterative,0.14697301239970825,0.6717171717171717
jazz,KFC_v2,iterative,0.14733770970094823,0.6717171717171717
jazz,KFC_v2,iterative,0.14770240700218817,0.6717171717171717
jazz,KFC_v2,iterative,0.14806710430342815,0.6717171717171717
jazz,KFC_v2,iterative,0.14843180160466812,0.6717171717171717
jazz,KFC_v2,iterative,0.1487964989059081,0.6717171717171717
jazz,KFC_v2,iterative,0.14916119620714807,0.6717171717171717
jazz,KFC_v2,iterative,0.14952589350838805,0.6717171717171717
jazz,KFC_v2,iterative,0.14989059080962802,0.6717171717171717
jazz,KFC_v2,iterative,0.15025528811086797,0.6717171717171717
jazz,KFC_v2,iterative,0.15061998541210794,0.6717171717171717
jazz,KFC_v2,iterative,0.15098468271334792,0.6717171717171717
jazz,KFC_v2,iterative,0.1513493800145879,0.6717171717171717
jazz,KFC_v2,iterative,0.15171407731582787,0.6717171717171717
jazz,KFC_v2,iterative,0.15207877461706784,0.6717171717171717
jazz,KFC_v2,iterative,0.15244347191830782,0.6717171717171717
jazz,KFC_v2,iterative,0.1528081692195478,0.6717171717171717
jazz,KFC_v2,iterative,0.15317286652078774,0.6717171717171717
jazz,KFC_v2,iterative,0.1535375638220277,0.6717171717171717
jazz,KFC_v2,iterative,0.1539022611232677,0.6717171717171717
jazz,KFC_v2,iterative,0.15426695842450766,0.6717171717171717
jazz,KFC_v2,iterative,0.15463165572574764,0.6717171717171717
jazz,KFC_v2,iterative,0.1549963530269876,0.6717171717171717
jazz,KFC_v2,iterative,0.15536105032822758,0.6717171717171717
jazz,KFC_v2,iterative,0.15572574762946753,0.6717171717171717
jazz,KFC_v2,iterative,0.1560904449307075,0.6717171717171717
jazz,KFC_v2,iterative,0.15645514223194748,0.6717171717171717
jazz,KFC_v2,iterative,0.15681983953318746,0.6717171717171717
jazz,KFC_v2,iterative,0.15718453683442743,0.6717171717171717
jazz,KFC_v2,iterative,0.1575492341356674,0.6717171717171717
jazz,KFC_v2,iterative,0.15791393143690738,0.6717171717171717
jazz,KFC_v2,iterative,0.15827862873814735,0.6717171717171717
jazz,KFC_v2,iterative,0.1586433260393873,0.6717171717171717
jazz,KFC_v2,iterative,0.15900802334062727,0.6717171717171717
jazz,KFC_v2,iterative,0.15937272064186725,0.6717171717171717
jazz,KFC_v2,iterative,0.15973741794310722,0.6717171717171717
jazz,KFC_v2,iterative,0.1601021152443472,0.6717171717171717
jazz,KFC_v2,iterative,0.16046681254558717,0.6717171717171717
jazz,KFC_v2,iterative,0.16083150984682715,0.6717171717171717
jazz,KFC_v2,iterative,0.1611962071480671,0.6717171717171717
jazz,KFC_v2,iterative,0.16156090444930707,0.6717171717171717
jazz,KFC_v2,iterative,0.16192560175054704,0.6717171717171717
jazz,KFC_v2,iterative,0.16229029905178702,0.6717171717171717
jazz,KFC_v2,iterative,0.162654996353027,0.6717171717171717
jazz,KFC_v2,iterative,0.16301969365426697,0.6717171717171717
jazz,KFC_v2,iterative,0.16338439095550694,0.6717171717171717
jazz,KFC_v2,iterative,0.1637490882567469,0.6717171717171717
jazz,KFC_v2,iterative,0.16411378555798686,0.6717171717171717
jazz,KFC_v2,iterative,0.16447848285922684,0.6717171717171717
jazz,KFC_v2,iterative,0.1648431801604668,0.6717171717171717
jazz,KFC_v2,iterative,0.1652078774617068,0.6717171717171717
jazz,KFC_v2,iterative,0.16557257476294676,0.6717171717171717
jazz,KFC_v2,iterative,0.16593727206418674,0.6717171717171717
jazz,KFC_v2,iterative,0.1663019693654267,0.6717171717171717
jazz,KFC_v2,iterative,0.16666666666666666,0.6717171717171717
jazz,KFC_v2,iterative,0.16703136396790663,0.6717171717171717
jazz,KFC_v2,iterative,0.1673960612691466,0.5858585858585859
jazz,KFC_v2,iterative,0.16776075857038658,0.5858585858585859
jazz,KFC_v2,iterative,0.16812545587162656,0.5858585858585859
jazz,KFC_v2,iterative,0.16849015317286653,0.5858585858585859
jazz,KFC_v2,iterative,0.1688548504741065,0.5858585858585859
jazz,KFC_v2,iterative,0.16921954777534645,0.5858585858585859
jazz,KFC_v2,iterative,0.16958424507658643,0.5858585858585859
jazz,KFC_v2,iterative,0.1699489423778264,0.5858585858585859
jazz,KFC_v2,iterative,0.17031363967906638,0.5858585858585859
jazz,KFC_v2,iterative,0.17067833698030635,0.5858585858585859
jazz,KFC_v2,iterative,0.17104303428154632,0.5858585858585859
jazz,KFC_v2,iterative,0.1714077315827863,0.5858585858585859
jazz,KFC_v2,iterative,0.17177242888402627,0.5858585858585859
jazz,KFC_v2,iterative,0.17213712618526622,0.5858585858585859
jazz,KFC_v2,iterative,0.1725018234865062,0.5858585858585859
jazz,KFC_v2,iterative,0.17286652078774617,0.5858585858585859
jazz,KFC_v2,iterative,0.17323121808898614,0.5858585858585859
jazz,KFC_v2,iterative,0.17359591539022612,0.5858585858585859
jazz,KFC_v2,iterative,0.1739606126914661,0.5858585858585859
jazz,KFC_v2,iterative,0.17432530999270607,0.5858585858585859
jazz,KFC_v2,iterative,0.17469000729394601,0.5858585858585859
jazz,KFC_v2,iterative,0.175054704595186,0.5858585858585859
jazz,KFC_v2,iterative,0.17541940189642596,0.5858585858585859
jazz,KFC_v2,iterative,0.17578409919766594,0.5858585858585859
jazz,KFC_v2,iterative,0.1761487964989059,0.5858585858585859
jazz,KFC_v2,iterative,0.1765134938001459,0.5858585858585859
jazz,KFC_v2,iterative,0.17687819110138586,0.5858585858585859
jazz,KFC_v2,iterative,0.17724288840262584,0.5858585858585859
jazz,KFC_v2,iterative,0.17760758570386578,0.5858585858585859
jazz,KFC_v2,iterative,0.17797228300510576,0.5858585858585859
jazz,KFC_v2,iterative,0.17833698030634573,0.5858585858585859
jazz,KFC_v2,iterative,0.1787016776075857,0.5858585858585859
jazz,KFC_v2,iterative,0.17906637490882568,0.5858585858585859
jazz,KFC_v2,iterative,0.17943107221006566,0.5858585858585859
jazz,KFC_v2,iterative,0.17979576951130563,0.5858585858585859
jazz,KFC_v2,iterative,0.18016046681254558,0.5858585858585859
jazz,KFC_v2,iterative,0.18052516411378555,0.5858585858585859
jazz,KFC_v2,iterative,0.18088986141502553,0.5858585858585859
jazz,KFC_v2,iterative,0.1812545587162655,0.5858585858585859
jazz,KFC_v2,iterative,0.18161925601750548,0.5858585858585859
jazz,KFC_v2,iterative,0.18198395331874545,0.5858585858585859
jazz,KFC_v2,iterative,0.18234865061998543,0.5858585858585859
jazz,KFC_v2,iterative,0.18271334792122537,0.5858585858585859
jazz,KFC_v2,iterative,0.18307804522246535,0.5858585858585859
jazz,KFC_v2,iterative,0.18344274252370532,0.5858585858585859
jazz,KFC_v2,iterative,0.1838074398249453,0.5858585858585859
jazz,KFC_v2,iterative,0.18417213712618527,0.5858585858585859
jazz,KFC_v2,iterative,0.18453683442742524,0.5858585858585859
jazz,KFC_v2,iterative,0.18490153172866522,0.5858585858585859
jazz,KFC_v2,iterative,0.1852662290299052,0.5858585858585859
jazz,KFC_v2,iterative,0.18563092633114514,0.5858585858585859
jazz,KFC_v2,iterative,0.18599562363238512,0.5858585858585859
jazz,KFC_v2,iterative,0.1863603209336251,0.5858585858585859
jazz,KFC_v2,iterative,0.18672501823486506,0.5858585858585859
jazz,KFC_v2,iterative,0.18708971553610504,0.5858585858585859
jazz,KFC_v2,iterative,0.187454412837345,0.5858585858585859
jazz,KFC_v2,iterative,0.187819110138585,0.5858585858585859
jazz,KFC_v2,iterative,0.18818380743982493,0.5858585858585859
jazz,KFC_v2,iterative,0.1885485047410649,0.5858585858585859
jazz,KFC_v2,iterative,0.18891320204230488,0.5858585858585859
jazz,KFC_v2,iterative,0.18927789934354486,0.5858585858585859
jazz,KFC_v2,iterative,0.18964259664478483,0.5858585858585859
jazz,KFC_v2,iterative,0.1900072939460248,0.5858585858585859
jazz,KFC_v2,iterative,0.19037199124726478,0.5858585858585859
jazz,KFC_v2,iterative,0.19073668854850476,0.5858585858585859
jazz,KFC_v2,iterative,0.1911013858497447,0.5858585858585859
jazz,KFC_v2,iterative,0.19146608315098468,0.5858585858585859
jazz,KFC_v2,iterative,0.19183078045222465,0.5858585858585859
jazz,KFC_v2,iterative,0.19219547775346463,0.5858585858585859
jazz,KFC_v2,iterative,0.1925601750547046,0.5858585858585859
jazz,KFC_v2,iterative,0.19292487235594458,0.5858585858585859
jazz,KFC_v2,iterative,0.19328956965718455,0.5858585858585859
jazz,KFC_v2,iterative,0.1936542669584245,0.5858585858585859
jazz,KFC_v2,iterative,0.19401896425966447,0.5858585858585859
jazz,KFC_v2,iterative,0.19438366156090445,0.5858585858585859
jazz,KFC_v2,iterative,0.19474835886214442,0.5858585858585859
jazz,KFC_v2,iterative,0.1951130561633844,0.5858585858585859
jazz,KFC_v2,iterative,0.19547775346462437,0.5858585858585859
jazz,KFC_v2,iterative,0.19584245076586435,0.5858585858585859
jazz,KFC_v2,iterative,0.1962071480671043,0.5858585858585859
jazz,KFC_v2,iterative,0.19657184536834427,0.5858585858585859
jazz,KFC_v2,iterative,0.19693654266958424,0.5858585858585859
jazz,KFC_v2,iterative,0.19730123997082422,0.5858585858585859
jazz,KFC_v2,iterative,0.1976659372720642,0.5858585858585859
jazz,KFC_v2,iterative,0.19803063457330417,0.5858585858585859
jazz,KFC_v2,iterative,0.19839533187454414,0.5858585858585859
jazz,KFC_v2,iterative,0.19876002917578411,0.5858585858585859
jazz,KFC_v2,iterative,0.19912472647702406,0.5858585858585859
jazz,KFC_v2,iterative,0.19948942377826404,0.5858585858585859
jazz,KFC_v2,iterative,0.199854121079504,0.5858585858585859
jazz,KFC_v2,iterative,0.20021881838074398,0.5858585858585859
jazz,KFC_v2,iterative,0.20058351568198396,0.5858585858585859
jazz,KFC_v2,iterative,0.20094821298322393,0.5858585858585859
jazz,KFC_v2,iterative,0.2013129102844639,0.5858585858585859
jazz,KFC_v2,iterative,0.20167760758570386,0.5858585858585859
jazz,KFC_v2,iterative,0.20204230488694383,0.5858585858585859
jazz,KFC_v2,iterative,0.2024070021881838,0.5858585858585859
jazz,KFC_v2,iterative,0.20277169948942378,0.5858585858585859
jazz,KFC_v2,iterative,0.20313639679066375,0.5858585858585859
jazz,KFC_v2,iterative,0.20350109409190373,0.5858585858585859
jazz,KFC_v2,iterative,0.2038657913931437,0.5858585858585859
jazz,KFC_v2,iterative,0.20423048869438368,0.5858585858585859
jazz,KFC_v2,iterative,0.20459518599562362,0.5858585858585859
jazz,KFC_v2,iterative,0.2049598832968636,0.5858585858585859
jazz,KFC_v2,iterative,0.20532458059810357,0.5858585858585859
jazz,KFC_v2,iterative,0.20568927789934355,0.5858585858585859
jazz,KFC_v2,iterative,0.20605397520058352,0.5858585858585859
jazz,KFC_v2,iterative,0.2064186725018235,0.5858585858585859
jazz,KFC_v2,iterative,0.20678336980306347,0.5858585858585859
jazz,KFC_v2,iterative,0.20714806710430342,0.5858585858585859
jazz,KFC_v2,iterative,0.2075127644055434,0.5858585858585859
jazz,KFC_v2,iterative,0.20787746170678337,0.5858585858585859
jazz,KFC_v2,iterative,0.20824215900802334,0.5858585858585859
jazz,KFC_v2,iterative,0.20860685630926332,0.5858585858585859
jazz,KFC_v2,iterative,0.2089715536105033,0.5858585858585859
jazz,KFC_v2,iterative,0.20933625091174327,0.5858585858585859
jazz,KFC_v2,iterative,0.20970094821298324,0.5858585858585859
jazz,KFC_v2,iterative,0.2100656455142232,0.5858585858585859
jazz,KFC_v2,iterative,0.21043034281546316,0.5858585858585859
jazz,KFC_v2,iterative,0.21079504011670314,0.5858585858585859
jazz,KFC_v2,iterative,0.2111597374179431,0.5858585858585859
jazz,KFC_v2,iterative,0.21152443471918309,0.5858585858585859
jazz,KFC_v2,iterative,0.21188913202042306,0.5858585858585859
jazz,KFC_v2,iterative,0.21225382932166303,0.5858585858585859
jazz,KFC_v2,iterative,0.21261852662290298,0.5858585858585859
jazz,KFC_v2,iterative,0.21298322392414296,0.5858585858585859
jazz,KFC_v2,iterative,0.21334792122538293,0.5858585858585859
jazz,KFC_v2,iterative,0.2137126185266229,0.5858585858585859
jazz,KFC_v2,iterative,0.21407731582786288,0.5858585858585859
jazz,KFC_v2,iterative,0.21444201312910285,0.5858585858585859
jazz,KFC_v2,iterative,0.21480671043034283,0.5858585858585859
jazz,KFC_v2,iterative,0.21517140773158278,0.5858585858585859
jazz,KFC_v2,iterative,0.21553610503282275,0.5858585858585859
jazz,KFC_v2,iterative,0.21590080233406272,0.5858585858585859
jazz,KFC_v2,iterative,0.2162654996353027,0.5858585858585859
jazz,KFC_v2,iterative,0.21663019693654267,0.5858585858585859
jazz,KFC_v2,iterative,0.21699489423778265,0.5858585858585859
jazz,KFC_v2,iterative,0.21735959153902262,0.5858585858585859
jazz,KFC_v2,iterative,0.2177242888402626,0.5858585858585859
jazz,KFC_v2,iterative,0.21808898614150254,0.5858585858585859
jazz,KFC_v2,iterative,0.21845368344274252,0.5858585858585859
jazz,KFC_v2,iterative,0.2188183807439825,0.5858585858585859
jazz,KFC_v2,iterative,0.21918307804522247,0.5858585858585859
jazz,KFC_v2,iterative,0.21954777534646244,0.5858585858585859
jazz,KFC_v2,iterative,0.21991247264770242,0.5858585858585859
jazz,KFC_v2,iterative,0.2202771699489424,0.5858585858585859
jazz,KFC_v2,iterative,0.22064186725018234,0.5858585858585859
jazz,KFC_v2,iterative,0.2210065645514223,0.5858585858585859
jazz,KFC_v2,iterative,0.2213712618526623,0.5858585858585859
jazz,KFC_v2,iterative,0.22173595915390226,0.5858585858585859
jazz,KFC_v2,iterative,0.22210065645514224,0.5858585858585859
jazz,KFC_v2,iterative,0.2224653537563822,0.5858585858585859
jazz,KFC_v2,iterative,0.22283005105762219,0.5858585858585859
jazz,KFC_v2,iterative,0.22319474835886216,0.5858585858585859
jazz,KFC_v2,iterative,0.2235594456601021,0.5858585858585859
jazz,KFC_v2,iterative,0.22392414296134208,0.5858585858585859
jazz,KFC_v2,iterative,0.22428884026258206,0.5858585858585859
jazz,KFC_v2,iterative,0.22465353756382203,0.5858585858585859
jazz,KFC_v2,iterative,0.225018234865062,0.5858585858585859
jazz,KFC_v2,iterative,0.22538293216630198,0.5858585858585859
jazz,KFC_v2,iterative,0.22574762946754195,0.5858585858585859
jazz,KFC_v2,iterative,0.2261123267687819,0.5858585858585859
jazz,KFC_v2,iterative,0.22647702407002188,0.5858585858585859
jazz,KFC_v2,iterative,0.22684172137126185,0.5858585858585859
jazz,KFC_v2,iterative,0.22720641867250183,0.5858585858585859
jazz,KFC_v2,iterative,0.2275711159737418,0.5858585858585859
jazz,KFC_v2,iterative,0.22793581327498177,0.5858585858585859
jazz,KFC_v2,iterative,0.22830051057622175,0.5858585858585859
jazz,KFC_v2,iterative,0.22866520787746172,0.5858585858585859
jazz,KFC_v2,iterative,0.22902990517870167,0.5858585858585859
jazz,KFC_v2,iterative,0.22939460247994164,0.5858585858585859
jazz,KFC_v2,iterative,0.22975929978118162,0.5858585858585859
jazz,KFC_v2,iterative,0.2301239970824216,0.5858585858585859
jazz,KFC_v2,iterative,0.23048869438366157,0.5858585858585859
jazz,KFC_v2,iterative,0.23085339168490154,0.5858585858585859
jazz,KFC_v2,iterative,0.23121808898614152,0.5858585858585859
jazz,KFC_v2,iterative,0.23158278628738146,0.5858585858585859
jazz,KFC_v2,iterative,0.23194748358862144,0.5858585858585859
jazz,KFC_v2,iterative,0.2323121808898614,0.5858585858585859
jazz,KFC_v2,iterative,0.2326768781911014,0.5858585858585859
jazz,KFC_v2,iterative,0.23304157549234136,0.5858585858585859
jazz,KFC_v2,iterative,0.23340627279358134,0.5858585858585859
jazz,KFC_v2,iterative,0.2337709700948213,0.5858585858585859
jazz,KFC_v2,iterative,0.23413566739606126,0.5858585858585859
jazz,KFC_v2,iterative,0.23450036469730123,0.5858585858585859
jazz,KFC_v2,iterative,0.2348650619985412,0.5858585858585859
jazz,KFC_v2,iterative,0.23522975929978118,0.5858585858585859
jazz,KFC_v2,iterative,0.23559445660102116,0.5858585858585859
jazz,KFC_v2,iterative,0.23595915390226113,0.5858585858585859
jazz,KFC_v2,iterative,0.2363238512035011,0.5858585858585859
jazz,KFC_v2,iterative,0.23668854850474108,0.5858585858585859
jazz,KFC_v2,iterative,0.23705324580598103,0.5858585858585859
jazz,KFC_v2,iterative,0.237417943107221,0.5858585858585859
jazz,KFC_v2,iterative,0.23778264040846098,0.5858585858585859
jazz,KFC_v2,iterative,0.23814733770970095,0.5858585858585859
jazz,KFC_v2,iterative,0.23851203501094093,0.5858585858585859
jazz,KFC_v2,iterative,0.2388767323121809,0.5858585858585859
jazz,KFC_v2,iterative,0.23924142961342088,0.5858585858585859
jazz,KFC_v2,iterative,0.23960612691466082,0.5858585858585859
jazz,KFC_v2,iterative,0.2399708242159008,0.5858585858585859
jazz,KFC_v2,iterative,0.24033552151714077,0.5858585858585859
jazz,KFC_v2,iterative,0.24070021881838075,0.5858585858585859
jazz,KFC_v2,iterative,0.24106491611962072,0.5858585858585859
jazz,KFC_v2,iterative,0.2414296134208607,0.5858585858585859
jazz,KFC_v2,iterative,0.24179431072210067,0.5858585858585859
jazz,KFC_v2,iterative,0.24215900802334064,0.5858585858585859
jazz,KFC_v2,iterative,0.2425237053245806,0.5858585858585859
jazz,KFC_v2,iterative,0.24288840262582057,0.5858585858585859
jazz,KFC_v2,iterative,0.24325309992706054,0.5858585858585859
jazz,KFC_v2,iterative,0.24361779722830051,0.5858585858585859
jazz,KFC_v2,iterative,0.2439824945295405,0.5858585858585859
jazz,KFC_v2,iterative,0.24434719183078046,0.5858585858585859
jazz,KFC_v2,iterative,0.24471188913202044,0.5858585858585859
jazz,KFC_v2,iterative,0.24507658643326038,0.5858585858585859
jazz,KFC_v2,iterative,0.24544128373450036,0.5858585858585859
jazz,KFC_v2,iterative,0.24580598103574033,0.5858585858585859
jazz,KFC_v2,iterative,0.2461706783369803,0.5858585858585859
jazz,KFC_v2,iterative,0.24653537563822028,0.5858585858585859
jazz,KFC_v2,iterative,0.24690007293946026,0.5858585858585859
jazz,KFC_v2,iterative,0.24726477024070023,0.5858585858585859
jazz,KFC_v2,iterative,0.24762946754194018,0.5858585858585859
jazz,KFC_v2,iterative,0.24799416484318015,0.5858585858585859
jazz,KFC_v2,iterative,0.24835886214442013,0.5858585858585859
jazz,KFC_v2,iterative,0.2487235594456601,0.5858585858585859
jazz,KFC_v2,iterative,0.24908825674690008,0.5858585858585859
jazz,KFC_v2,iterative,0.24945295404814005,0.5858585858585859
jazz,KFC_v2,iterative,0.24981765134938003,0.5858585858585859
jazz,KFC_v2,iterative,0.25018234865062,0.5858585858585859
jazz,KFC_v2,iterative,0.25054704595185995,0.5858585858585859
jazz,KFC_v2,iterative,0.25091174325309995,0.5858585858585859
jazz,KFC_v2,iterative,0.2512764405543399,0.5858585858585859
jazz,KFC_v2,iterative,0.2516411378555799,0.5858585858585859
jazz,KFC_v2,iterative,0.25200583515681985,0.5858585858585859
jazz,KFC_v2,iterative,0.2523705324580598,0.5858585858585859
jazz,KFC_v2,iterative,0.2527352297592998,0.5858585858585859
jazz,KFC_v2,iterative,0.25309992706053974,0.5858585858585859
jazz,KFC_v2,iterative,0.25346462436177974,0.5858585858585859
jazz,KFC_v2,iterative,0.2538293216630197,0.5858585858585859
jazz,KFC_v2,iterative,0.2541940189642597,0.5858585858585859
jazz,KFC_v2,iterative,0.25455871626549964,0.5858585858585859
jazz,KFC_v2,iterative,0.2549234135667396,0.5858585858585859
jazz,KFC_v2,iterative,0.2552881108679796,0.5858585858585859
jazz,KFC_v2,iterative,0.25565280816921954,0.5858585858585859
jazz,KFC_v2,iterative,0.25601750547045954,0.5858585858585859
jazz,KFC_v2,iterative,0.2563822027716995,0.5858585858585859
jazz,KFC_v2,iterative,0.2567469000729395,0.5858585858585859
jazz,KFC_v2,iterative,0.25711159737417943,0.5858585858585859
jazz,KFC_v2,iterative,0.2574762946754194,0.5858585858585859
jazz,KFC_v2,iterative,0.2578409919766594,0.5858585858585859
jazz,KFC_v2,iterative,0.25820568927789933,0.5858585858585859
jazz,KFC_v2,iterative,0.25857038657913933,0.5858585858585859
jazz,KFC_v2,iterative,0.2589350838803793,0.5858585858585859
jazz,KFC_v2,iterative,0.2592997811816193,0.5858585858585859
jazz,KFC_v2,iterative,0.25966447848285923,0.5858585858585859
jazz,KFC_v2,iterative,0.2600291757840992,0.5858585858585859
jazz,KFC_v2,iterative,0.2603938730853392,0.5858585858585859
jazz,KFC_v2,iterative,0.2607585703865791,0.5858585858585859
jazz,KFC_v2,iterative,0.2611232676878191,0.5858585858585859
jazz,KFC_v2,iterative,0.2614879649890591,0.5858585858585859
jazz,KFC_v2,iterative,0.2618526622902991,0.5858585858585859
jazz,KFC_v2,iterative,0.262217359591539,0.5858585858585859
jazz,KFC_v2,iterative,0.26258205689277897,0.5858585858585859
jazz,KFC_v2,iterative,0.262946754194019,0.5858585858585859
jazz,KFC_v2,iterative,0.2633114514952589,0.5858585858585859
jazz,KFC_v2,iterative,0.2636761487964989,0.5858585858585859
jazz,KFC_v2,iterative,0.26404084609773887,0.3484848484848485
jazz,KFC_v2,iterative,0.26440554339897887,0.3484848484848485
jazz,KFC_v2,iterative,0.2647702407002188,0.3484848484848485
jazz,KFC_v2,iterative,0.2651349380014588,0.3484848484848485
jazz,KFC_v2,iterative,0.26549963530269877,0.3484848484848485
jazz,KFC_v2,iterative,0.2658643326039387,0.3484848484848485
jazz,KFC_v2,iterative,0.2662290299051787,0.3484848484848485
jazz,KFC_v2,iterative,0.26659372720641866,0.3484848484848485
jazz,KFC_v2,iterative,0.26695842450765866,0.3484848484848485
jazz,KFC_v2,iterative,0.2673231218088986,0.3484848484848485
jazz,KFC_v2,iterative,0.2676878191101386,0.3484848484848485
jazz,KFC_v2,iterative,0.26805251641137856,0.3484848484848485
jazz,KFC_v2,iterative,0.2684172137126185,0.3484848484848485
jazz,KFC_v2,iterative,0.2687819110138585,0.3484848484848485
jazz,KFC_v2,iterative,0.26914660831509846,0.3484848484848485
jazz,KFC_v2,iterative,0.26951130561633846,0.3484848484848485
jazz,KFC_v2,iterative,0.2698760029175784,0.3484848484848485
jazz,KFC_v2,iterative,0.2702407002188184,0.3484848484848485
jazz,KFC_v2,iterative,0.27060539752005836,0.3484848484848485
jazz,KFC_v2,iterative,0.2709700948212983,0.3484848484848485
jazz,KFC_v2,iterative,0.2713347921225383,0.3484848484848485
jazz,KFC_v2,iterative,0.27169948942377825,0.3484848484848485
jazz,KFC_v2,iterative,0.27206418672501825,0.3484848484848485
jazz,KFC_v2,iterative,0.2724288840262582,0.3484848484848485
jazz,KFC_v2,iterative,0.2727935813274982,0.3484848484848485
jazz,KFC_v2,iterative,0.27315827862873815,0.3484848484848485
jazz,KFC_v2,iterative,0.2735229759299781,0.3484848484848485
jazz,KFC_v2,iterative,0.2738876732312181,0.3484848484848485
jazz,KFC_v2,iterative,0.27425237053245805,0.3484848484848485
jazz,KFC_v2,iterative,0.27461706783369805,0.3484848484848485
jazz,KFC_v2,iterative,0.274981765134938,0.3484848484848485
jazz,KFC_v2,iterative,0.275346462436178,0.3484848484848485
jazz,KFC_v2,iterative,0.27571115973741794,0.3484848484848485
jazz,KFC_v2,iterative,0.2760758570386579,0.3484848484848485
jazz,KFC_v2,iterative,0.2764405543398979,0.3484848484848485
jazz,KFC_v2,iterative,0.27680525164113784,0.3484848484848485
jazz,KFC_v2,iterative,0.27716994894237784,0.3484848484848485
jazz,KFC_v2,iterative,0.2775346462436178,0.3484848484848485
jazz,KFC_v2,iterative,0.2778993435448578,0.3484848484848485
jazz,KFC_v2,iterative,0.27826404084609774,0.3484848484848485
jazz,KFC_v2,iterative,0.27862873814733774,0.3484848484848485
jazz,KFC_v2,iterative,0.2789934354485777,0.3484848484848485
jazz,KFC_v2,iterative,0.27935813274981763,0.3484848484848485
jazz,KFC_v2,iterative,0.27972283005105764,0.3484848484848485
jazz,KFC_v2,iterative,0.2800875273522976,0.3484848484848485
jazz,KFC_v2,iterative,0.2804522246535376,0.3484848484848485
jazz,KFC_v2,iterative,0.28081692195477753,0.3484848484848485
jazz,KFC_v2,iterative,0.28118161925601753,0.3484848484848485
jazz,KFC_v2,iterative,0.2815463165572575,0.3484848484848485
jazz,KFC_v2,iterative,0.28191101385849743,0.3484848484848485
jazz,KFC_v2,iterative,0.28227571115973743,0.3484848484848485
jazz,KFC_v2,iterative,0.2826404084609774,0.3484848484848485
jazz,KFC_v2,iterative,0.2830051057622174,0.3484848484848485
jazz,KFC_v2,iterative,0.2833698030634573,0.3484848484848485
jazz,KFC_v2,iterative,0.28373450036469733,0.3484848484848485
jazz,KFC_v2,iterative,0.2840991976659373,0.3484848484848485
jazz,KFC_v2,iterative,0.2844638949671772,0.3484848484848485
jazz,KFC_v2,iterative,0.2848285922684172,0.3484848484848485
jazz,KFC_v2,iterative,0.28519328956965717,0.3484848484848485
jazz,KFC_v2,iterative,0.2855579868708972,0.3484848484848485
jazz,KFC_v2,iterative,0.2859226841721371,0.3484848484848485
jazz,KFC_v2,iterative,0.2862873814733771,0.3484848484848485
jazz,KFC_v2,iterative,0.28665207877461707,0.3484848484848485
jazz,KFC_v2,iterative,0.287016776075857,0.3484848484848485
jazz,KFC_v2,iterative,0.287381473377097,0.3484848484848485
jazz,KFC_v2,iterative,0.28774617067833697,0.3484848484848485
jazz,KFC_v2,iterative,0.28811086797957697,0.3484848484848485
jazz,KFC_v2,iterative,0.2884755652808169,0.3484848484848485
jazz,KFC_v2,iterative,0.2888402625820569,0.3484848484848485
jazz,KFC_v2,iterative,0.28920495988329686,0.3484848484848485
jazz,KFC_v2,iterative,0.2895696571845368,0.3484848484848485
jazz,KFC_v2,iterative,0.2899343544857768,0.3484848484848485
jazz,KFC_v2,iterative,0.29029905178701676,0.3484848484848485
jazz,KFC_v2,iterative,0.29066374908825676,0.3484848484848485
jazz,KFC_v2,iterative,0.2910284463894967,0.3484848484848485
jazz,KFC_v2,iterative,0.2913931436907367,0.3484848484848485
jazz,KFC_v2,iterative,0.29175784099197666,0.3484848484848485
jazz,KFC_v2,iterative,0.29212253829321666,0.3484848484848485
jazz,KFC_v2,iterative,0.2924872355944566,0.3484848484848485
jazz,KFC_v2,iterative,0.29285193289569655,0.3484848484848485
jazz,KFC_v2,iterative,0.29321663019693656,0.3484848484848485
jazz,KFC_v2,iterative,0.2935813274981765,0.3484848484848485
jazz,KFC_v2,iterative,0.2939460247994165,0.3484848484848485
jazz,KFC_v2,iterative,0.29431072210065645,0.3484848484848485
jazz,KFC_v2,iterative,0.29467541940189645,0.3484848484848485
jazz,KFC_v2,iterative,0.2950401167031364,0.3484848484848485
jazz,KFC_v2,iterative,0.29540481400437635,0.3484848484848485
jazz,KFC_v2,iterative,0.29576951130561635,0.3484848484848485
jazz,KFC_v2,iterative,0.2961342086068563,0.3484848484848485
jazz,KFC_v2,iterative,0.2964989059080963,0.3484848484848485
jazz,KFC_v2,iterative,0.29686360320933625,0.3484848484848485
jazz,KFC_v2,iterative,0.29722830051057625,0.3484848484848485
jazz,KFC_v2,iterative,0.2975929978118162,0.3484848484848485
jazz,KFC_v2,iterative,0.29795769511305614,0.3484848484848485
jazz,KFC_v2,iterative,0.29832239241429614,0.3484848484848485
jazz,KFC_v2,iterative,0.2986870897155361,0.3484848484848485
jazz,KFC_v2,iterative,0.2990517870167761,0.3484848484848485
jazz,KFC_v2,iterative,0.29941648431801604,0.3484848484848485
jazz,KFC_v2,iterative,0.29978118161925604,0.3484848484848485
jazz,KFC_v2,iterative,0.300145878920496,0.3484848484848485
jazz,KFC_v2,iterative,0.30051057622173594,0.3484848484848485
jazz,KFC_v2,iterative,0.30087527352297594,0.3484848484848485
jazz,KFC_v2,iterative,0.3012399708242159,0.3484848484848485
jazz,KFC_v2,iterative,0.3016046681254559,0.3484848484848485
jazz,KFC_v2,iterative,0.30196936542669583,0.3484848484848485
jazz,KFC_v2,iterative,0.30233406272793584,0.3484848484848485
jazz,KFC_v2,iterative,0.3026987600291758,0.3484848484848485
jazz,KFC_v2,iterative,0.3030634573304158,0.3484848484848485
jazz,KFC_v2,iterative,0.30342815463165573,0.3484848484848485
jazz,KFC_v2,iterative,0.3037928519328957,0.3484848484848485
jazz,KFC_v2,iterative,0.3041575492341357,0.3484848484848485
jazz,KFC_v2,iterative,0.30452224653537563,0.3484848484848485
jazz,KFC_v2,iterative,0.30488694383661563,0.3484848484848485
jazz,KFC_v2,iterative,0.3052516411378556,0.3484848484848485
jazz,KFC_v2,iterative,0.3056163384390956,0.3484848484848485
jazz,KFC_v2,iterative,0.3059810357403355,0.3484848484848485
jazz,KFC_v2,iterative,0.3063457330415755,0.3484848484848485
jazz,KFC_v2,iterative,0.3067104303428155,0.3484848484848485
jazz,KFC_v2,iterative,0.3070751276440554,0.3484848484848485
jazz,KFC_v2,iterative,0.3074398249452954,0.3484848484848485
jazz,KFC_v2,iterative,0.3078045222465354,0.3484848484848485
jazz,KFC_v2,iterative,0.3081692195477754,0.3484848484848485
jazz,KFC_v2,iterative,0.3085339168490153,0.3484848484848485
jazz,KFC_v2,iterative,0.30889861415025527,0.3484848484848485
jazz,KFC_v2,iterative,0.30926331145149527,0.3484848484848485
jazz,KFC_v2,iterative,0.3096280087527352,0.3484848484848485
jazz,KFC_v2,iterative,0.3099927060539752,0.3484848484848485
jazz,KFC_v2,iterative,0.31035740335521517,0.3484848484848485
jazz,KFC_v2,iterative,0.31072210065645517,0.3484848484848485
jazz,KFC_v2,iterative,0.3110867979576951,0.3484848484848485
jazz,KFC_v2,iterative,0.31145149525893506,0.3484848484848485
jazz,KFC_v2,iterative,0.31181619256017507,0.3484848484848485
jazz,KFC_v2,iterative,0.312180889861415,0.3484848484848485
jazz,KFC_v2,iterative,0.312545587162655,0.3484848484848485
jazz,KFC_v2,iterative,0.31291028446389496,0.3484848484848485
jazz,KFC_v2,iterative,0.31327498176513496,0.3484848484848485
jazz,KFC_v2,iterative,0.3136396790663749,0.3484848484848485
jazz,KFC_v2,iterative,0.31400437636761486,0.3484848484848485
jazz,KFC_v2,iterative,0.31436907366885486,0.3484848484848485
jazz,KFC_v2,iterative,0.3147337709700948,0.3484848484848485
jazz,KFC_v2,iterative,0.3150984682713348,0.3484848484848485
jazz,KFC_v2,iterative,0.31546316557257476,0.3484848484848485
jazz,KFC_v2,iterative,0.31582786287381476,0.3484848484848485
jazz,KFC_v2,iterative,0.3161925601750547,0.3484848484848485
jazz,KFC_v2,iterative,0.3165572574762947,0.3484848484848485
jazz,KFC_v2,iterative,0.31692195477753465,0.3484848484848485
jazz,KFC_v2,iterative,0.3172866520787746,0.3484848484848485
jazz,KFC_v2,iterative,0.3176513493800146,0.3484848484848485
jazz,KFC_v2,iterative,0.31801604668125455,0.3484848484848485
jazz,KFC_v2,iterative,0.31838074398249455,0.3484848484848485
jazz,KFC_v2,iterative,0.3187454412837345,0.3484848484848485
jazz,KFC_v2,iterative,0.3191101385849745,0.3484848484848485
jazz,KFC_v2,iterative,0.31947483588621445,0.3484848484848485
jazz,KFC_v2,iterative,0.3198395331874544,0.3484848484848485
jazz,KFC_v2,iterative,0.3202042304886944,0.3484848484848485
jazz,KFC_v2,iterative,0.32056892778993434,0.3484848484848485
jazz,KFC_v2,iterative,0.32093362509117435,0.3484848484848485
jazz,KFC_v2,iterative,0.3212983223924143,0.3484848484848485
jazz,KFC_v2,iterative,0.3216630196936543,0.3484848484848485
jazz,KFC_v2,iterative,0.32202771699489424,0.3484848484848485
jazz,KFC_v2,iterative,0.3223924142961342,0.3484848484848485
jazz,KFC_v2,iterative,0.3227571115973742,0.3484848484848485
jazz,KFC_v2,iterative,0.32312180889861414,0.3484848484848485
jazz,KFC_v2,iterative,0.32348650619985414,0.3484848484848485
jazz,KFC_v2,iterative,0.3238512035010941,0.3484848484848485
jazz,KFC_v2,iterative,0.3242159008023341,0.3484848484848485
jazz,KFC_v2,iterative,0.32458059810357404,0.3484848484848485
jazz,KFC_v2,iterative,0.324945295404814,0.3484848484848485
jazz,KFC_v2,iterative,0.325309992706054,0.3484848484848485
jazz,KFC_v2,iterative,0.32567469000729393,0.3484848484848485
jazz,KFC_v2,iterative,0.32603938730853393,0.3484848484848485
jazz,KFC_v2,iterative,0.3264040846097739,0.3484848484848485
jazz,KFC_v2,iterative,0.3267687819110139,0.3484848484848485
jazz,KFC_v2,iterative,0.32713347921225383,0.3484848484848485
jazz,KFC_v2,iterative,0.3274981765134938,0.3484848484848485
jazz,KFC_v2,iterative,0.3278628738147338,0.3484848484848485
jazz,KFC_v2,iterative,0.3282275711159737,0.3484848484848485
jazz,KFC_v2,iterative,0.32859226841721373,0.3484848484848485
jazz,KFC_v2,iterative,0.3289569657184537,0.3484848484848485
jazz,KFC_v2,iterative,0.3293216630196937,0.3484848484848485
jazz,KFC_v2,iterative,0.3296863603209336,0.3484848484848485
jazz,KFC_v2,iterative,0.3300510576221736,0.3484848484848485
jazz,KFC_v2,iterative,0.3304157549234136,0.3484848484848485
jazz,KFC_v2,iterative,0.3307804522246535,0.3484848484848485
jazz,KFC_v2,iterative,0.3311451495258935,0.3484848484848485
jazz,KFC_v2,iterative,0.33150984682713347,0.3484848484848485
jazz,KFC_v2,iterative,0.33187454412837347,0.3484848484848485
jazz,KFC_v2,iterative,0.3322392414296134,0.3484848484848485
jazz,KFC_v2,iterative,0.3326039387308534,0.3484848484848485
jazz,KFC_v2,iterative,0.33296863603209337,0.3484848484848485
jazz,KFC_v2,iterative,0.3333333333333333,0.3484848484848485
jazz,KFC_v2,iterative,0.3336980306345733,0.3484848484848485
jazz,KFC_v2,iterative,0.33406272793581326,0.3484848484848485
jazz,KFC_v2,iterative,0.33442742523705327,0.3484848484848485
jazz,KFC_v2,iterative,0.3347921225382932,0.3484848484848485
jazz,KFC_v2,iterative,0.3351568198395332,0.3484848484848485
jazz,KFC_v2,iterative,0.33552151714077316,0.3484848484848485
jazz,KFC_v2,iterative,0.3358862144420131,0.3484848484848485
jazz,KFC_v2,iterative,0.3362509117432531,0.3484848484848485
jazz,KFC_v2,iterative,0.33661560904449306,0.3484848484848485
jazz,KFC_v2,iterative,0.33698030634573306,0.3484848484848485
jazz,KFC_v2,iterative,0.337345003646973,0.3484848484848485
jazz,KFC_v2,iterative,0.337709700948213,0.3484848484848485
jazz,KFC_v2,iterative,0.33807439824945296,0.3484848484848485
jazz,KFC_v2,iterative,0.3384390955506929,0.3484848484848485
jazz,KFC_v2,iterative,0.3388037928519329,0.3484848484848485
jazz,KFC_v2,iterative,0.33916849015317285,0.3484848484848485
jazz,KFC_v2,iterative,0.33953318745441285,0.3484848484848485
jazz,KFC_v2,iterative,0.3398978847556528,0.3484848484848485
jazz,KFC_v2,iterative,0.3402625820568928,0.3484848484848485
jazz,KFC_v2,iterative,0.34062727935813275,0.3484848484848485
jazz,KFC_v2,iterative,0.3409919766593727,0.3484848484848485
jazz,KFC_v2,iterative,0.3413566739606127,0.3181818181818182
jazz,KFC_v2,iterative,0.34172137126185265,0.3181818181818182
jazz,KFC_v2,iterative,0.34208606856309265,0.3181818181818182
jazz,KFC_v2,iterative,0.3424507658643326,0.3181818181818182
jazz,KFC_v2,iterative,0.3428154631655726,0.3181818181818182
jazz,KFC_v2,iterative,0.34318016046681254,0.3181818181818182
jazz,KFC_v2,iterative,0.34354485776805255,0.3181818181818182
jazz,KFC_v2,iterative,0.3439095550692925,0.3181818181818182
jazz,KFC_v2,iterative,0.34427425237053244,0.3181818181818182
jazz,KFC_v2,iterative,0.34463894967177244,0.3181818181818182
jazz,KFC_v2,iterative,0.3450036469730124,0.3181818181818182
jazz,KFC_v2,iterative,0.3453683442742524,0.3181818181818182
jazz,KFC_v2,iterative,0.34573304157549234,0.3181818181818182
jazz,KFC_v2,iterative,0.34609773887673234,0.3181818181818182
jazz,KFC_v2,iterative,0.3464624361779723,0.3181818181818182
jazz,KFC_v2,iterative,0.34682713347921224,0.3181818181818182
jazz,KFC_v2,iterative,0.34719183078045224,0.3181818181818182
jazz,KFC_v2,iterative,0.3475565280816922,0.3181818181818182
jazz,KFC_v2,iterative,0.3479212253829322,0.3181818181818182
jazz,KFC_v2,iterative,0.34828592268417213,0.3181818181818182
jazz,KFC_v2,iterative,0.34865061998541214,0.3181818181818182
jazz,KFC_v2,iterative,0.3490153172866521,0.3181818181818182
jazz,KFC_v2,iterative,0.34938001458789203,0.3181818181818182
jazz,KFC_v2,iterative,0.34974471188913203,0.3181818181818182
jazz,KFC_v2,iterative,0.350109409190372,0.3181818181818182
jazz,KFC_v2,iterative,0.350474106491612,0.3181818181818182
jazz,KFC_v2,iterative,0.3508388037928519,0.3181818181818182
jazz,KFC_v2,iterative,0.35120350109409193,0.3181818181818182
jazz,KFC_v2,iterative,0.3515681983953319,0.3181818181818182
jazz,KFC_v2,iterative,0.3519328956965718,0.3181818181818182
jazz,KFC_v2,iterative,0.3522975929978118,0.3181818181818182
jazz,KFC_v2,iterative,0.3526622902990518,0.3181818181818182
jazz,KFC_v2,iterative,0.3530269876002918,0.3181818181818182
jazz,KFC_v2,iterative,0.3533916849015317,0.3181818181818182
jazz,KFC_v2,iterative,0.3537563822027717,0.3181818181818182
jazz,KFC_v2,iterative,0.35412107950401167,0.3181818181818182
jazz,KFC_v2,iterative,0.3544857768052517,0.3181818181818182
jazz,KFC_v2,iterative,0.3548504741064916,0.3181818181818182
jazz,KFC_v2,iterative,0.35521517140773157,0.3181818181818182
jazz,KFC_v2,iterative,0.35557986870897157,0.3181818181818182
jazz,KFC_v2,iterative,0.3559445660102115,0.3181818181818182
jazz,KFC_v2,iterative,0.3563092633114515,0.26262626262626265
jazz,KFC_v2,iterative,0.35667396061269147,0.26262626262626265
jazz,KFC_v2,iterative,0.35703865791393147,0.26262626262626265
jazz,KFC_v2,iterative,0.3574033552151714,0.26262626262626265
jazz,KFC_v2,iterative,0.35776805251641136,0.26262626262626265
jazz,KFC_v2,iterative,0.35813274981765136,0.26262626262626265
jazz,KFC_v2,iterative,0.3584974471188913,0.26262626262626265
jazz,KFC_v2,iterative,0.3588621444201313,0.26262626262626265
jazz,KFC_v2,iterative,0.35922684172137126,0.26262626262626265
jazz,KFC_v2,iterative,0.35959153902261126,0.26262626262626265
jazz,KFC_v2,iterative,0.3599562363238512,0.26262626262626265
jazz,KFC_v2,iterative,0.36032093362509116,0.26262626262626265
jazz,KFC_v2,iterative,0.36068563092633116,0.26262626262626265
jazz,KFC_v2,iterative,0.3610503282275711,0.26262626262626265
jazz,KFC_v2,iterative,0.3614150255288111,0.26262626262626265
jazz,KFC_v2,iterative,0.36177972283005105,0.26262626262626265
jazz,KFC_v2,iterative,0.36214442013129106,0.26262626262626265
jazz,KFC_v2,iterative,0.362509117432531,0.26262626262626265
jazz,KFC_v2,iterative,0.36287381473377095,0.26262626262626265
jazz,KFC_v2,iterative,0.36323851203501095,0.26262626262626265
jazz,KFC_v2,iterative,0.3636032093362509,0.26262626262626265
jazz,KFC_v2,iterative,0.3639679066374909,0.26262626262626265
jazz,KFC_v2,iterative,0.36433260393873085,0.26262626262626265
jazz,KFC_v2,iterative,0.36469730123997085,0.26262626262626265
jazz,KFC_v2,iterative,0.3650619985412108,0.26262626262626265
jazz,KFC_v2,iterative,0.36542669584245074,0.26262626262626265
jazz,KFC_v2,iterative,0.36579139314369075,0.26262626262626265
jazz,KFC_v2,iterative,0.3661560904449307,0.26262626262626265
jazz,KFC_v2,iterative,0.3665207877461707,0.26262626262626265
jazz,KFC_v2,iterative,0.36688548504741064,0.26262626262626265
jazz,KFC_v2,iterative,0.36725018234865064,0.26262626262626265
jazz,KFC_v2,iterative,0.3676148796498906,0.26262626262626265
jazz,KFC_v2,iterative,0.3679795769511306,0.26262626262626265
jazz,KFC_v2,iterative,0.36834427425237054,0.26262626262626265
jazz,KFC_v2,iterative,0.3687089715536105,0.26262626262626265
jazz,KFC_v2,iterative,0.3690736688548505,0.26262626262626265
jazz,KFC_v2,iterative,0.36943836615609044,0.26262626262626265
jazz,KFC_v2,iterative,0.36980306345733044,0.26262626262626265
jazz,KFC_v2,iterative,0.3701677607585704,0.26262626262626265
jazz,KFC_v2,iterative,0.3705324580598104,0.26262626262626265
jazz,KFC_v2,iterative,0.37089715536105033,0.26262626262626265
jazz,KFC_v2,iterative,0.3712618526622903,0.26262626262626265
jazz,KFC_v2,iterative,0.3716265499635303,0.26262626262626265
jazz,KFC_v2,iterative,0.37199124726477023,0.26262626262626265
jazz,KFC_v2,iterative,0.37235594456601023,0.26262626262626265
jazz,KFC_v2,iterative,0.3727206418672502,0.26262626262626265
jazz,KFC_v2,iterative,0.3730853391684902,0.26262626262626265
jazz,KFC_v2,iterative,0.37345003646973013,0.26262626262626265
jazz,KFC_v2,iterative,0.3738147337709701,0.26262626262626265
jazz,KFC_v2,iterative,0.3741794310722101,0.26262626262626265
jazz,KFC_v2,iterative,0.37454412837345,0.26262626262626265
jazz,KFC_v2,iterative,0.37490882567469,0.26262626262626265
jazz,KFC_v2,iterative,0.37527352297593,0.26262626262626265
jazz,KFC_v2,iterative,0.37563822027717,0.26262626262626265
jazz,KFC_v2,iterative,0.3760029175784099,0.26262626262626265
jazz,KFC_v2,iterative,0.37636761487964987,0.26262626262626265
jazz,KFC_v2,iterative,0.3767323121808899,0.26262626262626265
jazz,KFC_v2,iterative,0.3770970094821298,0.26262626262626265
jazz,KFC_v2,iterative,0.3774617067833698,0.26262626262626265
jazz,KFC_v2,iterative,0.37782640408460977,0.26262626262626265
jazz,KFC_v2,iterative,0.37819110138584977,0.26262626262626265
jazz,KFC_v2,iterative,0.3785557986870897,0.26262626262626265
jazz,KFC_v2,iterative,0.37892049598832966,0.26262626262626265
jazz,KFC_v2,iterative,0.37928519328956967,0.26262626262626265
jazz,KFC_v2,iterative,0.3796498905908096,0.26262626262626265
jazz,KFC_v2,iterative,0.3800145878920496,0.26262626262626265
jazz,KFC_v2,iterative,0.38037928519328956,0.26262626262626265
jazz,KFC_v2,iterative,0.38074398249452956,0.26262626262626265
jazz,KFC_v2,iterative,0.3811086797957695,0.26262626262626265
jazz,KFC_v2,iterative,0.3814733770970095,0.26262626262626265
jazz,KFC_v2,iterative,0.38183807439824946,0.26262626262626265
jazz,KFC_v2,iterative,0.3822027716994894,0.26262626262626265
jazz,KFC_v2,iterative,0.3825674690007294,0.26262626262626265
jazz,KFC_v2,iterative,0.38293216630196936,0.26262626262626265
jazz,KFC_v2,iterative,0.38329686360320936,0.26262626262626265
jazz,KFC_v2,iterative,0.3836615609044493,0.26262626262626265
jazz,KFC_v2,iterative,0.3840262582056893,0.26262626262626265
jazz,KFC_v2,iterative,0.38439095550692925,0.26262626262626265
jazz,KFC_v2,iterative,0.3847556528081692,0.26262626262626265
jazz,KFC_v2,iterative,0.3851203501094092,0.26262626262626265
jazz,KFC_v2,iterative,0.38548504741064915,0.26262626262626265
jazz,KFC_v2,iterative,0.38584974471188915,0.26262626262626265
jazz,KFC_v2,iterative,0.3862144420131291,0.26262626262626265
jazz,KFC_v2,iterative,0.3865791393143691,0.26262626262626265
jazz,KFC_v2,iterative,0.38694383661560905,0.26262626262626265
jazz,KFC_v2,iterative,0.387308533916849,0.26262626262626265
jazz,KFC_v2,iterative,0.387673231218089,0.26262626262626265
jazz,KFC_v2,iterative,0.38803792851932895,0.26262626262626265
jazz,KFC_v2,iterative,0.38840262582056895,0.26262626262626265
jazz,KFC_v2,iterative,0.3887673231218089,0.26262626262626265
jazz,KFC_v2,iterative,0.3891320204230489,0.26262626262626265
jazz,KFC_v2,iterative,0.38949671772428884,0.26262626262626265
jazz,KFC_v2,iterative,0.3898614150255288,0.26262626262626265
jazz,KFC_v2,iterative,0.3902261123267688,0.26262626262626265
jazz,KFC_v2,iterative,0.39059080962800874,0.26262626262626265
jazz,KFC_v2,iterative,0.39095550692924874,0.26262626262626265
jazz,KFC_v2,iterative,0.3913202042304887,0.26262626262626265
jazz,KFC_v2,iterative,0.3916849015317287,0.26262626262626265
jazz,KFC_v2,iterative,0.39204959883296864,0.26262626262626265
jazz,KFC_v2,iterative,0.3924142961342086,0.26262626262626265
jazz,KFC_v2,iterative,0.3927789934354486,0.26262626262626265
jazz,KFC_v2,iterative,0.39314369073668853,0.26262626262626265
jazz,KFC_v2,iterative,0.39350838803792854,0.26262626262626265
jazz,KFC_v2,iterative,0.3938730853391685,0.26262626262626265
jazz,KFC_v2,iterative,0.3942377826404085,0.26262626262626265
jazz,KFC_v2,iterative,0.39460247994164843,0.26262626262626265
jazz,KFC_v2,iterative,0.39496717724288843,0.26262626262626265
jazz,KFC_v2,iterative,0.3953318745441284,0.26262626262626265
jazz,KFC_v2,iterative,0.39569657184536833,0.26262626262626265
jazz,KFC_v2,iterative,0.39606126914660833,0.26262626262626265
jazz,KFC_v2,iterative,0.3964259664478483,0.26262626262626265
jazz,KFC_v2,iterative,0.3967906637490883,0.26262626262626265
jazz,KFC_v2,iterative,0.3971553610503282,0.26262626262626265
jazz,KFC_v2,iterative,0.39752005835156823,0.26262626262626265
jazz,KFC_v2,iterative,0.3978847556528082,0.26262626262626265
jazz,KFC_v2,iterative,0.3982494529540481,0.26262626262626265
jazz,KFC_v2,iterative,0.3986141502552881,0.26262626262626265
jazz,KFC_v2,iterative,0.39897884755652807,0.26262626262626265
jazz,KFC_v2,iterative,0.3993435448577681,0.26262626262626265
jazz,KFC_v2,iterative,0.399708242159008,0.26262626262626265
jazz,KFC_v2,iterative,0.400072939460248,0.26262626262626265
jazz,KFC_v2,iterative,0.40043763676148797,0.26262626262626265
jazz,KFC_v2,iterative,0.4008023340627279,0.26262626262626265
jazz,KFC_v2,iterative,0.4011670313639679,0.26262626262626265
jazz,KFC_v2,iterative,0.40153172866520787,0.26262626262626265
jazz,KFC_v2,iterative,0.40189642596644787,0.26262626262626265
jazz,KFC_v2,iterative,0.4022611232676878,0.26262626262626265
jazz,KFC_v2,iterative,0.4026258205689278,0.26262626262626265
jazz,KFC_v2,iterative,0.40299051787016776,0.26262626262626265
jazz,KFC_v2,iterative,0.4033552151714077,0.26262626262626265
jazz,KFC_v2,iterative,0.4037199124726477,0.26262626262626265
jazz,KFC_v2,iterative,0.40408460977388766,0.26262626262626265
jazz,KFC_v2,iterative,0.40444930707512766,0.26262626262626265
jazz,KFC_v2,iterative,0.4048140043763676,0.26262626262626265
jazz,KFC_v2,iterative,0.4051787016776076,0.26262626262626265
jazz,KFC_v2,iterative,0.40554339897884756,0.26262626262626265
jazz,KFC_v2,iterative,0.40590809628008756,0.26262626262626265
jazz,KFC_v2,iterative,0.4062727935813275,0.26262626262626265
jazz,KFC_v2,iterative,0.40663749088256745,0.26262626262626265
jazz,KFC_v2,iterative,0.40700218818380746,0.26262626262626265
jazz,KFC_v2,iterative,0.4073668854850474,0.26262626262626265
jazz,KFC_v2,iterative,0.4077315827862874,0.26262626262626265
jazz,KFC_v2,iterative,0.40809628008752735,0.26262626262626265
jazz,KFC_v2,iterative,0.40846097738876735,0.26262626262626265
jazz,KFC_v2,iterative,0.4088256746900073,0.26262626262626265
jazz,KFC_v2,iterative,0.40919037199124725,0.26262626262626265
jazz,KFC_v2,iterative,0.40955506929248725,0.26262626262626265
jazz,KFC_v2,iterative,0.4099197665937272,0.26262626262626265
jazz,KFC_v2,iterative,0.4102844638949672,0.26262626262626265
jazz,KFC_v2,iterative,0.41064916119620715,0.26262626262626265
jazz,KFC_v2,iterative,0.41101385849744715,0.26262626262626265
jazz,KFC_v2,iterative,0.4113785557986871,0.26262626262626265
jazz,KFC_v2,iterative,0.41174325309992704,0.26262626262626265
jazz,KFC_v2,iterative,0.41210795040116704,0.26262626262626265
jazz,KFC_v2,iterative,0.412472647702407,0.26262626262626265
jazz,KFC_v2,iterative,0.412837345003647,0.26262626262626265
jazz,KFC_v2,iterative,0.41320204230488694,0.26262626262626265
jazz,KFC_v2,iterative,0.41356673960612694,0.26262626262626265
jazz,KFC_v2,iterative,0.4139314369073669,0.26262626262626265
jazz,KFC_v2,iterative,0.41429613420860684,0.26262626262626265
jazz,KFC_v2,iterative,0.41466083150984684,0.26262626262626265
jazz,KFC_v2,iterative,0.4150255288110868,0.26262626262626265
jazz,KFC_v2,iterative,0.4153902261123268,0.26262626262626265
jazz,KFC_v2,iterative,0.41575492341356673,0.26262626262626265
jazz,KFC_v2,iterative,0.41611962071480674,0.26262626262626265
jazz,KFC_v2,iterative,0.4164843180160467,0.26262626262626265
jazz,KFC_v2,iterative,0.41684901531728663,0.26262626262626265
jazz,KFC_v2,iterative,0.41721371261852663,0.26262626262626265
jazz,KFC_v2,iterative,0.4175784099197666,0.26262626262626265
jazz,KFC_v2,iterative,0.4179431072210066,0.26262626262626265
jazz,KFC_v2,iterative,0.41830780452224653,0.26262626262626265
jazz,KFC_v2,iterative,0.41867250182348653,0.26262626262626265
jazz,KFC_v2,iterative,0.4190371991247265,0.26262626262626265
jazz,KFC_v2,iterative,0.4194018964259665,0.26262626262626265
jazz,KFC_v2,iterative,0.4197665937272064,0.26262626262626265
jazz,KFC_v2,iterative,0.4201312910284464,0.26262626262626265
jazz,KFC_v2,iterative,0.4204959883296864,0.26262626262626265
jazz,KFC_v2,iterative,0.4208606856309263,0.26262626262626265
jazz,KFC_v2,iterative,0.4212253829321663,0.26262626262626265
jazz,KFC_v2,iterative,0.4215900802334063,0.26262626262626265
jazz,KFC_v2,iterative,0.4219547775346463,0.26262626262626265
jazz,KFC_v2,iterative,0.4223194748358862,0.26262626262626265
jazz,KFC_v2,iterative,0.42268417213712617,0.26262626262626265
jazz,KFC_v2,iterative,0.42304886943836617,0.26262626262626265
jazz,KFC_v2,iterative,0.4234135667396061,0.26262626262626265
jazz,KFC_v2,iterative,0.4237782640408461,0.26262626262626265
jazz,KFC_v2,iterative,0.42414296134208607,0.26262626262626265
jazz,KFC_v2,iterative,0.42450765864332607,0.26262626262626265
jazz,KFC_v2,iterative,0.424872355944566,0.26262626262626265
jazz,KFC_v2,iterative,0.42523705324580596,0.26262626262626265
jazz,KFC_v2,iterative,0.42560175054704596,0.26262626262626265
jazz,KFC_v2,iterative,0.4259664478482859,0.26262626262626265
jazz,KFC_v2,iterative,0.4263311451495259,0.23737373737373738
jazz,KFC_v2,iterative,0.42669584245076586,0.23737373737373738
jazz,KFC_v2,iterative,0.42706053975200586,0.23737373737373738
jazz,KFC_v2,iterative,0.4274252370532458,0.23737373737373738
jazz,KFC_v2,iterative,0.42778993435448576,0.23737373737373738
jazz,KFC_v2,iterative,0.42815463165572576,0.23737373737373738
jazz,KFC_v2,iterative,0.4285193289569657,0.23737373737373738
jazz,KFC_v2,iterative,0.4288840262582057,0.23737373737373738
jazz,KFC_v2,iterative,0.42924872355944566,0.23737373737373738
jazz,KFC_v2,iterative,0.42961342086068566,0.23737373737373738
jazz,KFC_v2,iterative,0.4299781181619256,0.23737373737373738
jazz,KFC_v2,iterative,0.43034281546316555,0.23737373737373738
jazz,KFC_v2,iterative,0.43070751276440555,0.23737373737373738
jazz,KFC_v2,iterative,0.4310722100656455,0.23737373737373738
jazz,KFC_v2,iterative,0.4314369073668855,0.23737373737373738
jazz,KFC_v2,iterative,0.43180160466812545,0.23737373737373738
jazz,KFC_v2,iterative,0.43216630196936545,0.23737373737373738
jazz,KFC_v2,iterative,0.4325309992706054,0.23737373737373738
jazz,KFC_v2,iterative,0.4328956965718454,0.23737373737373738
jazz,KFC_v2,iterative,0.43326039387308535,0.23737373737373738
jazz,KFC_v2,iterative,0.4336250911743253,0.23737373737373738
jazz,KFC_v2,iterative,0.4339897884755653,0.23737373737373738
jazz,KFC_v2,iterative,0.43435448577680524,0.23737373737373738
jazz,KFC_v2,iterative,0.43471918307804525,0.23737373737373738
jazz,KFC_v2,iterative,0.4350838803792852,0.23737373737373738
jazz,KFC_v2,iterative,0.4354485776805252,0.23737373737373738
jazz,KFC_v2,iterative,0.43581327498176514,0.23737373737373738
jazz,KFC_v2,iterative,0.4361779722830051,0.23737373737373738
jazz,KFC_v2,iterative,0.4365426695842451,0.23737373737373738
jazz,KFC_v2,iterative,0.43690736688548504,0.23737373737373738
jazz,KFC_v2,iterative,0.43727206418672504,0.23737373737373738
jazz,KFC_v2,iterative,0.437636761487965,0.23737373737373738
jazz,KFC_v2,iterative,0.438001458789205,0.23737373737373738
jazz,KFC_v2,iterative,0.43836615609044494,0.23737373737373738
jazz,KFC_v2,iterative,0.4387308533916849,0.23737373737373738
jazz,KFC_v2,iterative,0.4390955506929249,0.23737373737373738
jazz,KFC_v2,iterative,0.43946024799416483,0.23737373737373738
jazz,KFC_v2,iterative,0.43982494529540483,0.23737373737373738
jazz,KFC_v2,iterative,0.4401896425966448,0.23737373737373738
jazz,KFC_v2,iterative,0.4405543398978848,0.23737373737373738
jazz,KFC_v2,iterative,0.44091903719912473,0.23737373737373738
jazz,KFC_v2,iterative,0.4412837345003647,0.23737373737373738
jazz,KFC_v2,iterative,0.4416484318016047,0.23737373737373738
jazz,KFC_v2,iterative,0.4420131291028446,0.23737373737373738
jazz,KFC_v2,iterative,0.44237782640408463,0.23737373737373738
jazz,KFC_v2,iterative,0.4427425237053246,0.23737373737373738
jazz,KFC_v2,iterative,0.4431072210065646,0.23737373737373738
jazz,KFC_v2,iterative,0.4434719183078045,0.23737373737373738
jazz,KFC_v2,iterative,0.44383661560904447,0.23737373737373738
jazz,KFC_v2,iterative,0.4442013129102845,0.23737373737373738
jazz,KFC_v2,iterative,0.4445660102115244,0.23737373737373738
jazz,KFC_v2,iterative,0.4449307075127644,0.23737373737373738
jazz,KFC_v2,iterative,0.44529540481400437,0.23737373737373738
jazz,KFC_v2,iterative,0.44566010211524437,0.23737373737373738
jazz,KFC_v2,iterative,0.4460247994164843,0.23737373737373738
jazz,KFC_v2,iterative,0.4463894967177243,0.23737373737373738
jazz,KFC_v2,iterative,0.44675419401896427,0.23737373737373738
jazz,KFC_v2,iterative,0.4471188913202042,0.23737373737373738
jazz,KFC_v2,iterative,0.4474835886214442,0.23737373737373738
jazz,KFC_v2,iterative,0.44784828592268416,0.23737373737373738
jazz,KFC_v2,iterative,0.44821298322392417,0.23737373737373738
jazz,KFC_v2,iterative,0.4485776805251641,0.23737373737373738
jazz,KFC_v2,iterative,0.4489423778264041,0.23737373737373738
jazz,KFC_v2,iterative,0.44930707512764406,0.23737373737373738
jazz,KFC_v2,iterative,0.449671772428884,0.23737373737373738
jazz,KFC_v2,iterative,0.450036469730124,0.23737373737373738
jazz,KFC_v2,iterative,0.45040116703136396,0.23737373737373738
jazz,KFC_v2,iterative,0.45076586433260396,0.23737373737373738
jazz,KFC_v2,iterative,0.4511305616338439,0.23737373737373738
jazz,KFC_v2,iterative,0.4514952589350839,0.23737373737373738
jazz,KFC_v2,iterative,0.45185995623632386,0.23737373737373738
jazz,KFC_v2,iterative,0.4522246535375638,0.23737373737373738
jazz,KFC_v2,iterative,0.4525893508388038,0.23737373737373738
jazz,KFC_v2,iterative,0.45295404814004375,0.23737373737373738
jazz,KFC_v2,iterative,0.45331874544128375,0.23737373737373738
jazz,KFC_v2,iterative,0.4536834427425237,0.23737373737373738
jazz,KFC_v2,iterative,0.4540481400437637,0.23737373737373738
jazz,KFC_v2,iterative,0.45441283734500365,0.23737373737373738
jazz,KFC_v2,iterative,0.4547775346462436,0.23737373737373738
jazz,KFC_v2,iterative,0.4551422319474836,0.23737373737373738
jazz,KFC_v2,iterative,0.45550692924872355,0.23737373737373738
jazz,KFC_v2,iterative,0.45587162654996355,0.23737373737373738
jazz,KFC_v2,iterative,0.4562363238512035,0.23737373737373738
jazz,KFC_v2,iterative,0.4566010211524435,0.23737373737373738
jazz,KFC_v2,iterative,0.45696571845368344,0.23737373737373738
jazz,KFC_v2,iterative,0.45733041575492345,0.23737373737373738
jazz,KFC_v2,iterative,0.4576951130561634,0.23737373737373738
jazz,KFC_v2,iterative,0.45805981035740334,0.23737373737373738
jazz,KFC_v2,iterative,0.45842450765864334,0.23737373737373738
jazz,KFC_v2,iterative,0.4587892049598833,0.23737373737373738
jazz,KFC_v2,iterative,0.4591539022611233,0.23737373737373738
jazz,KFC_v2,iterative,0.45951859956236324,0.23737373737373738
jazz,KFC_v2,iterative,0.45988329686360324,0.23737373737373738
jazz,KFC_v2,iterative,0.4602479941648432,0.23737373737373738
jazz,KFC_v2,iterative,0.46061269146608314,0.23737373737373738
jazz,KFC_v2,iterative,0.46097738876732314,0.23737373737373738
jazz,KFC_v2,iterative,0.4613420860685631,0.23737373737373738
jazz,KFC_v2,iterative,0.4617067833698031,0.23737373737373738
jazz,KFC_v2,iterative,0.46207148067104303,0.23737373737373738
jazz,KFC_v2,iterative,0.46243617797228304,0.23737373737373738
jazz,KFC_v2,iterative,0.462800875273523,0.23737373737373738
jazz,KFC_v2,iterative,0.46316557257476293,0.23737373737373738
jazz,KFC_v2,iterative,0.46353026987600293,0.23737373737373738
jazz,KFC_v2,iterative,0.4638949671772429,0.23737373737373738
jazz,KFC_v2,iterative,0.4642596644784829,0.23737373737373738
jazz,KFC_v2,iterative,0.4646243617797228,0.23737373737373738
jazz,KFC_v2,iterative,0.46498905908096283,0.23737373737373738
jazz,KFC_v2,iterative,0.4653537563822028,0.23737373737373738
jazz,KFC_v2,iterative,0.4657184536834427,0.23737373737373738
jazz,KFC_v2,iterative,0.4660831509846827,0.23737373737373738
jazz,KFC_v2,iterative,0.4664478482859227,0.23737373737373738
jazz,KFC_v2,iterative,0.4668125455871627,0.23737373737373738
jazz,KFC_v2,iterative,0.4671772428884026,0.23737373737373738
jazz,KFC_v2,iterative,0.4675419401896426,0.23737373737373738
jazz,KFC_v2,iterative,0.46790663749088257,0.23737373737373738
jazz,KFC_v2,iterative,0.4682713347921225,0.23737373737373738
jazz,KFC_v2,iterative,0.4686360320933625,0.23737373737373738
jazz,KFC_v2,iterative,0.46900072939460247,0.23737373737373738
jazz,KFC_v2,iterative,0.46936542669584247,0.23737373737373738
jazz,KFC_v2,iterative,0.4697301239970824,0.23737373737373738
jazz,KFC_v2,iterative,0.4700948212983224,0.23737373737373738
jazz,KFC_v2,iterative,0.47045951859956237,0.23737373737373738
jazz,KFC_v2,iterative,0.47082421590080237,0.23737373737373738
jazz,KFC_v2,iterative,0.4711889132020423,0.23737373737373738
jazz,KFC_v2,iterative,0.47155361050328226,0.23737373737373738
jazz,KFC_v2,iterative,0.47191830780452226,0.23737373737373738
jazz,KFC_v2,iterative,0.4722830051057622,0.23737373737373738
jazz,KFC_v2,iterative,0.4726477024070022,0.23737373737373738
jazz,KFC_v2,iterative,0.47301239970824216,0.23737373737373738
jazz,KFC_v2,iterative,0.47337709700948216,0.23737373737373738
jazz,KFC_v2,iterative,0.4737417943107221,0.23737373737373738
jazz,KFC_v2,iterative,0.47410649161196206,0.23737373737373738
jazz,KFC_v2,iterative,0.47447118891320206,0.23232323232323232
jazz,KFC_v2,iterative,0.474835886214442,0.23232323232323232
jazz,KFC_v2,iterative,0.475200583515682,0.23232323232323232
jazz,KFC_v2,iterative,0.47556528081692195,0.23232323232323232
jazz,KFC_v2,iterative,0.47592997811816196,0.23232323232323232
jazz,KFC_v2,iterative,0.4762946754194019,0.23232323232323232
jazz,KFC_v2,iterative,0.47665937272064185,0.23232323232323232
jazz,KFC_v2,iterative,0.47702407002188185,0.23232323232323232
jazz,KFC_v2,iterative,0.4773887673231218,0.23232323232323232
jazz,KFC_v2,iterative,0.4777534646243618,0.23232323232323232
jazz,KFC_v2,iterative,0.47811816192560175,0.23232323232323232
jazz,KFC_v2,iterative,0.47848285922684175,0.23232323232323232
jazz,KFC_v2,iterative,0.4788475565280817,0.23232323232323232
jazz,KFC_v2,iterative,0.47921225382932164,0.23232323232323232
jazz,KFC_v2,iterative,0.47957695113056165,0.23232323232323232
jazz,KFC_v2,iterative,0.4799416484318016,0.23232323232323232
jazz,KFC_v2,iterative,0.4803063457330416,0.23232323232323232
jazz,KFC_v2,iterative,0.48067104303428154,0.23232323232323232
jazz,KFC_v2,iterative,0.48103574033552154,0.23232323232323232
jazz,KFC_v2,iterative,0.4814004376367615,0.23232323232323232
jazz,KFC_v2,iterative,0.48176513493800144,0.23232323232323232
jazz,KFC_v2,iterative,0.48212983223924144,0.23232323232323232
jazz,KFC_v2,iterative,0.4824945295404814,0.23232323232323232
jazz,KFC_v2,iterative,0.4828592268417214,0.23232323232323232
jazz,KFC_v2,iterative,0.48322392414296134,0.23232323232323232
jazz,KFC_v2,iterative,0.48358862144420134,0.23232323232323232
jazz,KFC_v2,iterative,0.4839533187454413,0.23232323232323232
jazz,KFC_v2,iterative,0.4843180160466813,0.23232323232323232
jazz,KFC_v2,iterative,0.48468271334792123,0.23232323232323232
jazz,KFC_v2,iterative,0.4850474106491612,0.23232323232323232
jazz,KFC_v2,iterative,0.4854121079504012,0.23232323232323232
jazz,KFC_v2,iterative,0.48577680525164113,0.23232323232323232
jazz,KFC_v2,iterative,0.48614150255288113,0.23232323232323232
jazz,KFC_v2,iterative,0.4865061998541211,0.23232323232323232
jazz,KFC_v2,iterative,0.4868708971553611,0.23232323232323232
jazz,KFC_v2,iterative,0.48723559445660103,0.23232323232323232
jazz,KFC_v2,iterative,0.487600291757841,0.23232323232323232
jazz,KFC_v2,iterative,0.487964989059081,0.23232323232323232
jazz,KFC_v2,iterative,0.4883296863603209,0.23232323232323232
jazz,KFC_v2,iterative,0.4886943836615609,0.23232323232323232
jazz,KFC_v2,iterative,0.4890590809628009,0.23232323232323232
jazz,KFC_v2,iterative,0.4894237782640409,0.23232323232323232
jazz,KFC_v2,iterative,0.4897884755652808,0.23232323232323232
jazz,KFC_v2,iterative,0.49015317286652077,0.23232323232323232
jazz,KFC_v2,iterative,0.49051787016776077,0.23232323232323232
jazz,KFC_v2,iterative,0.4908825674690007,0.23232323232323232
jazz,KFC_v2,iterative,0.4912472647702407,0.23232323232323232
jazz,KFC_v2,iterative,0.49161196207148067,0.23232323232323232
jazz,KFC_v2,iterative,0.49197665937272067,0.23232323232323232
jazz,KFC_v2,iterative,0.4923413566739606,0.23232323232323232
jazz,KFC_v2,iterative,0.49270605397520056,0.23232323232323232
jazz,KFC_v2,iterative,0.49307075127644057,0.23232323232323232
jazz,KFC_v2,iterative,0.4934354485776805,0.23232323232323232
jazz,KFC_v2,iterative,0.4938001458789205,0.23232323232323232
jazz,KFC_v2,iterative,0.49416484318016046,0.23232323232323232
jazz,KFC_v2,iterative,0.49452954048140046,0.23232323232323232
jazz,KFC_v2,iterative,0.4948942377826404,0.23232323232323232
jazz,KFC_v2,iterative,0.49525893508388036,0.23232323232323232
jazz,KFC_v2,iterative,0.49562363238512036,0.23232323232323232
jazz,KFC_v2,iterative,0.4959883296863603,0.23232323232323232
jazz,KFC_v2,iterative,0.4963530269876003,0.23232323232323232
jazz,KFC_v2,iterative,0.49671772428884026,0.23232323232323232
jazz,KFC_v2,iterative,0.49708242159008026,0.23232323232323232
jazz,KFC_v2,iterative,0.4974471188913202,0.23232323232323232
jazz,KFC_v2,iterative,0.4978118161925602,0.23232323232323232
jazz,KFC_v2,iterative,0.49817651349380015,0.23232323232323232
jazz,KFC_v2,iterative,0.4985412107950401,0.23232323232323232
jazz,KFC_v2,iterative,0.4989059080962801,0.23232323232323232
jazz,KFC_v2,iterative,0.49927060539752005,0.23232323232323232
jazz,KFC_v2,iterative,0.49963530269876005,0.23232323232323232
jazz,KFC_v2,iterative,0.5,0.23232323232323232
jazz,KFC_v2,iterative,0.50036469730124,0.23232323232323232
jazz,KFC_v2,iterative,0.5007293946024799,0.23232323232323232
jazz,KFC_v2,iterative,0.5010940919037199,0.23232323232323232
jazz,KFC_v2,iterative,0.5014587892049599,0.23232323232323232
jazz,KFC_v2,iterative,0.5018234865061999,0.23232323232323232
jazz,KFC_v2,iterative,0.5021881838074398,0.23232323232323232
jazz,KFC_v2,iterative,0.5025528811086798,0.23232323232323232
jazz,KFC_v2,iterative,0.5029175784099198,0.23232323232323232
jazz,KFC_v2,iterative,0.5032822757111598,0.23232323232323232
jazz,KFC_v2,iterative,0.5036469730123997,0.23232323232323232
jazz,KFC_v2,iterative,0.5040116703136397,0.23232323232323232
jazz,KFC_v2,iterative,0.5043763676148797,0.23232323232323232
jazz,KFC_v2,iterative,0.5047410649161196,0.23232323232323232
jazz,KFC_v2,iterative,0.5051057622173596,0.23232323232323232
jazz,KFC_v2,iterative,0.5054704595185996,0.23232323232323232
jazz,KFC_v2,iterative,0.5058351568198396,0.23232323232323232
jazz,KFC_v2,iterative,0.5061998541210795,0.23232323232323232
jazz,KFC_v2,iterative,0.5065645514223195,0.23232323232323232
jazz,KFC_v2,iterative,0.5069292487235595,0.23232323232323232
jazz,KFC_v2,iterative,0.5072939460247994,0.23232323232323232
jazz,KFC_v2,iterative,0.5076586433260394,0.23232323232323232
jazz,KFC_v2,iterative,0.5080233406272794,0.23232323232323232
jazz,KFC_v2,iterative,0.5083880379285194,0.23232323232323232
jazz,KFC_v2,iterative,0.5087527352297593,0.23232323232323232
jazz,KFC_v2,iterative,0.5091174325309993,0.23232323232323232
jazz,KFC_v2,iterative,0.5094821298322393,0.23232323232323232
jazz,KFC_v2,iterative,0.5098468271334792,0.23232323232323232
jazz,KFC_v2,iterative,0.5102115244347192,0.23232323232323232
jazz,KFC_v2,iterative,0.5105762217359592,0.23232323232323232
jazz,KFC_v2,iterative,0.5109409190371992,0.23232323232323232
jazz,KFC_v2,iterative,0.5113056163384391,0.23232323232323232
jazz,KFC_v2,iterative,0.5116703136396791,0.23232323232323232
jazz,KFC_v2,iterative,0.5120350109409191,0.23232323232323232
jazz,KFC_v2,iterative,0.512399708242159,0.23232323232323232
jazz,KFC_v2,iterative,0.512764405543399,0.23232323232323232
jazz,KFC_v2,iterative,0.513129102844639,0.23232323232323232
jazz,KFC_v2,iterative,0.513493800145879,0.23232323232323232
jazz,KFC_v2,iterative,0.5138584974471189,0.23232323232323232
jazz,KFC_v2,iterative,0.5142231947483589,0.23232323232323232
jazz,KFC_v2,iterative,0.5145878920495989,0.23232323232323232
jazz,KFC_v2,iterative,0.5149525893508388,0.23232323232323232
jazz,KFC_v2,iterative,0.5153172866520788,0.23232323232323232
jazz,KFC_v2,iterative,0.5156819839533188,0.23232323232323232
jazz,KFC_v2,iterative,0.5160466812545588,0.23232323232323232
jazz,KFC_v2,iterative,0.5164113785557987,0.23232323232323232
jazz,KFC_v2,iterative,0.5167760758570387,0.23232323232323232
jazz,KFC_v2,iterative,0.5171407731582787,0.23232323232323232
jazz,KFC_v2,iterative,0.5175054704595186,0.23232323232323232
jazz,KFC_v2,iterative,0.5178701677607586,0.23232323232323232
jazz,KFC_v2,iterative,0.5182348650619986,0.23232323232323232
jazz,KFC_v2,iterative,0.5185995623632386,0.23232323232323232
jazz,KFC_v2,iterative,0.5189642596644785,0.23232323232323232
jazz,KFC_v2,iterative,0.5193289569657185,0.23232323232323232
jazz,KFC_v2,iterative,0.5196936542669585,0.23232323232323232
jazz,KFC_v2,iterative,0.5200583515681984,0.23232323232323232
jazz,KFC_v2,iterative,0.5204230488694384,0.23232323232323232
jazz,KFC_v2,iterative,0.5207877461706784,0.23232323232323232
jazz,KFC_v2,iterative,0.5211524434719184,0.23232323232323232
jazz,KFC_v2,iterative,0.5215171407731582,0.23232323232323232
jazz,KFC_v2,iterative,0.5218818380743983,0.23232323232323232
jazz,KFC_v2,iterative,0.5222465353756383,0.23232323232323232
jazz,KFC_v2,iterative,0.5226112326768781,0.23232323232323232
jazz,KFC_v2,iterative,0.5229759299781181,0.23232323232323232
jazz,KFC_v2,iterative,0.5233406272793582,0.23232323232323232
jazz,KFC_v2,iterative,0.5237053245805982,0.18686868686868688
jazz,KFC_v2,iterative,0.524070021881838,0.18686868686868688
jazz,KFC_v2,iterative,0.524434719183078,0.18686868686868688
jazz,KFC_v2,iterative,0.524799416484318,0.18686868686868688
jazz,KFC_v2,iterative,0.5251641137855579,0.18686868686868688
jazz,KFC_v2,iterative,0.5255288110867979,0.18686868686868688
jazz,KFC_v2,iterative,0.525893508388038,0.18686868686868688
jazz,KFC_v2,iterative,0.526258205689278,0.18686868686868688
jazz,KFC_v2,iterative,0.5266229029905178,0.18686868686868688
jazz,KFC_v2,iterative,0.5269876002917578,0.18686868686868688
jazz,KFC_v2,iterative,0.5273522975929978,0.16666666666666666
jazz,KFC_v2,iterative,0.5277169948942377,0.16666666666666666
jazz,KFC_v2,iterative,0.5280816921954777,0.16666666666666666
jazz,KFC_v2,iterative,0.5284463894967177,0.16666666666666666
jazz,KFC_v2,iterative,0.5288110867979577,0.16666666666666666
jazz,KFC_v2,iterative,0.5291757840991976,0.16666666666666666
jazz,KFC_v2,iterative,0.5295404814004376,0.16666666666666666
jazz,KFC_v2,iterative,0.5299051787016776,0.16666666666666666
jazz,KFC_v2,iterative,0.5302698760029176,0.16666666666666666
jazz,KFC_v2,iterative,0.5306345733041575,0.16666666666666666
jazz,KFC_v2,iterative,0.5309992706053975,0.16666666666666666
jazz,KFC_v2,iterative,0.5313639679066375,0.16666666666666666
jazz,KFC_v2,iterative,0.5317286652078774,0.16666666666666666
jazz,KFC_v2,iterative,0.5320933625091174,0.16666666666666666
jazz,KFC_v2,iterative,0.5324580598103574,0.16666666666666666
jazz,KFC_v2,iterative,0.5328227571115974,0.16666666666666666
jazz,KFC_v2,iterative,0.5331874544128373,0.16666666666666666
jazz,KFC_v2,iterative,0.5335521517140773,0.16666666666666666
jazz,KFC_v2,iterative,0.5339168490153173,0.16666666666666666
jazz,KFC_v2,iterative,0.5342815463165572,0.16666666666666666
jazz,KFC_v2,iterative,0.5346462436177972,0.16666666666666666
jazz,KFC_v2,iterative,0.5350109409190372,0.16666666666666666
jazz,KFC_v2,iterative,0.5353756382202772,0.16666666666666666
jazz,KFC_v2,iterative,0.5357403355215171,0.16666666666666666
jazz,KFC_v2,iterative,0.5361050328227571,0.16666666666666666
jazz,KFC_v2,iterative,0.5364697301239971,0.16666666666666666
jazz,KFC_v2,iterative,0.536834427425237,0.16666666666666666
jazz,KFC_v2,iterative,0.537199124726477,0.16666666666666666
jazz,KFC_v2,iterative,0.537563822027717,0.16666666666666666
jazz,KFC_v2,iterative,0.537928519328957,0.16666666666666666
jazz,KFC_v2,iterative,0.5382932166301969,0.16666666666666666
jazz,KFC_v2,iterative,0.5386579139314369,0.16666666666666666
jazz,KFC_v2,iterative,0.5390226112326769,0.16666666666666666
jazz,KFC_v2,iterative,0.5393873085339168,0.16666666666666666
jazz,KFC_v2,iterative,0.5397520058351568,0.16666666666666666
jazz,KFC_v2,iterative,0.5401167031363968,0.16666666666666666
jazz,KFC_v2,iterative,0.5404814004376368,0.16666666666666666
jazz,KFC_v2,iterative,0.5408460977388767,0.16666666666666666
jazz,KFC_v2,iterative,0.5412107950401167,0.16666666666666666
jazz,KFC_v2,iterative,0.5415754923413567,0.16666666666666666
jazz,KFC_v2,iterative,0.5419401896425966,0.16666666666666666
jazz,KFC_v2,iterative,0.5423048869438366,0.16666666666666666
jazz,KFC_v2,iterative,0.5426695842450766,0.16666666666666666
jazz,KFC_v2,iterative,0.5430342815463166,0.16666666666666666
jazz,KFC_v2,iterative,0.5433989788475565,0.16666666666666666
jazz,KFC_v2,iterative,0.5437636761487965,0.16666666666666666
jazz,KFC_v2,iterative,0.5441283734500365,0.16666666666666666
jazz,KFC_v2,iterative,0.5444930707512764,0.16666666666666666
jazz,KFC_v2,iterative,0.5448577680525164,0.16666666666666666
jazz,KFC_v2,iterative,0.5452224653537564,0.16666666666666666
jazz,KFC_v2,iterative,0.5455871626549964,0.16666666666666666
jazz,KFC_v2,iterative,0.5459518599562363,0.16666666666666666
jazz,KFC_v2,iterative,0.5463165572574763,0.16666666666666666
jazz,KFC_v2,iterative,0.5466812545587163,0.16666666666666666
jazz,KFC_v2,iterative,0.5470459518599562,0.16666666666666666
jazz,KFC_v2,iterative,0.5474106491611962,0.16666666666666666
jazz,KFC_v2,iterative,0.5477753464624362,0.16666666666666666
jazz,KFC_v2,iterative,0.5481400437636762,0.16666666666666666
jazz,KFC_v2,iterative,0.5485047410649161,0.16666666666666666
jazz,KFC_v2,iterative,0.5488694383661561,0.16666666666666666
jazz,KFC_v2,iterative,0.5492341356673961,0.16666666666666666
jazz,KFC_v2,iterative,0.549598832968636,0.16666666666666666
jazz,KFC_v2,iterative,0.549963530269876,0.16666666666666666
jazz,KFC_v2,iterative,0.550328227571116,0.16666666666666666
jazz,KFC_v2,iterative,0.550692924872356,0.16666666666666666
jazz,KFC_v2,iterative,0.5510576221735959,0.16666666666666666
jazz,KFC_v2,iterative,0.5514223194748359,0.16666666666666666
jazz,KFC_v2,iterative,0.5517870167760759,0.16666666666666666
jazz,KFC_v2,iterative,0.5521517140773158,0.16666666666666666
jazz,KFC_v2,iterative,0.5525164113785558,0.16666666666666666
jazz,KFC_v2,iterative,0.5528811086797958,0.16666666666666666
jazz,KFC_v2,iterative,0.5532458059810358,0.16666666666666666
jazz,KFC_v2,iterative,0.5536105032822757,0.16666666666666666
jazz,KFC_v2,iterative,0.5539752005835157,0.16666666666666666
jazz,KFC_v2,iterative,0.5543398978847557,0.16666666666666666
jazz,KFC_v2,iterative,0.5547045951859957,0.16666666666666666
jazz,KFC_v2,iterative,0.5550692924872356,0.16666666666666666
jazz,KFC_v2,iterative,0.5554339897884756,0.16666666666666666
jazz,KFC_v2,iterative,0.5557986870897156,0.16666666666666666
jazz,KFC_v2,iterative,0.5561633843909555,0.16666666666666666
jazz,KFC_v2,iterative,0.5565280816921955,0.16666666666666666
jazz,KFC_v2,iterative,0.5568927789934355,0.16666666666666666
jazz,KFC_v2,iterative,0.5572574762946755,0.16666666666666666
jazz,KFC_v2,iterative,0.5576221735959154,0.16666666666666666
jazz,KFC_v2,iterative,0.5579868708971554,0.16666666666666666
jazz,KFC_v2,iterative,0.5583515681983954,0.16666666666666666
jazz,KFC_v2,iterative,0.5587162654996353,0.16666666666666666
jazz,KFC_v2,iterative,0.5590809628008753,0.16666666666666666
jazz,KFC_v2,iterative,0.5594456601021153,0.16666666666666666
jazz,KFC_v2,iterative,0.5598103574033553,0.16666666666666666
jazz,KFC_v2,iterative,0.5601750547045952,0.16666666666666666
jazz,KFC_v2,iterative,0.5605397520058352,0.16666666666666666
jazz,KFC_v2,iterative,0.5609044493070752,0.16666666666666666
jazz,KFC_v2,iterative,0.5612691466083151,0.16666666666666666
jazz,KFC_v2,iterative,0.5616338439095551,0.16666666666666666
jazz,KFC_v2,iterative,0.5619985412107951,0.16666666666666666
jazz,KFC_v2,iterative,0.5623632385120351,0.16666666666666666
jazz,KFC_v2,iterative,0.562727935813275,0.16666666666666666
jazz,KFC_v2,iterative,0.563092633114515,0.16666666666666666
jazz,KFC_v2,iterative,0.563457330415755,0.16666666666666666
jazz,KFC_v2,iterative,0.5638220277169949,0.16666666666666666
jazz,KFC_v2,iterative,0.5641867250182349,0.16666666666666666
jazz,KFC_v2,iterative,0.5645514223194749,0.16666666666666666
jazz,KFC_v2,iterative,0.5649161196207149,0.16666666666666666
jazz,KFC_v2,iterative,0.5652808169219548,0.16666666666666666
jazz,KFC_v2,iterative,0.5656455142231948,0.16666666666666666
jazz,KFC_v2,iterative,0.5660102115244348,0.16666666666666666
jazz,KFC_v2,iterative,0.5663749088256747,0.16666666666666666
jazz,KFC_v2,iterative,0.5667396061269147,0.16666666666666666
jazz,KFC_v2,iterative,0.5671043034281547,0.16666666666666666
jazz,KFC_v2,iterative,0.5674690007293947,0.16666666666666666
jazz,KFC_v2,iterative,0.5678336980306345,0.16666666666666666
jazz,KFC_v2,iterative,0.5681983953318746,0.16666666666666666
jazz,KFC_v2,iterative,0.5685630926331146,0.16666666666666666
jazz,KFC_v2,iterative,0.5689277899343544,0.16666666666666666
jazz,KFC_v2,iterative,0.5692924872355944,0.16666666666666666
jazz,KFC_v2,iterative,0.5696571845368344,0.16666666666666666
jazz,KFC_v2,iterative,0.5700218818380745,0.16666666666666666
jazz,KFC_v2,iterative,0.5703865791393143,0.16666666666666666
jazz,KFC_v2,iterative,0.5707512764405543,0.16666666666666666
jazz,KFC_v2,iterative,0.5711159737417943,0.16666666666666666
jazz,KFC_v2,iterative,0.5714806710430342,0.16666666666666666
jazz,KFC_v2,iterative,0.5718453683442742,0.16666666666666666
jazz,KFC_v2,iterative,0.5722100656455142,0.16666666666666666
jazz,KFC_v2,iterative,0.5725747629467542,0.16666666666666666
jazz,KFC_v2,iterative,0.5729394602479941,0.16666666666666666
jazz,KFC_v2,iterative,0.5733041575492341,0.16666666666666666
jazz,KFC_v2,iterative,0.5736688548504741,0.16666666666666666
jazz,KFC_v2,iterative,0.574033552151714,0.16666666666666666
jazz,KFC_v2,iterative,0.574398249452954,0.16666666666666666
jazz,KFC_v2,iterative,0.574762946754194,0.16666666666666666
jazz,KFC_v2,iterative,0.575127644055434,0.16161616161616163
jazz,KFC_v2,iterative,0.5754923413566739,0.16161616161616163
jazz,KFC_v2,iterative,0.5758570386579139,0.16161616161616163
jazz,KFC_v2,iterative,0.5762217359591539,0.16161616161616163
jazz,KFC_v2,iterative,0.5765864332603938,0.16161616161616163
jazz,KFC_v2,iterative,0.5769511305616338,0.16161616161616163
jazz,KFC_v2,iterative,0.5773158278628738,0.16161616161616163
jazz,KFC_v2,iterative,0.5776805251641138,0.16161616161616163
jazz,KFC_v2,iterative,0.5780452224653537,0.16161616161616163
jazz,KFC_v2,iterative,0.5784099197665937,0.16161616161616163
jazz,KFC_v2,iterative,0.5787746170678337,0.16161616161616163
jazz,KFC_v2,iterative,0.5791393143690736,0.16161616161616163
jazz,KFC_v2,iterative,0.5795040116703136,0.16161616161616163
jazz,KFC_v2,iterative,0.5798687089715536,0.16161616161616163
jazz,KFC_v2,iterative,0.5802334062727936,0.16161616161616163
jazz,KFC_v2,iterative,0.5805981035740335,0.16161616161616163
jazz,KFC_v2,iterative,0.5809628008752735,0.16161616161616163
jazz,KFC_v2,iterative,0.5813274981765135,0.16161616161616163
jazz,KFC_v2,iterative,0.5816921954777535,0.16161616161616163
jazz,KFC_v2,iterative,0.5820568927789934,0.16161616161616163
jazz,KFC_v2,iterative,0.5824215900802334,0.16161616161616163
jazz,KFC_v2,iterative,0.5827862873814734,0.16161616161616163
jazz,KFC_v2,iterative,0.5831509846827133,0.16161616161616163
jazz,KFC_v2,iterative,0.5835156819839533,0.16161616161616163
jazz,KFC_v2,iterative,0.5838803792851933,0.16161616161616163
jazz,KFC_v2,iterative,0.5842450765864333,0.16161616161616163
jazz,KFC_v2,iterative,0.5846097738876732,0.16161616161616163
jazz,KFC_v2,iterative,0.5849744711889132,0.16161616161616163
jazz,KFC_v2,iterative,0.5853391684901532,0.16161616161616163
jazz,KFC_v2,iterative,0.5857038657913931,0.16161616161616163
jazz,KFC_v2,iterative,0.5860685630926331,0.16161616161616163
jazz,KFC_v2,iterative,0.5864332603938731,0.16161616161616163
jazz,KFC_v2,iterative,0.5867979576951131,0.16161616161616163
jazz,KFC_v2,iterative,0.587162654996353,0.16161616161616163
jazz,KFC_v2,iterative,0.587527352297593,0.16161616161616163
jazz,KFC_v2,iterative,0.587892049598833,0.16161616161616163
jazz,KFC_v2,iterative,0.5882567469000729,0.16161616161616163
jazz,KFC_v2,iterative,0.5886214442013129,0.16161616161616163
jazz,KFC_v2,iterative,0.5889861415025529,0.16161616161616163
jazz,KFC_v2,iterative,0.5893508388037929,0.16161616161616163
jazz,KFC_v2,iterative,0.5897155361050328,0.16161616161616163
jazz,KFC_v2,iterative,0.5900802334062728,0.16161616161616163
jazz,KFC_v2,iterative,0.5904449307075128,0.16161616161616163
jazz,KFC_v2,iterative,0.5908096280087527,0.16161616161616163
jazz,KFC_v2,iterative,0.5911743253099927,0.16161616161616163
jazz,KFC_v2,iterative,0.5915390226112327,0.16161616161616163
jazz,KFC_v2,iterative,0.5919037199124727,0.16161616161616163
jazz,KFC_v2,iterative,0.5922684172137126,0.16161616161616163
jazz,KFC_v2,iterative,0.5926331145149526,0.16161616161616163
jazz,KFC_v2,iterative,0.5929978118161926,0.16161616161616163
jazz,KFC_v2,iterative,0.5933625091174325,0.16161616161616163
jazz,KFC_v2,iterative,0.5937272064186725,0.16161616161616163
jazz,KFC_v2,iterative,0.5940919037199125,0.16161616161616163
jazz,KFC_v2,iterative,0.5944566010211525,0.16161616161616163
jazz,KFC_v2,iterative,0.5948212983223924,0.16161616161616163
jazz,KFC_v2,iterative,0.5951859956236324,0.16161616161616163
jazz,KFC_v2,iterative,0.5955506929248724,0.16161616161616163
jazz,KFC_v2,iterative,0.5959153902261123,0.16161616161616163
jazz,KFC_v2,iterative,0.5962800875273523,0.16161616161616163
jazz,KFC_v2,iterative,0.5966447848285923,0.16161616161616163
jazz,KFC_v2,iterative,0.5970094821298323,0.16161616161616163
jazz,KFC_v2,iterative,0.5973741794310722,0.12626262626262627
jazz,KFC_v2,iterative,0.5977388767323122,0.12626262626262627
jazz,KFC_v2,iterative,0.5981035740335522,0.12626262626262627
jazz,KFC_v2,iterative,0.5984682713347921,0.12626262626262627
jazz,KFC_v2,iterative,0.5988329686360321,0.12626262626262627
jazz,KFC_v2,iterative,0.5991976659372721,0.12626262626262627
jazz,KFC_v2,iterative,0.5995623632385121,0.12626262626262627
jazz,KFC_v2,iterative,0.599927060539752,0.12626262626262627
jazz,KFC_v2,iterative,0.600291757840992,0.12626262626262627
jazz,KFC_v2,iterative,0.600656455142232,0.12626262626262627
jazz,KFC_v2,iterative,0.6010211524434719,0.12626262626262627
jazz,KFC_v2,iterative,0.6013858497447119,0.12626262626262627
jazz,KFC_v2,iterative,0.6017505470459519,0.12626262626262627
jazz,KFC_v2,iterative,0.6021152443471919,0.12626262626262627
jazz,KFC_v2,iterative,0.6024799416484318,0.12626262626262627
jazz,KFC_v2,iterative,0.6028446389496718,0.12626262626262627
jazz,KFC_v2,iterative,0.6032093362509118,0.12626262626262627
jazz,KFC_v2,iterative,0.6035740335521517,0.12626262626262627
jazz,KFC_v2,iterative,0.6039387308533917,0.12626262626262627
jazz,KFC_v2,iterative,0.6043034281546317,0.12626262626262627
jazz,KFC_v2,iterative,0.6046681254558717,0.12626262626262627
jazz,KFC_v2,iterative,0.6050328227571116,0.12626262626262627
jazz,KFC_v2,iterative,0.6053975200583516,0.12626262626262627
jazz,KFC_v2,iterative,0.6057622173595916,0.12626262626262627
jazz,KFC_v2,iterative,0.6061269146608316,0.12626262626262627
jazz,KFC_v2,iterative,0.6064916119620715,0.12626262626262627
jazz,KFC_v2,iterative,0.6068563092633115,0.12626262626262627
jazz,KFC_v2,iterative,0.6072210065645515,0.12626262626262627
jazz,KFC_v2,iterative,0.6075857038657914,0.12626262626262627
jazz,KFC_v2,iterative,0.6079504011670314,0.12626262626262627
jazz,KFC_v2,iterative,0.6083150984682714,0.12626262626262627
jazz,KFC_v2,iterative,0.6086797957695114,0.12626262626262627
jazz,KFC_v2,iterative,0.6090444930707513,0.12626262626262627
jazz,KFC_v2,iterative,0.6094091903719913,0.12626262626262627
jazz,KFC_v2,iterative,0.6097738876732313,0.12626262626262627
jazz,KFC_v2,iterative,0.6101385849744712,0.12626262626262627
jazz,KFC_v2,iterative,0.6105032822757112,0.12626262626262627
jazz,KFC_v2,iterative,0.6108679795769512,0.12626262626262627
jazz,KFC_v2,iterative,0.6112326768781912,0.12626262626262627
jazz,KFC_v2,iterative,0.611597374179431,0.12626262626262627
jazz,KFC_v2,iterative,0.611962071480671,0.12626262626262627
jazz,KFC_v2,iterative,0.6123267687819111,0.12626262626262627
jazz,KFC_v2,iterative,0.612691466083151,0.12626262626262627
jazz,KFC_v2,iterative,0.613056163384391,0.12626262626262627
jazz,KFC_v2,iterative,0.613420860685631,0.12626262626262627
jazz,KFC_v2,iterative,0.613785557986871,0.12626262626262627
jazz,KFC_v2,iterative,0.6141502552881108,0.12626262626262627
jazz,KFC_v2,iterative,0.6145149525893508,0.12626262626262627
jazz,KFC_v2,iterative,0.6148796498905909,0.12626262626262627
jazz,KFC_v2,iterative,0.6152443471918307,0.12626262626262627
jazz,KFC_v2,iterative,0.6156090444930707,0.12626262626262627
jazz,KFC_v2,iterative,0.6159737417943107,0.12626262626262627
jazz,KFC_v2,iterative,0.6163384390955507,0.12626262626262627
jazz,KFC_v2,iterative,0.6167031363967906,0.12626262626262627
jazz,KFC_v2,iterative,0.6170678336980306,0.11616161616161616
jazz,KFC_v2,iterative,0.6174325309992706,0.11616161616161616
jazz,KFC_v2,iterative,0.6177972283005105,0.11616161616161616
jazz,KFC_v2,iterative,0.6181619256017505,0.11616161616161616
jazz,KFC_v2,iterative,0.6185266229029905,0.11616161616161616
jazz,KFC_v2,iterative,0.6188913202042305,0.11616161616161616
jazz,KFC_v2,iterative,0.6192560175054704,0.11616161616161616
jazz,KFC_v2,iterative,0.6196207148067104,0.11616161616161616
jazz,KFC_v2,iterative,0.6199854121079504,0.11616161616161616
jazz,KFC_v2,iterative,0.6203501094091903,0.11616161616161616
jazz,KFC_v2,iterative,0.6207148067104303,0.11616161616161616
jazz,KFC_v2,iterative,0.6210795040116703,0.11616161616161616
jazz,KFC_v2,iterative,0.6214442013129103,0.11616161616161616
jazz,KFC_v2,iterative,0.6218088986141502,0.11616161616161616
jazz,KFC_v2,iterative,0.6221735959153902,0.11616161616161616
jazz,KFC_v2,iterative,0.6225382932166302,0.11616161616161616
jazz,KFC_v2,iterative,0.6229029905178701,0.11616161616161616
jazz,KFC_v2,iterative,0.6232676878191101,0.11616161616161616
jazz,KFC_v2,iterative,0.6236323851203501,0.11616161616161616
jazz,KFC_v2,iterative,0.6239970824215901,0.11616161616161616
jazz,KFC_v2,iterative,0.62436177972283,0.11616161616161616
jazz,KFC_v2,iterative,0.62472647702407,0.11616161616161616
jazz,KFC_v2,iterative,0.62509117432531,0.11616161616161616
jazz,KFC_v2,iterative,0.6254558716265499,0.11616161616161616
jazz,KFC_v2,iterative,0.6258205689277899,0.11616161616161616
jazz,KFC_v2,iterative,0.6261852662290299,0.11616161616161616
jazz,KFC_v2,iterative,0.6265499635302699,0.11616161616161616
jazz,KFC_v2,iterative,0.6269146608315098,0.11616161616161616
jazz,KFC_v2,iterative,0.6272793581327498,0.11616161616161616
jazz,KFC_v2,iterative,0.6276440554339898,0.11616161616161616
jazz,KFC_v2,iterative,0.6280087527352297,0.11616161616161616
jazz,KFC_v2,iterative,0.6283734500364697,0.11616161616161616
jazz,KFC_v2,iterative,0.6287381473377097,0.11616161616161616
jazz,KFC_v2,iterative,0.6291028446389497,0.11616161616161616
jazz,KFC_v2,iterative,0.6294675419401896,0.11616161616161616
jazz,KFC_v2,iterative,0.6298322392414296,0.11616161616161616
jazz,KFC_v2,iterative,0.6301969365426696,0.11616161616161616
jazz,KFC_v2,iterative,0.6305616338439095,0.11616161616161616
jazz,KFC_v2,iterative,0.6309263311451495,0.11616161616161616
jazz,KFC_v2,iterative,0.6312910284463895,0.11616161616161616
jazz,KFC_v2,iterative,0.6316557257476295,0.11616161616161616
jazz,KFC_v2,iterative,0.6320204230488694,0.11616161616161616
jazz,KFC_v2,iterative,0.6323851203501094,0.11616161616161616
jazz,KFC_v2,iterative,0.6327498176513494,0.11616161616161616
jazz,KFC_v2,iterative,0.6331145149525894,0.11616161616161616
jazz,KFC_v2,iterative,0.6334792122538293,0.11616161616161616
jazz,KFC_v2,iterative,0.6338439095550693,0.11616161616161616
jazz,KFC_v2,iterative,0.6342086068563093,0.11616161616161616
jazz,KFC_v2,iterative,0.6345733041575492,0.10606060606060606
jazz,KFC_v2,iterative,0.6349380014587892,0.10606060606060606
jazz,KFC_v2,iterative,0.6353026987600292,0.10606060606060606
jazz,KFC_v2,iterative,0.6356673960612692,0.10606060606060606
jazz,KFC_v2,iterative,0.6360320933625091,0.10606060606060606
jazz,KFC_v2,iterative,0.6363967906637491,0.10606060606060606
jazz,KFC_v2,iterative,0.6367614879649891,0.10606060606060606
jazz,KFC_v2,iterative,0.637126185266229,0.10606060606060606
jazz,KFC_v2,iterative,0.637490882567469,0.10606060606060606
jazz,KFC_v2,iterative,0.637855579868709,0.10606060606060606
jazz,KFC_v2,iterative,0.638220277169949,0.10606060606060606
jazz,KFC_v2,iterative,0.6385849744711889,0.10606060606060606
jazz,KFC_v2,iterative,0.6389496717724289,0.10606060606060606
jazz,KFC_v2,iterative,0.6393143690736689,0.10606060606060606
jazz,KFC_v2,iterative,0.6396790663749088,0.10606060606060606
jazz,KFC_v2,iterative,0.6400437636761488,0.10606060606060606
jazz,KFC_v2,iterative,0.6404084609773888,0.10606060606060606
jazz,KFC_v2,iterative,0.6407731582786288,0.10606060606060606
jazz,KFC_v2,iterative,0.6411378555798687,0.10606060606060606
jazz,KFC_v2,iterative,0.6415025528811087,0.10606060606060606
jazz,KFC_v2,iterative,0.6418672501823487,0.10606060606060606
jazz,KFC_v2,iterative,0.6422319474835886,0.10606060606060606
jazz,KFC_v2,iterative,0.6425966447848286,0.10606060606060606
jazz,KFC_v2,iterative,0.6429613420860686,0.10606060606060606
jazz,KFC_v2,iterative,0.6433260393873086,0.10606060606060606
jazz,KFC_v2,iterative,0.6436907366885485,0.10606060606060606
jazz,KFC_v2,iterative,0.6440554339897885,0.10606060606060606
jazz,KFC_v2,iterative,0.6444201312910285,0.10606060606060606
jazz,KFC_v2,iterative,0.6447848285922684,0.10606060606060606
jazz,KFC_v2,iterative,0.6451495258935084,0.10606060606060606
jazz,KFC_v2,iterative,0.6455142231947484,0.10606060606060606
jazz,KFC_v2,iterative,0.6458789204959884,0.10606060606060606
jazz,KFC_v2,iterative,0.6462436177972283,0.10606060606060606
jazz,KFC_v2,iterative,0.6466083150984683,0.10606060606060606
jazz,KFC_v2,iterative,0.6469730123997083,0.10606060606060606
jazz,KFC_v2,iterative,0.6473377097009482,0.10606060606060606
jazz,KFC_v2,iterative,0.6477024070021882,0.10606060606060606
jazz,KFC_v2,iterative,0.6480671043034282,0.10606060606060606
jazz,KFC_v2,iterative,0.6484318016046682,0.10606060606060606
jazz,KFC_v2,iterative,0.6487964989059081,0.10606060606060606
jazz,KFC_v2,iterative,0.6491611962071481,0.10606060606060606
jazz,KFC_v2,iterative,0.6495258935083881,0.10606060606060606
jazz,KFC_v2,iterative,0.649890590809628,0.10606060606060606
jazz,KFC_v2,iterative,0.650255288110868,0.10606060606060606
jazz,KFC_v2,iterative,0.650619985412108,0.10606060606060606
jazz,KFC_v2,iterative,0.650984682713348,0.10606060606060606
jazz,KFC_v2,iterative,0.6513493800145879,0.10606060606060606
jazz,KFC_v2,iterative,0.6517140773158279,0.10606060606060606
jazz,KFC_v2,iterative,0.6520787746170679,0.10606060606060606
jazz,KFC_v2,iterative,0.6524434719183078,0.10606060606060606
jazz,KFC_v2,iterative,0.6528081692195478,0.10606060606060606
jazz,KFC_v2,iterative,0.6531728665207878,0.10606060606060606
jazz,KFC_v2,iterative,0.6535375638220278,0.10606060606060606
jazz,KFC_v2,iterative,0.6539022611232677,0.10606060606060606
jazz,KFC_v2,iterative,0.6542669584245077,0.10606060606060606
jazz,KFC_v2,iterative,0.6546316557257477,0.10606060606060606
jazz,KFC_v2,iterative,0.6549963530269876,0.10606060606060606
jazz,KFC_v2,iterative,0.6553610503282276,0.10606060606060606
jazz,KFC_v2,iterative,0.6557257476294676,0.10606060606060606
jazz,KFC_v2,iterative,0.6560904449307076,0.10606060606060606
jazz,KFC_v2,iterative,0.6564551422319475,0.10606060606060606
jazz,KFC_v2,iterative,0.6568198395331875,0.10606060606060606
jazz,KFC_v2,iterative,0.6571845368344275,0.10606060606060606
jazz,KFC_v2,iterative,0.6575492341356675,0.10606060606060606
jazz,KFC_v2,iterative,0.6579139314369074,0.10606060606060606
jazz,KFC_v2,iterative,0.6582786287381474,0.10606060606060606
jazz,KFC_v2,iterative,0.6586433260393874,0.10606060606060606
jazz,KFC_v2,iterative,0.6590080233406272,0.10606060606060606
jazz,KFC_v2,iterative,0.6593727206418672,0.10606060606060606
jazz,KFC_v2,iterative,0.6597374179431073,0.10606060606060606
jazz,KFC_v2,iterative,0.6601021152443473,0.10606060606060606
jazz,KFC_v2,iterative,0.6604668125455871,0.10606060606060606
jazz,KFC_v2,iterative,0.6608315098468271,0.10606060606060606
jazz,KFC_v2,iterative,0.6611962071480671,0.10606060606060606
jazz,KFC_v2,iterative,0.661560904449307,0.10606060606060606
jazz,KFC_v2,iterative,0.661925601750547,0.10606060606060606
jazz,KFC_v2,iterative,0.662290299051787,0.10606060606060606
jazz,KFC_v2,iterative,0.662654996353027,0.10606060606060606
jazz,KFC_v2,iterative,0.6630196936542669,0.10606060606060606
jazz,KFC_v2,iterative,0.6633843909555069,0.10606060606060606
jazz,KFC_v2,iterative,0.6637490882567469,0.10606060606060606
jazz,KFC_v2,iterative,0.6641137855579868,0.10606060606060606
jazz,KFC_v2,iterative,0.6644784828592268,0.10606060606060606
jazz,KFC_v2,iterative,0.6648431801604668,0.10606060606060606
jazz,KFC_v2,iterative,0.6652078774617068,0.10606060606060606
jazz,KFC_v2,iterative,0.6655725747629467,0.10606060606060606
jazz,KFC_v2,iterative,0.6659372720641867,0.10606060606060606
jazz,KFC_v2,iterative,0.6663019693654267,0.10606060606060606
jazz,KFC_v2,iterative,0.6666666666666666,0.10606060606060606
jazz,KFC_v2,iterative,0.6670313639679066,0.10606060606060606
jazz,KFC_v2,iterative,0.6673960612691466,0.10606060606060606
jazz,KFC_v2,iterative,0.6677607585703866,0.10606060606060606
jazz,KFC_v2,iterative,0.6681254558716265,0.10606060606060606
jazz,KFC_v2,iterative,0.6684901531728665,0.10606060606060606
jazz,KFC_v2,iterative,0.6688548504741065,0.10606060606060606
jazz,KFC_v2,iterative,0.6692195477753464,0.10606060606060606
jazz,KFC_v2,iterative,0.6695842450765864,0.10606060606060606
jazz,KFC_v2,iterative,0.6699489423778264,0.10606060606060606
jazz,KFC_v2,iterative,0.6703136396790664,0.10606060606060606
jazz,KFC_v2,iterative,0.6706783369803063,0.10606060606060606
jazz,KFC_v2,iterative,0.6710430342815463,0.10606060606060606
jazz,KFC_v2,iterative,0.6714077315827863,0.10606060606060606
jazz,KFC_v2,iterative,0.6717724288840262,0.10606060606060606
jazz,KFC_v2,iterative,0.6721371261852662,0.10606060606060606
jazz,KFC_v2,iterative,0.6725018234865062,0.10606060606060606
jazz,KFC_v2,iterative,0.6728665207877462,0.10606060606060606
jazz,KFC_v2,iterative,0.6732312180889861,0.10606060606060606
jazz,KFC_v2,iterative,0.6735959153902261,0.10606060606060606
jazz,KFC_v2,iterative,0.6739606126914661,0.10606060606060606
jazz,KFC_v2,iterative,0.674325309992706,0.10606060606060606
jazz,KFC_v2,iterative,0.674690007293946,0.10606060606060606
jazz,KFC_v2,iterative,0.675054704595186,0.10606060606060606
jazz,KFC_v2,iterative,0.675419401896426,0.10606060606060606
jazz,KFC_v2,iterative,0.6757840991976659,0.10606060606060606
jazz,KFC_v2,iterative,0.6761487964989059,0.10606060606060606
jazz,KFC_v2,iterative,0.6765134938001459,0.10606060606060606
jazz,KFC_v2,iterative,0.6768781911013858,0.10606060606060606
jazz,KFC_v2,iterative,0.6772428884026258,0.10606060606060606
jazz,KFC_v2,iterative,0.6776075857038658,0.10606060606060606
jazz,KFC_v2,iterative,0.6779722830051058,0.10606060606060606
jazz,KFC_v2,iterative,0.6783369803063457,0.10606060606060606
jazz,KFC_v2,iterative,0.6787016776075857,0.10606060606060606
jazz,KFC_v2,iterative,0.6790663749088257,0.10606060606060606
jazz,KFC_v2,iterative,0.6794310722100656,0.10606060606060606
jazz,KFC_v2,iterative,0.6797957695113056,0.10606060606060606
jazz,KFC_v2,iterative,0.6801604668125456,0.10606060606060606
jazz,KFC_v2,iterative,0.6805251641137856,0.10606060606060606
jazz,KFC_v2,iterative,0.6808898614150255,0.10606060606060606
jazz,KFC_v2,iterative,0.6812545587162655,0.10606060606060606
jazz,KFC_v2,iterative,0.6816192560175055,0.10606060606060606
jazz,KFC_v2,iterative,0.6819839533187454,0.10606060606060606
jazz,KFC_v2,iterative,0.6823486506199854,0.10606060606060606
jazz,KFC_v2,iterative,0.6827133479212254,0.10606060606060606
jazz,KFC_v2,iterative,0.6830780452224654,0.10606060606060606
jazz,KFC_v2,iterative,0.6834427425237053,0.10606060606060606
jazz,KFC_v2,iterative,0.6838074398249453,0.10606060606060606
jazz,KFC_v2,iterative,0.6841721371261853,0.10606060606060606
jazz,KFC_v2,iterative,0.6845368344274253,0.10606060606060606
jazz,KFC_v2,iterative,0.6849015317286652,0.10606060606060606
jazz,KFC_v2,iterative,0.6852662290299052,0.10606060606060606
jazz,KFC_v2,iterative,0.6856309263311452,0.10606060606060606
jazz,KFC_v2,iterative,0.6859956236323851,0.10606060606060606
jazz,KFC_v2,iterative,0.6863603209336251,0.10606060606060606
jazz,KFC_v2,iterative,0.6867250182348651,0.10606060606060606
jazz,KFC_v2,iterative,0.6870897155361051,0.10606060606060606
jazz,KFC_v2,iterative,0.687454412837345,0.10606060606060606
jazz,KFC_v2,iterative,0.687819110138585,0.10606060606060606
jazz,KFC_v2,iterative,0.688183807439825,0.10606060606060606
jazz,KFC_v2,iterative,0.6885485047410649,0.10606060606060606
jazz,KFC_v2,iterative,0.6889132020423049,0.10606060606060606
jazz,KFC_v2,iterative,0.6892778993435449,0.10606060606060606
jazz,KFC_v2,iterative,0.6896425966447849,0.10606060606060606
jazz,KFC_v2,iterative,0.6900072939460248,0.10606060606060606
jazz,KFC_v2,iterative,0.6903719912472648,0.10606060606060606
jazz,KFC_v2,iterative,0.6907366885485048,0.10606060606060606
jazz,KFC_v2,iterative,0.6911013858497447,0.10606060606060606
jazz,KFC_v2,iterative,0.6914660831509847,0.10606060606060606
jazz,KFC_v2,iterative,0.6918307804522247,0.10606060606060606
jazz,KFC_v2,iterative,0.6921954777534647,0.10606060606060606
jazz,KFC_v2,iterative,0.6925601750547046,0.10606060606060606
jazz,KFC_v2,iterative,0.6929248723559446,0.10606060606060606
jazz,KFC_v2,iterative,0.6932895696571846,0.10606060606060606
jazz,KFC_v2,iterative,0.6936542669584245,0.09595959595959595
jazz,KFC_v2,iterative,0.6940189642596645,0.09595959595959595
jazz,KFC_v2,iterative,0.6943836615609045,0.09595959595959595
jazz,KFC_v2,iterative,0.6947483588621445,0.09595959595959595
jazz,KFC_v2,iterative,0.6951130561633844,0.09595959595959595
jazz,KFC_v2,iterative,0.6954777534646244,0.09595959595959595
jazz,KFC_v2,iterative,0.6958424507658644,0.09595959595959595
jazz,KFC_v2,iterative,0.6962071480671043,0.09595959595959595
jazz,KFC_v2,iterative,0.6965718453683443,0.09595959595959595
jazz,KFC_v2,iterative,0.6969365426695843,0.09595959595959595
jazz,KFC_v2,iterative,0.6973012399708243,0.09595959595959595
jazz,KFC_v2,iterative,0.6976659372720642,0.09595959595959595
jazz,KFC_v2,iterative,0.6980306345733042,0.09595959595959595
jazz,KFC_v2,iterative,0.6983953318745442,0.09595959595959595
jazz,KFC_v2,iterative,0.6987600291757841,0.09595959595959595
jazz,KFC_v2,iterative,0.6991247264770241,0.09595959595959595
jazz,KFC_v2,iterative,0.6994894237782641,0.09595959595959595
jazz,KFC_v2,iterative,0.6998541210795041,0.09595959595959595
jazz,KFC_v2,iterative,0.700218818380744,0.09595959595959595
jazz,KFC_v2,iterative,0.700583515681984,0.09595959595959595
jazz,KFC_v2,iterative,0.700948212983224,0.09595959595959595
jazz,KFC_v2,iterative,0.7013129102844639,0.09595959595959595
jazz,KFC_v2,iterative,0.7016776075857039,0.09595959595959595
jazz,KFC_v2,iterative,0.7020423048869439,0.09595959595959595
jazz,KFC_v2,iterative,0.7024070021881839,0.09595959595959595
jazz,KFC_v2,iterative,0.7027716994894238,0.09595959595959595
jazz,KFC_v2,iterative,0.7031363967906638,0.09595959595959595
jazz,KFC_v2,iterative,0.7035010940919038,0.09595959595959595
jazz,KFC_v2,iterative,0.7038657913931436,0.09595959595959595
jazz,KFC_v2,iterative,0.7042304886943836,0.09595959595959595
jazz,KFC_v2,iterative,0.7045951859956237,0.09595959595959595
jazz,KFC_v2,iterative,0.7049598832968637,0.09595959595959595
jazz,KFC_v2,iterative,0.7053245805981035,0.09595959595959595
jazz,KFC_v2,iterative,0.7056892778993435,0.09595959595959595
jazz,KFC_v2,iterative,0.7060539752005836,0.09595959595959595
jazz,KFC_v2,iterative,0.7064186725018234,0.09595959595959595
jazz,KFC_v2,iterative,0.7067833698030634,0.09595959595959595
jazz,KFC_v2,iterative,0.7071480671043034,0.09595959595959595
jazz,KFC_v2,iterative,0.7075127644055434,0.09595959595959595
jazz,KFC_v2,iterative,0.7078774617067833,0.09595959595959595
jazz,KFC_v2,iterative,0.7082421590080233,0.09595959595959595
jazz,KFC_v2,iterative,0.7086068563092633,0.09595959595959595
jazz,KFC_v2,iterative,0.7089715536105033,0.09595959595959595
jazz,KFC_v2,iterative,0.7093362509117432,0.09595959595959595
jazz,KFC_v2,iterative,0.7097009482129832,0.08585858585858586
jazz,KFC_v2,iterative,0.7100656455142232,0.08585858585858586
jazz,KFC_v2,iterative,0.7104303428154631,0.08585858585858586
jazz,KFC_v2,iterative,0.7107950401167031,0.08585858585858586
jazz,KFC_v2,iterative,0.7111597374179431,0.08585858585858586
jazz,KFC_v2,iterative,0.7115244347191831,0.08585858585858586
jazz,KFC_v2,iterative,0.711889132020423,0.08585858585858586
jazz,KFC_v2,iterative,0.712253829321663,0.08585858585858586
jazz,KFC_v2,iterative,0.712618526622903,0.08585858585858586
jazz,KFC_v2,iterative,0.7129832239241429,0.08585858585858586
jazz,KFC_v2,iterative,0.7133479212253829,0.08585858585858586
jazz,KFC_v2,iterative,0.7137126185266229,0.08585858585858586
jazz,KFC_v2,iterative,0.7140773158278629,0.08585858585858586
jazz,KFC_v2,iterative,0.7144420131291028,0.08585858585858586
jazz,KFC_v2,iterative,0.7148067104303428,0.08585858585858586
jazz,KFC_v2,iterative,0.7151714077315828,0.08585858585858586
jazz,KFC_v2,iterative,0.7155361050328227,0.08585858585858586
jazz,KFC_v2,iterative,0.7159008023340627,0.08585858585858586
jazz,KFC_v2,iterative,0.7162654996353027,0.08585858585858586
jazz,KFC_v2,iterative,0.7166301969365427,0.08585858585858586
jazz,KFC_v2,iterative,0.7169948942377826,0.08585858585858586
jazz,KFC_v2,iterative,0.7173595915390226,0.08585858585858586
jazz,KFC_v2,iterative,0.7177242888402626,0.08585858585858586
jazz,KFC_v2,iterative,0.7180889861415025,0.08585858585858586
jazz,KFC_v2,iterative,0.7184536834427425,0.08585858585858586
jazz,KFC_v2,iterative,0.7188183807439825,0.08585858585858586
jazz,KFC_v2,iterative,0.7191830780452225,0.08585858585858586
jazz,KFC_v2,iterative,0.7195477753464624,0.08585858585858586
jazz,KFC_v2,iterative,0.7199124726477024,0.08585858585858586
jazz,KFC_v2,iterative,0.7202771699489424,0.08585858585858586
jazz,KFC_v2,iterative,0.7206418672501823,0.08585858585858586
jazz,KFC_v2,iterative,0.7210065645514223,0.08585858585858586
jazz,KFC_v2,iterative,0.7213712618526623,0.08585858585858586
jazz,KFC_v2,iterative,0.7217359591539023,0.08585858585858586
jazz,KFC_v2,iterative,0.7221006564551422,0.08585858585858586
jazz,KFC_v2,iterative,0.7224653537563822,0.08585858585858586
jazz,KFC_v2,iterative,0.7228300510576222,0.08585858585858586
jazz,KFC_v2,iterative,0.7231947483588621,0.08585858585858586
jazz,KFC_v2,iterative,0.7235594456601021,0.08585858585858586
jazz,KFC_v2,iterative,0.7239241429613421,0.08585858585858586
jazz,KFC_v2,iterative,0.7242888402625821,0.08585858585858586
jazz,KFC_v2,iterative,0.724653537563822,0.08585858585858586
jazz,KFC_v2,iterative,0.725018234865062,0.08585858585858586
jazz,KFC_v2,iterative,0.725382932166302,0.08585858585858586
jazz,KFC_v2,iterative,0.7257476294675419,0.08585858585858586
jazz,KFC_v2,iterative,0.7261123267687819,0.08585858585858586
jazz,KFC_v2,iterative,0.7264770240700219,0.08585858585858586
jazz,KFC_v2,iterative,0.7268417213712619,0.08585858585858586
jazz,KFC_v2,iterative,0.7272064186725018,0.08585858585858586
jazz,KFC_v2,iterative,0.7275711159737418,0.08585858585858586
jazz,KFC_v2,iterative,0.7279358132749818,0.08080808080808081
jazz,KFC_v2,iterative,0.7283005105762217,0.08080808080808081
jazz,KFC_v2,iterative,0.7286652078774617,0.08080808080808081
jazz,KFC_v2,iterative,0.7290299051787017,0.08080808080808081
jazz,KFC_v2,iterative,0.7293946024799417,0.08080808080808081
jazz,KFC_v2,iterative,0.7297592997811816,0.08080808080808081
jazz,KFC_v2,iterative,0.7301239970824216,0.08080808080808081
jazz,KFC_v2,iterative,0.7304886943836616,0.08080808080808081
jazz,KFC_v2,iterative,0.7308533916849015,0.08080808080808081
jazz,KFC_v2,iterative,0.7312180889861415,0.08080808080808081
jazz,KFC_v2,iterative,0.7315827862873815,0.08080808080808081
jazz,KFC_v2,iterative,0.7319474835886215,0.08080808080808081
jazz,KFC_v2,iterative,0.7323121808898614,0.08080808080808081
jazz,KFC_v2,iterative,0.7326768781911014,0.08080808080808081
jazz,KFC_v2,iterative,0.7330415754923414,0.08080808080808081
jazz,KFC_v2,iterative,0.7334062727935813,0.08080808080808081
jazz,KFC_v2,iterative,0.7337709700948213,0.08080808080808081
jazz,KFC_v2,iterative,0.7341356673960613,0.08080808080808081
jazz,KFC_v2,iterative,0.7345003646973013,0.08080808080808081
jazz,KFC_v2,iterative,0.7348650619985412,0.08080808080808081
jazz,KFC_v2,iterative,0.7352297592997812,0.08080808080808081
jazz,KFC_v2,iterative,0.7355944566010212,0.08080808080808081
jazz,KFC_v2,iterative,0.7359591539022612,0.08080808080808081
jazz,KFC_v2,iterative,0.7363238512035011,0.08080808080808081
jazz,KFC_v2,iterative,0.7366885485047411,0.08080808080808081
jazz,KFC_v2,iterative,0.7370532458059811,0.08080808080808081
jazz,KFC_v2,iterative,0.737417943107221,0.08080808080808081
jazz,KFC_v2,iterative,0.737782640408461,0.08080808080808081
jazz,KFC_v2,iterative,0.738147337709701,0.08080808080808081
jazz,KFC_v2,iterative,0.738512035010941,0.08080808080808081
jazz,KFC_v2,iterative,0.7388767323121809,0.08080808080808081
jazz,KFC_v2,iterative,0.7392414296134209,0.08080808080808081
jazz,KFC_v2,iterative,0.7396061269146609,0.08080808080808081
jazz,KFC_v2,iterative,0.7399708242159008,0.07575757575757576
jazz,KFC_v2,iterative,0.7403355215171408,0.07575757575757576
jazz,KFC_v2,iterative,0.7407002188183808,0.07575757575757576
jazz,KFC_v2,iterative,0.7410649161196208,0.07575757575757576
jazz,KFC_v2,iterative,0.7414296134208607,0.07575757575757576
jazz,KFC_v2,iterative,0.7417943107221007,0.07575757575757576
jazz,KFC_v2,iterative,0.7421590080233407,0.07575757575757576
jazz,KFC_v2,iterative,0.7425237053245806,0.07575757575757576
jazz,KFC_v2,iterative,0.7428884026258206,0.07575757575757576
jazz,KFC_v2,iterative,0.7432530999270606,0.07575757575757576
jazz,KFC_v2,iterative,0.7436177972283006,0.07575757575757576
jazz,KFC_v2,iterative,0.7439824945295405,0.07575757575757576
jazz,KFC_v2,iterative,0.7443471918307805,0.07575757575757576
jazz,KFC_v2,iterative,0.7447118891320205,0.07575757575757576
jazz,KFC_v2,iterative,0.7450765864332604,0.07575757575757576
jazz,KFC_v2,iterative,0.7454412837345004,0.07575757575757576
jazz,KFC_v2,iterative,0.7458059810357404,0.07575757575757576
jazz,KFC_v2,iterative,0.7461706783369804,0.07575757575757576
jazz,KFC_v2,iterative,0.7465353756382203,0.07575757575757576
jazz,KFC_v2,iterative,0.7469000729394603,0.07575757575757576
jazz,KFC_v2,iterative,0.7472647702407003,0.07575757575757576
jazz,KFC_v2,iterative,0.7476294675419402,0.07575757575757576
jazz,KFC_v2,iterative,0.7479941648431802,0.07575757575757576
jazz,KFC_v2,iterative,0.7483588621444202,0.07575757575757576
jazz,KFC_v2,iterative,0.7487235594456602,0.07575757575757576
jazz,KFC_v2,iterative,0.7490882567469,0.07575757575757576
jazz,KFC_v2,iterative,0.74945295404814,0.07575757575757576
jazz,KFC_v2,iterative,0.74981765134938,0.07575757575757576
jazz,KFC_v2,iterative,0.75018234865062,0.07575757575757576
jazz,KFC_v2,iterative,0.75054704595186,0.07575757575757576
jazz,KFC_v2,iterative,0.7509117432531,0.07575757575757576
jazz,KFC_v2,iterative,0.75127644055434,0.0707070707070707
jazz,KFC_v2,iterative,0.7516411378555798,0.0707070707070707
jazz,KFC_v2,iterative,0.7520058351568198,0.0707070707070707
jazz,KFC_v2,iterative,0.7523705324580598,0.0707070707070707
jazz,KFC_v2,iterative,0.7527352297592997,0.0707070707070707
jazz,KFC_v2,iterative,0.7530999270605397,0.0707070707070707
jazz,KFC_v2,iterative,0.7534646243617797,0.0707070707070707
jazz,KFC_v2,iterative,0.7538293216630197,0.0707070707070707
jazz,KFC_v2,iterative,0.7541940189642596,0.0707070707070707
jazz,KFC_v2,iterative,0.7545587162654996,0.0707070707070707
jazz,KFC_v2,iterative,0.7549234135667396,0.0707070707070707
jazz,KFC_v2,iterative,0.7552881108679795,0.0707070707070707
jazz,KFC_v2,iterative,0.7556528081692195,0.0707070707070707
jazz,KFC_v2,iterative,0.7560175054704595,0.0707070707070707
jazz,KFC_v2,iterative,0.7563822027716995,0.0707070707070707
jazz,KFC_v2,iterative,0.7567469000729394,0.0707070707070707
jazz,KFC_v2,iterative,0.7571115973741794,0.0707070707070707
jazz,KFC_v2,iterative,0.7574762946754194,0.0707070707070707
jazz,KFC_v2,iterative,0.7578409919766593,0.0707070707070707
jazz,KFC_v2,iterative,0.7582056892778993,0.0707070707070707
jazz,KFC_v2,iterative,0.7585703865791393,0.0707070707070707
jazz,KFC_v2,iterative,0.7589350838803793,0.0707070707070707
jazz,KFC_v2,iterative,0.7592997811816192,0.06565656565656566
jazz,KFC_v2,iterative,0.7596644784828592,0.06565656565656566
jazz,KFC_v2,iterative,0.7600291757840992,0.06565656565656566
jazz,KFC_v2,iterative,0.7603938730853392,0.06565656565656566
jazz,KFC_v2,iterative,0.7607585703865791,0.06565656565656566
jazz,KFC_v2,iterative,0.7611232676878191,0.06565656565656566
jazz,KFC_v2,iterative,0.7614879649890591,0.06565656565656566
jazz,KFC_v2,iterative,0.761852662290299,0.06565656565656566
jazz,KFC_v2,iterative,0.762217359591539,0.06565656565656566
jazz,KFC_v2,iterative,0.762582056892779,0.06565656565656566
jazz,KFC_v2,iterative,0.762946754194019,0.06565656565656566
jazz,KFC_v2,iterative,0.7633114514952589,0.06565656565656566
jazz,KFC_v2,iterative,0.7636761487964989,0.06565656565656566
jazz,KFC_v2,iterative,0.7640408460977389,0.06565656565656566
jazz,KFC_v2,iterative,0.7644055433989788,0.06565656565656566
jazz,KFC_v2,iterative,0.7647702407002188,0.06565656565656566
jazz,KFC_v2,iterative,0.7651349380014588,0.06565656565656566
jazz,KFC_v2,iterative,0.7654996353026988,0.06565656565656566
jazz,KFC_v2,iterative,0.7658643326039387,0.06565656565656566
jazz,KFC_v2,iterative,0.7662290299051787,0.06565656565656566
jazz,KFC_v2,iterative,0.7665937272064187,0.06565656565656566
jazz,KFC_v2,iterative,0.7669584245076586,0.06565656565656566
jazz,KFC_v2,iterative,0.7673231218088986,0.06565656565656566
jazz,KFC_v2,iterative,0.7676878191101386,0.06565656565656566
jazz,KFC_v2,iterative,0.7680525164113786,0.06565656565656566
jazz,KFC_v2,iterative,0.7684172137126185,0.06565656565656566
jazz,KFC_v2,iterative,0.7687819110138585,0.06565656565656566
jazz,KFC_v2,iterative,0.7691466083150985,0.06565656565656566
jazz,KFC_v2,iterative,0.7695113056163384,0.06565656565656566
jazz,KFC_v2,iterative,0.7698760029175784,0.06565656565656566
jazz,KFC_v2,iterative,0.7702407002188184,0.06565656565656566
jazz,KFC_v2,iterative,0.7706053975200584,0.06565656565656566
jazz,KFC_v2,iterative,0.7709700948212983,0.06565656565656566
jazz,KFC_v2,iterative,0.7713347921225383,0.06565656565656566
jazz,KFC_v2,iterative,0.7716994894237783,0.06565656565656566
jazz,KFC_v2,iterative,0.7720641867250182,0.06565656565656566
jazz,KFC_v2,iterative,0.7724288840262582,0.06565656565656566
jazz,KFC_v2,iterative,0.7727935813274982,0.06060606060606061
jazz,KFC_v2,iterative,0.7731582786287382,0.06060606060606061
jazz,KFC_v2,iterative,0.7735229759299781,0.06060606060606061
jazz,KFC_v2,iterative,0.7738876732312181,0.06060606060606061
jazz,KFC_v2,iterative,0.7742523705324581,0.06060606060606061
jazz,KFC_v2,iterative,0.774617067833698,0.06060606060606061
jazz,KFC_v2,iterative,0.774981765134938,0.06060606060606061
jazz,KFC_v2,iterative,0.775346462436178,0.06060606060606061
jazz,KFC_v2,iterative,0.775711159737418,0.06060606060606061
jazz,KFC_v2,iterative,0.7760758570386579,0.06060606060606061
jazz,KFC_v2,iterative,0.7764405543398979,0.06060606060606061
jazz,KFC_v2,iterative,0.7768052516411379,0.06060606060606061
jazz,KFC_v2,iterative,0.7771699489423778,0.06060606060606061
jazz,KFC_v2,iterative,0.7775346462436178,0.06060606060606061
jazz,KFC_v2,iterative,0.7778993435448578,0.06060606060606061
jazz,KFC_v2,iterative,0.7782640408460978,0.06060606060606061
jazz,KFC_v2,iterative,0.7786287381473377,0.06060606060606061
jazz,KFC_v2,iterative,0.7789934354485777,0.06060606060606061
jazz,KFC_v2,iterative,0.7793581327498177,0.06060606060606061
jazz,KFC_v2,iterative,0.7797228300510576,0.06060606060606061
jazz,KFC_v2,iterative,0.7800875273522976,0.06060606060606061
jazz,KFC_v2,iterative,0.7804522246535376,0.06060606060606061
jazz,KFC_v2,iterative,0.7808169219547776,0.06060606060606061
jazz,KFC_v2,iterative,0.7811816192560175,0.06060606060606061
jazz,KFC_v2,iterative,0.7815463165572575,0.06060606060606061
jazz,KFC_v2,iterative,0.7819110138584975,0.06060606060606061
jazz,KFC_v2,iterative,0.7822757111597374,0.06060606060606061
jazz,KFC_v2,iterative,0.7826404084609774,0.06060606060606061
jazz,KFC_v2,iterative,0.7830051057622174,0.06060606060606061
jazz,KFC_v2,iterative,0.7833698030634574,0.06060606060606061
jazz,KFC_v2,iterative,0.7837345003646973,0.06060606060606061
jazz,KFC_v2,iterative,0.7840991976659373,0.06060606060606061
jazz,KFC_v2,iterative,0.7844638949671773,0.06060606060606061
jazz,KFC_v2,iterative,0.7848285922684172,0.06060606060606061
jazz,KFC_v2,iterative,0.7851932895696572,0.06060606060606061
jazz,KFC_v2,iterative,0.7855579868708972,0.06060606060606061
jazz,KFC_v2,iterative,0.7859226841721372,0.06060606060606061
jazz,KFC_v2,iterative,0.7862873814733771,0.06060606060606061
jazz,KFC_v2,iterative,0.7866520787746171,0.06060606060606061
jazz,KFC_v2,iterative,0.7870167760758571,0.06060606060606061
jazz,KFC_v2,iterative,0.7873814733770971,0.06060606060606061
jazz,KFC_v2,iterative,0.787746170678337,0.06060606060606061
jazz,KFC_v2,iterative,0.788110867979577,0.06060606060606061
jazz,KFC_v2,iterative,0.788475565280817,0.06060606060606061
jazz,KFC_v2,iterative,0.7888402625820569,0.06060606060606061
jazz,KFC_v2,iterative,0.7892049598832969,0.06060606060606061
jazz,KFC_v2,iterative,0.7895696571845369,0.06060606060606061
jazz,KFC_v2,iterative,0.7899343544857769,0.06060606060606061
jazz,KFC_v2,iterative,0.7902990517870168,0.06060606060606061
jazz,KFC_v2,iterative,0.7906637490882568,0.06060606060606061
jazz,KFC_v2,iterative,0.7910284463894968,0.06060606060606061
jazz,KFC_v2,iterative,0.7913931436907367,0.06060606060606061
jazz,KFC_v2,iterative,0.7917578409919767,0.06060606060606061
jazz,KFC_v2,iterative,0.7921225382932167,0.06060606060606061
jazz,KFC_v2,iterative,0.7924872355944567,0.06060606060606061
jazz,KFC_v2,iterative,0.7928519328956966,0.06060606060606061
jazz,KFC_v2,iterative,0.7932166301969366,0.06060606060606061
jazz,KFC_v2,iterative,0.7935813274981766,0.06060606060606061
jazz,KFC_v2,iterative,0.7939460247994164,0.06060606060606061
jazz,KFC_v2,iterative,0.7943107221006565,0.06060606060606061
jazz,KFC_v2,iterative,0.7946754194018965,0.06060606060606061
jazz,KFC_v2,iterative,0.7950401167031365,0.06060606060606061
jazz,KFC_v2,iterative,0.7954048140043763,0.06060606060606061
jazz,KFC_v2,iterative,0.7957695113056164,0.06060606060606061
jazz,KFC_v2,iterative,0.7961342086068564,0.06060606060606061
jazz,KFC_v2,iterative,0.7964989059080962,0.06060606060606061
jazz,KFC_v2,iterative,0.7968636032093362,0.06060606060606061
jazz,KFC_v2,iterative,0.7972283005105762,0.06060606060606061
jazz,KFC_v2,iterative,0.7975929978118163,0.06060606060606061
jazz,KFC_v2,iterative,0.7979576951130561,0.06060606060606061
jazz,KFC_v2,iterative,0.7983223924142961,0.06060606060606061
jazz,KFC_v2,iterative,0.7986870897155361,0.06060606060606061
jazz,KFC_v2,iterative,0.799051787016776,0.06060606060606061
jazz,KFC_v2,iterative,0.799416484318016,0.05555555555555555
jazz,KFC_v2,iterative,0.799781181619256,0.05555555555555555
jazz,KFC_v2,iterative,0.800145878920496,0.05555555555555555
jazz,KFC_v2,iterative,0.8005105762217359,0.05555555555555555
jazz,KFC_v2,iterative,0.8008752735229759,0.05555555555555555
jazz,KFC_v2,iterative,0.8012399708242159,0.05555555555555555
jazz,KFC_v2,iterative,0.8016046681254558,0.05555555555555555
jazz,KFC_v2,iterative,0.8019693654266958,0.05555555555555555
jazz,KFC_v2,iterative,0.8023340627279358,0.05555555555555555
jazz,KFC_v2,iterative,0.8026987600291758,0.05555555555555555
jazz,KFC_v2,iterative,0.8030634573304157,0.05555555555555555
jazz,KFC_v2,iterative,0.8034281546316557,0.05555555555555555
jazz,KFC_v2,iterative,0.8037928519328957,0.05555555555555555
jazz,KFC_v2,iterative,0.8041575492341356,0.05555555555555555
jazz,KFC_v2,iterative,0.8045222465353756,0.05555555555555555
jazz,KFC_v2,iterative,0.8048869438366156,0.05555555555555555
jazz,KFC_v2,iterative,0.8052516411378556,0.05555555555555555
jazz,KFC_v2,iterative,0.8056163384390955,0.05555555555555555
jazz,KFC_v2,iterative,0.8059810357403355,0.05555555555555555
jazz,KFC_v2,iterative,0.8063457330415755,0.05555555555555555
jazz,KFC_v2,iterative,0.8067104303428154,0.05555555555555555
jazz,KFC_v2,iterative,0.8070751276440554,0.05555555555555555
jazz,KFC_v2,iterative,0.8074398249452954,0.05555555555555555
jazz,KFC_v2,iterative,0.8078045222465354,0.05555555555555555
jazz,KFC_v2,iterative,0.8081692195477753,0.05555555555555555
jazz,KFC_v2,iterative,0.8085339168490153,0.05555555555555555
jazz,KFC_v2,iterative,0.8088986141502553,0.05555555555555555
jazz,KFC_v2,iterative,0.8092633114514952,0.05555555555555555
jazz,KFC_v2,iterative,0.8096280087527352,0.05555555555555555
jazz,KFC_v2,iterative,0.8099927060539752,0.05555555555555555
jazz,KFC_v2,iterative,0.8103574033552152,0.05555555555555555
jazz,KFC_v2,iterative,0.8107221006564551,0.05555555555555555
jazz,KFC_v2,iterative,0.8110867979576951,0.05555555555555555
jazz,KFC_v2,iterative,0.8114514952589351,0.05555555555555555
jazz,KFC_v2,iterative,0.8118161925601751,0.05555555555555555
jazz,KFC_v2,iterative,0.812180889861415,0.05555555555555555
jazz,KFC_v2,iterative,0.812545587162655,0.05555555555555555
jazz,KFC_v2,iterative,0.812910284463895,0.05555555555555555
jazz,KFC_v2,iterative,0.8132749817651349,0.05555555555555555
jazz,KFC_v2,iterative,0.8136396790663749,0.05555555555555555
jazz,KFC_v2,iterative,0.8140043763676149,0.05555555555555555
jazz,KFC_v2,iterative,0.8143690736688549,0.05555555555555555
jazz,KFC_v2,iterative,0.8147337709700948,0.05555555555555555
jazz,KFC_v2,iterative,0.8150984682713348,0.05555555555555555
jazz,KFC_v2,iterative,0.8154631655725748,0.05555555555555555
jazz,KFC_v2,iterative,0.8158278628738147,0.05555555555555555
jazz,KFC_v2,iterative,0.8161925601750547,0.05555555555555555
jazz,KFC_v2,iterative,0.8165572574762947,0.05555555555555555
jazz,KFC_v2,iterative,0.8169219547775347,0.05555555555555555
jazz,KFC_v2,iterative,0.8172866520787746,0.05555555555555555
jazz,KFC_v2,iterative,0.8176513493800146,0.05555555555555555
jazz,KFC_v2,iterative,0.8180160466812546,0.05555555555555555
jazz,KFC_v2,iterative,0.8183807439824945,0.05555555555555555
jazz,KFC_v2,iterative,0.8187454412837345,0.05555555555555555
jazz,KFC_v2,iterative,0.8191101385849745,0.050505050505050504
jazz,KFC_v2,iterative,0.8194748358862145,0.050505050505050504
jazz,KFC_v2,iterative,0.8198395331874544,0.050505050505050504
jazz,KFC_v2,iterative,0.8202042304886944,0.050505050505050504
jazz,KFC_v2,iterative,0.8205689277899344,0.050505050505050504
jazz,KFC_v2,iterative,0.8209336250911743,0.050505050505050504
jazz,KFC_v2,iterative,0.8212983223924143,0.050505050505050504
jazz,KFC_v2,iterative,0.8216630196936543,0.050505050505050504
jazz,KFC_v2,iterative,0.8220277169948943,0.050505050505050504
jazz,KFC_v2,iterative,0.8223924142961342,0.050505050505050504
jazz,KFC_v2,iterative,0.8227571115973742,0.050505050505050504
jazz,KFC_v2,iterative,0.8231218088986142,0.050505050505050504
jazz,KFC_v2,iterative,0.8234865061998541,0.050505050505050504
jazz,KFC_v2,iterative,0.8238512035010941,0.050505050505050504
jazz,KFC_v2,iterative,0.8242159008023341,0.050505050505050504
jazz,KFC_v2,iterative,0.8245805981035741,0.050505050505050504
jazz,KFC_v2,iterative,0.824945295404814,0.050505050505050504
jazz,KFC_v2,iterative,0.825309992706054,0.050505050505050504
jazz,KFC_v2,iterative,0.825674690007294,0.050505050505050504
jazz,KFC_v2,iterative,0.8260393873085339,0.050505050505050504
jazz,KFC_v2,iterative,0.8264040846097739,0.050505050505050504
jazz,KFC_v2,iterative,0.8267687819110139,0.050505050505050504
jazz,KFC_v2,iterative,0.8271334792122539,0.050505050505050504
jazz,KFC_v2,iterative,0.8274981765134938,0.050505050505050504
jazz,KFC_v2,iterative,0.8278628738147338,0.050505050505050504
jazz,KFC_v2,iterative,0.8282275711159738,0.045454545454545456
jazz,KFC_v2,iterative,0.8285922684172137,0.045454545454545456
jazz,KFC_v2,iterative,0.8289569657184537,0.045454545454545456
jazz,KFC_v2,iterative,0.8293216630196937,0.045454545454545456
jazz,KFC_v2,iterative,0.8296863603209337,0.045454545454545456
jazz,KFC_v2,iterative,0.8300510576221736,0.045454545454545456
jazz,KFC_v2,iterative,0.8304157549234136,0.045454545454545456
jazz,KFC_v2,iterative,0.8307804522246536,0.045454545454545456
jazz,KFC_v2,iterative,0.8311451495258935,0.045454545454545456
jazz,KFC_v2,iterative,0.8315098468271335,0.045454545454545456
jazz,KFC_v2,iterative,0.8318745441283735,0.045454545454545456
jazz,KFC_v2,iterative,0.8322392414296135,0.045454545454545456
jazz,KFC_v2,iterative,0.8326039387308534,0.045454545454545456
jazz,KFC_v2,iterative,0.8329686360320934,0.045454545454545456
jazz,KFC_v2,iterative,0.8333333333333334,0.045454545454545456
jazz,KFC_v2,iterative,0.8336980306345733,0.045454545454545456
jazz,KFC_v2,iterative,0.8340627279358133,0.045454545454545456
jazz,KFC_v2,iterative,0.8344274252370533,0.045454545454545456
jazz,KFC_v2,iterative,0.8347921225382933,0.045454545454545456
jazz,KFC_v2,iterative,0.8351568198395332,0.045454545454545456
jazz,KFC_v2,iterative,0.8355215171407732,0.045454545454545456
jazz,KFC_v2,iterative,0.8358862144420132,0.045454545454545456
jazz,KFC_v2,iterative,0.8362509117432531,0.045454545454545456
jazz,KFC_v2,iterative,0.8366156090444931,0.045454545454545456
jazz,KFC_v2,iterative,0.8369803063457331,0.045454545454545456
jazz,KFC_v2,iterative,0.8373450036469731,0.045454545454545456
jazz,KFC_v2,iterative,0.837709700948213,0.045454545454545456
jazz,KFC_v2,iterative,0.838074398249453,0.045454545454545456
jazz,KFC_v2,iterative,0.838439095550693,0.045454545454545456
jazz,KFC_v2,iterative,0.838803792851933,0.045454545454545456
jazz,KFC_v2,iterative,0.8391684901531729,0.045454545454545456
jazz,KFC_v2,iterative,0.8395331874544129,0.045454545454545456
jazz,KFC_v2,iterative,0.8398978847556529,0.045454545454545456
jazz,KFC_v2,iterative,0.8402625820568927,0.045454545454545456
jazz,KFC_v2,iterative,0.8406272793581328,0.045454545454545456
jazz,KFC_v2,iterative,0.8409919766593728,0.045454545454545456
jazz,KFC_v2,iterative,0.8413566739606128,0.045454545454545456
jazz,KFC_v2,iterative,0.8417213712618526,0.045454545454545456
jazz,KFC_v2,iterative,0.8420860685630926,0.045454545454545456
jazz,KFC_v2,iterative,0.8424507658643327,0.045454545454545456
jazz,KFC_v2,iterative,0.8428154631655725,0.045454545454545456
jazz,KFC_v2,iterative,0.8431801604668125,0.045454545454545456
jazz,KFC_v2,iterative,0.8435448577680525,0.04040404040404041
jazz,KFC_v2,iterative,0.8439095550692925,0.04040404040404041
jazz,KFC_v2,iterative,0.8442742523705324,0.04040404040404041
jazz,KFC_v2,iterative,0.8446389496717724,0.04040404040404041
jazz,KFC_v2,iterative,0.8450036469730124,0.04040404040404041
jazz,KFC_v2,iterative,0.8453683442742523,0.04040404040404041
jazz,KFC_v2,iterative,0.8457330415754923,0.04040404040404041
jazz,KFC_v2,iterative,0.8460977388767323,0.04040404040404041
jazz,KFC_v2,iterative,0.8464624361779723,0.04040404040404041
jazz,KFC_v2,iterative,0.8468271334792122,0.04040404040404041
jazz,KFC_v2,iterative,0.8471918307804522,0.04040404040404041
jazz,KFC_v2,iterative,0.8475565280816922,0.04040404040404041
jazz,KFC_v2,iterative,0.8479212253829321,0.04040404040404041
jazz,KFC_v2,iterative,0.8482859226841721,0.04040404040404041
jazz,KFC_v2,iterative,0.8486506199854121,0.04040404040404041
jazz,KFC_v2,iterative,0.8490153172866521,0.04040404040404041
jazz,KFC_v2,iterative,0.849380014587892,0.04040404040404041
jazz,KFC_v2,iterative,0.849744711889132,0.04040404040404041
jazz,KFC_v2,iterative,0.850109409190372,0.04040404040404041
jazz,KFC_v2,iterative,0.8504741064916119,0.04040404040404041
jazz,KFC_v2,iterative,0.8508388037928519,0.04040404040404041
jazz,KFC_v2,iterative,0.8512035010940919,0.04040404040404041
jazz,KFC_v2,iterative,0.8515681983953319,0.04040404040404041
jazz,KFC_v2,iterative,0.8519328956965718,0.04040404040404041
jazz,KFC_v2,iterative,0.8522975929978118,0.04040404040404041
jazz,KFC_v2,iterative,0.8526622902990518,0.04040404040404041
jazz,KFC_v2,iterative,0.8530269876002917,0.04040404040404041
jazz,KFC_v2,iterative,0.8533916849015317,0.04040404040404041
jazz,KFC_v2,iterative,0.8537563822027717,0.04040404040404041
jazz,KFC_v2,iterative,0.8541210795040117,0.04040404040404041
jazz,KFC_v2,iterative,0.8544857768052516,0.04040404040404041
jazz,KFC_v2,iterative,0.8548504741064916,0.04040404040404041
jazz,KFC_v2,iterative,0.8552151714077316,0.04040404040404041
jazz,KFC_v2,iterative,0.8555798687089715,0.04040404040404041
jazz,KFC_v2,iterative,0.8559445660102115,0.03535353535353535
jazz,KFC_v2,iterative,0.8563092633114515,0.03535353535353535
jazz,KFC_v2,iterative,0.8566739606126915,0.03535353535353535
jazz,KFC_v2,iterative,0.8570386579139314,0.03535353535353535
jazz,KFC_v2,iterative,0.8574033552151714,0.03535353535353535
jazz,KFC_v2,iterative,0.8577680525164114,0.03535353535353535
jazz,KFC_v2,iterative,0.8581327498176513,0.03535353535353535
jazz,KFC_v2,iterative,0.8584974471188913,0.03535353535353535
jazz,KFC_v2,iterative,0.8588621444201313,0.03535353535353535
jazz,KFC_v2,iterative,0.8592268417213713,0.03535353535353535
jazz,KFC_v2,iterative,0.8595915390226112,0.03535353535353535
jazz,KFC_v2,iterative,0.8599562363238512,0.03535353535353535
jazz,KFC_v2,iterative,0.8603209336250912,0.03535353535353535
jazz,KFC_v2,iterative,0.8606856309263311,0.03535353535353535
jazz,KFC_v2,iterative,0.8610503282275711,0.03535353535353535
jazz,KFC_v2,iterative,0.8614150255288111,0.03535353535353535
jazz,KFC_v2,iterative,0.8617797228300511,0.03535353535353535
jazz,KFC_v2,iterative,0.862144420131291,0.03535353535353535
jazz,KFC_v2,iterative,0.862509117432531,0.03535353535353535
jazz,KFC_v2,iterative,0.862873814733771,0.03535353535353535
jazz,KFC_v2,iterative,0.863238512035011,0.03535353535353535
jazz,KFC_v2,iterative,0.8636032093362509,0.030303030303030304
jazz,KFC_v2,iterative,0.8639679066374909,0.030303030303030304
jazz,KFC_v2,iterative,0.8643326039387309,0.030303030303030304
jazz,KFC_v2,iterative,0.8646973012399708,0.030303030303030304
jazz,KFC_v2,iterative,0.8650619985412108,0.030303030303030304
jazz,KFC_v2,iterative,0.8654266958424508,0.030303030303030304
jazz,KFC_v2,iterative,0.8657913931436908,0.030303030303030304
jazz,KFC_v2,iterative,0.8661560904449307,0.030303030303030304
jazz,KFC_v2,iterative,0.8665207877461707,0.030303030303030304
jazz,KFC_v2,iterative,0.8668854850474107,0.030303030303030304
jazz,KFC_v2,iterative,0.8672501823486506,0.030303030303030304
jazz,KFC_v2,iterative,0.8676148796498906,0.030303030303030304
jazz,KFC_v2,iterative,0.8679795769511306,0.030303030303030304
jazz,KFC_v2,iterative,0.8683442742523706,0.030303030303030304
jazz,KFC_v2,iterative,0.8687089715536105,0.030303030303030304
jazz,KFC_v2,iterative,0.8690736688548505,0.030303030303030304
jazz,KFC_v2,iterative,0.8694383661560905,0.030303030303030304
jazz,KFC_v2,iterative,0.8698030634573304,0.030303030303030304
jazz,KFC_v2,iterative,0.8701677607585704,0.030303030303030304
jazz,KFC_v2,iterative,0.8705324580598104,0.030303030303030304
jazz,KFC_v2,iterative,0.8708971553610504,0.030303030303030304
jazz,KFC_v2,iterative,0.8712618526622903,0.030303030303030304
jazz,KFC_v2,iterative,0.8716265499635303,0.030303030303030304
jazz,KFC_v2,iterative,0.8719912472647703,0.030303030303030304
jazz,KFC_v2,iterative,0.8723559445660102,0.030303030303030304
jazz,KFC_v2,iterative,0.8727206418672502,0.030303030303030304
jazz,KFC_v2,iterative,0.8730853391684902,0.030303030303030304
jazz,KFC_v2,iterative,0.8734500364697302,0.030303030303030304
jazz,KFC_v2,iterative,0.8738147337709701,0.030303030303030304
jazz,KFC_v2,iterative,0.8741794310722101,0.030303030303030304
jazz,KFC_v2,iterative,0.8745441283734501,0.030303030303030304
jazz,KFC_v2,iterative,0.87490882567469,0.030303030303030304
jazz,KFC_v2,iterative,0.87527352297593,0.030303030303030304
jazz,KFC_v2,iterative,0.87563822027717,0.030303030303030304
jazz,KFC_v2,iterative,0.87600291757841,0.030303030303030304
jazz,KFC_v2,iterative,0.8763676148796499,0.030303030303030304
jazz,KFC_v2,iterative,0.8767323121808899,0.030303030303030304
jazz,KFC_v2,iterative,0.8770970094821299,0.030303030303030304
jazz,KFC_v2,iterative,0.8774617067833698,0.030303030303030304
jazz,KFC_v2,iterative,0.8778264040846098,0.030303030303030304
jazz,KFC_v2,iterative,0.8781911013858498,0.030303030303030304
jazz,KFC_v2,iterative,0.8785557986870898,0.030303030303030304
jazz,KFC_v2,iterative,0.8789204959883297,0.030303030303030304
jazz,KFC_v2,iterative,0.8792851932895697,0.030303030303030304
jazz,KFC_v2,iterative,0.8796498905908097,0.030303030303030304
jazz,KFC_v2,iterative,0.8800145878920496,0.030303030303030304
jazz,KFC_v2,iterative,0.8803792851932896,0.030303030303030304
jazz,KFC_v2,iterative,0.8807439824945296,0.030303030303030304
jazz,KFC_v2,iterative,0.8811086797957696,0.030303030303030304
jazz,KFC_v2,iterative,0.8814733770970095,0.030303030303030304
jazz,KFC_v2,iterative,0.8818380743982495,0.030303030303030304
jazz,KFC_v2,iterative,0.8822027716994895,0.030303030303030304
jazz,KFC_v2,iterative,0.8825674690007294,0.030303030303030304
jazz,KFC_v2,iterative,0.8829321663019694,0.030303030303030304
jazz,KFC_v2,iterative,0.8832968636032094,0.030303030303030304
jazz,KFC_v2,iterative,0.8836615609044494,0.030303030303030304
jazz,KFC_v2,iterative,0.8840262582056893,0.030303030303030304
jazz,KFC_v2,iterative,0.8843909555069293,0.030303030303030304
jazz,KFC_v2,iterative,0.8847556528081693,0.030303030303030304
jazz,KFC_v2,iterative,0.8851203501094091,0.030303030303030304
jazz,KFC_v2,iterative,0.8854850474106492,0.030303030303030304
jazz,KFC_v2,iterative,0.8858497447118892,0.030303030303030304
jazz,KFC_v2,iterative,0.8862144420131292,0.030303030303030304
jazz,KFC_v2,iterative,0.886579139314369,0.030303030303030304
jazz,KFC_v2,iterative,0.886943836615609,0.030303030303030304
jazz,KFC_v2,iterative,0.887308533916849,0.030303030303030304
jazz,KFC_v2,iterative,0.8876732312180889,0.030303030303030304
jazz,KFC_v2,iterative,0.888037928519329,0.030303030303030304
jazz,KFC_v2,iterative,0.888402625820569,0.030303030303030304
jazz,KFC_v2,iterative,0.888767323121809,0.030303030303030304
jazz,KFC_v2,iterative,0.8891320204230488,0.030303030303030304
jazz,KFC_v2,iterative,0.8894967177242888,0.030303030303030304
jazz,KFC_v2,iterative,0.8898614150255288,0.030303030303030304
jazz,KFC_v2,iterative,0.8902261123267688,0.030303030303030304
jazz,KFC_v2,iterative,0.8905908096280087,0.030303030303030304
jazz,KFC_v2,iterative,0.8909555069292487,0.030303030303030304
jazz,KFC_v2,iterative,0.8913202042304887,0.030303030303030304
jazz,KFC_v2,iterative,0.8916849015317286,0.030303030303030304
jazz,KFC_v2,iterative,0.8920495988329686,0.030303030303030304
jazz,KFC_v2,iterative,0.8924142961342086,0.030303030303030304
jazz,KFC_v2,iterative,0.8927789934354486,0.030303030303030304
jazz,KFC_v2,iterative,0.8931436907366885,0.030303030303030304
jazz,KFC_v2,iterative,0.8935083880379285,0.030303030303030304
jazz,KFC_v2,iterative,0.8938730853391685,0.030303030303030304
jazz,KFC_v2,iterative,0.8942377826404084,0.030303030303030304
jazz,KFC_v2,iterative,0.8946024799416484,0.030303030303030304
jazz,KFC_v2,iterative,0.8949671772428884,0.030303030303030304
jazz,KFC_v2,iterative,0.8953318745441284,0.030303030303030304
jazz,KFC_v2,iterative,0.8956965718453683,0.030303030303030304
jazz,KFC_v2,iterative,0.8960612691466083,0.030303030303030304
jazz,KFC_v2,iterative,0.8964259664478483,0.030303030303030304
jazz,KFC_v2,iterative,0.8967906637490882,0.030303030303030304
jazz,KFC_v2,iterative,0.8971553610503282,0.030303030303030304
jazz,KFC_v2,iterative,0.8975200583515682,0.030303030303030304
jazz,KFC_v2,iterative,0.8978847556528082,0.030303030303030304
jazz,KFC_v2,iterative,0.8982494529540481,0.030303030303030304
jazz,KFC_v2,iterative,0.8986141502552881,0.030303030303030304
jazz,KFC_v2,iterative,0.8989788475565281,0.030303030303030304
jazz,KFC_v2,iterative,0.899343544857768,0.030303030303030304
jazz,KFC_v2,iterative,0.899708242159008,0.030303030303030304
jazz,KFC_v2,iterative,0.900072939460248,0.030303030303030304
jazz,KFC_v2,iterative,0.900437636761488,0.030303030303030304
jazz,KFC_v2,iterative,0.9008023340627279,0.030303030303030304
jazz,KFC_v2,iterative,0.9011670313639679,0.030303030303030304
jazz,KFC_v2,iterative,0.9015317286652079,0.030303030303030304
jazz,KFC_v2,iterative,0.9018964259664478,0.030303030303030304
jazz,KFC_v2,iterative,0.9022611232676878,0.030303030303030304
jazz,KFC_v2,iterative,0.9026258205689278,0.030303030303030304
jazz,KFC_v2,iterative,0.9029905178701678,0.030303030303030304
jazz,KFC_v2,iterative,0.9033552151714077,0.030303030303030304
jazz,KFC_v2,iterative,0.9037199124726477,0.030303030303030304
jazz,KFC_v2,iterative,0.9040846097738877,0.030303030303030304
jazz,KFC_v2,iterative,0.9044493070751276,0.030303030303030304
jazz,KFC_v2,iterative,0.9048140043763676,0.030303030303030304
jazz,KFC_v2,iterative,0.9051787016776076,0.030303030303030304
jazz,KFC_v2,iterative,0.9055433989788476,0.030303030303030304
jazz,KFC_v2,iterative,0.9059080962800875,0.030303030303030304
jazz,KFC_v2,iterative,0.9062727935813275,0.030303030303030304
jazz,KFC_v2,iterative,0.9066374908825675,0.030303030303030304
jazz,KFC_v2,iterative,0.9070021881838074,0.030303030303030304
jazz,KFC_v2,iterative,0.9073668854850474,0.030303030303030304
jazz,KFC_v2,iterative,0.9077315827862874,0.030303030303030304
jazz,KFC_v2,iterative,0.9080962800875274,0.025252525252525252
jazz,KFC_v2,iterative,0.9084609773887673,0.025252525252525252
jazz,KFC_v2,iterative,0.9088256746900073,0.025252525252525252
jazz,KFC_v2,iterative,0.9091903719912473,0.025252525252525252
jazz,KFC_v2,iterative,0.9095550692924872,0.025252525252525252
jazz,KFC_v2,iterative,0.9099197665937272,0.025252525252525252
jazz,KFC_v2,iterative,0.9102844638949672,0.025252525252525252
jazz,KFC_v2,iterative,0.9106491611962072,0.025252525252525252
jazz,KFC_v2,iterative,0.9110138584974471,0.025252525252525252
jazz,KFC_v2,iterative,0.9113785557986871,0.025252525252525252
jazz,KFC_v2,iterative,0.9117432530999271,0.025252525252525252
jazz,KFC_v2,iterative,0.912107950401167,0.025252525252525252
jazz,KFC_v2,iterative,0.912472647702407,0.025252525252525252
jazz,KFC_v2,iterative,0.912837345003647,0.025252525252525252
jazz,KFC_v2,iterative,0.913202042304887,0.025252525252525252
jazz,KFC_v2,iterative,0.9135667396061269,0.025252525252525252
jazz,KFC_v2,iterative,0.9139314369073669,0.025252525252525252
jazz,KFC_v2,iterative,0.9142961342086069,0.025252525252525252
jazz,KFC_v2,iterative,0.9146608315098469,0.025252525252525252
jazz,KFC_v2,iterative,0.9150255288110868,0.025252525252525252
jazz,KFC_v2,iterative,0.9153902261123268,0.025252525252525252
jazz,KFC_v2,iterative,0.9157549234135668,0.025252525252525252
jazz,KFC_v2,iterative,0.9161196207148067,0.025252525252525252
jazz,KFC_v2,iterative,0.9164843180160467,0.025252525252525252
jazz,KFC_v2,iterative,0.9168490153172867,0.025252525252525252
jazz,KFC_v2,iterative,0.9172137126185267,0.025252525252525252
jazz,KFC_v2,iterative,0.9175784099197666,0.025252525252525252
jazz,KFC_v2,iterative,0.9179431072210066,0.025252525252525252
jazz,KFC_v2,iterative,0.9183078045222466,0.025252525252525252
jazz,KFC_v2,iterative,0.9186725018234865,0.025252525252525252
jazz,KFC_v2,iterative,0.9190371991247265,0.025252525252525252
jazz,KFC_v2,iterative,0.9194018964259665,0.025252525252525252
jazz,KFC_v2,iterative,0.9197665937272065,0.025252525252525252
jazz,KFC_v2,iterative,0.9201312910284464,0.025252525252525252
jazz,KFC_v2,iterative,0.9204959883296864,0.025252525252525252
jazz,KFC_v2,iterative,0.9208606856309264,0.025252525252525252
jazz,KFC_v2,iterative,0.9212253829321663,0.025252525252525252
jazz,KFC_v2,iterative,0.9215900802334063,0.025252525252525252
jazz,KFC_v2,iterative,0.9219547775346463,0.025252525252525252
jazz,KFC_v2,iterative,0.9223194748358863,0.025252525252525252
jazz,KFC_v2,iterative,0.9226841721371262,0.025252525252525252
jazz,KFC_v2,iterative,0.9230488694383662,0.025252525252525252
jazz,KFC_v2,iterative,0.9234135667396062,0.025252525252525252
jazz,KFC_v2,iterative,0.9237782640408461,0.025252525252525252
jazz,KFC_v2,iterative,0.9241429613420861,0.025252525252525252
jazz,KFC_v2,iterative,0.9245076586433261,0.025252525252525252
jazz,KFC_v2,iterative,0.9248723559445661,0.025252525252525252
jazz,KFC_v2,iterative,0.925237053245806,0.025252525252525252
jazz,KFC_v2,iterative,0.925601750547046,0.025252525252525252
jazz,KFC_v2,iterative,0.925966447848286,0.025252525252525252
jazz,KFC_v2,iterative,0.9263311451495259,0.025252525252525252
jazz,KFC_v2,iterative,0.9266958424507659,0.025252525252525252
jazz,KFC_v2,iterative,0.9270605397520059,0.025252525252525252
jazz,KFC_v2,iterative,0.9274252370532459,0.025252525252525252
jazz,KFC_v2,iterative,0.9277899343544858,0.020202020202020204
jazz,KFC_v2,iterative,0.9281546316557258,0.020202020202020204
jazz,KFC_v2,iterative,0.9285193289569658,0.020202020202020204
jazz,KFC_v2,iterative,0.9288840262582057,0.020202020202020204
jazz,KFC_v2,iterative,0.9292487235594457,0.020202020202020204
jazz,KFC_v2,iterative,0.9296134208606857,0.020202020202020204
jazz,KFC_v2,iterative,0.9299781181619257,0.020202020202020204
jazz,KFC_v2,iterative,0.9303428154631656,0.020202020202020204
jazz,KFC_v2,iterative,0.9307075127644056,0.020202020202020204
jazz,KFC_v2,iterative,0.9310722100656456,0.020202020202020204
jazz,KFC_v2,iterative,0.9314369073668854,0.020202020202020204
jazz,KFC_v2,iterative,0.9318016046681254,0.020202020202020204
jazz,KFC_v2,iterative,0.9321663019693655,0.020202020202020204
jazz,KFC_v2,iterative,0.9325309992706055,0.020202020202020204
jazz,KFC_v2,iterative,0.9328956965718453,0.020202020202020204
jazz,KFC_v2,iterative,0.9332603938730853,0.020202020202020204
jazz,KFC_v2,iterative,0.9336250911743253,0.020202020202020204
jazz,KFC_v2,iterative,0.9339897884755652,0.020202020202020204
jazz,KFC_v2,iterative,0.9343544857768052,0.020202020202020204
jazz,KFC_v2,iterative,0.9347191830780452,0.020202020202020204
jazz,KFC_v2,iterative,0.9350838803792852,0.020202020202020204
jazz,KFC_v2,iterative,0.9354485776805251,0.020202020202020204
jazz,KFC_v2,iterative,0.9358132749817651,0.020202020202020204
jazz,KFC_v2,iterative,0.9361779722830051,0.020202020202020204
jazz,KFC_v2,iterative,0.936542669584245,0.020202020202020204
jazz,KFC_v2,iterative,0.936907366885485,0.020202020202020204
jazz,KFC_v2,iterative,0.937272064186725,0.020202020202020204
jazz,KFC_v2,iterative,0.937636761487965,0.020202020202020204
jazz,KFC_v2,iterative,0.9380014587892049,0.020202020202020204
jazz,KFC_v2,iterative,0.9383661560904449,0.020202020202020204
jazz,KFC_v2,iterative,0.9387308533916849,0.020202020202020204
jazz,KFC_v2,iterative,0.9390955506929248,0.020202020202020204
jazz,KFC_v2,iterative,0.9394602479941648,0.020202020202020204
jazz,KFC_v2,iterative,0.9398249452954048,0.020202020202020204
jazz,KFC_v2,iterative,0.9401896425966448,0.020202020202020204
jazz,KFC_v2,iterative,0.9405543398978847,0.020202020202020204
jazz,KFC_v2,iterative,0.9409190371991247,0.020202020202020204
jazz,KFC_v2,iterative,0.9412837345003647,0.020202020202020204
jazz,KFC_v2,iterative,0.9416484318016047,0.020202020202020204
jazz,KFC_v2,iterative,0.9420131291028446,0.020202020202020204
jazz,KFC_v2,iterative,0.9423778264040846,0.015151515151515152
jazz,KFC_v2,iterative,0.9427425237053246,0.015151515151515152
jazz,KFC_v2,iterative,0.9431072210065645,0.015151515151515152
jazz,KFC_v2,iterative,0.9434719183078045,0.015151515151515152
jazz,KFC_v2,iterative,0.9438366156090445,0.015151515151515152
jazz,KFC_v2,iterative,0.9442013129102845,0.015151515151515152
jazz,KFC_v2,iterative,0.9445660102115244,0.015151515151515152
jazz,KFC_v2,iterative,0.9449307075127644,0.015151515151515152
jazz,KFC_v2,iterative,0.9452954048140044,0.015151515151515152
jazz,KFC_v2,iterative,0.9456601021152443,0.015151515151515152
jazz,KFC_v2,iterative,0.9460247994164843,0.015151515151515152
jazz,KFC_v2,iterative,0.9463894967177243,0.015151515151515152
jazz,KFC_v2,iterative,0.9467541940189643,0.015151515151515152
jazz,KFC_v2,iterative,0.9471188913202042,0.015151515151515152
jazz,KFC_v2,iterative,0.9474835886214442,0.015151515151515152
jazz,KFC_v2,iterative,0.9478482859226842,0.015151515151515152
jazz,KFC_v2,iterative,0.9482129832239241,0.015151515151515152
jazz,KFC_v2,iterative,0.9485776805251641,0.015151515151515152
jazz,KFC_v2,iterative,0.9489423778264041,0.015151515151515152
jazz,KFC_v2,iterative,0.9493070751276441,0.015151515151515152
jazz,KFC_v2,iterative,0.949671772428884,0.015151515151515152
jazz,KFC_v2,iterative,0.950036469730124,0.015151515151515152
jazz,KFC_v2,iterative,0.950401167031364,0.015151515151515152
jazz,KFC_v2,iterative,0.9507658643326039,0.015151515151515152
jazz,KFC_v2,iterative,0.9511305616338439,0.015151515151515152
jazz,KFC_v2,iterative,0.9514952589350839,0.015151515151515152
jazz,KFC_v2,iterative,0.9518599562363239,0.015151515151515152
jazz,KFC_v2,iterative,0.9522246535375638,0.015151515151515152
jazz,KFC_v2,iterative,0.9525893508388038,0.015151515151515152
jazz,KFC_v2,iterative,0.9529540481400438,0.015151515151515152
jazz,KFC_v2,iterative,0.9533187454412837,0.015151515151515152
jazz,KFC_v2,iterative,0.9536834427425237,0.015151515151515152
jazz,KFC_v2,iterative,0.9540481400437637,0.015151515151515152
jazz,KFC_v2,iterative,0.9544128373450037,0.015151515151515152
jazz,KFC_v2,iterative,0.9547775346462436,0.015151515151515152
jazz,KFC_v2,iterative,0.9551422319474836,0.015151515151515152
jazz,KFC_v2,iterative,0.9555069292487236,0.015151515151515152
jazz,KFC_v2,iterative,0.9558716265499635,0.015151515151515152
jazz,KFC_v2,iterative,0.9562363238512035,0.015151515151515152
jazz,KFC_v2,iterative,0.9566010211524435,0.015151515151515152
jazz,KFC_v2,iterative,0.9569657184536835,0.015151515151515152
jazz,KFC_v2,iterative,0.9573304157549234,0.015151515151515152
jazz,KFC_v2,iterative,0.9576951130561634,0.015151515151515152
jazz,KFC_v2,iterative,0.9580598103574034,0.015151515151515152
jazz,KFC_v2,iterative,0.9584245076586433,0.015151515151515152
jazz,KFC_v2,iterative,0.9587892049598833,0.015151515151515152
jazz,KFC_v2,iterative,0.9591539022611233,0.015151515151515152
jazz,KFC_v2,iterative,0.9595185995623633,0.015151515151515152
jazz,KFC_v2,iterative,0.9598832968636032,0.015151515151515152
jazz,KFC_v2,iterative,0.9602479941648432,0.015151515151515152
jazz,KFC_v2,iterative,0.9606126914660832,0.015151515151515152
jazz,KFC_v2,iterative,0.9609773887673231,0.015151515151515152
jazz,KFC_v2,iterative,0.9613420860685631,0.015151515151515152
jazz,KFC_v2,iterative,0.9617067833698031,0.015151515151515152
jazz,KFC_v2,iterative,0.9620714806710431,0.015151515151515152
jazz,KFC_v2,iterative,0.962436177972283,0.015151515151515152
jazz,KFC_v2,iterative,0.962800875273523,0.015151515151515152
jazz,KFC_v2,iterative,0.963165572574763,0.015151515151515152
jazz,KFC_v2,iterative,0.9635302698760029,0.015151515151515152
jazz,KFC_v2,iterative,0.9638949671772429,0.015151515151515152
jazz,KFC_v2,iterative,0.9642596644784829,0.015151515151515152
jazz,KFC_v2,iterative,0.9646243617797229,0.015151515151515152
jazz,KFC_v2,iterative,0.9649890590809628,0.015151515151515152
jazz,KFC_v2,iterative,0.9653537563822028,0.015151515151515152
jazz,KFC_v2,iterative,0.9657184536834428,0.015151515151515152
jazz,KFC_v2,iterative,0.9660831509846828,0.015151515151515152
jazz,KFC_v2,iterative,0.9664478482859227,0.015151515151515152
jazz,KFC_v2,iterative,0.9668125455871627,0.015151515151515152
jazz,KFC_v2,iterative,0.9671772428884027,0.015151515151515152
jazz,KFC_v2,iterative,0.9675419401896426,0.015151515151515152
jazz,KFC_v2,iterative,0.9679066374908826,0.015151515151515152
jazz,KFC_v2,iterative,0.9682713347921226,0.015151515151515152
jazz,KFC_v2,iterative,0.9686360320933626,0.015151515151515152
jazz,KFC_v2,iterative,0.9690007293946025,0.015151515151515152
jazz,KFC_v2,iterative,0.9693654266958425,0.015151515151515152
jazz,KFC_v2,iterative,0.9697301239970825,0.015151515151515152
jazz,KFC_v2,iterative,0.9700948212983224,0.015151515151515152
jazz,KFC_v2,iterative,0.9704595185995624,0.015151515151515152
jazz,KFC_v2,iterative,0.9708242159008024,0.015151515151515152
jazz,KFC_v2,iterative,0.9711889132020424,0.010101010101010102
jazz,KFC_v2,iterative,0.9715536105032823,0.010101010101010102
jazz,KFC_v2,iterative,0.9719183078045223,0.010101010101010102
jazz,KFC_v2,iterative,0.9722830051057623,0.010101010101010102
jazz,KFC_v2,iterative,0.9726477024070022,0.010101010101010102
jazz,KFC_v2,iterative,0.9730123997082422,0.010101010101010102
jazz,KFC_v2,iterative,0.9733770970094822,0.010101010101010102
jazz,KFC_v2,iterative,0.9737417943107222,0.010101010101010102
jazz,KFC_v2,iterative,0.974106491611962,0.010101010101010102
jazz,KFC_v2,iterative,0.9744711889132021,0.010101010101010102
jazz,KFC_v2,iterative,0.9748358862144421,0.010101010101010102
jazz,KFC_v2,iterative,0.975200583515682,0.010101010101010102
jazz,KFC_v2,iterative,0.975565280816922,0.010101010101010102
jazz,KFC_v2,iterative,0.975929978118162,0.010101010101010102
jazz,KFC_v2,iterative,0.976294675419402,0.010101010101010102
jazz,KFC_v2,iterative,0.9766593727206418,0.010101010101010102
jazz,KFC_v2,iterative,0.9770240700218819,0.010101010101010102
jazz,KFC_v2,iterative,0.9773887673231219,0.010101010101010102
jazz,KFC_v2,iterative,0.9777534646243617,0.010101010101010102
jazz,KFC_v2,iterative,0.9781181619256017,0.010101010101010102
jazz,KFC_v2,iterative,0.9784828592268418,0.010101010101010102
jazz,KFC_v2,iterative,0.9788475565280818,0.010101010101010102
jazz,KFC_v2,iterative,0.9792122538293216,0.010101010101010102
jazz,KFC_v2,iterative,0.9795769511305616,0.010101010101010102
jazz,KFC_v2,iterative,0.9799416484318016,0.010101010101010102
jazz,KFC_v2,iterative,0.9803063457330415,0.010101010101010102
jazz,KFC_v2,iterative,0.9806710430342815,0.010101010101010102
jazz,KFC_v2,iterative,0.9810357403355215,0.010101010101010102
jazz,KFC_v2,iterative,0.9814004376367615,0.010101010101010102
jazz,KFC_v2,iterative,0.9817651349380014,0.010101010101010102
jazz,KFC_v2,iterative,0.9821298322392414,0.010101010101010102
jazz,KFC_v2,iterative,0.9824945295404814,0.010101010101010102
jazz,KFC_v2,iterative,0.9828592268417213,0.010101010101010102
jazz,KFC_v2,iterative,0.9832239241429613,0.010101010101010102
jazz,KFC_v2,iterative,0.9835886214442013,0.010101010101010102
jazz,KFC_v2,iterative,0.9839533187454413,0.010101010101010102
jazz,KFC_v2,iterative,0.9843180160466812,0.010101010101010102
jazz,KFC_v2,iterative,0.9846827133479212,0.010101010101010102
jazz,KFC_v2,iterative,0.9850474106491612,0.010101010101010102
jazz,KFC_v2,iterative,0.9854121079504011,0.010101010101010102
jazz,KFC_v2,iterative,0.9857768052516411,0.010101010101010102
jazz,KFC_v2,iterative,0.9861415025528811,0.010101010101010102
jazz,KFC_v2,iterative,0.9865061998541211,0.010101010101010102
jazz,KFC_v2,iterative,0.986870897155361,0.010101010101010102
jazz,KFC_v2,iterative,0.987235594456601,0.010101010101010102
jazz,KFC_v2,iterative,0.987600291757841,0.010101010101010102
jazz,KFC_v2,iterative,0.9879649890590809,0.010101010101010102
jazz,KFC_v2,iterative,0.9883296863603209,0.010101010101010102
jazz,KFC_v2,iterative,0.9886943836615609,0.010101010101010102
jazz,KFC_v2,iterative,0.9890590809628009,0.010101010101010102
jazz,KFC_v2,iterative,0.9894237782640408,0.010101010101010102
jazz,KFC_v2,iterative,0.9897884755652808,0.010101010101010102
jazz,KFC_v2,iterative,0.9901531728665208,0.010101010101010102
jazz,KFC_v2,iterative,0.9905178701677607,0.010101010101010102
jazz,KFC_v2,iterative,0.9908825674690007,0.010101010101010102
jazz,KFC_v2,iterative,0.9912472647702407,0.010101010101010102
jazz,KFC_v2,iterative,0.9916119620714807,0.010101010101010102
jazz,KFC_v2,iterative,0.9919766593727206,0.010101010101010102
jazz,KFC_v2,iterative,0.9923413566739606,0.010101010101010102
jazz,KFC_v2,iterative,0.9927060539752006,0.010101010101010102
jazz,KFC_v2,iterative,0.9930707512764406,0.010101010101010102
jazz,KFC_v2,iterative,0.9934354485776805,0.010101010101010102
jazz,KFC_v2,iterative,0.9938001458789205,0.010101010101010102
jazz,KFC_v2,iterative,0.9941648431801605,0.010101010101010102
jazz,KFC_v2,iterative,0.9945295404814004,0.010101010101010102
jazz,KFC_v2,iterative,0.9948942377826404,0.010101010101010102
jazz,KFC_v2,iterative,0.9952589350838804,0.010101010101010102
jazz,KFC_v2,iterative,0.9956236323851204,0.010101010101010102
jazz,KFC_v2,iterative,0.9959883296863603,0.010101010101010102
jazz,KFC_v2,iterative,0.9963530269876003,0.010101010101010102
jazz,KFC_v2,iterative,0.9967177242888403,0.010101010101010102
jazz,KFC_v2,iterative,0.9970824215900802,0.010101010101010102
jazz,KFC_v2,iterative,0.9974471188913202,0.010101010101010102
jazz,KFC_v2,iterative,0.9978118161925602,0.010101010101010102
jazz,KFC_v2,iterative,0.9981765134938002,0.010101010101010102
jazz,KFC_v2,iterative,0.9985412107950401,0.010101010101010102
jazz,KFC_v2,iterative,0.9989059080962801,0.010101010101010102
jazz,KFC_v2,iterative,0.9992706053975201,0.010101010101010102
jazz,KFC_v2,iterative,0.99963530269876,0.010101010101010102
jazz,KFC_v2,iterative,1.0,0.005050505050505051
