network,metric,mode,x,rgc
manufacturing,KFC_v2,static,0.0,1.0
manufacturing,KFC_v2,static,0.0003076923076923077,1.0
manufacturing,KFC_v2,static,0.0006153846153846154,1.0
manufacturing,KFC_v2,static,0.0009230769230769232,1.0
manufacturing,KFC_v2,static,0.0012307692307692308,1.0
manufacturing,KFC_v2,static,0.0015384615384615385,1.0
manufacturing,KFC_v2,static,0.0018461538461538463,1.0
manufacturing,KFC_v2,static,0.0021538461538461538,1.0
manufacturing,KFC_v2,static,0.0024615384615384616,1.0
manufacturing,KFC_v2,static,0.0027692307692307695,1.0
manufacturing,KFC_v2,static,0.003076923076923077,1.0
manufacturing,KFC_v2,static,0.003384615384615385,1.0
manufacturing,KFC_v2,static,0.0036923076923076927,1.0
manufacturing,KFC_v2,static,0.004,1.0
manufacturing,KFC_v2,static,0.0043076923076923075,1.0
manufacturing,KFC_v2,static,0.004615384615384616,1.0
manufacturing,KFC_v2,static,0.004923076923076923,1.0
manufacturing,KFC_v2,static,0.005230769230769231,1.0
manufacturing,KFC_v2,static,0.005538461538461539,1.0
manufacturing,KFC_v2,static,0.005846153846153846,1.0
manufacturing,KFC_v2,static,0.006153846153846154,1.0
manufacturing,KFC_v2,static,0.006461538461538462,1.0
manufacturing,KFC_v2,static,0.00676923076923077,1.0
manufacturing,KFC_v2,static,0.007076923076923077,1.0
manufacturing,KFC_v2,static,0.007384615384615385,1.0
manufacturing,KFC_v2,static,0.007692307692307693,1.0
manufacturing,KFC_v2,static,0.008,1.0
manufacturing,KFC_v2,static,0.008307692307692308,1.0
manufacturing,KFC_v2,static,0.008615384615384615,1.0
manufacturing,KFC_v2,static,0.008923076923076924,1.0
manufacturing,KFC_v2,static,0.009230769230769232,1.0
manufacturing,KFC_v2,static,0.009538461538461539,1.0
manufacturing,KFC_v2,static,0.009846153846153846,1.0
manufacturing,KFC_v2,static,0.010153846153846154,1.0
manufacturing,KFC_v2,static,0.010461538461538461,1.0
manufacturing,KFC_v2,static,0.010769230769230769,1.0
manufacturing,KFC_v2,static,0.011076923076923078,1.0
manufacturing,KFC_v2,static,0.011384615384615385,1.0
manufacturing,KFC_v2,static,0.011692307692307693,1.0
manufacturing,KFC_v2,static,0.012,1.0
manufacturing,KFC_v2,static,0.012307692307692308,1.0
manufacturing,KFC_v2,static,0.012615384615384615,1.0
manufacturing,KFC_v2,static,0.012923076923076924,1.0
manufacturing,KFC_v2,static,0.013230769230769232,1.0
manufacturing,KFC_v2,static,0.01353846153846154,1.0
manufacturing,KFC_v2,static,0.013846153846153847,1.0
manufacturing,KFC_v2,static,0.014153846153846154,1.0
manufacturing,KFC_v2,static,0.014461538461538461,1.0
manufacturing,KFC_v2,static,0.01476923076923077,1.0
manufacturing,KFC_v2,static,0.015076923076923078,1.0
manufacturing,KFC_v2,static,0.015384615384615385,1.0
manufacturing,KFC_v2,static,0.015692307692307693,1.0
manufacturing,KFC_v2,static,0.016,1.0
manufacturing,KFC_v2,static,0.016307692307692308,1.0
manufacturing,KFC_v2,static,0.016615384615384615,1.0
manufacturing,KFC_v2,static,0.016923076923076923,1.0
manufacturing,KFC_v2,static,0.01723076923076923,1.0
manufacturing,KFC_v2,static,0.017538461538461537,1.0
manufacturing,KFC_v2,static,0.01784615384615385,1.0
manufacturing,KFC_v2,static,0.018153846153846156,1.0
manufacturing,KFC_v2,static,0.018461538461538463,1.0
manufacturing,KFC_v2,static,0.01876923076923077,1.0
manufacturing,KFC_v2,static,0.019076923076923078,1.0
manufacturing,KFC_v2,static,0.019384615384615386,1.0
manufacturing,KFC_v2,static,0.019692307692307693,1.0
manufacturing,KFC_v2,static,0.02,1.0
manufacturing,KFC_v2,static,0.020307692307692308,1.0
manufacturing,KFC_v2,static,0.020615384615384615,1.0
manufacturing,KFC_v2,static,0.020923076923076923,1.0
manufacturing,KFC_v2,static,0.02123076923076923,1.0
manufacturing,KFC_v2,static,0.021538461538461538,1.0
manufacturing,KFC_v2,static,0.02184615384615385,1.0
manufacturing,KFC_v2,static,0.022153846153846156,1.0
manufacturing,KFC_v2,static,0.022461538461538463,1.0
manufacturing,KFC_v2,static,0.02276923076923077,1.0
manufacturing,KFC_v2,static,0.023076923076923078,1.0
manufacturing,KFC_v2,static,0.023384615384615386,1.0
manufacturing,KFC_v2,static,0.023692307692307693,1.0
manufacturing,KFC_v2,static,0.024,1.0
manufacturing,KFC_v2,static,0.024307692307692308,1.0
manufacturing,KFC_v2,static,0.024615384615384615,1.0
manufacturing,KFC_v2,static,0.024923076923076923,1.0
manufacturing,KFC_v2,static,0.02523076923076923,1.0
manufacturing,KFC_v2,static,0.025538461538461538,1.0
manufacturing,KFC_v2,static,0.02584615384615385,1.0
manufacturing,KFC_v2,static,0.026153846153846156,1.0
manufacturing,KFC_v2,static,0.026461538461538463,1.0
manufacturing,KFC_v2,static,0.02676923076923077,1.0
manufacturing,KFC_v2,static,0.02707692307692308,1.0
manufacturing,KFC_v2,static,0.027384615384615386,1.0
manufacturing,KFC_v2,static,0.027692307692307693,1.0
manufacturing,KFC_v2,static,0.028,1.0
manufacturing,KFC_v2,static,0.028307692307692308,1.0
manufacturing,KFC_v2,static,0.028615384615384615,1.0
manufacturing,KFC_v2,static,0.028923076923076923,1.0
manufacturing,KFC_v2,static,0.02923076923076923,1.0
manufacturing,KFC_v2,static,0.02953846153846154,1.0
manufacturing,KFC_v2,static,0.02984615384615385,1.0
manufacturing,KFC_v2,static,0.030153846153846156,1.0
manufacturing,KFC_v2,static,0.030461538461538464,1.0
manufacturing,KFC_v2,static,0.03076923076923077,1.0
manufacturing,KFC_v2,static,0.03107692307692308,1.0
manufacturing,KFC_v2,static,0.031384615384615386,1.0
manufacturing,KFC_v2,static,0.03169230769230769,1.0
manufacturing,KFC_v2,static,0.032,1.0
manufacturing,KFC_v2,static,0.03230769230769231,1.0
manufacturing,KFC_v2,static,0.032615384615384616,1.0
manufacturing,KFC_v2,static,0.03292307692307692,1.0
manufacturing,KFC_v2,static,0.03323076923076923,1.0
manufacturing,KFC_v2,static,0.03353846153846154,1.0
manufacturing,KFC_v2,static,0.033846153846153845,1.0
manufacturing,KFC_v2,static,0.03415384615384615,1.0
manufacturing,KFC_v2,static,0.03446153846153846,1.0
manufacturing,KFC_v2,static,0.03476923076923077,1.0
manufacturing,KFC_v2,static,0.035076923076923075,1.0
manufacturing,KFC_v2,static,0.03538461538461538,1.0
manufacturing,KFC_v2,static,0.0356923076923077,1.0
manufacturing,KFC_v2,static,0.036000000000000004,1.0
manufacturing,KFC_v2,static,0.03630769230769231,1.0
manufacturing,KFC_v2,static,0.03661538461538462,1.0
manufacturing,KFC_v2,static,0.036923076923076927,1.0
manufacturing,KFC_v2,static,0.037230769230769234,1.0
manufacturing,KFC_v2,static,0.03753846153846154,1.0
manufacturing,KFC_v2,static,0.03784615384615385,1.0
manufacturing,KFC_v2,static,0.038153846153846156,1.0
manufacturing,KFC_v2,static,0.038461538461538464,1.0
manufacturing,KFC_v2,static,0.03876923076923077,1.0
manufacturing,KFC_v2,static,0.03907692307692308,1.0
manufacturing,KFC_v2,static,0.039384615384615386,1.0
manufacturing,KFC_v2,static,0.03969230769230769,1.0
manufacturing,KFC_v2,static,0.04,1.0
manufacturing,KFC_v2,static,0.04030769230769231,1.0
manufacturing,KFC_v2,static,0.040615384615384616,1.0
manufacturing,KFC_v2,static,0.04092307692307692,1.0
manufacturing,KFC_v2,static,0.04123076923076923,1.0
manufacturing,KFC_v2,static,0.04153846153846154,1.0
manufacturing,KFC_v2,static,0.041846153846153845,1.0
manufacturing,KFC_v2,static,0.04215384615384615,1.0
manufacturing,KFC_v2,static,0.04246153846153846,1.0
manufacturing,KFC_v2,static,0.04276923076923077,1.0
manufacturing,KFC_v2,static,0.043076923076923075,1.0
manufacturing,KFC_v2,static,0.04338461538461539,1.0
manufacturing,KFC_v2,static,0.0436923076923077,1.0
manufacturing,KFC_v2,static,0.044000000000000004,1.0
manufacturing,KFC_v2,static,0.04430769230769231,1.0
manufacturing,KFC_v2,static,0.04461538461538462,1.0
manufacturing,KFC_v2,static,0.04492307692307693,1.0
manufacturing,KFC_v2,static,0.045230769230769234,1.0
manufacturing,KFC_v2,static,0.04553846153846154,1.0
manufacturing,KFC_v2,static,0.04584615384615385,1.0
manufacturing,KFC_v2,static,0.046153846153846156,1.0
manufacturing,KFC_v2,static,0.046461538461538464,1.0
manufacturing,KFC_v2,static,0.04676923076923077,1.0
manufacturing,KFC_v2,static,0.04707692307692308,1.0
manufacturing,KFC_v2,static,0.047384615384615386,1.0
manufacturing,KFC_v2,static,0.047692307692307694,1.0
manufacturing,KFC_v2,static,0.048,1.0
manufacturing,KFC_v2,static,0.04830769230769231,1.0
manufacturing,KFC_v2,static,0.048615384615384616,1.0
manufacturing,KFC_v2,static,0.04892307692307692,1.0
manufacturing,KFC_v2,static,0.04923076923076923,1.0
manufacturing,KFC_v2,static,0.04953846153846154,1.0
manufacturing,KFC_v2,static,0.049846153846153846,1.0
manufacturing,KFC_v2,static,0.05015384615384615,1.0
manufacturing,KFC_v2,static,0.05046153846153846,1.0
manufacturing,KFC_v2,static,0.05076923076923077,1.0
manufacturing,KFC_v2,static,0.051076923076923075,1.0
manufacturing,KFC_v2,static,0.05138461538461539,1.0
manufacturing,KFC_v2,static,0.0516923076923077,1.0
manufacturing,KFC_v2,static,0.052000000000000005,1.0
manufacturing,KFC_v2,static,0.05230769230769231,1.0
manufacturing,KFC_v2,static,0.05261538461538462,1.0
manufacturing,KFC_v2,static,0.05292307692307693,1.0
manufacturing,KFC_v2,static,0.053230769230769234,1.0
manufacturing,KFC_v2,static,0.05353846153846154,1.0
manufacturing,KFC_v2,static,0.05384615384615385,1.0
manufacturing,KFC_v2,static,0.05415384615384616,1.0
manufacturing,KFC_v2,static,0.054461538461538464,1.0
manufacturing,KFC_v2,static,0.05476923076923077,1.0
manufacturing,KFC_v2,static,0.05507692307692308,1.0
manufacturing,KFC_v2,static,0.055384615384615386,1.0
manufacturing,KFC_v2,static,0.055692307692307694,1.0
manufacturing,KFC_v2,static,0.056,1.0
manufacturing,KFC_v2,static,0.05630769230769231,1.0
manufacturing,KFC_v2,static,0.056615384615384616,1.0
manufacturing,KFC_v2,static,0.05692307692307692,1.0
manufacturing,KFC_v2,static,0.05723076923076923,1.0
manufacturing,KFC_v2,static,0.05753846153846154,1.0
manufacturing,KFC_v2,static,0.057846153846153846,1.0
manufacturing,KFC_v2,static,0.05815384615384615,1.0
manufacturing,KFC_v2,static,0.05846153846153846,1.0
manufacturing,KFC_v2,static,0.05876923076923077,1.0
manufacturing,KFC_v2,static,0.05907692307692308,1.0
manufacturing,KFC_v2,static,0.05938461538461539,1.0
manufacturing,KFC_v2,static,0.0596923076923077,1.0
manufacturing,KFC_v2,static,0.060000000000000005,1.0
manufacturing,KFC_v2,static,0.06030769230769231,1.0
manufacturing,KFC_v2,static,0.06061538461538462,1.0
manufacturing,KFC_v2,static,0.06092307692307693,1.0
manufacturing,KFC_v2,static,0.061230769230769234,1.0
manufacturing,KFC_v2,static,0.06153846153846154,1.0
manufacturing,KFC_v2,static,0.06184615384615385,1.0
manufacturing,KFC_v2,static,0.06215384615384616,1.0
manufacturing,KFC_v2,static,0.062461538461538464,1.0
manufacturing,KFC_v2,static,0.06276923076923077,1.0
manufacturing,KFC_v2,static,0.06307692307692309,1.0
manufacturing,KFC_v2,static,0.06338461538461539,1.0
manufacturing,KFC_v2,static,0.0636923076923077,1.0
manufacturing,KFC_v2,static,0.064,1.0
manufacturing,KFC_v2,static,0.06430769230769232,1.0
manufacturing,KFC_v2,static,0.06461538461538462,1.0
manufacturing,KFC_v2,static,0.06492307692307693,1.0
manufacturing,KFC_v2,static,0.06523076923076923,1.0
manufacturing,KFC_v2,static,0.06553846153846155,1.0
manufacturing,KFC_v2,static,0.06584615384615385,1.0
manufacturing,KFC_v2,static,0.06615384615384616,1.0
manufacturing,KFC_v2,static,0.06646153846153846,1.0
manufacturing,KFC_v2,static,0.06676923076923078,1.0
manufacturing,KFC_v2,static,0.06707692307692308,1.0
manufacturing,KFC_v2,static,0.06738461538461539,1.0
manufacturing,KFC_v2,static,0.06769230769230769,1.0
manufacturing,KFC_v2,static,0.068,1.0
manufacturing,KFC_v2,static,0.0683076923076923,1.0
manufacturing,KFC_v2,static,0.06861538461538462,1.0
manufacturing,KFC_v2,static,0.06892307692307692,1.0
manufacturing,KFC_v2,static,0.06923076923076923,1.0
manufacturing,KFC_v2,static,0.06953846153846154,1.0
manufacturing,KFC_v2,static,0.06984615384615385,1.0
manufacturing,KFC_v2,static,0.07015384615384615,1.0
manufacturing,KFC_v2,static,0.07046153846153846,1.0
manufacturing,KFC_v2,static,0.07076923076923076,1.0
manufacturing,KFC_v2,static,0.07107692307692308,1.0
manufacturing,KFC_v2,static,0.0713846153846154,1.0
manufacturing,KFC_v2,static,0.0716923076923077,1.0
manufacturing,KFC_v2,static,0.07200000000000001,1.0
manufacturing,KFC_v2,static,0.07230769230769231,1.0
manufacturing,KFC_v2,static,0.07261538461538462,1.0
manufacturing,KFC_v2,static,0.07292307692307692,1.0
manufacturing,KFC_v2,static,0.07323076923076924,1.0
manufacturing,KFC_v2,static,0.07353846153846154,1.0
manufacturing,KFC_v2,static,0.07384615384615385,1.0
manufacturing,KFC_v2,static,0.07415384615384615,1.0
manufacturing,KFC_v2,static,0.07446153846153847,1.0
manufacturing,KFC_v2,static,0.07476923076923077,1.0
manufacturing,KFC_v2,static,0.07507692307692308,1.0
manufacturing,KFC_v2,static,0.07538461538461538,1.0
manufacturing,KFC_v2,static,0.0756923076923077,1.0
manufacturing,KFC_v2,static,0.076,1.0
manufacturing,KFC_v2,static,0.07630769230769231,1.0
manufacturing,KFC_v2,static,0.07661538461538461,1.0
manufacturing,KFC_v2,static,0.07692307692307693,1.0
manufacturing,KFC_v2,static,0.07723076923076923,1.0
manufacturing,KFC_v2,static,0.07753846153846154,1.0
manufacturing,KFC_v2,static,0.07784615384615384,1.0
manufacturing,KFC_v2,static,0.07815384615384616,1.0
manufacturing,KFC_v2,static,0.07846153846153846,1.0
manufacturing,KFC_v2,static,0.07876923076923077,1.0
manufacturing,KFC_v2,static,0.07907692307692309,1.0
manufacturing,KFC_v2,static,0.07938461538461539,1.0
manufacturing,KFC_v2,static,0.0796923076923077,1.0
manufacturing,KFC_v2,static,0.08,1.0
manufacturing,KFC_v2,static,0.08030769230769232,1.0
manufacturing,KFC_v2,static,0.08061538461538462,1.0
manufacturing,KFC_v2,static,0.08092307692307693,1.0
manufacturing,KFC_v2,static,0.08123076923076923,1.0
manufacturing,KFC_v2,static,0.08153846153846155,1.0
manufacturing,KFC_v2,static,0.08184615384615385,1.0
manufacturing,KFC_v2,static,0.08215384615384616,1.0
manufacturing,KFC_v2,static,0.08246153846153846,1.0
manufacturing,KFC_v2,static,0.08276923076923078,1.0
manufacturing,KFC_v2,static,0.08307692307692308,1.0
manufacturing,KFC_v2,static,0.08338461538461539,1.0
manufacturing,KFC_v2,static,0.08369230769230769,1.0
manufacturing,KFC_v2,static,0.084,1.0
manufacturing,KFC_v2,static,0.0843076923076923,1.0
manufacturing,KFC_v2,static,0.08461538461538462,1.0
manufacturing,KFC_v2,static,0.08492307692307692,1.0
manufacturing,KFC_v2,static,0.08523076923076923,1.0
manufacturing,KFC_v2,static,0.08553846153846154,1.0
manufacturing,KFC_v2,static,0.08584615384615385,1.0
manufacturing,KFC_v2,static,0.08615384615384615,1.0
manufacturing,KFC_v2,static,0.08646153846153846,1.0
manufacturing,KFC_v2,static,0.08676923076923078,1.0
manufacturing,KFC_v2,static,0.08707692307692308,1.0
manufacturing,KFC_v2,static,0.0873846153846154,1.0
manufacturing,KFC_v2,static,0.0876923076923077,1.0
manufacturing,KFC_v2,static,0.08800000000000001,1.0
manufacturing,KFC_v2,static,0.08830769230769231,1.0
manufacturing,KFC_v2,static,0.08861538461538462,1.0
manufacturing,KFC_v2,static,0.08892307692307692,1.0
manufacturing,KFC_v2,static,0.08923076923076924,1.0
manufacturing,KFC_v2,static,0.08953846153846154,1.0
manufacturing,KFC_v2,static,0.08984615384615385,1.0
manufacturing,KFC_v2,static,0.09015384615384615,1.0
manufacturing,KFC_v2,static,0.09046153846153847,1.0
manufacturing,KFC_v2,static,0.09076923076923077,1.0
manufacturing,KFC_v2,static,0.09107692307692308,1.0
manufacturing,KFC_v2,static,0.09138461538461538,1.0
manufacturing,KFC_v2,static,0.0916923076923077,1.0
manufacturing,KFC_v2,static,0.092,1.0
manufacturing,KFC_v2,static,0.09230769230769231,1.0
manufacturing,KFC_v2,static,0.09261538461538461,1.0
manufacturing,KFC_v2,static,0.09292307692307693,1.0
manufacturing,KFC_v2,static,0.09323076923076923,1.0
manufacturing,KFC_v2,static,0.09353846153846154,1.0
manufacturing,KFC_v2,static,0.09384615384615384,1.0
manufacturing,KFC_v2,static,0.09415384615384616,1.0
manufacturing,KFC_v2,static,0.09446153846153846,1.0
manufacturing,KFC_v2,static,0.09476923076923077,1.0
manufacturing,KFC_v2,static,0.09507692307692309,1.0
manufacturing,KFC_v2,static,0.09538461538461539,1.0
manufacturing,KFC_v2,static,0.0956923076923077,1.0
manufacturing,KFC_v2,static,0.096,1.0
manufacturing,KFC_v2,static,0.09630769230769232,1.0
manufacturing,KFC_v2,static,0.09661538461538462,1.0
manufacturing,KFC_v2,static,0.09692307692307693,1.0
manufacturing,KFC_v2,static,0.09723076923076923,1.0
manufacturing,KFC_v2,static,0.09753846153846155,1.0
manufacturing,KFC_v2,static,0.09784615384615385,1.0
manufacturing,KFC_v2,static,0.09815384615384616,1.0
manufacturing,KFC_v2,static,0.09846153846153846,1.0
manufacturing,KFC_v2,static,0.09876923076923078,1.0
manufacturing,KFC_v2,static,0.09907692307692308,1.0
manufacturing,KFC_v2,static,0.09938461538461539,1.0
manufacturing,KFC_v2,static,0.09969230769230769,1.0
manufacturing,KFC_v2,static,0.1,1.0
manufacturing,KFC_v2,static,0.1003076923076923,1.0
manufacturing,KFC_v2,static,0.10061538461538462,1.0
manufacturing,KFC_v2,static,0.10092307692307692,1.0
manufacturing,KFC_v2,static,0.10123076923076924,1.0
manufacturing,KFC_v2,static,0.10153846153846154,1.0
manufacturing,KFC_v2,static,0.10184615384615385,1.0
manufacturing,KFC_v2,static,0.10215384615384615,1.0
manufacturing,KFC_v2,static,0.10246153846153847,1.0
manufacturing,KFC_v2,static,0.10276923076923078,1.0
manufacturing,KFC_v2,static,0.10307692307692308,1.0
manufacturing,KFC_v2,static,0.1033846153846154,1.0
manufacturing,KFC_v2,static,0.1036923076923077,1.0
manufacturing,KFC_v2,static,0.10400000000000001,1.0
manufacturing,KFC_v2,static,0.10430769230769231,1.0
manufacturing,KFC_v2,static,0.10461538461538462,1.0
manufacturing,KFC_v2,static,0.10492307692307692,1.0
manufacturing,KFC_v2,static,0.10523076923076924,1.0
manufacturing,KFC_v2,static,0.10553846153846154,1.0
manufacturing,KFC_v2,static,0.10584615384615385,1.0
manufacturing,KFC_v2,static,0.10615384615384615,1.0
manufacturing,KFC_v2,static,0.10646153846153847,1.0
manufacturing,KFC_v2,static,0.10676923076923077,1.0
manufacturing,KFC_v2,static,0.10707692307692308,1.0
manufacturing,KFC_v2,static,0.10738461538461538,1.0
manufacturing,KFC_v2,static,0.1076923076923077,1.0
manufacturing,KFC_v2,static,0.108,1.0
manufacturing,KFC_v2,static,0.10830769230769231,1.0
manufacturing,KFC_v2,static,0.10861538461538461,1.0
manufacturing,KFC_v2,static,0.10892307692307693,1.0
manufacturing,KFC_v2,static,0.10923076923076923,1.0
manufacturing,KFC_v2,static,0.10953846153846154,1.0
manufacturing,KFC_v2,static,0.10984615384615384,1.0
manufacturing,KFC_v2,static,0.11015384615384616,1.0
manufacturing,KFC_v2,static,0.11046153846153847,1.0
manufacturing,KFC_v2,static,0.11076923076923077,1.0
manufacturing,KFC_v2,static,0.11107692307692309,1.0
manufacturing,KFC_v2,static,0.11138461538461539,1.0
manufacturing,KFC_v2,static,0.1116923076923077,1.0
manufacturing,KFC_v2,static,0.112,1.0
manufacturing,KFC_v2,static,0.11230769230769232,1.0
manufacturing,KFC_v2,static,0.11261538461538462,1.0
manufacturing,KFC_v2,static,0.11292307692307693,1.0
manufacturing,KFC_v2,static,0.11323076923076923,1.0
manufacturing,KFC_v2,static,0.11353846153846155,1.0
manufacturing,KFC_v2,static,0.11384615384615385,1.0
manufacturing,KFC_v2,static,0.11415384615384616,1.0
manufacturing,KFC_v2,static,0.11446153846153846,1.0
manufacturing,KFC_v2,static,0.11476923076923078,1.0
manufacturing,KFC_v2,static,0.11507692307692308,1.0
manufacturing,KFC_v2,static,0.11538461538461539,1.0
manufacturing,KFC_v2,static,0.11569230769230769,1.0
manufacturing,KFC_v2,static,0.116,1.0
manufacturing,KFC_v2,static,0.1163076923076923,1.0
manufacturing,KFC_v2,static,0.11661538461538462,1.0
manufacturing,KFC_v2,static,0.11692307692307692,1.0
manufacturing,KFC_v2,static,0.11723076923076924,1.0
manufacturing,KFC_v2,static,0.11753846153846154,1.0
manufacturing,KFC_v2,static,0.11784615384615385,1.0
manufacturing,KFC_v2,static,0.11815384615384616,1.0
manufacturing,KFC_v2,static,0.11846153846153847,1.0
manufacturing,KFC_v2,static,0.11876923076923078,1.0
manufacturing,KFC_v2,static,0.11907692307692308,1.0
manufacturing,KFC_v2,static,0.1193846153846154,1.0
manufacturing,KFC_v2,static,0.1196923076923077,1.0
manufacturing,KFC_v2,static,0.12000000000000001,1.0
manufacturing,KFC_v2,static,0.12030769230769231,1.0
manufacturing,KFC_v2,static,0.12061538461538462,1.0
manufacturing,KFC_v2,static,0.12092307692307692,1.0
manufacturing,KFC_v2,static,0.12123076923076924,1.0
manufacturing,KFC_v2,static,0.12153846153846154,1.0
manufacturing,KFC_v2,static,0.12184615384615385,1.0
manufacturing,KFC_v2,static,0.12215384615384615,1.0
manufacturing,KFC_v2,static,0.12246153846153847,1.0
manufacturing,KFC_v2,static,0.12276923076923077,1.0
manufacturing,KFC_v2,static,0.12307692307692308,1.0
manufacturing,KFC_v2,static,0.12338461538461538,1.0
manufacturing,KFC_v2,static,0.1236923076923077,1.0
manufacturing,KFC_v2,static,0.124,1.0
manufacturing,KFC_v2,static,0.12430769230769231,1.0
manufacturing,KFC_v2,static,0.12461538461538461,1.0
manufacturing,KFC_v2,static,0.12492307692307693,1.0
manufacturing,KFC_v2,static,0.12523076923076923,1.0
manufacturing,KFC_v2,static,0.12553846153846154,1.0
manufacturing,KFC_v2,static,0.12584615384615386,1.0
manufacturing,KFC_v2,static,0.12615384615384617,1.0
manufacturing,KFC_v2,static,0.12646153846153846,1.0
manufacturing,KFC_v2,static,0.12676923076923077,1.0
manufacturing,KFC_v2,static,0.1270769230769231,1.0
manufacturing,KFC_v2,static,0.1273846153846154,1.0
manufacturing,KFC_v2,static,0.1276923076923077,1.0
manufacturing,KFC_v2,static,0.128,1.0
manufacturing,KFC_v2,static,0.12830769230769232,1.0
manufacturing,KFC_v2,static,0.12861538461538463,1.0
manufacturing,KFC_v2,static,0.12892307692307692,1.0
manufacturing,KFC_v2,static,0.12923076923076923,1.0
manufacturing,KFC_v2,static,0.12953846153846155,1.0
manufacturing,KFC_v2,static,0.12984615384615386,1.0
manufacturing,KFC_v2,static,0.13015384615384615,1.0
manufacturing,KFC_v2,static,0.13046153846153846,1.0
manufacturing,KFC_v2,static,0.13076923076923078,1.0
manufacturing,KFC_v2,static,0.1310769230769231,1.0
manufacturing,KFC_v2,static,0.13138461538461538,1.0
manufacturing,KFC_v2,static,0.1316923076923077,1.0
manufacturing,KFC_v2,static,0.132,1.0
manufacturing,KFC_v2,static,0.13230769230769232,1.0
manufacturing,KFC_v2,static,0.1326153846153846,1.0
manufacturing,KFC_v2,static,0.13292307692307692,1.0
manufacturing,KFC_v2,static,0.13323076923076924,1.0
manufacturing,KFC_v2,static,0.13353846153846155,1.0
manufacturing,KFC_v2,static,0.13384615384615384,1.0
manufacturing,KFC_v2,static,0.13415384615384615,1.0
manufacturing,KFC_v2,static,0.13446153846153847,1.0
manufacturing,KFC_v2,static,0.13476923076923078,1.0
manufacturing,KFC_v2,static,0.1350769230769231,1.0
manufacturing,KFC_v2,static,0.13538461538461538,1.0
manufacturing,KFC_v2,static,0.1356923076923077,1.0
manufacturing,KFC_v2,static,0.136,1.0
manufacturing,KFC_v2,static,0.13630769230769232,1.0
manufacturing,KFC_v2,static,0.1366153846153846,1.0
manufacturing,KFC_v2,static,0.13692307692307693,1.0
manufacturing,KFC_v2,static,0.13723076923076924,1.0
manufacturing,KFC_v2,static,0.13753846153846155,1.0
manufacturing,KFC_v2,static,0.13784615384615384,1.0
manufacturing,KFC_v2,static,0.13815384615384615,1.0
manufacturing,KFC_v2,static,0.13846153846153847,1.0
manufacturing,KFC_v2,static,0.13876923076923078,1.0
manufacturing,KFC_v2,static,0.13907692307692307,1.0
manufacturing,KFC_v2,static,0.13938461538461538,1.0
manufacturing,KFC_v2,static,0.1396923076923077,1.0
manufacturing,KFC_v2,static,0.14,1.0
manufacturing,KFC_v2,static,0.1403076923076923,1.0
manufacturing,KFC_v2,static,0.14061538461538461,1.0
manufacturing,KFC_v2,static,0.14092307692307693,1.0
manufacturing,KFC_v2,static,0.14123076923076924,1.0
manufacturing,KFC_v2,static,0.14153846153846153,1.0
manufacturing,KFC_v2,static,0.14184615384615384,1.0
manufacturing,KFC_v2,static,0.14215384615384616,1.0
manufacturing,KFC_v2,static,0.14246153846153847,1.0
manufacturing,KFC_v2,static,0.1427692307692308,1.0
manufacturing,KFC_v2,static,0.14307692307692307,1.0
manufacturing,KFC_v2,static,0.1433846153846154,1.0
manufacturing,KFC_v2,static,0.1436923076923077,1.0
manufacturing,KFC_v2,static,0.14400000000000002,1.0
manufacturing,KFC_v2,static,0.1443076923076923,1.0
manufacturing,KFC_v2,static,0.14461538461538462,1.0
manufacturing,KFC_v2,static,0.14492307692307693,1.0
manufacturing,KFC_v2,static,0.14523076923076925,1.0
manufacturing,KFC_v2,static,0.14553846153846153,1.0
manufacturing,KFC_v2,static,0.14584615384615385,1.0
manufacturing,KFC_v2,static,0.14615384615384616,1.0
manufacturing,KFC_v2,static,0.14646153846153848,1.0
manufacturing,KFC_v2,static,0.14676923076923076,1.0
manufacturing,KFC_v2,static,0.14707692307692308,1.0
manufacturing,KFC_v2,static,0.1473846153846154,1.0
manufacturing,KFC_v2,static,0.1476923076923077,1.0
manufacturing,KFC_v2,static,0.148,1.0
manufacturing,KFC_v2,static,0.1483076923076923,1.0
manufacturing,KFC_v2,static,0.14861538461538462,1.0
manufacturing,KFC_v2,static,0.14892307692307694,1.0
manufacturing,KFC_v2,static,0.14923076923076922,1.0
manufacturing,KFC_v2,static,0.14953846153846154,1.0
manufacturing,KFC_v2,static,0.14984615384615385,1.0
manufacturing,KFC_v2,static,0.15015384615384617,1.0
manufacturing,KFC_v2,static,0.15046153846153848,1.0
manufacturing,KFC_v2,static,0.15076923076923077,1.0
manufacturing,KFC_v2,static,0.15107692307692308,1.0
manufacturing,KFC_v2,static,0.1513846153846154,1.0
manufacturing,KFC_v2,static,0.1516923076923077,1.0
manufacturing,KFC_v2,static,0.152,1.0
manufacturing,KFC_v2,static,0.1523076923076923,1.0
manufacturing,KFC_v2,static,0.15261538461538462,1.0
manufacturing,KFC_v2,static,0.15292307692307694,1.0
manufacturing,KFC_v2,static,0.15323076923076923,1.0
manufacturing,KFC_v2,static,0.15353846153846154,1.0
manufacturing,KFC_v2,static,0.15384615384615385,1.0
manufacturing,KFC_v2,static,0.15415384615384617,1.0
manufacturing,KFC_v2,static,0.15446153846153846,1.0
manufacturing,KFC_v2,static,0.15476923076923077,1.0
manufacturing,KFC_v2,static,0.15507692307692308,1.0
manufacturing,KFC_v2,static,0.1553846153846154,1.0
manufacturing,KFC_v2,static,0.15569230769230769,1.0
manufacturing,KFC_v2,static,0.156,1.0
manufacturing,KFC_v2,static,0.15630769230769231,1.0
manufacturing,KFC_v2,static,0.15661538461538463,1.0
manufacturing,KFC_v2,static,0.15692307692307692,1.0
manufacturing,KFC_v2,static,0.15723076923076923,1.0
manufacturing,KFC_v2,static,0.15753846153846154,1.0
manufacturing,KFC_v2,static,0.15784615384615386,1.0
manufacturing,KFC_v2,static,0.15815384615384617,1.0
manufacturing,KFC_v2,static,0.15846153846153846,1.0
manufacturing,KFC_v2,static,0.15876923076923077,1.0
manufacturing,KFC_v2,static,0.1590769230769231,1.0
manufacturing,KFC_v2,static,0.1593846153846154,1.0
manufacturing,KFC_v2,static,0.1596923076923077,1.0
manufacturing,KFC_v2,static,0.16,1.0
manufacturing,KFC_v2,static,0.16030769230769232,1.0
manufacturing,KFC_v2,static,0.16061538461538463,1.0
manufacturing,KFC_v2,static,0.16092307692307692,1.0
manufacturing,KFC_v2,static,0.16123076923076923,1.0
manufacturing,KFC_v2,static,0.16153846153846155,1.0
manufacturing,KFC_v2,static,0.16184615384615386,1.0
manufacturing,KFC_v2,static,0.16215384615384615,1.0
manufacturing,KFC_v2,static,0.16246153846153846,1.0
manufacturing,KFC_v2,static,0.16276923076923078,1.0
manufacturing,KFC_v2,static,0.1630769230769231,1.0
manufacturing,KFC_v2,static,0.16338461538461538,1.0
manufacturing,KFC_v2,static,0.1636923076923077,1.0
manufacturing,KFC_v2,static,0.164,1.0
manufacturing,KFC_v2,static,0.16430769230769232,1.0
manufacturing,KFC_v2,static,0.1646153846153846,1.0
manufacturing,KFC_v2,static,0.16492307692307692,1.0
manufacturing,KFC_v2,static,0.16523076923076924,1.0
manufacturing,KFC_v2,static,0.16553846153846155,1.0
manufacturing,KFC_v2,static,0.16584615384615387,1.0
manufacturing,KFC_v2,static,0.16615384615384615,1.0
manufacturing,KFC_v2,static,0.16646153846153847,1.0
manufacturing,KFC_v2,static,0.16676923076923078,1.0
manufacturing,KFC_v2,static,0.1670769230769231,1.0
manufacturing,KFC_v2,static,0.16738461538461538,1.0
manufacturing,KFC_v2,static,0.1676923076923077,1.0
manufacturing,KFC_v2,static,0.168,1.0
manufacturing,KFC_v2,static,0.16830769230769232,1.0
manufacturing,KFC_v2,static,0.1686153846153846,1.0
manufacturing,KFC_v2,static,0.16892307692307693,1.0
manufacturing,KFC_v2,static,0.16923076923076924,1.0
manufacturing,KFC_v2,static,0.16953846153846155,1.0
manufacturing,KFC_v2,static,0.16984615384615384,1.0
manufacturing,KFC_v2,static,0.17015384615384616,1.0
manufacturing,KFC_v2,static,0.17046153846153847,1.0
manufacturing,KFC_v2,static,0.17076923076923078,1.0
manufacturing,KFC_v2,static,0.17107692307692307,1.0
manufacturing,KFC_v2,static,0.17138461538461539,1.0
manufacturing,KFC_v2,static,0.1716923076923077,1.0
manufacturing,KFC_v2,static,0.17200000000000001,1.0
manufacturing,KFC_v2,static,0.1723076923076923,1.0
manufacturing,KFC_v2,static,0.17261538461538461,1.0
manufacturing,KFC_v2,static,0.17292307692307693,1.0
manufacturing,KFC_v2,static,0.17323076923076924,1.0
manufacturing,KFC_v2,static,0.17353846153846156,1.0
manufacturing,KFC_v2,static,0.17384615384615384,1.0
manufacturing,KFC_v2,static,0.17415384615384616,1.0
manufacturing,KFC_v2,static,0.17446153846153847,1.0
manufacturing,KFC_v2,static,0.1747692307692308,1.0
manufacturing,KFC_v2,static,0.17507692307692307,1.0
manufacturing,KFC_v2,static,0.1753846153846154,1.0
manufacturing,KFC_v2,static,0.1756923076923077,1.0
manufacturing,KFC_v2,static,0.17600000000000002,1.0
manufacturing,KFC_v2,static,0.1763076923076923,1.0
manufacturing,KFC_v2,static,0.17661538461538462,1.0
manufacturing,KFC_v2,static,0.17692307692307693,1.0
manufacturing,KFC_v2,static,0.17723076923076925,1.0
manufacturing,KFC_v2,static,0.17753846153846153,1.0
manufacturing,KFC_v2,static,0.17784615384615385,1.0
manufacturing,KFC_v2,static,0.17815384615384616,1.0
manufacturing,KFC_v2,static,0.17846153846153848,1.0
manufacturing,KFC_v2,static,0.17876923076923076,1.0
manufacturing,KFC_v2,static,0.17907692307692308,1.0
manufacturing,KFC_v2,static,0.1793846153846154,1.0
manufacturing,KFC_v2,static,0.1796923076923077,1.0
manufacturing,KFC_v2,static,0.18,1.0
manufacturing,KFC_v2,static,0.1803076923076923,1.0
manufacturing,KFC_v2,static,0.18061538461538462,1.0
manufacturing,KFC_v2,static,0.18092307692307694,1.0
manufacturing,KFC_v2,static,0.18123076923076925,1.0
manufacturing,KFC_v2,static,0.18153846153846154,1.0
manufacturing,KFC_v2,static,0.18184615384615385,1.0
manufacturing,KFC_v2,static,0.18215384615384617,1.0
manufacturing,KFC_v2,static,0.18246153846153848,1.0
manufacturing,KFC_v2,static,0.18276923076923077,1.0
manufacturing,KFC_v2,static,0.18307692307692308,1.0
manufacturing,KFC_v2,static,0.1833846153846154,1.0
manufacturing,KFC_v2,static,0.1836923076923077,1.0
manufacturing,KFC_v2,static,0.184,1.0
manufacturing,KFC_v2,static,0.1843076923076923,1.0
manufacturing,KFC_v2,static,0.18461538461538463,1.0
manufacturing,KFC_v2,static,0.18492307692307694,1.0
manufacturing,KFC_v2,static,0.18523076923076923,1.0
manufacturing,KFC_v2,static,0.18553846153846154,1.0
manufacturing,KFC_v2,static,0.18584615384615386,1.0
manufacturing,KFC_v2,static,0.18615384615384617,1.0
manufacturing,KFC_v2,static,0.18646153846153846,1.0
manufacturing,KFC_v2,static,0.18676923076923077,1.0
manufacturing,KFC_v2,static,0.18707692307692309,1.0
manufacturing,KFC_v2,static,0.1873846153846154,1.0
manufacturing,KFC_v2,static,0.18769230769230769,1.0
manufacturing,KFC_v2,static,0.188,1.0
manufacturing,KFC_v2,static,0.18830769230769231,1.0
manufacturing,KFC_v2,static,0.18861538461538463,1.0
manufacturing,KFC_v2,static,0.18892307692307692,1.0
manufacturing,KFC_v2,static,0.18923076923076923,1.0
manufacturing,KFC_v2,static,0.18953846153846154,1.0
manufacturing,KFC_v2,static,0.18984615384615386,1.0
manufacturing,KFC_v2,static,0.19015384615384617,1.0
manufacturing,KFC_v2,static,0.19046153846153846,1.0
manufacturing,KFC_v2,static,0.19076923076923077,1.0
manufacturing,KFC_v2,static,0.1910769230769231,1.0
manufacturing,KFC_v2,static,0.1913846153846154,1.0
manufacturing,KFC_v2,static,0.1916923076923077,1.0
manufacturing,KFC_v2,static,0.192,1.0
manufacturing,KFC_v2,static,0.19230769230769232,1.0
manufacturing,KFC_v2,static,0.19261538461538463,1.0
manufacturing,KFC_v2,static,0.19292307692307692,1.0
manufacturing,KFC_v2,static,0.19323076923076923,1.0
manufacturing,KFC_v2,static,0.19353846153846155,1.0
manufacturing,KFC_v2,static,0.19384615384615386,1.0
manufacturing,KFC_v2,static,0.19415384615384615,1.0
manufacturing,KFC_v2,static,0.19446153846153846,1.0
manufacturing,KFC_v2,static,0.19476923076923078,1.0
manufacturing,KFC_v2,static,0.1950769230769231,1.0
manufacturing,KFC_v2,static,0.19538461538461538,1.0
manufacturing,KFC_v2,static,0.1956923076923077,1.0
manufacturing,KFC_v2,static,0.196,1.0
manufacturing,KFC_v2,static,0.19630769230769232,1.0
manufacturing,KFC_v2,static,0.1966153846153846,1.0
manufacturing,KFC_v2,static,0.19692307692307692,1.0
manufacturing,KFC_v2,static,0.19723076923076924,1.0
manufacturing,KFC_v2,static,0.19753846153846155,1.0
manufacturing,KFC_v2,static,0.19784615384615387,1.0
manufacturing,KFC_v2,static,0.19815384615384615,1.0
manufacturing,KFC_v2,static,0.19846153846153847,1.0
manufacturing,KFC_v2,static,0.19876923076923078,1.0
manufacturing,KFC_v2,static,0.1990769230769231,1.0
manufacturing,KFC_v2,static,0.19938461538461538,1.0
manufacturing,KFC_v2,static,0.1996923076923077,1.0
manufacturing,KFC_v2,static,0.2,1.0
manufacturing,KFC_v2,static,0.20030769230769233,1.0
manufacturing,KFC_v2,static,0.2006153846153846,1.0
manufacturing,KFC_v2,static,0.20092307692307693,1.0
manufacturing,KFC_v2,static,0.20123076923076924,1.0
manufacturing,KFC_v2,static,0.20153846153846156,1.0
manufacturing,KFC_v2,static,0.20184615384615384,1.0
manufacturing,KFC_v2,static,0.20215384615384616,1.0
manufacturing,KFC_v2,static,0.20246153846153847,1.0
manufacturing,KFC_v2,static,0.20276923076923078,1.0
manufacturing,KFC_v2,static,0.20307692307692307,1.0
manufacturing,KFC_v2,static,0.20338461538461539,1.0
manufacturing,KFC_v2,static,0.2036923076923077,1.0
manufacturing,KFC_v2,static,0.20400000000000001,1.0
manufacturing,KFC_v2,static,0.2043076923076923,1.0
manufacturing,KFC_v2,static,0.20461538461538462,1.0
manufacturing,KFC_v2,static,0.20492307692307693,1.0
manufacturing,KFC_v2,static,0.20523076923076924,1.0
manufacturing,KFC_v2,static,0.20553846153846156,1.0
manufacturing,KFC_v2,static,0.20584615384615385,1.0
manufacturing,KFC_v2,static,0.20615384615384616,1.0
manufacturing,KFC_v2,static,0.20646153846153847,1.0
manufacturing,KFC_v2,static,0.2067692307692308,1.0
manufacturing,KFC_v2,static,0.20707692307692308,1.0
manufacturing,KFC_v2,static,0.2073846153846154,1.0
manufacturing,KFC_v2,static,0.2076923076923077,1.0
manufacturing,KFC_v2,static,0.20800000000000002,1.0
manufacturing,KFC_v2,static,0.2083076923076923,1.0
manufacturing,KFC_v2,static,0.20861538461538462,1.0
manufacturing,KFC_v2,static,0.20892307692307693,1.0
manufacturing,KFC_v2,static,0.20923076923076925,1.0
manufacturing,KFC_v2,static,0.20953846153846153,1.0
manufacturing,KFC_v2,static,0.20984615384615385,1.0
manufacturing,KFC_v2,static,0.21015384615384616,1.0
manufacturing,KFC_v2,static,0.21046153846153848,1.0
manufacturing,KFC_v2,static,0.21076923076923076,1.0
manufacturing,KFC_v2,static,0.21107692307692308,1.0
manufacturing,KFC_v2,static,0.2113846153846154,1.0
manufacturing,KFC_v2,static,0.2116923076923077,1.0
manufacturing,KFC_v2,static,0.212,1.0
manufacturing,KFC_v2,static,0.2123076923076923,1.0
manufacturing,KFC_v2,static,0.21261538461538462,1.0
manufacturing,KFC_v2,static,0.21292307692307694,1.0
manufacturing,KFC_v2,static,0.21323076923076925,1.0
manufacturing,KFC_v2,static,0.21353846153846154,1.0
manufacturing,KFC_v2,static,0.21384615384615385,1.0
manufacturing,KFC_v2,static,0.21415384615384617,1.0
manufacturing,KFC_v2,static,0.21446153846153848,1.0
manufacturing,KFC_v2,static,0.21476923076923077,1.0
manufacturing,KFC_v2,static,0.21507692307692308,1.0
manufacturing,KFC_v2,static,0.2153846153846154,1.0
manufacturing,KFC_v2,static,0.2156923076923077,1.0
manufacturing,KFC_v2,static,0.216,1.0
manufacturing,KFC_v2,static,0.2163076923076923,1.0
manufacturing,KFC_v2,static,0.21661538461538463,1.0
manufacturing,KFC_v2,static,0.21692307692307694,1.0
manufacturing,KFC_v2,static,0.21723076923076923,1.0
manufacturing,KFC_v2,static,0.21753846153846154,1.0
manufacturing,KFC_v2,static,0.21784615384615386,1.0
manufacturing,KFC_v2,static,0.21815384615384617,1.0
manufacturing,KFC_v2,static,0.21846153846153846,1.0
manufacturing,KFC_v2,static,0.21876923076923077,1.0
manufacturing,KFC_v2,static,0.21907692307692309,1.0
manufacturing,KFC_v2,static,0.2193846153846154,1.0
manufacturing,KFC_v2,static,0.2196923076923077,1.0
manufacturing,KFC_v2,static,0.22,1.0
manufacturing,KFC_v2,static,0.22030769230769232,1.0
manufacturing,KFC_v2,static,0.22061538461538463,1.0
manufacturing,KFC_v2,static,0.22092307692307694,1.0
manufacturing,KFC_v2,static,0.22123076923076923,1.0
manufacturing,KFC_v2,static,0.22153846153846155,1.0
manufacturing,KFC_v2,static,0.22184615384615386,1.0
manufacturing,KFC_v2,static,0.22215384615384617,1.0
manufacturing,KFC_v2,static,0.22246153846153846,1.0
manufacturing,KFC_v2,static,0.22276923076923077,1.0
manufacturing,KFC_v2,static,0.2230769230769231,1.0
manufacturing,KFC_v2,static,0.2233846153846154,1.0
manufacturing,KFC_v2,static,0.2236923076923077,1.0
manufacturing,KFC_v2,static,0.224,1.0
manufacturing,KFC_v2,static,0.22430769230769232,1.0
manufacturing,KFC_v2,static,0.22461538461538463,1.0
manufacturing,KFC_v2,static,0.22492307692307692,1.0
manufacturing,KFC_v2,static,0.22523076923076923,1.0
manufacturing,KFC_v2,static,0.22553846153846155,1.0
manufacturing,KFC_v2,static,0.22584615384615386,1.0
manufacturing,KFC_v2,static,0.22615384615384615,1.0
manufacturing,KFC_v2,static,0.22646153846153846,1.0
manufacturing,KFC_v2,static,0.22676923076923078,1.0
manufacturing,KFC_v2,static,0.2270769230769231,1.0
manufacturing,KFC_v2,static,0.22738461538461538,1.0
manufacturing,KFC_v2,static,0.2276923076923077,1.0
manufacturing,KFC_v2,static,0.228,1.0
manufacturing,KFC_v2,static,0.22830769230769232,1.0
manufacturing,KFC_v2,static,0.22861538461538464,1.0
manufacturing,KFC_v2,static,0.22892307692307692,1.0
manufacturing,KFC_v2,static,0.22923076923076924,1.0
manufacturing,KFC_v2,static,0.22953846153846155,1.0
manufacturing,KFC_v2,static,0.22984615384615387,1.0
manufacturing,KFC_v2,static,0.23015384615384615,1.0
manufacturing,KFC_v2,static,0.23046153846153847,1.0
manufacturing,KFC_v2,static,0.23076923076923078,1.0
manufacturing,KFC_v2,static,0.2310769230769231,1.0
manufacturing,KFC_v2,static,0.23138461538461538,1.0
manufacturing,KFC_v2,static,0.2316923076923077,1.0
manufacturing,KFC_v2,static,0.232,1.0
manufacturing,KFC_v2,static,0.23230769230769233,1.0
manufacturing,KFC_v2,static,0.2326153846153846,1.0
manufacturing,KFC_v2,static,0.23292307692307693,1.0
manufacturing,KFC_v2,static,0.23323076923076924,1.0
manufacturing,KFC_v2,static,0.23353846153846156,1.0
manufacturing,KFC_v2,static,0.23384615384615384,1.0
manufacturing,KFC_v2,static,0.23415384615384616,1.0
manufacturing,KFC_v2,static,0.23446153846153847,1.0
manufacturing,KFC_v2,static,0.23476923076923079,1.0
manufacturing,KFC_v2,static,0.23507692307692307,1.0
manufacturing,KFC_v2,static,0.2353846153846154,1.0
manufacturing,KFC_v2,static,0.2356923076923077,1.0
manufacturing,KFC_v2,static,0.23600000000000002,1.0
manufacturing,KFC_v2,static,0.23630769230769233,1.0
manufacturing,KFC_v2,static,0.23661538461538462,1.0
manufacturing,KFC_v2,static,0.23692307692307693,1.0
manufacturing,KFC_v2,static,0.23723076923076925,1.0
manufacturing,KFC_v2,static,0.23753846153846156,1.0
manufacturing,KFC_v2,static,0.23784615384615385,1.0
manufacturing,KFC_v2,static,0.23815384615384616,1.0
manufacturing,KFC_v2,static,0.23846153846153847,1.0
manufacturing,KFC_v2,static,0.2387692307692308,1.0
manufacturing,KFC_v2,static,0.23907692307692308,1.0
manufacturing,KFC_v2,static,0.2393846153846154,1.0
manufacturing,KFC_v2,static,0.2396923076923077,1.0
manufacturing,KFC_v2,static,0.24000000000000002,1.0
manufacturing,KFC_v2,static,0.2403076923076923,1.0
manufacturing,KFC_v2,static,0.24061538461538462,1.0
manufacturing,KFC_v2,static,0.24092307692307693,1.0
manufacturing,KFC_v2,static,0.24123076923076925,1.0
manufacturing,KFC_v2,static,0.24153846153846154,1.0
manufacturing,KFC_v2,static,0.24184615384615385,1.0
manufacturing,KFC_v2,static,0.24215384615384616,1.0
manufacturing,KFC_v2,static,0.24246153846153848,1.0
manufacturing,KFC_v2,static,0.24276923076923076,1.0
manufacturing,KFC_v2,static,0.24307692307692308,1.0
manufacturing,KFC_v2,static,0.2433846153846154,1.0
manufacturing,KFC_v2,static,0.2436923076923077,1.0
manufacturing,KFC_v2,static,0.244,1.0
manufacturing,KFC_v2,static,0.2443076923076923,1.0
manufacturing,KFC_v2,static,0.24461538461538462,1.0
manufacturing,KFC_v2,static,0.24492307692307694,1.0
manufacturing,KFC_v2,static,0.24523076923076925,1.0
manufacturing,KFC_v2,static,0.24553846153846154,1.0
manufacturing,KFC_v2,static,0.24584615384615385,1.0
manufacturing,KFC_v2,static,0.24615384615384617,1.0
manufacturing,KFC_v2,static,0.24646153846153848,1.0
manufacturing,KFC_v2,static,0.24676923076923077,1.0
manufacturing,KFC_v2,static,0.24707692307692308,1.0
manufacturing,KFC_v2,static,0.2473846153846154,1.0
manufacturing,KFC_v2,static,0.2476923076923077,1.0
manufacturing,KFC_v2,static,0.248,1.0
manufacturing,KFC_v2,static,0.2483076923076923,1.0
manufacturing,KFC_v2,static,0.24861538461538463,1.0
manufacturing,KFC_v2,static,0.24892307692307694,1.0
manufacturing,KFC_v2,static,0.24923076923076923,1.0
manufacturing,KFC_v2,static,0.24953846153846154,1.0
manufacturing,KFC_v2,static,0.24984615384615386,1.0
manufacturing,KFC_v2,static,0.25015384615384617,1.0
manufacturing,KFC_v2,static,0.25046153846153846,1.0
manufacturing,KFC_v2,static,0.2507692307692308,1.0
manufacturing,KFC_v2,static,0.2510769230769231,1.0
manufacturing,KFC_v2,static,0.2513846153846154,1.0
manufacturing,KFC_v2,static,0.2516923076923077,1.0
manufacturing,KFC_v2,static,0.252,1.0
manufacturing,KFC_v2,static,0.25230769230769234,1.0
manufacturing,KFC_v2,static,0.25261538461538463,1.0
manufacturing,KFC_v2,static,0.2529230769230769,1.0
manufacturing,KFC_v2,static,0.25323076923076926,1.0
manufacturing,KFC_v2,static,0.25353846153846155,1.0
manufacturing,KFC_v2,static,0.25384615384615383,1.0
manufacturing,KFC_v2,static,0.2541538461538462,1.0
manufacturing,KFC_v2,static,0.25446153846153846,1.0
manufacturing,KFC_v2,static,0.2547692307692308,1.0
manufacturing,KFC_v2,static,0.2550769230769231,1.0
manufacturing,KFC_v2,static,0.2553846153846154,1.0
manufacturing,KFC_v2,static,0.2556923076923077,1.0
manufacturing,KFC_v2,static,0.256,1.0
manufacturing,KFC_v2,static,0.2563076923076923,1.0
manufacturing,KFC_v2,static,0.25661538461538463,1.0
manufacturing,KFC_v2,static,0.2569230769230769,1.0
manufacturing,KFC_v2,static,0.25723076923076926,1.0
manufacturing,KFC_v2,static,0.25753846153846155,1.0
manufacturing,KFC_v2,static,0.25784615384615384,1.0
manufacturing,KFC_v2,static,0.2581538461538462,1.0
manufacturing,KFC_v2,static,0.25846153846153846,1.0
manufacturing,KFC_v2,static,0.25876923076923075,1.0
manufacturing,KFC_v2,static,0.2590769230769231,1.0
manufacturing,KFC_v2,static,0.2593846153846154,1.0
manufacturing,KFC_v2,static,0.2596923076923077,1.0
manufacturing,KFC_v2,static,0.26,1.0
manufacturing,KFC_v2,static,0.2603076923076923,1.0
manufacturing,KFC_v2,static,0.26061538461538464,1.0
manufacturing,KFC_v2,static,0.2609230769230769,1.0
manufacturing,KFC_v2,static,0.26123076923076927,1.0
manufacturing,KFC_v2,static,0.26153846153846155,1.0
manufacturing,KFC_v2,static,0.26184615384615384,1.0
manufacturing,KFC_v2,static,0.2621538461538462,1.0
manufacturing,KFC_v2,static,0.26246153846153847,1.0
manufacturing,KFC_v2,static,0.26276923076923075,1.0
manufacturing,KFC_v2,static,0.2630769230769231,1.0
manufacturing,KFC_v2,static,0.2633846153846154,1.0
manufacturing,KFC_v2,static,0.2636923076923077,1.0
manufacturing,KFC_v2,static,0.264,1.0
manufacturing,KFC_v2,static,0.2643076923076923,1.0
manufacturing,KFC_v2,static,0.26461538461538464,1.0
manufacturing,KFC_v2,static,0.26492307692307693,1.0
manufacturing,KFC_v2,static,0.2652307692307692,1.0
manufacturing,KFC_v2,static,0.26553846153846156,1.0
manufacturing,KFC_v2,static,0.26584615384615384,1.0
manufacturing,KFC_v2,static,0.2661538461538462,1.0
manufacturing,KFC_v2,static,0.26646153846153847,1.0
manufacturing,KFC_v2,static,0.26676923076923076,1.0
manufacturing,KFC_v2,static,0.2670769230769231,1.0
manufacturing,KFC_v2,static,0.2673846153846154,1.0
manufacturing,KFC_v2,static,0.2676923076923077,1.0
manufacturing,KFC_v2,static,0.268,1.0
manufacturing,KFC_v2,static,0.2683076923076923,1.0
manufacturing,KFC_v2,static,0.26861538461538464,1.0
manufacturing,KFC_v2,static,0.26892307692307693,1.0
manufacturing,KFC_v2,static,0.2692307692307692,1.0
manufacturing,KFC_v2,static,0.26953846153846156,1.0
manufacturing,KFC_v2,static,0.26984615384615385,1.0
manufacturing,KFC_v2,static,0.2701538461538462,1.0
manufacturing,KFC_v2,static,0.2704615384615385,1.0
manufacturing,KFC_v2,static,0.27076923076923076,1.0
manufacturing,KFC_v2,static,0.2710769230769231,1.0
manufacturing,KFC_v2,static,0.2713846153846154,1.0
manufacturing,KFC_v2,static,0.2716923076923077,1.0
manufacturing,KFC_v2,static,0.272,1.0
manufacturing,KFC_v2,static,0.2723076923076923,1.0
manufacturing,KFC_v2,static,0.27261538461538465,1.0
manufacturing,KFC_v2,static,0.27292307692307693,1.0
manufacturing,KFC_v2,static,0.2732307692307692,1.0
manufacturing,KFC_v2,static,0.27353846153846156,1.0
manufacturing,KFC_v2,static,0.27384615384615385,1.0
manufacturing,KFC_v2,static,0.27415384615384614,1.0
manufacturing,KFC_v2,static,0.2744615384615385,1.0
manufacturing,KFC_v2,static,0.27476923076923077,1.0
manufacturing,KFC_v2,static,0.2750769230769231,1.0
manufacturing,KFC_v2,static,0.2753846153846154,1.0
manufacturing,KFC_v2,static,0.2756923076923077,1.0
manufacturing,KFC_v2,static,0.276,1.0
manufacturing,KFC_v2,static,0.2763076923076923,1.0
manufacturing,KFC_v2,static,0.27661538461538465,1.0
manufacturing,KFC_v2,static,0.27692307692307694,1.0
manufacturing,KFC_v2,static,0.2772307692307692,1.0
manufacturing,KFC_v2,static,0.27753846153846157,1.0
manufacturing,KFC_v2,static,0.27784615384615385,1.0
manufacturing,KFC_v2,static,0.27815384615384614,1.0
manufacturing,KFC_v2,static,0.2784615384615385,1.0
manufacturing,KFC_v2,static,0.27876923076923077,1.0
manufacturing,KFC_v2,static,0.2790769230769231,1.0
manufacturing,KFC_v2,static,0.2793846153846154,1.0
manufacturing,KFC_v2,static,0.2796923076923077,1.0
manufacturing,KFC_v2,static,0.28,1.0
manufacturing,KFC_v2,static,0.2803076923076923,1.0
manufacturing,KFC_v2,static,0.2806153846153846,1.0
manufacturing,KFC_v2,static,0.28092307692307694,1.0
manufacturing,KFC_v2,static,0.28123076923076923,1.0
manufacturing,KFC_v2,static,0.28153846153846157,1.0
manufacturing,KFC_v2,static,0.28184615384615386,1.0
manufacturing,KFC_v2,static,0.28215384615384614,1.0
manufacturing,KFC_v2,static,0.2824615384615385,1.0
manufacturing,KFC_v2,static,0.2827692307692308,1.0
manufacturing,KFC_v2,static,0.28307692307692306,1.0
manufacturing,KFC_v2,static,0.2833846153846154,1.0
manufacturing,KFC_v2,static,0.2836923076923077,1.0
manufacturing,KFC_v2,static,0.28400000000000003,1.0
manufacturing,KFC_v2,static,0.2843076923076923,1.0
manufacturing,KFC_v2,static,0.2846153846153846,1.0
manufacturing,KFC_v2,static,0.28492307692307695,1.0
manufacturing,KFC_v2,static,0.28523076923076923,1.0
manufacturing,KFC_v2,static,0.2855384615384616,1.0
manufacturing,KFC_v2,static,0.28584615384615386,1.0
manufacturing,KFC_v2,static,0.28615384615384615,1.0
manufacturing,KFC_v2,static,0.2864615384615385,1.0
manufacturing,KFC_v2,static,0.2867692307692308,1.0
manufacturing,KFC_v2,static,0.28707692307692306,1.0
manufacturing,KFC_v2,static,0.2873846153846154,1.0
manufacturing,KFC_v2,static,0.2876923076923077,1.0
manufacturing,KFC_v2,static,0.28800000000000003,1.0
manufacturing,KFC_v2,static,0.2883076923076923,1.0
manufacturing,KFC_v2,static,0.2886153846153846,1.0
manufacturing,KFC_v2,static,0.28892307692307695,1.0
manufacturing,KFC_v2,static,0.28923076923076924,1.0
manufacturing,KFC_v2,static,0.2895384615384615,1.0
manufacturing,KFC_v2,static,0.28984615384615386,1.0
manufacturing,KFC_v2,static,0.29015384615384615,1.0
manufacturing,KFC_v2,static,0.2904615384615385,1.0
manufacturing,KFC_v2,static,0.2907692307692308,1.0
manufacturing,KFC_v2,static,0.29107692307692307,1.0
manufacturing,KFC_v2,static,0.2913846153846154,1.0
manufacturing,KFC_v2,static,0.2916923076923077,1.0
manufacturing,KFC_v2,static,0.29200000000000004,1.0
manufacturing,KFC_v2,static,0.2923076923076923,1.0
manufacturing,KFC_v2,static,0.2926153846153846,1.0
manufacturing,KFC_v2,static,0.29292307692307695,1.0
manufacturing,KFC_v2,static,0.29323076923076924,1.0
manufacturing,KFC_v2,static,0.2935384615384615,1.0
manufacturing,KFC_v2,static,0.29384615384615387,1.0
manufacturing,KFC_v2,static,0.29415384615384615,1.0
manufacturing,KFC_v2,static,0.2944615384615385,1.0
manufacturing,KFC_v2,static,0.2947692307692308,1.0
manufacturing,KFC_v2,static,0.29507692307692307,1.0
manufacturing,KFC_v2,static,0.2953846153846154,1.0
manufacturing,KFC_v2,static,0.2956923076923077,1.0
manufacturing,KFC_v2,static,0.296,1.0
manufacturing,KFC_v2,static,0.2963076923076923,1.0
manufacturing,KFC_v2,static,0.2966153846153846,1.0
manufacturing,KFC_v2,static,0.29692307692307696,1.0
manufacturing,KFC_v2,static,0.29723076923076924,1.0
manufacturing,KFC_v2,static,0.29753846153846153,1.0
manufacturing,KFC_v2,static,0.29784615384615387,1.0
manufacturing,KFC_v2,static,0.29815384615384616,1.0
manufacturing,KFC_v2,static,0.29846153846153844,1.0
manufacturing,KFC_v2,static,0.2987692307692308,1.0
manufacturing,KFC_v2,static,0.2990769230769231,1.0
manufacturing,KFC_v2,static,0.2993846153846154,1.0
manufacturing,KFC_v2,static,0.2996923076923077,1.0
manufacturing,KFC_v2,static,0.3,1.0
manufacturing,KFC_v2,static,0.30030769230769233,1.0
manufacturing,KFC_v2,static,0.3006153846153846,1.0
manufacturing,KFC_v2,static,0.30092307692307696,1.0
manufacturing,KFC_v2,static,0.30123076923076925,1.0
manufacturing,KFC_v2,static,0.30153846153846153,1.0
manufacturing,KFC_v2,static,0.3018461538461539,1.0
manufacturing,KFC_v2,static,0.30215384615384616,1.0
manufacturing,KFC_v2,static,0.30246153846153845,1.0
manufacturing,KFC_v2,static,0.3027692307692308,1.0
manufacturing,KFC_v2,static,0.3030769230769231,1.0
manufacturing,KFC_v2,static,0.3033846153846154,1.0
manufacturing,KFC_v2,static,0.3036923076923077,1.0
manufacturing,KFC_v2,static,0.304,1.0
manufacturing,KFC_v2,static,0.30430769230769233,1.0
manufacturing,KFC_v2,static,0.3046153846153846,1.0
manufacturing,KFC_v2,static,0.3049230769230769,1.0
manufacturing,KFC_v2,static,0.30523076923076925,1.0
manufacturing,KFC_v2,static,0.30553846153846154,1.0
manufacturing,KFC_v2,static,0.3058461538461539,1.0
manufacturing,KFC_v2,static,0.30615384615384617,1.0
manufacturing,KFC_v2,static,0.30646153846153845,1.0
manufacturing,KFC_v2,static,0.3067692307692308,1.0
manufacturing,KFC_v2,static,0.3070769230769231,1.0
manufacturing,KFC_v2,static,0.3073846153846154,1.0
manufacturing,KFC_v2,static,0.3076923076923077,1.0
manufacturing,KFC_v2,static,0.308,1.0
manufacturing,KFC_v2,static,0.30830769230769234,1.0
manufacturing,KFC_v2,static,0.3086153846153846,1.0
manufacturing,KFC_v2,static,0.3089230769230769,1.0
manufacturing,KFC_v2,static,0.30923076923076925,1.0
manufacturing,KFC_v2,static,0.30953846153846154,1.0
manufacturing,KFC_v2,static,0.3098461538461539,1.0
manufacturing,KFC_v2,static,0.31015384615384617,1.0
manufacturing,KFC_v2,static,0.31046153846153846,1.0
manufacturing,KFC_v2,static,0.3107692307692308,1.0
manufacturing,KFC_v2,static,0.3110769230769231,1.0
manufacturing,KFC_v2,static,0.31138461538461537,1.0
manufacturing,KFC_v2,static,0.3116923076923077,1.0
manufacturing,KFC_v2,static,0.312,1.0
manufacturing,KFC_v2,static,0.31230769230769234,1.0
manufacturing,KFC_v2,static,0.31261538461538463,1.0
manufacturing,KFC_v2,static,0.3129230769230769,1.0
manufacturing,KFC_v2,static,0.31323076923076926,1.0
manufacturing,KFC_v2,static,0.31353846153846154,1.0
manufacturing,KFC_v2,static,0.31384615384615383,1.0
manufacturing,KFC_v2,static,0.3141538461538462,1.0
manufacturing,KFC_v2,static,0.31446153846153846,1.0
manufacturing,KFC_v2,static,0.3147692307692308,1.0
manufacturing,KFC_v2,static,0.3150769230769231,1.0
manufacturing,KFC_v2,static,0.3153846153846154,1.0
manufacturing,KFC_v2,static,0.3156923076923077,1.0
manufacturing,KFC_v2,static,0.316,1.0
manufacturing,KFC_v2,static,0.31630769230769235,1.0
manufacturing,KFC_v2,static,0.31661538461538463,1.0
manufacturing,KFC_v2,static,0.3169230769230769,1.0
manufacturing,KFC_v2,static,0.31723076923076926,1.0
manufacturing,KFC_v2,static,0.31753846153846155,1.0
manufacturing,KFC_v2,static,0.31784615384615383,1.0
manufacturing,KFC_v2,static,0.3181538461538462,1.0
manufacturing,KFC_v2,static,0.31846153846153846,1.0
manufacturing,KFC_v2,static,0.3187692307692308,1.0
manufacturing,KFC_v2,static,0.3190769230769231,1.0
manufacturing,KFC_v2,static,0.3193846153846154,1.0
manufacturing,KFC_v2,static,0.3196923076923077,1.0
manufacturing,KFC_v2,static,0.32,1.0
manufacturing,KFC_v2,static,0.3203076923076923,1.0
manufacturing,KFC_v2,static,0.32061538461538464,1.0
manufacturing,KFC_v2,static,0.3209230769230769,1.0
manufacturing,KFC_v2,static,0.32123076923076926,1.0
manufacturing,KFC_v2,static,0.32153846153846155,1.0
manufacturing,KFC_v2,static,0.32184615384615384,1.0
manufacturing,KFC_v2,static,0.3221538461538462,1.0
manufacturing,KFC_v2,static,0.32246153846153847,1.0
manufacturing,KFC_v2,static,0.32276923076923075,1.0
manufacturing,KFC_v2,static,0.3230769230769231,1.0
manufacturing,KFC_v2,static,0.3233846153846154,1.0
manufacturing,KFC_v2,static,0.3236923076923077,1.0
manufacturing,KFC_v2,static,0.324,1.0
manufacturing,KFC_v2,static,0.3243076923076923,1.0
manufacturing,KFC_v2,static,0.32461538461538464,1.0
manufacturing,KFC_v2,static,0.3249230769230769,1.0
manufacturing,KFC_v2,static,0.32523076923076927,1.0
manufacturing,KFC_v2,static,0.32553846153846155,1.0
manufacturing,KFC_v2,static,0.32584615384615384,1.0
manufacturing,KFC_v2,static,0.3261538461538462,1.0
manufacturing,KFC_v2,static,0.32646153846153847,1.0
manufacturing,KFC_v2,static,0.32676923076923076,1.0
manufacturing,KFC_v2,static,0.3270769230769231,1.0
manufacturing,KFC_v2,static,0.3273846153846154,1.0
manufacturing,KFC_v2,static,0.3276923076923077,1.0
manufacturing,KFC_v2,static,0.328,1.0
manufacturing,KFC_v2,static,0.3283076923076923,1.0
manufacturing,KFC_v2,static,0.32861538461538464,1.0
manufacturing,KFC_v2,static,0.32892307692307693,1.0
manufacturing,KFC_v2,static,0.3292307692307692,1.0
manufacturing,KFC_v2,static,0.32953846153846156,1.0
manufacturing,KFC_v2,static,0.32984615384615384,1.0
manufacturing,KFC_v2,static,0.3301538461538462,1.0
manufacturing,KFC_v2,static,0.3304615384615385,1.0
manufacturing,KFC_v2,static,0.33076923076923076,1.0
manufacturing,KFC_v2,static,0.3310769230769231,1.0
manufacturing,KFC_v2,static,0.3313846153846154,1.0
manufacturing,KFC_v2,static,0.33169230769230773,1.0
manufacturing,KFC_v2,static,0.332,1.0
manufacturing,KFC_v2,static,0.3323076923076923,1.0
manufacturing,KFC_v2,static,0.33261538461538465,1.0
manufacturing,KFC_v2,static,0.33292307692307693,1.0
manufacturing,KFC_v2,static,0.3332307692307692,1.0
manufacturing,KFC_v2,static,0.33353846153846156,1.0
manufacturing,KFC_v2,static,0.33384615384615385,1.0
manufacturing,KFC_v2,static,0.3341538461538462,1.0
manufacturing,KFC_v2,static,0.3344615384615385,1.0
manufacturing,KFC_v2,static,0.33476923076923076,1.0
manufacturing,KFC_v2,static,0.3350769230769231,1.0
manufacturing,KFC_v2,static,0.3353846153846154,1.0
manufacturing,KFC_v2,static,0.3356923076923077,1.0
manufacturing,KFC_v2,static,0.336,1.0
manufacturing,KFC_v2,static,0.3363076923076923,1.0
manufacturing,KFC_v2,static,0.33661538461538465,1.0
manufacturing,KFC_v2,static,0.33692307692307694,1.0
manufacturing,KFC_v2,static,0.3372307692307692,1.0
manufacturing,KFC_v2,static,0.33753846153846156,1.0
manufacturing,KFC_v2,static,0.33784615384615385,1.0
manufacturing,KFC_v2,static,0.33815384615384614,1.0
manufacturing,KFC_v2,static,0.3384615384615385,1.0
manufacturing,KFC_v2,static,0.33876923076923077,1.0
manufacturing,KFC_v2,static,0.3390769230769231,1.0
manufacturing,KFC_v2,static,0.3393846153846154,1.0
manufacturing,KFC_v2,static,0.3396923076923077,1.0
manufacturing,KFC_v2,static,0.34,1.0
manufacturing,KFC_v2,static,0.3403076923076923,1.0
manufacturing,KFC_v2,static,0.34061538461538465,1.0
manufacturing,KFC_v2,static,0.34092307692307694,1.0
manufacturing,KFC_v2,static,0.3412307692307692,1.0
manufacturing,KFC_v2,static,0.34153846153846157,1.0
manufacturing,KFC_v2,static,0.34184615384615386,1.0
manufacturing,KFC_v2,static,0.34215384615384614,1.0
manufacturing,KFC_v2,static,0.3424615384615385,1.0
manufacturing,KFC_v2,static,0.34276923076923077,1.0
manufacturing,KFC_v2,static,0.3430769230769231,1.0
manufacturing,KFC_v2,static,0.3433846153846154,1.0
manufacturing,KFC_v2,static,0.3436923076923077,1.0
manufacturing,KFC_v2,static,0.34400000000000003,1.0
manufacturing,KFC_v2,static,0.3443076923076923,1.0
manufacturing,KFC_v2,static,0.3446153846153846,1.0
manufacturing,KFC_v2,static,0.34492307692307694,1.0
manufacturing,KFC_v2,static,0.34523076923076923,1.0
manufacturing,KFC_v2,static,0.34553846153846157,1.0
manufacturing,KFC_v2,static,0.34584615384615386,1.0
manufacturing,KFC_v2,static,0.34615384615384615,1.0
manufacturing,KFC_v2,static,0.3464615384615385,1.0
manufacturing,KFC_v2,static,0.3467692307692308,1.0
manufacturing,KFC_v2,static,0.3470769230769231,1.0
manufacturing,KFC_v2,static,0.3473846153846154,1.0
manufacturing,KFC_v2,static,0.3476923076923077,1.0
manufacturing,KFC_v2,static,0.34800000000000003,1.0
manufacturing,KFC_v2,static,0.3483076923076923,1.0
manufacturing,KFC_v2,static,0.3486153846153846,1.0
manufacturing,KFC_v2,static,0.34892307692307695,1.0
manufacturing,KFC_v2,static,0.34923076923076923,1.0
manufacturing,KFC_v2,static,0.3495384615384616,1.0
manufacturing,KFC_v2,static,0.34984615384615386,1.0
manufacturing,KFC_v2,static,0.35015384615384615,1.0
manufacturing,KFC_v2,static,0.3504615384615385,1.0
manufacturing,KFC_v2,static,0.3507692307692308,1.0
manufacturing,KFC_v2,static,0.35107692307692306,1.0
manufacturing,KFC_v2,static,0.3513846153846154,1.0
manufacturing,KFC_v2,static,0.3516923076923077,1.0
manufacturing,KFC_v2,static,0.35200000000000004,1.0
manufacturing,KFC_v2,static,0.3523076923076923,1.0
manufacturing,KFC_v2,static,0.3526153846153846,1.0
manufacturing,KFC_v2,static,0.35292307692307695,1.0
manufacturing,KFC_v2,static,0.35323076923076924,1.0
manufacturing,KFC_v2,static,0.3535384615384615,1.0
manufacturing,KFC_v2,static,0.35384615384615387,1.0
manufacturing,KFC_v2,static,0.35415384615384615,1.0
manufacturing,KFC_v2,static,0.3544615384615385,1.0
manufacturing,KFC_v2,static,0.3547692307692308,1.0
manufacturing,KFC_v2,static,0.35507692307692307,1.0
manufacturing,KFC_v2,static,0.3553846153846154,1.0
manufacturing,KFC_v2,static,0.3556923076923077,1.0
manufacturing,KFC_v2,static,0.35600000000000004,1.0
manufacturing,KFC_v2,static,0.3563076923076923,1.0
manufacturing,KFC_v2,static,0.3566153846153846,1.0
manufacturing,KFC_v2,static,0.35692307692307695,1.0
manufacturing,KFC_v2,static,0.35723076923076924,1.0
manufacturing,KFC_v2,static,0.3575384615384615,1.0
manufacturing,KFC_v2,static,0.35784615384615387,1.0
manufacturing,KFC_v2,static,0.35815384615384616,1.0
manufacturing,KFC_v2,static,0.3584615384615385,1.0
manufacturing,KFC_v2,static,0.3587692307692308,1.0
manufacturing,KFC_v2,static,0.35907692307692307,1.0
manufacturing,KFC_v2,static,0.3593846153846154,1.0
manufacturing,KFC_v2,static,0.3596923076923077,1.0
manufacturing,KFC_v2,static,0.36,1.0
manufacturing,KFC_v2,static,0.36030769230769233,1.0
manufacturing,KFC_v2,static,0.3606153846153846,1.0
manufacturing,KFC_v2,static,0.36092307692307696,1.0
manufacturing,KFC_v2,static,0.36123076923076924,1.0
manufacturing,KFC_v2,static,0.36153846153846153,1.0
manufacturing,KFC_v2,static,0.3618461538461539,1.0
manufacturing,KFC_v2,static,0.36215384615384616,1.0
manufacturing,KFC_v2,static,0.3624615384615385,1.0
manufacturing,KFC_v2,static,0.3627692307692308,1.0
manufacturing,KFC_v2,static,0.3630769230769231,1.0
manufacturing,KFC_v2,static,0.3633846153846154,1.0
manufacturing,KFC_v2,static,0.3636923076923077,1.0
manufacturing,KFC_v2,static,0.364,1.0
manufacturing,KFC_v2,static,0.36430769230769233,1.0
manufacturing,KFC_v2,static,0.3646153846153846,1.0
manufacturing,KFC_v2,static,0.36492307692307696,1.0
manufacturing,KFC_v2,static,0.36523076923076925,1.0
manufacturing,KFC_v2,static,0.36553846153846153,1.0
manufacturing,KFC_v2,static,0.3658461538461539,1.0
manufacturing,KFC_v2,static,0.36615384615384616,1.0
manufacturing,KFC_v2,static,0.36646153846153845,1.0
manufacturing,KFC_v2,static,0.3667692307692308,1.0
manufacturing,KFC_v2,static,0.3670769230769231,1.0
manufacturing,KFC_v2,static,0.3673846153846154,1.0
manufacturing,KFC_v2,static,0.3676923076923077,1.0
manufacturing,KFC_v2,static,0.368,1.0
manufacturing,KFC_v2,static,0.36830769230769234,1.0
manufacturing,KFC_v2,static,0.3686153846153846,1.0
manufacturing,KFC_v2,static,0.3689230769230769,1.0
manufacturing,KFC_v2,static,0.36923076923076925,1.0
manufacturing,KFC_v2,static,0.36953846153846154,1.0
manufacturing,KFC_v2,static,0.3698461538461539,1.0
manufacturing,KFC_v2,static,0.37015384615384617,1.0
manufacturing,KFC_v2,static,0.37046153846153845,1.0
manufacturing,KFC_v2,static,0.3707692307692308,1.0
manufacturing,KFC_v2,static,0.3710769230769231,1.0
manufacturing,KFC_v2,static,0.3713846153846154,1.0
manufacturing,KFC_v2,static,0.3716923076923077,1.0
manufacturing,KFC_v2,static,0.372,1.0
manufacturing,KFC_v2,static,0.37230769230769234,1.0
manufacturing,KFC_v2,static,0.3726153846153846,1.0
manufacturing,KFC_v2,static,0.3729230769230769,1.0
manufacturing,KFC_v2,static,0.37323076923076925,1.0
manufacturing,KFC_v2,static,0.37353846153846154,1.0
manufacturing,KFC_v2,static,0.3738461538461539,1.0
manufacturing,KFC_v2,static,0.37415384615384617,1.0
manufacturing,KFC_v2,static,0.37446153846153846,1.0
manufacturing,KFC_v2,static,0.3747692307692308,1.0
manufacturing,KFC_v2,static,0.3750769230769231,1.0
manufacturing,KFC_v2,static,0.37538461538461537,1.0
manufacturing,KFC_v2,static,0.3756923076923077,1.0
manufacturing,KFC_v2,static,0.376,1.0
manufacturing,KFC_v2,static,0.37630769230769234,1.0
manufacturing,KFC_v2,static,0.37661538461538463,1.0
manufacturing,KFC_v2,static,0.3769230769230769,1.0
manufacturing,KFC_v2,static,0.37723076923076926,1.0
manufacturing,KFC_v2,static,0.37753846153846154,1.0
manufacturing,KFC_v2,static,0.37784615384615383,1.0
manufacturing,KFC_v2,static,0.3781538461538462,1.0
manufacturing,KFC_v2,static,0.37846153846153846,1.0
manufacturing,KFC_v2,static,0.3787692307692308,1.0
manufacturing,KFC_v2,static,0.3790769230769231,1.0
manufacturing,KFC_v2,static,0.3793846153846154,1.0
manufacturing,KFC_v2,static,0.3796923076923077,1.0
manufacturing,KFC_v2,static,0.38,1.0
manufacturing,KFC_v2,static,0.38030769230769235,1.0
manufacturing,KFC_v2,static,0.38061538461538463,1.0
manufacturing,KFC_v2,static,0.3809230769230769,1.0
manufacturing,KFC_v2,static,0.38123076923076926,1.0
manufacturing,KFC_v2,static,0.38153846153846155,1.0
manufacturing,KFC_v2,static,0.38184615384615384,1.0
manufacturing,KFC_v2,static,0.3821538461538462,1.0
manufacturing,KFC_v2,static,0.38246153846153846,1.0
manufacturing,KFC_v2,static,0.3827692307692308,1.0
manufacturing,KFC_v2,static,0.3830769230769231,1.0
manufacturing,KFC_v2,static,0.3833846153846154,1.0
manufacturing,KFC_v2,static,0.3836923076923077,1.0
manufacturing,KFC_v2,static,0.384,1.0
manufacturing,KFC_v2,static,0.3843076923076923,1.0
manufacturing,KFC_v2,static,0.38461538461538464,1.0
manufacturing,KFC_v2,static,0.3849230769230769,1.0
manufacturing,KFC_v2,static,0.38523076923076927,1.0
manufacturing,KFC_v2,static,0.38553846153846155,1.0
manufacturing,KFC_v2,static,0.38584615384615384,1.0
manufacturing,KFC_v2,static,0.3861538461538462,1.0
manufacturing,KFC_v2,static,0.38646153846153847,1.0
manufacturing,KFC_v2,static,0.3867692307692308,1.0
manufacturing,KFC_v2,static,0.3870769230769231,1.0
manufacturing,KFC_v2,static,0.3873846153846154,1.0
manufacturing,KFC_v2,static,0.3876923076923077,1.0
manufacturing,KFC_v2,static,0.388,1.0
manufacturing,KFC_v2,static,0.3883076923076923,1.0
manufacturing,KFC_v2,static,0.38861538461538464,1.0
manufacturing,KFC_v2,static,0.3889230769230769,1.0
manufacturing,KFC_v2,static,0.38923076923076927,1.0
manufacturing,KFC_v2,static,0.38953846153846156,1.0
manufacturing,KFC_v2,static,0.38984615384615384,1.0
manufacturing,KFC_v2,static,0.3901538461538462,1.0
manufacturing,KFC_v2,static,0.39046153846153847,1.0
manufacturing,KFC_v2,static,0.39076923076923076,1.0
manufacturing,KFC_v2,static,0.3910769230769231,1.0
manufacturing,KFC_v2,static,0.3913846153846154,1.0
manufacturing,KFC_v2,static,0.39169230769230773,1.0
manufacturing,KFC_v2,static,0.392,1.0
manufacturing,KFC_v2,static,0.3923076923076923,1.0
manufacturing,KFC_v2,static,0.39261538461538464,1.0
manufacturing,KFC_v2,static,0.39292307692307693,1.0
manufacturing,KFC_v2,static,0.3932307692307692,1.0
manufacturing,KFC_v2,static,0.39353846153846156,1.0
manufacturing,KFC_v2,static,0.39384615384615385,1.0
manufacturing,KFC_v2,static,0.3941538461538462,1.0
manufacturing,KFC_v2,static,0.3944615384615385,1.0
manufacturing,KFC_v2,static,0.39476923076923076,1.0
manufacturing,KFC_v2,static,0.3950769230769231,1.0
manufacturing,KFC_v2,static,0.3953846153846154,1.0
manufacturing,KFC_v2,static,0.39569230769230773,1.0
manufacturing,KFC_v2,static,0.396,1.0
manufacturing,KFC_v2,static,0.3963076923076923,1.0
manufacturing,KFC_v2,static,0.39661538461538465,1.0
manufacturing,KFC_v2,static,0.39692307692307693,1.0
manufacturing,KFC_v2,static,0.3972307692307692,1.0
manufacturing,KFC_v2,static,0.39753846153846156,1.0
manufacturing,KFC_v2,static,0.39784615384615385,1.0
manufacturing,KFC_v2,static,0.3981538461538462,1.0
manufacturing,KFC_v2,static,0.3984615384615385,1.0
manufacturing,KFC_v2,static,0.39876923076923076,1.0
manufacturing,KFC_v2,static,0.3990769230769231,1.0
manufacturing,KFC_v2,static,0.3993846153846154,1.0
manufacturing,KFC_v2,static,0.3996923076923077,1.0
manufacturing,KFC_v2,static,0.4,1.0
manufacturing,KFC_v2,static,0.4003076923076923,1.0
manufacturing,KFC_v2,static,0.40061538461538465,1.0
manufacturing,KFC_v2,static,0.40092307692307694,1.0
manufacturing,KFC_v2,static,0.4012307692307692,1.0
manufacturing,KFC_v2,static,0.40153846153846157,1.0
manufacturing,KFC_v2,static,0.40184615384615385,1.0
manufacturing,KFC_v2,static,0.4021538461538462,1.0
manufacturing,KFC_v2,static,0.4024615384615385,1.0
manufacturing,KFC_v2,static,0.40276923076923077,1.0
manufacturing,KFC_v2,static,0.4030769230769231,1.0
manufacturing,KFC_v2,static,0.4033846153846154,1.0
manufacturing,KFC_v2,static,0.4036923076923077,1.0
manufacturing,KFC_v2,static,0.404,1.0
manufacturing,KFC_v2,static,0.4043076923076923,1.0
manufacturing,KFC_v2,static,0.40461538461538465,1.0
manufacturing,KFC_v2,static,0.40492307692307694,1.0
manufacturing,KFC_v2,static,0.4052307692307692,1.0
manufacturing,KFC_v2,static,0.40553846153846157,1.0
manufacturing,KFC_v2,static,0.40584615384615386,1.0
manufacturing,KFC_v2,static,0.40615384615384614,1.0
manufacturing,KFC_v2,static,0.4064615384615385,1.0
manufacturing,KFC_v2,static,0.40676923076923077,1.0
manufacturing,KFC_v2,static,0.4070769230769231,1.0
manufacturing,KFC_v2,static,0.4073846153846154,1.0
manufacturing,KFC_v2,static,0.4076923076923077,1.0
manufacturing,KFC_v2,static,0.40800000000000003,1.0
manufacturing,KFC_v2,static,0.4083076923076923,1.0
manufacturing,KFC_v2,static,0.4086153846153846,1.0
manufacturing,KFC_v2,static,0.40892307692307694,1.0
manufacturing,KFC_v2,static,0.40923076923076923,1.0
manufacturing,KFC_v2,static,0.4095384615384616,1.0
manufacturing,KFC_v2,static,0.40984615384615386,1.0
manufacturing,KFC_v2,static,0.41015384615384615,1.0
manufacturing,KFC_v2,static,0.4104615384615385,1.0
manufacturing,KFC_v2,static,0.4107692307692308,1.0
manufacturing,KFC_v2,static,0.4110769230769231,1.0
manufacturing,KFC_v2,static,0.4113846153846154,1.0
manufacturing,KFC_v2,static,0.4116923076923077,1.0
manufacturing,KFC_v2,static,0.41200000000000003,1.0
manufacturing,KFC_v2,static,0.4123076923076923,1.0
manufacturing,KFC_v2,static,0.4126153846153846,1.0
manufacturing,KFC_v2,static,0.41292307692307695,1.0
manufacturing,KFC_v2,static,0.41323076923076923,1.0
manufacturing,KFC_v2,static,0.4135384615384616,1.0
manufacturing,KFC_v2,static,0.41384615384615386,1.0
manufacturing,KFC_v2,static,0.41415384615384615,1.0
manufacturing,KFC_v2,static,0.4144615384615385,1.0
manufacturing,KFC_v2,static,0.4147692307692308,1.0
manufacturing,KFC_v2,static,0.41507692307692307,1.0
manufacturing,KFC_v2,static,0.4153846153846154,1.0
manufacturing,KFC_v2,static,0.4156923076923077,1.0
manufacturing,KFC_v2,static,0.41600000000000004,1.0
manufacturing,KFC_v2,static,0.4163076923076923,1.0
manufacturing,KFC_v2,static,0.4166153846153846,1.0
manufacturing,KFC_v2,static,0.41692307692307695,1.0
manufacturing,KFC_v2,static,0.41723076923076924,1.0
manufacturing,KFC_v2,static,0.4175384615384616,1.0
manufacturing,KFC_v2,static,0.41784615384615387,1.0
manufacturing,KFC_v2,static,0.41815384615384615,1.0
manufacturing,KFC_v2,static,0.4184615384615385,1.0
manufacturing,KFC_v2,static,0.4187692307692308,1.0
manufacturing,KFC_v2,static,0.41907692307692307,1.0
manufacturing,KFC_v2,static,0.4193846153846154,1.0
manufacturing,KFC_v2,static,0.4196923076923077,1.0
manufacturing,KFC_v2,static,0.42000000000000004,1.0
manufacturing,KFC_v2,static,0.4203076923076923,1.0
manufacturing,KFC_v2,static,0.4206153846153846,1.0
manufacturing,KFC_v2,static,0.42092307692307696,1.0
manufacturing,KFC_v2,static,0.42123076923076924,1.0
manufacturing,KFC_v2,static,0.42153846153846153,1.0
manufacturing,KFC_v2,static,0.42184615384615387,1.0
manufacturing,KFC_v2,static,0.42215384615384616,1.0
manufacturing,KFC_v2,static,0.4224615384615385,1.0
manufacturing,KFC_v2,static,0.4227692307692308,1.0
manufacturing,KFC_v2,static,0.4230769230769231,1.0
manufacturing,KFC_v2,static,0.4233846153846154,1.0
manufacturing,KFC_v2,static,0.4236923076923077,1.0
manufacturing,KFC_v2,static,0.424,1.0
manufacturing,KFC_v2,static,0.42430769230769233,1.0
manufacturing,KFC_v2,static,0.4246153846153846,1.0
manufacturing,KFC_v2,static,0.42492307692307696,1.0
manufacturing,KFC_v2,static,0.42523076923076925,1.0
manufacturing,KFC_v2,static,0.42553846153846153,1.0
manufacturing,KFC_v2,static,0.4258461538461539,1.0
manufacturing,KFC_v2,static,0.42615384615384616,1.0
manufacturing,KFC_v2,static,0.4264615384615385,1.0
manufacturing,KFC_v2,static,0.4267692307692308,1.0
manufacturing,KFC_v2,static,0.4270769230769231,1.0
manufacturing,KFC_v2,static,0.4273846153846154,1.0
manufacturing,KFC_v2,static,0.4276923076923077,1.0
manufacturing,KFC_v2,static,0.428,1.0
manufacturing,KFC_v2,static,0.42830769230769233,1.0
manufacturing,KFC_v2,static,0.4286153846153846,1.0
manufacturing,KFC_v2,static,0.42892307692307696,1.0
manufacturing,KFC_v2,static,0.42923076923076925,1.0
manufacturing,KFC_v2,static,0.42953846153846154,1.0
manufacturing,KFC_v2,static,0.4298461538461539,1.0
manufacturing,KFC_v2,static,0.43015384615384616,1.0
manufacturing,KFC_v2,static,0.43046153846153845,1.0
manufacturing,KFC_v2,static,0.4307692307692308,1.0
manufacturing,KFC_v2,static,0.4310769230769231,1.0
manufacturing,KFC_v2,static,0.4313846153846154,1.0
manufacturing,KFC_v2,static,0.4316923076923077,1.0
manufacturing,KFC_v2,static,0.432,1.0
manufacturing,KFC_v2,static,0.43230769230769234,1.0
manufacturing,KFC_v2,static,0.4326153846153846,1.0
manufacturing,KFC_v2,static,0.4329230769230769,1.0
manufacturing,KFC_v2,static,0.43323076923076925,1.0
manufacturing,KFC_v2,static,0.43353846153846154,1.0
manufacturing,KFC_v2,static,0.4338461538461539,1.0
manufacturing,KFC_v2,static,0.43415384615384617,1.0
manufacturing,KFC_v2,static,0.43446153846153845,1.0
manufacturing,KFC_v2,static,0.4347692307692308,1.0
manufacturing,KFC_v2,static,0.4350769230769231,1.0
manufacturing,KFC_v2,static,0.4353846153846154,1.0
manufacturing,KFC_v2,static,0.4356923076923077,1.0
manufacturing,KFC_v2,static,0.436,1.0
manufacturing,KFC_v2,static,0.43630769230769234,1.0
manufacturing,KFC_v2,static,0.4366153846153846,1.0
manufacturing,KFC_v2,static,0.4369230769230769,1.0
manufacturing,KFC_v2,static,0.43723076923076926,1.0
manufacturing,KFC_v2,static,0.43753846153846154,1.0
manufacturing,KFC_v2,static,0.4378461538461539,1.0
manufacturing,KFC_v2,static,0.43815384615384617,1.0
manufacturing,KFC_v2,static,0.43846153846153846,1.0
manufacturing,KFC_v2,static,0.4387692307692308,1.0
manufacturing,KFC_v2,static,0.4390769230769231,1.0
manufacturing,KFC_v2,static,0.4393846153846154,1.0
manufacturing,KFC_v2,static,0.4396923076923077,1.0
manufacturing,KFC_v2,static,0.44,1.0
manufacturing,KFC_v2,static,0.44030769230769234,1.0
manufacturing,KFC_v2,static,0.44061538461538463,1.0
manufacturing,KFC_v2,static,0.4409230769230769,1.0
manufacturing,KFC_v2,static,0.44123076923076926,1.0
manufacturing,KFC_v2,static,0.44153846153846155,1.0
manufacturing,KFC_v2,static,0.4418461538461539,1.0
manufacturing,KFC_v2,static,0.4421538461538462,1.0
manufacturing,KFC_v2,static,0.44246153846153846,1.0
manufacturing,KFC_v2,static,0.4427692307692308,1.0
manufacturing,KFC_v2,static,0.4430769230769231,1.0
manufacturing,KFC_v2,static,0.4433846153846154,1.0
manufacturing,KFC_v2,static,0.4436923076923077,1.0
manufacturing,KFC_v2,static,0.444,1.0
manufacturing,KFC_v2,static,0.44430769230769235,1.0
manufacturing,KFC_v2,static,0.44461538461538463,1.0
manufacturing,KFC_v2,static,0.4449230769230769,1.0
manufacturing,KFC_v2,static,0.44523076923076926,1.0
manufacturing,KFC_v2,static,0.44553846153846155,1.0
manufacturing,KFC_v2,static,0.44584615384615384,1.0
manufacturing,KFC_v2,static,0.4461538461538462,1.0
manufacturing,KFC_v2,static,0.44646153846153847,1.0
manufacturing,KFC_v2,static,0.4467692307692308,1.0
manufacturing,KFC_v2,static,0.4470769230769231,1.0
manufacturing,KFC_v2,static,0.4473846153846154,1.0
manufacturing,KFC_v2,static,0.4476923076923077,1.0
manufacturing,KFC_v2,static,0.448,1.0
manufacturing,KFC_v2,static,0.4483076923076923,1.0
manufacturing,KFC_v2,static,0.44861538461538464,1.0
manufacturing,KFC_v2,static,0.4489230769230769,1.0
manufacturing,KFC_v2,static,0.44923076923076927,1.0
manufacturing,KFC_v2,static,0.44953846153846155,1.0
manufacturing,KFC_v2,static,0.44984615384615384,1.0
manufacturing,KFC_v2,static,0.4501538461538462,1.0
manufacturing,KFC_v2,static,0.45046153846153847,1.0
manufacturing,KFC_v2,static,0.4507692307692308,1.0
manufacturing,KFC_v2,static,0.4510769230769231,1.0
manufacturing,KFC_v2,static,0.4513846153846154,1.0
manufacturing,KFC_v2,static,0.4516923076923077,1.0
manufacturing,KFC_v2,static,0.452,1.0
manufacturing,KFC_v2,static,0.4523076923076923,1.0
manufacturing,KFC_v2,static,0.45261538461538464,1.0
manufacturing,KFC_v2,static,0.45292307692307693,1.0
manufacturing,KFC_v2,static,0.45323076923076927,1.0
manufacturing,KFC_v2,static,0.45353846153846156,1.0
manufacturing,KFC_v2,static,0.45384615384615384,1.0
manufacturing,KFC_v2,static,0.4541538461538462,1.0
manufacturing,KFC_v2,static,0.4544615384615385,1.0
manufacturing,KFC_v2,static,0.45476923076923076,1.0
manufacturing,KFC_v2,static,0.4550769230769231,1.0
manufacturing,KFC_v2,static,0.4553846153846154,1.0
manufacturing,KFC_v2,static,0.45569230769230773,1.0
manufacturing,KFC_v2,static,0.456,1.0
manufacturing,KFC_v2,static,0.4563076923076923,1.0
manufacturing,KFC_v2,static,0.45661538461538465,1.0
manufacturing,KFC_v2,static,0.45692307692307693,1.0
manufacturing,KFC_v2,static,0.4572307692307693,1.0
manufacturing,KFC_v2,static,0.45753846153846156,1.0
manufacturing,KFC_v2,static,0.45784615384615385,1.0
manufacturing,KFC_v2,static,0.4581538461538462,1.0
manufacturing,KFC_v2,static,0.4584615384615385,1.0
manufacturing,KFC_v2,static,0.45876923076923076,1.0
manufacturing,KFC_v2,static,0.4590769230769231,1.0
manufacturing,KFC_v2,static,0.4593846153846154,1.0
manufacturing,KFC_v2,static,0.45969230769230773,1.0
manufacturing,KFC_v2,static,0.46,1.0
manufacturing,KFC_v2,static,0.4603076923076923,1.0
manufacturing,KFC_v2,static,0.46061538461538465,1.0
manufacturing,KFC_v2,static,0.46092307692307694,1.0
manufacturing,KFC_v2,static,0.4612307692307692,1.0
manufacturing,KFC_v2,static,0.46153846153846156,1.0
manufacturing,KFC_v2,static,0.46184615384615385,1.0
manufacturing,KFC_v2,static,0.4621538461538462,1.0
manufacturing,KFC_v2,static,0.4624615384615385,1.0
manufacturing,KFC_v2,static,0.46276923076923077,1.0
manufacturing,KFC_v2,static,0.4630769230769231,1.0
manufacturing,KFC_v2,static,0.4633846153846154,1.0
manufacturing,KFC_v2,static,0.4636923076923077,1.0
manufacturing,KFC_v2,static,0.464,1.0
manufacturing,KFC_v2,static,0.4643076923076923,1.0
manufacturing,KFC_v2,static,0.46461538461538465,1.0
manufacturing,KFC_v2,static,0.46492307692307694,1.0
manufacturing,KFC_v2,static,0.4652307692307692,1.0
manufacturing,KFC_v2,static,0.46553846153846157,1.0
manufacturing,KFC_v2,static,0.46584615384615385,1.0
manufacturing,KFC_v2,static,0.4661538461538462,1.0
manufacturing,KFC_v2,static,0.4664615384615385,1.0
manufacturing,KFC_v2,static,0.46676923076923077,1.0
manufacturing,KFC_v2,static,0.4670769230769231,1.0
manufacturing,KFC_v2,static,0.4673846153846154,1.0
manufacturing,KFC_v2,static,0.4676923076923077,1.0
manufacturing,KFC_v2,static,0.468,1.0
manufacturing,KFC_v2,static,0.4683076923076923,1.0
manufacturing,KFC_v2,static,0.46861538461538466,1.0
manufacturing,KFC_v2,static,0.46892307692307694,1.0
manufacturing,KFC_v2,static,0.46923076923076923,1.0
manufacturing,KFC_v2,static,0.46953846153846157,1.0
manufacturing,KFC_v2,static,0.46984615384615386,1.0
manufacturing,KFC_v2,static,0.47015384615384614,1.0
manufacturing,KFC_v2,static,0.4704615384615385,1.0
manufacturing,KFC_v2,static,0.4707692307692308,1.0
manufacturing,KFC_v2,static,0.4710769230769231,1.0
manufacturing,KFC_v2,static,0.4713846153846154,1.0
manufacturing,KFC_v2,static,0.4716923076923077,1.0
manufacturing,KFC_v2,static,0.47200000000000003,1.0
manufacturing,KFC_v2,static,0.4723076923076923,1.0
manufacturing,KFC_v2,static,0.47261538461538466,1.0
manufacturing,KFC_v2,static,0.47292307692307695,1.0
manufacturing,KFC_v2,static,0.47323076923076923,1.0
manufacturing,KFC_v2,static,0.4735384615384616,1.0
manufacturing,KFC_v2,static,0.47384615384615386,1.0
manufacturing,KFC_v2,static,0.47415384615384615,1.0
manufacturing,KFC_v2,static,0.4744615384615385,1.0
manufacturing,KFC_v2,static,0.4747692307692308,1.0
manufacturing,KFC_v2,static,0.4750769230769231,1.0
manufacturing,KFC_v2,static,0.4753846153846154,1.0
manufacturing,KFC_v2,static,0.4756923076923077,1.0
manufacturing,KFC_v2,static,0.47600000000000003,1.0
manufacturing,KFC_v2,static,0.4763076923076923,1.0
manufacturing,KFC_v2,static,0.4766153846153846,1.0
manufacturing,KFC_v2,static,0.47692307692307695,1.0
manufacturing,KFC_v2,static,0.47723076923076924,1.0
manufacturing,KFC_v2,static,0.4775384615384616,1.0
manufacturing,KFC_v2,static,0.47784615384615386,1.0
manufacturing,KFC_v2,static,0.47815384615384615,1.0
manufacturing,KFC_v2,static,0.4784615384615385,1.0
manufacturing,KFC_v2,static,0.4787692307692308,1.0
manufacturing,KFC_v2,static,0.47907692307692307,1.0
manufacturing,KFC_v2,static,0.4793846153846154,1.0
manufacturing,KFC_v2,static,0.4796923076923077,1.0
manufacturing,KFC_v2,static,0.48000000000000004,1.0
manufacturing,KFC_v2,static,0.4803076923076923,1.0
manufacturing,KFC_v2,static,0.4806153846153846,1.0
manufacturing,KFC_v2,static,0.48092307692307695,1.0
manufacturing,KFC_v2,static,0.48123076923076924,1.0
manufacturing,KFC_v2,static,0.4815384615384616,1.0
manufacturing,KFC_v2,static,0.48184615384615387,1.0
manufacturing,KFC_v2,static,0.48215384615384616,1.0
manufacturing,KFC_v2,static,0.4824615384615385,1.0
manufacturing,KFC_v2,static,0.4827692307692308,1.0
manufacturing,KFC_v2,static,0.48307692307692307,1.0
manufacturing,KFC_v2,static,0.4833846153846154,1.0
manufacturing,KFC_v2,static,0.4836923076923077,1.0
manufacturing,KFC_v2,static,0.48400000000000004,1.0
manufacturing,KFC_v2,static,0.48430769230769233,1.0
manufacturing,KFC_v2,static,0.4846153846153846,1.0
manufacturing,KFC_v2,static,0.48492307692307696,1.0
manufacturing,KFC_v2,static,0.48523076923076924,1.0
manufacturing,KFC_v2,static,0.48553846153846153,1.0
manufacturing,KFC_v2,static,0.48584615384615387,1.0
manufacturing,KFC_v2,static,0.48615384615384616,1.0
manufacturing,KFC_v2,static,0.4864615384615385,1.0
manufacturing,KFC_v2,static,0.4867692307692308,1.0
manufacturing,KFC_v2,static,0.4870769230769231,1.0
manufacturing,KFC_v2,static,0.4873846153846154,1.0
manufacturing,KFC_v2,static,0.4876923076923077,1.0
manufacturing,KFC_v2,static,0.488,1.0
manufacturing,KFC_v2,static,0.48830769230769233,1.0
manufacturing,KFC_v2,static,0.4886153846153846,1.0
manufacturing,KFC_v2,static,0.48892307692307696,1.0
manufacturing,KFC_v2,static,0.48923076923076925,1.0
manufacturing,KFC_v2,static,0.48953846153846153,1.0
manufacturing,KFC_v2,static,0.4898461538461539,1.0
manufacturing,KFC_v2,static,0.49015384615384616,1.0
manufacturing,KFC_v2,static,0.4904615384615385,1.0
manufacturing,KFC_v2,static,0.4907692307692308,1.0
manufacturing,KFC_v2,static,0.4910769230769231,1.0
manufacturing,KFC_v2,static,0.4913846153846154,1.0
manufacturing,KFC_v2,static,0.4916923076923077,1.0
manufacturing,KFC_v2,static,0.492,1.0
manufacturing,KFC_v2,static,0.49230769230769234,1.0
manufacturing,KFC_v2,static,0.4926153846153846,1.0
manufacturing,KFC_v2,static,0.49292307692307696,1.0
manufacturing,KFC_v2,static,0.49323076923076925,1.0
manufacturing,KFC_v2,static,0.49353846153846154,1.0
manufacturing,KFC_v2,static,0.4938461538461539,1.0
manufacturing,KFC_v2,static,0.49415384615384617,1.0
manufacturing,KFC_v2,static,0.49446153846153845,1.0
manufacturing,KFC_v2,static,0.4947692307692308,1.0
manufacturing,KFC_v2,static,0.4950769230769231,1.0
manufacturing,KFC_v2,static,0.4953846153846154,1.0
manufacturing,KFC_v2,static,0.4956923076923077,1.0
manufacturing,KFC_v2,static,0.496,1.0
manufacturing,KFC_v2,static,0.49630769230769234,1.0
manufacturing,KFC_v2,static,0.4966153846153846,1.0
manufacturing,KFC_v2,static,0.49692307692307697,1.0
manufacturing,KFC_v2,static,0.49723076923076925,1.0
manufacturing,KFC_v2,static,0.49753846153846154,1.0
manufacturing,KFC_v2,static,0.4978461538461539,1.0
manufacturing,KFC_v2,static,0.49815384615384617,1.0
manufacturing,KFC_v2,static,0.49846153846153846,1.0
manufacturing,KFC_v2,static,0.4987692307692308,1.0
manufacturing,KFC_v2,static,0.4990769230769231,1.0
manufacturing,KFC_v2,static,0.4993846153846154,1.0
manufacturing,KFC_v2,static,0.4996923076923077,1.0
manufacturing,KFC_v2,static,0.5,1.0
manufacturing,KFC_v2,static,0.5003076923076923,1.0
manufacturing,KFC_v2,static,0.5006153846153847,1.0
manufacturing,KFC_v2,static,0.5009230769230769,1.0
manufacturing,KFC_v2,static,0.5012307692307693,1.0
manufacturing,KFC_v2,static,0.5015384615384616,1.0
manufacturing,KFC_v2,static,0.5018461538461538,1.0
manufacturing,KFC_v2,static,0.5021538461538462,1.0
manufacturing,KFC_v2,static,0.5024615384615385,1.0
manufacturing,KFC_v2,static,0.5027692307692307,1.0
manufacturing,KFC_v2,static,0.5030769230769231,1.0
manufacturing,KFC_v2,static,0.5033846153846154,1.0
manufacturing,KFC_v2,static,0.5036923076923077,1.0
manufacturing,KFC_v2,static,0.504,1.0
manufacturing,KFC_v2,static,0.5043076923076923,1.0
manufacturing,KFC_v2,static,0.5046153846153847,1.0
manufacturing,KFC_v2,static,0.5049230769230769,1.0
manufacturing,KFC_v2,static,0.5052307692307693,1.0
manufacturing,KFC_v2,static,0.5055384615384616,1.0
manufacturing,KFC_v2,static,0.5058461538461538,1.0
manufacturing,KFC_v2,static,0.5061538461538462,1.0
manufacturing,KFC_v2,static,0.5064615384615385,1.0
manufacturing,KFC_v2,static,0.5067692307692307,1.0
manufacturing,KFC_v2,static,0.5070769230769231,1.0
manufacturing,KFC_v2,static,0.5073846153846154,1.0
manufacturing,KFC_v2,static,0.5076923076923077,1.0
manufacturing,KFC_v2,static,0.508,1.0
manufacturing,KFC_v2,static,0.5083076923076923,1.0
manufacturing,KFC_v2,static,0.5086153846153846,1.0
manufacturing,KFC_v2,static,0.5089230769230769,1.0
manufacturing,KFC_v2,static,0.5092307692307693,1.0
manufacturing,KFC_v2,static,0.5095384615384616,1.0
manufacturing,KFC_v2,static,0.5098461538461538,1.0
manufacturing,KFC_v2,static,0.5101538461538462,1.0
manufacturing,KFC_v2,static,0.5104615384615385,1.0
manufacturing,KFC_v2,static,0.5107692307692308,1.0
manufacturing,KFC_v2,static,0.5110769230769231,1.0
manufacturing,KFC_v2,static,0.5113846153846154,1.0
manufacturing,KFC_v2,static,0.5116923076923077,1.0
manufacturing,KFC_v2,static,0.512,1.0
manufacturing,KFC_v2,static,0.5123076923076924,1.0
manufacturing,KFC_v2,static,0.5126153846153846,1.0
manufacturing,KFC_v2,static,0.5129230769230769,1.0
manufacturing,KFC_v2,static,0.5132307692307693,1.0
manufacturing,KFC_v2,static,0.5135384615384616,1.0
manufacturing,KFC_v2,static,0.5138461538461538,1.0
manufacturing,KFC_v2,static,0.5141538461538462,1.0
manufacturing,KFC_v2,static,0.5144615384615385,1.0
manufacturing,KFC_v2,static,0.5147692307692308,1.0
manufacturing,KFC_v2,static,0.5150769230769231,1.0
manufacturing,KFC_v2,static,0.5153846153846154,1.0
manufacturing,KFC_v2,static,0.5156923076923077,1.0
manufacturing,KFC_v2,static,0.516,1.0
manufacturing,KFC_v2,static,0.5163076923076924,1.0
manufacturing,KFC_v2,static,0.5166153846153846,1.0
manufacturing,KFC_v2,static,0.5169230769230769,1.0
manufacturing,KFC_v2,static,0.5172307692307693,1.0
manufacturing,KFC_v2,static,0.5175384615384615,1.0
manufacturing,KFC_v2,static,0.5178461538461538,1.0
manufacturing,KFC_v2,static,0.5181538461538462,1.0
manufacturing,KFC_v2,static,0.5184615384615385,1.0
manufacturing,KFC_v2,static,0.5187692307692308,1.0
manufacturing,KFC_v2,static,0.5190769230769231,1.0
manufacturing,KFC_v2,static,0.5193846153846154,1.0
manufacturing,KFC_v2,static,0.5196923076923077,1.0
manufacturing,KFC_v2,static,0.52,1.0
manufacturing,KFC_v2,static,0.5203076923076924,1.0
manufacturing,KFC_v2,static,0.5206153846153846,1.0
manufacturing,KFC_v2,static,0.5209230769230769,1.0
manufacturing,KFC_v2,static,0.5212307692307693,1.0
manufacturing,KFC_v2,static,0.5215384615384615,1.0
manufacturing,KFC_v2,static,0.5218461538461538,1.0
manufacturing,KFC_v2,static,0.5221538461538462,1.0
manufacturing,KFC_v2,static,0.5224615384615385,1.0
manufacturing,KFC_v2,static,0.5227692307692308,1.0
manufacturing,KFC_v2,static,0.5230769230769231,1.0
manufacturing,KFC_v2,static,0.5233846153846154,1.0
manufacturing,KFC_v2,static,0.5236923076923077,1.0
manufacturing,KFC_v2,static,0.524,1.0
manufacturing,KFC_v2,static,0.5243076923076924,1.0
manufacturing,KFC_v2,static,0.5246153846153846,1.0
manufacturing,KFC_v2,static,0.5249230769230769,1.0
manufacturing,KFC_v2,static,0.5252307692307693,1.0
manufacturing,KFC_v2,static,0.5255384615384615,1.0
manufacturing,KFC_v2,static,0.5258461538461539,1.0
manufacturing,KFC_v2,static,0.5261538461538462,1.0
manufacturing,KFC_v2,static,0.5264615384615384,1.0
manufacturing,KFC_v2,static,0.5267692307692308,1.0
manufacturing,KFC_v2,static,0.5270769230769231,1.0
manufacturing,KFC_v2,static,0.5273846153846155,1.0
manufacturing,KFC_v2,static,0.5276923076923077,1.0
manufacturing,KFC_v2,static,0.528,1.0
manufacturing,KFC_v2,static,0.5283076923076924,1.0
manufacturing,KFC_v2,static,0.5286153846153846,1.0
manufacturing,KFC_v2,static,0.5289230769230769,1.0
manufacturing,KFC_v2,static,0.5292307692307693,1.0
manufacturing,KFC_v2,static,0.5295384615384615,1.0
manufacturing,KFC_v2,static,0.5298461538461539,1.0
manufacturing,KFC_v2,static,0.5301538461538462,1.0
manufacturing,KFC_v2,static,0.5304615384615384,1.0
manufacturing,KFC_v2,static,0.5307692307692308,1.0
manufacturing,KFC_v2,static,0.5310769230769231,1.0
manufacturing,KFC_v2,static,0.5313846153846155,1.0
manufacturing,KFC_v2,static,0.5316923076923077,1.0
manufacturing,KFC_v2,static,0.532,1.0
manufacturing,KFC_v2,static,0.5323076923076924,1.0
manufacturing,KFC_v2,static,0.5326153846153846,1.0
manufacturing,KFC_v2,static,0.5329230769230769,1.0
manufacturing,KFC_v2,static,0.5332307692307693,1.0
manufacturing,KFC_v2,static,0.5335384615384615,1.0
manufacturing,KFC_v2,static,0.5338461538461539,1.0
manufacturing,KFC_v2,static,0.5341538461538462,1.0
manufacturing,KFC_v2,static,0.5344615384615384,1.0
manufacturing,KFC_v2,static,0.5347692307692308,1.0
manufacturing,KFC_v2,static,0.5350769230769231,1.0
manufacturing,KFC_v2,static,0.5353846153846153,1.0
manufacturing,KFC_v2,static,0.5356923076923077,1.0
manufacturing,KFC_v2,static,0.536,1.0
manufacturing,KFC_v2,static,0.5363076923076924,1.0
manufacturing,KFC_v2,static,0.5366153846153846,1.0
manufacturing,KFC_v2,static,0.536923076923077,1.0
manufacturing,KFC_v2,static,0.5372307692307693,1.0
manufacturing,KFC_v2,static,0.5375384615384615,1.0
manufacturing,KFC_v2,static,0.5378461538461539,1.0
manufacturing,KFC_v2,static,0.5381538461538462,1.0
manufacturing,KFC_v2,static,0.5384615384615384,1.0
manufacturing,KFC_v2,static,0.5387692307692308,1.0
manufacturing,KFC_v2,static,0.5390769230769231,1.0
manufacturing,KFC_v2,static,0.5393846153846154,1.0
manufacturing,KFC_v2,static,0.5396923076923077,1.0
manufacturing,KFC_v2,static,0.54,1.0
manufacturing,KFC_v2,static,0.5403076923076924,1.0
manufacturing,KFC_v2,static,0.5406153846153846,1.0
manufacturing,KFC_v2,static,0.540923076923077,1.0
manufacturing,KFC_v2,static,0.5412307692307693,1.0
manufacturing,KFC_v2,static,0.5415384615384615,1.0
manufacturing,KFC_v2,static,0.5418461538461539,1.0
manufacturing,KFC_v2,static,0.5421538461538462,1.0
manufacturing,KFC_v2,static,0.5424615384615384,1.0
manufacturing,KFC_v2,static,0.5427692307692308,1.0
manufacturing,KFC_v2,static,0.5430769230769231,1.0
manufacturing,KFC_v2,static,0.5433846153846154,1.0
manufacturing,KFC_v2,static,0.5436923076923077,1.0
manufacturing,KFC_v2,static,0.544,1.0
manufacturing,KFC_v2,static,0.5443076923076924,1.0
manufacturing,KFC_v2,static,0.5446153846153846,1.0
manufacturing,KFC_v2,static,0.544923076923077,1.0
manufacturing,KFC_v2,static,0.5452307692307693,1.0
manufacturing,KFC_v2,static,0.5455384615384615,1.0
manufacturing,KFC_v2,static,0.5458461538461539,1.0
manufacturing,KFC_v2,static,0.5461538461538462,1.0
manufacturing,KFC_v2,static,0.5464615384615384,1.0
manufacturing,KFC_v2,static,0.5467692307692308,1.0
manufacturing,KFC_v2,static,0.5470769230769231,1.0
manufacturing,KFC_v2,static,0.5473846153846154,1.0
manufacturing,KFC_v2,static,0.5476923076923077,1.0
manufacturing,KFC_v2,static,0.548,1.0
manufacturing,KFC_v2,static,0.5483076923076923,1.0
manufacturing,KFC_v2,static,0.5486153846153846,1.0
manufacturing,KFC_v2,static,0.548923076923077,1.0
manufacturing,KFC_v2,static,0.5492307692307693,1.0
manufacturing,KFC_v2,static,0.5495384615384615,1.0
manufacturing,KFC_v2,static,0.5498461538461539,1.0
manufacturing,KFC_v2,static,0.5501538461538462,1.0
manufacturing,KFC_v2,static,0.5504615384615384,1.0
manufacturing,KFC_v2,static,0.5507692307692308,1.0
manufacturing,KFC_v2,static,0.5510769230769231,1.0
manufacturing,KFC_v2,static,0.5513846153846154,1.0
manufacturing,KFC_v2,static,0.5516923076923077,1.0
manufacturing,KFC_v2,static,0.552,1.0
manufacturing,KFC_v2,static,0.5523076923076923,1.0
manufacturing,KFC_v2,static,0.5526153846153846,1.0
manufacturing,KFC_v2,static,0.552923076923077,1.0
manufacturing,KFC_v2,static,0.5532307692307693,1.0
manufacturing,KFC_v2,static,0.5535384615384615,1.0
manufacturing,KFC_v2,static,0.5538461538461539,1.0
manufacturing,KFC_v2,static,0.5541538461538462,1.0
manufacturing,KFC_v2,static,0.5544615384615385,1.0
manufacturing,KFC_v2,static,0.5547692307692308,1.0
manufacturing,KFC_v2,static,0.5550769230769231,1.0
manufacturing,KFC_v2,static,0.5553846153846154,1.0
manufacturing,KFC_v2,static,0.5556923076923077,1.0
manufacturing,KFC_v2,static,0.556,1.0
manufacturing,KFC_v2,static,0.5563076923076923,1.0
manufacturing,KFC_v2,static,0.5566153846153846,1.0
manufacturing,KFC_v2,static,0.556923076923077,1.0
manufacturing,KFC_v2,static,0.5572307692307692,1.0
manufacturing,KFC_v2,static,0.5575384615384615,1.0
manufacturing,KFC_v2,static,0.5578461538461539,1.0
manufacturing,KFC_v2,static,0.5581538461538462,1.0
manufacturing,KFC_v2,static,0.5584615384615385,1.0
manufacturing,KFC_v2,static,0.5587692307692308,1.0
manufacturing,KFC_v2,static,0.5590769230769231,1.0
manufacturing,KFC_v2,static,0.5593846153846154,1.0
manufacturing,KFC_v2,static,0.5596923076923077,1.0
manufacturing,KFC_v2,static,0.56,1.0
manufacturing,KFC_v2,static,0.5603076923076923,1.0
manufacturing,KFC_v2,static,0.5606153846153846,1.0
manufacturing,KFC_v2,static,0.560923076923077,1.0
manufacturing,KFC_v2,static,0.5612307692307692,1.0
manufacturing,KFC_v2,static,0.5615384615384615,1.0
manufacturing,KFC_v2,static,0.5618461538461539,1.0
manufacturing,KFC_v2,static,0.5621538461538462,1.0
manufacturing,KFC_v2,static,0.5624615384615385,1.0
manufacturing,KFC_v2,static,0.5627692307692308,1.0
manufacturing,KFC_v2,static,0.5630769230769231,1.0
manufacturing,KFC_v2,static,0.5633846153846154,1.0
manufacturing,KFC_v2,static,0.5636923076923077,1.0
manufacturing,KFC_v2,static,0.5640000000000001,1.0
manufacturing,KFC_v2,static,0.5643076923076923,1.0
manufacturing,KFC_v2,static,0.5646153846153846,1.0
manufacturing,KFC_v2,static,0.564923076923077,1.0
manufacturing,KFC_v2,static,0.5652307692307692,1.0
manufacturing,KFC_v2,static,0.5655384615384615,1.0
manufacturing,KFC_v2,static,0.5658461538461539,1.0
manufacturing,KFC_v2,static,0.5661538461538461,1.0
manufacturing,KFC_v2,static,0.5664615384615385,1.0
manufacturing,KFC_v2,static,0.5667692307692308,1.0
manufacturing,KFC_v2,static,0.5670769230769231,1.0
manufacturing,KFC_v2,static,0.5673846153846154,1.0
manufacturing,KFC_v2,static,0.5676923076923077,1.0
manufacturing,KFC_v2,static,0.5680000000000001,1.0
manufacturing,KFC_v2,static,0.5683076923076923,1.0
manufacturing,KFC_v2,static,0.5686153846153846,1.0
manufacturing,KFC_v2,static,0.568923076923077,1.0
manufacturing,KFC_v2,static,0.5692307692307692,1.0
manufacturing,KFC_v2,static,0.5695384615384615,1.0
manufacturing,KFC_v2,static,0.5698461538461539,1.0
manufacturing,KFC_v2,static,0.5701538461538461,1.0
manufacturing,KFC_v2,static,0.5704615384615385,1.0
manufacturing,KFC_v2,static,0.5707692307692308,1.0
manufacturing,KFC_v2,static,0.5710769230769231,1.0
manufacturing,KFC_v2,static,0.5713846153846154,1.0
manufacturing,KFC_v2,static,0.5716923076923077,1.0
manufacturing,KFC_v2,static,0.5720000000000001,1.0
manufacturing,KFC_v2,static,0.5723076923076923,1.0
manufacturing,KFC_v2,static,0.5726153846153846,1.0
manufacturing,KFC_v2,static,0.572923076923077,1.0
manufacturing,KFC_v2,static,0.5732307692307692,1.0
manufacturing,KFC_v2,static,0.5735384615384616,1.0
manufacturing,KFC_v2,static,0.5738461538461539,1.0
manufacturing,KFC_v2,static,0.5741538461538461,1.0
manufacturing,KFC_v2,static,0.5744615384615385,1.0
manufacturing,KFC_v2,static,0.5747692307692308,1.0
manufacturing,KFC_v2,static,0.5750769230769232,1.0
manufacturing,KFC_v2,static,0.5753846153846154,1.0
manufacturing,KFC_v2,static,0.5756923076923077,1.0
manufacturing,KFC_v2,static,0.5760000000000001,1.0
manufacturing,KFC_v2,static,0.5763076923076923,1.0
manufacturing,KFC_v2,static,0.5766153846153846,1.0
manufacturing,KFC_v2,static,0.576923076923077,1.0
manufacturing,KFC_v2,static,0.5772307692307692,1.0
manufacturing,KFC_v2,static,0.5775384615384616,1.0
manufacturing,KFC_v2,static,0.5778461538461539,1.0
manufacturing,KFC_v2,static,0.5781538461538461,1.0
manufacturing,KFC_v2,static,0.5784615384615385,1.0
manufacturing,KFC_v2,static,0.5787692307692308,1.0
manufacturing,KFC_v2,static,0.579076923076923,1.0
manufacturing,KFC_v2,static,0.5793846153846154,1.0
manufacturing,KFC_v2,static,0.5796923076923077,1.0
manufacturing,KFC_v2,static,0.5800000000000001,1.0
manufacturing,KFC_v2,static,0.5803076923076923,1.0
manufacturing,KFC_v2,static,0.5806153846153846,1.0
manufacturing,KFC_v2,static,0.580923076923077,1.0
manufacturing,KFC_v2,static,0.5812307692307692,1.0
manufacturing,KFC_v2,static,0.5815384615384616,1.0
manufacturing,KFC_v2,static,0.5818461538461539,1.0
manufacturing,KFC_v2,static,0.5821538461538461,1.0
manufacturing,KFC_v2,static,0.5824615384615385,1.0
manufacturing,KFC_v2,static,0.5827692307692308,1.0
manufacturing,KFC_v2,static,0.583076923076923,1.0
manufacturing,KFC_v2,static,0.5833846153846154,1.0
manufacturing,KFC_v2,static,0.5836923076923077,1.0
manufacturing,KFC_v2,static,0.5840000000000001,1.0
manufacturing,KFC_v2,static,0.5843076923076923,1.0
manufacturing,KFC_v2,static,0.5846153846153846,1.0
manufacturing,KFC_v2,static,0.584923076923077,1.0
manufacturing,KFC_v2,static,0.5852307692307692,1.0
manufacturing,KFC_v2,static,0.5855384615384616,1.0
manufacturing,KFC_v2,static,0.5858461538461539,1.0
manufacturing,KFC_v2,static,0.5861538461538461,1.0
manufacturing,KFC_v2,static,0.5864615384615385,1.0
manufacturing,KFC_v2,static,0.5867692307692308,1.0
manufacturing,KFC_v2,static,0.587076923076923,1.0
manufacturing,KFC_v2,static,0.5873846153846154,1.0
manufacturing,KFC_v2,static,0.5876923076923077,1.0
manufacturing,KFC_v2,static,0.588,1.0
manufacturing,KFC_v2,static,0.5883076923076923,1.0
manufacturing,KFC_v2,static,0.5886153846153847,1.0
manufacturing,KFC_v2,static,0.588923076923077,1.0
manufacturing,KFC_v2,static,0.5892307692307692,1.0
manufacturing,KFC_v2,static,0.5895384615384616,1.0
manufacturing,KFC_v2,static,0.5898461538461539,1.0
manufacturing,KFC_v2,static,0.5901538461538461,1.0
manufacturing,KFC_v2,static,0.5904615384615385,1.0
manufacturing,KFC_v2,static,0.5907692307692308,1.0
manufacturing,KFC_v2,static,0.591076923076923,1.0
manufacturing,KFC_v2,static,0.5913846153846154,1.0
manufacturing,KFC_v2,static,0.5916923076923077,1.0
manufacturing,KFC_v2,static,0.592,1.0
manufacturing,KFC_v2,static,0.5923076923076923,1.0
manufacturing,KFC_v2,static,0.5926153846153847,1.0
manufacturing,KFC_v2,static,0.592923076923077,1.0
manufacturing,KFC_v2,static,0.5932307692307692,1.0
manufacturing,KFC_v2,static,0.5935384615384616,1.0
manufacturing,KFC_v2,static,0.5938461538461539,1.0
manufacturing,KFC_v2,static,0.5941538461538461,1.0
manufacturing,KFC_v2,static,0.5944615384615385,1.0
manufacturing,KFC_v2,static,0.5947692307692308,1.0
manufacturing,KFC_v2,static,0.5950769230769231,1.0
manufacturing,KFC_v2,static,0.5953846153846154,1.0
manufacturing,KFC_v2,static,0.5956923076923077,1.0
manufacturing,KFC_v2,static,0.596,1.0
manufacturing,KFC_v2,static,0.5963076923076923,1.0
manufacturing,KFC_v2,static,0.5966153846153847,1.0
manufacturing,KFC_v2,static,0.5969230769230769,1.0
manufacturing,KFC_v2,static,0.5972307692307692,1.0
manufacturing,KFC_v2,static,0.5975384615384616,1.0
manufacturing,KFC_v2,static,0.5978461538461539,1.0
manufacturing,KFC_v2,static,0.5981538461538461,1.0
manufacturing,KFC_v2,static,0.5984615384615385,1.0
manufacturing,KFC_v2,static,0.5987692307692308,1.0
manufacturing,KFC_v2,static,0.5990769230769231,1.0
manufacturing,KFC_v2,static,0.5993846153846154,1.0
manufacturing,KFC_v2,static,0.5996923076923077,1.0
manufacturing,KFC_v2,static,0.6,1.0
manufacturing,KFC_v2,static,0.6003076923076923,1.0
manufacturing,KFC_v2,static,0.6006153846153847,1.0
manufacturing,KFC_v2,static,0.6009230769230769,1.0
manufacturing,KFC_v2,static,0.6012307692307692,1.0
manufacturing,KFC_v2,static,0.6015384615384616,1.0
manufacturing,KFC_v2,static,0.6018461538461539,1.0
manufacturing,KFC_v2,static,0.6021538461538462,1.0
manufacturing,KFC_v2,static,0.6024615384615385,1.0
manufacturing,KFC_v2,static,0.6027692307692308,1.0
manufacturing,KFC_v2,static,0.6030769230769231,1.0
manufacturing,KFC_v2,static,0.6033846153846154,1.0
manufacturing,KFC_v2,static,0.6036923076923078,1.0
manufacturing,KFC_v2,static,0.604,1.0
manufacturing,KFC_v2,static,0.6043076923076923,1.0
manufacturing,KFC_v2,static,0.6046153846153847,1.0
manufacturing,KFC_v2,static,0.6049230769230769,1.0
manufacturing,KFC_v2,static,0.6052307692307692,1.0
manufacturing,KFC_v2,static,0.6055384615384616,1.0
manufacturing,KFC_v2,static,0.6058461538461538,1.0
manufacturing,KFC_v2,static,0.6061538461538462,1.0
manufacturing,KFC_v2,static,0.6064615384615385,1.0
manufacturing,KFC_v2,static,0.6067692307692308,1.0
manufacturing,KFC_v2,static,0.6070769230769231,1.0
manufacturing,KFC_v2,static,0.6073846153846154,1.0
manufacturing,KFC_v2,static,0.6076923076923078,1.0
manufacturing,KFC_v2,static,0.608,1.0
manufacturing,KFC_v2,static,0.6083076923076923,1.0
manufacturing,KFC_v2,static,0.6086153846153847,1.0
manufacturing,KFC_v2,static,0.6089230769230769,1.0
manufacturing,KFC_v2,static,0.6092307692307692,1.0
manufacturing,KFC_v2,static,0.6095384615384616,1.0
manufacturing,KFC_v2,static,0.6098461538461538,1.0
manufacturing,KFC_v2,static,0.6101538461538462,1.0
manufacturing,KFC_v2,static,0.6104615384615385,1.0
manufacturing,KFC_v2,static,0.6107692307692308,1.0
manufacturing,KFC_v2,static,0.6110769230769231,1.0
manufacturing,KFC_v2,static,0.6113846153846154,1.0
manufacturing,KFC_v2,static,0.6116923076923078,1.0
manufacturing,KFC_v2,static,0.612,1.0
manufacturing,KFC_v2,static,0.6123076923076923,1.0
manufacturing,KFC_v2,static,0.6126153846153847,1.0
manufacturing,KFC_v2,static,0.6129230769230769,1.0
manufacturing,KFC_v2,static,0.6132307692307692,1.0
manufacturing,KFC_v2,static,0.6135384615384616,1.0
manufacturing,KFC_v2,static,0.6138461538461538,1.0
manufacturing,KFC_v2,static,0.6141538461538462,1.0
manufacturing,KFC_v2,static,0.6144615384615385,1.0
manufacturing,KFC_v2,static,0.6147692307692308,1.0
manufacturing,KFC_v2,static,0.6150769230769231,1.0
manufacturing,KFC_v2,static,0.6153846153846154,1.0
manufacturing,KFC_v2,static,0.6156923076923078,1.0
manufacturing,KFC_v2,static,0.616,1.0
manufacturing,KFC_v2,static,0.6163076923076923,1.0
manufacturing,KFC_v2,static,0.6166153846153847,1.0
manufacturing,KFC_v2,static,0.6169230769230769,1.0
manufacturing,KFC_v2,static,0.6172307692307692,1.0
manufacturing,KFC_v2,static,0.6175384615384616,1.0
manufacturing,KFC_v2,static,0.6178461538461538,1.0
manufacturing,KFC_v2,static,0.6181538461538462,1.0
manufacturing,KFC_v2,static,0.6184615384615385,1.0
manufacturing,KFC_v2,static,0.6187692307692307,1.0
manufacturing,KFC_v2,static,0.6190769230769231,1.0
manufacturing,KFC_v2,static,0.6193846153846154,1.0
manufacturing,KFC_v2,static,0.6196923076923078,1.0
manufacturing,KFC_v2,static,0.62,1.0
manufacturing,KFC_v2,static,0.6203076923076923,1.0
manufacturing,KFC_v2,static,0.6206153846153847,1.0
manufacturing,KFC_v2,static,0.6209230769230769,1.0
manufacturing,KFC_v2,static,0.6212307692307693,1.0
manufacturing,KFC_v2,static,0.6215384615384616,1.0
manufacturing,KFC_v2,static,0.6218461538461538,1.0
manufacturing,KFC_v2,static,0.6221538461538462,1.0
manufacturing,KFC_v2,static,0.6224615384615385,1.0
manufacturing,KFC_v2,static,0.6227692307692307,1.0
manufacturing,KFC_v2,static,0.6230769230769231,1.0
manufacturing,KFC_v2,static,0.6233846153846154,1.0
manufacturing,KFC_v2,static,0.6236923076923078,1.0
manufacturing,KFC_v2,static,0.624,1.0
manufacturing,KFC_v2,static,0.6243076923076923,1.0
manufacturing,KFC_v2,static,0.6246153846153847,1.0
manufacturing,KFC_v2,static,0.6249230769230769,1.0
manufacturing,KFC_v2,static,0.6252307692307693,1.0
manufacturing,KFC_v2,static,0.6255384615384616,1.0
manufacturing,KFC_v2,static,0.6258461538461538,1.0
manufacturing,KFC_v2,static,0.6261538461538462,1.0
manufacturing,KFC_v2,static,0.6264615384615385,1.0
manufacturing,KFC_v2,static,0.6267692307692307,1.0
manufacturing,KFC_v2,static,0.6270769230769231,1.0
manufacturing,KFC_v2,static,0.6273846153846154,1.0
manufacturing,KFC_v2,static,0.6276923076923077,1.0
manufacturing,KFC_v2,static,0.628,1.0
manufacturing,KFC_v2,static,0.6283076923076923,1.0
manufacturing,KFC_v2,static,0.6286153846153847,1.0
manufacturing,KFC_v2,static,0.6289230769230769,1.0
manufacturing,KFC_v2,static,0.6292307692307693,1.0
manufacturing,KFC_v2,static,0.6295384615384616,1.0
manufacturing,KFC_v2,static,0.6298461538461538,1.0
manufacturing,KFC_v2,static,0.6301538461538462,1.0
manufacturing,KFC_v2,static,0.6304615384615385,1.0
manufacturing,KFC_v2,static,0.6307692307692307,1.0
manufacturing,KFC_v2,static,0.6310769230769231,1.0
manufacturing,KFC_v2,static,0.6313846153846154,1.0
manufacturing,KFC_v2,static,0.6316923076923077,1.0
manufacturing,KFC_v2,static,0.632,1.0
manufacturing,KFC_v2,static,0.6323076923076923,1.0
manufacturing,KFC_v2,static,0.6326153846153847,1.0
manufacturing,KFC_v2,static,0.6329230769230769,1.0
manufacturing,KFC_v2,static,0.6332307692307693,1.0
manufacturing,KFC_v2,static,0.6335384615384616,1.0
manufacturing,KFC_v2,static,0.6338461538461538,1.0
manufacturing,KFC_v2,static,0.6341538461538462,1.0
manufacturing,KFC_v2,static,0.6344615384615385,1.0
manufacturing,KFC_v2,static,0.6347692307692308,1.0
manufacturing,KFC_v2,static,0.6350769230769231,1.0
manufacturing,KFC_v2,static,0.6353846153846154,1.0
manufacturing,KFC_v2,static,0.6356923076923077,1.0
manufacturing,KFC_v2,static,0.636,1.0
manufacturing,KFC_v2,static,0.6363076923076924,1.0
manufacturing,KFC_v2,static,0.6366153846153846,1.0
manufacturing,KFC_v2,static,0.6369230769230769,1.0
manufacturing,KFC_v2,static,0.6372307692307693,1.0
manufacturing,KFC_v2,static,0.6375384615384616,1.0
manufacturing,KFC_v2,static,0.6378461538461538,1.0
manufacturing,KFC_v2,static,0.6381538461538462,1.0
manufacturing,KFC_v2,static,0.6384615384615385,1.0
manufacturing,KFC_v2,static,0.6387692307692308,1.0
manufacturing,KFC_v2,static,0.6390769230769231,1.0
manufacturing,KFC_v2,static,0.6393846153846154,1.0
manufacturing,KFC_v2,static,0.6396923076923077,1.0
manufacturing,KFC_v2,static,0.64,1.0
manufacturing,KFC_v2,static,0.6403076923076924,1.0
manufacturing,KFC_v2,static,0.6406153846153846,1.0
manufacturing,KFC_v2,static,0.6409230769230769,1.0
manufacturing,KFC_v2,static,0.6412307692307693,1.0
manufacturing,KFC_v2,static,0.6415384615384616,1.0
manufacturing,KFC_v2,static,0.6418461538461538,1.0
manufacturing,KFC_v2,static,0.6421538461538462,1.0
manufacturing,KFC_v2,static,0.6424615384615385,1.0
manufacturing,KFC_v2,static,0.6427692307692308,1.0
manufacturing,KFC_v2,static,0.6430769230769231,1.0
manufacturing,KFC_v2,static,0.6433846153846154,1.0
manufacturing,KFC_v2,static,0.6436923076923077,1.0
manufacturing,KFC_v2,static,0.644,1.0
manufacturing,KFC_v2,static,0.6443076923076924,1.0
manufacturing,KFC_v2,static,0.6446153846153846,1.0
manufacturing,KFC_v2,static,0.6449230769230769,1.0
manufacturing,KFC_v2,static,0.6452307692307693,1.0
manufacturing,KFC_v2,static,0.6455384615384615,1.0
manufacturing,KFC_v2,static,0.6458461538461538,1.0
manufacturing,KFC_v2,static,0.6461538461538462,1.0
manufacturing,KFC_v2,static,0.6464615384615385,1.0
manufacturing,KFC_v2,static,0.6467692307692308,1.0
manufacturing,KFC_v2,static,0.6470769230769231,1.0
manufacturing,KFC_v2,static,0.6473846153846154,1.0
manufacturing,KFC_v2,static,0.6476923076923077,1.0
manufacturing,KFC_v2,static,0.648,1.0
manufacturing,KFC_v2,static,0.6483076923076924,1.0
manufacturing,KFC_v2,static,0.6486153846153846,1.0
manufacturing,KFC_v2,static,0.6489230769230769,1.0
manufacturing,KFC_v2,static,0.6492307692307693,1.0
manufacturing,KFC_v2,static,0.6495384615384615,1.0
manufacturing,KFC_v2,static,0.6498461538461539,1.0
manufacturing,KFC_v2,static,0.6501538461538462,1.0
manufacturing,KFC_v2,static,0.6504615384615385,1.0
manufacturing,KFC_v2,static,0.6507692307692308,1.0
manufacturing,KFC_v2,static,0.6510769230769231,1.0
manufacturing,KFC_v2,static,0.6513846153846155,1.0
manufacturing,KFC_v2,static,0.6516923076923077,1.0
manufacturing,KFC_v2,static,0.652,1.0
manufacturing,KFC_v2,static,0.6523076923076924,1.0
manufacturing,KFC_v2,static,0.6526153846153846,1.0
manufacturing,KFC_v2,static,0.6529230769230769,1.0
manufacturing,KFC_v2,static,0.6532307692307693,1.0
manufacturing,KFC_v2,static,0.6535384615384615,1.0
manufacturing,KFC_v2,static,0.6538461538461539,1.0
manufacturing,KFC_v2,static,0.6541538461538462,1.0
manufacturing,KFC_v2,static,0.6544615384615385,1.0
manufacturing,KFC_v2,static,0.6547692307692308,1.0
manufacturing,KFC_v2,static,0.6550769230769231,1.0
manufacturing,KFC_v2,static,0.6553846153846155,1.0
manufacturing,KFC_v2,static,0.6556923076923077,1.0
manufacturing,KFC_v2,static,0.656,1.0
manufacturing,KFC_v2,static,0.6563076923076924,1.0
manufacturing,KFC_v2,static,0.6566153846153846,1.0
manufacturing,KFC_v2,static,0.6569230769230769,1.0
manufacturing,KFC_v2,static,0.6572307692307693,1.0
manufacturing,KFC_v2,static,0.6575384615384615,1.0
manufacturing,KFC_v2,static,0.6578461538461539,1.0
manufacturing,KFC_v2,static,0.6581538461538462,1.0
manufacturing,KFC_v2,static,0.6584615384615384,1.0
manufacturing,KFC_v2,static,0.6587692307692308,1.0
manufacturing,KFC_v2,static,0.6590769230769231,1.0
manufacturing,KFC_v2,static,0.6593846153846155,1.0
manufacturing,KFC_v2,static,0.6596923076923077,1.0
manufacturing,KFC_v2,static,0.66,1.0
manufacturing,KFC_v2,static,0.6603076923076924,0.8383233532934131
manufacturing,KFC_v2,static,0.6606153846153846,0.437125748502994
manufacturing,KFC_v2,static,0.660923076923077,0.437125748502994
manufacturing,KFC_v2,static,0.6612307692307693,0.40119760479041916
manufacturing,KFC_v2,static,0.6615384615384615,0.40119760479041916
manufacturing,KFC_v2,static,0.6618461538461539,0.23353293413173654
manufacturing,KFC_v2,static,0.6621538461538462,0.23353293413173654
manufacturing,KFC_v2,static,0.6624615384615384,0.23353293413173654
manufacturing,KFC_v2,static,0.6627692307692308,0.23353293413173654
manufacturing,KFC_v2,static,0.6630769230769231,0.23353293413173654
manufacturing,KFC_v2,static,0.6633846153846155,0.23353293413173654
manufacturing,KFC_v2,static,0.6636923076923077,0.2275449101796407
manufacturing,KFC_v2,static,0.664,0.2215568862275449
manufacturing,KFC_v2,static,0.6643076923076924,0.2155688622754491
manufacturing,KFC_v2,static,0.6646153846153846,0.2155688622754491
manufacturing,KFC_v2,static,0.664923076923077,0.2155688622754491
manufacturing,KFC_v2,static,0.6652307692307693,0.2155688622754491
manufacturing,KFC_v2,static,0.6655384615384615,0.2155688622754491
manufacturing,KFC_v2,static,0.6658461538461539,0.2155688622754491
manufacturing,KFC_v2,static,0.6661538461538462,0.20958083832335328
manufacturing,KFC_v2,static,0.6664615384615384,0.20958083832335328
manufacturing,KFC_v2,static,0.6667692307692308,0.20958083832335328
manufacturing,KFC_v2,static,0.6670769230769231,0.20958083832335328
manufacturing,KFC_v2,static,0.6673846153846154,0.20958083832335328
manufacturing,KFC_v2,static,0.6676923076923077,0.20958083832335328
manufacturing,KFC_v2,static,0.668,0.20958083832335328
manufacturing,KFC_v2,static,0.6683076923076924,0.20958083832335328
manufacturing,KFC_v2,static,0.6686153846153846,0.20958083832335328
manufacturing,KFC_v2,static,0.668923076923077,0.20958083832335328
manufacturing,KFC_v2,static,0.6692307692307693,0.20958083832335328
manufacturing,KFC_v2,static,0.6695384615384615,0.20958083832335328
manufacturing,KFC_v2,static,0.6698461538461539,0.20958083832335328
manufacturing,KFC_v2,static,0.6701538461538462,0.20958083832335328
manufacturing,KFC_v2,static,0.6704615384615384,0.20958083832335328
manufacturing,KFC_v2,static,0.6707692307692308,0.20958083832335328
manufacturing,KFC_v2,static,0.6710769230769231,0.20958083832335328
manufacturing,KFC_v2,static,0.6713846153846154,0.20958083832335328
manufacturing,KFC_v2,static,0.6716923076923077,0.20958083832335328
manufacturing,KFC_v2,static,0.672,0.20958083832335328
manufacturing,KFC_v2,static,0.6723076923076924,0.20958083832335328
manufacturing,KFC_v2,static,0.6726153846153846,0.20958083832335328
manufacturing,KFC_v2,static,0.672923076923077,0.20958083832335328
manufacturing,KFC_v2,static,0.6732307692307693,0.20958083832335328
manufacturing,KFC_v2,static,0.6735384615384615,0.20958083832335328
manufacturing,KFC_v2,static,0.6738461538461539,0.20958083832335328
manufacturing,KFC_v2,static,0.6741538461538462,0.20958083832335328
manufacturing,KFC_v2,static,0.6744615384615384,0.20958083832335328
manufacturing,KFC_v2,static,0.6747692307692308,0.20958083832335328
manufacturing,KFC_v2,static,0.6750769230769231,0.20958083832335328
manufacturing,KFC_v2,static,0.6753846153846154,0.20958083832335328
manufacturing,KFC_v2,static,0.6756923076923077,0.20958083832335328
manufacturing,KFC_v2,static,0.676,0.20958083832335328
manufacturing,KFC_v2,static,0.6763076923076923,0.20958083832335328
manufacturing,KFC_v2,static,0.6766153846153846,0.20958083832335328
manufacturing,KFC_v2,static,0.676923076923077,0.20958083832335328
manufacturing,KFC_v2,static,0.6772307692307693,0.20958083832335328
manufacturing,KFC_v2,static,0.6775384615384615,0.20958083832335328
manufacturing,KFC_v2,static,0.6778461538461539,0.20958083832335328
manufacturing,KFC_v2,static,0.6781538461538462,0.20958083832335328
manufacturing,KFC_v2,static,0.6784615384615384,0.20958083832335328
manufacturing,KFC_v2,static,0.6787692307692308,0.20958083832335328
manufacturing,KFC_v2,static,0.6790769230769231,0.20958083832335328
manufacturing,KFC_v2,static,0.6793846153846154,0.20958083832335328
manufacturing,KFC_v2,static,0.6796923076923077,0.20958083832335328
manufacturing,KFC_v2,static,0.68,0.20958083832335328
manufacturing,KFC_v2,static,0.6803076923076923,0.20958083832335328
manufacturing,KFC_v2,static,0.6806153846153846,0.20958083832335328
manufacturing,KFC_v2,static,0.680923076923077,0.20958083832335328
manufacturing,KFC_v2,static,0.6812307692307693,0.20958083832335328
manufacturing,KFC_v2,static,0.6815384615384615,0.20958083832335328
manufacturing,KFC_v2,static,0.6818461538461539,0.20958083832335328
manufacturing,KFC_v2,static,0.6821538461538462,0.20958083832335328
manufacturing,KFC_v2,static,0.6824615384615385,0.20958083832335328
manufacturing,KFC_v2,static,0.6827692307692308,0.20958083832335328
manufacturing,KFC_v2,static,0.6830769230769231,0.20958083832335328
manufacturing,KFC_v2,static,0.6833846153846154,0.20958083832335328
manufacturing,KFC_v2,static,0.6836923076923077,0.20958083832335328
manufacturing,KFC_v2,static,0.684,0.20958083832335328
manufacturing,KFC_v2,static,0.6843076923076923,0.20958083832335328
manufacturing,KFC_v2,static,0.6846153846153846,0.20958083832335328
manufacturing,KFC_v2,static,0.684923076923077,0.20958083832335328
manufacturing,KFC_v2,static,0.6852307692307692,0.20958083832335328
manufacturing,KFC_v2,static,0.6855384615384615,0.20958083832335328
manufacturing,KFC_v2,static,0.6858461538461539,0.20958083832335328
manufacturing,KFC_v2,static,0.6861538461538462,0.20958083832335328
manufacturing,KFC_v2,static,0.6864615384615385,0.20958083832335328
manufacturing,KFC_v2,static,0.6867692307692308,0.20958083832335328
manufacturing,KFC_v2,static,0.6870769230769231,0.20958083832335328
manufacturing,KFC_v2,static,0.6873846153846154,0.20958083832335328
manufacturing,KFC_v2,static,0.6876923076923077,0.20958083832335328
manufacturing,KFC_v2,static,0.6880000000000001,0.20958083832335328
manufacturing,KFC_v2,static,0.6883076923076923,0.20958083832335328
manufacturing,KFC_v2,static,0.6886153846153846,0.20958083832335328
manufacturing,KFC_v2,static,0.688923076923077,0.20958083832335328
manufacturing,KFC_v2,static,0.6892307692307692,0.20958083832335328
manufacturing,KFC_v2,static,0.6895384615384615,0.20958083832335328
manufacturing,KFC_v2,static,0.6898461538461539,0.20958083832335328
manufacturing,KFC_v2,static,0.6901538461538462,0.20958083832335328
manufacturing,KFC_v2,static,0.6904615384615385,0.20958083832335328
manufacturing,KFC_v2,static,0.6907692307692308,0.20958083832335328
manufacturing,KFC_v2,static,0.6910769230769231,0.20958083832335328
manufacturing,KFC_v2,static,0.6913846153846154,0.20958083832335328
manufacturing,KFC_v2,static,0.6916923076923077,0.20958083832335328
manufacturing,KFC_v2,static,0.6920000000000001,0.20958083832335328
manufacturing,KFC_v2,static,0.6923076923076923,0.20958083832335328
manufacturing,KFC_v2,static,0.6926153846153846,0.20958083832335328
manufacturing,KFC_v2,static,0.692923076923077,0.20958083832335328
manufacturing,KFC_v2,static,0.6932307692307692,0.20958083832335328
manufacturing,KFC_v2,static,0.6935384615384615,0.20958083832335328
manufacturing,KFC_v2,static,0.6938461538461539,0.20958083832335328
manufacturing,KFC_v2,static,0.6941538461538462,0.20958083832335328
manufacturing,KFC_v2,static,0.6944615384615385,0.20958083832335328
manufacturing,KFC_v2,static,0.6947692307692308,0.20958083832335328
manufacturing,KFC_v2,static,0.6950769230769231,0.20958083832335328
manufacturing,KFC_v2,static,0.6953846153846154,0.20958083832335328
manufacturing,KFC_v2,static,0.6956923076923077,0.20958083832335328
manufacturing,KFC_v2,static,0.6960000000000001,0.20958083832335328
manufacturing,KFC_v2,static,0.6963076923076923,0.20958083832335328
manufacturing,KFC_v2,static,0.6966153846153846,0.20958083832335328
manufacturing,KFC_v2,static,0.696923076923077,0.20958083832335328
manufacturing,KFC_v2,static,0.6972307692307692,0.20958083832335328
manufacturing,KFC_v2,static,0.6975384615384616,0.20958083832335328
manufacturing,KFC_v2,static,0.6978461538461539,0.20958083832335328
manufacturing,KFC_v2,static,0.6981538461538461,0.20958083832335328
manufacturing,KFC_v2,static,0.6984615384615385,0.20958083832335328
manufacturing,KFC_v2,static,0.6987692307692308,0.20958083832335328
manufacturing,KFC_v2,static,0.6990769230769232,0.20958083832335328
manufacturing,KFC_v2,static,0.6993846153846154,0.20958083832335328
manufacturing,KFC_v2,static,0.6996923076923077,0.20958083832335328
manufacturing,KFC_v2,static,0.7000000000000001,0.20958083832335328
manufacturing,KFC_v2,static,0.7003076923076923,0.20958083832335328
manufacturing,KFC_v2,static,0.7006153846153846,0.20958083832335328
manufacturing,KFC_v2,static,0.700923076923077,0.20958083832335328
manufacturing,KFC_v2,static,0.7012307692307692,0.20958083832335328
manufacturing,KFC_v2,static,0.7015384615384616,0.20958083832335328
manufacturing,KFC_v2,static,0.7018461538461539,0.20958083832335328
manufacturing,KFC_v2,static,0.7021538461538461,0.20958083832335328
manufacturing,KFC_v2,static,0.7024615384615385,0.20958083832335328
manufacturing,KFC_v2,static,0.7027692307692308,0.20958083832335328
manufacturing,KFC_v2,static,0.7030769230769232,0.20958083832335328
manufacturing,KFC_v2,static,0.7033846153846154,0.20958083832335328
manufacturing,KFC_v2,static,0.7036923076923077,0.20958083832335328
manufacturing,KFC_v2,static,0.7040000000000001,0.20958083832335328
manufacturing,KFC_v2,static,0.7043076923076923,0.20958083832335328
manufacturing,KFC_v2,static,0.7046153846153846,0.20958083832335328
manufacturing,KFC_v2,static,0.704923076923077,0.20958083832335328
manufacturing,KFC_v2,static,0.7052307692307692,0.20958083832335328
manufacturing,KFC_v2,static,0.7055384615384616,0.20958083832335328
manufacturing,KFC_v2,static,0.7058461538461539,0.20958083832335328
manufacturing,KFC_v2,static,0.7061538461538461,0.20958083832335328
manufacturing,KFC_v2,static,0.7064615384615385,0.20958083832335328
manufacturing,KFC_v2,static,0.7067692307692308,0.20958083832335328
manufacturing,KFC_v2,static,0.707076923076923,0.20958083832335328
manufacturing,KFC_v2,static,0.7073846153846154,0.20958083832335328
manufacturing,KFC_v2,static,0.7076923076923077,0.20958083832335328
manufacturing,KFC_v2,static,0.7080000000000001,0.20958083832335328
manufacturing,KFC_v2,static,0.7083076923076923,0.20958083832335328
manufacturing,KFC_v2,static,0.7086153846153846,0.20958083832335328
manufacturing,KFC_v2,static,0.708923076923077,0.20958083832335328
manufacturing,KFC_v2,static,0.7092307692307692,0.20958083832335328
manufacturing,KFC_v2,static,0.7095384615384616,0.20958083832335328
manufacturing,KFC_v2,static,0.7098461538461539,0.20958083832335328
manufacturing,KFC_v2,static,0.7101538461538461,0.20958083832335328
manufacturing,KFC_v2,static,0.7104615384615385,0.20958083832335328
manufacturing,KFC_v2,static,0.7107692307692308,0.20958083832335328
manufacturing,KFC_v2,static,0.711076923076923,0.20958083832335328
manufacturing,KFC_v2,static,0.7113846153846154,0.20958083832335328
manufacturing,KFC_v2,static,0.7116923076923077,0.20958083832335328
manufacturing,KFC_v2,static,0.7120000000000001,0.20958083832335328
manufacturing,KFC_v2,static,0.7123076923076923,0.20958083832335328
manufacturing,KFC_v2,static,0.7126153846153847,0.20958083832335328
manufacturing,KFC_v2,static,0.712923076923077,0.20958083832335328
manufacturing,KFC_v2,static,0.7132307692307692,0.20958083832335328
manufacturing,KFC_v2,static,0.7135384615384616,0.20958083832335328
manufacturing,KFC_v2,static,0.7138461538461539,0.20958083832335328
manufacturing,KFC_v2,static,0.7141538461538461,0.20958083832335328
manufacturing,KFC_v2,static,0.7144615384615385,0.20958083832335328
manufacturing,KFC_v2,static,0.7147692307692308,0.20958083832335328
manufacturing,KFC_v2,static,0.715076923076923,0.20958083832335328
manufacturing,KFC_v2,static,0.7153846153846154,0.20958083832335328
manufacturing,KFC_v2,static,0.7156923076923077,0.20958083832335328
manufacturing,KFC_v2,static,0.716,0.20958083832335328
manufacturing,KFC_v2,static,0.7163076923076923,0.20958083832335328
manufacturing,KFC_v2,static,0.7166153846153847,0.20958083832335328
manufacturing,KFC_v2,static,0.716923076923077,0.20958083832335328
manufacturing,KFC_v2,static,0.7172307692307692,0.20958083832335328
manufacturing,KFC_v2,static,0.7175384615384616,0.20958083832335328
manufacturing,KFC_v2,static,0.7178461538461539,0.20958083832335328
manufacturing,KFC_v2,static,0.7181538461538461,0.20958083832335328
manufacturing,KFC_v2,static,0.7184615384615385,0.20958083832335328
manufacturing,KFC_v2,static,0.7187692307692308,0.20958083832335328
manufacturing,KFC_v2,static,0.7190769230769231,0.20958083832335328
manufacturing,KFC_v2,static,0.7193846153846154,0.20958083832335328
manufacturing,KFC_v2,static,0.7196923076923077,0.20958083832335328
manufacturing,KFC_v2,static,0.72,0.20958083832335328
manufacturing,KFC_v2,static,0.7203076923076923,0.20958083832335328
manufacturing,KFC_v2,static,0.7206153846153847,0.20958083832335328
manufacturing,KFC_v2,static,0.720923076923077,0.20958083832335328
manufacturing,KFC_v2,static,0.7212307692307692,0.20958083832335328
manufacturing,KFC_v2,static,0.7215384615384616,0.20958083832335328
manufacturing,KFC_v2,static,0.7218461538461539,0.20958083832335328
manufacturing,KFC_v2,static,0.7221538461538461,0.20958083832335328
manufacturing,KFC_v2,static,0.7224615384615385,0.20958083832335328
manufacturing,KFC_v2,static,0.7227692307692308,0.20958083832335328
manufacturing,KFC_v2,static,0.7230769230769231,0.20958083832335328
manufacturing,KFC_v2,static,0.7233846153846154,0.20958083832335328
manufacturing,KFC_v2,static,0.7236923076923077,0.20958083832335328
manufacturing,KFC_v2,static,0.724,0.20958083832335328
manufacturing,KFC_v2,static,0.7243076923076923,0.20958083832335328
manufacturing,KFC_v2,static,0.7246153846153847,0.20958083832335328
manufacturing,KFC_v2,static,0.724923076923077,0.20958083832335328
manufacturing,KFC_v2,static,0.7252307692307692,0.20958083832335328
manufacturing,KFC_v2,static,0.7255384615384616,0.20958083832335328
manufacturing,KFC_v2,static,0.7258461538461539,0.20958083832335328
manufacturing,KFC_v2,static,0.7261538461538461,0.20958083832335328
manufacturing,KFC_v2,static,0.7264615384615385,0.20958083832335328
manufacturing,KFC_v2,static,0.7267692307692308,0.20958083832335328
manufacturing,KFC_v2,static,0.7270769230769231,0.20958083832335328
manufacturing,KFC_v2,static,0.7273846153846154,0.20958083832335328
manufacturing,KFC_v2,static,0.7276923076923077,0.20958083832335328
manufacturing,KFC_v2,static,0.728,0.20958083832335328
manufacturing,KFC_v2,static,0.7283076923076923,0.20958083832335328
manufacturing,KFC_v2,static,0.7286153846153847,0.20958083832335328
manufacturing,KFC_v2,static,0.7289230769230769,0.20958083832335328
manufacturing,KFC_v2,static,0.7292307692307692,0.20958083832335328
manufacturing,KFC_v2,static,0.7295384615384616,0.20958083832335328
manufacturing,KFC_v2,static,0.7298461538461539,0.20958083832335328
manufacturing,KFC_v2,static,0.7301538461538462,0.20958083832335328
manufacturing,KFC_v2,static,0.7304615384615385,0.20958083832335328
manufacturing,KFC_v2,static,0.7307692307692308,0.20958083832335328
manufacturing,KFC_v2,static,0.7310769230769231,0.20958083832335328
manufacturing,KFC_v2,static,0.7313846153846154,0.20958083832335328
manufacturing,KFC_v2,static,0.7316923076923078,0.20958083832335328
manufacturing,KFC_v2,static,0.732,0.20958083832335328
manufacturing,KFC_v2,static,0.7323076923076923,0.20958083832335328
manufacturing,KFC_v2,static,0.7326153846153847,0.20958083832335328
manufacturing,KFC_v2,static,0.7329230769230769,0.20958083832335328
manufacturing,KFC_v2,static,0.7332307692307692,0.20958083832335328
manufacturing,KFC_v2,static,0.7335384615384616,0.20958083832335328
manufacturing,KFC_v2,static,0.7338461538461539,0.20958083832335328
manufacturing,KFC_v2,static,0.7341538461538462,0.20958083832335328
manufacturing,KFC_v2,static,0.7344615384615385,0.20958083832335328
manufacturing,KFC_v2,static,0.7347692307692308,0.20958083832335328
manufacturing,KFC_v2,static,0.7350769230769231,0.20958083832335328
manufacturing,KFC_v2,static,0.7353846153846154,0.20958083832335328
manufacturing,KFC_v2,static,0.7356923076923078,0.20958083832335328
manufacturing,KFC_v2,static,0.736,0.20958083832335328
manufacturing,KFC_v2,static,0.7363076923076923,0.20958083832335328
manufacturing,KFC_v2,static,0.7366153846153847,0.20958083832335328
manufacturing,KFC_v2,static,0.7369230769230769,0.20958083832335328
manufacturing,KFC_v2,static,0.7372307692307692,0.20958083832335328
manufacturing,KFC_v2,static,0.7375384615384616,0.20958083832335328
manufacturing,KFC_v2,static,0.7378461538461538,0.20958083832335328
manufacturing,KFC_v2,static,0.7381538461538462,0.20359281437125748
manufacturing,KFC_v2,static,0.7384615384615385,0.20359281437125748
manufacturing,KFC_v2,static,0.7387692307692308,0.20359281437125748
manufacturing,KFC_v2,static,0.7390769230769231,0.20359281437125748
manufacturing,KFC_v2,static,0.7393846153846154,0.20359281437125748
manufacturing,KFC_v2,static,0.7396923076923078,0.20359281437125748
manufacturing,KFC_v2,static,0.74,0.20359281437125748
manufacturing,KFC_v2,static,0.7403076923076923,0.20359281437125748
manufacturing,KFC_v2,static,0.7406153846153847,0.20359281437125748
manufacturing,KFC_v2,static,0.7409230769230769,0.20359281437125748
manufacturing,KFC_v2,static,0.7412307692307692,0.20359281437125748
manufacturing,KFC_v2,static,0.7415384615384616,0.20359281437125748
manufacturing,KFC_v2,static,0.7418461538461538,0.20359281437125748
manufacturing,KFC_v2,static,0.7421538461538462,0.20359281437125748
manufacturing,KFC_v2,static,0.7424615384615385,0.20359281437125748
manufacturing,KFC_v2,static,0.7427692307692308,0.20359281437125748
manufacturing,KFC_v2,static,0.7430769230769231,0.20359281437125748
manufacturing,KFC_v2,static,0.7433846153846154,0.20359281437125748
manufacturing,KFC_v2,static,0.7436923076923078,0.20359281437125748
manufacturing,KFC_v2,static,0.744,0.20359281437125748
manufacturing,KFC_v2,static,0.7443076923076923,0.20359281437125748
manufacturing,KFC_v2,static,0.7446153846153847,0.20359281437125748
manufacturing,KFC_v2,static,0.7449230769230769,0.20359281437125748
manufacturing,KFC_v2,static,0.7452307692307693,0.20359281437125748
manufacturing,KFC_v2,static,0.7455384615384616,0.20359281437125748
manufacturing,KFC_v2,static,0.7458461538461538,0.20359281437125748
manufacturing,KFC_v2,static,0.7461538461538462,0.19760479041916168
manufacturing,KFC_v2,static,0.7464615384615385,0.19760479041916168
manufacturing,KFC_v2,static,0.7467692307692307,0.19760479041916168
manufacturing,KFC_v2,static,0.7470769230769231,0.19760479041916168
manufacturing,KFC_v2,static,0.7473846153846154,0.19760479041916168
manufacturing,KFC_v2,static,0.7476923076923078,0.19760479041916168
manufacturing,KFC_v2,static,0.748,0.19760479041916168
manufacturing,KFC_v2,static,0.7483076923076923,0.19760479041916168
manufacturing,KFC_v2,static,0.7486153846153847,0.19760479041916168
manufacturing,KFC_v2,static,0.7489230769230769,0.19760479041916168
manufacturing,KFC_v2,static,0.7492307692307693,0.19760479041916168
manufacturing,KFC_v2,static,0.7495384615384616,0.19760479041916168
manufacturing,KFC_v2,static,0.7498461538461538,0.19760479041916168
manufacturing,KFC_v2,static,0.7501538461538462,0.19760479041916168
manufacturing,KFC_v2,static,0.7504615384615385,0.19760479041916168
manufacturing,KFC_v2,static,0.7507692307692307,0.19760479041916168
manufacturing,KFC_v2,static,0.7510769230769231,0.19760479041916168
manufacturing,KFC_v2,static,0.7513846153846154,0.19760479041916168
manufacturing,KFC_v2,static,0.7516923076923078,0.19760479041916168
manufacturing,KFC_v2,static,0.752,0.19760479041916168
manufacturing,KFC_v2,static,0.7523076923076923,0.19760479041916168
manufacturing,KFC_v2,static,0.7526153846153847,0.19760479041916168
manufacturing,KFC_v2,static,0.7529230769230769,0.19760479041916168
manufacturing,KFC_v2,static,0.7532307692307693,0.19760479041916168
manufacturing,KFC_v2,static,0.7535384615384616,0.19760479041916168
manufacturing,KFC_v2,static,0.7538461538461538,0.19760479041916168
manufacturing,KFC_v2,static,0.7541538461538462,0.19760479041916168
manufacturing,KFC_v2,static,0.7544615384615385,0.19760479041916168
manufacturing,KFC_v2,static,0.7547692307692307,0.19760479041916168
manufacturing,KFC_v2,static,0.7550769230769231,0.19760479041916168
manufacturing,KFC_v2,static,0.7553846153846154,0.19760479041916168
manufacturing,KFC_v2,static,0.7556923076923077,0.19760479041916168
manufacturing,KFC_v2,static,0.756,0.19760479041916168
manufacturing,KFC_v2,static,0.7563076923076923,0.19760479041916168
manufacturing,KFC_v2,static,0.7566153846153847,0.19760479041916168
manufacturing,KFC_v2,static,0.7569230769230769,0.19760479041916168
manufacturing,KFC_v2,static,0.7572307692307693,0.19760479041916168
manufacturing,KFC_v2,static,0.7575384615384616,0.19760479041916168
manufacturing,KFC_v2,static,0.7578461538461538,0.19161676646706588
manufacturing,KFC_v2,static,0.7581538461538462,0.19161676646706588
manufacturing,KFC_v2,static,0.7584615384615385,0.19161676646706588
manufacturing,KFC_v2,static,0.7587692307692308,0.19161676646706588
manufacturing,KFC_v2,static,0.7590769230769231,0.19161676646706588
manufacturing,KFC_v2,static,0.7593846153846154,0.19161676646706588
manufacturing,KFC_v2,static,0.7596923076923077,0.19161676646706588
manufacturing,KFC_v2,static,0.76,0.19161676646706588
manufacturing,KFC_v2,static,0.7603076923076924,0.19161676646706588
manufacturing,KFC_v2,static,0.7606153846153847,0.19161676646706588
manufacturing,KFC_v2,static,0.7609230769230769,0.19161676646706588
manufacturing,KFC_v2,static,0.7612307692307693,0.19161676646706588
manufacturing,KFC_v2,static,0.7615384615384616,0.19161676646706588
manufacturing,KFC_v2,static,0.7618461538461538,0.19161676646706588
manufacturing,KFC_v2,static,0.7621538461538462,0.19161676646706588
manufacturing,KFC_v2,static,0.7624615384615385,0.19161676646706588
manufacturing,KFC_v2,static,0.7627692307692308,0.19161676646706588
manufacturing,KFC_v2,static,0.7630769230769231,0.19161676646706588
manufacturing,KFC_v2,static,0.7633846153846154,0.19161676646706588
manufacturing,KFC_v2,static,0.7636923076923077,0.19161676646706588
manufacturing,KFC_v2,static,0.764,0.19161676646706588
manufacturing,KFC_v2,static,0.7643076923076924,0.19161676646706588
manufacturing,KFC_v2,static,0.7646153846153847,0.19161676646706588
manufacturing,KFC_v2,static,0.7649230769230769,0.19161676646706588
manufacturing,KFC_v2,static,0.7652307692307693,0.19161676646706588
manufacturing,KFC_v2,static,0.7655384615384616,0.19161676646706588
manufacturing,KFC_v2,static,0.7658461538461538,0.19161676646706588
manufacturing,KFC_v2,static,0.7661538461538462,0.19161676646706588
manufacturing,KFC_v2,static,0.7664615384615385,0.19161676646706588
manufacturing,KFC_v2,static,0.7667692307692308,0.19161676646706588
manufacturing,KFC_v2,static,0.7670769230769231,0.19161676646706588
manufacturing,KFC_v2,static,0.7673846153846154,0.19161676646706588
manufacturing,KFC_v2,static,0.7676923076923077,0.19161676646706588
manufacturing,KFC_v2,static,0.768,0.19161676646706588
manufacturing,KFC_v2,static,0.7683076923076924,0.19161676646706588
manufacturing,KFC_v2,static,0.7686153846153846,0.19161676646706588
manufacturing,KFC_v2,static,0.7689230769230769,0.19161676646706588
manufacturing,KFC_v2,static,0.7692307692307693,0.19161676646706588
manufacturing,KFC_v2,static,0.7695384615384616,0.19161676646706588
manufacturing,KFC_v2,static,0.7698461538461538,0.19161676646706588
manufacturing,KFC_v2,static,0.7701538461538462,0.19161676646706588
manufacturing,KFC_v2,static,0.7704615384615385,0.19161676646706588
manufacturing,KFC_v2,static,0.7707692307692308,0.19161676646706588
manufacturing,KFC_v2,static,0.7710769230769231,0.19161676646706588
manufacturing,KFC_v2,static,0.7713846153846154,0.19161676646706588
manufacturing,KFC_v2,static,0.7716923076923077,0.19161676646706588
manufacturing,KFC_v2,static,0.772,0.19161676646706588
manufacturing,KFC_v2,static,0.7723076923076924,0.19161676646706588
manufacturing,KFC_v2,static,0.7726153846153846,0.19161676646706588
manufacturing,KFC_v2,static,0.7729230769230769,0.19161676646706588
manufacturing,KFC_v2,static,0.7732307692307693,0.19161676646706588
manufacturing,KFC_v2,static,0.7735384615384616,0.19161676646706588
manufacturing,KFC_v2,static,0.7738461538461539,0.19161676646706588
manufacturing,KFC_v2,static,0.7741538461538462,0.19161676646706588
manufacturing,KFC_v2,static,0.7744615384615385,0.19161676646706588
manufacturing,KFC_v2,static,0.7747692307692308,0.19161676646706588
manufacturing,KFC_v2,static,0.7750769230769231,0.19161676646706588
manufacturing,KFC_v2,static,0.7753846153846154,0.19161676646706588
manufacturing,KFC_v2,static,0.7756923076923077,0.19161676646706588
manufacturing,KFC_v2,static,0.776,0.19161676646706588
manufacturing,KFC_v2,static,0.7763076923076924,0.19161676646706588
manufacturing,KFC_v2,static,0.7766153846153846,0.19161676646706588
manufacturing,KFC_v2,static,0.7769230769230769,0.19161676646706588
manufacturing,KFC_v2,static,0.7772307692307693,0.19161676646706588
manufacturing,KFC_v2,static,0.7775384615384615,0.19161676646706588
manufacturing,KFC_v2,static,0.7778461538461539,0.19161676646706588
manufacturing,KFC_v2,static,0.7781538461538462,0.19161676646706588
manufacturing,KFC_v2,static,0.7784615384615385,0.19161676646706588
manufacturing,KFC_v2,static,0.7787692307692308,0.19161676646706588
manufacturing,KFC_v2,static,0.7790769230769231,0.19161676646706588
manufacturing,KFC_v2,static,0.7793846153846155,0.19161676646706588
manufacturing,KFC_v2,static,0.7796923076923077,0.19161676646706588
manufacturing,KFC_v2,static,0.78,0.19161676646706588
manufacturing,KFC_v2,static,0.7803076923076924,0.19161676646706588
manufacturing,KFC_v2,static,0.7806153846153846,0.19161676646706588
manufacturing,KFC_v2,static,0.7809230769230769,0.17964071856287425
manufacturing,KFC_v2,static,0.7812307692307693,0.17964071856287425
manufacturing,KFC_v2,static,0.7815384615384615,0.17964071856287425
manufacturing,KFC_v2,static,0.7818461538461539,0.17964071856287425
manufacturing,KFC_v2,static,0.7821538461538462,0.17964071856287425
manufacturing,KFC_v2,static,0.7824615384615385,0.17964071856287425
manufacturing,KFC_v2,static,0.7827692307692308,0.17964071856287425
manufacturing,KFC_v2,static,0.7830769230769231,0.17964071856287425
manufacturing,KFC_v2,static,0.7833846153846155,0.17964071856287425
manufacturing,KFC_v2,static,0.7836923076923077,0.17964071856287425
manufacturing,KFC_v2,static,0.784,0.17964071856287425
manufacturing,KFC_v2,static,0.7843076923076924,0.17964071856287425
manufacturing,KFC_v2,static,0.7846153846153846,0.17964071856287425
manufacturing,KFC_v2,static,0.784923076923077,0.17964071856287425
manufacturing,KFC_v2,static,0.7852307692307693,0.17964071856287425
manufacturing,KFC_v2,static,0.7855384615384615,0.17964071856287425
manufacturing,KFC_v2,static,0.7858461538461539,0.17964071856287425
manufacturing,KFC_v2,static,0.7861538461538462,0.17964071856287425
manufacturing,KFC_v2,static,0.7864615384615384,0.17964071856287425
manufacturing,KFC_v2,static,0.7867692307692308,0.17964071856287425
manufacturing,KFC_v2,static,0.7870769230769231,0.17964071856287425
manufacturing,KFC_v2,static,0.7873846153846155,0.17964071856287425
manufacturing,KFC_v2,static,0.7876923076923077,0.17964071856287425
manufacturing,KFC_v2,static,0.788,0.17964071856287425
manufacturing,KFC_v2,static,0.7883076923076924,0.17964071856287425
manufacturing,KFC_v2,static,0.7886153846153846,0.17964071856287425
manufacturing,KFC_v2,static,0.788923076923077,0.17964071856287425
manufacturing,KFC_v2,static,0.7892307692307693,0.17964071856287425
manufacturing,KFC_v2,static,0.7895384615384615,0.17964071856287425
manufacturing,KFC_v2,static,0.7898461538461539,0.17964071856287425
manufacturing,KFC_v2,static,0.7901538461538462,0.17964071856287425
manufacturing,KFC_v2,static,0.7904615384615384,0.17964071856287425
manufacturing,KFC_v2,static,0.7907692307692308,0.17964071856287425
manufacturing,KFC_v2,static,0.7910769230769231,0.17964071856287425
manufacturing,KFC_v2,static,0.7913846153846155,0.17964071856287425
manufacturing,KFC_v2,static,0.7916923076923077,0.17964071856287425
manufacturing,KFC_v2,static,0.792,0.17964071856287425
manufacturing,KFC_v2,static,0.7923076923076924,0.17964071856287425
manufacturing,KFC_v2,static,0.7926153846153846,0.17964071856287425
manufacturing,KFC_v2,static,0.792923076923077,0.17964071856287425
manufacturing,KFC_v2,static,0.7932307692307693,0.17964071856287425
manufacturing,KFC_v2,static,0.7935384615384615,0.17964071856287425
manufacturing,KFC_v2,static,0.7938461538461539,0.17964071856287425
manufacturing,KFC_v2,static,0.7941538461538462,0.17964071856287425
manufacturing,KFC_v2,static,0.7944615384615384,0.17964071856287425
manufacturing,KFC_v2,static,0.7947692307692308,0.17964071856287425
manufacturing,KFC_v2,static,0.7950769230769231,0.17964071856287425
manufacturing,KFC_v2,static,0.7953846153846154,0.17964071856287425
manufacturing,KFC_v2,static,0.7956923076923077,0.17964071856287425
manufacturing,KFC_v2,static,0.796,0.17964071856287425
manufacturing,KFC_v2,static,0.7963076923076924,0.17964071856287425
manufacturing,KFC_v2,static,0.7966153846153846,0.17964071856287425
manufacturing,KFC_v2,static,0.796923076923077,0.17964071856287425
manufacturing,KFC_v2,static,0.7972307692307693,0.17964071856287425
manufacturing,KFC_v2,static,0.7975384615384615,0.17964071856287425
manufacturing,KFC_v2,static,0.7978461538461539,0.17964071856287425
manufacturing,KFC_v2,static,0.7981538461538462,0.17964071856287425
manufacturing,KFC_v2,static,0.7984615384615384,0.17964071856287425
manufacturing,KFC_v2,static,0.7987692307692308,0.17964071856287425
manufacturing,KFC_v2,static,0.7990769230769231,0.17964071856287425
manufacturing,KFC_v2,static,0.7993846153846154,0.17964071856287425
manufacturing,KFC_v2,static,0.7996923076923077,0.17964071856287425
manufacturing,KFC_v2,static,0.8,0.17964071856287425
manufacturing,KFC_v2,static,0.8003076923076924,0.17964071856287425
manufacturing,KFC_v2,static,0.8006153846153846,0.17964071856287425
manufacturing,KFC_v2,static,0.800923076923077,0.17964071856287425
manufacturing,KFC_v2,static,0.8012307692307693,0.17964071856287425
manufacturing,KFC_v2,static,0.8015384615384615,0.17964071856287425
manufacturing,KFC_v2,static,0.8018461538461539,0.17964071856287425
manufacturing,KFC_v2,static,0.8021538461538462,0.17964071856287425
manufacturing,KFC_v2,static,0.8024615384615384,0.17964071856287425
manufacturing,KFC_v2,static,0.8027692307692308,0.17964071856287425
manufacturing,KFC_v2,static,0.8030769230769231,0.17964071856287425
manufacturing,KFC_v2,static,0.8033846153846154,0.17964071856287425
manufacturing,KFC_v2,static,0.8036923076923077,0.17964071856287425
manufacturing,KFC_v2,static,0.804,0.17964071856287425
manufacturing,KFC_v2,static,0.8043076923076924,0.17964071856287425
manufacturing,KFC_v2,static,0.8046153846153846,0.17964071856287425
manufacturing,KFC_v2,static,0.804923076923077,0.17964071856287425
manufacturing,KFC_v2,static,0.8052307692307693,0.17964071856287425
manufacturing,KFC_v2,static,0.8055384615384615,0.17964071856287425
manufacturing,KFC_v2,static,0.8058461538461539,0.17964071856287425
manufacturing,KFC_v2,static,0.8061538461538462,0.17964071856287425
manufacturing,KFC_v2,static,0.8064615384615385,0.17964071856287425
manufacturing,KFC_v2,static,0.8067692307692308,0.17964071856287425
manufacturing,KFC_v2,static,0.8070769230769231,0.17964071856287425
manufacturing,KFC_v2,static,0.8073846153846154,0.17964071856287425
manufacturing,KFC_v2,static,0.8076923076923077,0.17964071856287425
manufacturing,KFC_v2,static,0.808,0.17964071856287425
manufacturing,KFC_v2,static,0.8083076923076923,0.17964071856287425
manufacturing,KFC_v2,static,0.8086153846153846,0.17964071856287425
manufacturing,KFC_v2,static,0.808923076923077,0.17964071856287425
manufacturing,KFC_v2,static,0.8092307692307693,0.17964071856287425
manufacturing,KFC_v2,static,0.8095384615384615,0.17964071856287425
manufacturing,KFC_v2,static,0.8098461538461539,0.17964071856287425
manufacturing,KFC_v2,static,0.8101538461538462,0.17964071856287425
manufacturing,KFC_v2,static,0.8104615384615385,0.17964071856287425
manufacturing,KFC_v2,static,0.8107692307692308,0.17964071856287425
manufacturing,KFC_v2,static,0.8110769230769231,0.17964071856287425
manufacturing,KFC_v2,static,0.8113846153846154,0.17964071856287425
manufacturing,KFC_v2,static,0.8116923076923077,0.17964071856287425
manufacturing,KFC_v2,static,0.812,0.17964071856287425
manufacturing,KFC_v2,static,0.8123076923076923,0.17964071856287425
manufacturing,KFC_v2,static,0.8126153846153846,0.17964071856287425
manufacturing,KFC_v2,static,0.812923076923077,0.17964071856287425
manufacturing,KFC_v2,static,0.8132307692307693,0.17964071856287425
manufacturing,KFC_v2,static,0.8135384615384615,0.17964071856287425
manufacturing,KFC_v2,static,0.8138461538461539,0.17964071856287425
manufacturing,KFC_v2,static,0.8141538461538462,0.17964071856287425
manufacturing,KFC_v2,static,0.8144615384615385,0.17365269461077845
manufacturing,KFC_v2,static,0.8147692307692308,0.16766467065868262
manufacturing,KFC_v2,static,0.8150769230769231,0.16766467065868262
manufacturing,KFC_v2,static,0.8153846153846154,0.16766467065868262
manufacturing,KFC_v2,static,0.8156923076923077,0.16766467065868262
manufacturing,KFC_v2,static,0.8160000000000001,0.16766467065868262
manufacturing,KFC_v2,static,0.8163076923076923,0.16766467065868262
manufacturing,KFC_v2,static,0.8166153846153846,0.16766467065868262
manufacturing,KFC_v2,static,0.816923076923077,0.16766467065868262
manufacturing,KFC_v2,static,0.8172307692307692,0.16766467065868262
manufacturing,KFC_v2,static,0.8175384615384615,0.16766467065868262
manufacturing,KFC_v2,static,0.8178461538461539,0.16766467065868262
manufacturing,KFC_v2,static,0.8181538461538462,0.16766467065868262
manufacturing,KFC_v2,static,0.8184615384615385,0.16766467065868262
manufacturing,KFC_v2,static,0.8187692307692308,0.16766467065868262
manufacturing,KFC_v2,static,0.8190769230769231,0.16766467065868262
manufacturing,KFC_v2,static,0.8193846153846154,0.16766467065868262
manufacturing,KFC_v2,static,0.8196923076923077,0.16766467065868262
manufacturing,KFC_v2,static,0.8200000000000001,0.16766467065868262
manufacturing,KFC_v2,static,0.8203076923076923,0.16766467065868262
manufacturing,KFC_v2,static,0.8206153846153846,0.16766467065868262
manufacturing,KFC_v2,static,0.820923076923077,0.16766467065868262
manufacturing,KFC_v2,static,0.8212307692307692,0.16766467065868262
manufacturing,KFC_v2,static,0.8215384615384616,0.16766467065868262
manufacturing,KFC_v2,static,0.8218461538461539,0.16766467065868262
manufacturing,KFC_v2,static,0.8221538461538462,0.16766467065868262
manufacturing,KFC_v2,static,0.8224615384615385,0.16766467065868262
manufacturing,KFC_v2,static,0.8227692307692308,0.16766467065868262
manufacturing,KFC_v2,static,0.8230769230769232,0.16766467065868262
manufacturing,KFC_v2,static,0.8233846153846154,0.16766467065868262
manufacturing,KFC_v2,static,0.8236923076923077,0.16766467065868262
manufacturing,KFC_v2,static,0.8240000000000001,0.16766467065868262
manufacturing,KFC_v2,static,0.8243076923076923,0.16766467065868262
manufacturing,KFC_v2,static,0.8246153846153846,0.16766467065868262
manufacturing,KFC_v2,static,0.824923076923077,0.16766467065868262
manufacturing,KFC_v2,static,0.8252307692307692,0.16766467065868262
manufacturing,KFC_v2,static,0.8255384615384616,0.16766467065868262
manufacturing,KFC_v2,static,0.8258461538461539,0.16766467065868262
manufacturing,KFC_v2,static,0.8261538461538461,0.16766467065868262
manufacturing,KFC_v2,static,0.8264615384615385,0.16766467065868262
manufacturing,KFC_v2,static,0.8267692307692308,0.16766467065868262
manufacturing,KFC_v2,static,0.8270769230769232,0.16766467065868262
manufacturing,KFC_v2,static,0.8273846153846154,0.16766467065868262
manufacturing,KFC_v2,static,0.8276923076923077,0.16766467065868262
manufacturing,KFC_v2,static,0.8280000000000001,0.16766467065868262
manufacturing,KFC_v2,static,0.8283076923076923,0.16766467065868262
manufacturing,KFC_v2,static,0.8286153846153846,0.16766467065868262
manufacturing,KFC_v2,static,0.828923076923077,0.16766467065868262
manufacturing,KFC_v2,static,0.8292307692307692,0.16167664670658682
manufacturing,KFC_v2,static,0.8295384615384616,0.16167664670658682
manufacturing,KFC_v2,static,0.8298461538461539,0.16167664670658682
manufacturing,KFC_v2,static,0.8301538461538461,0.16167664670658682
manufacturing,KFC_v2,static,0.8304615384615385,0.15568862275449102
manufacturing,KFC_v2,static,0.8307692307692308,0.15568862275449102
manufacturing,KFC_v2,static,0.8310769230769232,0.15568862275449102
manufacturing,KFC_v2,static,0.8313846153846154,0.15568862275449102
manufacturing,KFC_v2,static,0.8316923076923077,0.15568862275449102
manufacturing,KFC_v2,static,0.8320000000000001,0.15568862275449102
manufacturing,KFC_v2,static,0.8323076923076923,0.15568862275449102
manufacturing,KFC_v2,static,0.8326153846153846,0.15568862275449102
manufacturing,KFC_v2,static,0.832923076923077,0.15568862275449102
manufacturing,KFC_v2,static,0.8332307692307692,0.15568862275449102
manufacturing,KFC_v2,static,0.8335384615384616,0.15568862275449102
manufacturing,KFC_v2,static,0.8338461538461539,0.15568862275449102
manufacturing,KFC_v2,static,0.8341538461538461,0.15568862275449102
manufacturing,KFC_v2,static,0.8344615384615385,0.15568862275449102
manufacturing,KFC_v2,static,0.8347692307692308,0.15568862275449102
manufacturing,KFC_v2,static,0.8350769230769232,0.15568862275449102
manufacturing,KFC_v2,static,0.8353846153846154,0.15568862275449102
manufacturing,KFC_v2,static,0.8356923076923077,0.15568862275449102
manufacturing,KFC_v2,static,0.8360000000000001,0.15568862275449102
manufacturing,KFC_v2,static,0.8363076923076923,0.15568862275449102
manufacturing,KFC_v2,static,0.8366153846153846,0.15568862275449102
manufacturing,KFC_v2,static,0.836923076923077,0.15568862275449102
manufacturing,KFC_v2,static,0.8372307692307692,0.1497005988023952
manufacturing,KFC_v2,static,0.8375384615384616,0.1497005988023952
manufacturing,KFC_v2,static,0.8378461538461539,0.1497005988023952
manufacturing,KFC_v2,static,0.8381538461538461,0.1497005988023952
manufacturing,KFC_v2,static,0.8384615384615385,0.1497005988023952
manufacturing,KFC_v2,static,0.8387692307692308,0.1497005988023952
manufacturing,KFC_v2,static,0.839076923076923,0.1497005988023952
manufacturing,KFC_v2,static,0.8393846153846154,0.1497005988023952
manufacturing,KFC_v2,static,0.8396923076923077,0.1497005988023952
manufacturing,KFC_v2,static,0.8400000000000001,0.1497005988023952
manufacturing,KFC_v2,static,0.8403076923076923,0.1437125748502994
manufacturing,KFC_v2,static,0.8406153846153847,0.1437125748502994
manufacturing,KFC_v2,static,0.840923076923077,0.1437125748502994
manufacturing,KFC_v2,static,0.8412307692307692,0.1437125748502994
manufacturing,KFC_v2,static,0.8415384615384616,0.1437125748502994
manufacturing,KFC_v2,static,0.8418461538461539,0.1437125748502994
manufacturing,KFC_v2,static,0.8421538461538461,0.1437125748502994
manufacturing,KFC_v2,static,0.8424615384615385,0.1437125748502994
manufacturing,KFC_v2,static,0.8427692307692308,0.1437125748502994
manufacturing,KFC_v2,static,0.8430769230769231,0.1437125748502994
manufacturing,KFC_v2,static,0.8433846153846154,0.1437125748502994
manufacturing,KFC_v2,static,0.8436923076923077,0.1437125748502994
manufacturing,KFC_v2,static,0.8440000000000001,0.1437125748502994
manufacturing,KFC_v2,static,0.8443076923076923,0.1437125748502994
manufacturing,KFC_v2,static,0.8446153846153847,0.1437125748502994
manufacturing,KFC_v2,static,0.844923076923077,0.1437125748502994
manufacturing,KFC_v2,static,0.8452307692307692,0.1437125748502994
manufacturing,KFC_v2,static,0.8455384615384616,0.1437125748502994
manufacturing,KFC_v2,static,0.8458461538461539,0.1437125748502994
manufacturing,KFC_v2,static,0.8461538461538461,0.1437125748502994
manufacturing,KFC_v2,static,0.8464615384615385,0.1437125748502994
manufacturing,KFC_v2,static,0.8467692307692308,0.1377245508982036
manufacturing,KFC_v2,static,0.8470769230769231,0.1377245508982036
manufacturing,KFC_v2,static,0.8473846153846154,0.1377245508982036
manufacturing,KFC_v2,static,0.8476923076923077,0.1377245508982036
manufacturing,KFC_v2,static,0.848,0.1377245508982036
manufacturing,KFC_v2,static,0.8483076923076923,0.1377245508982036
manufacturing,KFC_v2,static,0.8486153846153847,0.1377245508982036
manufacturing,KFC_v2,static,0.848923076923077,0.1377245508982036
manufacturing,KFC_v2,static,0.8492307692307692,0.1377245508982036
manufacturing,KFC_v2,static,0.8495384615384616,0.1377245508982036
manufacturing,KFC_v2,static,0.8498461538461539,0.1377245508982036
manufacturing,KFC_v2,static,0.8501538461538461,0.1377245508982036
manufacturing,KFC_v2,static,0.8504615384615385,0.1377245508982036
manufacturing,KFC_v2,static,0.8507692307692308,0.1377245508982036
manufacturing,KFC_v2,static,0.8510769230769231,0.1377245508982036
manufacturing,KFC_v2,static,0.8513846153846154,0.1377245508982036
manufacturing,KFC_v2,static,0.8516923076923077,0.1377245508982036
manufacturing,KFC_v2,static,0.852,0.1377245508982036
manufacturing,KFC_v2,static,0.8523076923076923,0.1377245508982036
manufacturing,KFC_v2,static,0.8526153846153847,0.1377245508982036
manufacturing,KFC_v2,static,0.852923076923077,0.1377245508982036
manufacturing,KFC_v2,static,0.8532307692307692,0.1377245508982036
manufacturing,KFC_v2,static,0.8535384615384616,0.1377245508982036
manufacturing,KFC_v2,static,0.8538461538461539,0.1317365269461078
manufacturing,KFC_v2,static,0.8541538461538462,0.1317365269461078
manufacturing,KFC_v2,static,0.8544615384615385,0.1317365269461078
manufacturing,KFC_v2,static,0.8547692307692308,0.1317365269461078
manufacturing,KFC_v2,static,0.8550769230769231,0.1317365269461078
manufacturing,KFC_v2,static,0.8553846153846154,0.1317365269461078
manufacturing,KFC_v2,static,0.8556923076923078,0.1317365269461078
manufacturing,KFC_v2,static,0.856,0.1317365269461078
manufacturing,KFC_v2,static,0.8563076923076923,0.1317365269461078
manufacturing,KFC_v2,static,0.8566153846153847,0.1317365269461078
manufacturing,KFC_v2,static,0.8569230769230769,0.1317365269461078
manufacturing,KFC_v2,static,0.8572307692307692,0.1317365269461078
manufacturing,KFC_v2,static,0.8575384615384616,0.1317365269461078
manufacturing,KFC_v2,static,0.8578461538461539,0.1317365269461078
manufacturing,KFC_v2,static,0.8581538461538462,0.1317365269461078
manufacturing,KFC_v2,static,0.8584615384615385,0.1317365269461078
manufacturing,KFC_v2,static,0.8587692307692308,0.1317365269461078
manufacturing,KFC_v2,static,0.8590769230769231,0.1317365269461078
manufacturing,KFC_v2,static,0.8593846153846154,0.1317365269461078
manufacturing,KFC_v2,static,0.8596923076923078,0.1317365269461078
manufacturing,KFC_v2,static,0.86,0.1317365269461078
manufacturing,KFC_v2,static,0.8603076923076923,0.1317365269461078
manufacturing,KFC_v2,static,0.8606153846153847,0.1317365269461078
manufacturing,KFC_v2,static,0.8609230769230769,0.1317365269461078
manufacturing,KFC_v2,static,0.8612307692307692,0.1317365269461078
manufacturing,KFC_v2,static,0.8615384615384616,0.1317365269461078
manufacturing,KFC_v2,static,0.8618461538461539,0.1317365269461078
manufacturing,KFC_v2,static,0.8621538461538462,0.1317365269461078
manufacturing,KFC_v2,static,0.8624615384615385,0.1317365269461078
manufacturing,KFC_v2,static,0.8627692307692308,0.1317365269461078
manufacturing,KFC_v2,static,0.8630769230769231,0.1317365269461078
manufacturing,KFC_v2,static,0.8633846153846154,0.1317365269461078
manufacturing,KFC_v2,static,0.8636923076923078,0.1317365269461078
manufacturing,KFC_v2,static,0.864,0.1317365269461078
manufacturing,KFC_v2,static,0.8643076923076923,0.1317365269461078
manufacturing,KFC_v2,static,0.8646153846153847,0.1317365269461078
manufacturing,KFC_v2,static,0.8649230769230769,0.1317365269461078
manufacturing,KFC_v2,static,0.8652307692307692,0.1317365269461078
manufacturing,KFC_v2,static,0.8655384615384616,0.1317365269461078
manufacturing,KFC_v2,static,0.8658461538461538,0.1317365269461078
manufacturing,KFC_v2,static,0.8661538461538462,0.1317365269461078
manufacturing,KFC_v2,static,0.8664615384615385,0.1317365269461078
manufacturing,KFC_v2,static,0.8667692307692308,0.1317365269461078
manufacturing,KFC_v2,static,0.8670769230769231,0.1317365269461078
manufacturing,KFC_v2,static,0.8673846153846154,0.1317365269461078
manufacturing,KFC_v2,static,0.8676923076923078,0.1317365269461078
manufacturing,KFC_v2,static,0.868,0.1317365269461078
manufacturing,KFC_v2,static,0.8683076923076923,0.1317365269461078
manufacturing,KFC_v2,static,0.8686153846153847,0.1317365269461078
manufacturing,KFC_v2,static,0.8689230769230769,0.1317365269461078
manufacturing,KFC_v2,static,0.8692307692307693,0.1317365269461078
manufacturing,KFC_v2,static,0.8695384615384616,0.1317365269461078
manufacturing,KFC_v2,static,0.8698461538461538,0.1317365269461078
manufacturing,KFC_v2,static,0.8701538461538462,0.1317365269461078
manufacturing,KFC_v2,static,0.8704615384615385,0.1317365269461078
manufacturing,KFC_v2,static,0.8707692307692309,0.1317365269461078
manufacturing,KFC_v2,static,0.8710769230769231,0.1317365269461078
manufacturing,KFC_v2,static,0.8713846153846154,0.1317365269461078
manufacturing,KFC_v2,static,0.8716923076923078,0.1317365269461078
manufacturing,KFC_v2,static,0.872,0.1317365269461078
manufacturing,KFC_v2,static,0.8723076923076923,0.1317365269461078
manufacturing,KFC_v2,static,0.8726153846153847,0.1317365269461078
manufacturing,KFC_v2,static,0.8729230769230769,0.1317365269461078
manufacturing,KFC_v2,static,0.8732307692307693,0.1317365269461078
manufacturing,KFC_v2,static,0.8735384615384616,0.12574850299401197
manufacturing,KFC_v2,static,0.8738461538461538,0.12574850299401197
manufacturing,KFC_v2,static,0.8741538461538462,0.12574850299401197
manufacturing,KFC_v2,static,0.8744615384615385,0.12574850299401197
manufacturing,KFC_v2,static,0.8747692307692309,0.12574850299401197
manufacturing,KFC_v2,static,0.8750769230769231,0.12574850299401197
manufacturing,KFC_v2,static,0.8753846153846154,0.12574850299401197
manufacturing,KFC_v2,static,0.8756923076923078,0.12574850299401197
manufacturing,KFC_v2,static,0.876,0.12574850299401197
manufacturing,KFC_v2,static,0.8763076923076923,0.12574850299401197
manufacturing,KFC_v2,static,0.8766153846153847,0.12574850299401197
manufacturing,KFC_v2,static,0.8769230769230769,0.12574850299401197
manufacturing,KFC_v2,static,0.8772307692307693,0.12574850299401197
manufacturing,KFC_v2,static,0.8775384615384616,0.12574850299401197
manufacturing,KFC_v2,static,0.8778461538461538,0.12574850299401197
manufacturing,KFC_v2,static,0.8781538461538462,0.12574850299401197
manufacturing,KFC_v2,static,0.8784615384615385,0.12574850299401197
manufacturing,KFC_v2,static,0.8787692307692307,0.12574850299401197
manufacturing,KFC_v2,static,0.8790769230769231,0.12574850299401197
manufacturing,KFC_v2,static,0.8793846153846154,0.12574850299401197
manufacturing,KFC_v2,static,0.8796923076923078,0.12574850299401197
manufacturing,KFC_v2,static,0.88,0.11976047904191617
manufacturing,KFC_v2,static,0.8803076923076923,0.11976047904191617
manufacturing,KFC_v2,static,0.8806153846153847,0.11976047904191617
manufacturing,KFC_v2,static,0.8809230769230769,0.11976047904191617
manufacturing,KFC_v2,static,0.8812307692307693,0.11976047904191617
manufacturing,KFC_v2,static,0.8815384615384616,0.11976047904191617
manufacturing,KFC_v2,static,0.8818461538461538,0.11976047904191617
manufacturing,KFC_v2,static,0.8821538461538462,0.11976047904191617
manufacturing,KFC_v2,static,0.8824615384615385,0.11976047904191617
manufacturing,KFC_v2,static,0.8827692307692308,0.11976047904191617
manufacturing,KFC_v2,static,0.8830769230769231,0.11976047904191617
manufacturing,KFC_v2,static,0.8833846153846154,0.11976047904191617
manufacturing,KFC_v2,static,0.8836923076923078,0.11976047904191617
manufacturing,KFC_v2,static,0.884,0.11976047904191617
manufacturing,KFC_v2,static,0.8843076923076924,0.11976047904191617
manufacturing,KFC_v2,static,0.8846153846153847,0.11976047904191617
manufacturing,KFC_v2,static,0.8849230769230769,0.11976047904191617
manufacturing,KFC_v2,static,0.8852307692307693,0.11976047904191617
manufacturing,KFC_v2,static,0.8855384615384616,0.11976047904191617
manufacturing,KFC_v2,static,0.8858461538461538,0.11976047904191617
manufacturing,KFC_v2,static,0.8861538461538462,0.11976047904191617
manufacturing,KFC_v2,static,0.8864615384615385,0.11976047904191617
manufacturing,KFC_v2,static,0.8867692307692308,0.11976047904191617
manufacturing,KFC_v2,static,0.8870769230769231,0.11976047904191617
manufacturing,KFC_v2,static,0.8873846153846154,0.11976047904191617
manufacturing,KFC_v2,static,0.8876923076923077,0.11976047904191617
manufacturing,KFC_v2,static,0.888,0.11976047904191617
manufacturing,KFC_v2,static,0.8883076923076924,0.11976047904191617
manufacturing,KFC_v2,static,0.8886153846153847,0.11976047904191617
manufacturing,KFC_v2,static,0.8889230769230769,0.11976047904191617
manufacturing,KFC_v2,static,0.8892307692307693,0.11976047904191617
manufacturing,KFC_v2,static,0.8895384615384616,0.11976047904191617
manufacturing,KFC_v2,static,0.8898461538461538,0.11976047904191617
manufacturing,KFC_v2,static,0.8901538461538462,0.11976047904191617
manufacturing,KFC_v2,static,0.8904615384615385,0.11976047904191617
manufacturing,KFC_v2,static,0.8907692307692308,0.11976047904191617
manufacturing,KFC_v2,static,0.8910769230769231,0.11976047904191617
manufacturing,KFC_v2,static,0.8913846153846154,0.11976047904191617
manufacturing,KFC_v2,static,0.8916923076923077,0.11976047904191617
manufacturing,KFC_v2,static,0.892,0.11976047904191617
manufacturing,KFC_v2,static,0.8923076923076924,0.11976047904191617
manufacturing,KFC_v2,static,0.8926153846153847,0.11976047904191617
manufacturing,KFC_v2,static,0.8929230769230769,0.11377245508982035
manufacturing,KFC_v2,static,0.8932307692307693,0.11377245508982035
manufacturing,KFC_v2,static,0.8935384615384616,0.11377245508982035
manufacturing,KFC_v2,static,0.8938461538461538,0.11377245508982035
manufacturing,KFC_v2,static,0.8941538461538462,0.11377245508982035
manufacturing,KFC_v2,static,0.8944615384615385,0.11377245508982035
manufacturing,KFC_v2,static,0.8947692307692308,0.11377245508982035
manufacturing,KFC_v2,static,0.8950769230769231,0.11377245508982035
manufacturing,KFC_v2,static,0.8953846153846154,0.11377245508982035
manufacturing,KFC_v2,static,0.8956923076923077,0.11377245508982035
manufacturing,KFC_v2,static,0.896,0.11377245508982035
manufacturing,KFC_v2,static,0.8963076923076924,0.11377245508982035
manufacturing,KFC_v2,static,0.8966153846153846,0.11377245508982035
manufacturing,KFC_v2,static,0.8969230769230769,0.11377245508982035
manufacturing,KFC_v2,static,0.8972307692307693,0.11377245508982035
manufacturing,KFC_v2,static,0.8975384615384616,0.11377245508982035
manufacturing,KFC_v2,static,0.8978461538461538,0.11377245508982035
manufacturing,KFC_v2,static,0.8981538461538462,0.11377245508982035
manufacturing,KFC_v2,static,0.8984615384615385,0.11377245508982035
manufacturing,KFC_v2,static,0.8987692307692308,0.11377245508982035
manufacturing,KFC_v2,static,0.8990769230769231,0.11377245508982035
manufacturing,KFC_v2,static,0.8993846153846154,0.11377245508982035
manufacturing,KFC_v2,static,0.8996923076923077,0.11377245508982035
manufacturing,KFC_v2,static,0.9,0.11377245508982035
manufacturing,KFC_v2,static,0.9003076923076924,0.11377245508982035
manufacturing,KFC_v2,static,0.9006153846153846,0.11377245508982035
manufacturing,KFC_v2,static,0.9009230769230769,0.11377245508982035
manufacturing,KFC_v2,static,0.9012307692307693,0.11377245508982035
manufacturing,KFC_v2,static,0.9015384615384616,0.11377245508982035
manufacturing,KFC_v2,static,0.9018461538461539,0.11377245508982035
manufacturing,KFC_v2,static,0.9021538461538462,0.11377245508982035
manufacturing,KFC_v2,static,0.9024615384615385,0.11377245508982035
manufacturing,KFC_v2,static,0.9027692307692308,0.11377245508982035
manufacturing,KFC_v2,static,0.9030769230769231,0.11377245508982035
manufacturing,KFC_v2,static,0.9033846153846155,0.11377245508982035
manufacturing,KFC_v2,static,0.9036923076923077,0.10778443113772455
manufacturing,KFC_v2,static,0.904,0.10778443113772455
manufacturing,KFC_v2,static,0.9043076923076924,0.10778443113772455
manufacturing,KFC_v2,static,0.9046153846153846,0.10778443113772455
manufacturing,KFC_v2,static,0.9049230769230769,0.10778443113772455
manufacturing,KFC_v2,static,0.9052307692307693,0.10778443113772455
manufacturing,KFC_v2,static,0.9055384615384615,0.10778443113772455
manufacturing,KFC_v2,static,0.9058461538461539,0.10778443113772455
manufacturing,KFC_v2,static,0.9061538461538462,0.10778443113772455
manufacturing,KFC_v2,static,0.9064615384615385,0.10778443113772455
manufacturing,KFC_v2,static,0.9067692307692308,0.10778443113772455
manufacturing,KFC_v2,static,0.9070769230769231,0.10778443113772455
manufacturing,KFC_v2,static,0.9073846153846155,0.10778443113772455
manufacturing,KFC_v2,static,0.9076923076923077,0.10778443113772455
manufacturing,KFC_v2,static,0.908,0.10778443113772455
manufacturing,KFC_v2,static,0.9083076923076924,0.10778443113772455
manufacturing,KFC_v2,static,0.9086153846153846,0.10778443113772455
manufacturing,KFC_v2,static,0.908923076923077,0.10778443113772455
manufacturing,KFC_v2,static,0.9092307692307693,0.10778443113772455
manufacturing,KFC_v2,static,0.9095384615384615,0.10778443113772455
manufacturing,KFC_v2,static,0.9098461538461539,0.10778443113772455
manufacturing,KFC_v2,static,0.9101538461538462,0.10778443113772455
manufacturing,KFC_v2,static,0.9104615384615385,0.10778443113772455
manufacturing,KFC_v2,static,0.9107692307692308,0.10778443113772455
manufacturing,KFC_v2,static,0.9110769230769231,0.10778443113772455
manufacturing,KFC_v2,static,0.9113846153846155,0.10778443113772455
manufacturing,KFC_v2,static,0.9116923076923077,0.10778443113772455
manufacturing,KFC_v2,static,0.912,0.10778443113772455
manufacturing,KFC_v2,static,0.9123076923076924,0.10778443113772455
manufacturing,KFC_v2,static,0.9126153846153846,0.10778443113772455
manufacturing,KFC_v2,static,0.912923076923077,0.10778443113772455
manufacturing,KFC_v2,static,0.9132307692307693,0.10778443113772455
manufacturing,KFC_v2,static,0.9135384615384615,0.10778443113772455
manufacturing,KFC_v2,static,0.9138461538461539,0.10778443113772455
manufacturing,KFC_v2,static,0.9141538461538462,0.10778443113772455
manufacturing,KFC_v2,static,0.9144615384615385,0.10778443113772455
manufacturing,KFC_v2,static,0.9147692307692308,0.10778443113772455
manufacturing,KFC_v2,static,0.9150769230769231,0.10778443113772455
manufacturing,KFC_v2,static,0.9153846153846155,0.10778443113772455
manufacturing,KFC_v2,static,0.9156923076923077,0.10778443113772455
manufacturing,KFC_v2,static,0.916,0.10778443113772455
manufacturing,KFC_v2,static,0.9163076923076924,0.10778443113772455
manufacturing,KFC_v2,static,0.9166153846153846,0.10778443113772455
manufacturing,KFC_v2,static,0.916923076923077,0.10778443113772455
manufacturing,KFC_v2,static,0.9172307692307693,0.10778443113772455
manufacturing,KFC_v2,static,0.9175384615384615,0.10778443113772455
manufacturing,KFC_v2,static,0.9178461538461539,0.10778443113772455
manufacturing,KFC_v2,static,0.9181538461538462,0.10778443113772455
manufacturing,KFC_v2,static,0.9184615384615384,0.10778443113772455
manufacturing,KFC_v2,static,0.9187692307692308,0.10778443113772455
manufacturing,KFC_v2,static,0.9190769230769231,0.10778443113772455
manufacturing,KFC_v2,static,0.9193846153846155,0.10778443113772455
manufacturing,KFC_v2,static,0.9196923076923077,0.10778443113772455
manufacturing,KFC_v2,static,0.92,0.10778443113772455
manufacturing,KFC_v2,static,0.9203076923076924,0.10778443113772455
manufacturing,KFC_v2,static,0.9206153846153846,0.10778443113772455
manufacturing,KFC_v2,static,0.920923076923077,0.10778443113772455
manufacturing,KFC_v2,static,0.9212307692307693,0.10778443113772455
manufacturing,KFC_v2,static,0.9215384615384615,0.10778443113772455
manufacturing,KFC_v2,static,0.9218461538461539,0.10778443113772455
manufacturing,KFC_v2,static,0.9221538461538462,0.10778443113772455
manufacturing,KFC_v2,static,0.9224615384615384,0.10778443113772455
manufacturing,KFC_v2,static,0.9227692307692308,0.10778443113772455
manufacturing,KFC_v2,static,0.9230769230769231,0.10778443113772455
manufacturing,KFC_v2,static,0.9233846153846155,0.10778443113772455
manufacturing,KFC_v2,static,0.9236923076923077,0.10778443113772455
manufacturing,KFC_v2,static,0.924,0.10778443113772455
manufacturing,KFC_v2,static,0.9243076923076924,0.10778443113772455
manufacturing,KFC_v2,static,0.9246153846153846,0.10778443113772455
manufacturing,KFC_v2,static,0.924923076923077,0.10778443113772455
manufacturing,KFC_v2,static,0.9252307692307693,0.10778443113772455
manufacturing,KFC_v2,static,0.9255384615384615,0.10778443113772455
manufacturing,KFC_v2,static,0.9258461538461539,0.10778443113772455
manufacturing,KFC_v2,static,0.9261538461538462,0.10778443113772455
manufacturing,KFC_v2,static,0.9264615384615384,0.10778443113772455
manufacturing,KFC_v2,static,0.9267692307692308,0.10778443113772455
manufacturing,KFC_v2,static,0.9270769230769231,0.10778443113772455
manufacturing,KFC_v2,static,0.9273846153846154,0.10778443113772455
manufacturing,KFC_v2,static,0.9276923076923077,0.10778443113772455
manufacturing,KFC_v2,static,0.928,0.10778443113772455
manufacturing,KFC_v2,static,0.9283076923076924,0.10778443113772455
manufacturing,KFC_v2,static,0.9286153846153846,0.10778443113772455
manufacturing,KFC_v2,static,0.928923076923077,0.10778443113772455
manufacturing,KFC_v2,static,0.9292307692307693,0.10778443113772455
manufacturing,KFC_v2,static,0.9295384615384615,0.10778443113772455
manufacturing,KFC_v2,static,0.9298461538461539,0.10778443113772455
manufacturing,KFC_v2,static,0.9301538461538462,0.10778443113772455
manufacturing,KFC_v2,static,0.9304615384615385,0.10778443113772455
manufacturing,KFC_v2,static,0.9307692307692308,0.10778443113772455
manufacturing,KFC_v2,static,0.9310769230769231,0.10778443113772455
manufacturing,KFC_v2,static,0.9313846153846154,0.10778443113772455
manufacturing,KFC_v2,static,0.9316923076923077,0.10778443113772455
manufacturing,KFC_v2,static,0.932,0.10778443113772455
manufacturing,KFC_v2,static,0.9323076923076924,0.10778443113772455
manufacturing,KFC_v2,static,0.9326153846153846,0.10778443113772455
manufacturing,KFC_v2,static,0.932923076923077,0.10778443113772455
manufacturing,KFC_v2,static,0.9332307692307693,0.10778443113772455
manufacturing,KFC_v2,static,0.9335384615384615,0.10778443113772455
manufacturing,KFC_v2,static,0.9338461538461539,0.10179640718562874
manufacturing,KFC_v2,static,0.9341538461538462,0.10179640718562874
manufacturing,KFC_v2,static,0.9344615384615385,0.10179640718562874
manufacturing,KFC_v2,static,0.9347692307692308,0.09580838323353294
manufacturing,KFC_v2,static,0.9350769230769231,0.09580838323353294
manufacturing,KFC_v2,static,0.9353846153846154,0.08982035928143713
manufacturing,KFC_v2,static,0.9356923076923077,0.08982035928143713
manufacturing,KFC_v2,static,0.936,0.08982035928143713
manufacturing,KFC_v2,static,0.9363076923076923,0.08982035928143713
manufacturing,KFC_v2,static,0.9366153846153846,0.08982035928143713
manufacturing,KFC_v2,static,0.936923076923077,0.08982035928143713
manufacturing,KFC_v2,static,0.9372307692307693,0.08982035928143713
manufacturing,KFC_v2,static,0.9375384615384615,0.08982035928143713
manufacturing,KFC_v2,static,0.9378461538461539,0.08982035928143713
manufacturing,KFC_v2,static,0.9381538461538462,0.08982035928143713
manufacturing,KFC_v2,static,0.9384615384615385,0.08982035928143713
manufacturing,KFC_v2,static,0.9387692307692308,0.08982035928143713
manufacturing,KFC_v2,static,0.9390769230769231,0.08982035928143713
manufacturing,KFC_v2,static,0.9393846153846154,0.08982035928143713
manufacturing,KFC_v2,static,0.9396923076923077,0.08982035928143713
manufacturing,KFC_v2,static,0.9400000000000001,0.08982035928143713
manufacturing,KFC_v2,static,0.9403076923076923,0.08982035928143713
manufacturing,KFC_v2,static,0.9406153846153846,0.08982035928143713
manufacturing,KFC_v2,static,0.940923076923077,0.08982035928143713
manufacturing,KFC_v2,static,0.9412307692307693,0.08982035928143713
manufacturing,KFC_v2,static,0.9415384615384615,0.08982035928143713
manufacturing,KFC_v2,static,0.9418461538461539,0.08982035928143713
manufacturing,KFC_v2,static,0.9421538461538462,0.08982035928143713
manufacturing,KFC_v2,static,0.9424615384615385,0.08982035928143713
manufacturing,KFC_v2,static,0.9427692307692308,0.08982035928143713
manufacturing,KFC_v2,static,0.9430769230769231,0.08982035928143713
manufacturing,KFC_v2,static,0.9433846153846154,0.08982035928143713
manufacturing,KFC_v2,static,0.9436923076923077,0.08982035928143713
manufacturing,KFC_v2,static,0.9440000000000001,0.08982035928143713
manufacturing,KFC_v2,static,0.9443076923076923,0.08982035928143713
manufacturing,KFC_v2,static,0.9446153846153846,0.08982035928143713
manufacturing,KFC_v2,static,0.944923076923077,0.08982035928143713
manufacturing,KFC_v2,static,0.9452307692307693,0.08982035928143713
manufacturing,KFC_v2,static,0.9455384615384615,0.08982035928143713
manufacturing,KFC_v2,static,0.9458461538461539,0.08982035928143713
manufacturing,KFC_v2,static,0.9461538461538462,0.08982035928143713
manufacturing,KFC_v2,static,0.9464615384615385,0.08982035928143713
manufacturing,KFC_v2,static,0.9467692307692308,0.08982035928143713
manufacturing,KFC_v2,static,0.9470769230769231,0.08982035928143713
manufacturing,KFC_v2,static,0.9473846153846154,0.08982035928143713
manufacturing,KFC_v2,static,0.9476923076923077,0.08982035928143713
manufacturing,KFC_v2,static,0.9480000000000001,0.08982035928143713
manufacturing,KFC_v2,static,0.9483076923076923,0.08982035928143713
manufacturing,KFC_v2,static,0.9486153846153846,0.08982035928143713
manufacturing,KFC_v2,static,0.948923076923077,0.08982035928143713
manufacturing,KFC_v2,static,0.9492307692307692,0.08982035928143713
manufacturing,KFC_v2,static,0.9495384615384616,0.08982035928143713
manufacturing,KFC_v2,static,0.9498461538461539,0.08982035928143713
manufacturing,KFC_v2,static,0.9501538461538462,0.08982035928143713
manufacturing,KFC_v2,static,0.9504615384615385,0.08982035928143713
manufacturing,KFC_v2,static,0.9507692307692308,0.08982035928143713
manufacturing,KFC_v2,static,0.9510769230769232,0.08982035928143713
manufacturing,KFC_v2,static,0.9513846153846154,0.08982035928143713
manufacturing,KFC_v2,static,0.9516923076923077,0.08982035928143713
manufacturing,KFC_v2,static,0.9520000000000001,0.08982035928143713
manufacturing,KFC_v2,static,0.9523076923076923,0.08982035928143713
manufacturing,KFC_v2,static,0.9526153846153846,0.08982035928143713
manufacturing,KFC_v2,static,0.952923076923077,0.08982035928143713
manufacturing,KFC_v2,static,0.9532307692307692,0.08982035928143713
manufacturing,KFC_v2,static,0.9535384615384616,0.08982035928143713
manufacturing,KFC_v2,static,0.9538461538461539,0.08982035928143713
manufacturing,KFC_v2,static,0.9541538461538462,0.08982035928143713
manufacturing,KFC_v2,static,0.9544615384615385,0.08982035928143713
manufacturing,KFC_v2,static,0.9547692307692308,0.08982035928143713
manufacturing,KFC_v2,static,0.9550769230769232,0.08982035928143713
manufacturing,KFC_v2,static,0.9553846153846154,0.08982035928143713
manufacturing,KFC_v2,static,0.9556923076923077,0.08982035928143713
manufacturing,KFC_v2,static,0.9560000000000001,0.08982035928143713
manufacturing,KFC_v2,static,0.9563076923076923,0.08982035928143713
manufacturing,KFC_v2,static,0.9566153846153846,0.08982035928143713
manufacturing,KFC_v2,static,0.956923076923077,0.08982035928143713
manufacturing,KFC_v2,static,0.9572307692307692,0.08982035928143713
manufacturing,KFC_v2,static,0.9575384615384616,0.08982035928143713
manufacturing,KFC_v2,static,0.9578461538461539,0.08982035928143713
manufacturing,KFC_v2,static,0.9581538461538461,0.08982035928143713
manufacturing,KFC_v2,static,0.9584615384615385,0.08982035928143713
manufacturing,KFC_v2,static,0.9587692307692308,0.08982035928143713
manufacturing,KFC_v2,static,0.9590769230769232,0.08982035928143713
manufacturing,KFC_v2,static,0.9593846153846154,0.08982035928143713
manufacturing,KFC_v2,static,0.9596923076923077,0.08982035928143713
manufacturing,KFC_v2,static,0.9600000000000001,0.08982035928143713
manufacturing,KFC_v2,static,0.9603076923076923,0.08982035928143713
manufacturing,KFC_v2,static,0.9606153846153846,0.08982035928143713
manufacturing,KFC_v2,static,0.960923076923077,0.08982035928143713
manufacturing,KFC_v2,static,0.9612307692307692,0.08982035928143713
manufacturing,KFC_v2,static,0.9615384615384616,0.08982035928143713
manufacturing,KFC_v2,static,0.9618461538461539,0.08982035928143713
manufacturing,KFC_v2,static,0.9621538461538461,0.08982035928143713
manufacturing,KFC_v2,static,0.9624615384615385,0.08982035928143713
manufacturing,KFC_v2,static,0.9627692307692308,0.08982035928143713
manufacturing,KFC_v2,static,0.9630769230769232,0.08982035928143713
manufacturing,KFC_v2,static,0.9633846153846154,0.08982035928143713
manufacturing,KFC_v2,static,0.9636923076923077,0.08982035928143713
manufacturing,KFC_v2,static,0.9640000000000001,0.08982035928143713
manufacturing,KFC_v2,static,0.9643076923076923,0.08982035928143713
manufacturing,KFC_v2,static,0.9646153846153847,0.08982035928143713
manufacturing,KFC_v2,static,0.964923076923077,0.08982035928143713
manufacturing,KFC_v2,static,0.9652307692307692,0.08982035928143713
manufacturing,KFC_v2,static,0.9655384615384616,0.08982035928143713
manufacturing,KFC_v2,static,0.9658461538461539,0.08383233532934131
manufacturing,KFC_v2,static,0.9661538461538461,0.08383233532934131
manufacturing,KFC_v2,static,0.9664615384615385,0.08383233532934131
manufacturing,KFC_v2,static,0.9667692307692308,0.08383233532934131
manufacturing,KFC_v2,static,0.9670769230769231,0.08383233532934131
manufacturing,KFC_v2,static,0.9673846153846154,0.08383233532934131
manufacturing,KFC_v2,static,0.9676923076923077,0.08383233532934131
manufacturing,KFC_v2,static,0.9680000000000001,0.08383233532934131
manufacturing,KFC_v2,static,0.9683076923076923,0.08383233532934131
manufacturing,KFC_v2,static,0.9686153846153847,0.08383233532934131
manufacturing,KFC_v2,static,0.968923076923077,0.08383233532934131
manufacturing,KFC_v2,static,0.9692307692307692,0.08383233532934131
manufacturing,KFC_v2,static,0.9695384615384616,0.08383233532934131
manufacturing,KFC_v2,static,0.9698461538461539,0.08383233532934131
manufacturing,KFC_v2,static,0.9701538461538461,0.08383233532934131
manufacturing,KFC_v2,static,0.9704615384615385,0.07784431137724551
manufacturing,KFC_v2,static,0.9707692307692308,0.07784431137724551
manufacturing,KFC_v2,static,0.9710769230769231,0.07784431137724551
manufacturing,KFC_v2,static,0.9713846153846154,0.07784431137724551
manufacturing,KFC_v2,static,0.9716923076923077,0.07784431137724551
manufacturing,KFC_v2,static,0.9720000000000001,0.07784431137724551
manufacturing,KFC_v2,static,0.9723076923076923,0.07784431137724551
manufacturing,KFC_v2,static,0.9726153846153847,0.07784431137724551
manufacturing,KFC_v2,static,0.972923076923077,0.07784431137724551
manufacturing,KFC_v2,static,0.9732307692307692,0.07784431137724551
manufacturing,KFC_v2,static,0.9735384615384616,0.07784431137724551
manufacturing,KFC_v2,static,0.9738461538461539,0.07784431137724551
manufacturing,KFC_v2,static,0.9741538461538461,0.07784431137724551
manufacturing,KFC_v2,static,0.9744615384615385,0.07784431137724551
manufacturing,KFC_v2,static,0.9747692307692308,0.07784431137724551
manufacturing,KFC_v2,static,0.9750769230769231,0.07784431137724551
manufacturing,KFC_v2,static,0.9753846153846154,0.07784431137724551
manufacturing,KFC_v2,static,0.9756923076923077,0.07784431137724551
manufacturing,KFC_v2,static,0.976,0.07784431137724551
manufacturing,KFC_v2,static,0.9763076923076923,0.07784431137724551
manufacturing,KFC_v2,static,0.9766153846153847,0.07784431137724551
manufacturing,KFC_v2,static,0.976923076923077,0.07784431137724551
manufacturing,KFC_v2,static,0.9772307692307692,0.07784431137724551
manufacturing,KFC_v2,static,0.9775384615384616,0.07784431137724551
manufacturing,KFC_v2,static,0.9778461538461539,0.07784431137724551
manufacturing,KFC_v2,static,0.9781538461538462,0.07784431137724551
manufacturing,KFC_v2,static,0.9784615384615385,0.0718562874251497
manufacturing,KFC_v2,static,0.9787692307692308,0.0718562874251497
manufacturing,KFC_v2,static,0.9790769230769231,0.0718562874251497
manufacturing,KFC_v2,static,0.9793846153846154,0.0718562874251497
manufacturing,KFC_v2,static,0.9796923076923078,0.0718562874251497
manufacturing,KFC_v2,static,0.98,0.0718562874251497
manufacturing,KFC_v2,static,0.9803076923076923,0.0718562874251497
manufacturing,KFC_v2,static,0.9806153846153847,0.059880239520958084
manufacturing,KFC_v2,static,0.980923076923077,0.059880239520958084
manufacturing,KFC_v2,static,0.9812307692307692,0.05389221556886228
manufacturing,KFC_v2,static,0.9815384615384616,0.05389221556886228
manufacturing,KFC_v2,static,0.9818461538461539,0.05389221556886228
manufacturing,KFC_v2,static,0.9821538461538462,0.05389221556886228
manufacturing,KFC_v2,static,0.9824615384615385,0.05389221556886228
manufacturing,KFC_v2,static,0.9827692307692308,0.05389221556886228
manufacturing,KFC_v2,static,0.9830769230769231,0.05389221556886228
manufacturing,KFC_v2,static,0.9833846153846154,0.05389221556886228
manufacturing,KFC_v2,static,0.9836923076923078,0.05389221556886228
manufacturing,KFC_v2,static,0.984,0.05389221556886228
manufacturing,KFC_v2,static,0.9843076923076923,0.05389221556886228
manufacturing,KFC_v2,static,0.9846153846153847,0.05389221556886228
manufacturing,KFC_v2,static,0.984923076923077,0.05389221556886228
manufacturing,KFC_v2,static,0.9852307692307692,0.05389221556886228
manufacturing,KFC_v2,static,0.9855384615384616,0.05389221556886228
manufacturing,KFC_v2,static,0.9858461538461539,0.05389221556886228
manufacturing,KFC_v2,static,0.9861538461538462,0.05389221556886228
manufacturing,KFC_v2,static,0.9864615384615385,0.05389221556886228
manufacturing,KFC_v2,static,0.9867692307692308,0.05389221556886228
manufacturing,KFC_v2,static,0.9870769230769231,0.05389221556886228
manufacturing,KFC_v2,static,0.9873846153846154,0.05389221556886228
manufacturing,KFC_v2,static,0.9876923076923078,0.05389221556886228
manufacturing,KFC_v2,static,0.988,0.05389221556886228
manufacturing,KFC_v2,static,0.9883076923076923,0.05389221556886228
manufacturing,KFC_v2,static,0.9886153846153847,0.05389221556886228
manufacturing,KFC_v2,static,0.9889230769230769,0.041916167664670656
manufacturing,KFC_v2,static,0.9892307692307692,0.041916167664670656
manufacturing,KFC_v2,static,0.9895384615384616,0.041916167664670656
manufacturing,KFC_v2,static,0.9898461538461539,0.041916167664670656
manufacturing,KFC_v2,static,0.9901538461538462,0.041916167664670656
manufacturing,KFC_v2,static,0.9904615384615385,0.041916167664670656
manufacturing,KFC_v2,static,0.9907692307692308,0.041916167664670656
manufacturing,KFC_v2,static,0.9910769230769231,0.03592814371257485
manufacturing,KFC_v2,static,0.9913846153846154,0.03592814371257485
manufacturing,KFC_v2,static,0.9916923076923078,0.03592814371257485
manufacturing,KFC_v2,static,0.992,0.03592814371257485
manufacturing,KFC_v2,static,0.9923076923076923,0.03592814371257485
manufacturing,KFC_v2,static,0.9926153846153847,0.03592814371257485
manufacturing,KFC_v2,static,0.9929230769230769,0.029940119760479042
manufacturing,KFC_v2,static,0.9932307692307693,0.029940119760479042
manufacturing,KFC_v2,static,0.9935384615384616,0.029940119760479042
manufacturing,KFC_v2,static,0.9938461538461539,0.017964071856287425
manufacturing,KFC_v2,static,0.9941538461538462,0.017964071856287425
manufacturing,KFC_v2,static,0.9944615384615385,0.017964071856287425
manufacturing,KFC_v2,static,0.9947692307692308,0.017964071856287425
manufacturing,KFC_v2,static,0.9950769230769231,0.017964071856287425
manufacturing,KFC_v2,static,0.9953846153846154,0.017964071856287425
manufacturing,KFC_v2,static,0.9956923076923078,0.011976047904191617
manufacturing,KFC_v2,static,0.996,0.011976047904191617
manufacturing,KFC_v2,static,0.9963076923076923,0.011976047904191617
manufacturing,KFC_v2,static,0.9966153846153847,0.011976047904191617
manufacturing,KFC_v2,static,0.9969230769230769,0.011976047904191617
manufacturing,KFC_v2,static,0.9972307692307693,0.011976047904191617
manufacturing,KFC_v2,static,0.9975384615384616,0.011976047904191617
manufacturing,KFC_v2,static,0.9978461538461538,0.011976047904191617
manufacturing,KFC_v2,static,0.9981538461538462,0.011976047904191617
manufacturing,KFC_v2,static,0.9984615384615385,0.011976047904191617
manufacturing,KFC_v2,static,0.9987692307692309,0.011976047904191617
manufacturing,KFC_v2,static,0.9990769230769231,0.011976047904191617
manufacturing,KFC_v2,static,0.9993846153846154,0.011976047904191617
manufacturing,KFC_v2,static,0.9996923076923078,0.011976047904191617
manufacturing,KFC_v2,static,1.0,0.005988023952095809
manufacturing,KFC_v2,iterative,0.0,1.0
manufacturing,KFC_v2,iterative,0.0003076923076923077,1.0
manufacturing,KFC_v2,iterative,0.0006153846153846154,1.0
manufacturing,KFC_v2,iterative,0.0009230769230769232,1.0
manufacturing,KFC_v2,iterative,0.0012307692307692308,1.0
manufacturing,KFC_v2,iterative,0.0015384615384615385,1.0
manufacturing,KFC_v2,iterative,0.0018461538461538463,1.0
manufacturing,KFC_v2,iterative,0.0021538461538461538,1.0
manufacturing,KFC_v2,iterative,0.0024615384615384616,1.0
manufacturing,KFC_v2,iterative,0.0027692307692307695,1.0
manufacturing,KFC_v2,iterative,0.003076923076923077,1.0
manufacturing,KFC_v2,iterative,0.003384615384615385,1.0
manufacturing,KFC_v2,iterative,0.0036923076923076927,1.0
manufacturing,KFC_v2,iterative,0.004,1.0
manufacturing,KFC_v2,iterative,0.0043076923076923075,1.0
manufacturing,KFC_v2,iterative,0.004615384615384616,1.0
manufacturing,KFC_v2,iterative,0.004923076923076923,1.0
manufacturing,KFC_v2,iterative,0.005230769230769231,1.0
manufacturing,KFC_v2,iterative,0.005538461538461539,1.0
manufacturing,KFC_v2,iterative,0.005846153846153846,1.0
manufacturing,KFC_v2,iterative,0.006153846153846154,1.0
manufacturing,KFC_v2,iterative,0.006461538461538462,1.0
manufacturing,KFC_v2,iterative,0.00676923076923077,1.0
manufacturing,KFC_v2,iterative,0.007076923076923077,1.0
manufacturing,KFC_v2,iterative,0.007384615384615385,1.0
manufacturing,KFC_v2,iterative,0.007692307692307693,1.0
manufacturing,KFC_v2,iterative,0.008,1.0
manufacturing,KFC_v2,iterative,0.008307692307692308,1.0
manufacturing,KFC_v2,iterative,0.008615384615384615,1.0
manufacturing,KFC_v2,iterative,0.008923076923076924,1.0
manufacturing,KFC_v2,iterative,0.009230769230769232,1.0
manufacturing,KFC_v2,iterative,0.009538461538461539,1.0
manufacturing,KFC_v2,iterative,0.009846153846153846,1.0
manufacturing,KFC_v2,iterative,0.010153846153846154,1.0
manufacturing,KFC_v2,iterative,0.010461538461538461,1.0
manufacturing,KFC_v2,iterative,0.010769230769230769,1.0
manufacturing,KFC_v2,iterative,0.011076923076923078,1.0
manufacturing,KFC_v2,iterative,0.011384615384615385,1.0
manufacturing,KFC_v2,iterative,0.011692307692307693,1.0
manufacturing,KFC_v2,iterative,0.012,1.0
manufacturing,KFC_v2,iterative,0.012307692307692308,1.0
manufacturing,KFC_v2,iterative,0.012615384615384615,1.0
manufacturing,KFC_v2,iterative,0.012923076923076924,1.0
manufacturing,KFC_v2,iterative,0.013230769230769232,1.0
manufacturing,KFC_v2,iterative,0.01353846153846154,1.0
manufacturing,KFC_v2,iterative,0.013846153846153847,1.0
manufacturing,KFC_v2,iterative,0.014153846153846154,1.0
manufacturing,KFC_v2,iterative,0.014461538461538461,1.0
manufacturing,KFC_v2,iterative,0.01476923076923077,1.0
manufacturing,KFC_v2,iterative,0.015076923076923078,1.0
manufacturing,KFC_v2,iterative,0.015384615384615385,1.0
manufacturing,KFC_v2,iterative,0.015692307692307693,1.0
manufacturing,KFC_v2,iterative,0.016,1.0
manufacturing,KFC_v2,iterative,0.016307692307692308,1.0
manufacturing,KFC_v2,iterative,0.016615384615384615,1.0
manufacturing,KFC_v2,iterative,0.016923076923076923,1.0
manufacturing,KFC_v2,iterative,0.01723076923076923,1.0
manufacturing,KFC_v2,iterative,0.017538461538461537,1.0
manufacturing,KFC_v2,iterative,0.01784615384615385,1.0
manufacturing,KFC_v2,iterative,0.018153846153846156,1.0
manufacturing,KFC_v2,iterative,0.018461538461538463,1.0
manufacturing,KFC_v2,iterative,0.01876923076923077,1.0
manufacturing,KFC_v2,iterative,0.019076923076923078,1.0
manufacturing,KFC_v2,iterative,0.019384615384615386,1.0
manufacturing,KFC_v2,iterative,0.019692307692307693,1.0
manufacturing,KFC_v2,iterative,0.02,1.0
manufacturing,KFC_v2,iterative,0.020307692307692308,1.0
manufacturing,KFC_v2,iterative,0.020615384615384615,1.0
manufacturing,KFC_v2,iterative,0.020923076923076923,1.0
manufacturing,KFC_v2,iterative,0.02123076923076923,1.0
manufacturing,KFC_v2,iterative,0.021538461538461538,1.0
manufacturing,KFC_v2,iterative,0.02184615384615385,1.0
manufacturing,KFC_v2,iterative,0.022153846153846156,1.0
manufacturing,KFC_v2,iterative,0.022461538461538463,1.0
manufacturing,KFC_v2,iterative,0.02276923076923077,1.0
manufacturing,KFC_v2,iterative,0.023076923076923078,1.0
manufacturing,KFC_v2,iterative,0.023384615384615386,1.0
manufacturing,KFC_v2,iterative,0.023692307692307693,1.0
manufacturing,KFC_v2,iterative,0.024,1.0
manufacturing,KFC_v2,iterative,0.024307692307692308,1.0
manufacturing,KFC_v2,iterative,0.024615384615384615,1.0
manufacturing,KFC_v2,iterative,0.024923076923076923,1.0
manufacturing,KFC_v2,iterative,0.02523076923076923,1.0
manufacturing,KFC_v2,iterative,0.025538461538461538,1.0
manufacturing,KFC_v2,iterative,0.02584615384615385,1.0
manufacturing,KFC_v2,iterative,0.026153846153846156,1.0
manufacturing,KFC_v2,iterative,0.026461538461538463,1.0
manufacturing,KFC_v2,iterative,0.02676923076923077,1.0
manufacturing,KFC_v2,iterative,0.02707692307692308,1.0
manufacturing,KFC_v2,iterative,0.027384615384615386,1.0
manufacturing,KFC_v2,iterative,0.027692307692307693,1.0
manufacturing,KFC_v2,iterative,0.028,1.0
manufacturing,KFC_v2,iterative,0.028307692307692308,1.0
manufacturing,KFC_v2,iterative,0.028615384615384615,1.0
manufacturing,KFC_v2,iterative,0.028923076923076923,1.0
manufacturing,KFC_v2,iterative,0.02923076923076923,1.0
manufacturing,KFC_v2,iterative,0.02953846153846154,1.0
manufacturing,KFC_v2,iterative,0.02984615384615385,1.0
manufacturing,KFC_v2,iterative,0.030153846153846156,1.0
manufacturing,KFC_v2,iterative,0.030461538461538464,1.0
manufacturing,KFC_v2,iterative,0.03076923076923077,1.0
manufacturing,KFC_v2,iterative,0.03107692307692308,1.0
manufacturing,KFC_v2,iterative,0.031384615384615386,1.0
manufacturing,KFC_v2,iterative,0.03169230769230769,1.0
manufacturing,KFC_v2,iterative,0.032,1.0
manufacturing,KFC_v2,iterative,0.03230769230769231,1.0
manufacturing,KFC_v2,iterative,0.032615384615384616,1.0
manufacturing,KFC_v2,iterative,0.03292307692307692,1.0
manufacturing,KFC_v2,iterative,0.03323076923076923,1.0
manufacturing,KFC_v2,iterative,0.03353846153846154,1.0
manufacturing,KFC_v2,iterative,0.033846153846153845,1.0
manufacturing,KFC_v2,iterative,0.03415384615384615,1.0
manufacturing,KFC_v2,iterative,0.03446153846153846,1.0
manufacturing,KFC_v2,iterative,0.03476923076923077,1.0
manufacturing,KFC_v2,iterative,0.035076923076923075,1.0
manufacturing,KFC_v2,iterative,0.03538461538461538,1.0
manufacturing,KFC_v2,iterative,0.0356923076923077,1.0
manufacturing,KFC_v2,iterative,0.036000000000000004,1.0
manufacturing,KFC_v2,iterative,0.03630769230769231,1.0
manufacturing,KFC_v2,iterative,0.03661538461538462,1.0
manufacturing,KFC_v2,iterative,0.036923076923076927,1.0
manufacturing,KFC_v2,iterative,0.037230769230769234,1.0
manufacturing,KFC_v2,iterative,0.03753846153846154,1.0
manufacturing,KFC_v2,iterative,0.03784615384615385,1.0
manufacturing,KFC_v2,iterative,0.038153846153846156,1.0
manufacturing,KFC_v2,iterative,0.038461538461538464,1.0
manufacturing,KFC_v2,iterative,0.03876923076923077,1.0
manufacturing,KFC_v2,iterative,0.03907692307692308,1.0
manufacturing,KFC_v2,iterative,0.039384615384615386,1.0
manufacturing,KFC_v2,iterative,0.03969230769230769,1.0
manufacturing,KFC_v2,iterative,0.04,1.0
manufacturing,KFC_v2,iterative,0.04030769230769231,1.0
manufacturing,KFC_v2,iterative,0.040615384615384616,1.0
manufacturing,KFC_v2,iterative,0.04092307692307692,1.0
manufacturing,KFC_v2,iterative,0.04123076923076923,1.0
manufacturing,KFC_v2,iterative,0.04153846153846154,1.0
manufacturing,KFC_v2,iterative,0.041846153846153845,1.0
manufacturing,KFC_v2,iterative,0.04215384615384615,1.0
manufacturing,KFC_v2,iterative,0.04246153846153846,1.0
manufacturing,KFC_v2,iterative,0.04276923076923077,1.0
manufacturing,KFC_v2,iterative,0.043076923076923075,1.0
manufacturing,KFC_v2,iterative,0.04338461538461539,1.0
manufacturing,KFC_v2,iterative,0.0436923076923077,1.0
manufacturing,KFC_v2,iterative,0.044000000000000004,1.0
manufacturing,KFC_v2,iterative,0.04430769230769231,1.0
manufacturing,KFC_v2,iterative,0.04461538461538462,1.0
manufacturing,KFC_v2,iterative,0.04492307692307693,1.0
manufacturing,KFC_v2,iterative,0.045230769230769234,1.0
manufacturing,KFC_v2,iterative,0.04553846153846154,1.0
manufacturing,KFC_v2,iterative,0.04584615384615385,1.0
manufacturing,KFC_v2,iterative,0.046153846153846156,1.0
manufacturing,KFC_v2,iterative,0.046461538461538464,1.0
manufacturing,KFC_v2,iterative,0.04676923076923077,1.0
manufacturing,KFC_v2,iterative,0.04707692307692308,1.0
manufacturing,KFC_v2,iterative,0.047384615384615386,1.0
manufacturing,KFC_v2,iterative,0.047692307692307694,1.0
manufacturing,KFC_v2,iterative,0.048,1.0
manufacturing,KFC_v2,iterative,0.04830769230769231,1.0
manufacturing,KFC_v2,iterative,0.048615384615384616,1.0
manufacturing,KFC_v2,iterative,0.04892307692307692,1.0
manufacturing,KFC_v2,iterative,0.04923076923076923,1.0
manufacturing,KFC_v2,iterative,0.04953846153846154,1.0
manufacturing,KFC_v2,iterative,0.049846153846153846,1.0
manufacturing,KFC_v2,iterative,0.05015384615384615,1.0
manufacturing,KFC_v2,iterative,0.05046153846153846,1.0
manufacturing,KFC_v2,iterative,0.05076923076923077,1.0
manufacturing,KFC_v2,iterative,0.051076923076923075,1.0
manufacturing,KFC_v2,iterative,0.05138461538461539,1.0
manufacturing,KFC_v2,iterative,0.0516923076923077,1.0
manufacturing,KFC_v2,iterative,0.052000000000000005,1.0
manufacturing,KFC_v2,iterative,0.05230769230769231,1.0
manufacturing,KFC_v2,iterative,0.05261538461538462,1.0
manufacturing,KFC_v2,iterative,0.05292307692307693,1.0
manufacturing,KFC_v2,iterative,0.053230769230769234,1.0
manufacturing,KFC_v2,iterative,0.05353846153846154,1.0
manufacturing,KFC_v2,iterative,0.05384615384615385,1.0
manufacturing,KFC_v2,iterative,0.05415384615384616,1.0
manufacturing,KFC_v2,iterative,0.054461538461538464,1.0
manufacturing,KFC_v2,iterative,0.05476923076923077,1.0
manufacturing,KFC_v2,iterative,0.05507692307692308,1.0
manufacturing,KFC_v2,iterative,0.055384615384615386,1.0
manufacturing,KFC_v2,iterative,0.055692307692307694,1.0
manufacturing,KFC_v2,iterative,0.056,1.0
manufacturing,KFC_v2,iterative,0.05630769230769231,1.0
manufacturing,KFC_v2,iterative,0.056615384615384616,1.0
manufacturing,KFC_v2,iterative,0.05692307692307692,1.0
manufacturing,KFC_v2,iterative,0.05723076923076923,1.0
manufacturing,KFC_v2,iterative,0.05753846153846154,1.0
manufacturing,KFC_v2,iterative,0.057846153846153846,1.0
manufacturing,KFC_v2,iterative,0.05815384615384615,1.0
manufacturing,KFC_v2,iterative,0.05846153846153846,1.0
manufacturing,KFC_v2,iterative,0.05876923076923077,1.0
manufacturing,KFC_v2,iterative,0.05907692307692308,1.0
manufacturing,KFC_v2,iterative,0.05938461538461539,1.0
manufacturing,KFC_v2,iterative,0.0596923076923077,1.0
manufacturing,KFC_v2,iterative,0.060000000000000005,1.0
manufacturing,KFC_v2,iterative,0.06030769230769231,1.0
manufacturing,KFC_v2,iterative,0.06061538461538462,1.0
manufacturing,KFC_v2,iterative,0.06092307692307693,1.0
manufacturing,KFC_v2,iterative,0.061230769230769234,1.0
manufacturing,KFC_v2,iterative,0.06153846153846154,1.0
manufacturing,KFC_v2,iterative,0.06184615384615385,1.0
manufacturing,KFC_v2,iterative,0.06215384615384616,1.0
manufacturing,KFC_v2,iterative,0.062461538461538464,1.0
manufacturing,KFC_v2,iterative,0.06276923076923077,1.0
manufacturing,KFC_v2,iterative,0.06307692307692309,1.0
manufacturing,KFC_v2,iterative,0.06338461538461539,1.0
manufacturing,KFC_v2,iterative,0.0636923076923077,1.0
manufacturing,KFC_v2,iterative,0.064,1.0
manufacturing,KFC_v2,iterative,0.06430769230769232,1.0
manufacturing,KFC_v2,iterative,0.06461538461538462,1.0
manufacturing,KFC_v2,iterative,0.06492307692307693,1.0
manufacturing,KFC_v2,iterative,0.06523076923076923,1.0
manufacturing,KFC_v2,iterative,0.06553846153846155,1.0
manufacturing,KFC_v2,iterative,0.06584615384615385,1.0
manufacturing,KFC_v2,iterative,0.06615384615384616,1.0
manufacturing,KFC_v2,iterative,0.06646153846153846,1.0
manufacturing,KFC_v2,iterative,0.06676923076923078,1.0
manufacturing,KFC_v2,iterative,0.06707692307692308,1.0
manufacturing,KFC_v2,iterative,0.06738461538461539,1.0
manufacturing,KFC_v2,iterative,0.06769230769230769,1.0
manufacturing,KFC_v2,iterative,0.068,1.0
manufacturing,KFC_v2,iterative,0.0683076923076923,1.0
manufacturing,KFC_v2,iterative,0.06861538461538462,1.0
manufacturing,KFC_v2,iterative,0.06892307692307692,1.0
manufacturing,KFC_v2,iterative,0.06923076923076923,1.0
manufacturing,KFC_v2,iterative,0.06953846153846154,1.0
manufacturing,KFC_v2,iterative,0.06984615384615385,1.0
manufacturing,KFC_v2,iterative,0.07015384615384615,1.0
manufacturing,KFC_v2,iterative,0.07046153846153846,1.0
manufacturing,KFC_v2,iterative,0.07076923076923076,1.0
manufacturing,KFC_v2,iterative,0.07107692307692308,1.0
manufacturing,KFC_v2,iterative,0.0713846153846154,1.0
manufacturing,KFC_v2,iterative,0.0716923076923077,1.0
manufacturing,KFC_v2,iterative,0.07200000000000001,1.0
manufacturing,KFC_v2,iterative,0.07230769230769231,1.0
manufacturing,KFC_v2,iterative,0.07261538461538462,1.0
manufacturing,KFC_v2,iterative,0.07292307692307692,1.0
manufacturing,KFC_v2,iterative,0.07323076923076924,1.0
manufacturing,KFC_v2,iterative,0.07353846153846154,1.0
manufacturing,KFC_v2,iterative,0.07384615384615385,1.0
manufacturing,KFC_v2,iterative,0.07415384615384615,1.0
manufacturing,KFC_v2,iterative,0.07446153846153847,1.0
manufacturing,KFC_v2,iterative,0.07476923076923077,1.0
manufacturing,KFC_v2,iterative,0.07507692307692308,1.0
manufacturing,KFC_v2,iterative,0.07538461538461538,1.0
manufacturing,KFC_v2,iterative,0.0756923076923077,1.0
manufacturing,KFC_v2,iterative,0.076,1.0
manufacturing,KFC_v2,iterative,0.07630769230769231,1.0
manufacturing,KFC_v2,iterative,0.07661538461538461,1.0
manufacturing,KFC_v2,iterative,0.07692307692307693,1.0
manufacturing,KFC_v2,iterative,0.07723076923076923,1.0
manufacturing,KFC_v2,iterative,0.07753846153846154,1.0
manufacturing,KFC_v2,iterative,0.07784615384615384,1.0
manufacturing,KFC_v2,iterative,0.07815384615384616,1.0
manufacturing,KFC_v2,iterative,0.07846153846153846,1.0
manufacturing,KFC_v2,iterative,0.07876923076923077,1.0
manufacturing,KFC_v2,iterative,0.07907692307692309,1.0
manufacturing,KFC_v2,iterative,0.07938461538461539,1.0
manufacturing,KFC_v2,iterative,0.0796923076923077,1.0
manufacturing,KFC_v2,iterative,0.08,1.0
manufacturing,KFC_v2,iterative,0.08030769230769232,1.0
manufacturing,KFC_v2,iterative,0.08061538461538462,1.0
manufacturing,KFC_v2,iterative,0.08092307692307693,1.0
manufacturing,KFC_v2,iterative,0.08123076923076923,1.0
manufacturing,KFC_v2,iterative,0.08153846153846155,1.0
manufacturing,KFC_v2,iterative,0.08184615384615385,1.0
manufacturing,KFC_v2,iterative,0.08215384615384616,1.0
manufacturing,KFC_v2,iterative,0.08246153846153846,1.0
manufacturing,KFC_v2,iterative,0.08276923076923078,1.0
manufacturing,KFC_v2,iterative,0.08307692307692308,1.0
manufacturing,KFC_v2,iterative,0.08338461538461539,1.0
manufacturing,KFC_v2,iterative,0.08369230769230769,1.0
manufacturing,KFC_v2,iterative,0.084,1.0
manufacturing,KFC_v2,iterative,0.0843076923076923,1.0
manufacturing,KFC_v2,iterative,0.08461538461538462,1.0
manufacturing,KFC_v2,iterative,0.08492307692307692,1.0
manufacturing,KFC_v2,iterative,0.08523076923076923,1.0
manufacturing,KFC_v2,iterative,0.08553846153846154,1.0
manufacturing,KFC_v2,iterative,0.08584615384615385,1.0
manufacturing,KFC_v2,iterative,0.08615384615384615,1.0
manufacturing,KFC_v2,iterative,0.08646153846153846,1.0
manufacturing,KFC_v2,iterative,0.08676923076923078,1.0
manufacturing,KFC_v2,iterative,0.08707692307692308,1.0
manufacturing,KFC_v2,iterative,0.0873846153846154,1.0
manufacturing,KFC_v2,iterative,0.0876923076923077,1.0
manufacturing,KFC_v2,iterative,0.08800000000000001,1.0
manufacturing,KFC_v2,iterative,0.08830769230769231,1.0
manufacturing,KFC_v2,iterative,0.08861538461538462,1.0
manufacturing,KFC_v2,iterative,0.08892307692307692,1.0
manufacturing,KFC_v2,iterative,0.08923076923076924,1.0
manufacturing,KFC_v2,iterative,0.08953846153846154,1.0
manufacturing,KFC_v2,iterative,0.08984615384615385,1.0
manufacturing,KFC_v2,iterative,0.09015384615384615,1.0
manufacturing,KFC_v2,iterative,0.09046153846153847,1.0
manufacturing,KFC_v2,iterative,0.09076923076923077,1.0
manufacturing,KFC_v2,iterative,0.09107692307692308,1.0
manufacturing,KFC_v2,iterative,0.09138461538461538,1.0
manufacturing,KFC_v2,iterative,0.0916923076923077,1.0
manufacturing,KFC_v2,iterative,0.092,1.0
manufacturing,KFC_v2,iterative,0.09230769230769231,1.0
manufacturing,KFC_v2,iterative,0.09261538461538461,1.0
manufacturing,KFC_v2,iterative,0.09292307692307693,1.0
manufacturing,KFC_v2,iterative,0.09323076923076923,1.0
manufacturing,KFC_v2,iterative,0.09353846153846154,1.0
manufacturing,KFC_v2,iterative,0.09384615384615384,1.0
manufacturing,KFC_v2,iterative,0.09415384615384616,1.0
manufacturing,KFC_v2,iterative,0.09446153846153846,1.0
manufacturing,KFC_v2,iterative,0.09476923076923077,1.0
manufacturing,KFC_v2,iterative,0.09507692307692309,1.0
manufacturing,KFC_v2,iterative,0.09538461538461539,1.0
manufacturing,KFC_v2,iterative,0.0956923076923077,1.0
manufacturing,KFC_v2,iterative,0.096,1.0
manufacturing,KFC_v2,iterative,0.09630769230769232,1.0
manufacturing,KFC_v2,iterative,0.09661538461538462,1.0
manufacturing,KFC_v2,iterative,0.09692307692307693,1.0
manufacturing,KFC_v2,iterative,0.09723076923076923,1.0
manufacturing,KFC_v2,iterative,0.09753846153846155,1.0
manufacturing,KFC_v2,iterative,0.09784615384615385,1.0
manufacturing,KFC_v2,iterative,0.09815384615384616,1.0
manufacturing,KFC_v2,iterative,0.09846153846153846,1.0
manufacturing,KFC_v2,iterative,0.09876923076923078,1.0
manufacturing,KFC_v2,iterative,0.09907692307692308,1.0
manufacturing,KFC_v2,iterative,0.09938461538461539,1.0
manufacturing,KFC_v2,iterative,0.09969230769230769,1.0
manufacturing,KFC_v2,iterative,0.1,1.0
manufacturing,KFC_v2,iterative,0.1003076923076923,1.0
manufacturing,KFC_v2,iterative,0.10061538461538462,1.0
manufacturing,KFC_v2,iterative,0.10092307692307692,1.0
manufacturing,KFC_v2,iterative,0.10123076923076924,1.0
manufacturing,KFC_v2,iterative,0.10153846153846154,1.0
manufacturing,KFC_v2,iterative,0.10184615384615385,1.0
manufacturing,KFC_v2,iterative,0.10215384615384615,1.0
manufacturing,KFC_v2,iterative,0.10246153846153847,1.0
manufacturing,KFC_v2,iterative,0.10276923076923078,1.0
manufacturing,KFC_v2,iterative,0.10307692307692308,1.0
manufacturing,KFC_v2,iterative,0.1033846153846154,1.0
manufacturing,KFC_v2,iterative,0.1036923076923077,1.0
manufacturing,KFC_v2,iterative,0.10400000000000001,1.0
manufacturing,KFC_v2,iterative,0.10430769230769231,1.0
manufacturing,KFC_v2,iterative,0.10461538461538462,1.0
manufacturing,KFC_v2,iterative,0.10492307692307692,1.0
manufacturing,KFC_v2,iterative,0.10523076923076924,1.0
manufacturing,KFC_v2,iterative,0.10553846153846154,1.0
manufacturing,KFC_v2,iterative,0.10584615384615385,1.0
manufacturing,KFC_v2,iterative,0.10615384615384615,1.0
manufacturing,KFC_v2,iterative,0.10646153846153847,1.0
manufacturing,KFC_v2,iterative,0.10676923076923077,1.0
manufacturing,KFC_v2,iterative,0.10707692307692308,1.0
manufacturing,KFC_v2,iterative,0.10738461538461538,1.0
manufacturing,KFC_v2,iterative,0.1076923076923077,1.0
manufacturing,KFC_v2,iterative,0.108,1.0
manufacturing,KFC_v2,iterative,0.10830769230769231,1.0
manufacturing,KFC_v2,iterative,0.10861538461538461,1.0
manufacturing,KFC_v2,iterative,0.10892307692307693,1.0
manufacturing,KFC_v2,iterative,0.10923076923076923,1.0
manufacturing,KFC_v2,iterative,0.10953846153846154,1.0
manufacturing,KFC_v2,iterative,0.10984615384615384,1.0
manufacturing,KFC_v2,iterative,0.11015384615384616,1.0
manufacturing,KFC_v2,iterative,0.11046153846153847,1.0
manufacturing,KFC_v2,iterative,0.11076923076923077,1.0
manufacturing,KFC_v2,iterative,0.11107692307692309,1.0
manufacturing,KFC_v2,iterative,0.11138461538461539,1.0
manufacturing,KFC_v2,iterative,0.1116923076923077,1.0
manufacturing,KFC_v2,iterative,0.112,1.0
manufacturing,KFC_v2,iterative,0.11230769230769232,1.0
manufacturing,KFC_v2,iterative,0.11261538461538462,1.0
manufacturing,KFC_v2,iterative,0.11292307692307693,1.0
manufacturing,KFC_v2,iterative,0.11323076923076923,1.0
manufacturing,KFC_v2,iterative,0.11353846153846155,1.0
manufacturing,KFC_v2,iterative,0.11384615384615385,1.0
manufacturing,KFC_v2,iterative,0.11415384615384616,1.0
manufacturing,KFC_v2,iterative,0.11446153846153846,1.0
manufacturing,KFC_v2,iterative,0.11476923076923078,1.0
manufacturing,KFC_v2,iterative,0.11507692307692308,1.0
manufacturing,KFC_v2,iterative,0.11538461538461539,1.0
manufacturing,KFC_v2,iterative,0.11569230769230769,1.0
manufacturing,KFC_v2,iterative,0.116,1.0
manufacturing,KFC_v2,iterative,0.1163076923076923,1.0
manufacturing,KFC_v2,iterative,0.11661538461538462,1.0
manufacturing,KFC_v2,iterative,0.11692307692307692,1.0
manufacturing,KFC_v2,iterative,0.11723076923076924,1.0
manufacturing,KFC_v2,iterative,0.11753846153846154,1.0
manufacturing,KFC_v2,iterative,0.11784615384615385,1.0
manufacturing,KFC_v2,iterative,0.11815384615384616,1.0
manufacturing,KFC_v2,iterative,0.11846153846153847,1.0
manufacturing,KFC_v2,iterative,0.11876923076923078,1.0
manufacturing,KFC_v2,iterative,0.11907692307692308,1.0
manufacturing,KFC_v2,iterative,0.1193846153846154,1.0
manufacturing,KFC_v2,iterative,0.1196923076923077,1.0
manufacturing,KFC_v2,iterative,0.12000000000000001,1.0
manufacturing,KFC_v2,iterative,0.12030769230769231,1.0
manufacturing,KFC_v2,iterative,0.12061538461538462,1.0
manufacturing,KFC_v2,iterative,0.12092307692307692,1.0
manufacturing,KFC_v2,iterative,0.12123076923076924,1.0
manufacturing,KFC_v2,iterative,0.12153846153846154,1.0
manufacturing,KFC_v2,iterative,0.12184615384615385,1.0
manufacturing,KFC_v2,iterative,0.12215384615384615,1.0
manufacturing,KFC_v2,iterative,0.12246153846153847,1.0
manufacturing,KFC_v2,iterative,0.12276923076923077,1.0
manufacturing,KFC_v2,iterative,0.12307692307692308,1.0
manufacturing,KFC_v2,iterative,0.12338461538461538,1.0
manufacturing,KFC_v2,iterative,0.1236923076923077,1.0
manufacturing,KFC_v2,iterative,0.124,1.0
manufacturing,KFC_v2,iterative,0.12430769230769231,1.0
manufacturing,KFC_v2,iterative,0.12461538461538461,1.0
manufacturing,KFC_v2,iterative,0.12492307692307693,1.0
manufacturing,KFC_v2,iterative,0.12523076923076923,1.0
manufacturing,KFC_v2,iterative,0.12553846153846154,1.0
manufacturing,KFC_v2,iterative,0.12584615384615386,1.0
manufacturing,KFC_v2,iterative,0.12615384615384617,1.0
manufacturing,KFC_v2,iterative,0.12646153846153846,1.0
manufacturing,KFC_v2,iterative,0.12676923076923077,1.0
manufacturing,KFC_v2,iterative,0.1270769230769231,1.0
manufacturing,KFC_v2,iterative,0.1273846153846154,1.0
manufacturing,KFC_v2,iterative,0.1276923076923077,1.0
manufacturing,KFC_v2,iterative,0.128,1.0
manufacturing,KFC_v2,iterative,0.12830769230769232,1.0
manufacturing,KFC_v2,iterative,0.12861538461538463,1.0
manufacturing,KFC_v2,iterative,0.12892307692307692,1.0
manufacturing,KFC_v2,iterative,0.12923076923076923,1.0
manufacturing,KFC_v2,iterative,0.12953846153846155,1.0
manufacturing,KFC_v2,iterative,0.12984615384615386,1.0
manufacturing,KFC_v2,iterative,0.13015384615384615,1.0
manufacturing,KFC_v2,iterative,0.13046153846153846,1.0
manufacturing,KFC_v2,iterative,0.13076923076923078,1.0
manufacturing,KFC_v2,iterative,0.1310769230769231,1.0
manufacturing,KFC_v2,iterative,0.13138461538461538,1.0
manufacturing,KFC_v2,iterative,0.1316923076923077,1.0
manufacturing,KFC_v2,iterative,0.132,1.0
manufacturing,KFC_v2,iterative,0.13230769230769232,1.0
manufacturing,KFC_v2,iterative,0.1326153846153846,1.0
manufacturing,KFC_v2,iterative,0.13292307692307692,1.0
manufacturing,KFC_v2,iterative,0.13323076923076924,1.0
manufacturing,KFC_v2,iterative,0.13353846153846155,1.0
manufacturing,KFC_v2,iterative,0.13384615384615384,1.0
manufacturing,KFC_v2,iterative,0.13415384615384615,1.0
manufacturing,KFC_v2,iterative,0.13446153846153847,1.0
manufacturing,KFC_v2,iterative,0.13476923076923078,1.0
manufacturing,KFC_v2,iterative,0.1350769230769231,1.0
manufacturing,KFC_v2,iterative,0.13538461538461538,1.0
manufacturing,KFC_v2,iterative,0.1356923076923077,1.0
manufacturing,KFC_v2,iterative,0.136,1.0
manufacturing,KFC_v2,iterative,0.13630769230769232,1.0
manufacturing,KFC_v2,iterative,0.1366153846153846,1.0
manufacturing,KFC_v2,iterative,0.13692307692307693,1.0
manufacturing,KFC_v2,iterative,0.13723076923076924,1.0
manufacturing,KFC_v2,iterative,0.13753846153846155,1.0
manufacturing,KFC_v2,iterative,0.13784615384615384,1.0
manufacturing,KFC_v2,iterative,0.13815384615384615,1.0
manufacturing,KFC_v2,iterative,0.13846153846153847,1.0
manufacturing,KFC_v2,iterative,0.13876923076923078,1.0
manufacturing,KFC_v2,iterative,0.13907692307692307,1.0
manufacturing,KFC_v2,iterative,0.13938461538461538,1.0
manufacturing,KFC_v2,iterative,0.1396923076923077,1.0
manufacturing,KFC_v2,iterative,0.14,1.0
manufacturing,KFC_v2,iterative,0.1403076923076923,1.0
manufacturing,KFC_v2,iterative,0.14061538461538461,1.0
manufacturing,KFC_v2,iterative,0.14092307692307693,1.0
manufacturing,KFC_v2,iterative,0.14123076923076924,1.0
manufacturing,KFC_v2,iterative,0.14153846153846153,1.0
manufacturing,KFC_v2,iterative,0.14184615384615384,1.0
manufacturing,KFC_v2,iterative,0.14215384615384616,1.0
manufacturing,KFC_v2,iterative,0.14246153846153847,1.0
manufacturing,KFC_v2,iterative,0.1427692307692308,1.0
manufacturing,KFC_v2,iterative,0.14307692307692307,1.0
manufacturing,KFC_v2,iterative,0.1433846153846154,1.0
manufacturing,KFC_v2,iterative,0.1436923076923077,1.0
manufacturing,KFC_v2,iterative,0.14400000000000002,1.0
manufacturing,KFC_v2,iterative,0.1443076923076923,1.0
manufacturing,KFC_v2,iterative,0.14461538461538462,1.0
manufacturing,KFC_v2,iterative,0.14492307692307693,1.0
manufacturing,KFC_v2,iterative,0.14523076923076925,1.0
manufacturing,KFC_v2,iterative,0.14553846153846153,1.0
manufacturing,KFC_v2,iterative,0.14584615384615385,1.0
manufacturing,KFC_v2,iterative,0.14615384615384616,1.0
manufacturing,KFC_v2,iterative,0.14646153846153848,1.0
manufacturing,KFC_v2,iterative,0.14676923076923076,1.0
manufacturing,KFC_v2,iterative,0.14707692307692308,1.0
manufacturing,KFC_v2,iterative,0.1473846153846154,1.0
manufacturing,KFC_v2,iterative,0.1476923076923077,1.0
manufacturing,KFC_v2,iterative,0.148,1.0
manufacturing,KFC_v2,iterative,0.1483076923076923,1.0
manufacturing,KFC_v2,iterative,0.14861538461538462,1.0
manufacturing,KFC_v2,iterative,0.14892307692307694,1.0
manufacturing,KFC_v2,iterative,0.14923076923076922,1.0
manufacturing,KFC_v2,iterative,0.14953846153846154,1.0
manufacturing,KFC_v2,iterative,0.14984615384615385,1.0
manufacturing,KFC_v2,iterative,0.15015384615384617,1.0
manufacturing,KFC_v2,iterative,0.15046153846153848,1.0
manufacturing,KFC_v2,iterative,0.15076923076923077,1.0
manufacturing,KFC_v2,iterative,0.15107692307692308,1.0
manufacturing,KFC_v2,iterative,0.1513846153846154,1.0
manufacturing,KFC_v2,iterative,0.1516923076923077,1.0
manufacturing,KFC_v2,iterative,0.152,1.0
manufacturing,KFC_v2,iterative,0.1523076923076923,1.0
manufacturing,KFC_v2,iterative,0.15261538461538462,1.0
manufacturing,KFC_v2,iterative,0.15292307692307694,1.0
manufacturing,KFC_v2,iterative,0.15323076923076923,1.0
manufacturing,KFC_v2,iterative,0.15353846153846154,1.0
manufacturing,KFC_v2,iterative,0.15384615384615385,1.0
manufacturing,KFC_v2,iterative,0.15415384615384617,1.0
manufacturing,KFC_v2,iterative,0.15446153846153846,1.0
manufacturing,KFC_v2,iterative,0.15476923076923077,1.0
manufacturing,KFC_v2,iterative,0.15507692307692308,1.0
manufacturing,KFC_v2,iterative,0.1553846153846154,1.0
manufacturing,KFC_v2,iterative,0.15569230769230769,1.0
manufacturing,KFC_v2,iterative,0.156,1.0
manufacturing,KFC_v2,iterative,0.15630769230769231,1.0
manufacturing,KFC_v2,iterative,0.15661538461538463,1.0
manufacturing,KFC_v2,iterative,0.15692307692307692,1.0
manufacturing,KFC_v2,iterative,0.15723076923076923,1.0
manufacturing,KFC_v2,iterative,0.15753846153846154,1.0
manufacturing,KFC_v2,iterative,0.15784615384615386,1.0
manufacturing,KFC_v2,iterative,0.15815384615384617,1.0
manufacturing,KFC_v2,iterative,0.15846153846153846,1.0
manufacturing,KFC_v2,iterative,0.15876923076923077,1.0
manufacturing,KFC_v2,iterative,0.1590769230769231,1.0
manufacturing,KFC_v2,iterative,0.1593846153846154,1.0
manufacturing,KFC_v2,iterative,0.1596923076923077,1.0
manufacturing,KFC_v2,iterative,0.16,1.0
manufacturing,KFC_v2,iterative,0.16030769230769232,1.0
manufacturing,KFC_v2,iterative,0.16061538461538463,1.0
manufacturing,KFC_v2,iterative,0.16092307692307692,1.0
manufacturing,KFC_v2,iterative,0.16123076923076923,1.0
manufacturing,KFC_v2,iterative,0.16153846153846155,1.0
manufacturing,KFC_v2,iterative,0.16184615384615386,1.0
manufacturing,KFC_v2,iterative,0.16215384615384615,1.0
manufacturing,KFC_v2,iterative,0.16246153846153846,1.0
manufacturing,KFC_v2,iterative,0.16276923076923078,1.0
manufacturing,KFC_v2,iterative,0.1630769230769231,1.0
manufacturing,KFC_v2,iterative,0.16338461538461538,1.0
manufacturing,KFC_v2,iterative,0.1636923076923077,1.0
manufacturing,KFC_v2,iterative,0.164,1.0
manufacturing,KFC_v2,iterative,0.16430769230769232,1.0
manufacturing,KFC_v2,iterative,0.1646153846153846,1.0
manufacturing,KFC_v2,iterative,0.16492307692307692,1.0
manufacturing,KFC_v2,iterative,0.16523076923076924,1.0
manufacturing,KFC_v2,iterative,0.16553846153846155,1.0
manufacturing,KFC_v2,iterative,0.16584615384615387,1.0
manufacturing,KFC_v2,iterative,0.16615384615384615,1.0
manufacturing,KFC_v2,iterative,0.16646153846153847,1.0
manufacturing,KFC_v2,iterative,0.16676923076923078,1.0
manufacturing,KFC_v2,iterative,0.1670769230769231,1.0
manufacturing,KFC_v2,iterative,0.16738461538461538,1.0
manufacturing,KFC_v2,iterative,0.1676923076923077,1.0
manufacturing,KFC_v2,iterative,0.168,1.0
manufacturing,KFC_v2,iterative,0.16830769230769232,1.0
manufacturing,KFC_v2,iterative,0.1686153846153846,1.0
manufacturing,KFC_v2,iterative,0.16892307692307693,1.0
manufacturing,KFC_v2,iterative,0.16923076923076924,1.0
manufacturing,KFC_v2,iterative,0.16953846153846155,1.0
manufacturing,KFC_v2,iterative,0.16984615384615384,1.0
manufacturing,KFC_v2,iterative,0.17015384615384616,1.0
manufacturing,KFC_v2,iterative,0.17046153846153847,1.0
manufacturing,KFC_v2,iterative,0.17076923076923078,1.0
manufacturing,KFC_v2,iterative,0.17107692307692307,1.0
manufacturing,KFC_v2,iterative,0.17138461538461539,1.0
manufacturing,KFC_v2,iterative,0.1716923076923077,1.0
manufacturing,KFC_v2,iterative,0.17200000000000001,1.0
manufacturing,KFC_v2,iterative,0.1723076923076923,1.0
manufacturing,KFC_v2,iterative,0.17261538461538461,1.0
manufacturing,KFC_v2,iterative,0.17292307692307693,1.0
manufacturing,KFC_v2,iterative,0.17323076923076924,1.0
manufacturing,KFC_v2,iterative,0.17353846153846156,1.0
manufacturing,KFC_v2,iterative,0.17384615384615384,1.0
manufacturing,KFC_v2,iterative,0.17415384615384616,1.0
manufacturing,KFC_v2,iterative,0.17446153846153847,1.0
manufacturing,KFC_v2,iterative,0.1747692307692308,1.0
manufacturing,KFC_v2,iterative,0.17507692307692307,1.0
manufacturing,KFC_v2,iterative,0.1753846153846154,1.0
manufacturing,KFC_v2,iterative,0.1756923076923077,1.0
manufacturing,KFC_v2,iterative,0.17600000000000002,1.0
manufacturing,KFC_v2,iterative,0.1763076923076923,1.0
manufacturing,KFC_v2,iterative,0.17661538461538462,1.0
manufacturing,KFC_v2,iterative,0.17692307692307693,1.0
manufacturing,KFC_v2,iterative,0.17723076923076925,1.0
manufacturing,KFC_v2,iterative,0.17753846153846153,1.0
manufacturing,KFC_v2,iterative,0.17784615384615385,1.0
manufacturing,KFC_v2,iterative,0.17815384615384616,1.0
manufacturing,KFC_v2,iterative,0.17846153846153848,1.0
manufacturing,KFC_v2,iterative,0.17876923076923076,1.0
manufacturing,KFC_v2,iterative,0.17907692307692308,1.0
manufacturing,KFC_v2,iterative,0.1793846153846154,1.0
manufacturing,KFC_v2,iterative,0.1796923076923077,1.0
manufacturing,KFC_v2,iterative,0.18,1.0
manufacturing,KFC_v2,iterative,0.1803076923076923,1.0
manufacturing,KFC_v2,iterative,0.18061538461538462,1.0
manufacturing,KFC_v2,iterative,0.18092307692307694,1.0
manufacturing,KFC_v2,iterative,0.18123076923076925,1.0
manufacturing,KFC_v2,iterative,0.18153846153846154,1.0
manufacturing,KFC_v2,iterative,0.18184615384615385,1.0
manufacturing,KFC_v2,iterative,0.18215384615384617,1.0
manufacturing,KFC_v2,iterative,0.18246153846153848,1.0
manufacturing,KFC_v2,iterative,0.18276923076923077,1.0
manufacturing,KFC_v2,iterative,0.18307692307692308,1.0
manufacturing,KFC_v2,iterative,0.1833846153846154,1.0
manufacturing,KFC_v2,iterative,0.1836923076923077,1.0
manufacturing,KFC_v2,iterative,0.184,1.0
manufacturing,KFC_v2,iterative,0.1843076923076923,1.0
manufacturing,KFC_v2,iterative,0.18461538461538463,1.0
manufacturing,KFC_v2,iterative,0.18492307692307694,1.0
manufacturing,KFC_v2,iterative,0.18523076923076923,1.0
manufacturing,KFC_v2,iterative,0.18553846153846154,1.0
manufacturing,KFC_v2,iterative,0.18584615384615386,1.0
manufacturing,KFC_v2,iterative,0.18615384615384617,1.0
manufacturing,KFC_v2,iterative,0.18646153846153846,1.0
manufacturing,KFC_v2,iterative,0.18676923076923077,1.0
manufacturing,KFC_v2,iterative,0.18707692307692309,1.0
manufacturing,KFC_v2,iterative,0.1873846153846154,1.0
manufacturing,KFC_v2,iterative,0.18769230769230769,1.0
manufacturing,KFC_v2,iterative,0.188,1.0
manufacturing,KFC_v2,iterative,0.18830769230769231,1.0
manufacturing,KFC_v2,iterative,0.18861538461538463,1.0
manufacturing,KFC_v2,iterative,0.18892307692307692,1.0
manufacturing,KFC_v2,iterative,0.18923076923076923,1.0
manufacturing,KFC_v2,iterative,0.18953846153846154,1.0
manufacturing,KFC_v2,iterative,0.18984615384615386,1.0
manufacturing,KFC_v2,iterative,0.19015384615384617,1.0
manufacturing,KFC_v2,iterative,0.19046153846153846,1.0
manufacturing,KFC_v2,iterative,0.19076923076923077,1.0
manufacturing,KFC_v2,iterative,0.1910769230769231,1.0
manufacturing,KFC_v2,iterative,0.1913846153846154,1.0
manufacturing,KFC_v2,iterative,0.1916923076923077,1.0
manufacturing,KFC_v2,iterative,0.192,1.0
manufacturing,KFC_v2,iterative,0.19230769230769232,1.0
manufacturing,KFC_v2,iterative,0.19261538461538463,1.0
manufacturing,KFC_v2,iterative,0.19292307692307692,1.0
manufacturing,KFC_v2,iterative,0.19323076923076923,1.0
manufacturing,KFC_v2,iterative,0.19353846153846155,1.0
manufacturing,KFC_v2,iterative,0.19384615384615386,1.0
manufacturing,KFC_v2,iterative,0.19415384615384615,1.0
manufacturing,KFC_v2,iterative,0.19446153846153846,1.0
manufacturing,KFC_v2,iterative,0.19476923076923078,1.0
manufacturing,KFC_v2,iterative,0.1950769230769231,1.0
manufacturing,KFC_v2,iterative,0.19538461538461538,1.0
manufacturing,KFC_v2,iterative,0.1956923076923077,1.0
manufacturing,KFC_v2,iterative,0.196,1.0
manufacturing,KFC_v2,iterative,0.19630769230769232,1.0
manufacturing,KFC_v2,iterative,0.1966153846153846,1.0
manufacturing,KFC_v2,iterative,0.19692307692307692,1.0
manufacturing,KFC_v2,iterative,0.19723076923076924,1.0
manufacturing,KFC_v2,iterative,0.19753846153846155,1.0
manufacturing,KFC_v2,iterative,0.19784615384615387,1.0
manufacturing,KFC_v2,iterative,0.19815384615384615,1.0
manufacturing,KFC_v2,iterative,0.19846153846153847,1.0
manufacturing,KFC_v2,iterative,0.19876923076923078,1.0
manufacturing,KFC_v2,iterative,0.1990769230769231,1.0
manufacturing,KFC_v2,iterative,0.19938461538461538,1.0
manufacturing,KFC_v2,iterative,0.1996923076923077,1.0
manufacturing,KFC_v2,iterative,0.2,1.0
manufacturing,KFC_v2,iterative,0.20030769230769233,1.0
manufacturing,KFC_v2,iterative,0.2006153846153846,1.0
manufacturing,KFC_v2,iterative,0.20092307692307693,1.0
manufacturing,KFC_v2,iterative,0.20123076923076924,1.0
manufacturing,KFC_v2,iterative,0.20153846153846156,1.0
manufacturing,KFC_v2,iterative,0.20184615384615384,1.0
manufacturing,KFC_v2,iterative,0.20215384615384616,1.0
manufacturing,KFC_v2,iterative,0.20246153846153847,1.0
manufacturing,KFC_v2,iterative,0.20276923076923078,1.0
manufacturing,KFC_v2,iterative,0.20307692307692307,1.0
manufacturing,KFC_v2,iterative,0.20338461538461539,1.0
manufacturing,KFC_v2,iterative,0.2036923076923077,1.0
manufacturing,KFC_v2,iterative,0.20400000000000001,1.0
manufacturing,KFC_v2,iterative,0.2043076923076923,1.0
manufacturing,KFC_v2,iterative,0.20461538461538462,1.0
manufacturing,KFC_v2,iterative,0.20492307692307693,1.0
manufacturing,KFC_v2,iterative,0.20523076923076924,1.0
manufacturing,KFC_v2,iterative,0.20553846153846156,1.0
manufacturing,KFC_v2,iterative,0.20584615384615385,1.0
manufacturing,KFC_v2,iterative,0.20615384615384616,1.0
manufacturing,KFC_v2,iterative,0.20646153846153847,1.0
manufacturing,KFC_v2,iterative,0.2067692307692308,1.0
manufacturing,KFC_v2,iterative,0.20707692307692308,1.0
manufacturing,KFC_v2,iterative,0.2073846153846154,1.0
manufacturing,KFC_v2,iterative,0.2076923076923077,1.0
manufacturing,KFC_v2,iterative,0.20800000000000002,1.0
manufacturing,KFC_v2,iterative,0.2083076923076923,1.0
manufacturing,KFC_v2,iterative,0.20861538461538462,1.0
manufacturing,KFC_v2,iterative,0.20892307692307693,1.0
manufacturing,KFC_v2,iterative,0.20923076923076925,1.0
manufacturing,KFC_v2,iterative,0.20953846153846153,1.0
manufacturing,KFC_v2,iterative,0.20984615384615385,1.0
manufacturing,KFC_v2,iterative,0.21015384615384616,1.0
manufacturing,KFC_v2,iterative,0.21046153846153848,1.0
manufacturing,KFC_v2,iterative,0.21076923076923076,1.0
manufacturing,KFC_v2,iterative,0.21107692307692308,1.0
manufacturing,KFC_v2,iterative,0.2113846153846154,1.0
manufacturing,KFC_v2,iterative,0.2116923076923077,1.0
manufacturing,KFC_v2,iterative,0.212,1.0
manufacturing,KFC_v2,iterative,0.2123076923076923,1.0
manufacturing,KFC_v2,iterative,0.21261538461538462,1.0
manufacturing,KFC_v2,iterative,0.21292307692307694,1.0
manufacturing,KFC_v2,iterative,0.21323076923076925,1.0
manufacturing,KFC_v2,iterative,0.21353846153846154,1.0
manufacturing,KFC_v2,iterative,0.21384615384615385,1.0
manufacturing,KFC_v2,iterative,0.21415384615384617,1.0
manufacturing,KFC_v2,iterative,0.21446153846153848,1.0
manufacturing,KFC_v2,iterative,0.21476923076923077,1.0
manufacturing,KFC_v2,iterative,0.21507692307692308,1.0
manufacturing,KFC_v2,iterative,0.2153846153846154,1.0
manufacturing,KFC_v2,iterative,0.2156923076923077,1.0
manufacturing,KFC_v2,iterative,0.216,1.0
manufacturing,KFC_v2,iterative,0.2163076923076923,1.0
manufacturing,KFC_v2,iterative,0.21661538461538463,1.0
manufacturing,KFC_v2,iterative,0.21692307692307694,1.0
manufacturing,KFC_v2,iterative,0.21723076923076923,1.0
manufacturing,KFC_v2,iterative,0.21753846153846154,1.0
manufacturing,KFC_v2,iterative,0.21784615384615386,1.0
manufacturing,KFC_v2,iterative,0.21815384615384617,1.0
manufacturing,KFC_v2,iterative,0.21846153846153846,1.0
manufacturing,KFC_v2,iterative,0.21876923076923077,1.0
manufacturing,KFC_v2,iterative,0.21907692307692309,1.0
manufacturing,KFC_v2,iterative,0.2193846153846154,1.0
manufacturing,KFC_v2,iterative,0.2196923076923077,1.0
manufacturing,KFC_v2,iterative,0.22,1.0
manufacturing,KFC_v2,iterative,0.22030769230769232,1.0
manufacturing,KFC_v2,iterative,0.22061538461538463,1.0
manufacturing,KFC_v2,iterative,0.22092307692307694,1.0
manufacturing,KFC_v2,iterative,0.22123076923076923,1.0
manufacturing,KFC_v2,iterative,0.22153846153846155,1.0
manufacturing,KFC_v2,iterative,0.22184615384615386,1.0
manufacturing,KFC_v2,iterative,0.22215384615384617,1.0
manufacturing,KFC_v2,iterative,0.22246153846153846,1.0
manufacturing,KFC_v2,iterative,0.22276923076923077,1.0
manufacturing,KFC_v2,iterative,0.2230769230769231,1.0
manufacturing,KFC_v2,iterative,0.2233846153846154,1.0
manufacturing,KFC_v2,iterative,0.2236923076923077,1.0
manufacturing,KFC_v2,iterative,0.224,1.0
manufacturing,KFC_v2,iterative,0.22430769230769232,1.0
manufacturing,KFC_v2,iterative,0.22461538461538463,1.0
manufacturing,KFC_v2,iterative,0.22492307692307692,1.0
manufacturing,KFC_v2,iterative,0.22523076923076923,1.0
manufacturing,KFC_v2,iterative,0.22553846153846155,1.0
manufacturing,KFC_v2,iterative,0.22584615384615386,1.0
manufacturing,KFC_v2,iterative,0.22615384615384615,1.0
manufacturing,KFC_v2,iterative,0.22646153846153846,1.0
manufacturing,KFC_v2,iterative,0.22676923076923078,1.0
manufacturing,KFC_v2,iterative,0.2270769230769231,1.0
manufacturing,KFC_v2,iterative,0.22738461538461538,1.0
manufacturing,KFC_v2,iterative,0.2276923076923077,1.0
manufacturing,KFC_v2,iterative,0.228,1.0
manufacturing,KFC_v2,iterative,0.22830769230769232,1.0
manufacturing,KFC_v2,iterative,0.22861538461538464,1.0
manufacturing,KFC_v2,iterative,0.22892307692307692,1.0
manufacturing,KFC_v2,iterative,0.22923076923076924,1.0
manufacturing,KFC_v2,iterative,0.22953846153846155,1.0
manufacturing,KFC_v2,iterative,0.22984615384615387,1.0
manufacturing,KFC_v2,iterative,0.23015384615384615,1.0
manufacturing,KFC_v2,iterative,0.23046153846153847,1.0
manufacturing,KFC_v2,iterative,0.23076923076923078,1.0
manufacturing,KFC_v2,iterative,0.2310769230769231,1.0
manufacturing,KFC_v2,iterative,0.23138461538461538,1.0
manufacturing,KFC_v2,iterative,0.2316923076923077,1.0
manufacturing,KFC_v2,iterative,0.232,1.0
manufacturing,KFC_v2,iterative,0.23230769230769233,1.0
manufacturing,KFC_v2,iterative,0.2326153846153846,1.0
manufacturing,KFC_v2,iterative,0.23292307692307693,1.0
manufacturing,KFC_v2,iterative,0.23323076923076924,1.0
manufacturing,KFC_v2,iterative,0.23353846153846156,1.0
manufacturing,KFC_v2,iterative,0.23384615384615384,1.0
manufacturing,KFC_v2,iterative,0.23415384615384616,1.0
manufacturing,KFC_v2,iterative,0.23446153846153847,1.0
manufacturing,KFC_v2,iterative,0.23476923076923079,1.0
manufacturing,KFC_v2,iterative,0.23507692307692307,1.0
manufacturing,KFC_v2,iterative,0.2353846153846154,1.0
manufacturing,KFC_v2,iterative,0.2356923076923077,1.0
manufacturing,KFC_v2,iterative,0.23600000000000002,1.0
manufacturing,KFC_v2,iterative,0.23630769230769233,1.0
manufacturing,KFC_v2,iterative,0.23661538461538462,1.0
manufacturing,KFC_v2,iterative,0.23692307692307693,1.0
manufacturing,KFC_v2,iterative,0.23723076923076925,1.0
manufacturing,KFC_v2,iterative,0.23753846153846156,1.0
manufacturing,KFC_v2,iterative,0.23784615384615385,1.0
manufacturing,KFC_v2,iterative,0.23815384615384616,1.0
manufacturing,KFC_v2,iterative,0.23846153846153847,1.0
manufacturing,KFC_v2,iterative,0.2387692307692308,1.0
manufacturing,KFC_v2,iterative,0.23907692307692308,1.0
manufacturing,KFC_v2,iterative,0.2393846153846154,1.0
manufacturing,KFC_v2,iterative,0.2396923076923077,1.0
manufacturing,KFC_v2,iterative,0.24000000000000002,1.0
manufacturing,KFC_v2,iterative,0.2403076923076923,1.0
manufacturing,KFC_v2,iterative,0.24061538461538462,1.0
manufacturing,KFC_v2,iterative,0.24092307692307693,1.0
manufacturing,KFC_v2,iterative,0.24123076923076925,1.0
manufacturing,KFC_v2,iterative,0.24153846153846154,1.0
manufacturing,KFC_v2,iterative,0.24184615384615385,1.0
manufacturing,KFC_v2,iterative,0.24215384615384616,1.0
manufacturing,KFC_v2,iterative,0.24246153846153848,1.0
manufacturing,KFC_v2,iterative,0.24276923076923076,1.0
manufacturing,KFC_v2,iterative,0.24307692307692308,1.0
manufacturing,KFC_v2,iterative,0.2433846153846154,1.0
manufacturing,KFC_v2,iterative,0.2436923076923077,1.0
manufacturing,KFC_v2,iterative,0.244,1.0
manufacturing,KFC_v2,iterative,0.2443076923076923,1.0
manufacturing,KFC_v2,iterative,0.24461538461538462,1.0
manufacturing,KFC_v2,iterative,0.24492307692307694,1.0
manufacturing,KFC_v2,iterative,0.24523076923076925,1.0
manufacturing,KFC_v2,iterative,0.24553846153846154,1.0
manufacturing,KFC_v2,iterative,0.24584615384615385,1.0
manufacturing,KFC_v2,iterative,0.24615384615384617,1.0
manufacturing,KFC_v2,iterative,0.24646153846153848,1.0
manufacturing,KFC_v2,iterative,0.24676923076923077,1.0
manufacturing,KFC_v2,iterative,0.24707692307692308,1.0
manufacturing,KFC_v2,iterative,0.2473846153846154,1.0
manufacturing,KFC_v2,iterative,0.2476923076923077,1.0
manufacturing,KFC_v2,iterative,0.248,1.0
manufacturing,KFC_v2,iterative,0.2483076923076923,1.0
manufacturing,KFC_v2,iterative,0.24861538461538463,1.0
manufacturing,KFC_v2,iterative,0.24892307692307694,1.0
manufacturing,KFC_v2,iterative,0.24923076923076923,1.0
manufacturing,KFC_v2,iterative,0.24953846153846154,1.0
manufacturing,KFC_v2,iterative,0.24984615384615386,1.0
manufacturing,KFC_v2,iterative,0.25015384615384617,1.0
manufacturing,KFC_v2,iterative,0.25046153846153846,1.0
manufacturing,KFC_v2,iterative,0.2507692307692308,1.0
manufacturing,KFC_v2,iterative,0.2510769230769231,1.0
manufacturing,KFC_v2,iterative,0.2513846153846154,1.0
manufacturing,KFC_v2,iterative,0.2516923076923077,1.0
manufacturing,KFC_v2,iterative,0.252,1.0
manufacturing,KFC_v2,iterative,0.25230769230769234,1.0
manufacturing,KFC_v2,iterative,0.25261538461538463,1.0
manufacturing,KFC_v2,iterative,0.2529230769230769,1.0
manufacturing,KFC_v2,iterative,0.25323076923076926,1.0
manufacturing,KFC_v2,iterative,0.25353846153846155,1.0
manufacturing,KFC_v2,iterative,0.25384615384615383,1.0
manufacturing,KFC_v2,iterative,0.2541538461538462,1.0
manufacturing,KFC_v2,iterative,0.25446153846153846,1.0
manufacturing,KFC_v2,iterative,0.2547692307692308,1.0
manufacturing,KFC_v2,iterative,0.2550769230769231,1.0
manufacturing,KFC_v2,iterative,0.2553846153846154,1.0
manufacturing,KFC_v2,iterative,0.2556923076923077,1.0
manufacturing,KFC_v2,iterative,0.256,1.0
manufacturing,KFC_v2,iterative,0.2563076923076923,1.0
manufacturing,KFC_v2,iterative,0.25661538461538463,1.0
manufacturing,KFC_v2,iterative,0.2569230769230769,1.0
manufacturing,KFC_v2,iterative,0.25723076923076926,1.0
manufacturing,KFC_v2,iterative,0.25753846153846155,1.0
manufacturing,KFC_v2,iterative,0.25784615384615384,1.0
manufacturing,KFC_v2,iterative,0.2581538461538462,1.0
manufacturing,KFC_v2,iterative,0.25846153846153846,1.0
manufacturing,KFC_v2,iterative,0.25876923076923075,1.0
manufacturing,KFC_v2,iterative,0.2590769230769231,1.0
manufacturing,KFC_v2,iterative,0.2593846153846154,1.0
manufacturing,KFC_v2,iterative,0.2596923076923077,1.0
manufacturing,KFC_v2,iterative,0.26,1.0
manufacturing,KFC_v2,iterative,0.2603076923076923,1.0
manufacturing,KFC_v2,iterative,0.26061538461538464,1.0
manufacturing,KFC_v2,iterative,0.2609230769230769,1.0
manufacturing,KFC_v2,iterative,0.26123076923076927,1.0
manufacturing,KFC_v2,iterative,0.26153846153846155,1.0
manufacturing,KFC_v2,iterative,0.26184615384615384,1.0
manufacturing,KFC_v2,iterative,0.2621538461538462,1.0
manufacturing,KFC_v2,iterative,0.26246153846153847,1.0
manufacturing,KFC_v2,iterative,0.26276923076923075,1.0
manufacturing,KFC_v2,iterative,0.2630769230769231,1.0
manufacturing,KFC_v2,iterative,0.2633846153846154,1.0
manufacturing,KFC_v2,iterative,0.2636923076923077,1.0
manufacturing,KFC_v2,iterative,0.264,1.0
manufacturing,KFC_v2,iterative,0.2643076923076923,1.0
manufacturing,KFC_v2,iterative,0.26461538461538464,1.0
manufacturing,KFC_v2,iterative,0.26492307692307693,1.0
manufacturing,KFC_v2,iterative,0.2652307692307692,1.0
manufacturing,KFC_v2,iterative,0.26553846153846156,1.0
manufacturing,KFC_v2,iterative,0.26584615384615384,1.0
manufacturing,KFC_v2,iterative,0.2661538461538462,1.0
manufacturing,KFC_v2,iterative,0.26646153846153847,1.0
manufacturing,KFC_v2,iterative,0.26676923076923076,1.0
manufacturing,KFC_v2,iterative,0.2670769230769231,1.0
manufacturing,KFC_v2,iterative,0.2673846153846154,1.0
manufacturing,KFC_v2,iterative,0.2676923076923077,1.0
manufacturing,KFC_v2,iterative,0.268,1.0
manufacturing,KFC_v2,iterative,0.2683076923076923,1.0
manufacturing,KFC_v2,iterative,0.26861538461538464,1.0
manufacturing,KFC_v2,iterative,0.26892307692307693,1.0
manufacturing,KFC_v2,iterative,0.2692307692307692,1.0
manufacturing,KFC_v2,iterative,0.26953846153846156,1.0
manufacturing,KFC_v2,iterative,0.26984615384615385,1.0
manufacturing,KFC_v2,iterative,0.2701538461538462,1.0
manufacturing,KFC_v2,iterative,0.2704615384615385,1.0
manufacturing,KFC_v2,iterative,0.27076923076923076,1.0
manufacturing,KFC_v2,iterative,0.2710769230769231,1.0
manufacturing,KFC_v2,iterative,0.2713846153846154,1.0
manufacturing,KFC_v2,iterative,0.2716923076923077,1.0
manufacturing,KFC_v2,iterative,0.272,1.0
manufacturing,KFC_v2,iterative,0.2723076923076923,1.0
manufacturing,KFC_v2,iterative,0.27261538461538465,1.0
manufacturing,KFC_v2,iterative,0.27292307692307693,1.0
manufacturing,KFC_v2,iterative,0.2732307692307692,1.0
manufacturing,KFC_v2,iterative,0.27353846153846156,1.0
manufacturing,KFC_v2,iterative,0.27384615384615385,1.0
manufacturing,KFC_v2,iterative,0.27415384615384614,1.0
manufacturing,KFC_v2,iterative,0.2744615384615385,1.0
manufacturing,KFC_v2,iterative,0.27476923076923077,1.0
manufacturing,KFC_v2,iterative,0.2750769230769231,1.0
manufacturing,KFC_v2,iterative,0.2753846153846154,1.0
manufacturing,KFC_v2,iterative,0.2756923076923077,1.0
manufacturing,KFC_v2,iterative,0.276,1.0
manufacturing,KFC_v2,iterative,0.2763076923076923,1.0
manufacturing,KFC_v2,iterative,0.27661538461538465,1.0
manufacturing,KFC_v2,iterative,0.27692307692307694,1.0
manufacturing,KFC_v2,iterative,0.2772307692307692,1.0
manufacturing,KFC_v2,iterative,0.27753846153846157,1.0
manufacturing,KFC_v2,iterative,0.27784615384615385,1.0
manufacturing,KFC_v2,iterative,0.27815384615384614,1.0
manufacturing,KFC_v2,iterative,0.2784615384615385,1.0
manufacturing,KFC_v2,iterative,0.27876923076923077,1.0
manufacturing,KFC_v2,iterative,0.2790769230769231,1.0
manufacturing,KFC_v2,iterative,0.2793846153846154,1.0
manufacturing,KFC_v2,iterative,0.2796923076923077,1.0
manufacturing,KFC_v2,iterative,0.28,1.0
manufacturing,KFC_v2,iterative,0.2803076923076923,1.0
manufacturing,KFC_v2,iterative,0.2806153846153846,1.0
manufacturing,KFC_v2,iterative,0.28092307692307694,1.0
manufacturing,KFC_v2,iterative,0.28123076923076923,1.0
manufacturing,KFC_v2,iterative,0.28153846153846157,1.0
manufacturing,KFC_v2,iterative,0.28184615384615386,1.0
manufacturing,KFC_v2,iterative,0.28215384615384614,1.0
manufacturing,KFC_v2,iterative,0.2824615384615385,1.0
manufacturing,KFC_v2,iterative,0.2827692307692308,1.0
manufacturing,KFC_v2,iterative,0.28307692307692306,1.0
manufacturing,KFC_v2,iterative,0.2833846153846154,1.0
manufacturing,KFC_v2,iterative,0.2836923076923077,1.0
manufacturing,KFC_v2,iterative,0.28400000000000003,1.0
manufacturing,KFC_v2,iterative,0.2843076923076923,1.0
manufacturing,KFC_v2,iterative,0.2846153846153846,1.0
manufacturing,KFC_v2,iterative,0.28492307692307695,1.0
manufacturing,KFC_v2,iterative,0.28523076923076923,1.0
manufacturing,KFC_v2,iterative,0.2855384615384616,1.0
manufacturing,KFC_v2,iterative,0.28584615384615386,1.0
manufacturing,KFC_v2,iterative,0.28615384615384615,1.0
manufacturing,KFC_v2,iterative,0.2864615384615385,1.0
manufacturing,KFC_v2,iterative,0.2867692307692308,1.0
manufacturing,KFC_v2,iterative,0.28707692307692306,1.0
manufacturing,KFC_v2,iterative,0.2873846153846154,1.0
manufacturing,KFC_v2,iterative,0.2876923076923077,1.0
manufacturing,KFC_v2,iterative,0.28800000000000003,1.0
manufacturing,KFC_v2,iterative,0.2883076923076923,1.0
manufacturing,KFC_v2,iterative,0.2886153846153846,1.0
manufacturing,KFC_v2,iterative,0.28892307692307695,1.0
manufacturing,KFC_v2,iterative,0.28923076923076924,1.0
manufacturing,KFC_v2,iterative,0.2895384615384615,1.0
manufacturing,KFC_v2,iterative,0.28984615384615386,1.0
manufacturing,KFC_v2,iterative,0.29015384615384615,1.0
manufacturing,KFC_v2,iterative,0.2904615384615385,1.0
manufacturing,KFC_v2,iterative,0.2907692307692308,1.0
manufacturing,KFC_v2,iterative,0.29107692307692307,1.0
manufacturing,KFC_v2,iterative,0.2913846153846154,1.0
manufacturing,KFC_v2,iterative,0.2916923076923077,1.0
manufacturing,KFC_v2,iterative,0.29200000000000004,1.0
manufacturing,KFC_v2,iterative,0.2923076923076923,1.0
manufacturing,KFC_v2,iterative,0.2926153846153846,1.0
manufacturing,KFC_v2,iterative,0.29292307692307695,1.0
manufacturing,KFC_v2,iterative,0.29323076923076924,1.0
manufacturing,KFC_v2,iterative,0.2935384615384615,1.0
manufacturing,KFC_v2,iterative,0.29384615384615387,1.0
manufacturing,KFC_v2,iterative,0.29415384615384615,1.0
manufacturing,KFC_v2,iterative,0.2944615384615385,1.0
manufacturing,KFC_v2,iterative,0.2947692307692308,1.0
manufacturing,KFC_v2,iterative,0.29507692307692307,1.0
manufacturing,KFC_v2,iterative,0.2953846153846154,1.0
manufacturing,KFC_v2,iterative,0.2956923076923077,1.0
manufacturing,KFC_v2,iterative,0.296,1.0
manufacturing,KFC_v2,iterative,0.2963076923076923,1.0
manufacturing,KFC_v2,iterative,0.2966153846153846,1.0
manufacturing,KFC_v2,iterative,0.29692307692307696,1.0
manufacturing,KFC_v2,iterative,0.29723076923076924,1.0
manufacturing,KFC_v2,iterative,0.29753846153846153,1.0
manufacturing,KFC_v2,iterative,0.29784615384615387,1.0
manufacturing,KFC_v2,iterative,0.29815384615384616,1.0
manufacturing,KFC_v2,iterative,0.29846153846153844,1.0
manufacturing,KFC_v2,iterative,0.2987692307692308,1.0
manufacturing,KFC_v2,iterative,0.2990769230769231,1.0
manufacturing,KFC_v2,iterative,0.2993846153846154,1.0
manufacturing,KFC_v2,iterative,0.2996923076923077,1.0
manufacturing,KFC_v2,iterative,0.3,1.0
manufacturing,KFC_v2,iterative,0.30030769230769233,1.0
manufacturing,KFC_v2,iterative,0.3006153846153846,1.0
manufacturing,KFC_v2,iterative,0.30092307692307696,1.0
manufacturing,KFC_v2,iterative,0.30123076923076925,1.0
manufacturing,KFC_v2,iterative,0.30153846153846153,1.0
manufacturing,KFC_v2,iterative,0.3018461538461539,1.0
manufacturing,KFC_v2,iterative,0.30215384615384616,1.0
manufacturing,KFC_v2,iterative,0.30246153846153845,1.0
manufacturing,KFC_v2,iterative,0.3027692307692308,1.0
manufacturing,KFC_v2,iterative,0.3030769230769231,1.0
manufacturing,KFC_v2,iterative,0.3033846153846154,1.0
manufacturing,KFC_v2,iterative,0.3036923076923077,1.0
manufacturing,KFC_v2,iterative,0.304,1.0
manufacturing,KFC_v2,iterative,0.30430769230769233,1.0
manufacturing,KFC_v2,iterative,0.3046153846153846,1.0
manufacturing,KFC_v2,iterative,0.3049230769230769,1.0
manufacturing,KFC_v2,iterative,0.30523076923076925,1.0
manufacturing,KFC_v2,iterative,0.30553846153846154,1.0
manufacturing,KFC_v2,iterative,0.3058461538461539,1.0
manufacturing,KFC_v2,iterative,0.30615384615384617,1.0
manufacturing,KFC_v2,iterative,0.30646153846153845,1.0
manufacturing,KFC_v2,iterative,0.3067692307692308,1.0
manufacturing,KFC_v2,iterative,0.3070769230769231,1.0
manufacturing,KFC_v2,iterative,0.3073846153846154,1.0
manufacturing,KFC_v2,iterative,0.3076923076923077,1.0
manufacturing,KFC_v2,iterative,0.308,1.0
manufacturing,KFC_v2,iterative,0.30830769230769234,1.0
manufacturing,KFC_v2,iterative,0.3086153846153846,1.0
manufacturing,KFC_v2,iterative,0.3089230769230769,1.0
manufacturing,KFC_v2,iterative,0.30923076923076925,1.0
manufacturing,KFC_v2,iterative,0.30953846153846154,1.0
manufacturing,KFC_v2,iterative,0.3098461538461539,1.0
manufacturing,KFC_v2,iterative,0.31015384615384617,1.0
manufacturing,KFC_v2,iterative,0.31046153846153846,1.0
manufacturing,KFC_v2,iterative,0.3107692307692308,1.0
manufacturing,KFC_v2,iterative,0.3110769230769231,1.0
manufacturing,KFC_v2,iterative,0.31138461538461537,1.0
manufacturing,KFC_v2,iterative,0.3116923076923077,1.0
manufacturing,KFC_v2,iterative,0.312,1.0
manufacturing,KFC_v2,iterative,0.31230769230769234,1.0
manufacturing,KFC_v2,iterative,0.31261538461538463,1.0
manufacturing,KFC_v2,iterative,0.3129230769230769,1.0
manufacturing,KFC_v2,iterative,0.31323076923076926,1.0
manufacturing,KFC_v2,iterative,0.31353846153846154,1.0
manufacturing,KFC_v2,iterative,0.31384615384615383,1.0
manufacturing,KFC_v2,iterative,0.3141538461538462,0.7724550898203593
manufacturing,KFC_v2,iterative,0.31446153846153846,0.7724550898203593
manufacturing,KFC_v2,iterative,0.3147692307692308,0.7724550898203593
manufacturing,KFC_v2,iterative,0.3150769230769231,0.7724550898203593
manufacturing,KFC_v2,iterative,0.3153846153846154,0.7724550898203593
manufacturing,KFC_v2,iterative,0.3156923076923077,0.7724550898203593
manufacturing,KFC_v2,iterative,0.316,0.7724550898203593
manufacturing,KFC_v2,iterative,0.31630769230769235,0.7724550898203593
manufacturing,KFC_v2,iterative,0.31661538461538463,0.7724550898203593
manufacturing,KFC_v2,iterative,0.3169230769230769,0.7724550898203593
manufacturing,KFC_v2,iterative,0.31723076923076926,0.7724550898203593
manufacturing,KFC_v2,iterative,0.31753846153846155,0.7724550898203593
manufacturing,KFC_v2,iterative,0.31784615384615383,0.7724550898203593
manufacturing,KFC_v2,iterative,0.3181538461538462,0.7724550898203593
manufacturing,KFC_v2,iterative,0.31846153846153846,0.7724550898203593
manufacturing,KFC_v2,iterative,0.3187692307692308,0.7724550898203593
manufacturing,KFC_v2,iterative,0.3190769230769231,0.7724550898203593
manufacturing,KFC_v2,iterative,0.3193846153846154,0.7724550898203593
manufacturing,KFC_v2,iterative,0.3196923076923077,0.7724550898203593
manufacturing,KFC_v2,iterative,0.32,0.7724550898203593
manufacturing,KFC_v2,iterative,0.3203076923076923,0.7724550898203593
manufacturing,KFC_v2,iterative,0.32061538461538464,0.7724550898203593
manufacturing,KFC_v2,iterative,0.3209230769230769,0.7724550898203593
manufacturing,KFC_v2,iterative,0.32123076923076926,0.7724550898203593
manufacturing,KFC_v2,iterative,0.32153846153846155,0.7724550898203593
manufacturing,KFC_v2,iterative,0.32184615384615384,0.7724550898203593
manufacturing,KFC_v2,iterative,0.3221538461538462,0.7724550898203593
manufacturing,KFC_v2,iterative,0.32246153846153847,0.7724550898203593
manufacturing,KFC_v2,iterative,0.32276923076923075,0.7724550898203593
manufacturing,KFC_v2,iterative,0.3230769230769231,0.7724550898203593
manufacturing,KFC_v2,iterative,0.3233846153846154,0.7724550898203593
manufacturing,KFC_v2,iterative,0.3236923076923077,0.7724550898203593
manufacturing,KFC_v2,iterative,0.324,0.7724550898203593
manufacturing,KFC_v2,iterative,0.3243076923076923,0.7724550898203593
manufacturing,KFC_v2,iterative,0.32461538461538464,0.7724550898203593
manufacturing,KFC_v2,iterative,0.3249230769230769,0.7724550898203593
manufacturing,KFC_v2,iterative,0.32523076923076927,0.7724550898203593
manufacturing,KFC_v2,iterative,0.32553846153846155,0.7724550898203593
manufacturing,KFC_v2,iterative,0.32584615384615384,0.7724550898203593
manufacturing,KFC_v2,iterative,0.3261538461538462,0.7724550898203593
manufacturing,KFC_v2,iterative,0.32646153846153847,0.7724550898203593
manufacturing,KFC_v2,iterative,0.32676923076923076,0.7724550898203593
manufacturing,KFC_v2,iterative,0.3270769230769231,0.7724550898203593
manufacturing,KFC_v2,iterative,0.3273846153846154,0.7724550898203593
manufacturing,KFC_v2,iterative,0.3276923076923077,0.7724550898203593
manufacturing,KFC_v2,iterative,0.328,0.7724550898203593
manufacturing,KFC_v2,iterative,0.3283076923076923,0.7724550898203593
manufacturing,KFC_v2,iterative,0.32861538461538464,0.7724550898203593
manufacturing,KFC_v2,iterative,0.32892307692307693,0.7724550898203593
manufacturing,KFC_v2,iterative,0.3292307692307692,0.7724550898203593
manufacturing,KFC_v2,iterative,0.32953846153846156,0.7724550898203593
manufacturing,KFC_v2,iterative,0.32984615384615384,0.7724550898203593
manufacturing,KFC_v2,iterative,0.3301538461538462,0.7724550898203593
manufacturing,KFC_v2,iterative,0.3304615384615385,0.7724550898203593
manufacturing,KFC_v2,iterative,0.33076923076923076,0.7724550898203593
manufacturing,KFC_v2,iterative,0.3310769230769231,0.7724550898203593
manufacturing,KFC_v2,iterative,0.3313846153846154,0.7724550898203593
manufacturing,KFC_v2,iterative,0.33169230769230773,0.7724550898203593
manufacturing,KFC_v2,iterative,0.332,0.7724550898203593
manufacturing,KFC_v2,iterative,0.3323076923076923,0.7724550898203593
manufacturing,KFC_v2,iterative,0.33261538461538465,0.7724550898203593
manufacturing,KFC_v2,iterative,0.33292307692307693,0.7724550898203593
manufacturing,KFC_v2,iterative,0.3332307692307692,0.7724550898203593
manufacturing,KFC_v2,iterative,0.33353846153846156,0.7724550898203593
manufacturing,KFC_v2,iterative,0.33384615384615385,0.7724550898203593
manufacturing,KFC_v2,iterative,0.3341538461538462,0.7724550898203593
manufacturing,KFC_v2,iterative,0.3344615384615385,0.7724550898203593
manufacturing,KFC_v2,iterative,0.33476923076923076,0.7724550898203593
manufacturing,KFC_v2,iterative,0.3350769230769231,0.7724550898203593
manufacturing,KFC_v2,iterative,0.3353846153846154,0.7724550898203593
manufacturing,KFC_v2,iterative,0.3356923076923077,0.7724550898203593
manufacturing,KFC_v2,iterative,0.336,0.7724550898203593
manufacturing,KFC_v2,iterative,0.3363076923076923,0.7724550898203593
manufacturing,KFC_v2,iterative,0.33661538461538465,0.7724550898203593
manufacturing,KFC_v2,iterative,0.33692307692307694,0.7724550898203593
manufacturing,KFC_v2,iterative,0.3372307692307692,0.7724550898203593
manufacturing,KFC_v2,iterative,0.33753846153846156,0.7724550898203593
manufacturing,KFC_v2,iterative,0.33784615384615385,0.7724550898203593
manufacturing,KFC_v2,iterative,0.33815384615384614,0.7724550898203593
manufacturing,KFC_v2,iterative,0.3384615384615385,0.7724550898203593
manufacturing,KFC_v2,iterative,0.33876923076923077,0.7724550898203593
manufacturing,KFC_v2,iterative,0.3390769230769231,0.7724550898203593
manufacturing,KFC_v2,iterative,0.3393846153846154,0.7724550898203593
manufacturing,KFC_v2,iterative,0.3396923076923077,0.7724550898203593
manufacturing,KFC_v2,iterative,0.34,0.7724550898203593
manufacturing,KFC_v2,iterative,0.3403076923076923,0.7724550898203593
manufacturing,KFC_v2,iterative,0.34061538461538465,0.7724550898203593
manufacturing,KFC_v2,iterative,0.34092307692307694,0.7724550898203593
manufacturing,KFC_v2,iterative,0.3412307692307692,0.7724550898203593
manufacturing,KFC_v2,iterative,0.34153846153846157,0.7724550898203593
manufacturing,KFC_v2,iterative,0.34184615384615386,0.7724550898203593
manufacturing,KFC_v2,iterative,0.34215384615384614,0.7724550898203593
manufacturing,KFC_v2,iterative,0.3424615384615385,0.7724550898203593
manufacturing,KFC_v2,iterative,0.34276923076923077,0.7724550898203593
manufacturing,KFC_v2,iterative,0.3430769230769231,0.7724550898203593
manufacturing,KFC_v2,iterative,0.3433846153846154,0.7724550898203593
manufacturing,KFC_v2,iterative,0.3436923076923077,0.7724550898203593
manufacturing,KFC_v2,iterative,0.34400000000000003,0.7724550898203593
manufacturing,KFC_v2,iterative,0.3443076923076923,0.7724550898203593
manufacturing,KFC_v2,iterative,0.3446153846153846,0.7724550898203593
manufacturing,KFC_v2,iterative,0.34492307692307694,0.7724550898203593
manufacturing,KFC_v2,iterative,0.34523076923076923,0.7724550898203593
manufacturing,KFC_v2,iterative,0.34553846153846157,0.7724550898203593
manufacturing,KFC_v2,iterative,0.34584615384615386,0.7724550898203593
manufacturing,KFC_v2,iterative,0.34615384615384615,0.7724550898203593
manufacturing,KFC_v2,iterative,0.3464615384615385,0.7724550898203593
manufacturing,KFC_v2,iterative,0.3467692307692308,0.7724550898203593
manufacturing,KFC_v2,iterative,0.3470769230769231,0.7724550898203593
manufacturing,KFC_v2,iterative,0.3473846153846154,0.7724550898203593
manufacturing,KFC_v2,iterative,0.3476923076923077,0.7724550898203593
manufacturing,KFC_v2,iterative,0.34800000000000003,0.7724550898203593
manufacturing,KFC_v2,iterative,0.3483076923076923,0.7724550898203593
manufacturing,KFC_v2,iterative,0.3486153846153846,0.7724550898203593
manufacturing,KFC_v2,iterative,0.34892307692307695,0.7724550898203593
manufacturing,KFC_v2,iterative,0.34923076923076923,0.7724550898203593
manufacturing,KFC_v2,iterative,0.3495384615384616,0.7724550898203593
manufacturing,KFC_v2,iterative,0.34984615384615386,0.7724550898203593
manufacturing,KFC_v2,iterative,0.35015384615384615,0.7724550898203593
manufacturing,KFC_v2,iterative,0.3504615384615385,0.7724550898203593
manufacturing,KFC_v2,iterative,0.3507692307692308,0.7724550898203593
manufacturing,KFC_v2,iterative,0.35107692307692306,0.7724550898203593
manufacturing,KFC_v2,iterative,0.3513846153846154,0.7724550898203593
manufacturing,KFC_v2,iterative,0.3516923076923077,0.7724550898203593
manufacturing,KFC_v2,iterative,0.35200000000000004,0.7724550898203593
manufacturing,KFC_v2,iterative,0.3523076923076923,0.7724550898203593
manufacturing,KFC_v2,iterative,0.3526153846153846,0.7724550898203593
manufacturing,KFC_v2,iterative,0.35292307692307695,0.7724550898203593
manufacturing,KFC_v2,iterative,0.35323076923076924,0.7724550898203593
manufacturing,KFC_v2,iterative,0.3535384615384615,0.7724550898203593
manufacturing,KFC_v2,iterative,0.35384615384615387,0.7724550898203593
manufacturing,KFC_v2,iterative,0.35415384615384615,0.7724550898203593
manufacturing,KFC_v2,iterative,0.3544615384615385,0.7724550898203593
manufacturing,KFC_v2,iterative,0.3547692307692308,0.7724550898203593
manufacturing,KFC_v2,iterative,0.35507692307692307,0.7724550898203593
manufacturing,KFC_v2,iterative,0.3553846153846154,0.7724550898203593
manufacturing,KFC_v2,iterative,0.3556923076923077,0.7724550898203593
manufacturing,KFC_v2,iterative,0.35600000000000004,0.7724550898203593
manufacturing,KFC_v2,iterative,0.3563076923076923,0.7724550898203593
manufacturing,KFC_v2,iterative,0.3566153846153846,0.7724550898203593
manufacturing,KFC_v2,iterative,0.35692307692307695,0.7724550898203593
manufacturing,KFC_v2,iterative,0.35723076923076924,0.7724550898203593
manufacturing,KFC_v2,iterative,0.3575384615384615,0.7724550898203593
manufacturing,KFC_v2,iterative,0.35784615384615387,0.7724550898203593
manufacturing,KFC_v2,iterative,0.35815384615384616,0.7724550898203593
manufacturing,KFC_v2,iterative,0.3584615384615385,0.7724550898203593
manufacturing,KFC_v2,iterative,0.3587692307692308,0.7724550898203593
manufacturing,KFC_v2,iterative,0.35907692307692307,0.7724550898203593
manufacturing,KFC_v2,iterative,0.3593846153846154,0.7724550898203593
manufacturing,KFC_v2,iterative,0.3596923076923077,0.7724550898203593
manufacturing,KFC_v2,iterative,0.36,0.7724550898203593
manufacturing,KFC_v2,iterative,0.36030769230769233,0.7724550898203593
manufacturing,KFC_v2,iterative,0.3606153846153846,0.7724550898203593
manufacturing,KFC_v2,iterative,0.36092307692307696,0.7724550898203593
manufacturing,KFC_v2,iterative,0.36123076923076924,0.7724550898203593
manufacturing,KFC_v2,iterative,0.36153846153846153,0.7724550898203593
manufacturing,KFC_v2,iterative,0.3618461538461539,0.7724550898203593
manufacturing,KFC_v2,iterative,0.36215384615384616,0.7724550898203593
manufacturing,KFC_v2,iterative,0.3624615384615385,0.7724550898203593
manufacturing,KFC_v2,iterative,0.3627692307692308,0.7724550898203593
manufacturing,KFC_v2,iterative,0.3630769230769231,0.7724550898203593
manufacturing,KFC_v2,iterative,0.3633846153846154,0.7724550898203593
manufacturing,KFC_v2,iterative,0.3636923076923077,0.7724550898203593
manufacturing,KFC_v2,iterative,0.364,0.7724550898203593
manufacturing,KFC_v2,iterative,0.36430769230769233,0.7724550898203593
manufacturing,KFC_v2,iterative,0.3646153846153846,0.7724550898203593
manufacturing,KFC_v2,iterative,0.36492307692307696,0.7724550898203593
manufacturing,KFC_v2,iterative,0.36523076923076925,0.7724550898203593
manufacturing,KFC_v2,iterative,0.36553846153846153,0.7724550898203593
manufacturing,KFC_v2,iterative,0.3658461538461539,0.7724550898203593
manufacturing,KFC_v2,iterative,0.36615384615384616,0.7724550898203593
manufacturing,KFC_v2,iterative,0.36646153846153845,0.7724550898203593
manufacturing,KFC_v2,iterative,0.3667692307692308,0.7724550898203593
manufacturing,KFC_v2,iterative,0.3670769230769231,0.7724550898203593
manufacturing,KFC_v2,iterative,0.3673846153846154,0.7724550898203593
manufacturing,KFC_v2,iterative,0.3676923076923077,0.7724550898203593
manufacturing,KFC_v2,iterative,0.368,0.7724550898203593
manufacturing,KFC_v2,iterative,0.36830769230769234,0.7724550898203593
manufacturing,KFC_v2,iterative,0.3686153846153846,0.7724550898203593
manufacturing,KFC_v2,iterative,0.3689230769230769,0.7724550898203593
manufacturing,KFC_v2,iterative,0.36923076923076925,0.7724550898203593
manufacturing,KFC_v2,iterative,0.36953846153846154,0.7724550898203593
manufacturing,KFC_v2,iterative,0.3698461538461539,0.7724550898203593
manufacturing,KFC_v2,iterative,0.37015384615384617,0.7724550898203593
manufacturing,KFC_v2,iterative,0.37046153846153845,0.7724550898203593
manufacturing,KFC_v2,iterative,0.3707692307692308,0.7724550898203593
manufacturing,KFC_v2,iterative,0.3710769230769231,0.7724550898203593
manufacturing,KFC_v2,iterative,0.3713846153846154,0.7724550898203593
manufacturing,KFC_v2,iterative,0.3716923076923077,0.7724550898203593
manufacturing,KFC_v2,iterative,0.372,0.7724550898203593
manufacturing,KFC_v2,iterative,0.37230769230769234,0.7724550898203593
manufacturing,KFC_v2,iterative,0.3726153846153846,0.7724550898203593
manufacturing,KFC_v2,iterative,0.3729230769230769,0.7724550898203593
manufacturing,KFC_v2,iterative,0.37323076923076925,0.7724550898203593
manufacturing,KFC_v2,iterative,0.37353846153846154,0.7724550898203593
manufacturing,KFC_v2,iterative,0.3738461538461539,0.7724550898203593
manufacturing,KFC_v2,iterative,0.37415384615384617,0.7724550898203593
manufacturing,KFC_v2,iterative,0.37446153846153846,0.7724550898203593
manufacturing,KFC_v2,iterative,0.3747692307692308,0.7724550898203593
manufacturing,KFC_v2,iterative,0.3750769230769231,0.7724550898203593
manufacturing,KFC_v2,iterative,0.37538461538461537,0.7724550898203593
manufacturing,KFC_v2,iterative,0.3756923076923077,0.7724550898203593
manufacturing,KFC_v2,iterative,0.376,0.7724550898203593
manufacturing,KFC_v2,iterative,0.37630769230769234,0.7724550898203593
manufacturing,KFC_v2,iterative,0.37661538461538463,0.7724550898203593
manufacturing,KFC_v2,iterative,0.3769230769230769,0.7724550898203593
manufacturing,KFC_v2,iterative,0.37723076923076926,0.7724550898203593
manufacturing,KFC_v2,iterative,0.37753846153846154,0.7724550898203593
manufacturing,KFC_v2,iterative,0.37784615384615383,0.7724550898203593
manufacturing,KFC_v2,iterative,0.3781538461538462,0.7724550898203593
manufacturing,KFC_v2,iterative,0.37846153846153846,0.7724550898203593
manufacturing,KFC_v2,iterative,0.3787692307692308,0.7724550898203593
manufacturing,KFC_v2,iterative,0.3790769230769231,0.7724550898203593
manufacturing,KFC_v2,iterative,0.3793846153846154,0.7724550898203593
manufacturing,KFC_v2,iterative,0.3796923076923077,0.7724550898203593
manufacturing,KFC_v2,iterative,0.38,0.7724550898203593
manufacturing,KFC_v2,iterative,0.38030769230769235,0.7724550898203593
manufacturing,KFC_v2,iterative,0.38061538461538463,0.7724550898203593
manufacturing,KFC_v2,iterative,0.3809230769230769,0.7724550898203593
manufacturing,KFC_v2,iterative,0.38123076923076926,0.7724550898203593
manufacturing,KFC_v2,iterative,0.38153846153846155,0.7724550898203593
manufacturing,KFC_v2,iterative,0.38184615384615384,0.7724550898203593
manufacturing,KFC_v2,iterative,0.3821538461538462,0.7724550898203593
manufacturing,KFC_v2,iterative,0.38246153846153846,0.7724550898203593
manufacturing,KFC_v2,iterative,0.3827692307692308,0.7724550898203593
manufacturing,KFC_v2,iterative,0.3830769230769231,0.7724550898203593
manufacturing,KFC_v2,iterative,0.3833846153846154,0.7724550898203593
manufacturing,KFC_v2,iterative,0.3836923076923077,0.7724550898203593
manufacturing,KFC_v2,iterative,0.384,0.7724550898203593
manufacturing,KFC_v2,iterative,0.3843076923076923,0.7724550898203593
manufacturing,KFC_v2,iterative,0.38461538461538464,0.7724550898203593
manufacturing,KFC_v2,iterative,0.3849230769230769,0.7724550898203593
manufacturing,KFC_v2,iterative,0.38523076923076927,0.7724550898203593
manufacturing,KFC_v2,iterative,0.38553846153846155,0.7724550898203593
manufacturing,KFC_v2,iterative,0.38584615384615384,0.7724550898203593
manufacturing,KFC_v2,iterative,0.3861538461538462,0.7724550898203593
manufacturing,KFC_v2,iterative,0.38646153846153847,0.7724550898203593
manufacturing,KFC_v2,iterative,0.3867692307692308,0.7724550898203593
manufacturing,KFC_v2,iterative,0.3870769230769231,0.7724550898203593
manufacturing,KFC_v2,iterative,0.3873846153846154,0.7724550898203593
manufacturing,KFC_v2,iterative,0.3876923076923077,0.7724550898203593
manufacturing,KFC_v2,iterative,0.388,0.7724550898203593
manufacturing,KFC_v2,iterative,0.3883076923076923,0.7724550898203593
manufacturing,KFC_v2,iterative,0.38861538461538464,0.7724550898203593
manufacturing,KFC_v2,iterative,0.3889230769230769,0.7724550898203593
manufacturing,KFC_v2,iterative,0.38923076923076927,0.7724550898203593
manufacturing,KFC_v2,iterative,0.38953846153846156,0.7724550898203593
manufacturing,KFC_v2,iterative,0.38984615384615384,0.7724550898203593
manufacturing,KFC_v2,iterative,0.3901538461538462,0.7724550898203593
manufacturing,KFC_v2,iterative,0.39046153846153847,0.7724550898203593
manufacturing,KFC_v2,iterative,0.39076923076923076,0.7724550898203593
manufacturing,KFC_v2,iterative,0.3910769230769231,0.7724550898203593
manufacturing,KFC_v2,iterative,0.3913846153846154,0.7724550898203593
manufacturing,KFC_v2,iterative,0.39169230769230773,0.7724550898203593
manufacturing,KFC_v2,iterative,0.392,0.7724550898203593
manufacturing,KFC_v2,iterative,0.3923076923076923,0.7724550898203593
manufacturing,KFC_v2,iterative,0.39261538461538464,0.7724550898203593
manufacturing,KFC_v2,iterative,0.39292307692307693,0.7724550898203593
manufacturing,KFC_v2,iterative,0.3932307692307692,0.7724550898203593
manufacturing,KFC_v2,iterative,0.39353846153846156,0.7724550898203593
manufacturing,KFC_v2,iterative,0.39384615384615385,0.7724550898203593
manufacturing,KFC_v2,iterative,0.3941538461538462,0.7724550898203593
manufacturing,KFC_v2,iterative,0.3944615384615385,0.7724550898203593
manufacturing,KFC_v2,iterative,0.39476923076923076,0.7724550898203593
manufacturing,KFC_v2,iterative,0.3950769230769231,0.7724550898203593
manufacturing,KFC_v2,iterative,0.3953846153846154,0.7724550898203593
manufacturing,KFC_v2,iterative,0.39569230769230773,0.7724550898203593
manufacturing,KFC_v2,iterative,0.396,0.7724550898203593
manufacturing,KFC_v2,iterative,0.3963076923076923,0.7724550898203593
manufacturing,KFC_v2,iterative,0.39661538461538465,0.7604790419161677
manufacturing,KFC_v2,iterative,0.39692307692307693,0.7604790419161677
manufacturing,KFC_v2,iterative,0.3972307692307692,0.7604790419161677
manufacturing,KFC_v2,iterative,0.39753846153846156,0.7604790419161677
manufacturing,KFC_v2,iterative,0.39784615384615385,0.7604790419161677
manufacturing,KFC_v2,iterative,0.3981538461538462,0.7604790419161677
manufacturing,KFC_v2,iterative,0.3984615384615385,0.7604790419161677
manufacturing,KFC_v2,iterative,0.39876923076923076,0.7604790419161677
manufacturing,KFC_v2,iterative,0.3990769230769231,0.7604790419161677
manufacturing,KFC_v2,iterative,0.3993846153846154,0.7604790419161677
manufacturing,KFC_v2,iterative,0.3996923076923077,0.7604790419161677
manufacturing,KFC_v2,iterative,0.4,0.7604790419161677
manufacturing,KFC_v2,iterative,0.4003076923076923,0.7604790419161677
manufacturing,KFC_v2,iterative,0.40061538461538465,0.7604790419161677
manufacturing,KFC_v2,iterative,0.40092307692307694,0.7604790419161677
manufacturing,KFC_v2,iterative,0.4012307692307692,0.7604790419161677
manufacturing,KFC_v2,iterative,0.40153846153846157,0.7604790419161677
manufacturing,KFC_v2,iterative,0.40184615384615385,0.7604790419161677
manufacturing,KFC_v2,iterative,0.4021538461538462,0.7604790419161677
manufacturing,KFC_v2,iterative,0.4024615384615385,0.7604790419161677
manufacturing,KFC_v2,iterative,0.40276923076923077,0.7604790419161677
manufacturing,KFC_v2,iterative,0.4030769230769231,0.7604790419161677
manufacturing,KFC_v2,iterative,0.4033846153846154,0.7604790419161677
manufacturing,KFC_v2,iterative,0.4036923076923077,0.7604790419161677
manufacturing,KFC_v2,iterative,0.404,0.7604790419161677
manufacturing,KFC_v2,iterative,0.4043076923076923,0.7604790419161677
manufacturing,KFC_v2,iterative,0.40461538461538465,0.7604790419161677
manufacturing,KFC_v2,iterative,0.40492307692307694,0.7604790419161677
manufacturing,KFC_v2,iterative,0.4052307692307692,0.7604790419161677
manufacturing,KFC_v2,iterative,0.40553846153846157,0.7604790419161677
manufacturing,KFC_v2,iterative,0.40584615384615386,0.7604790419161677
manufacturing,KFC_v2,iterative,0.40615384615384614,0.7604790419161677
manufacturing,KFC_v2,iterative,0.4064615384615385,0.7604790419161677
manufacturing,KFC_v2,iterative,0.40676923076923077,0.7604790419161677
manufacturing,KFC_v2,iterative,0.4070769230769231,0.7604790419161677
manufacturing,KFC_v2,iterative,0.4073846153846154,0.7604790419161677
manufacturing,KFC_v2,iterative,0.4076923076923077,0.7604790419161677
manufacturing,KFC_v2,iterative,0.40800000000000003,0.7604790419161677
manufacturing,KFC_v2,iterative,0.4083076923076923,0.7604790419161677
manufacturing,KFC_v2,iterative,0.4086153846153846,0.7604790419161677
manufacturing,KFC_v2,iterative,0.40892307692307694,0.7604790419161677
manufacturing,KFC_v2,iterative,0.40923076923076923,0.7604790419161677
manufacturing,KFC_v2,iterative,0.4095384615384616,0.7604790419161677
manufacturing,KFC_v2,iterative,0.40984615384615386,0.7604790419161677
manufacturing,KFC_v2,iterative,0.41015384615384615,0.7604790419161677
manufacturing,KFC_v2,iterative,0.4104615384615385,0.7604790419161677
manufacturing,KFC_v2,iterative,0.4107692307692308,0.7604790419161677
manufacturing,KFC_v2,iterative,0.4110769230769231,0.7604790419161677
manufacturing,KFC_v2,iterative,0.4113846153846154,0.7604790419161677
manufacturing,KFC_v2,iterative,0.4116923076923077,0.7604790419161677
manufacturing,KFC_v2,iterative,0.41200000000000003,0.7604790419161677
manufacturing,KFC_v2,iterative,0.4123076923076923,0.7604790419161677
manufacturing,KFC_v2,iterative,0.4126153846153846,0.7604790419161677
manufacturing,KFC_v2,iterative,0.41292307692307695,0.7604790419161677
manufacturing,KFC_v2,iterative,0.41323076923076923,0.7604790419161677
manufacturing,KFC_v2,iterative,0.4135384615384616,0.7604790419161677
manufacturing,KFC_v2,iterative,0.41384615384615386,0.7604790419161677
manufacturing,KFC_v2,iterative,0.41415384615384615,0.7604790419161677
manufacturing,KFC_v2,iterative,0.4144615384615385,0.7604790419161677
manufacturing,KFC_v2,iterative,0.4147692307692308,0.7604790419161677
manufacturing,KFC_v2,iterative,0.41507692307692307,0.7604790419161677
manufacturing,KFC_v2,iterative,0.4153846153846154,0.7604790419161677
manufacturing,KFC_v2,iterative,0.4156923076923077,0.7604790419161677
manufacturing,KFC_v2,iterative,0.41600000000000004,0.7604790419161677
manufacturing,KFC_v2,iterative,0.4163076923076923,0.7604790419161677
manufacturing,KFC_v2,iterative,0.4166153846153846,0.7604790419161677
manufacturing,KFC_v2,iterative,0.41692307692307695,0.7604790419161677
manufacturing,KFC_v2,iterative,0.41723076923076924,0.7604790419161677
manufacturing,KFC_v2,iterative,0.4175384615384616,0.7604790419161677
manufacturing,KFC_v2,iterative,0.41784615384615387,0.7604790419161677
manufacturing,KFC_v2,iterative,0.41815384615384615,0.7604790419161677
manufacturing,KFC_v2,iterative,0.4184615384615385,0.7604790419161677
manufacturing,KFC_v2,iterative,0.4187692307692308,0.7604790419161677
manufacturing,KFC_v2,iterative,0.41907692307692307,0.7604790419161677
manufacturing,KFC_v2,iterative,0.4193846153846154,0.7604790419161677
manufacturing,KFC_v2,iterative,0.4196923076923077,0.7604790419161677
manufacturing,KFC_v2,iterative,0.42000000000000004,0.7604790419161677
manufacturing,KFC_v2,iterative,0.4203076923076923,0.7604790419161677
manufacturing,KFC_v2,iterative,0.4206153846153846,0.7604790419161677
manufacturing,KFC_v2,iterative,0.42092307692307696,0.7604790419161677
manufacturing,KFC_v2,iterative,0.42123076923076924,0.7604790419161677
manufacturing,KFC_v2,iterative,0.42153846153846153,0.7604790419161677
manufacturing,KFC_v2,iterative,0.42184615384615387,0.7604790419161677
manufacturing,KFC_v2,iterative,0.42215384615384616,0.7604790419161677
manufacturing,KFC_v2,iterative,0.4224615384615385,0.7604790419161677
manufacturing,KFC_v2,iterative,0.4227692307692308,0.7604790419161677
manufacturing,KFC_v2,iterative,0.4230769230769231,0.7604790419161677
manufacturing,KFC_v2,iterative,0.4233846153846154,0.7604790419161677
manufacturing,KFC_v2,iterative,0.4236923076923077,0.7604790419161677
manufacturing,KFC_v2,iterative,0.424,0.7604790419161677
manufacturing,KFC_v2,iterative,0.42430769230769233,0.7604790419161677
manufacturing,KFC_v2,iterative,0.4246153846153846,0.7604790419161677
manufacturing,KFC_v2,iterative,0.42492307692307696,0.7604790419161677
manufacturing,KFC_v2,iterative,0.42523076923076925,0.7604790419161677
manufacturing,KFC_v2,iterative,0.42553846153846153,0.7604790419161677
manufacturing,KFC_v2,iterative,0.4258461538461539,0.7604790419161677
manufacturing,KFC_v2,iterative,0.42615384615384616,0.7604790419161677
manufacturing,KFC_v2,iterative,0.4264615384615385,0.7604790419161677
manufacturing,KFC_v2,iterative,0.4267692307692308,0.7604790419161677
manufacturing,KFC_v2,iterative,0.4270769230769231,0.7604790419161677
manufacturing,KFC_v2,iterative,0.4273846153846154,0.7604790419161677
manufacturing,KFC_v2,iterative,0.4276923076923077,0.7604790419161677
manufacturing,KFC_v2,iterative,0.428,0.7604790419161677
manufacturing,KFC_v2,iterative,0.42830769230769233,0.7604790419161677
manufacturing,KFC_v2,iterative,0.4286153846153846,0.7604790419161677
manufacturing,KFC_v2,iterative,0.42892307692307696,0.7604790419161677
manufacturing,KFC_v2,iterative,0.42923076923076925,0.7604790419161677
manufacturing,KFC_v2,iterative,0.42953846153846154,0.7604790419161677
manufacturing,KFC_v2,iterative,0.4298461538461539,0.7604790419161677
manufacturing,KFC_v2,iterative,0.43015384615384616,0.7604790419161677
manufacturing,KFC_v2,iterative,0.43046153846153845,0.7604790419161677
manufacturing,KFC_v2,iterative,0.4307692307692308,0.7604790419161677
manufacturing,KFC_v2,iterative,0.4310769230769231,0.7604790419161677
manufacturing,KFC_v2,iterative,0.4313846153846154,0.7604790419161677
manufacturing,KFC_v2,iterative,0.4316923076923077,0.7604790419161677
manufacturing,KFC_v2,iterative,0.432,0.7604790419161677
manufacturing,KFC_v2,iterative,0.43230769230769234,0.7604790419161677
manufacturing,KFC_v2,iterative,0.4326153846153846,0.7604790419161677
manufacturing,KFC_v2,iterative,0.4329230769230769,0.7604790419161677
manufacturing,KFC_v2,iterative,0.43323076923076925,0.7604790419161677
manufacturing,KFC_v2,iterative,0.43353846153846154,0.7604790419161677
manufacturing,KFC_v2,iterative,0.4338461538461539,0.7604790419161677
manufacturing,KFC_v2,iterative,0.43415384615384617,0.7604790419161677
manufacturing,KFC_v2,iterative,0.43446153846153845,0.7604790419161677
manufacturing,KFC_v2,iterative,0.4347692307692308,0.7604790419161677
manufacturing,KFC_v2,iterative,0.4350769230769231,0.7604790419161677
manufacturing,KFC_v2,iterative,0.4353846153846154,0.7604790419161677
manufacturing,KFC_v2,iterative,0.4356923076923077,0.7604790419161677
manufacturing,KFC_v2,iterative,0.436,0.7604790419161677
manufacturing,KFC_v2,iterative,0.43630769230769234,0.7604790419161677
manufacturing,KFC_v2,iterative,0.4366153846153846,0.7604790419161677
manufacturing,KFC_v2,iterative,0.4369230769230769,0.7604790419161677
manufacturing,KFC_v2,iterative,0.43723076923076926,0.7604790419161677
manufacturing,KFC_v2,iterative,0.43753846153846154,0.7604790419161677
manufacturing,KFC_v2,iterative,0.4378461538461539,0.7604790419161677
manufacturing,KFC_v2,iterative,0.43815384615384617,0.7604790419161677
manufacturing,KFC_v2,iterative,0.43846153846153846,0.7604790419161677
manufacturing,KFC_v2,iterative,0.4387692307692308,0.7604790419161677
manufacturing,KFC_v2,iterative,0.4390769230769231,0.7604790419161677
manufacturing,KFC_v2,iterative,0.4393846153846154,0.7604790419161677
manufacturing,KFC_v2,iterative,0.4396923076923077,0.7604790419161677
manufacturing,KFC_v2,iterative,0.44,0.7604790419161677
manufacturing,KFC_v2,iterative,0.44030769230769234,0.7604790419161677
manufacturing,KFC_v2,iterative,0.44061538461538463,0.7604790419161677
manufacturing,KFC_v2,iterative,0.4409230769230769,0.7604790419161677
manufacturing,KFC_v2,iterative,0.44123076923076926,0.7604790419161677
manufacturing,KFC_v2,iterative,0.44153846153846155,0.7604790419161677
manufacturing,KFC_v2,iterative,0.4418461538461539,0.7604790419161677
manufacturing,KFC_v2,iterative,0.4421538461538462,0.7604790419161677
manufacturing,KFC_v2,iterative,0.44246153846153846,0.7604790419161677
manufacturing,KFC_v2,iterative,0.4427692307692308,0.7604790419161677
manufacturing,KFC_v2,iterative,0.4430769230769231,0.7604790419161677
manufacturing,KFC_v2,iterative,0.4433846153846154,0.7604790419161677
manufacturing,KFC_v2,iterative,0.4436923076923077,0.7604790419161677
manufacturing,KFC_v2,iterative,0.444,0.7604790419161677
manufacturing,KFC_v2,iterative,0.44430769230769235,0.7604790419161677
manufacturing,KFC_v2,iterative,0.44461538461538463,0.7604790419161677
manufacturing,KFC_v2,iterative,0.4449230769230769,0.7604790419161677
manufacturing,KFC_v2,iterative,0.44523076923076926,0.7604790419161677
manufacturing,KFC_v2,iterative,0.44553846153846155,0.7604790419161677
manufacturing,KFC_v2,iterative,0.44584615384615384,0.7604790419161677
manufacturing,KFC_v2,iterative,0.4461538461538462,0.7604790419161677
manufacturing,KFC_v2,iterative,0.44646153846153847,0.7604790419161677
manufacturing,KFC_v2,iterative,0.4467692307692308,0.7604790419161677
manufacturing,KFC_v2,iterative,0.4470769230769231,0.7604790419161677
manufacturing,KFC_v2,iterative,0.4473846153846154,0.7604790419161677
manufacturing,KFC_v2,iterative,0.4476923076923077,0.7604790419161677
manufacturing,KFC_v2,iterative,0.448,0.7604790419161677
manufacturing,KFC_v2,iterative,0.4483076923076923,0.7604790419161677
manufacturing,KFC_v2,iterative,0.44861538461538464,0.7604790419161677
manufacturing,KFC_v2,iterative,0.4489230769230769,0.7604790419161677
manufacturing,KFC_v2,iterative,0.44923076923076927,0.7604790419161677
manufacturing,KFC_v2,iterative,0.44953846153846155,0.7604790419161677
manufacturing,KFC_v2,iterative,0.44984615384615384,0.7604790419161677
manufacturing,KFC_v2,iterative,0.4501538461538462,0.7604790419161677
manufacturing,KFC_v2,iterative,0.45046153846153847,0.7604790419161677
manufacturing,KFC_v2,iterative,0.4507692307692308,0.7604790419161677
manufacturing,KFC_v2,iterative,0.4510769230769231,0.7604790419161677
manufacturing,KFC_v2,iterative,0.4513846153846154,0.7604790419161677
manufacturing,KFC_v2,iterative,0.4516923076923077,0.7604790419161677
manufacturing,KFC_v2,iterative,0.452,0.7604790419161677
manufacturing,KFC_v2,iterative,0.4523076923076923,0.7604790419161677
manufacturing,KFC_v2,iterative,0.45261538461538464,0.7604790419161677
manufacturing,KFC_v2,iterative,0.45292307692307693,0.7604790419161677
manufacturing,KFC_v2,iterative,0.45323076923076927,0.7604790419161677
manufacturing,KFC_v2,iterative,0.45353846153846156,0.7604790419161677
manufacturing,KFC_v2,iterative,0.45384615384615384,0.7604790419161677
manufacturing,KFC_v2,iterative,0.4541538461538462,0.7604790419161677
manufacturing,KFC_v2,iterative,0.4544615384615385,0.7604790419161677
manufacturing,KFC_v2,iterative,0.45476923076923076,0.7604790419161677
manufacturing,KFC_v2,iterative,0.4550769230769231,0.7604790419161677
manufacturing,KFC_v2,iterative,0.4553846153846154,0.7604790419161677
manufacturing,KFC_v2,iterative,0.45569230769230773,0.7604790419161677
manufacturing,KFC_v2,iterative,0.456,0.7604790419161677
manufacturing,KFC_v2,iterative,0.4563076923076923,0.7604790419161677
manufacturing,KFC_v2,iterative,0.45661538461538465,0.7604790419161677
manufacturing,KFC_v2,iterative,0.45692307692307693,0.7604790419161677
manufacturing,KFC_v2,iterative,0.4572307692307693,0.7604790419161677
manufacturing,KFC_v2,iterative,0.45753846153846156,0.7604790419161677
manufacturing,KFC_v2,iterative,0.45784615384615385,0.7604790419161677
manufacturing,KFC_v2,iterative,0.4581538461538462,0.7604790419161677
manufacturing,KFC_v2,iterative,0.4584615384615385,0.7604790419161677
manufacturing,KFC_v2,iterative,0.45876923076923076,0.7604790419161677
manufacturing,KFC_v2,iterative,0.4590769230769231,0.7604790419161677
manufacturing,KFC_v2,iterative,0.4593846153846154,0.7604790419161677
manufacturing,KFC_v2,iterative,0.45969230769230773,0.7604790419161677
manufacturing,KFC_v2,iterative,0.46,0.7604790419161677
manufacturing,KFC_v2,iterative,0.4603076923076923,0.7604790419161677
manufacturing,KFC_v2,iterative,0.46061538461538465,0.7604790419161677
manufacturing,KFC_v2,iterative,0.46092307692307694,0.7604790419161677
manufacturing,KFC_v2,iterative,0.4612307692307692,0.7604790419161677
manufacturing,KFC_v2,iterative,0.46153846153846156,0.7604790419161677
manufacturing,KFC_v2,iterative,0.46184615384615385,0.7604790419161677
manufacturing,KFC_v2,iterative,0.4621538461538462,0.7604790419161677
manufacturing,KFC_v2,iterative,0.4624615384615385,0.7604790419161677
manufacturing,KFC_v2,iterative,0.46276923076923077,0.7604790419161677
manufacturing,KFC_v2,iterative,0.4630769230769231,0.7604790419161677
manufacturing,KFC_v2,iterative,0.4633846153846154,0.7604790419161677
manufacturing,KFC_v2,iterative,0.4636923076923077,0.7604790419161677
manufacturing,KFC_v2,iterative,0.464,0.7604790419161677
manufacturing,KFC_v2,iterative,0.4643076923076923,0.7604790419161677
manufacturing,KFC_v2,iterative,0.46461538461538465,0.7604790419161677
manufacturing,KFC_v2,iterative,0.46492307692307694,0.7604790419161677
manufacturing,KFC_v2,iterative,0.4652307692307692,0.7604790419161677
manufacturing,KFC_v2,iterative,0.46553846153846157,0.7604790419161677
manufacturing,KFC_v2,iterative,0.46584615384615385,0.7604790419161677
manufacturing,KFC_v2,iterative,0.4661538461538462,0.7604790419161677
manufacturing,KFC_v2,iterative,0.4664615384615385,0.7604790419161677
manufacturing,KFC_v2,iterative,0.46676923076923077,0.7604790419161677
manufacturing,KFC_v2,iterative,0.4670769230769231,0.7604790419161677
manufacturing,KFC_v2,iterative,0.4673846153846154,0.7604790419161677
manufacturing,KFC_v2,iterative,0.4676923076923077,0.7604790419161677
manufacturing,KFC_v2,iterative,0.468,0.7604790419161677
manufacturing,KFC_v2,iterative,0.4683076923076923,0.7604790419161677
manufacturing,KFC_v2,iterative,0.46861538461538466,0.7604790419161677
manufacturing,KFC_v2,iterative,0.46892307692307694,0.7604790419161677
manufacturing,KFC_v2,iterative,0.46923076923076923,0.7604790419161677
manufacturing,KFC_v2,iterative,0.46953846153846157,0.7604790419161677
manufacturing,KFC_v2,iterative,0.46984615384615386,0.7604790419161677
manufacturing,KFC_v2,iterative,0.47015384615384614,0.7604790419161677
manufacturing,KFC_v2,iterative,0.4704615384615385,0.7604790419161677
manufacturing,KFC_v2,iterative,0.4707692307692308,0.7604790419161677
manufacturing,KFC_v2,iterative,0.4710769230769231,0.7604790419161677
manufacturing,KFC_v2,iterative,0.4713846153846154,0.7604790419161677
manufacturing,KFC_v2,iterative,0.4716923076923077,0.7604790419161677
manufacturing,KFC_v2,iterative,0.47200000000000003,0.7604790419161677
manufacturing,KFC_v2,iterative,0.4723076923076923,0.7604790419161677
manufacturing,KFC_v2,iterative,0.47261538461538466,0.7604790419161677
manufacturing,KFC_v2,iterative,0.47292307692307695,0.7604790419161677
manufacturing,KFC_v2,iterative,0.47323076923076923,0.7604790419161677
manufacturing,KFC_v2,iterative,0.4735384615384616,0.7604790419161677
manufacturing,KFC_v2,iterative,0.47384615384615386,0.7604790419161677
manufacturing,KFC_v2,iterative,0.47415384615384615,0.7604790419161677
manufacturing,KFC_v2,iterative,0.4744615384615385,0.7604790419161677
manufacturing,KFC_v2,iterative,0.4747692307692308,0.7604790419161677
manufacturing,KFC_v2,iterative,0.4750769230769231,0.7604790419161677
manufacturing,KFC_v2,iterative,0.4753846153846154,0.7604790419161677
manufacturing,KFC_v2,iterative,0.4756923076923077,0.7604790419161677
manufacturing,KFC_v2,iterative,0.47600000000000003,0.7604790419161677
manufacturing,KFC_v2,iterative,0.4763076923076923,0.7604790419161677
manufacturing,KFC_v2,iterative,0.4766153846153846,0.7604790419161677
manufacturing,KFC_v2,iterative,0.47692307692307695,0.7604790419161677
manufacturing,KFC_v2,iterative,0.47723076923076924,0.7604790419161677
manufacturing,KFC_v2,iterative,0.4775384615384616,0.7604790419161677
manufacturing,KFC_v2,iterative,0.47784615384615386,0.7604790419161677
manufacturing,KFC_v2,iterative,0.47815384615384615,0.7604790419161677
manufacturing,KFC_v2,iterative,0.4784615384615385,0.7604790419161677
manufacturing,KFC_v2,iterative,0.4787692307692308,0.7604790419161677
manufacturing,KFC_v2,iterative,0.47907692307692307,0.7604790419161677
manufacturing,KFC_v2,iterative,0.4793846153846154,0.7604790419161677
manufacturing,KFC_v2,iterative,0.4796923076923077,0.7604790419161677
manufacturing,KFC_v2,iterative,0.48000000000000004,0.7604790419161677
manufacturing,KFC_v2,iterative,0.4803076923076923,0.7604790419161677
manufacturing,KFC_v2,iterative,0.4806153846153846,0.7604790419161677
manufacturing,KFC_v2,iterative,0.48092307692307695,0.7604790419161677
manufacturing,KFC_v2,iterative,0.48123076923076924,0.7604790419161677
manufacturing,KFC_v2,iterative,0.4815384615384616,0.7604790419161677
manufacturing,KFC_v2,iterative,0.48184615384615387,0.7604790419161677
manufacturing,KFC_v2,iterative,0.48215384615384616,0.7604790419161677
manufacturing,KFC_v2,iterative,0.4824615384615385,0.7604790419161677
manufacturing,KFC_v2,iterative,0.4827692307692308,0.7604790419161677
manufacturing,KFC_v2,iterative,0.48307692307692307,0.7604790419161677
manufacturing,KFC_v2,iterative,0.4833846153846154,0.7604790419161677
manufacturing,KFC_v2,iterative,0.4836923076923077,0.7604790419161677
manufacturing,KFC_v2,iterative,0.48400000000000004,0.7604790419161677
manufacturing,KFC_v2,iterative,0.48430769230769233,0.7604790419161677
manufacturing,KFC_v2,iterative,0.4846153846153846,0.7604790419161677
manufacturing,KFC_v2,iterative,0.48492307692307696,0.7604790419161677
manufacturing,KFC_v2,iterative,0.48523076923076924,0.7604790419161677
manufacturing,KFC_v2,iterative,0.48553846153846153,0.7604790419161677
manufacturing,KFC_v2,iterative,0.48584615384615387,0.7604790419161677
manufacturing,KFC_v2,iterative,0.48615384615384616,0.7604790419161677
manufacturing,KFC_v2,iterative,0.4864615384615385,0.7604790419161677
manufacturing,KFC_v2,iterative,0.4867692307692308,0.7604790419161677
manufacturing,KFC_v2,iterative,0.4870769230769231,0.7604790419161677
manufacturing,KFC_v2,iterative,0.4873846153846154,0.7604790419161677
manufacturing,KFC_v2,iterative,0.4876923076923077,0.7604790419161677
manufacturing,KFC_v2,iterative,0.488,0.7604790419161677
manufacturing,KFC_v2,iterative,0.48830769230769233,0.7604790419161677
manufacturing,KFC_v2,iterative,0.4886153846153846,0.7604790419161677
manufacturing,KFC_v2,iterative,0.48892307692307696,0.7604790419161677
manufacturing,KFC_v2,iterative,0.48923076923076925,0.7604790419161677
manufacturing,KFC_v2,iterative,0.48953846153846153,0.7604790419161677
manufacturing,KFC_v2,iterative,0.4898461538461539,0.7604790419161677
manufacturing,KFC_v2,iterative,0.49015384615384616,0.7604790419161677
manufacturing,KFC_v2,iterative,0.4904615384615385,0.7604790419161677
manufacturing,KFC_v2,iterative,0.4907692307692308,0.7604790419161677
manufacturing,KFC_v2,iterative,0.4910769230769231,0.7604790419161677
manufacturing,KFC_v2,iterative,0.4913846153846154,0.7604790419161677
manufacturing,KFC_v2,iterative,0.4916923076923077,0.7604790419161677
manufacturing,KFC_v2,iterative,0.492,0.7604790419161677
manufacturing,KFC_v2,iterative,0.49230769230769234,0.7604790419161677
manufacturing,KFC_v2,iterative,0.4926153846153846,0.7604790419161677
manufacturing,KFC_v2,iterative,0.49292307692307696,0.7604790419161677
manufacturing,KFC_v2,iterative,0.49323076923076925,0.7604790419161677
manufacturing,KFC_v2,iterative,0.49353846153846154,0.7604790419161677
manufacturing,KFC_v2,iterative,0.4938461538461539,0.7604790419161677
manufacturing,KFC_v2,iterative,0.49415384615384617,0.7604790419161677
manufacturing,KFC_v2,iterative,0.49446153846153845,0.7604790419161677
manufacturing,KFC_v2,iterative,0.4947692307692308,0.7604790419161677
manufacturing,KFC_v2,iterative,0.4950769230769231,0.7604790419161677
manufacturing,KFC_v2,iterative,0.4953846153846154,0.7604790419161677
manufacturing,KFC_v2,iterative,0.4956923076923077,0.7604790419161677
manufacturing,KFC_v2,iterative,0.496,0.7604790419161677
manufacturing,KFC_v2,iterative,0.49630769230769234,0.7604790419161677
manufacturing,KFC_v2,iterative,0.4966153846153846,0.7604790419161677
manufacturing,KFC_v2,iterative,0.49692307692307697,0.7604790419161677
manufacturing,KFC_v2,iterative,0.49723076923076925,0.7604790419161677
manufacturing,KFC_v2,iterative,0.49753846153846154,0.7604790419161677
manufacturing,KFC_v2,iterative,0.4978461538461539,0.7604790419161677
manufacturing,KFC_v2,iterative,0.49815384615384617,0.7604790419161677
manufacturing,KFC_v2,iterative,0.49846153846153846,0.7604790419161677
manufacturing,KFC_v2,iterative,0.4987692307692308,0.7604790419161677
manufacturing,KFC_v2,iterative,0.4990769230769231,0.7604790419161677
manufacturing,KFC_v2,iterative,0.4993846153846154,0.7604790419161677
manufacturing,KFC_v2,iterative,0.4996923076923077,0.7604790419161677
manufacturing,KFC_v2,iterative,0.5,0.7604790419161677
manufacturing,KFC_v2,iterative,0.5003076923076923,0.7604790419161677
manufacturing,KFC_v2,iterative,0.5006153846153847,0.7604790419161677
manufacturing,KFC_v2,iterative,0.5009230769230769,0.7604790419161677
manufacturing,KFC_v2,iterative,0.5012307692307693,0.7604790419161677
manufacturing,KFC_v2,iterative,0.5015384615384616,0.7604790419161677
manufacturing,KFC_v2,iterative,0.5018461538461538,0.7604790419161677
manufacturing,KFC_v2,iterative,0.5021538461538462,0.7604790419161677
manufacturing,KFC_v2,iterative,0.5024615384615385,0.7604790419161677
manufacturing,KFC_v2,iterative,0.5027692307692307,0.7604790419161677
manufacturing,KFC_v2,iterative,0.5030769230769231,0.7604790419161677
manufacturing,KFC_v2,iterative,0.5033846153846154,0.7604790419161677
manufacturing,KFC_v2,iterative,0.5036923076923077,0.7604790419161677
manufacturing,KFC_v2,iterative,0.504,0.7604790419161677
manufacturing,KFC_v2,iterative,0.5043076923076923,0.7604790419161677
manufacturing,KFC_v2,iterative,0.5046153846153847,0.7604790419161677
manufacturing,KFC_v2,iterative,0.5049230769230769,0.5269461077844312
manufacturing,KFC_v2,iterative,0.5052307692307693,0.5269461077844312
manufacturing,KFC_v2,iterative,0.5055384615384616,0.5269461077844312
manufacturing,KFC_v2,iterative,0.5058461538461538,0.5269461077844312
manufacturing,KFC_v2,iterative,0.5061538461538462,0.5269461077844312
manufacturing,KFC_v2,iterative,0.5064615384615385,0.5269461077844312
manufacturing,KFC_v2,iterative,0.5067692307692307,0.5269461077844312
manufacturing,KFC_v2,iterative,0.5070769230769231,0.5269461077844312
manufacturing,KFC_v2,iterative,0.5073846153846154,0.5269461077844312
manufacturing,KFC_v2,iterative,0.5076923076923077,0.5269461077844312
manufacturing,KFC_v2,iterative,0.508,0.5269461077844312
manufacturing,KFC_v2,iterative,0.5083076923076923,0.5269461077844312
manufacturing,KFC_v2,iterative,0.5086153846153846,0.5269461077844312
manufacturing,KFC_v2,iterative,0.5089230769230769,0.5269461077844312
manufacturing,KFC_v2,iterative,0.5092307692307693,0.5269461077844312
manufacturing,KFC_v2,iterative,0.5095384615384616,0.5269461077844312
manufacturing,KFC_v2,iterative,0.5098461538461538,0.5269461077844312
manufacturing,KFC_v2,iterative,0.5101538461538462,0.5269461077844312
manufacturing,KFC_v2,iterative,0.5104615384615385,0.5269461077844312
manufacturing,KFC_v2,iterative,0.5107692307692308,0.5269461077844312
manufacturing,KFC_v2,iterative,0.5110769230769231,0.5269461077844312
manufacturing,KFC_v2,iterative,0.5113846153846154,0.5269461077844312
manufacturing,KFC_v2,iterative,0.5116923076923077,0.5269461077844312
manufacturing,KFC_v2,iterative,0.512,0.5269461077844312
manufacturing,KFC_v2,iterative,0.5123076923076924,0.5269461077844312
manufacturing,KFC_v2,iterative,0.5126153846153846,0.5269461077844312
manufacturing,KFC_v2,iterative,0.5129230769230769,0.5269461077844312
manufacturing,KFC_v2,iterative,0.5132307692307693,0.5269461077844312
manufacturing,KFC_v2,iterative,0.5135384615384616,0.5269461077844312
manufacturing,KFC_v2,iterative,0.5138461538461538,0.5269461077844312
manufacturing,KFC_v2,iterative,0.5141538461538462,0.5269461077844312
manufacturing,KFC_v2,iterative,0.5144615384615385,0.5269461077844312
manufacturing,KFC_v2,iterative,0.5147692307692308,0.5269461077844312
manufacturing,KFC_v2,iterative,0.5150769230769231,0.5269461077844312
manufacturing,KFC_v2,iterative,0.5153846153846154,0.5269461077844312
manufacturing,KFC_v2,iterative,0.5156923076923077,0.5269461077844312
manufacturing,KFC_v2,iterative,0.516,0.5269461077844312
manufacturing,KFC_v2,iterative,0.5163076923076924,0.5269461077844312
manufacturing,KFC_v2,iterative,0.5166153846153846,0.5269461077844312
manufacturing,KFC_v2,iterative,0.5169230769230769,0.5269461077844312
manufacturing,KFC_v2,iterative,0.5172307692307693,0.5269461077844312
manufacturing,KFC_v2,iterative,0.5175384615384615,0.5269461077844312
manufacturing,KFC_v2,iterative,0.5178461538461538,0.5269461077844312
manufacturing,KFC_v2,iterative,0.5181538461538462,0.5269461077844312
manufacturing,KFC_v2,iterative,0.5184615384615385,0.5269461077844312
manufacturing,KFC_v2,iterative,0.5187692307692308,0.5269461077844312
manufacturing,KFC_v2,iterative,0.5190769230769231,0.5269461077844312
manufacturing,KFC_v2,iterative,0.5193846153846154,0.5269461077844312
manufacturing,KFC_v2,iterative,0.5196923076923077,0.5269461077844312
manufacturing,KFC_v2,iterative,0.52,0.5269461077844312
manufacturing,KFC_v2,iterative,0.5203076923076924,0.5269461077844312
manufacturing,KFC_v2,iterative,0.5206153846153846,0.5269461077844312
manufacturing,KFC_v2,iterative,0.5209230769230769,0.5269461077844312
manufacturing,KFC_v2,iterative,0.5212307692307693,0.5269461077844312
manufacturing,KFC_v2,iterative,0.5215384615384615,0.5269461077844312
manufacturing,KFC_v2,iterative,0.5218461538461538,0.5269461077844312
manufacturing,KFC_v2,iterative,0.5221538461538462,0.5269461077844312
manufacturing,KFC_v2,iterative,0.5224615384615385,0.5269461077844312
manufacturing,KFC_v2,iterative,0.5227692307692308,0.5269461077844312
manufacturing,KFC_v2,iterative,0.5230769230769231,0.5269461077844312
manufacturing,KFC_v2,iterative,0.5233846153846154,0.5269461077844312
manufacturing,KFC_v2,iterative,0.5236923076923077,0.5269461077844312
manufacturing,KFC_v2,iterative,0.524,0.5269461077844312
manufacturing,KFC_v2,iterative,0.5243076923076924,0.5269461077844312
manufacturing,KFC_v2,iterative,0.5246153846153846,0.5269461077844312
manufacturing,KFC_v2,iterative,0.5249230769230769,0.5269461077844312
manufacturing,KFC_v2,iterative,0.5252307692307693,0.5269461077844312
manufacturing,KFC_v2,iterative,0.5255384615384615,0.5269461077844312
manufacturing,KFC_v2,iterative,0.5258461538461539,0.5269461077844312
manufacturing,KFC_v2,iterative,0.5261538461538462,0.5269461077844312
manufacturing,KFC_v2,iterative,0.5264615384615384,0.5269461077844312
manufacturing,KFC_v2,iterative,0.5267692307692308,0.5269461077844312
manufacturing,KFC_v2,iterative,0.5270769230769231,0.5269461077844312
manufacturing,KFC_v2,iterative,0.5273846153846155,0.5269461077844312
manufacturing,KFC_v2,iterative,0.5276923076923077,0.5269461077844312
manufacturing,KFC_v2,iterative,0.528,0.5269461077844312
manufacturing,KFC_v2,iterative,0.5283076923076924,0.5269461077844312
manufacturing,KFC_v2,iterative,0.5286153846153846,0.5269461077844312
manufacturing,KFC_v2,iterative,0.5289230769230769,0.5269461077844312
manufacturing,KFC_v2,iterative,0.5292307692307693,0.5269461077844312
manufacturing,KFC_v2,iterative,0.5295384615384615,0.5269461077844312
manufacturing,KFC_v2,iterative,0.5298461538461539,0.5269461077844312
manufacturing,KFC_v2,iterative,0.5301538461538462,0.5269461077844312
manufacturing,KFC_v2,iterative,0.5304615384615384,0.5269461077844312
manufacturing,KFC_v2,iterative,0.5307692307692308,0.5269461077844312
manufacturing,KFC_v2,iterative,0.5310769230769231,0.5269461077844312
manufacturing,KFC_v2,iterative,0.5313846153846155,0.5269461077844312
manufacturing,KFC_v2,iterative,0.5316923076923077,0.5269461077844312
manufacturing,KFC_v2,iterative,0.532,0.5269461077844312
manufacturing,KFC_v2,iterative,0.5323076923076924,0.5269461077844312
manufacturing,KFC_v2,iterative,0.5326153846153846,0.5269461077844312
manufacturing,KFC_v2,iterative,0.5329230769230769,0.5269461077844312
manufacturing,KFC_v2,iterative,0.5332307692307693,0.5269461077844312
manufacturing,KFC_v2,iterative,0.5335384615384615,0.5269461077844312
manufacturing,KFC_v2,iterative,0.5338461538461539,0.5269461077844312
manufacturing,KFC_v2,iterative,0.5341538461538462,0.5269461077844312
manufacturing,KFC_v2,iterative,0.5344615384615384,0.5269461077844312
manufacturing,KFC_v2,iterative,0.5347692307692308,0.5269461077844312
manufacturing,KFC_v2,iterative,0.5350769230769231,0.5269461077844312
manufacturing,KFC_v2,iterative,0.5353846153846153,0.5269461077844312
manufacturing,KFC_v2,iterative,0.5356923076923077,0.5269461077844312
manufacturing,KFC_v2,iterative,0.536,0.5269461077844312
manufacturing,KFC_v2,iterative,0.5363076923076924,0.5269461077844312
manufacturing,KFC_v2,iterative,0.5366153846153846,0.5269461077844312
manufacturing,KFC_v2,iterative,0.536923076923077,0.5269461077844312
manufacturing,KFC_v2,iterative,0.5372307692307693,0.5269461077844312
manufacturing,KFC_v2,iterative,0.5375384615384615,0.5269461077844312
manufacturing,KFC_v2,iterative,0.5378461538461539,0.5269461077844312
manufacturing,KFC_v2,iterative,0.5381538461538462,0.5269461077844312
manufacturing,KFC_v2,iterative,0.5384615384615384,0.5269461077844312
manufacturing,KFC_v2,iterative,0.5387692307692308,0.5269461077844312
manufacturing,KFC_v2,iterative,0.5390769230769231,0.5269461077844312
manufacturing,KFC_v2,iterative,0.5393846153846154,0.5269461077844312
manufacturing,KFC_v2,iterative,0.5396923076923077,0.5269461077844312
manufacturing,KFC_v2,iterative,0.54,0.5269461077844312
manufacturing,KFC_v2,iterative,0.5403076923076924,0.5269461077844312
manufacturing,KFC_v2,iterative,0.5406153846153846,0.5269461077844312
manufacturing,KFC_v2,iterative,0.540923076923077,0.5269461077844312
manufacturing,KFC_v2,iterative,0.5412307692307693,0.5269461077844312
manufacturing,KFC_v2,iterative,0.5415384615384615,0.5269461077844312
manufacturing,KFC_v2,iterative,0.5418461538461539,0.5269461077844312
manufacturing,KFC_v2,iterative,0.5421538461538462,0.5269461077844312
manufacturing,KFC_v2,iterative,0.5424615384615384,0.5269461077844312
manufacturing,KFC_v2,iterative,0.5427692307692308,0.5269461077844312
manufacturing,KFC_v2,iterative,0.5430769230769231,0.5269461077844312
manufacturing,KFC_v2,iterative,0.5433846153846154,0.5269461077844312
manufacturing,KFC_v2,iterative,0.5436923076923077,0.5269461077844312
manufacturing,KFC_v2,iterative,0.544,0.5269461077844312
manufacturing,KFC_v2,iterative,0.5443076923076924,0.5269461077844312
manufacturing,KFC_v2,iterative,0.5446153846153846,0.5269461077844312
manufacturing,KFC_v2,iterative,0.544923076923077,0.5269461077844312
manufacturing,KFC_v2,iterative,0.5452307692307693,0.5269461077844312
manufacturing,KFC_v2,iterative,0.5455384615384615,0.5269461077844312
manufacturing,KFC_v2,iterative,0.5458461538461539,0.5269461077844312
manufacturing,KFC_v2,iterative,0.5461538461538462,0.5269461077844312
manufacturing,KFC_v2,iterative,0.5464615384615384,0.5269461077844312
manufacturing,KFC_v2,iterative,0.5467692307692308,0.5269461077844312
manufacturing,KFC_v2,iterative,0.5470769230769231,0.5269461077844312
manufacturing,KFC_v2,iterative,0.5473846153846154,0.5269461077844312
manufacturing,KFC_v2,iterative,0.5476923076923077,0.5269461077844312
manufacturing,KFC_v2,iterative,0.548,0.5269461077844312
manufacturing,KFC_v2,iterative,0.5483076923076923,0.5269461077844312
manufacturing,KFC_v2,iterative,0.5486153846153846,0.5269461077844312
manufacturing,KFC_v2,iterative,0.548923076923077,0.5269461077844312
manufacturing,KFC_v2,iterative,0.5492307692307693,0.5269461077844312
manufacturing,KFC_v2,iterative,0.5495384615384615,0.5269461077844312
manufacturing,KFC_v2,iterative,0.5498461538461539,0.5269461077844312
manufacturing,KFC_v2,iterative,0.5501538461538462,0.5269461077844312
manufacturing,KFC_v2,iterative,0.5504615384615384,0.5269461077844312
manufacturing,KFC_v2,iterative,0.5507692307692308,0.5269461077844312
manufacturing,KFC_v2,iterative,0.5510769230769231,0.5269461077844312
manufacturing,KFC_v2,iterative,0.5513846153846154,0.5269461077844312
manufacturing,KFC_v2,iterative,0.5516923076923077,0.5269461077844312
manufacturing,KFC_v2,iterative,0.552,0.5269461077844312
manufacturing,KFC_v2,iterative,0.5523076923076923,0.5269461077844312
manufacturing,KFC_v2,iterative,0.5526153846153846,0.5269461077844312
manufacturing,KFC_v2,iterative,0.552923076923077,0.5269461077844312
manufacturing,KFC_v2,iterative,0.5532307692307693,0.5269461077844312
manufacturing,KFC_v2,iterative,0.5535384615384615,0.5269461077844312
manufacturing,KFC_v2,iterative,0.5538461538461539,0.5269461077844312
manufacturing,KFC_v2,iterative,0.5541538461538462,0.5269461077844312
manufacturing,KFC_v2,iterative,0.5544615384615385,0.5269461077844312
manufacturing,KFC_v2,iterative,0.5547692307692308,0.5269461077844312
manufacturing,KFC_v2,iterative,0.5550769230769231,0.5269461077844312
manufacturing,KFC_v2,iterative,0.5553846153846154,0.5269461077844312
manufacturing,KFC_v2,iterative,0.5556923076923077,0.5269461077844312
manufacturing,KFC_v2,iterative,0.556,0.5269461077844312
manufacturing,KFC_v2,iterative,0.5563076923076923,0.5269461077844312
manufacturing,KFC_v2,iterative,0.5566153846153846,0.5269461077844312
manufacturing,KFC_v2,iterative,0.556923076923077,0.5269461077844312
manufacturing,KFC_v2,iterative,0.5572307692307692,0.5269461077844312
manufacturing,KFC_v2,iterative,0.5575384615384615,0.5269461077844312
manufacturing,KFC_v2,iterative,0.5578461538461539,0.5269461077844312
manufacturing,KFC_v2,iterative,0.5581538461538462,0.5269461077844312
manufacturing,KFC_v2,iterative,0.5584615384615385,0.5269461077844312
manufacturing,KFC_v2,iterative,0.5587692307692308,0.5269461077844312
manufacturing,KFC_v2,iterative,0.5590769230769231,0.5269461077844312
manufacturing,KFC_v2,iterative,0.5593846153846154,0.5269461077844312
manufacturing,KFC_v2,iterative,0.5596923076923077,0.5269461077844312
manufacturing,KFC_v2,iterative,0.56,0.5269461077844312
manufacturing,KFC_v2,iterative,0.5603076923076923,0.5269461077844312
manufacturing,KFC_v2,iterative,0.5606153846153846,0.5269461077844312
manufacturing,KFC_v2,iterative,0.560923076923077,0.5269461077844312
manufacturing,KFC_v2,iterative,0.5612307692307692,0.5269461077844312
manufacturing,KFC_v2,iterative,0.5615384615384615,0.5269461077844312
manufacturing,KFC_v2,iterative,0.5618461538461539,0.5269461077844312
manufacturing,KFC_v2,iterative,0.5621538461538462,0.5269461077844312
manufacturing,KFC_v2,iterative,0.5624615384615385,0.5269461077844312
manufacturing,KFC_v2,iterative,0.5627692307692308,0.5269461077844312
manufacturing,KFC_v2,iterative,0.5630769230769231,0.5269461077844312
manufacturing,KFC_v2,iterative,0.5633846153846154,0.5269461077844312
manufacturing,KFC_v2,iterative,0.5636923076923077,0.5269461077844312
manufacturing,KFC_v2,iterative,0.5640000000000001,0.5269461077844312
manufacturing,KFC_v2,iterative,0.5643076923076923,0.5269461077844312
manufacturing,KFC_v2,iterative,0.5646153846153846,0.5269461077844312
manufacturing,KFC_v2,iterative,0.564923076923077,0.5269461077844312
manufacturing,KFC_v2,iterative,0.5652307692307692,0.5269461077844312
manufacturing,KFC_v2,iterative,0.5655384615384615,0.5269461077844312
manufacturing,KFC_v2,iterative,0.5658461538461539,0.5269461077844312
manufacturing,KFC_v2,iterative,0.5661538461538461,0.5269461077844312
manufacturing,KFC_v2,iterative,0.5664615384615385,0.5269461077844312
manufacturing,KFC_v2,iterative,0.5667692307692308,0.5269461077844312
manufacturing,KFC_v2,iterative,0.5670769230769231,0.5269461077844312
manufacturing,KFC_v2,iterative,0.5673846153846154,0.5269461077844312
manufacturing,KFC_v2,iterative,0.5676923076923077,0.5269461077844312
manufacturing,KFC_v2,iterative,0.5680000000000001,0.5269461077844312
manufacturing,KFC_v2,iterative,0.5683076923076923,0.5269461077844312
manufacturing,KFC_v2,iterative,0.5686153846153846,0.5269461077844312
manufacturing,KFC_v2,iterative,0.568923076923077,0.5269461077844312
manufacturing,KFC_v2,iterative,0.5692307692307692,0.5269461077844312
manufacturing,KFC_v2,iterative,0.5695384615384615,0.5269461077844312
manufacturing,KFC_v2,iterative,0.5698461538461539,0.5269461077844312
manufacturing,KFC_v2,iterative,0.5701538461538461,0.5269461077844312
manufacturing,KFC_v2,iterative,0.5704615384615385,0.5269461077844312
manufacturing,KFC_v2,iterative,0.5707692307692308,0.5269461077844312
manufacturing,KFC_v2,iterative,0.5710769230769231,0.5269461077844312
manufacturing,KFC_v2,iterative,0.5713846153846154,0.5269461077844312
manufacturing,KFC_v2,iterative,0.5716923076923077,0.5269461077844312
manufacturing,KFC_v2,iterative,0.5720000000000001,0.5269461077844312
manufacturing,KFC_v2,iterative,0.5723076923076923,0.5269461077844312
manufacturing,KFC_v2,iterative,0.5726153846153846,0.5269461077844312
manufacturing,KFC_v2,iterative,0.572923076923077,0.5269461077844312
manufacturing,KFC_v2,iterative,0.5732307692307692,0.5269461077844312
manufacturing,KFC_v2,iterative,0.5735384615384616,0.5269461077844312
manufacturing,KFC_v2,iterative,0.5738461538461539,0.5269461077844312
manufacturing,KFC_v2,iterative,0.5741538461538461,0.5269461077844312
manufacturing,KFC_v2,iterative,0.5744615384615385,0.5269461077844312
manufacturing,KFC_v2,iterative,0.5747692307692308,0.5269461077844312
manufacturing,KFC_v2,iterative,0.5750769230769232,0.5269461077844312
manufacturing,KFC_v2,iterative,0.5753846153846154,0.5269461077844312
manufacturing,KFC_v2,iterative,0.5756923076923077,0.5269461077844312
manufacturing,KFC_v2,iterative,0.5760000000000001,0.5269461077844312
manufacturing,KFC_v2,iterative,0.5763076923076923,0.5269461077844312
manufacturing,KFC_v2,iterative,0.5766153846153846,0.5269461077844312
manufacturing,KFC_v2,iterative,0.576923076923077,0.5269461077844312
manufacturing,KFC_v2,iterative,0.5772307692307692,0.5269461077844312
manufacturing,KFC_v2,iterative,0.5775384615384616,0.5269461077844312
manufacturing,KFC_v2,iterative,0.5778461538461539,0.5269461077844312
manufacturing,KFC_v2,iterative,0.5781538461538461,0.5269461077844312
manufacturing,KFC_v2,iterative,0.5784615384615385,0.5269461077844312
manufacturing,KFC_v2,iterative,0.5787692307692308,0.5269461077844312
manufacturing,KFC_v2,iterative,0.579076923076923,0.5269461077844312
manufacturing,KFC_v2,iterative,0.5793846153846154,0.5269461077844312
manufacturing,KFC_v2,iterative,0.5796923076923077,0.5269461077844312
manufacturing,KFC_v2,iterative,0.5800000000000001,0.5269461077844312
manufacturing,KFC_v2,iterative,0.5803076923076923,0.5269461077844312
manufacturing,KFC_v2,iterative,0.5806153846153846,0.5269461077844312
manufacturing,KFC_v2,iterative,0.580923076923077,0.5269461077844312
manufacturing,KFC_v2,iterative,0.5812307692307692,0.5269461077844312
manufacturing,KFC_v2,iterative,0.5815384615384616,0.5269461077844312
manufacturing,KFC_v2,iterative,0.5818461538461539,0.5269461077844312
manufacturing,KFC_v2,iterative,0.5821538461538461,0.5269461077844312
manufacturing,KFC_v2,iterative,0.5824615384615385,0.5269461077844312
manufacturing,KFC_v2,iterative,0.5827692307692308,0.5269461077844312
manufacturing,KFC_v2,iterative,0.583076923076923,0.5269461077844312
manufacturing,KFC_v2,iterative,0.5833846153846154,0.5269461077844312
manufacturing,KFC_v2,iterative,0.5836923076923077,0.5269461077844312
manufacturing,KFC_v2,iterative,0.5840000000000001,0.5269461077844312
manufacturing,KFC_v2,iterative,0.5843076923076923,0.5269461077844312
manufacturing,KFC_v2,iterative,0.5846153846153846,0.5269461077844312
manufacturing,KFC_v2,iterative,0.584923076923077,0.5269461077844312
manufacturing,KFC_v2,iterative,0.5852307692307692,0.5269461077844312
manufacturing,KFC_v2,iterative,0.5855384615384616,0.5269461077844312
manufacturing,KFC_v2,iterative,0.5858461538461539,0.5269461077844312
manufacturing,KFC_v2,iterative,0.5861538461538461,0.5269461077844312
manufacturing,KFC_v2,iterative,0.5864615384615385,0.5269461077844312
manufacturing,KFC_v2,iterative,0.5867692307692308,0.5269461077844312
manufacturing,KFC_v2,iterative,0.587076923076923,0.5269461077844312
manufacturing,KFC_v2,iterative,0.5873846153846154,0.5269461077844312
manufacturing,KFC_v2,iterative,0.5876923076923077,0.5269461077844312
manufacturing,KFC_v2,iterative,0.588,0.5269461077844312
manufacturing,KFC_v2,iterative,0.5883076923076923,0.5269461077844312
manufacturing,KFC_v2,iterative,0.5886153846153847,0.5269461077844312
manufacturing,KFC_v2,iterative,0.588923076923077,0.5269461077844312
manufacturing,KFC_v2,iterative,0.5892307692307692,0.5269461077844312
manufacturing,KFC_v2,iterative,0.5895384615384616,0.5269461077844312
manufacturing,KFC_v2,iterative,0.5898461538461539,0.5269461077844312
manufacturing,KFC_v2,iterative,0.5901538461538461,0.5269461077844312
manufacturing,KFC_v2,iterative,0.5904615384615385,0.5269461077844312
manufacturing,KFC_v2,iterative,0.5907692307692308,0.5269461077844312
manufacturing,KFC_v2,iterative,0.591076923076923,0.5269461077844312
manufacturing,KFC_v2,iterative,0.5913846153846154,0.5269461077844312
manufacturing,KFC_v2,iterative,0.5916923076923077,0.5269461077844312
manufacturing,KFC_v2,iterative,0.592,0.5269461077844312
manufacturing,KFC_v2,iterative,0.5923076923076923,0.5269461077844312
manufacturing,KFC_v2,iterative,0.5926153846153847,0.5269461077844312
manufacturing,KFC_v2,iterative,0.592923076923077,0.5269461077844312
manufacturing,KFC_v2,iterative,0.5932307692307692,0.5269461077844312
manufacturing,KFC_v2,iterative,0.5935384615384616,0.5269461077844312
manufacturing,KFC_v2,iterative,0.5938461538461539,0.5269461077844312
manufacturing,KFC_v2,iterative,0.5941538461538461,0.5269461077844312
manufacturing,KFC_v2,iterative,0.5944615384615385,0.5269461077844312
manufacturing,KFC_v2,iterative,0.5947692307692308,0.5269461077844312
manufacturing,KFC_v2,iterative,0.5950769230769231,0.40718562874251496
manufacturing,KFC_v2,iterative,0.5953846153846154,0.40718562874251496
manufacturing,KFC_v2,iterative,0.5956923076923077,0.40718562874251496
manufacturing,KFC_v2,iterative,0.596,0.40718562874251496
manufacturing,KFC_v2,iterative,0.5963076923076923,0.40718562874251496
manufacturing,KFC_v2,iterative,0.5966153846153847,0.40718562874251496
manufacturing,KFC_v2,iterative,0.5969230769230769,0.40718562874251496
manufacturing,KFC_v2,iterative,0.5972307692307692,0.40718562874251496
manufacturing,KFC_v2,iterative,0.5975384615384616,0.40718562874251496
manufacturing,KFC_v2,iterative,0.5978461538461539,0.40718562874251496
manufacturing,KFC_v2,iterative,0.5981538461538461,0.40718562874251496
manufacturing,KFC_v2,iterative,0.5984615384615385,0.40718562874251496
manufacturing,KFC_v2,iterative,0.5987692307692308,0.40718562874251496
manufacturing,KFC_v2,iterative,0.5990769230769231,0.40718562874251496
manufacturing,KFC_v2,iterative,0.5993846153846154,0.40718562874251496
manufacturing,KFC_v2,iterative,0.5996923076923077,0.40718562874251496
manufacturing,KFC_v2,iterative,0.6,0.40718562874251496
manufacturing,KFC_v2,iterative,0.6003076923076923,0.40718562874251496
manufacturing,KFC_v2,iterative,0.6006153846153847,0.40718562874251496
manufacturing,KFC_v2,iterative,0.6009230769230769,0.40718562874251496
manufacturing,KFC_v2,iterative,0.6012307692307692,0.40718562874251496
manufacturing,KFC_v2,iterative,0.6015384615384616,0.40718562874251496
manufacturing,KFC_v2,iterative,0.6018461538461539,0.40718562874251496
manufacturing,KFC_v2,iterative,0.6021538461538462,0.40718562874251496
manufacturing,KFC_v2,iterative,0.6024615384615385,0.40718562874251496
manufacturing,KFC_v2,iterative,0.6027692307692308,0.40718562874251496
manufacturing,KFC_v2,iterative,0.6030769230769231,0.40718562874251496
manufacturing,KFC_v2,iterative,0.6033846153846154,0.40718562874251496
manufacturing,KFC_v2,iterative,0.6036923076923078,0.40718562874251496
manufacturing,KFC_v2,iterative,0.604,0.40718562874251496
manufacturing,KFC_v2,iterative,0.6043076923076923,0.40718562874251496
manufacturing,KFC_v2,iterative,0.6046153846153847,0.40718562874251496
manufacturing,KFC_v2,iterative,0.6049230769230769,0.40718562874251496
manufacturing,KFC_v2,iterative,0.6052307692307692,0.40718562874251496
manufacturing,KFC_v2,iterative,0.6055384615384616,0.40718562874251496
manufacturing,KFC_v2,iterative,0.6058461538461538,0.40718562874251496
manufacturing,KFC_v2,iterative,0.6061538461538462,0.40718562874251496
manufacturing,KFC_v2,iterative,0.6064615384615385,0.40718562874251496
manufacturing,KFC_v2,iterative,0.6067692307692308,0.40718562874251496
manufacturing,KFC_v2,iterative,0.6070769230769231,0.40718562874251496
manufacturing,KFC_v2,iterative,0.6073846153846154,0.40718562874251496
manufacturing,KFC_v2,iterative,0.6076923076923078,0.40718562874251496
manufacturing,KFC_v2,iterative,0.608,0.40718562874251496
manufacturing,KFC_v2,iterative,0.6083076923076923,0.40718562874251496
manufacturing,KFC_v2,iterative,0.6086153846153847,0.40718562874251496
manufacturing,KFC_v2,iterative,0.6089230769230769,0.40718562874251496
manufacturing,KFC_v2,iterative,0.6092307692307692,0.40718562874251496
manufacturing,KFC_v2,iterative,0.6095384615384616,0.40718562874251496
manufacturing,KFC_v2,iterative,0.6098461538461538,0.40718562874251496
manufacturing,KFC_v2,iterative,0.6101538461538462,0.40718562874251496
manufacturing,KFC_v2,iterative,0.6104615384615385,0.40718562874251496
manufacturing,KFC_v2,iterative,0.6107692307692308,0.40718562874251496
manufacturing,KFC_v2,iterative,0.6110769230769231,0.40718562874251496
manufacturing,KFC_v2,iterative,0.6113846153846154,0.40718562874251496
manufacturing,KFC_v2,iterative,0.6116923076923078,0.40718562874251496
manufacturing,KFC_v2,iterative,0.612,0.40718562874251496
manufacturing,KFC_v2,iterative,0.6123076923076923,0.40718562874251496
manufacturing,KFC_v2,iterative,0.6126153846153847,0.40718562874251496
manufacturing,KFC_v2,iterative,0.6129230769230769,0.40718562874251496
manufacturing,KFC_v2,iterative,0.6132307692307692,0.40718562874251496
manufacturing,KFC_v2,iterative,0.6135384615384616,0.40718562874251496
manufacturing,KFC_v2,iterative,0.6138461538461538,0.40718562874251496
manufacturing,KFC_v2,iterative,0.6141538461538462,0.40718562874251496
manufacturing,KFC_v2,iterative,0.6144615384615385,0.40718562874251496
manufacturing,KFC_v2,iterative,0.6147692307692308,0.40718562874251496
manufacturing,KFC_v2,iterative,0.6150769230769231,0.40718562874251496
manufacturing,KFC_v2,iterative,0.6153846153846154,0.40718562874251496
manufacturing,KFC_v2,iterative,0.6156923076923078,0.40718562874251496
manufacturing,KFC_v2,iterative,0.616,0.40718562874251496
manufacturing,KFC_v2,iterative,0.6163076923076923,0.40718562874251496
manufacturing,KFC_v2,iterative,0.6166153846153847,0.40718562874251496
manufacturing,KFC_v2,iterative,0.6169230769230769,0.40718562874251496
manufacturing,KFC_v2,iterative,0.6172307692307692,0.40718562874251496
manufacturing,KFC_v2,iterative,0.6175384615384616,0.40718562874251496
manufacturing,KFC_v2,iterative,0.6178461538461538,0.40718562874251496
manufacturing,KFC_v2,iterative,0.6181538461538462,0.40718562874251496
manufacturing,KFC_v2,iterative,0.6184615384615385,0.40718562874251496
manufacturing,KFC_v2,iterative,0.6187692307692307,0.40718562874251496
manufacturing,KFC_v2,iterative,0.6190769230769231,0.40718562874251496
manufacturing,KFC_v2,iterative,0.6193846153846154,0.40718562874251496
manufacturing,KFC_v2,iterative,0.6196923076923078,0.40718562874251496
manufacturing,KFC_v2,iterative,0.62,0.40718562874251496
manufacturing,KFC_v2,iterative,0.6203076923076923,0.40718562874251496
manufacturing,KFC_v2,iterative,0.6206153846153847,0.40718562874251496
manufacturing,KFC_v2,iterative,0.6209230769230769,0.40718562874251496
manufacturing,KFC_v2,iterative,0.6212307692307693,0.40718562874251496
manufacturing,KFC_v2,iterative,0.6215384615384616,0.40718562874251496
manufacturing,KFC_v2,iterative,0.6218461538461538,0.40718562874251496
manufacturing,KFC_v2,iterative,0.6221538461538462,0.40718562874251496
manufacturing,KFC_v2,iterative,0.6224615384615385,0.40718562874251496
manufacturing,KFC_v2,iterative,0.6227692307692307,0.40718562874251496
manufacturing,KFC_v2,iterative,0.6230769230769231,0.40718562874251496
manufacturing,KFC_v2,iterative,0.6233846153846154,0.40718562874251496
manufacturing,KFC_v2,iterative,0.6236923076923078,0.40718562874251496
manufacturing,KFC_v2,iterative,0.624,0.40718562874251496
manufacturing,KFC_v2,iterative,0.6243076923076923,0.40718562874251496
manufacturing,KFC_v2,iterative,0.6246153846153847,0.40718562874251496
manufacturing,KFC_v2,iterative,0.6249230769230769,0.40718562874251496
manufacturing,KFC_v2,iterative,0.6252307692307693,0.40718562874251496
manufacturing,KFC_v2,iterative,0.6255384615384616,0.40718562874251496
manufacturing,KFC_v2,iterative,0.6258461538461538,0.40718562874251496
manufacturing,KFC_v2,iterative,0.6261538461538462,0.40718562874251496
manufacturing,KFC_v2,iterative,0.6264615384615385,0.40718562874251496
manufacturing,KFC_v2,iterative,0.6267692307692307,0.40718562874251496
manufacturing,KFC_v2,iterative,0.6270769230769231,0.40718562874251496
manufacturing,KFC_v2,iterative,0.6273846153846154,0.40718562874251496
manufacturing,KFC_v2,iterative,0.6276923076923077,0.40718562874251496
manufacturing,KFC_v2,iterative,0.628,0.40718562874251496
manufacturing,KFC_v2,iterative,0.6283076923076923,0.40718562874251496
manufacturing,KFC_v2,iterative,0.6286153846153847,0.40718562874251496
manufacturing,KFC_v2,iterative,0.6289230769230769,0.40718562874251496
manufacturing,KFC_v2,iterative,0.6292307692307693,0.40718562874251496
manufacturing,KFC_v2,iterative,0.6295384615384616,0.40718562874251496
manufacturing,KFC_v2,iterative,0.6298461538461538,0.40718562874251496
manufacturing,KFC_v2,iterative,0.6301538461538462,0.40718562874251496
manufacturing,KFC_v2,iterative,0.6304615384615385,0.40718562874251496
manufacturing,KFC_v2,iterative,0.6307692307692307,0.40718562874251496
manufacturing,KFC_v2,iterative,0.6310769230769231,0.40718562874251496
manufacturing,KFC_v2,iterative,0.6313846153846154,0.40718562874251496
manufacturing,KFC_v2,iterative,0.6316923076923077,0.40718562874251496
manufacturing,KFC_v2,iterative,0.632,0.40718562874251496
manufacturing,KFC_v2,iterative,0.6323076923076923,0.40718562874251496
manufacturing,KFC_v2,iterative,0.6326153846153847,0.40718562874251496
manufacturing,KFC_v2,iterative,0.6329230769230769,0.40718562874251496
manufacturing,KFC_v2,iterative,0.6332307692307693,0.40718562874251496
manufacturing,KFC_v2,iterative,0.6335384615384616,0.40718562874251496
manufacturing,KFC_v2,iterative,0.6338461538461538,0.40718562874251496
manufacturing,KFC_v2,iterative,0.6341538461538462,0.40718562874251496
manufacturing,KFC_v2,iterative,0.6344615384615385,0.40718562874251496
manufacturing,KFC_v2,iterative,0.6347692307692308,0.40718562874251496
manufacturing,KFC_v2,iterative,0.6350769230769231,0.40718562874251496
manufacturing,KFC_v2,iterative,0.6353846153846154,0.40718562874251496
manufacturing,KFC_v2,iterative,0.6356923076923077,0.40718562874251496
manufacturing,KFC_v2,iterative,0.636,0.40718562874251496
manufacturing,KFC_v2,iterative,0.6363076923076924,0.40718562874251496
manufacturing,KFC_v2,iterative,0.6366153846153846,0.40718562874251496
manufacturing,KFC_v2,iterative,0.6369230769230769,0.40718562874251496
manufacturing,KFC_v2,iterative,0.6372307692307693,0.40718562874251496
manufacturing,KFC_v2,iterative,0.6375384615384616,0.40718562874251496
manufacturing,KFC_v2,iterative,0.6378461538461538,0.40718562874251496
manufacturing,KFC_v2,iterative,0.6381538461538462,0.40718562874251496
manufacturing,KFC_v2,iterative,0.6384615384615385,0.40718562874251496
manufacturing,KFC_v2,iterative,0.6387692307692308,0.40718562874251496
manufacturing,KFC_v2,iterative,0.6390769230769231,0.40718562874251496
manufacturing,KFC_v2,iterative,0.6393846153846154,0.40718562874251496
manufacturing,KFC_v2,iterative,0.6396923076923077,0.40718562874251496
manufacturing,KFC_v2,iterative,0.64,0.40718562874251496
manufacturing,KFC_v2,iterative,0.6403076923076924,0.40718562874251496
manufacturing,KFC_v2,iterative,0.6406153846153846,0.40718562874251496
manufacturing,KFC_v2,iterative,0.6409230769230769,0.40718562874251496
manufacturing,KFC_v2,iterative,0.6412307692307693,0.40718562874251496
manufacturing,KFC_v2,iterative,0.6415384615384616,0.40718562874251496
manufacturing,KFC_v2,iterative,0.6418461538461538,0.40718562874251496
manufacturing,KFC_v2,iterative,0.6421538461538462,0.40718562874251496
manufacturing,KFC_v2,iterative,0.6424615384615385,0.40718562874251496
manufacturing,KFC_v2,iterative,0.6427692307692308,0.40718562874251496
manufacturing,KFC_v2,iterative,0.6430769230769231,0.40718562874251496
manufacturing,KFC_v2,iterative,0.6433846153846154,0.40718562874251496
manufacturing,KFC_v2,iterative,0.6436923076923077,0.40718562874251496
manufacturing,KFC_v2,iterative,0.644,0.40718562874251496
manufacturing,KFC_v2,iterative,0.6443076923076924,0.40718562874251496
manufacturing,KFC_v2,iterative,0.6446153846153846,0.40718562874251496
manufacturing,KFC_v2,iterative,0.6449230769230769,0.40718562874251496
manufacturing,KFC_v2,iterative,0.6452307692307693,0.40718562874251496
manufacturing,KFC_v2,iterative,0.6455384615384615,0.3413173652694611
manufacturing,KFC_v2,iterative,0.6458461538461538,0.3413173652694611
manufacturing,KFC_v2,iterative,0.6461538461538462,0.3413173652694611
manufacturing,KFC_v2,iterative,0.6464615384615385,0.3413173652694611
manufacturing,KFC_v2,iterative,0.6467692307692308,0.3413173652694611
manufacturing,KFC_v2,iterative,0.6470769230769231,0.3413173652694611
manufacturing,KFC_v2,iterative,0.6473846153846154,0.3413173652694611
manufacturing,KFC_v2,iterative,0.6476923076923077,0.3413173652694611
manufacturing,KFC_v2,iterative,0.648,0.3413173652694611
manufacturing,KFC_v2,iterative,0.6483076923076924,0.3413173652694611
manufacturing,KFC_v2,iterative,0.6486153846153846,0.3413173652694611
manufacturing,KFC_v2,iterative,0.6489230769230769,0.3413173652694611
manufacturing,KFC_v2,iterative,0.6492307692307693,0.3413173652694611
manufacturing,KFC_v2,iterative,0.6495384615384615,0.3413173652694611
manufacturing,KFC_v2,iterative,0.6498461538461539,0.3413173652694611
manufacturing,KFC_v2,iterative,0.6501538461538462,0.3413173652694611
manufacturing,KFC_v2,iterative,0.6504615384615385,0.3413173652694611
manufacturing,KFC_v2,iterative,0.6507692307692308,0.3413173652694611
manufacturing,KFC_v2,iterative,0.6510769230769231,0.3413173652694611
manufacturing,KFC_v2,iterative,0.6513846153846155,0.3413173652694611
manufacturing,KFC_v2,iterative,0.6516923076923077,0.3413173652694611
manufacturing,KFC_v2,iterative,0.652,0.3413173652694611
manufacturing,KFC_v2,iterative,0.6523076923076924,0.3413173652694611
manufacturing,KFC_v2,iterative,0.6526153846153846,0.3413173652694611
manufacturing,KFC_v2,iterative,0.6529230769230769,0.3413173652694611
manufacturing,KFC_v2,iterative,0.6532307692307693,0.3413173652694611
manufacturing,KFC_v2,iterative,0.6535384615384615,0.3413173652694611
manufacturing,KFC_v2,iterative,0.6538461538461539,0.3413173652694611
manufacturing,KFC_v2,iterative,0.6541538461538462,0.3413173652694611
manufacturing,KFC_v2,iterative,0.6544615384615385,0.3413173652694611
manufacturing,KFC_v2,iterative,0.6547692307692308,0.3413173652694611
manufacturing,KFC_v2,iterative,0.6550769230769231,0.3413173652694611
manufacturing,KFC_v2,iterative,0.6553846153846155,0.3413173652694611
manufacturing,KFC_v2,iterative,0.6556923076923077,0.3413173652694611
manufacturing,KFC_v2,iterative,0.656,0.3413173652694611
manufacturing,KFC_v2,iterative,0.6563076923076924,0.3413173652694611
manufacturing,KFC_v2,iterative,0.6566153846153846,0.3413173652694611
manufacturing,KFC_v2,iterative,0.6569230769230769,0.3413173652694611
manufacturing,KFC_v2,iterative,0.6572307692307693,0.3413173652694611
manufacturing,KFC_v2,iterative,0.6575384615384615,0.3413173652694611
manufacturing,KFC_v2,iterative,0.6578461538461539,0.3413173652694611
manufacturing,KFC_v2,iterative,0.6581538461538462,0.3413173652694611
manufacturing,KFC_v2,iterative,0.6584615384615384,0.3413173652694611
manufacturing,KFC_v2,iterative,0.6587692307692308,0.3413173652694611
manufacturing,KFC_v2,iterative,0.6590769230769231,0.3413173652694611
manufacturing,KFC_v2,iterative,0.6593846153846155,0.3413173652694611
manufacturing,KFC_v2,iterative,0.6596923076923077,0.3413173652694611
manufacturing,KFC_v2,iterative,0.66,0.3413173652694611
manufacturing,KFC_v2,iterative,0.6603076923076924,0.3413173652694611
manufacturing,KFC_v2,iterative,0.6606153846153846,0.3413173652694611
manufacturing,KFC_v2,iterative,0.660923076923077,0.3413173652694611
manufacturing,KFC_v2,iterative,0.6612307692307693,0.3413173652694611
manufacturing,KFC_v2,iterative,0.6615384615384615,0.3413173652694611
manufacturing,KFC_v2,iterative,0.6618461538461539,0.3413173652694611
manufacturing,KFC_v2,iterative,0.6621538461538462,0.3413173652694611
manufacturing,KFC_v2,iterative,0.6624615384615384,0.3413173652694611
manufacturing,KFC_v2,iterative,0.6627692307692308,0.3413173652694611
manufacturing,KFC_v2,iterative,0.6630769230769231,0.3413173652694611
manufacturing,KFC_v2,iterative,0.6633846153846155,0.3413173652694611
manufacturing,KFC_v2,iterative,0.6636923076923077,0.3413173652694611
manufacturing,KFC_v2,iterative,0.664,0.3413173652694611
manufacturing,KFC_v2,iterative,0.6643076923076924,0.3413173652694611
manufacturing,KFC_v2,iterative,0.6646153846153846,0.3413173652694611
manufacturing,KFC_v2,iterative,0.664923076923077,0.3413173652694611
manufacturing,KFC_v2,iterative,0.6652307692307693,0.3413173652694611
manufacturing,KFC_v2,iterative,0.6655384615384615,0.3413173652694611
manufacturing,KFC_v2,iterative,0.6658461538461539,0.3413173652694611
manufacturing,KFC_v2,iterative,0.6661538461538462,0.3413173652694611
manufacturing,KFC_v2,iterative,0.6664615384615384,0.3413173652694611
manufacturing,KFC_v2,iterative,0.6667692307692308,0.3413173652694611
manufacturing,KFC_v2,iterative,0.6670769230769231,0.3413173652694611
manufacturing,KFC_v2,iterative,0.6673846153846154,0.3413173652694611
manufacturing,KFC_v2,iterative,0.6676923076923077,0.3413173652694611
manufacturing,KFC_v2,iterative,0.668,0.3413173652694611
manufacturing,KFC_v2,iterative,0.6683076923076924,0.3413173652694611
manufacturing,KFC_v2,iterative,0.6686153846153846,0.3413173652694611
manufacturing,KFC_v2,iterative,0.668923076923077,0.3413173652694611
manufacturing,KFC_v2,iterative,0.6692307692307693,0.3413173652694611
manufacturing,KFC_v2,iterative,0.6695384615384615,0.3413173652694611
manufacturing,KFC_v2,iterative,0.6698461538461539,0.3413173652694611
manufacturing,KFC_v2,iterative,0.6701538461538462,0.3413173652694611
manufacturing,KFC_v2,iterative,0.6704615384615384,0.3413173652694611
manufacturing,KFC_v2,iterative,0.6707692307692308,0.3413173652694611
manufacturing,KFC_v2,iterative,0.6710769230769231,0.3413173652694611
manufacturing,KFC_v2,iterative,0.6713846153846154,0.3413173652694611
manufacturing,KFC_v2,iterative,0.6716923076923077,0.3413173652694611
manufacturing,KFC_v2,iterative,0.672,0.3413173652694611
manufacturing,KFC_v2,iterative,0.6723076923076924,0.3413173652694611
manufacturing,KFC_v2,iterative,0.6726153846153846,0.3413173652694611
manufacturing,KFC_v2,iterative,0.672923076923077,0.3413173652694611
manufacturing,KFC_v2,iterative,0.6732307692307693,0.3413173652694611
manufacturing,KFC_v2,iterative,0.6735384615384615,0.3413173652694611
manufacturing,KFC_v2,iterative,0.6738461538461539,0.3413173652694611
manufacturing,KFC_v2,iterative,0.6741538461538462,0.3413173652694611
manufacturing,KFC_v2,iterative,0.6744615384615384,0.3413173652694611
manufacturing,KFC_v2,iterative,0.6747692307692308,0.3413173652694611
manufacturing,KFC_v2,iterative,0.6750769230769231,0.3413173652694611
manufacturing,KFC_v2,iterative,0.6753846153846154,0.3413173652694611
manufacturing,KFC_v2,iterative,0.6756923076923077,0.3413173652694611
manufacturing,KFC_v2,iterative,0.676,0.3413173652694611
manufacturing,KFC_v2,iterative,0.6763076923076923,0.3413173652694611
manufacturing,KFC_v2,iterative,0.6766153846153846,0.3413173652694611
manufacturing,KFC_v2,iterative,0.676923076923077,0.3413173652694611
manufacturing,KFC_v2,iterative,0.6772307692307693,0.3413173652694611
manufacturing,KFC_v2,iterative,0.6775384615384615,0.3413173652694611
manufacturing,KFC_v2,iterative,0.6778461538461539,0.3413173652694611
manufacturing,KFC_v2,iterative,0.6781538461538462,0.3413173652694611
manufacturing,KFC_v2,iterative,0.6784615384615384,0.3413173652694611
manufacturing,KFC_v2,iterative,0.6787692307692308,0.3413173652694611
manufacturing,KFC_v2,iterative,0.6790769230769231,0.3413173652694611
manufacturing,KFC_v2,iterative,0.6793846153846154,0.3413173652694611
manufacturing,KFC_v2,iterative,0.6796923076923077,0.3413173652694611
manufacturing,KFC_v2,iterative,0.68,0.3413173652694611
manufacturing,KFC_v2,iterative,0.6803076923076923,0.3413173652694611
manufacturing,KFC_v2,iterative,0.6806153846153846,0.3413173652694611
manufacturing,KFC_v2,iterative,0.680923076923077,0.3413173652694611
manufacturing,KFC_v2,iterative,0.6812307692307693,0.3413173652694611
manufacturing,KFC_v2,iterative,0.6815384615384615,0.3413173652694611
manufacturing,KFC_v2,iterative,0.6818461538461539,0.3413173652694611
manufacturing,KFC_v2,iterative,0.6821538461538462,0.3413173652694611
manufacturing,KFC_v2,iterative,0.6824615384615385,0.3413173652694611
manufacturing,KFC_v2,iterative,0.6827692307692308,0.3413173652694611
manufacturing,KFC_v2,iterative,0.6830769230769231,0.3413173652694611
manufacturing,KFC_v2,iterative,0.6833846153846154,0.3413173652694611
manufacturing,KFC_v2,iterative,0.6836923076923077,0.3413173652694611
manufacturing,KFC_v2,iterative,0.684,0.3413173652694611
manufacturing,KFC_v2,iterative,0.6843076923076923,0.3413173652694611
manufacturing,KFC_v2,iterative,0.6846153846153846,0.3413173652694611
manufacturing,KFC_v2,iterative,0.684923076923077,0.3413173652694611
manufacturing,KFC_v2,iterative,0.6852307692307692,0.3413173652694611
manufacturing,KFC_v2,iterative,0.6855384615384615,0.3413173652694611
manufacturing,KFC_v2,iterative,0.6858461538461539,0.3413173652694611
manufacturing,KFC_v2,iterative,0.6861538461538462,0.3413173652694611
manufacturing,KFC_v2,iterative,0.6864615384615385,0.3413173652694611
manufacturing,KFC_v2,iterative,0.6867692307692308,0.3413173652694611
manufacturing,KFC_v2,iterative,0.6870769230769231,0.3413173652694611
manufacturing,KFC_v2,iterative,0.6873846153846154,0.3413173652694611
manufacturing,KFC_v2,iterative,0.6876923076923077,0.3413173652694611
manufacturing,KFC_v2,iterative,0.6880000000000001,0.3413173652694611
manufacturing,KFC_v2,iterative,0.6883076923076923,0.3413173652694611
manufacturing,KFC_v2,iterative,0.6886153846153846,0.3413173652694611
manufacturing,KFC_v2,iterative,0.688923076923077,0.3413173652694611
manufacturing,KFC_v2,iterative,0.6892307692307692,0.3413173652694611
manufacturing,KFC_v2,iterative,0.6895384615384615,0.3413173652694611
manufacturing,KFC_v2,iterative,0.6898461538461539,0.3413173652694611
manufacturing,KFC_v2,iterative,0.6901538461538462,0.3413173652694611
manufacturing,KFC_v2,iterative,0.6904615384615385,0.3413173652694611
manufacturing,KFC_v2,iterative,0.6907692307692308,0.3413173652694611
manufacturing,KFC_v2,iterative,0.6910769230769231,0.3413173652694611
manufacturing,KFC_v2,iterative,0.6913846153846154,0.3413173652694611
manufacturing,KFC_v2,iterative,0.6916923076923077,0.3413173652694611
manufacturing,KFC_v2,iterative,0.6920000000000001,0.3413173652694611
manufacturing,KFC_v2,iterative,0.6923076923076923,0.3413173652694611
manufacturing,KFC_v2,iterative,0.6926153846153846,0.3413173652694611
manufacturing,KFC_v2,iterative,0.692923076923077,0.3413173652694611
manufacturing,KFC_v2,iterative,0.6932307692307692,0.3413173652694611
manufacturing,KFC_v2,iterative,0.6935384615384615,0.23353293413173654
manufacturing,KFC_v2,iterative,0.6938461538461539,0.23353293413173654
manufacturing,KFC_v2,iterative,0.6941538461538462,0.23353293413173654
manufacturing,KFC_v2,iterative,0.6944615384615385,0.23353293413173654
manufacturing,KFC_v2,iterative,0.6947692307692308,0.23353293413173654
manufacturing,KFC_v2,iterative,0.6950769230769231,0.23353293413173654
manufacturing,KFC_v2,iterative,0.6953846153846154,0.23353293413173654
manufacturing,KFC_v2,iterative,0.6956923076923077,0.23353293413173654
manufacturing,KFC_v2,iterative,0.6960000000000001,0.23353293413173654
manufacturing,KFC_v2,iterative,0.6963076923076923,0.23353293413173654
manufacturing,KFC_v2,iterative,0.6966153846153846,0.23353293413173654
manufacturing,KFC_v2,iterative,0.696923076923077,0.23353293413173654
manufacturing,KFC_v2,iterative,0.6972307692307692,0.23353293413173654
manufacturing,KFC_v2,iterative,0.6975384615384616,0.23353293413173654
manufacturing,KFC_v2,iterative,0.6978461538461539,0.23353293413173654
manufacturing,KFC_v2,iterative,0.6981538461538461,0.23353293413173654
manufacturing,KFC_v2,iterative,0.6984615384615385,0.23353293413173654
manufacturing,KFC_v2,iterative,0.6987692307692308,0.23353293413173654
manufacturing,KFC_v2,iterative,0.6990769230769232,0.23353293413173654
manufacturing,KFC_v2,iterative,0.6993846153846154,0.23353293413173654
manufacturing,KFC_v2,iterative,0.6996923076923077,0.23353293413173654
manufacturing,KFC_v2,iterative,0.7000000000000001,0.23353293413173654
manufacturing,KFC_v2,iterative,0.7003076923076923,0.23353293413173654
manufacturing,KFC_v2,iterative,0.7006153846153846,0.23353293413173654
manufacturing,KFC_v2,iterative,0.700923076923077,0.23353293413173654
manufacturing,KFC_v2,iterative,0.7012307692307692,0.23353293413173654
manufacturing,KFC_v2,iterative,0.7015384615384616,0.23353293413173654
manufacturing,KFC_v2,iterative,0.7018461538461539,0.23353293413173654
manufacturing,KFC_v2,iterative,0.7021538461538461,0.23353293413173654
manufacturing,KFC_v2,iterative,0.7024615384615385,0.23353293413173654
manufacturing,KFC_v2,iterative,0.7027692307692308,0.23353293413173654
manufacturing,KFC_v2,iterative,0.7030769230769232,0.23353293413173654
manufacturing,KFC_v2,iterative,0.7033846153846154,0.23353293413173654
manufacturing,KFC_v2,iterative,0.7036923076923077,0.23353293413173654
manufacturing,KFC_v2,iterative,0.7040000000000001,0.23353293413173654
manufacturing,KFC_v2,iterative,0.7043076923076923,0.23353293413173654
manufacturing,KFC_v2,iterative,0.7046153846153846,0.23353293413173654
manufacturing,KFC_v2,iterative,0.704923076923077,0.23353293413173654
manufacturing,KFC_v2,iterative,0.7052307692307692,0.23353293413173654
manufacturing,KFC_v2,iterative,0.7055384615384616,0.23353293413173654
manufacturing,KFC_v2,iterative,0.7058461538461539,0.23353293413173654
manufacturing,KFC_v2,iterative,0.7061538461538461,0.23353293413173654
manufacturing,KFC_v2,iterative,0.7064615384615385,0.23353293413173654
manufacturing,KFC_v2,iterative,0.7067692307692308,0.23353293413173654
manufacturing,KFC_v2,iterative,0.707076923076923,0.23353293413173654
manufacturing,KFC_v2,iterative,0.7073846153846154,0.23353293413173654
manufacturing,KFC_v2,iterative,0.7076923076923077,0.23353293413173654
manufacturing,KFC_v2,iterative,0.7080000000000001,0.23353293413173654
manufacturing,KFC_v2,iterative,0.7083076923076923,0.23353293413173654
manufacturing,KFC_v2,iterative,0.7086153846153846,0.23353293413173654
manufacturing,KFC_v2,iterative,0.708923076923077,0.23353293413173654
manufacturing,KFC_v2,iterative,0.7092307692307692,0.23353293413173654
manufacturing,KFC_v2,iterative,0.7095384615384616,0.23353293413173654
manufacturing,KFC_v2,iterative,0.7098461538461539,0.23353293413173654
manufacturing,KFC_v2,iterative,0.7101538461538461,0.23353293413173654
manufacturing,KFC_v2,iterative,0.7104615384615385,0.23353293413173654
manufacturing,KFC_v2,iterative,0.7107692307692308,0.23353293413173654
manufacturing,KFC_v2,iterative,0.711076923076923,0.23353293413173654
manufacturing,KFC_v2,iterative,0.7113846153846154,0.23353293413173654
manufacturing,KFC_v2,iterative,0.7116923076923077,0.23353293413173654
manufacturing,KFC_v2,iterative,0.7120000000000001,0.23353293413173654
manufacturing,KFC_v2,iterative,0.7123076923076923,0.23353293413173654
manufacturing,KFC_v2,iterative,0.7126153846153847,0.23353293413173654
manufacturing,KFC_v2,iterative,0.712923076923077,0.23353293413173654
manufacturing,KFC_v2,iterative,0.7132307692307692,0.23353293413173654
manufacturing,KFC_v2,iterative,0.7135384615384616,0.23353293413173654
manufacturing,KFC_v2,iterative,0.7138461538461539,0.23353293413173654
manufacturing,KFC_v2,iterative,0.7141538461538461,0.23353293413173654
manufacturing,KFC_v2,iterative,0.7144615384615385,0.23353293413173654
manufacturing,KFC_v2,iterative,0.7147692307692308,0.23353293413173654
manufacturing,KFC_v2,iterative,0.715076923076923,0.23353293413173654
manufacturing,KFC_v2,iterative,0.7153846153846154,0.23353293413173654
manufacturing,KFC_v2,iterative,0.7156923076923077,0.23353293413173654
manufacturing,KFC_v2,iterative,0.716,0.23353293413173654
manufacturing,KFC_v2,iterative,0.7163076923076923,0.23353293413173654
manufacturing,KFC_v2,iterative,0.7166153846153847,0.23353293413173654
manufacturing,KFC_v2,iterative,0.716923076923077,0.23353293413173654
manufacturing,KFC_v2,iterative,0.7172307692307692,0.23353293413173654
manufacturing,KFC_v2,iterative,0.7175384615384616,0.23353293413173654
manufacturing,KFC_v2,iterative,0.7178461538461539,0.23353293413173654
manufacturing,KFC_v2,iterative,0.7181538461538461,0.23353293413173654
manufacturing,KFC_v2,iterative,0.7184615384615385,0.23353293413173654
manufacturing,KFC_v2,iterative,0.7187692307692308,0.23353293413173654
manufacturing,KFC_v2,iterative,0.7190769230769231,0.23353293413173654
manufacturing,KFC_v2,iterative,0.7193846153846154,0.23353293413173654
manufacturing,KFC_v2,iterative,0.7196923076923077,0.23353293413173654
manufacturing,KFC_v2,iterative,0.72,0.23353293413173654
manufacturing,KFC_v2,iterative,0.7203076923076923,0.23353293413173654
manufacturing,KFC_v2,iterative,0.7206153846153847,0.23353293413173654
manufacturing,KFC_v2,iterative,0.720923076923077,0.23353293413173654
manufacturing,KFC_v2,iterative,0.7212307692307692,0.23353293413173654
manufacturing,KFC_v2,iterative,0.7215384615384616,0.23353293413173654
manufacturing,KFC_v2,iterative,0.7218461538461539,0.23353293413173654
manufacturing,KFC_v2,iterative,0.7221538461538461,0.23353293413173654
manufacturing,KFC_v2,iterative,0.7224615384615385,0.23353293413173654
manufacturing,KFC_v2,iterative,0.7227692307692308,0.23353293413173654
manufacturing,KFC_v2,iterative,0.7230769230769231,0.23353293413173654
manufacturing,KFC_v2,iterative,0.7233846153846154,0.23353293413173654
manufacturing,KFC_v2,iterative,0.7236923076923077,0.23353293413173654
manufacturing,KFC_v2,iterative,0.724,0.23353293413173654
manufacturing,KFC_v2,iterative,0.7243076923076923,0.23353293413173654
manufacturing,KFC_v2,iterative,0.7246153846153847,0.23353293413173654
manufacturing,KFC_v2,iterative,0.724923076923077,0.23353293413173654
manufacturing,KFC_v2,iterative,0.7252307692307692,0.23353293413173654
manufacturing,KFC_v2,iterative,0.7255384615384616,0.23353293413173654
manufacturing,KFC_v2,iterative,0.7258461538461539,0.23353293413173654
manufacturing,KFC_v2,iterative,0.7261538461538461,0.23353293413173654
manufacturing,KFC_v2,iterative,0.7264615384615385,0.23353293413173654
manufacturing,KFC_v2,iterative,0.7267692307692308,0.23353293413173654
manufacturing,KFC_v2,iterative,0.7270769230769231,0.23353293413173654
manufacturing,KFC_v2,iterative,0.7273846153846154,0.23353293413173654
manufacturing,KFC_v2,iterative,0.7276923076923077,0.23353293413173654
manufacturing,KFC_v2,iterative,0.728,0.2275449101796407
manufacturing,KFC_v2,iterative,0.7283076923076923,0.2275449101796407
manufacturing,KFC_v2,iterative,0.7286153846153847,0.2275449101796407
manufacturing,KFC_v2,iterative,0.7289230769230769,0.2275449101796407
manufacturing,KFC_v2,iterative,0.7292307692307692,0.2275449101796407
manufacturing,KFC_v2,iterative,0.7295384615384616,0.2275449101796407
manufacturing,KFC_v2,iterative,0.7298461538461539,0.2275449101796407
manufacturing,KFC_v2,iterative,0.7301538461538462,0.2275449101796407
manufacturing,KFC_v2,iterative,0.7304615384615385,0.2275449101796407
manufacturing,KFC_v2,iterative,0.7307692307692308,0.2275449101796407
manufacturing,KFC_v2,iterative,0.7310769230769231,0.2275449101796407
manufacturing,KFC_v2,iterative,0.7313846153846154,0.2275449101796407
manufacturing,KFC_v2,iterative,0.7316923076923078,0.2275449101796407
manufacturing,KFC_v2,iterative,0.732,0.2275449101796407
manufacturing,KFC_v2,iterative,0.7323076923076923,0.2155688622754491
manufacturing,KFC_v2,iterative,0.7326153846153847,0.2155688622754491
manufacturing,KFC_v2,iterative,0.7329230769230769,0.2155688622754491
manufacturing,KFC_v2,iterative,0.7332307692307692,0.2155688622754491
manufacturing,KFC_v2,iterative,0.7335384615384616,0.20359281437125748
manufacturing,KFC_v2,iterative,0.7338461538461539,0.20359281437125748
manufacturing,KFC_v2,iterative,0.7341538461538462,0.20359281437125748
manufacturing,KFC_v2,iterative,0.7344615384615385,0.20359281437125748
manufacturing,KFC_v2,iterative,0.7347692307692308,0.20359281437125748
manufacturing,KFC_v2,iterative,0.7350769230769231,0.20359281437125748
manufacturing,KFC_v2,iterative,0.7353846153846154,0.20359281437125748
manufacturing,KFC_v2,iterative,0.7356923076923078,0.20359281437125748
manufacturing,KFC_v2,iterative,0.736,0.20359281437125748
manufacturing,KFC_v2,iterative,0.7363076923076923,0.20359281437125748
manufacturing,KFC_v2,iterative,0.7366153846153847,0.20359281437125748
manufacturing,KFC_v2,iterative,0.7369230769230769,0.20359281437125748
manufacturing,KFC_v2,iterative,0.7372307692307692,0.20359281437125748
manufacturing,KFC_v2,iterative,0.7375384615384616,0.20359281437125748
manufacturing,KFC_v2,iterative,0.7378461538461538,0.20359281437125748
manufacturing,KFC_v2,iterative,0.7381538461538462,0.20359281437125748
manufacturing,KFC_v2,iterative,0.7384615384615385,0.20359281437125748
manufacturing,KFC_v2,iterative,0.7387692307692308,0.20359281437125748
manufacturing,KFC_v2,iterative,0.7390769230769231,0.20359281437125748
manufacturing,KFC_v2,iterative,0.7393846153846154,0.20359281437125748
manufacturing,KFC_v2,iterative,0.7396923076923078,0.20359281437125748
manufacturing,KFC_v2,iterative,0.74,0.20359281437125748
manufacturing,KFC_v2,iterative,0.7403076923076923,0.20359281437125748
manufacturing,KFC_v2,iterative,0.7406153846153847,0.20359281437125748
manufacturing,KFC_v2,iterative,0.7409230769230769,0.20359281437125748
manufacturing,KFC_v2,iterative,0.7412307692307692,0.20359281437125748
manufacturing,KFC_v2,iterative,0.7415384615384616,0.20359281437125748
manufacturing,KFC_v2,iterative,0.7418461538461538,0.20359281437125748
manufacturing,KFC_v2,iterative,0.7421538461538462,0.20359281437125748
manufacturing,KFC_v2,iterative,0.7424615384615385,0.20359281437125748
manufacturing,KFC_v2,iterative,0.7427692307692308,0.20359281437125748
manufacturing,KFC_v2,iterative,0.7430769230769231,0.20359281437125748
manufacturing,KFC_v2,iterative,0.7433846153846154,0.20359281437125748
manufacturing,KFC_v2,iterative,0.7436923076923078,0.20359281437125748
manufacturing,KFC_v2,iterative,0.744,0.20359281437125748
manufacturing,KFC_v2,iterative,0.7443076923076923,0.20359281437125748
manufacturing,KFC_v2,iterative,0.7446153846153847,0.20359281437125748
manufacturing,KFC_v2,iterative,0.7449230769230769,0.20359281437125748
manufacturing,KFC_v2,iterative,0.7452307692307693,0.20359281437125748
manufacturing,KFC_v2,iterative,0.7455384615384616,0.20359281437125748
manufacturing,KFC_v2,iterative,0.7458461538461538,0.20359281437125748
manufacturing,KFC_v2,iterative,0.7461538461538462,0.20359281437125748
manufacturing,KFC_v2,iterative,0.7464615384615385,0.20359281437125748
manufacturing,KFC_v2,iterative,0.7467692307692307,0.20359281437125748
manufacturing,KFC_v2,iterative,0.7470769230769231,0.20359281437125748
manufacturing,KFC_v2,iterative,0.7473846153846154,0.20359281437125748
manufacturing,KFC_v2,iterative,0.7476923076923078,0.18562874251497005
manufacturing,KFC_v2,iterative,0.748,0.18562874251497005
manufacturing,KFC_v2,iterative,0.7483076923076923,0.18562874251497005
manufacturing,KFC_v2,iterative,0.7486153846153847,0.18562874251497005
manufacturing,KFC_v2,iterative,0.7489230769230769,0.18562874251497005
manufacturing,KFC_v2,iterative,0.7492307692307693,0.18562874251497005
manufacturing,KFC_v2,iterative,0.7495384615384616,0.18562874251497005
manufacturing,KFC_v2,iterative,0.7498461538461538,0.18562874251497005
manufacturing,KFC_v2,iterative,0.7501538461538462,0.18562874251497005
manufacturing,KFC_v2,iterative,0.7504615384615385,0.18562874251497005
manufacturing,KFC_v2,iterative,0.7507692307692307,0.18562874251497005
manufacturing,KFC_v2,iterative,0.7510769230769231,0.18562874251497005
manufacturing,KFC_v2,iterative,0.7513846153846154,0.18562874251497005
manufacturing,KFC_v2,iterative,0.7516923076923078,0.18562874251497005
manufacturing,KFC_v2,iterative,0.752,0.18562874251497005
manufacturing,KFC_v2,iterative,0.7523076923076923,0.18562874251497005
manufacturing,KFC_v2,iterative,0.7526153846153847,0.18562874251497005
manufacturing,KFC_v2,iterative,0.7529230769230769,0.18562874251497005
manufacturing,KFC_v2,iterative,0.7532307692307693,0.18562874251497005
manufacturing,KFC_v2,iterative,0.7535384615384616,0.18562874251497005
manufacturing,KFC_v2,iterative,0.7538461538461538,0.18562874251497005
manufacturing,KFC_v2,iterative,0.7541538461538462,0.18562874251497005
manufacturing,KFC_v2,iterative,0.7544615384615385,0.18562874251497005
manufacturing,KFC_v2,iterative,0.7547692307692307,0.18562874251497005
manufacturing,KFC_v2,iterative,0.7550769230769231,0.18562874251497005
manufacturing,KFC_v2,iterative,0.7553846153846154,0.18562874251497005
manufacturing,KFC_v2,iterative,0.7556923076923077,0.18562874251497005
manufacturing,KFC_v2,iterative,0.756,0.18562874251497005
manufacturing,KFC_v2,iterative,0.7563076923076923,0.18562874251497005
manufacturing,KFC_v2,iterative,0.7566153846153847,0.18562874251497005
manufacturing,KFC_v2,iterative,0.7569230769230769,0.18562874251497005
manufacturing,KFC_v2,iterative,0.7572307692307693,0.18562874251497005
manufacturing,KFC_v2,iterative,0.7575384615384616,0.18562874251497005
manufacturing,KFC_v2,iterative,0.7578461538461538,0.18562874251497005
manufacturing,KFC_v2,iterative,0.7581538461538462,0.18562874251497005
manufacturing,KFC_v2,iterative,0.7584615384615385,0.18562874251497005
manufacturing,KFC_v2,iterative,0.7587692307692308,0.18562874251497005
manufacturing,KFC_v2,iterative,0.7590769230769231,0.18562874251497005
manufacturing,KFC_v2,iterative,0.7593846153846154,0.18562874251497005
manufacturing,KFC_v2,iterative,0.7596923076923077,0.18562874251497005
manufacturing,KFC_v2,iterative,0.76,0.18562874251497005
manufacturing,KFC_v2,iterative,0.7603076923076924,0.18562874251497005
manufacturing,KFC_v2,iterative,0.7606153846153847,0.18562874251497005
manufacturing,KFC_v2,iterative,0.7609230769230769,0.18562874251497005
manufacturing,KFC_v2,iterative,0.7612307692307693,0.18562874251497005
manufacturing,KFC_v2,iterative,0.7615384615384616,0.18562874251497005
manufacturing,KFC_v2,iterative,0.7618461538461538,0.18562874251497005
manufacturing,KFC_v2,iterative,0.7621538461538462,0.18562874251497005
manufacturing,KFC_v2,iterative,0.7624615384615385,0.18562874251497005
manufacturing,KFC_v2,iterative,0.7627692307692308,0.18562874251497005
manufacturing,KFC_v2,iterative,0.7630769230769231,0.18562874251497005
manufacturing,KFC_v2,iterative,0.7633846153846154,0.18562874251497005
manufacturing,KFC_v2,iterative,0.7636923076923077,0.18562874251497005
manufacturing,KFC_v2,iterative,0.764,0.18562874251497005
manufacturing,KFC_v2,iterative,0.7643076923076924,0.18562874251497005
manufacturing,KFC_v2,iterative,0.7646153846153847,0.18562874251497005
manufacturing,KFC_v2,iterative,0.7649230769230769,0.18562874251497005
manufacturing,KFC_v2,iterative,0.7652307692307693,0.18562874251497005
manufacturing,KFC_v2,iterative,0.7655384615384616,0.18562874251497005
manufacturing,KFC_v2,iterative,0.7658461538461538,0.18562874251497005
manufacturing,KFC_v2,iterative,0.7661538461538462,0.18562874251497005
manufacturing,KFC_v2,iterative,0.7664615384615385,0.18562874251497005
manufacturing,KFC_v2,iterative,0.7667692307692308,0.18562874251497005
manufacturing,KFC_v2,iterative,0.7670769230769231,0.18562874251497005
manufacturing,KFC_v2,iterative,0.7673846153846154,0.18562874251497005
manufacturing,KFC_v2,iterative,0.7676923076923077,0.18562874251497005
manufacturing,KFC_v2,iterative,0.768,0.18562874251497005
manufacturing,KFC_v2,iterative,0.7683076923076924,0.18562874251497005
manufacturing,KFC_v2,iterative,0.7686153846153846,0.18562874251497005
manufacturing,KFC_v2,iterative,0.7689230769230769,0.18562874251497005
manufacturing,KFC_v2,iterative,0.7692307692307693,0.18562874251497005
manufacturing,KFC_v2,iterative,0.7695384615384616,0.18562874251497005
manufacturing,KFC_v2,iterative,0.7698461538461538,0.18562874251497005
manufacturing,KFC_v2,iterative,0.7701538461538462,0.18562874251497005
manufacturing,KFC_v2,iterative,0.7704615384615385,0.18562874251497005
manufacturing,KFC_v2,iterative,0.7707692307692308,0.18562874251497005
manufacturing,KFC_v2,iterative,0.7710769230769231,0.18562874251497005
manufacturing,KFC_v2,iterative,0.7713846153846154,0.18562874251497005
manufacturing,KFC_v2,iterative,0.7716923076923077,0.18562874251497005
manufacturing,KFC_v2,iterative,0.772,0.18562874251497005
manufacturing,KFC_v2,iterative,0.7723076923076924,0.18562874251497005
manufacturing,KFC_v2,iterative,0.7726153846153846,0.18562874251497005
manufacturing,KFC_v2,iterative,0.7729230769230769,0.18562874251497005
manufacturing,KFC_v2,iterative,0.7732307692307693,0.18562874251497005
manufacturing,KFC_v2,iterative,0.7735384615384616,0.18562874251497005
manufacturing,KFC_v2,iterative,0.7738461538461539,0.18562874251497005
manufacturing,KFC_v2,iterative,0.7741538461538462,0.18562874251497005
manufacturing,KFC_v2,iterative,0.7744615384615385,0.18562874251497005
manufacturing,KFC_v2,iterative,0.7747692307692308,0.18562874251497005
manufacturing,KFC_v2,iterative,0.7750769230769231,0.18562874251497005
manufacturing,KFC_v2,iterative,0.7753846153846154,0.18562874251497005
manufacturing,KFC_v2,iterative,0.7756923076923077,0.18562874251497005
manufacturing,KFC_v2,iterative,0.776,0.18562874251497005
manufacturing,KFC_v2,iterative,0.7763076923076924,0.18562874251497005
manufacturing,KFC_v2,iterative,0.7766153846153846,0.18562874251497005
manufacturing,KFC_v2,iterative,0.7769230769230769,0.18562874251497005
manufacturing,KFC_v2,iterative,0.7772307692307693,0.18562874251497005
manufacturing,KFC_v2,iterative,0.7775384615384615,0.18562874251497005
manufacturing,KFC_v2,iterative,0.7778461538461539,0.18562874251497005
manufacturing,KFC_v2,iterative,0.7781538461538462,0.18562874251497005
manufacturing,KFC_v2,iterative,0.7784615384615385,0.18562874251497005
manufacturing,KFC_v2,iterative,0.7787692307692308,0.18562874251497005
manufacturing,KFC_v2,iterative,0.7790769230769231,0.18562874251497005
manufacturing,KFC_v2,iterative,0.7793846153846155,0.18562874251497005
manufacturing,KFC_v2,iterative,0.7796923076923077,0.16167664670658682
manufacturing,KFC_v2,iterative,0.78,0.16167664670658682
manufacturing,KFC_v2,iterative,0.7803076923076924,0.16167664670658682
manufacturing,KFC_v2,iterative,0.7806153846153846,0.16167664670658682
manufacturing,KFC_v2,iterative,0.7809230769230769,0.16167664670658682
manufacturing,KFC_v2,iterative,0.7812307692307693,0.16167664670658682
manufacturing,KFC_v2,iterative,0.7815384615384615,0.16167664670658682
manufacturing,KFC_v2,iterative,0.7818461538461539,0.16167664670658682
manufacturing,KFC_v2,iterative,0.7821538461538462,0.16167664670658682
manufacturing,KFC_v2,iterative,0.7824615384615385,0.16167664670658682
manufacturing,KFC_v2,iterative,0.7827692307692308,0.16167664670658682
manufacturing,KFC_v2,iterative,0.7830769230769231,0.16167664670658682
manufacturing,KFC_v2,iterative,0.7833846153846155,0.16167664670658682
manufacturing,KFC_v2,iterative,0.7836923076923077,0.16167664670658682
manufacturing,KFC_v2,iterative,0.784,0.16167664670658682
manufacturing,KFC_v2,iterative,0.7843076923076924,0.16167664670658682
manufacturing,KFC_v2,iterative,0.7846153846153846,0.16167664670658682
manufacturing,KFC_v2,iterative,0.784923076923077,0.16167664670658682
manufacturing,KFC_v2,iterative,0.7852307692307693,0.16167664670658682
manufacturing,KFC_v2,iterative,0.7855384615384615,0.16167664670658682
manufacturing,KFC_v2,iterative,0.7858461538461539,0.16167664670658682
manufacturing,KFC_v2,iterative,0.7861538461538462,0.16167664670658682
manufacturing,KFC_v2,iterative,0.7864615384615384,0.16167664670658682
manufacturing,KFC_v2,iterative,0.7867692307692308,0.16167664670658682
manufacturing,KFC_v2,iterative,0.7870769230769231,0.16167664670658682
manufacturing,KFC_v2,iterative,0.7873846153846155,0.16167664670658682
manufacturing,KFC_v2,iterative,0.7876923076923077,0.16167664670658682
manufacturing,KFC_v2,iterative,0.788,0.16167664670658682
manufacturing,KFC_v2,iterative,0.7883076923076924,0.16167664670658682
manufacturing,KFC_v2,iterative,0.7886153846153846,0.16167664670658682
manufacturing,KFC_v2,iterative,0.788923076923077,0.16167664670658682
manufacturing,KFC_v2,iterative,0.7892307692307693,0.16167664670658682
manufacturing,KFC_v2,iterative,0.7895384615384615,0.16167664670658682
manufacturing,KFC_v2,iterative,0.7898461538461539,0.16167664670658682
manufacturing,KFC_v2,iterative,0.7901538461538462,0.16167664670658682
manufacturing,KFC_v2,iterative,0.7904615384615384,0.16167664670658682
manufacturing,KFC_v2,iterative,0.7907692307692308,0.16167664670658682
manufacturing,KFC_v2,iterative,0.7910769230769231,0.16167664670658682
manufacturing,KFC_v2,iterative,0.7913846153846155,0.16167664670658682
manufacturing,KFC_v2,iterative,0.7916923076923077,0.16167664670658682
manufacturing,KFC_v2,iterative,0.792,0.16167664670658682
manufacturing,KFC_v2,iterative,0.7923076923076924,0.16167664670658682
manufacturing,KFC_v2,iterative,0.7926153846153846,0.16167664670658682
manufacturing,KFC_v2,iterative,0.792923076923077,0.16167664670658682
manufacturing,KFC_v2,iterative,0.7932307692307693,0.16167664670658682
manufacturing,KFC_v2,iterative,0.7935384615384615,0.16167664670658682
manufacturing,KFC_v2,iterative,0.7938461538461539,0.16167664670658682
manufacturing,KFC_v2,iterative,0.7941538461538462,0.16167664670658682
manufacturing,KFC_v2,iterative,0.7944615384615384,0.16167664670658682
manufacturing,KFC_v2,iterative,0.7947692307692308,0.16167664670658682
manufacturing,KFC_v2,iterative,0.7950769230769231,0.16167664670658682
manufacturing,KFC_v2,iterative,0.7953846153846154,0.15568862275449102
manufacturing,KFC_v2,iterative,0.7956923076923077,0.15568862275449102
manufacturing,KFC_v2,iterative,0.796,0.15568862275449102
manufacturing,KFC_v2,iterative,0.7963076923076924,0.15568862275449102
manufacturing,KFC_v2,iterative,0.7966153846153846,0.15568862275449102
manufacturing,KFC_v2,iterative,0.796923076923077,0.15568862275449102
manufacturing,KFC_v2,iterative,0.7972307692307693,0.15568862275449102
manufacturing,KFC_v2,iterative,0.7975384615384615,0.15568862275449102
manufacturing,KFC_v2,iterative,0.7978461538461539,0.15568862275449102
manufacturing,KFC_v2,iterative,0.7981538461538462,0.15568862275449102
manufacturing,KFC_v2,iterative,0.7984615384615384,0.15568862275449102
manufacturing,KFC_v2,iterative,0.7987692307692308,0.15568862275449102
manufacturing,KFC_v2,iterative,0.7990769230769231,0.15568862275449102
manufacturing,KFC_v2,iterative,0.7993846153846154,0.15568862275449102
manufacturing,KFC_v2,iterative,0.7996923076923077,0.15568862275449102
manufacturing,KFC_v2,iterative,0.8,0.15568862275449102
manufacturing,KFC_v2,iterative,0.8003076923076924,0.15568862275449102
manufacturing,KFC_v2,iterative,0.8006153846153846,0.15568862275449102
manufacturing,KFC_v2,iterative,0.800923076923077,0.15568862275449102
manufacturing,KFC_v2,iterative,0.8012307692307693,0.15568862275449102
manufacturing,KFC_v2,iterative,0.8015384615384615,0.15568862275449102
manufacturing,KFC_v2,iterative,0.8018461538461539,0.15568862275449102
manufacturing,KFC_v2,iterative,0.8021538461538462,0.15568862275449102
manufacturing,KFC_v2,iterative,0.8024615384615384,0.15568862275449102
manufacturing,KFC_v2,iterative,0.8027692307692308,0.15568862275449102
manufacturing,KFC_v2,iterative,0.8030769230769231,0.15568862275449102
manufacturing,KFC_v2,iterative,0.8033846153846154,0.15568862275449102
manufacturing,KFC_v2,iterative,0.8036923076923077,0.15568862275449102
manufacturing,KFC_v2,iterative,0.804,0.15568862275449102
manufacturing,KFC_v2,iterative,0.8043076923076924,0.15568862275449102
manufacturing,KFC_v2,iterative,0.8046153846153846,0.15568862275449102
manufacturing,KFC_v2,iterative,0.804923076923077,0.15568862275449102
manufacturing,KFC_v2,iterative,0.8052307692307693,0.15568862275449102
manufacturing,KFC_v2,iterative,0.8055384615384615,0.15568862275449102
manufacturing,KFC_v2,iterative,0.8058461538461539,0.15568862275449102
manufacturing,KFC_v2,iterative,0.8061538461538462,0.15568862275449102
manufacturing,KFC_v2,iterative,0.8064615384615385,0.15568862275449102
manufacturing,KFC_v2,iterative,0.8067692307692308,0.15568862275449102
manufacturing,KFC_v2,iterative,0.8070769230769231,0.15568862275449102
manufacturing,KFC_v2,iterative,0.8073846153846154,0.15568862275449102
manufacturing,KFC_v2,iterative,0.8076923076923077,0.15568862275449102
manufacturing,KFC_v2,iterative,0.808,0.15568862275449102
manufacturing,KFC_v2,iterative,0.8083076923076923,0.15568862275449102
manufacturing,KFC_v2,iterative,0.8086153846153846,0.15568862275449102
manufacturing,KFC_v2,iterative,0.808923076923077,0.15568862275449102
manufacturing,KFC_v2,iterative,0.8092307692307693,0.15568862275449102
manufacturing,KFC_v2,iterative,0.8095384615384615,0.15568862275449102
manufacturing,KFC_v2,iterative,0.8098461538461539,0.15568862275449102
manufacturing,KFC_v2,iterative,0.8101538461538462,0.15568862275449102
manufacturing,KFC_v2,iterative,0.8104615384615385,0.15568862275449102
manufacturing,KFC_v2,iterative,0.8107692307692308,0.15568862275449102
manufacturing,KFC_v2,iterative,0.8110769230769231,0.15568862275449102
manufacturing,KFC_v2,iterative,0.8113846153846154,0.15568862275449102
manufacturing,KFC_v2,iterative,0.8116923076923077,0.15568862275449102
manufacturing,KFC_v2,iterative,0.812,0.15568862275449102
manufacturing,KFC_v2,iterative,0.8123076923076923,0.15568862275449102
manufacturing,KFC_v2,iterative,0.8126153846153846,0.15568862275449102
manufacturing,KFC_v2,iterative,0.812923076923077,0.15568862275449102
manufacturing,KFC_v2,iterative,0.8132307692307693,0.15568862275449102
manufacturing,KFC_v2,iterative,0.8135384615384615,0.15568862275449102
manufacturing,KFC_v2,iterative,0.8138461538461539,0.15568862275449102
manufacturing,KFC_v2,iterative,0.8141538461538462,0.15568862275449102
manufacturing,KFC_v2,iterative,0.8144615384615385,0.15568862275449102
manufacturing,KFC_v2,iterative,0.8147692307692308,0.15568862275449102
manufacturing,KFC_v2,iterative,0.8150769230769231,0.15568862275449102
manufacturing,KFC_v2,iterative,0.8153846153846154,0.15568862275449102
manufacturing,KFC_v2,iterative,0.8156923076923077,0.15568862275449102
manufacturing,KFC_v2,iterative,0.8160000000000001,0.15568862275449102
manufacturing,KFC_v2,iterative,0.8163076923076923,0.15568862275449102
manufacturing,KFC_v2,iterative,0.8166153846153846,0.15568862275449102
manufacturing,KFC_v2,iterative,0.816923076923077,0.15568862275449102
manufacturing,KFC_v2,iterative,0.8172307692307692,0.15568862275449102
manufacturing,KFC_v2,iterative,0.8175384615384615,0.15568862275449102
manufacturing,KFC_v2,iterative,0.8178461538461539,0.15568862275449102
manufacturing,KFC_v2,iterative,0.8181538461538462,0.15568862275449102
manufacturing,KFC_v2,iterative,0.8184615384615385,0.15568862275449102
manufacturing,KFC_v2,iterative,0.8187692307692308,0.15568862275449102
manufacturing,KFC_v2,iterative,0.8190769230769231,0.15568862275449102
manufacturing,KFC_v2,iterative,0.8193846153846154,0.15568862275449102
manufacturing,KFC_v2,iterative,0.8196923076923077,0.15568862275449102
manufacturing,KFC_v2,iterative,0.8200000000000001,0.15568862275449102
manufacturing,KFC_v2,iterative,0.8203076923076923,0.15568862275449102
manufacturing,KFC_v2,iterative,0.8206153846153846,0.15568862275449102
manufacturing,KFC_v2,iterative,0.820923076923077,0.15568862275449102
manufacturing,KFC_v2,iterative,0.8212307692307692,0.15568862275449102
manufacturing,KFC_v2,iterative,0.8215384615384616,0.15568862275449102
manufacturing,KFC_v2,iterative,0.8218461538461539,0.15568862275449102
manufacturing,KFC_v2,iterative,0.8221538461538462,0.15568862275449102
manufacturing,KFC_v2,iterative,0.8224615384615385,0.15568862275449102
manufacturing,KFC_v2,iterative,0.8227692307692308,0.15568862275449102
manufacturing,KFC_v2,iterative,0.8230769230769232,0.15568862275449102
manufacturing,KFC_v2,iterative,0.8233846153846154,0.15568862275449102
manufacturing,KFC_v2,iterative,0.8236923076923077,0.15568862275449102
manufacturing,KFC_v2,iterative,0.8240000000000001,0.11976047904191617
manufacturing,KFC_v2,iterative,0.8243076923076923,0.11976047904191617
manufacturing,KFC_v2,iterative,0.8246153846153846,0.11976047904191617
manufacturing,KFC_v2,iterative,0.824923076923077,0.11976047904191617
manufacturing,KFC_v2,iterative,0.8252307692307692,0.11976047904191617
manufacturing,KFC_v2,iterative,0.8255384615384616,0.11976047904191617
manufacturing,KFC_v2,iterative,0.8258461538461539,0.11976047904191617
manufacturing,KFC_v2,iterative,0.8261538461538461,0.11976047904191617
manufacturing,KFC_v2,iterative,0.8264615384615385,0.11976047904191617
manufacturing,KFC_v2,iterative,0.8267692307692308,0.11976047904191617
manufacturing,KFC_v2,iterative,0.8270769230769232,0.11976047904191617
manufacturing,KFC_v2,iterative,0.8273846153846154,0.11976047904191617
manufacturing,KFC_v2,iterative,0.8276923076923077,0.11976047904191617
manufacturing,KFC_v2,iterative,0.8280000000000001,0.11976047904191617
manufacturing,KFC_v2,iterative,0.8283076923076923,0.11976047904191617
manufacturing,KFC_v2,iterative,0.8286153846153846,0.11976047904191617
manufacturing,KFC_v2,iterative,0.828923076923077,0.11976047904191617
manufacturing,KFC_v2,iterative,0.8292307692307692,0.11976047904191617
manufacturing,KFC_v2,iterative,0.8295384615384616,0.11976047904191617
manufacturing,KFC_v2,iterative,0.8298461538461539,0.11976047904191617
manufacturing,KFC_v2,iterative,0.8301538461538461,0.11976047904191617
manufacturing,KFC_v2,iterative,0.8304615384615385,0.11976047904191617
manufacturing,KFC_v2,iterative,0.8307692307692308,0.11976047904191617
manufacturing,KFC_v2,iterative,0.8310769230769232,0.11976047904191617
manufacturing,KFC_v2,iterative,0.8313846153846154,0.11976047904191617
manufacturing,KFC_v2,iterative,0.8316923076923077,0.11976047904191617
manufacturing,KFC_v2,iterative,0.8320000000000001,0.11976047904191617
manufacturing,KFC_v2,iterative,0.8323076923076923,0.11976047904191617
manufacturing,KFC_v2,iterative,0.8326153846153846,0.11976047904191617
manufacturing,KFC_v2,iterative,0.832923076923077,0.11976047904191617
manufacturing,KFC_v2,iterative,0.8332307692307692,0.11976047904191617
manufacturing,KFC_v2,iterative,0.8335384615384616,0.11976047904191617
manufacturing,KFC_v2,iterative,0.8338461538461539,0.11976047904191617
manufacturing,KFC_v2,iterative,0.8341538461538461,0.11976047904191617
manufacturing,KFC_v2,iterative,0.8344615384615385,0.11976047904191617
manufacturing,KFC_v2,iterative,0.8347692307692308,0.11976047904191617
manufacturing,KFC_v2,iterative,0.8350769230769232,0.11976047904191617
manufacturing,KFC_v2,iterative,0.8353846153846154,0.11976047904191617
manufacturing,KFC_v2,iterative,0.8356923076923077,0.11976047904191617
manufacturing,KFC_v2,iterative,0.8360000000000001,0.11976047904191617
manufacturing,KFC_v2,iterative,0.8363076923076923,0.11976047904191617
manufacturing,KFC_v2,iterative,0.8366153846153846,0.11976047904191617
manufacturing,KFC_v2,iterative,0.836923076923077,0.11976047904191617
manufacturing,KFC_v2,iterative,0.8372307692307692,0.11976047904191617
manufacturing,KFC_v2,iterative,0.8375384615384616,0.11976047904191617
manufacturing,KFC_v2,iterative,0.8378461538461539,0.11976047904191617
manufacturing,KFC_v2,iterative,0.8381538461538461,0.11976047904191617
manufacturing,KFC_v2,iterative,0.8384615384615385,0.11976047904191617
manufacturing,KFC_v2,iterative,0.8387692307692308,0.11976047904191617
manufacturing,KFC_v2,iterative,0.839076923076923,0.11976047904191617
manufacturing,KFC_v2,iterative,0.8393846153846154,0.11976047904191617
manufacturing,KFC_v2,iterative,0.8396923076923077,0.11976047904191617
manufacturing,KFC_v2,iterative,0.8400000000000001,0.11976047904191617
manufacturing,KFC_v2,iterative,0.8403076923076923,0.11976047904191617
manufacturing,KFC_v2,iterative,0.8406153846153847,0.11976047904191617
manufacturing,KFC_v2,iterative,0.840923076923077,0.11976047904191617
manufacturing,KFC_v2,iterative,0.8412307692307692,0.09580838323353294
manufacturing,KFC_v2,iterative,0.8415384615384616,0.09580838323353294
manufacturing,KFC_v2,iterative,0.8418461538461539,0.09580838323353294
manufacturing,KFC_v2,iterative,0.8421538461538461,0.09580838323353294
manufacturing,KFC_v2,iterative,0.8424615384615385,0.09580838323353294
manufacturing,KFC_v2,iterative,0.8427692307692308,0.09580838323353294
manufacturing,KFC_v2,iterative,0.8430769230769231,0.09580838323353294
manufacturing,KFC_v2,iterative,0.8433846153846154,0.09580838323353294
manufacturing,KFC_v2,iterative,0.8436923076923077,0.09580838323353294
manufacturing,KFC_v2,iterative,0.8440000000000001,0.09580838323353294
manufacturing,KFC_v2,iterative,0.8443076923076923,0.09580838323353294
manufacturing,KFC_v2,iterative,0.8446153846153847,0.09580838323353294
manufacturing,KFC_v2,iterative,0.844923076923077,0.09580838323353294
manufacturing,KFC_v2,iterative,0.8452307692307692,0.09580838323353294
manufacturing,KFC_v2,iterative,0.8455384615384616,0.09580838323353294
manufacturing,KFC_v2,iterative,0.8458461538461539,0.09580838323353294
manufacturing,KFC_v2,iterative,0.8461538461538461,0.09580838323353294
manufacturing,KFC_v2,iterative,0.8464615384615385,0.09580838323353294
manufacturing,KFC_v2,iterative,0.8467692307692308,0.09580838323353294
manufacturing,KFC_v2,iterative,0.8470769230769231,0.09580838323353294
manufacturing,KFC_v2,iterative,0.8473846153846154,0.09580838323353294
manufacturing,KFC_v2,iterative,0.8476923076923077,0.09580838323353294
manufacturing,KFC_v2,iterative,0.848,0.09580838323353294
manufacturing,KFC_v2,iterative,0.8483076923076923,0.09580838323353294
manufacturing,KFC_v2,iterative,0.8486153846153847,0.09580838323353294
manufacturing,KFC_v2,iterative,0.848923076923077,0.09580838323353294
manufacturing,KFC_v2,iterative,0.8492307692307692,0.09580838323353294
manufacturing,KFC_v2,iterative,0.8495384615384616,0.09580838323353294
manufacturing,KFC_v2,iterative,0.8498461538461539,0.09580838323353294
manufacturing,KFC_v2,iterative,0.8501538461538461,0.08982035928143713
manufacturing,KFC_v2,iterative,0.8504615384615385,0.08982035928143713
manufacturing,KFC_v2,iterative,0.8507692307692308,0.08982035928143713
manufacturing,KFC_v2,iterative,0.8510769230769231,0.08982035928143713
manufacturing,KFC_v2,iterative,0.8513846153846154,0.08982035928143713
manufacturing,KFC_v2,iterative,0.8516923076923077,0.08982035928143713
manufacturing,KFC_v2,iterative,0.852,0.08982035928143713
manufacturing,KFC_v2,iterative,0.8523076923076923,0.08982035928143713
manufacturing,KFC_v2,iterative,0.8526153846153847,0.08982035928143713
manufacturing,KFC_v2,iterative,0.852923076923077,0.08982035928143713
manufacturing,KFC_v2,iterative,0.8532307692307692,0.08982035928143713
manufacturing,KFC_v2,iterative,0.8535384615384616,0.08982035928143713
manufacturing,KFC_v2,iterative,0.8538461538461539,0.08982035928143713
manufacturing,KFC_v2,iterative,0.8541538461538462,0.08982035928143713
manufacturing,KFC_v2,iterative,0.8544615384615385,0.08982035928143713
manufacturing,KFC_v2,iterative,0.8547692307692308,0.08982035928143713
manufacturing,KFC_v2,iterative,0.8550769230769231,0.08982035928143713
manufacturing,KFC_v2,iterative,0.8553846153846154,0.08982035928143713
manufacturing,KFC_v2,iterative,0.8556923076923078,0.08982035928143713
manufacturing,KFC_v2,iterative,0.856,0.08982035928143713
manufacturing,KFC_v2,iterative,0.8563076923076923,0.08982035928143713
manufacturing,KFC_v2,iterative,0.8566153846153847,0.08982035928143713
manufacturing,KFC_v2,iterative,0.8569230769230769,0.08982035928143713
manufacturing,KFC_v2,iterative,0.8572307692307692,0.08982035928143713
manufacturing,KFC_v2,iterative,0.8575384615384616,0.08982035928143713
manufacturing,KFC_v2,iterative,0.8578461538461539,0.08982035928143713
manufacturing,KFC_v2,iterative,0.8581538461538462,0.08982035928143713
manufacturing,KFC_v2,iterative,0.8584615384615385,0.08982035928143713
manufacturing,KFC_v2,iterative,0.8587692307692308,0.08982035928143713
manufacturing,KFC_v2,iterative,0.8590769230769231,0.08982035928143713
manufacturing,KFC_v2,iterative,0.8593846153846154,0.08982035928143713
manufacturing,KFC_v2,iterative,0.8596923076923078,0.08982035928143713
manufacturing,KFC_v2,iterative,0.86,0.08982035928143713
manufacturing,KFC_v2,iterative,0.8603076923076923,0.08982035928143713
manufacturing,KFC_v2,iterative,0.8606153846153847,0.08982035928143713
manufacturing,KFC_v2,iterative,0.8609230769230769,0.08982035928143713
manufacturing,KFC_v2,iterative,0.8612307692307692,0.08982035928143713
manufacturing,KFC_v2,iterative,0.8615384615384616,0.08982035928143713
manufacturing,KFC_v2,iterative,0.8618461538461539,0.08982035928143713
manufacturing,KFC_v2,iterative,0.8621538461538462,0.08383233532934131
manufacturing,KFC_v2,iterative,0.8624615384615385,0.08383233532934131
manufacturing,KFC_v2,iterative,0.8627692307692308,0.08383233532934131
manufacturing,KFC_v2,iterative,0.8630769230769231,0.08383233532934131
manufacturing,KFC_v2,iterative,0.8633846153846154,0.08383233532934131
manufacturing,KFC_v2,iterative,0.8636923076923078,0.08383233532934131
manufacturing,KFC_v2,iterative,0.864,0.08383233532934131
manufacturing,KFC_v2,iterative,0.8643076923076923,0.08383233532934131
manufacturing,KFC_v2,iterative,0.8646153846153847,0.08383233532934131
manufacturing,KFC_v2,iterative,0.8649230769230769,0.08383233532934131
manufacturing,KFC_v2,iterative,0.8652307692307692,0.08383233532934131
manufacturing,KFC_v2,iterative,0.8655384615384616,0.08383233532934131
manufacturing,KFC_v2,iterative,0.8658461538461538,0.08383233532934131
manufacturing,KFC_v2,iterative,0.8661538461538462,0.08383233532934131
manufacturing,KFC_v2,iterative,0.8664615384615385,0.08383233532934131
manufacturing,KFC_v2,iterative,0.8667692307692308,0.08383233532934131
manufacturing,KFC_v2,iterative,0.8670769230769231,0.08383233532934131
manufacturing,KFC_v2,iterative,0.8673846153846154,0.08383233532934131
manufacturing,KFC_v2,iterative,0.8676923076923078,0.08383233532934131
manufacturing,KFC_v2,iterative,0.868,0.08383233532934131
manufacturing,KFC_v2,iterative,0.8683076923076923,0.08383233532934131
manufacturing,KFC_v2,iterative,0.8686153846153847,0.08383233532934131
manufacturing,KFC_v2,iterative,0.8689230769230769,0.08383233532934131
manufacturing,KFC_v2,iterative,0.8692307692307693,0.08383233532934131
manufacturing,KFC_v2,iterative,0.8695384615384616,0.08383233532934131
manufacturing,KFC_v2,iterative,0.8698461538461538,0.08383233532934131
manufacturing,KFC_v2,iterative,0.8701538461538462,0.08383233532934131
manufacturing,KFC_v2,iterative,0.8704615384615385,0.08383233532934131
manufacturing,KFC_v2,iterative,0.8707692307692309,0.08383233532934131
manufacturing,KFC_v2,iterative,0.8710769230769231,0.08383233532934131
manufacturing,KFC_v2,iterative,0.8713846153846154,0.08383233532934131
manufacturing,KFC_v2,iterative,0.8716923076923078,0.08383233532934131
manufacturing,KFC_v2,iterative,0.872,0.08383233532934131
manufacturing,KFC_v2,iterative,0.8723076923076923,0.08383233532934131
manufacturing,KFC_v2,iterative,0.8726153846153847,0.08383233532934131
manufacturing,KFC_v2,iterative,0.8729230769230769,0.08383233532934131
manufacturing,KFC_v2,iterative,0.8732307692307693,0.08383233532934131
manufacturing,KFC_v2,iterative,0.8735384615384616,0.08383233532934131
manufacturing,KFC_v2,iterative,0.8738461538461538,0.08383233532934131
manufacturing,KFC_v2,iterative,0.8741538461538462,0.08383233532934131
manufacturing,KFC_v2,iterative,0.8744615384615385,0.08383233532934131
manufacturing,KFC_v2,iterative,0.8747692307692309,0.08383233532934131
manufacturing,KFC_v2,iterative,0.8750769230769231,0.08383233532934131
manufacturing,KFC_v2,iterative,0.8753846153846154,0.08383233532934131
manufacturing,KFC_v2,iterative,0.8756923076923078,0.0718562874251497
manufacturing,KFC_v2,iterative,0.876,0.0718562874251497
manufacturing,KFC_v2,iterative,0.8763076923076923,0.0718562874251497
manufacturing,KFC_v2,iterative,0.8766153846153847,0.0718562874251497
manufacturing,KFC_v2,iterative,0.8769230769230769,0.0718562874251497
manufacturing,KFC_v2,iterative,0.8772307692307693,0.0718562874251497
manufacturing,KFC_v2,iterative,0.8775384615384616,0.0718562874251497
manufacturing,KFC_v2,iterative,0.8778461538461538,0.0718562874251497
manufacturing,KFC_v2,iterative,0.8781538461538462,0.0718562874251497
manufacturing,KFC_v2,iterative,0.8784615384615385,0.0718562874251497
manufacturing,KFC_v2,iterative,0.8787692307692307,0.0718562874251497
manufacturing,KFC_v2,iterative,0.8790769230769231,0.0718562874251497
manufacturing,KFC_v2,iterative,0.8793846153846154,0.0718562874251497
manufacturing,KFC_v2,iterative,0.8796923076923078,0.0718562874251497
manufacturing,KFC_v2,iterative,0.88,0.0718562874251497
manufacturing,KFC_v2,iterative,0.8803076923076923,0.0718562874251497
manufacturing,KFC_v2,iterative,0.8806153846153847,0.0718562874251497
manufacturing,KFC_v2,iterative,0.8809230769230769,0.0718562874251497
manufacturing,KFC_v2,iterative,0.8812307692307693,0.0718562874251497
manufacturing,KFC_v2,iterative,0.8815384615384616,0.0718562874251497
manufacturing,KFC_v2,iterative,0.8818461538461538,0.0718562874251497
manufacturing,KFC_v2,iterative,0.8821538461538462,0.0718562874251497
manufacturing,KFC_v2,iterative,0.8824615384615385,0.0718562874251497
manufacturing,KFC_v2,iterative,0.8827692307692308,0.0718562874251497
manufacturing,KFC_v2,iterative,0.8830769230769231,0.0718562874251497
manufacturing,KFC_v2,iterative,0.8833846153846154,0.0718562874251497
manufacturing,KFC_v2,iterative,0.8836923076923078,0.0718562874251497
manufacturing,KFC_v2,iterative,0.884,0.0718562874251497
manufacturing,KFC_v2,iterative,0.8843076923076924,0.0718562874251497
manufacturing,KFC_v2,iterative,0.8846153846153847,0.0718562874251497
manufacturing,KFC_v2,iterative,0.8849230769230769,0.0718562874251497
manufacturing,KFC_v2,iterative,0.8852307692307693,0.0718562874251497
manufacturing,KFC_v2,iterative,0.8855384615384616,0.0718562874251497
manufacturing,KFC_v2,iterative,0.8858461538461538,0.0718562874251497
manufacturing,KFC_v2,iterative,0.8861538461538462,0.0718562874251497
manufacturing,KFC_v2,iterative,0.8864615384615385,0.0718562874251497
manufacturing,KFC_v2,iterative,0.8867692307692308,0.0718562874251497
manufacturing,KFC_v2,iterative,0.8870769230769231,0.0718562874251497
manufacturing,KFC_v2,iterative,0.8873846153846154,0.0718562874251497
manufacturing,KFC_v2,iterative,0.8876923076923077,0.0718562874251497
manufacturing,KFC_v2,iterative,0.888,0.0718562874251497
manufacturing,KFC_v2,iterative,0.8883076923076924,0.0718562874251497
manufacturing,KFC_v2,iterative,0.8886153846153847,0.0718562874251497
manufacturing,KFC_v2,iterative,0.8889230769230769,0.0718562874251497
manufacturing,KFC_v2,iterative,0.8892307692307693,0.0718562874251497
manufacturing,KFC_v2,iterative,0.8895384615384616,0.0718562874251497
manufacturing,KFC_v2,iterative,0.8898461538461538,0.0718562874251497
manufacturing,KFC_v2,iterative,0.8901538461538462,0.0718562874251497
manufacturing,KFC_v2,iterative,0.8904615384615385,0.0718562874251497
manufacturing,KFC_v2,iterative,0.8907692307692308,0.0718562874251497
manufacturing,KFC_v2,iterative,0.8910769230769231,0.0718562874251497
manufacturing,KFC_v2,iterative,0.8913846153846154,0.0718562874251497
manufacturing,KFC_v2,iterative,0.8916923076923077,0.0718562874251497
manufacturing,KFC_v2,iterative,0.892,0.0718562874251497
manufacturing,KFC_v2,iterative,0.8923076923076924,0.0718562874251497
manufacturing,KFC_v2,iterative,0.8926153846153847,0.0718562874251497
manufacturing,KFC_v2,iterative,0.8929230769230769,0.0718562874251497
manufacturing,KFC_v2,iterative,0.8932307692307693,0.0718562874251497
manufacturing,KFC_v2,iterative,0.8935384615384616,0.0718562874251497
manufacturing,KFC_v2,iterative,0.8938461538461538,0.0718562874251497
manufacturing,KFC_v2,iterative,0.8941538461538462,0.0718562874251497
manufacturing,KFC_v2,iterative,0.8944615384615385,0.0718562874251497
manufacturing,KFC_v2,iterative,0.8947692307692308,0.0718562874251497
manufacturing,KFC_v2,iterative,0.8950769230769231,0.0718562874251497
manufacturing,KFC_v2,iterative,0.8953846153846154,0.0718562874251497
manufacturing,KFC_v2,iterative,0.8956923076923077,0.0718562874251497
manufacturing,KFC_v2,iterative,0.896,0.0718562874251497
manufacturing,KFC_v2,iterative,0.8963076923076924,0.0718562874251497
manufacturing,KFC_v2,iterative,0.8966153846153846,0.0718562874251497
manufacturing,KFC_v2,iterative,0.8969230769230769,0.0718562874251497
manufacturing,KFC_v2,iterative,0.8972307692307693,0.0718562874251497
manufacturing,KFC_v2,iterative,0.8975384615384616,0.0718562874251497
manufacturing,KFC_v2,iterative,0.8978461538461538,0.0718562874251497
manufacturing,KFC_v2,iterative,0.8981538461538462,0.0718562874251497
manufacturing,KFC_v2,iterative,0.8984615384615385,0.0718562874251497
manufacturing,KFC_v2,iterative,0.8987692307692308,0.0718562874251497
manufacturing,KFC_v2,iterative,0.8990769230769231,0.0718562874251497
manufacturing,KFC_v2,iterative,0.8993846153846154,0.0718562874251497
manufacturing,KFC_v2,iterative,0.8996923076923077,0.0718562874251497
manufacturing,KFC_v2,iterative,0.9,0.0658682634730539
manufacturing,KFC_v2,iterative,0.9003076923076924,0.0658682634730539
manufacturing,KFC_v2,iterative,0.9006153846153846,0.0658682634730539
manufacturing,KFC_v2,iterative,0.9009230769230769,0.0658682634730539
manufacturing,KFC_v2,iterative,0.9012307692307693,0.0658682634730539
manufacturing,KFC_v2,iterative,0.9015384615384616,0.0658682634730539
manufacturing,KFC_v2,iterative,0.9018461538461539,0.0658682634730539
manufacturing,KFC_v2,iterative,0.9021538461538462,0.0658682634730539
manufacturing,KFC_v2,iterative,0.9024615384615385,0.0658682634730539
manufacturing,KFC_v2,iterative,0.9027692307692308,0.0658682634730539
manufacturing,KFC_v2,iterative,0.9030769230769231,0.0658682634730539
manufacturing,KFC_v2,iterative,0.9033846153846155,0.059880239520958084
manufacturing,KFC_v2,iterative,0.9036923076923077,0.059880239520958084
manufacturing,KFC_v2,iterative,0.904,0.059880239520958084
manufacturing,KFC_v2,iterative,0.9043076923076924,0.059880239520958084
manufacturing,KFC_v2,iterative,0.9046153846153846,0.059880239520958084
manufacturing,KFC_v2,iterative,0.9049230769230769,0.059880239520958084
manufacturing,KFC_v2,iterative,0.9052307692307693,0.059880239520958084
manufacturing,KFC_v2,iterative,0.9055384615384615,0.059880239520958084
manufacturing,KFC_v2,iterative,0.9058461538461539,0.059880239520958084
manufacturing,KFC_v2,iterative,0.9061538461538462,0.059880239520958084
manufacturing,KFC_v2,iterative,0.9064615384615385,0.059880239520958084
manufacturing,KFC_v2,iterative,0.9067692307692308,0.059880239520958084
manufacturing,KFC_v2,iterative,0.9070769230769231,0.059880239520958084
manufacturing,KFC_v2,iterative,0.9073846153846155,0.059880239520958084
manufacturing,KFC_v2,iterative,0.9076923076923077,0.059880239520958084
manufacturing,KFC_v2,iterative,0.908,0.059880239520958084
manufacturing,KFC_v2,iterative,0.9083076923076924,0.059880239520958084
manufacturing,KFC_v2,iterative,0.9086153846153846,0.059880239520958084
manufacturing,KFC_v2,iterative,0.908923076923077,0.059880239520958084
manufacturing,KFC_v2,iterative,0.9092307692307693,0.05389221556886228
manufacturing,KFC_v2,iterative,0.9095384615384615,0.05389221556886228
manufacturing,KFC_v2,iterative,0.9098461538461539,0.05389221556886228
manufacturing,KFC_v2,iterative,0.9101538461538462,0.05389221556886228
manufacturing,KFC_v2,iterative,0.9104615384615385,0.05389221556886228
manufacturing,KFC_v2,iterative,0.9107692307692308,0.05389221556886228
manufacturing,KFC_v2,iterative,0.9110769230769231,0.05389221556886228
manufacturing,KFC_v2,iterative,0.9113846153846155,0.05389221556886228
manufacturing,KFC_v2,iterative,0.9116923076923077,0.05389221556886228
manufacturing,KFC_v2,iterative,0.912,0.05389221556886228
manufacturing,KFC_v2,iterative,0.9123076923076924,0.05389221556886228
manufacturing,KFC_v2,iterative,0.9126153846153846,0.05389221556886228
manufacturing,KFC_v2,iterative,0.912923076923077,0.04790419161676647
manufacturing,KFC_v2,iterative,0.9132307692307693,0.04790419161676647
manufacturing,KFC_v2,iterative,0.9135384615384615,0.04790419161676647
manufacturing,KFC_v2,iterative,0.9138461538461539,0.04790419161676647
manufacturing,KFC_v2,iterative,0.9141538461538462,0.04790419161676647
manufacturing,KFC_v2,iterative,0.9144615384615385,0.04790419161676647
manufacturing,KFC_v2,iterative,0.9147692307692308,0.04790419161676647
manufacturing,KFC_v2,iterative,0.9150769230769231,0.04790419161676647
manufacturing,KFC_v2,iterative,0.9153846153846155,0.04790419161676647
manufacturing,KFC_v2,iterative,0.9156923076923077,0.04790419161676647
manufacturing,KFC_v2,iterative,0.916,0.04790419161676647
manufacturing,KFC_v2,iterative,0.9163076923076924,0.04790419161676647
manufacturing,KFC_v2,iterative,0.9166153846153846,0.04790419161676647
manufacturing,KFC_v2,iterative,0.916923076923077,0.04790419161676647
manufacturing,KFC_v2,iterative,0.9172307692307693,0.04790419161676647
manufacturing,KFC_v2,iterative,0.9175384615384615,0.04790419161676647
manufacturing,KFC_v2,iterative,0.9178461538461539,0.04790419161676647
manufacturing,KFC_v2,iterative,0.9181538461538462,0.04790419161676647
manufacturing,KFC_v2,iterative,0.9184615384615384,0.04790419161676647
manufacturing,KFC_v2,iterative,0.9187692307692308,0.04790419161676647
manufacturing,KFC_v2,iterative,0.9190769230769231,0.04790419161676647
manufacturing,KFC_v2,iterative,0.9193846153846155,0.04790419161676647
manufacturing,KFC_v2,iterative,0.9196923076923077,0.04790419161676647
manufacturing,KFC_v2,iterative,0.92,0.04790419161676647
manufacturing,KFC_v2,iterative,0.9203076923076924,0.04790419161676647
manufacturing,KFC_v2,iterative,0.9206153846153846,0.04790419161676647
manufacturing,KFC_v2,iterative,0.920923076923077,0.04790419161676647
manufacturing,KFC_v2,iterative,0.9212307692307693,0.04790419161676647
manufacturing,KFC_v2,iterative,0.9215384615384615,0.04790419161676647
manufacturing,KFC_v2,iterative,0.9218461538461539,0.04790419161676647
manufacturing,KFC_v2,iterative,0.9221538461538462,0.04790419161676647
manufacturing,KFC_v2,iterative,0.9224615384615384,0.04790419161676647
manufacturing,KFC_v2,iterative,0.9227692307692308,0.04790419161676647
manufacturing,KFC_v2,iterative,0.9230769230769231,0.04790419161676647
manufacturing,KFC_v2,iterative,0.9233846153846155,0.04790419161676647
manufacturing,KFC_v2,iterative,0.9236923076923077,0.04790419161676647
manufacturing,KFC_v2,iterative,0.924,0.04790419161676647
manufacturing,KFC_v2,iterative,0.9243076923076924,0.04790419161676647
manufacturing,KFC_v2,iterative,0.9246153846153846,0.04790419161676647
manufacturing,KFC_v2,iterative,0.924923076923077,0.04790419161676647
manufacturing,KFC_v2,iterative,0.9252307692307693,0.04790419161676647
manufacturing,KFC_v2,iterative,0.9255384615384615,0.041916167664670656
manufacturing,KFC_v2,iterative,0.9258461538461539,0.041916167664670656
manufacturing,KFC_v2,iterative,0.9261538461538462,0.041916167664670656
manufacturing,KFC_v2,iterative,0.9264615384615384,0.041916167664670656
manufacturing,KFC_v2,iterative,0.9267692307692308,0.041916167664670656
manufacturing,KFC_v2,iterative,0.9270769230769231,0.041916167664670656
manufacturing,KFC_v2,iterative,0.9273846153846154,0.041916167664670656
manufacturing,KFC_v2,iterative,0.9276923076923077,0.041916167664670656
manufacturing,KFC_v2,iterative,0.928,0.041916167664670656
manufacturing,KFC_v2,iterative,0.9283076923076924,0.041916167664670656
manufacturing,KFC_v2,iterative,0.9286153846153846,0.041916167664670656
manufacturing,KFC_v2,iterative,0.928923076923077,0.041916167664670656
manufacturing,KFC_v2,iterative,0.9292307692307693,0.041916167664670656
manufacturing,KFC_v2,iterative,0.9295384615384615,0.041916167664670656
manufacturing,KFC_v2,iterative,0.9298461538461539,0.041916167664670656
manufacturing,KFC_v2,iterative,0.9301538461538462,0.041916167664670656
manufacturing,KFC_v2,iterative,0.9304615384615385,0.041916167664670656
manufacturing,KFC_v2,iterative,0.9307692307692308,0.041916167664670656
manufacturing,KFC_v2,iterative,0.9310769230769231,0.041916167664670656
manufacturing,KFC_v2,iterative,0.9313846153846154,0.041916167664670656
manufacturing,KFC_v2,iterative,0.9316923076923077,0.041916167664670656
manufacturing,KFC_v2,iterative,0.932,0.041916167664670656
manufacturing,KFC_v2,iterative,0.9323076923076924,0.041916167664670656
manufacturing,KFC_v2,iterative,0.9326153846153846,0.041916167664670656
manufacturing,KFC_v2,iterative,0.932923076923077,0.041916167664670656
manufacturing,KFC_v2,iterative,0.9332307692307693,0.041916167664670656
manufacturing,KFC_v2,iterative,0.9335384615384615,0.041916167664670656
manufacturing,KFC_v2,iterative,0.9338461538461539,0.041916167664670656
manufacturing,KFC_v2,iterative,0.9341538461538462,0.041916167664670656
manufacturing,KFC_v2,iterative,0.9344615384615385,0.041916167664670656
manufacturing,KFC_v2,iterative,0.9347692307692308,0.041916167664670656
manufacturing,KFC_v2,iterative,0.9350769230769231,0.041916167664670656
manufacturing,KFC_v2,iterative,0.9353846153846154,0.041916167664670656
manufacturing,KFC_v2,iterative,0.9356923076923077,0.041916167664670656
manufacturing,KFC_v2,iterative,0.936,0.041916167664670656
manufacturing,KFC_v2,iterative,0.9363076923076923,0.041916167664670656
manufacturing,KFC_v2,iterative,0.9366153846153846,0.041916167664670656
manufacturing,KFC_v2,iterative,0.936923076923077,0.041916167664670656
manufacturing,KFC_v2,iterative,0.9372307692307693,0.041916167664670656
manufacturing,KFC_v2,iterative,0.9375384615384615,0.041916167664670656
manufacturing,KFC_v2,iterative,0.9378461538461539,0.041916167664670656
manufacturing,KFC_v2,iterative,0.9381538461538462,0.041916167664670656
manufacturing,KFC_v2,iterative,0.9384615384615385,0.041916167664670656
manufacturing,KFC_v2,iterative,0.9387692307692308,0.03592814371257485
manufacturing,KFC_v2,iterative,0.9390769230769231,0.03592814371257485
manufacturing,KFC_v2,iterative,0.9393846153846154,0.03592814371257485
manufacturing,KFC_v2,iterative,0.9396923076923077,0.03592814371257485
manufacturing,KFC_v2,iterative,0.9400000000000001,0.03592814371257485
manufacturing,KFC_v2,iterative,0.9403076923076923,0.03592814371257485
manufacturing,KFC_v2,iterative,0.9406153846153846,0.03592814371257485
manufacturing,KFC_v2,iterative,0.940923076923077,0.03592814371257485
manufacturing,KFC_v2,iterative,0.9412307692307693,0.03592814371257485
manufacturing,KFC_v2,iterative,0.9415384615384615,0.03592814371257485
manufacturing,KFC_v2,iterative,0.9418461538461539,0.03592814371257485
manufacturing,KFC_v2,iterative,0.9421538461538462,0.03592814371257485
manufacturing,KFC_v2,iterative,0.9424615384615385,0.03592814371257485
manufacturing,KFC_v2,iterative,0.9427692307692308,0.03592814371257485
manufacturing,KFC_v2,iterative,0.9430769230769231,0.03592814371257485
manufacturing,KFC_v2,iterative,0.9433846153846154,0.03592814371257485
manufacturing,KFC_v2,iterative,0.9436923076923077,0.03592814371257485
manufacturing,KFC_v2,iterative,0.9440000000000001,0.03592814371257485
manufacturing,KFC_v2,iterative,0.9443076923076923,0.03592814371257485
manufacturing,KFC_v2,iterative,0.9446153846153846,0.03592814371257485
manufacturing,KFC_v2,iterative,0.944923076923077,0.029940119760479042
manufacturing,KFC_v2,iterative,0.9452307692307693,0.029940119760479042
manufacturing,KFC_v2,iterative,0.9455384615384615,0.029940119760479042
manufacturing,KFC_v2,iterative,0.9458461538461539,0.029940119760479042
manufacturing,KFC_v2,iterative,0.9461538461538462,0.029940119760479042
manufacturing,KFC_v2,iterative,0.9464615384615385,0.029940119760479042
manufacturing,KFC_v2,iterative,0.9467692307692308,0.029940119760479042
manufacturing,KFC_v2,iterative,0.9470769230769231,0.029940119760479042
manufacturing,KFC_v2,iterative,0.9473846153846154,0.029940119760479042
manufacturing,KFC_v2,iterative,0.9476923076923077,0.029940119760479042
manufacturing,KFC_v2,iterative,0.9480000000000001,0.029940119760479042
manufacturing,KFC_v2,iterative,0.9483076923076923,0.029940119760479042
manufacturing,KFC_v2,iterative,0.9486153846153846,0.029940119760479042
manufacturing,KFC_v2,iterative,0.948923076923077,0.029940119760479042
manufacturing,KFC_v2,iterative,0.9492307692307692,0.029940119760479042
manufacturing,KFC_v2,iterative,0.9495384615384616,0.029940119760479042
manufacturing,KFC_v2,iterative,0.9498461538461539,0.029940119760479042
manufacturing,KFC_v2,iterative,0.9501538461538462,0.029940119760479042
manufacturing,KFC_v2,iterative,0.9504615384615385,0.029940119760479042
manufacturing,KFC_v2,iterative,0.9507692307692308,0.029940119760479042
manufacturing,KFC_v2,iterative,0.9510769230769232,0.029940119760479042
manufacturing,KFC_v2,iterative,0.9513846153846154,0.029940119760479042
manufacturing,KFC_v2,iterative,0.9516923076923077,0.029940119760479042
manufacturing,KFC_v2,iterative,0.9520000000000001,0.029940119760479042
manufacturing,KFC_v2,iterative,0.9523076923076923,0.029940119760479042
manufacturing,KFC_v2,iterative,0.9526153846153846,0.029940119760479042
manufacturing,KFC_v2,iterative,0.952923076923077,0.029940119760479042
manufacturing,KFC_v2,iterative,0.9532307692307692,0.029940119760479042
manufacturing,KFC_v2,iterative,0.9535384615384616,0.029940119760479042
manufacturing,KFC_v2,iterative,0.9538461538461539,0.029940119760479042
manufacturing,KFC_v2,iterative,0.9541538461538462,0.029940119760479042
manufacturing,KFC_v2,iterative,0.9544615384615385,0.029940119760479042
manufacturing,KFC_v2,iterative,0.9547692307692308,0.023952095808383235
manufacturing,KFC_v2,iterative,0.9550769230769232,0.023952095808383235
manufacturing,KFC_v2,iterative,0.9553846153846154,0.023952095808383235
manufacturing,KFC_v2,iterative,0.9556923076923077,0.023952095808383235
manufacturing,KFC_v2,iterative,0.9560000000000001,0.023952095808383235
manufacturing,KFC_v2,iterative,0.9563076923076923,0.023952095808383235
manufacturing,KFC_v2,iterative,0.9566153846153846,0.023952095808383235
manufacturing,KFC_v2,iterative,0.956923076923077,0.023952095808383235
manufacturing,KFC_v2,iterative,0.9572307692307692,0.023952095808383235
manufacturing,KFC_v2,iterative,0.9575384615384616,0.023952095808383235
manufacturing,KFC_v2,iterative,0.9578461538461539,0.023952095808383235
manufacturing,KFC_v2,iterative,0.9581538461538461,0.023952095808383235
manufacturing,KFC_v2,iterative,0.9584615384615385,0.023952095808383235
manufacturing,KFC_v2,iterative,0.9587692307692308,0.023952095808383235
manufacturing,KFC_v2,iterative,0.9590769230769232,0.023952095808383235
manufacturing,KFC_v2,iterative,0.9593846153846154,0.023952095808383235
manufacturing,KFC_v2,iterative,0.9596923076923077,0.023952095808383235
manufacturing,KFC_v2,iterative,0.9600000000000001,0.023952095808383235
manufacturing,KFC_v2,iterative,0.9603076923076923,0.023952095808383235
manufacturing,KFC_v2,iterative,0.9606153846153846,0.023952095808383235
manufacturing,KFC_v2,iterative,0.960923076923077,0.023952095808383235
manufacturing,KFC_v2,iterative,0.9612307692307692,0.023952095808383235
manufacturing,KFC_v2,iterative,0.9615384615384616,0.023952095808383235
manufacturing,KFC_v2,iterative,0.9618461538461539,0.023952095808383235
manufacturing,KFC_v2,iterative,0.9621538461538461,0.023952095808383235
manufacturing,KFC_v2,iterative,0.9624615384615385,0.023952095808383235
manufacturing,KFC_v2,iterative,0.9627692307692308,0.023952095808383235
manufacturing,KFC_v2,iterative,0.9630769230769232,0.023952095808383235
manufacturing,KFC_v2,iterative,0.9633846153846154,0.023952095808383235
manufacturing,KFC_v2,iterative,0.9636923076923077,0.023952095808383235
manufacturing,KFC_v2,iterative,0.9640000000000001,0.023952095808383235
manufacturing,KFC_v2,iterative,0.9643076923076923,0.023952095808383235
manufacturing,KFC_v2,iterative,0.9646153846153847,0.023952095808383235
manufacturing,KFC_v2,iterative,0.964923076923077,0.023952095808383235
manufacturing,KFC_v2,iterative,0.9652307692307692,0.023952095808383235
manufacturing,KFC_v2,iterative,0.9655384615384616,0.023952095808383235
manufacturing,KFC_v2,iterative,0.9658461538461539,0.023952095808383235
manufacturing,KFC_v2,iterative,0.9661538461538461,0.023952095808383235
manufacturing,KFC_v2,iterative,0.9664615384615385,0.023952095808383235
manufacturing,KFC_v2,iterative,0.9667692307692308,0.023952095808383235
manufacturing,KFC_v2,iterative,0.9670769230769231,0.023952095808383235
manufacturing,KFC_v2,iterative,0.9673846153846154,0.023952095808383235
manufacturing,KFC_v2,iterative,0.9676923076923077,0.023952095808383235
manufacturing,KFC_v2,iterative,0.9680000000000001,0.023952095808383235
manufacturing,KFC_v2,iterative,0.9683076923076923,0.023952095808383235
manufacturing,KFC_v2,iterative,0.9686153846153847,0.023952095808383235
manufacturing,KFC_v2,iterative,0.968923076923077,0.023952095808383235
manufacturing,KFC_v2,iterative,0.9692307692307692,0.023952095808383235
manufacturing,KFC_v2,iterative,0.9695384615384616,0.017964071856287425
manufacturing,KFC_v2,iterative,0.9698461538461539,0.017964071856287425
manufacturing,KFC_v2,iterative,0.9701538461538461,0.017964071856287425
manufacturing,KFC_v2,iterative,0.9704615384615385,0.017964071856287425
manufacturing,KFC_v2,iterative,0.9707692307692308,0.017964071856287425
manufacturing,KFC_v2,iterative,0.9710769230769231,0.017964071856287425
manufacturing,KFC_v2,iterative,0.9713846153846154,0.017964071856287425
manufacturing,KFC_v2,iterative,0.9716923076923077,0.017964071856287425
manufacturing,KFC_v2,iterative,0.9720000000000001,0.017964071856287425
manufacturing,KFC_v2,iterative,0.9723076923076923,0.017964071856287425
manufacturing,KFC_v2,iterative,0.9726153846153847,0.017964071856287425
manufacturing,KFC_v2,iterative,0.972923076923077,0.017964071856287425
manufacturing,KFC_v2,iterative,0.9732307692307692,0.017964071856287425
manufacturing,KFC_v2,iterative,0.9735384615384616,0.017964071856287425
manufacturing,KFC_v2,iterative,0.9738461538461539,0.017964071856287425
manufacturing,KFC_v2,iterative,0.9741538461538461,0.017964071856287425
manufacturing,KFC_v2,iterative,0.9744615384615385,0.017964071856287425
manufacturing,KFC_v2,iterative,0.9747692307692308,0.017964071856287425
manufacturing,KFC_v2,iterative,0.9750769230769231,0.017964071856287425
manufacturing,KFC_v2,iterative,0.9753846153846154,0.017964071856287425
manufacturing,KFC_v2,iterative,0.9756923076923077,0.017964071856287425
manufacturing,KFC_v2,iterative,0.976,0.017964071856287425
manufacturing,KFC_v2,iterative,0.9763076923076923,0.017964071856287425
manufacturing,KFC_v2,iterative,0.9766153846153847,0.017964071856287425
manufacturing,KFC_v2,iterative,0.976923076923077,0.017964071856287425
manufacturing,KFC_v2,iterative,0.9772307692307692,0.017964071856287425
manufacturing,KFC_v2,iterative,0.9775384615384616,0.017964071856287425
manufacturing,KFC_v2,iterative,0.9778461538461539,0.017964071856287425
manufacturing,KFC_v2,iterative,0.9781538461538462,0.017964071856287425
manufacturing,KFC_v2,iterative,0.9784615384615385,0.017964071856287425
manufacturing,KFC_v2,iterative,0.9787692307692308,0.017964071856287425
manufacturing,KFC_v2,iterative,0.9790769230769231,0.017964071856287425
manufacturing,KFC_v2,iterative,0.9793846153846154,0.017964071856287425
manufacturing,KFC_v2,iterative,0.9796923076923078,0.017964071856287425
manufacturing,KFC_v2,iterative,0.98,0.017964071856287425
manufacturing,KFC_v2,iterative,0.9803076923076923,0.011976047904191617
manufacturing,KFC_v2,iterative,0.9806153846153847,0.011976047904191617
manufacturing,KFC_v2,iterative,0.980923076923077,0.011976047904191617
manufacturing,KFC_v2,iterative,0.9812307692307692,0.011976047904191617
manufacturing,KFC_v2,iterative,0.9815384615384616,0.011976047904191617
manufacturing,KFC_v2,iterative,0.9818461538461539,0.011976047904191617
manufacturing,KFC_v2,iterative,0.9821538461538462,0.011976047904191617
manufacturing,KFC_v2,iterative,0.9824615384615385,0.011976047904191617
manufacturing,KFC_v2,iterative,0.9827692307692308,0.011976047904191617
manufacturing,KFC_v2,iterative,0.9830769230769231,0.011976047904191617
manufacturing,KFC_v2,iterative,0.9833846153846154,0.011976047904191617
manufacturing,KFC_v2,iterative,0.9836923076923078,0.011976047904191617
manufacturing,KFC_v2,iterative,0.984,0.011976047904191617
manufacturing,KFC_v2,iterative,0.9843076923076923,0.011976047904191617
manufacturing,KFC_v2,iterative,0.9846153846153847,0.011976047904191617
manufacturing,KFC_v2,iterative,0.984923076923077,0.011976047904191617
manufacturing,KFC_v2,iterative,0.9852307692307692,0.011976047904191617
manufacturing,KFC_v2,iterative,0.9855384615384616,0.011976047904191617
manufacturing,KFC_v2,iterative,0.9858461538461539,0.011976047904191617
manufacturing,KFC_v2,iterative,0.9861538461538462,0.011976047904191617
manufacturing,KFC_v2,iterative,0.9864615384615385,0.011976047904191617
manufacturing,KFC_v2,iterative,0.9867692307692308,0.011976047904191617
manufacturing,KFC_v2,iterative,0.9870769230769231,0.011976047904191617
manufacturing,KFC_v2,iterative,0.9873846153846154,0.011976047904191617
manufacturing,KFC_v2,iterative,0.9876923076923078,0.011976047904191617
manufacturing,KFC_v2,iterative,0.988,0.011976047904191617
manufacturing,KFC_v2,iterative,0.9883076923076923,0.011976047904191617
manufacturing,KFC_v2,iterative,0.9886153846153847,0.011976047904191617
manufacturing,KFC_v2,iterative,0.9889230769230769,0.011976047904191617
manufacturing,KFC_v2,iterative,0.9892307692307692,0.011976047904191617
manufacturing,KFC_v2,iterative,0.9895384615384616,0.011976047904191617
manufacturing,KFC_v2,iterative,0.9898461538461539,0.011976047904191617
manufacturing,KFC_v2,iterative,0.9901538461538462,0.011976047904191617
manufacturing,KFC_v2,iterative,0.9904615384615385,0.011976047904191617
manufacturing,KFC_v2,iterative,0.9907692307692308,0.011976047904191617
manufacturing,KFC_v2,iterative,0.9910769230769231,0.011976047904191617
manufacturing,KFC_v2,iterative,0.9913846153846154,0.011976047904191617
manufacturing,KFC_v2,iterative,0.9916923076923078,0.011976047904191617
manufacturing,KFC_v2,iterative,0.992,0.011976047904191617
manufacturing,KFC_v2,iterative,0.9923076923076923,0.011976047904191617
manufacturing,KFC_v2,iterative,0.9926153846153847,0.011976047904191617
manufacturing,KFC_v2,iterative,0.9929230769230769,0.011976047904191617
manufacturing,KFC_v2,iterative,0.9932307692307693,0.011976047904191617
manufacturing,KFC_v2,iterative,0.9935384615384616,0.011976047904191617
manufacturing,KFC_v2,iterative,0.9938461538461539,0.011976047904191617
manufacturing,KFC_v2,iterative,0.9941538461538462,0.011976047904191617
manufacturing,KFC_v2,iterative,0.9944615384615385,0.011976047904191617
manufacturing,KFC_v2,iterative,0.9947692307692308,0.011976047904191617
manufacturing,KFC_v2,iterative,0.9950769230769231,0.011976047904191617
manufacturing,KFC_v2,iterative,0.9953846153846154,0.011976047904191617
manufacturing,KFC_v2,iterative,0.9956923076923078,0.011976047904191617
manufacturing,KFC_v2,iterative,0.996,0.011976047904191617
manufacturing,KFC_v2,iterative,0.9963076923076923,0.011976047904191617
manufacturing,KFC_v2,iterative,0.9966153846153847,0.011976047904191617
manufacturing,KFC_v2,iterative,0.9969230769230769,0.011976047904191617
manufacturing,KFC_v2,iterative,0.9972307692307693,0.011976047904191617
manufacturing,KFC_v2,iterative,0.9975384615384616,0.011976047904191617
manufacturing,KFC_v2,iterative,0.9978461538461538,0.011976047904191617
manufacturing,KFC_v2,iterative,0.9981538461538462,0.011976047904191617
manufacturing,KFC_v2,iterative,0.9984615384615385,0.011976047904191617
manufacturing,KFC_v2,iterative,0.9987692307692309,0.011976047904191617
manufacturing,KFC_v2,iterative,0.9990769230769231,0.011976047904191617
manufacturing,KFC_v2,iterative,0.9993846153846154,0.011976047904191617
manufacturing,KFC_v2,iterative,0.9996923076923078,0.011976047904191617
manufacturing,KFC_v2,iterative,1.0,0.005988023952095809
