network,metric,mode,x,rgc
power,KFC_v2,static,0.0,1.0
power,KFC_v2,static,0.00015165301789505612,1.0
power,KFC_v2,static,0.00030330603579011223,1.0
power,KFC_v2,static,0.00045495905368516835,1.0
power,KFC_v2,static,0.0006066120715802245,1.0
power,KFC_v2,static,0.0007582650894752806,1.0
power,KFC_v2,static,0.0009099181073703367,1.0
power,KFC_v2,static,0.0010615711252653928,1.0
power,KFC_v2,static,0.001213224143160449,1.0
power,KFC_v2,static,0.001364877161055505,1.0
power,KFC_v2,static,0.0015165301789505613,1.0
power,KFC_v2,static,0.0016681831968456172,1.0
power,KFC_v2,static,0.0018198362147406734,1.0
power,KFC_v2,static,0.0019714892326357296,1.0
power,KFC_v2,static,0.0021231422505307855,1.0
power,KFC_v2,static,0.002274795268425842,1.0
power,KFC_v2,static,0.002426448286320898,1.0
power,KFC_v2,static,0.002578101304215954,1.0
power,KFC_v2,static,0.00272975432211101,1.0
power,KFC_v2,static,0.002881407340006066,1.0
power,KFC_v2,static,0.0030330603579011226,1.0
power,KFC_v2,static,0.0031847133757961785,1.0
power,KFC_v2,static,0.0033363663936912345,1.0
power,KFC_v2,static,0.003488019411586291,1.0
power,KFC_v2,static,0.003639672429481347,0.9793564055859137
power,KFC_v2,static,0.0037913254473764028,0.9461647439789517
power,KFC_v2,static,0.003942978465271459,0.9461647439789517
power,KFC_v2,static,0.004094631483166515,0.9461647439789517
power,KFC_v2,static,0.004246284501061571,0.9461647439789517
power,KFC_v2,static,0.004397937518956627,0.9461647439789517
power,KFC_v2,static,0.004549590536851684,0.9461647439789517
power,KFC_v2,static,0.00470124355474674,0.9461647439789517
power,KFC_v2,static,0.004852896572641796,0.9461647439789517
power,KFC_v2,static,0.005004549590536852,0.9461647439789517
power,KFC_v2,static,0.005156202608431908,0.9461647439789517
power,KFC_v2,static,0.0053078556263269645,0.9461647439789517
power,KFC_v2,static,0.00545950864422202,0.9461647439789517
power,KFC_v2,static,0.005611161662117076,0.9461647439789517
power,KFC_v2,static,0.005762814680012132,0.9461647439789517
power,KFC_v2,static,0.005914467697907188,0.9461647439789517
power,KFC_v2,static,0.006066120715802245,0.9461647439789517
power,KFC_v2,static,0.006217773733697301,0.9461647439789517
power,KFC_v2,static,0.006369426751592357,0.9461647439789517
power,KFC_v2,static,0.006521079769487413,0.9461647439789517
power,KFC_v2,static,0.006672732787382469,0.9461647439789517
power,KFC_v2,static,0.006824385805277525,0.9461647439789517
power,KFC_v2,static,0.006976038823172582,0.9461647439789517
power,KFC_v2,static,0.007127691841067638,0.9461647439789517
power,KFC_v2,static,0.007279344858962694,0.9461647439789517
power,KFC_v2,static,0.0074309978768577496,0.9461647439789517
power,KFC_v2,static,0.0075826508947528055,0.9461647439789517
power,KFC_v2,static,0.007734303912647862,0.9461647439789517
power,KFC_v2,static,0.007885956930542918,0.9461647439789517
power,KFC_v2,static,0.008037609948437973,0.9461647439789517
power,KFC_v2,static,0.00818926296633303,0.9461647439789517
power,KFC_v2,static,0.008340915984228087,0.9461647439789517
power,KFC_v2,static,0.008492569002123142,0.9461647439789517
power,KFC_v2,static,0.008644222020018199,0.9461647439789517
power,KFC_v2,static,0.008795875037913254,0.919651892329488
power,KFC_v2,static,0.00894752805580831,0.919651892329488
power,KFC_v2,static,0.009099181073703368,0.919651892329488
power,KFC_v2,static,0.009250834091598423,0.919651892329488
power,KFC_v2,static,0.00940248710949348,0.919651892329488
power,KFC_v2,static,0.009554140127388535,0.919651892329488
power,KFC_v2,static,0.009705793145283591,0.919651892329488
power,KFC_v2,static,0.009857446163178648,0.919651892329488
power,KFC_v2,static,0.010009099181073703,0.919651892329488
power,KFC_v2,static,0.01016075219896876,0.919651892329488
power,KFC_v2,static,0.010312405216863815,0.919651892329488
power,KFC_v2,static,0.010464058234758872,0.919651892329488
power,KFC_v2,static,0.010615711252653929,0.919651892329488
power,KFC_v2,static,0.010767364270548984,0.919651892329488
power,KFC_v2,static,0.01091901728844404,0.919651892329488
power,KFC_v2,static,0.011070670306339096,0.919651892329488
power,KFC_v2,static,0.011222323324234153,0.919651892329488
power,KFC_v2,static,0.01137397634212921,0.919651892329488
power,KFC_v2,static,0.011525629360024265,0.919651892329488
power,KFC_v2,static,0.011677282377919321,0.919651892329488
power,KFC_v2,static,0.011828935395814377,0.919651892329488
power,KFC_v2,static,0.011980588413709433,0.919651892329488
power,KFC_v2,static,0.01213224143160449,0.919651892329488
power,KFC_v2,static,0.012283894449499545,0.919651892329488
power,KFC_v2,static,0.012435547467394602,0.919651892329488
power,KFC_v2,static,0.012587200485289657,0.919651892329488
power,KFC_v2,static,0.012738853503184714,0.919651892329488
power,KFC_v2,static,0.012890506521079769,0.919651892329488
power,KFC_v2,static,0.013042159538974826,0.898401133373811
power,KFC_v2,static,0.013193812556869883,0.898401133373811
power,KFC_v2,static,0.013345465574764938,0.898401133373811
power,KFC_v2,static,0.013497118592659995,0.898401133373811
power,KFC_v2,static,0.01364877161055505,0.898401133373811
power,KFC_v2,static,0.013800424628450107,0.898401133373811
power,KFC_v2,static,0.013952077646345163,0.898401133373811
power,KFC_v2,static,0.014103730664240218,0.48532685691155636
power,KFC_v2,static,0.014255383682135275,0.48532685691155636
power,KFC_v2,static,0.01440703670003033,0.48532685691155636
power,KFC_v2,static,0.014558689717925387,0.48532685691155636
power,KFC_v2,static,0.014710342735820444,0.48532685691155636
power,KFC_v2,static,0.014861995753715499,0.48532685691155636
power,KFC_v2,static,0.015013648771610556,0.48532685691155636
power,KFC_v2,static,0.015165301789505611,0.48532685691155636
power,KFC_v2,static,0.015316954807400668,0.48532685691155636
power,KFC_v2,static,0.015468607825295725,0.48532685691155636
power,KFC_v2,static,0.01562026084319078,0.48532685691155636
power,KFC_v2,static,0.015771913861085837,0.48532685691155636
power,KFC_v2,static,0.01592356687898089,0.48532685691155636
power,KFC_v2,static,0.016075219896875947,0.48532685691155636
power,KFC_v2,static,0.016226872914771005,0.48532685691155636
power,KFC_v2,static,0.01637852593266606,0.48532685691155636
power,KFC_v2,static,0.016530178950561115,0.48532685691155636
power,KFC_v2,static,0.016681831968456174,0.48532685691155636
power,KFC_v2,static,0.01683348498635123,0.48532685691155636
power,KFC_v2,static,0.016985138004246284,0.48532685691155636
power,KFC_v2,static,0.017136791022141343,0.48532685691155636
power,KFC_v2,static,0.017288444040036398,0.48532685691155636
power,KFC_v2,static,0.017440097057931453,0.48532685691155636
power,KFC_v2,static,0.017591750075826508,0.48532685691155636
power,KFC_v2,static,0.017743403093721567,0.48532685691155636
power,KFC_v2,static,0.01789505611161662,0.48532685691155636
power,KFC_v2,static,0.018046709129511677,0.48532685691155636
power,KFC_v2,static,0.018198362147406735,0.48532685691155636
power,KFC_v2,static,0.01835001516530179,0.48532685691155636
power,KFC_v2,static,0.018501668183196845,0.48532685691155636
power,KFC_v2,static,0.018653321201091904,0.48532685691155636
power,KFC_v2,static,0.01880497421898696,0.48532685691155636
power,KFC_v2,static,0.018956627236882014,0.48532685691155636
power,KFC_v2,static,0.01910828025477707,0.48532685691155636
power,KFC_v2,static,0.019259933272672128,0.48532685691155636
power,KFC_v2,static,0.019411586290567183,0.48532685691155636
power,KFC_v2,static,0.019563239308462238,0.48532685691155636
power,KFC_v2,static,0.019714892326357297,0.48532685691155636
power,KFC_v2,static,0.01986654534425235,0.48532685691155636
power,KFC_v2,static,0.020018198362147407,0.48532685691155636
power,KFC_v2,static,0.020169851380042462,0.48532685691155636
power,KFC_v2,static,0.02032150439793752,0.48532685691155636
power,KFC_v2,static,0.020473157415832575,0.48532685691155636
power,KFC_v2,static,0.02062481043372763,0.48532685691155636
power,KFC_v2,static,0.02077646345162269,0.48532685691155636
power,KFC_v2,static,0.020928116469517744,0.46468326249747016
power,KFC_v2,static,0.0210797694874128,0.46468326249747016
power,KFC_v2,static,0.021231422505307858,0.46468326249747016
power,KFC_v2,static,0.021383075523202913,0.46468326249747016
power,KFC_v2,static,0.021534728541097968,0.46468326249747016
power,KFC_v2,static,0.021686381558993023,0.46468326249747016
power,KFC_v2,static,0.02183803457688808,0.46468326249747016
power,KFC_v2,static,0.021989687594783137,0.46468326249747016
power,KFC_v2,static,0.022141340612678192,0.46468326249747016
power,KFC_v2,static,0.02229299363057325,0.46468326249747016
power,KFC_v2,static,0.022444646648468305,0.46468326249747016
power,KFC_v2,static,0.02259629966636336,0.46468326249747016
power,KFC_v2,static,0.02274795268425842,0.46468326249747016
power,KFC_v2,static,0.022899605702153474,0.46468326249747016
power,KFC_v2,static,0.02305125872004853,0.46468326249747016
power,KFC_v2,static,0.023202911737943584,0.46468326249747016
power,KFC_v2,static,0.023354564755838643,0.46468326249747016
power,KFC_v2,static,0.023506217773733698,0.46468326249747016
power,KFC_v2,static,0.023657870791628753,0.46468326249747016
power,KFC_v2,static,0.02380952380952381,0.46468326249747016
power,KFC_v2,static,0.023961176827418867,0.46468326249747016
power,KFC_v2,static,0.024112829845313922,0.46468326249747016
power,KFC_v2,static,0.02426448286320898,0.46468326249747016
power,KFC_v2,static,0.024416135881104035,0.46468326249747016
power,KFC_v2,static,0.02456778889899909,0.46468326249747016
power,KFC_v2,static,0.024719441916894146,0.46468326249747016
power,KFC_v2,static,0.024871094934789204,0.46468326249747016
power,KFC_v2,static,0.02502274795268426,0.46468326249747016
power,KFC_v2,static,0.025174400970579314,0.46468326249747016
power,KFC_v2,static,0.025326053988474373,0.46468326249747016
power,KFC_v2,static,0.025477707006369428,0.46468326249747016
power,KFC_v2,static,0.025629360024264483,0.4584092289010322
power,KFC_v2,static,0.025781013042159538,0.4584092289010322
power,KFC_v2,static,0.025932666060054597,0.4584092289010322
power,KFC_v2,static,0.026084319077949652,0.43675369358429467
power,KFC_v2,static,0.026235972095844707,0.3966808338393038
power,KFC_v2,static,0.026387625113739765,0.3966808338393038
power,KFC_v2,static,0.02653927813163482,0.3966808338393038
power,KFC_v2,static,0.026690931149529876,0.3966808338393038
power,KFC_v2,static,0.026842584167424934,0.3966808338393038
power,KFC_v2,static,0.02699423718531999,0.3966808338393038
power,KFC_v2,static,0.027145890203215044,0.3966808338393038
power,KFC_v2,static,0.0272975432211101,0.3966808338393038
power,KFC_v2,static,0.027449196239005158,0.3966808338393038
power,KFC_v2,static,0.027600849256900213,0.3966808338393038
power,KFC_v2,static,0.027752502274795268,0.3966808338393038
power,KFC_v2,static,0.027904155292690327,0.3966808338393038
power,KFC_v2,static,0.028055808310585382,0.3966808338393038
power,KFC_v2,static,0.028207461328480437,0.3966808338393038
power,KFC_v2,static,0.028359114346375495,0.3966808338393038
power,KFC_v2,static,0.02851076736427055,0.3966808338393038
power,KFC_v2,static,0.028662420382165606,0.3966808338393038
power,KFC_v2,static,0.02881407340006066,0.35923902044120626
power,KFC_v2,static,0.02896572641795572,0.3343452742359846
power,KFC_v2,static,0.029117379435850774,0.3343452742359846
power,KFC_v2,static,0.02926903245374583,0.30682048168386966
power,KFC_v2,static,0.029420685471640888,0.26836672738312084
power,KFC_v2,static,0.029572338489535943,0.26836672738312084
power,KFC_v2,static,0.029723991507430998,0.26836672738312084
power,KFC_v2,static,0.029875644525326053,0.26836672738312084
power,KFC_v2,static,0.030027297543221112,0.26836672738312084
power,KFC_v2,static,0.030178950561116167,0.26836672738312084
power,KFC_v2,static,0.030330603579011222,0.26836672738312084
power,KFC_v2,static,0.03048225659690628,0.26836672738312084
power,KFC_v2,static,0.030633909614801336,0.26836672738312084
power,KFC_v2,static,0.03078556263269639,0.2406395466504756
power,KFC_v2,static,0.03093721565059145,0.2406395466504756
power,KFC_v2,static,0.031088868668486504,0.2406395466504756
power,KFC_v2,static,0.03124052168638156,0.2406395466504756
power,KFC_v2,static,0.03139217470427662,0.2406395466504756
power,KFC_v2,static,0.03154382772217167,0.2406395466504756
power,KFC_v2,static,0.03169548074006673,0.2406395466504756
power,KFC_v2,static,0.03184713375796178,0.2406395466504756
power,KFC_v2,static,0.03199878677585684,0.2406395466504756
power,KFC_v2,static,0.032150439793751893,0.2406395466504756
power,KFC_v2,static,0.032302092811646956,0.2406395466504756
power,KFC_v2,static,0.03245374582954201,0.2406395466504756
power,KFC_v2,static,0.032605398847437066,0.2406395466504756
power,KFC_v2,static,0.03275705186533212,0.2406395466504756
power,KFC_v2,static,0.032908704883227176,0.2406395466504756
power,KFC_v2,static,0.03306035790112223,0.2406395466504756
power,KFC_v2,static,0.03321201091901729,0.2406395466504756
power,KFC_v2,static,0.03336366393691235,0.1270997773730014
power,KFC_v2,static,0.0335153169548074,0.1270997773730014
power,KFC_v2,static,0.03366696997270246,0.1270997773730014
power,KFC_v2,static,0.03381862299059751,0.1270997773730014
power,KFC_v2,static,0.03397027600849257,0.1135397692774742
power,KFC_v2,static,0.034121929026387623,0.1135397692774742
power,KFC_v2,static,0.034273582044282686,0.1135397692774742
power,KFC_v2,static,0.03442523506217774,0.1135397692774742
power,KFC_v2,static,0.034576888080072796,0.1135397692774742
power,KFC_v2,static,0.03472854109796785,0.1135397692774742
power,KFC_v2,static,0.034880194115862906,0.07184780408824125
power,KFC_v2,static,0.03503184713375796,0.07184780408824125
power,KFC_v2,static,0.035183500151653016,0.07184780408824125
power,KFC_v2,static,0.03533515316954808,0.05241853875733657
power,KFC_v2,static,0.03548680618744313,0.048573163327261686
power,KFC_v2,static,0.03563845920533819,0.041691965189232946
power,KFC_v2,static,0.03579011222323324,0.041691965189232946
power,KFC_v2,static,0.0359417652411283,0.041691965189232946
power,KFC_v2,static,0.036093418259023353,0.041691965189232946
power,KFC_v2,static,0.03624507127691841,0.041691965189232946
power,KFC_v2,static,0.03639672429481347,0.041691965189232946
power,KFC_v2,static,0.036548377312708526,0.041691965189232946
power,KFC_v2,static,0.03670003033060358,0.041691965189232946
power,KFC_v2,static,0.036851683348498636,0.041691965189232946
power,KFC_v2,static,0.03700333636639369,0.041691965189232946
power,KFC_v2,static,0.037154989384288746,0.041691965189232946
power,KFC_v2,static,0.03730664240218381,0.041691965189232946
power,KFC_v2,static,0.03745829542007886,0.041691965189232946
power,KFC_v2,static,0.03760994843797392,0.041691965189232946
power,KFC_v2,static,0.03776160145586897,0.041691965189232946
power,KFC_v2,static,0.03791325447376403,0.041691965189232946
power,KFC_v2,static,0.038064907491659083,0.041691965189232946
power,KFC_v2,static,0.03821656050955414,0.041691965189232946
power,KFC_v2,static,0.0383682135274492,0.041691965189232946
power,KFC_v2,static,0.038519866545344256,0.041691965189232946
power,KFC_v2,static,0.03867151956323931,0.041691965189232946
power,KFC_v2,static,0.038823172581134366,0.041691965189232946
power,KFC_v2,static,0.03897482559902942,0.041691965189232946
power,KFC_v2,static,0.039126478616924476,0.041691965189232946
power,KFC_v2,static,0.03927813163481953,0.041691965189232946
power,KFC_v2,static,0.03942978465271459,0.041691965189232946
power,KFC_v2,static,0.03958143767060965,0.041691965189232946
power,KFC_v2,static,0.0397330906885047,0.041691965189232946
power,KFC_v2,static,0.03988474370639976,0.041691965189232946
power,KFC_v2,static,0.040036396724294813,0.041691965189232946
power,KFC_v2,static,0.04018804974218987,0.041691965189232946
power,KFC_v2,static,0.040339702760084924,0.041691965189232946
power,KFC_v2,static,0.040491355777979986,0.041691965189232946
power,KFC_v2,static,0.04064300879587504,0.041691965189232946
power,KFC_v2,static,0.040794661813770096,0.041691965189232946
power,KFC_v2,static,0.04094631483166515,0.041691965189232946
power,KFC_v2,static,0.041097967849560206,0.041691965189232946
power,KFC_v2,static,0.04124962086745526,0.041691965189232946
power,KFC_v2,static,0.04140127388535032,0.041691965189232946
power,KFC_v2,static,0.04155292690324538,0.041691965189232946
power,KFC_v2,static,0.04170457992114043,0.041691965189232946
power,KFC_v2,static,0.04185623293903549,0.041691965189232946
power,KFC_v2,static,0.042007885956930544,0.041691965189232946
power,KFC_v2,static,0.0421595389748256,0.041691965189232946
power,KFC_v2,static,0.042311191992720654,0.041691965189232946
power,KFC_v2,static,0.042462845010615716,0.041691965189232946
power,KFC_v2,static,0.04261449802851077,0.041691965189232946
power,KFC_v2,static,0.042766151046405826,0.041691965189232946
power,KFC_v2,static,0.04291780406430088,0.041691965189232946
power,KFC_v2,static,0.043069457082195936,0.041691965189232946
power,KFC_v2,static,0.04322111010009099,0.041691965189232946
power,KFC_v2,static,0.043372763117986046,0.041691965189232946
power,KFC_v2,static,0.04352441613588111,0.041691965189232946
power,KFC_v2,static,0.04367606915377616,0.041691965189232946
power,KFC_v2,static,0.04382772217167122,0.041691965189232946
power,KFC_v2,static,0.043979375189566274,0.041691965189232946
power,KFC_v2,static,0.04413102820746133,0.041691965189232946
power,KFC_v2,static,0.044282681225356384,0.041691965189232946
power,KFC_v2,static,0.04443433424325144,0.041691965189232946
power,KFC_v2,static,0.0445859872611465,0.041691965189232946
power,KFC_v2,static,0.044737640279041556,0.041691965189232946
power,KFC_v2,static,0.04488929329693661,0.041691965189232946
power,KFC_v2,static,0.045040946314831666,0.041691965189232946
power,KFC_v2,static,0.04519259933272672,0.041691965189232946
power,KFC_v2,static,0.045344252350621776,0.041691965189232946
power,KFC_v2,static,0.04549590536851684,0.041691965189232946
power,KFC_v2,static,0.04564755838641189,0.041691965189232946
power,KFC_v2,static,0.04579921140430695,0.041691965189232946
power,KFC_v2,static,0.045950864422202004,0.041691965189232946
power,KFC_v2,static,0.04610251744009706,0.041691965189232946
power,KFC_v2,static,0.046254170457992114,0.041691965189232946
power,KFC_v2,static,0.04640582347588717,0.041691965189232946
power,KFC_v2,static,0.04655747649378223,0.041691965189232946
power,KFC_v2,static,0.046709129511677286,0.041691965189232946
power,KFC_v2,static,0.04686078252957234,0.041691965189232946
power,KFC_v2,static,0.047012435547467396,0.041691965189232946
power,KFC_v2,static,0.04716408856536245,0.041691965189232946
power,KFC_v2,static,0.047315741583257506,0.041691965189232946
power,KFC_v2,static,0.04746739460115256,0.041691965189232946
power,KFC_v2,static,0.04761904761904762,0.041691965189232946
power,KFC_v2,static,0.04777070063694268,0.041691965189232946
power,KFC_v2,static,0.047922353654837734,0.041691965189232946
power,KFC_v2,static,0.04807400667273279,0.041691965189232946
power,KFC_v2,static,0.048225659690627844,0.041691965189232946
power,KFC_v2,static,0.0483773127085229,0.041691965189232946
power,KFC_v2,static,0.04852896572641796,0.041691965189232946
power,KFC_v2,static,0.048680618744313016,0.041691965189232946
power,KFC_v2,static,0.04883227176220807,0.041691965189232946
power,KFC_v2,static,0.048983924780103126,0.041691965189232946
power,KFC_v2,static,0.04913557779799818,0.041691965189232946
power,KFC_v2,static,0.049287230815893236,0.041691965189232946
power,KFC_v2,static,0.04943888383378829,0.041691965189232946
power,KFC_v2,static,0.04959053685168335,0.041691965189232946
power,KFC_v2,static,0.04974218986957841,0.041691965189232946
power,KFC_v2,static,0.049893842887473464,0.041691965189232946
power,KFC_v2,static,0.05004549590536852,0.041691965189232946
power,KFC_v2,static,0.050197148923263574,0.041691965189232946
power,KFC_v2,static,0.05034880194115863,0.041691965189232946
power,KFC_v2,static,0.050500454959053684,0.041691965189232946
power,KFC_v2,static,0.050652107976948746,0.041691965189232946
power,KFC_v2,static,0.0508037609948438,0.041691965189232946
power,KFC_v2,static,0.050955414012738856,0.041691965189232946
power,KFC_v2,static,0.05110706703063391,0.041691965189232946
power,KFC_v2,static,0.051258720048528966,0.041691965189232946
power,KFC_v2,static,0.05141037306642402,0.041691965189232946
power,KFC_v2,static,0.051562026084319076,0.041691965189232946
power,KFC_v2,static,0.05171367910221414,0.041691965189232946
power,KFC_v2,static,0.051865332120109194,0.041691965189232946
power,KFC_v2,static,0.05201698513800425,0.041691965189232946
power,KFC_v2,static,0.052168638155899304,0.041691965189232946
power,KFC_v2,static,0.05232029117379436,0.041691965189232946
power,KFC_v2,static,0.052471944191689414,0.041691965189232946
power,KFC_v2,static,0.052623597209584476,0.041691965189232946
power,KFC_v2,static,0.05277525022747953,0.041691965189232946
power,KFC_v2,static,0.052926903245374586,0.041691965189232946
power,KFC_v2,static,0.05307855626326964,0.041691965189232946
power,KFC_v2,static,0.053230209281164696,0.041691965189232946
power,KFC_v2,static,0.05338186229905975,0.041691965189232946
power,KFC_v2,static,0.053533515316954806,0.041691965189232946
power,KFC_v2,static,0.05368516833484987,0.041691965189232946
power,KFC_v2,static,0.053836821352744924,0.041691965189232946
power,KFC_v2,static,0.05398847437063998,0.041691965189232946
power,KFC_v2,static,0.054140127388535034,0.041691965189232946
power,KFC_v2,static,0.05429178040643009,0.041691965189232946
power,KFC_v2,static,0.054443433424325144,0.041691965189232946
power,KFC_v2,static,0.0545950864422202,0.041691965189232946
power,KFC_v2,static,0.05474673946011526,0.041691965189232946
power,KFC_v2,static,0.054898392478010316,0.041691965189232946
power,KFC_v2,static,0.05505004549590537,0.041691965189232946
power,KFC_v2,static,0.055201698513800426,0.041691965189232946
power,KFC_v2,static,0.05535335153169548,0.041691965189232946
power,KFC_v2,static,0.055505004549590536,0.041691965189232946
power,KFC_v2,static,0.05565665756748559,0.041691965189232946
power,KFC_v2,static,0.055808310585380654,0.041691965189232946
power,KFC_v2,static,0.05595996360327571,0.041691965189232946
power,KFC_v2,static,0.056111616621170764,0.041691965189232946
power,KFC_v2,static,0.05626326963906582,0.041691965189232946
power,KFC_v2,static,0.056414922656960874,0.041691965189232946
power,KFC_v2,static,0.05656657567485593,0.041691965189232946
power,KFC_v2,static,0.05671822869275099,0.041691965189232946
power,KFC_v2,static,0.056869881710646046,0.041691965189232946
power,KFC_v2,static,0.0570215347285411,0.041691965189232946
power,KFC_v2,static,0.057173187746436156,0.041691965189232946
power,KFC_v2,static,0.05732484076433121,0.041691965189232946
power,KFC_v2,static,0.057476493782226266,0.041691965189232946
power,KFC_v2,static,0.05762814680012132,0.041691965189232946
power,KFC_v2,static,0.057779799818016384,0.041691965189232946
power,KFC_v2,static,0.05793145283591144,0.041691965189232946
power,KFC_v2,static,0.058083105853806494,0.041691965189232946
power,KFC_v2,static,0.05823475887170155,0.041691965189232946
power,KFC_v2,static,0.058386411889596604,0.041691965189232946
power,KFC_v2,static,0.05853806490749166,0.041691965189232946
power,KFC_v2,static,0.058689717925386714,0.041691965189232946
power,KFC_v2,static,0.058841370943281776,0.041691965189232946
power,KFC_v2,static,0.05899302396117683,0.041691965189232946
power,KFC_v2,static,0.059144676979071886,0.041691965189232946
power,KFC_v2,static,0.05929632999696694,0.041691965189232946
power,KFC_v2,static,0.059447983014861996,0.041691965189232946
power,KFC_v2,static,0.05959963603275705,0.041691965189232946
power,KFC_v2,static,0.05975128905065211,0.041691965189232946
power,KFC_v2,static,0.05990294206854717,0.041691965189232946
power,KFC_v2,static,0.060054595086442224,0.041691965189232946
power,KFC_v2,static,0.06020624810433728,0.041691965189232946
power,KFC_v2,static,0.060357901122232334,0.041691965189232946
power,KFC_v2,static,0.06050955414012739,0.041691965189232946
power,KFC_v2,static,0.060661207158022444,0.041691965189232946
power,KFC_v2,static,0.060812860175917506,0.041691965189232946
power,KFC_v2,static,0.06096451319381256,0.041691965189232946
power,KFC_v2,static,0.061116166211707616,0.041691965189232946
power,KFC_v2,static,0.06126781922960267,0.041691965189232946
power,KFC_v2,static,0.061419472247497726,0.041691965189232946
power,KFC_v2,static,0.06157112526539278,0.041691965189232946
power,KFC_v2,static,0.06172277828328784,0.041691965189232946
power,KFC_v2,static,0.0618744313011829,0.041691965189232946
power,KFC_v2,static,0.062026084319077954,0.041691965189232946
power,KFC_v2,static,0.06217773733697301,0.041691965189232946
power,KFC_v2,static,0.062329390354868064,0.041691965189232946
power,KFC_v2,static,0.06248104337276312,0.041691965189232946
power,KFC_v2,static,0.06263269639065817,0.041691965189232946
power,KFC_v2,static,0.06278434940855324,0.041691965189232946
power,KFC_v2,static,0.06293600242644828,0.041691965189232946
power,KFC_v2,static,0.06308765544434335,0.041691965189232946
power,KFC_v2,static,0.0632393084622384,0.041691965189232946
power,KFC_v2,static,0.06339096148013346,0.041691965189232946
power,KFC_v2,static,0.06354261449802852,0.041691965189232946
power,KFC_v2,static,0.06369426751592357,0.041691965189232946
power,KFC_v2,static,0.06384592053381863,0.041691965189232946
power,KFC_v2,static,0.06399757355171368,0.041691965189232946
power,KFC_v2,static,0.06414922656960874,0.041691965189232946
power,KFC_v2,static,0.06430087958750379,0.041691965189232946
power,KFC_v2,static,0.06445253260539885,0.041691965189232946
power,KFC_v2,static,0.06460418562329391,0.041691965189232946
power,KFC_v2,static,0.06475583864118896,0.041691965189232946
power,KFC_v2,static,0.06490749165908402,0.041691965189232946
power,KFC_v2,static,0.06505914467697907,0.041691965189232946
power,KFC_v2,static,0.06521079769487413,0.041691965189232946
power,KFC_v2,static,0.06536245071276918,0.041691965189232946
power,KFC_v2,static,0.06551410373066424,0.041691965189232946
power,KFC_v2,static,0.0656657567485593,0.041691965189232946
power,KFC_v2,static,0.06581740976645435,0.041691965189232946
power,KFC_v2,static,0.06596906278434941,0.041691965189232946
power,KFC_v2,static,0.06612071580224446,0.041691965189232946
power,KFC_v2,static,0.06627236882013952,0.041691965189232946
power,KFC_v2,static,0.06642402183803459,0.041691965189232946
power,KFC_v2,static,0.06657567485592963,0.041691965189232946
power,KFC_v2,static,0.0667273278738247,0.041691965189232946
power,KFC_v2,static,0.06687898089171974,0.041691965189232946
power,KFC_v2,static,0.0670306339096148,0.041691965189232946
power,KFC_v2,static,0.06718228692750985,0.041691965189232946
power,KFC_v2,static,0.06733393994540492,0.041691965189232946
power,KFC_v2,static,0.06748559296329998,0.041691965189232946
power,KFC_v2,static,0.06763724598119503,0.041691965189232946
power,KFC_v2,static,0.06778889899909009,0.04148957700870269
power,KFC_v2,static,0.06794055201698514,0.04148957700870269
power,KFC_v2,static,0.0680922050348802,0.04148957700870269
power,KFC_v2,static,0.06824385805277525,0.04148957700870269
power,KFC_v2,static,0.06839551107067031,0.04148957700870269
power,KFC_v2,static,0.06854716408856537,0.04148957700870269
power,KFC_v2,static,0.06869881710646042,0.04148957700870269
power,KFC_v2,static,0.06885047012435548,0.04148957700870269
power,KFC_v2,static,0.06900212314225053,0.04148957700870269
power,KFC_v2,static,0.06915377616014559,0.04148957700870269
power,KFC_v2,static,0.06930542917804064,0.04148957700870269
power,KFC_v2,static,0.0694570821959357,0.04148957700870269
power,KFC_v2,static,0.06960873521383076,0.04148957700870269
power,KFC_v2,static,0.06976038823172581,0.04148957700870269
power,KFC_v2,static,0.06991204124962087,0.04148957700870269
power,KFC_v2,static,0.07006369426751592,0.04148957700870269
power,KFC_v2,static,0.07021534728541098,0.04148957700870269
power,KFC_v2,static,0.07036700030330603,0.04148957700870269
power,KFC_v2,static,0.0705186533212011,0.04148957700870269
power,KFC_v2,static,0.07067030633909616,0.04148957700870269
power,KFC_v2,static,0.0708219593569912,0.04148957700870269
power,KFC_v2,static,0.07097361237488627,0.04148957700870269
power,KFC_v2,static,0.07112526539278131,0.04148957700870269
power,KFC_v2,static,0.07127691841067638,0.04148957700870269
power,KFC_v2,static,0.07142857142857142,0.04148957700870269
power,KFC_v2,static,0.07158022444646649,0.04148957700870269
power,KFC_v2,static,0.07173187746436155,0.04148957700870269
power,KFC_v2,static,0.0718835304822566,0.04148957700870269
power,KFC_v2,static,0.07203518350015166,0.04148957700870269
power,KFC_v2,static,0.07218683651804671,0.04148957700870269
power,KFC_v2,static,0.07233848953594177,0.04148957700870269
power,KFC_v2,static,0.07249014255383682,0.04148957700870269
power,KFC_v2,static,0.07264179557173188,0.04148957700870269
power,KFC_v2,static,0.07279344858962694,0.04148957700870269
power,KFC_v2,static,0.07294510160752199,0.04148957700870269
power,KFC_v2,static,0.07309675462541705,0.04148957700870269
power,KFC_v2,static,0.0732484076433121,0.04148957700870269
power,KFC_v2,static,0.07340006066120716,0.04148957700870269
power,KFC_v2,static,0.07355171367910221,0.04148957700870269
power,KFC_v2,static,0.07370336669699727,0.04148957700870269
power,KFC_v2,static,0.07385501971489233,0.04148957700870269
power,KFC_v2,static,0.07400667273278738,0.04148957700870269
power,KFC_v2,static,0.07415832575068244,0.04148957700870269
power,KFC_v2,static,0.07430997876857749,0.04148957700870269
power,KFC_v2,static,0.07446163178647255,0.04148957700870269
power,KFC_v2,static,0.07461328480436762,0.04148957700870269
power,KFC_v2,static,0.07476493782226266,0.04148957700870269
power,KFC_v2,static,0.07491659084015773,0.04148957700870269
power,KFC_v2,static,0.07506824385805277,0.04148957700870269
power,KFC_v2,static,0.07521989687594784,0.04148957700870269
power,KFC_v2,static,0.07537154989384288,0.04148957700870269
power,KFC_v2,static,0.07552320291173795,0.04148957700870269
power,KFC_v2,static,0.07567485592963301,0.04148957700870269
power,KFC_v2,static,0.07582650894752806,0.04148957700870269
power,KFC_v2,static,0.07597816196542312,0.04148957700870269
power,KFC_v2,static,0.07612981498331817,0.04148957700870269
power,KFC_v2,static,0.07628146800121323,0.04148957700870269
power,KFC_v2,static,0.07643312101910828,0.04148957700870269
power,KFC_v2,static,0.07658477403700334,0.04148957700870269
power,KFC_v2,static,0.0767364270548984,0.04148957700870269
power,KFC_v2,static,0.07688808007279345,0.04148957700870269
power,KFC_v2,static,0.07703973309068851,0.04148957700870269
power,KFC_v2,static,0.07719138610858356,0.04148957700870269
power,KFC_v2,static,0.07734303912647862,0.04148957700870269
power,KFC_v2,static,0.07749469214437367,0.04148957700870269
power,KFC_v2,static,0.07764634516226873,0.04148957700870269
power,KFC_v2,static,0.0777979981801638,0.04148957700870269
power,KFC_v2,static,0.07794965119805884,0.04148957700870269
power,KFC_v2,static,0.0781013042159539,0.04148957700870269
power,KFC_v2,static,0.07825295723384895,0.04148957700870269
power,KFC_v2,static,0.07840461025174401,0.04148957700870269
power,KFC_v2,static,0.07855626326963906,0.04148957700870269
power,KFC_v2,static,0.07870791628753412,0.04148957700870269
power,KFC_v2,static,0.07885956930542919,0.04148957700870269
power,KFC_v2,static,0.07901122232332423,0.04148957700870269
power,KFC_v2,static,0.0791628753412193,0.04148957700870269
power,KFC_v2,static,0.07931452835911434,0.04148957700870269
power,KFC_v2,static,0.0794661813770094,0.04148957700870269
power,KFC_v2,static,0.07961783439490445,0.04148957700870269
power,KFC_v2,static,0.07976948741279952,0.04148957700870269
power,KFC_v2,static,0.07992114043069458,0.04148957700870269
power,KFC_v2,static,0.08007279344858963,0.04148957700870269
power,KFC_v2,static,0.08022444646648469,0.04148957700870269
power,KFC_v2,static,0.08037609948437974,0.04148957700870269
power,KFC_v2,static,0.0805277525022748,0.04148957700870269
power,KFC_v2,static,0.08067940552016985,0.04148957700870269
power,KFC_v2,static,0.08083105853806491,0.04148957700870269
power,KFC_v2,static,0.08098271155595997,0.04148957700870269
power,KFC_v2,static,0.08113436457385502,0.04148957700870269
power,KFC_v2,static,0.08128601759175008,0.04148957700870269
power,KFC_v2,static,0.08143767060964513,0.04148957700870269
power,KFC_v2,static,0.08158932362754019,0.04148957700870269
power,KFC_v2,static,0.08174097664543525,0.04148957700870269
power,KFC_v2,static,0.0818926296633303,0.04148957700870269
power,KFC_v2,static,0.08204428268122536,0.04148957700870269
power,KFC_v2,static,0.08219593569912041,0.04148957700870269
power,KFC_v2,static,0.08234758871701547,0.04148957700870269
power,KFC_v2,static,0.08249924173491052,0.04148957700870269
power,KFC_v2,static,0.08265089475280558,0.04148957700870269
power,KFC_v2,static,0.08280254777070065,0.04148957700870269
power,KFC_v2,static,0.0829542007885957,0.04148957700870269
power,KFC_v2,static,0.08310585380649076,0.04148957700870269
power,KFC_v2,static,0.0832575068243858,0.04148957700870269
power,KFC_v2,static,0.08340915984228087,0.04148957700870269
power,KFC_v2,static,0.08356081286017591,0.04148957700870269
power,KFC_v2,static,0.08371246587807098,0.04148957700870269
power,KFC_v2,static,0.08386411889596604,0.04148957700870269
power,KFC_v2,static,0.08401577191386109,0.04148957700870269
power,KFC_v2,static,0.08416742493175615,0.04148957700870269
power,KFC_v2,static,0.0843190779496512,0.04148957700870269
power,KFC_v2,static,0.08447073096754626,0.04148957700870269
power,KFC_v2,static,0.08462238398544131,0.04148957700870269
power,KFC_v2,static,0.08477403700333637,0.04148957700870269
power,KFC_v2,static,0.08492569002123143,0.04148957700870269
power,KFC_v2,static,0.08507734303912648,0.04148957700870269
power,KFC_v2,static,0.08522899605702154,0.04148957700870269
power,KFC_v2,static,0.08538064907491659,0.04148957700870269
power,KFC_v2,static,0.08553230209281165,0.04148957700870269
power,KFC_v2,static,0.0856839551107067,0.04148957700870269
power,KFC_v2,static,0.08583560812860176,0.04148957700870269
power,KFC_v2,static,0.08598726114649682,0.04148957700870269
power,KFC_v2,static,0.08613891416439187,0.04148957700870269
power,KFC_v2,static,0.08629056718228693,0.04148957700870269
power,KFC_v2,static,0.08644222020018198,0.04148957700870269
power,KFC_v2,static,0.08659387321807704,0.04148957700870269
power,KFC_v2,static,0.08674552623597209,0.04148957700870269
power,KFC_v2,static,0.08689717925386715,0.04148957700870269
power,KFC_v2,static,0.08704883227176222,0.04148957700870269
power,KFC_v2,static,0.08720048528965726,0.04148957700870269
power,KFC_v2,static,0.08735213830755233,0.04148957700870269
power,KFC_v2,static,0.08750379132544737,0.04148957700870269
power,KFC_v2,static,0.08765544434334244,0.04148957700870269
power,KFC_v2,static,0.08780709736123748,0.04148957700870269
power,KFC_v2,static,0.08795875037913255,0.04148957700870269
power,KFC_v2,static,0.08811040339702761,0.04148957700870269
power,KFC_v2,static,0.08826205641492266,0.04148957700870269
power,KFC_v2,static,0.08841370943281772,0.04148957700870269
power,KFC_v2,static,0.08856536245071277,0.04148957700870269
power,KFC_v2,static,0.08871701546860783,0.04148957700870269
power,KFC_v2,static,0.08886866848650288,0.04148957700870269
power,KFC_v2,static,0.08902032150439794,0.04148957700870269
power,KFC_v2,static,0.089171974522293,0.04148957700870269
power,KFC_v2,static,0.08932362754018805,0.04148957700870269
power,KFC_v2,static,0.08947528055808311,0.04148957700870269
power,KFC_v2,static,0.08962693357597816,0.04148957700870269
power,KFC_v2,static,0.08977858659387322,0.04148957700870269
power,KFC_v2,static,0.08993023961176828,0.04148957700870269
power,KFC_v2,static,0.09008189262966333,0.04148957700870269
power,KFC_v2,static,0.0902335456475584,0.04148957700870269
power,KFC_v2,static,0.09038519866545344,0.04148957700870269
power,KFC_v2,static,0.0905368516833485,0.04148957700870269
power,KFC_v2,static,0.09068850470124355,0.04148957700870269
power,KFC_v2,static,0.09084015771913861,0.04148957700870269
power,KFC_v2,static,0.09099181073703368,0.04148957700870269
power,KFC_v2,static,0.09114346375492872,0.04148957700870269
power,KFC_v2,static,0.09129511677282379,0.04148957700870269
power,KFC_v2,static,0.09144676979071883,0.04148957700870269
power,KFC_v2,static,0.0915984228086139,0.04148957700870269
power,KFC_v2,static,0.09175007582650894,0.04148957700870269
power,KFC_v2,static,0.09190172884440401,0.04148957700870269
power,KFC_v2,static,0.09205338186229907,0.04148957700870269
power,KFC_v2,static,0.09220503488019412,0.04148957700870269
power,KFC_v2,static,0.09235668789808918,0.04148957700870269
power,KFC_v2,static,0.09250834091598423,0.04148957700870269
power,KFC_v2,static,0.09265999393387929,0.04148957700870269
power,KFC_v2,static,0.09281164695177434,0.04148957700870269
power,KFC_v2,static,0.0929632999696694,0.04148957700870269
power,KFC_v2,static,0.09311495298756446,0.04148957700870269
power,KFC_v2,static,0.09326660600545951,0.04148957700870269
power,KFC_v2,static,0.09341825902335457,0.04148957700870269
power,KFC_v2,static,0.09356991204124962,0.04148957700870269
power,KFC_v2,static,0.09372156505914468,0.04148957700870269
power,KFC_v2,static,0.09387321807703973,0.04148957700870269
power,KFC_v2,static,0.09402487109493479,0.04148957700870269
power,KFC_v2,static,0.09417652411282985,0.04148957700870269
power,KFC_v2,static,0.0943281771307249,0.04148957700870269
power,KFC_v2,static,0.09447983014861996,0.04148957700870269
power,KFC_v2,static,0.09463148316651501,0.04148957700870269
power,KFC_v2,static,0.09478313618441007,0.04148957700870269
power,KFC_v2,static,0.09493478920230512,0.04148957700870269
power,KFC_v2,static,0.09508644222020018,0.04148957700870269
power,KFC_v2,static,0.09523809523809525,0.04148957700870269
power,KFC_v2,static,0.0953897482559903,0.04148957700870269
power,KFC_v2,static,0.09554140127388536,0.04148957700870269
power,KFC_v2,static,0.0956930542917804,0.04148957700870269
power,KFC_v2,static,0.09584470730967547,0.04148957700870269
power,KFC_v2,static,0.09599636032757052,0.04148957700870269
power,KFC_v2,static,0.09614801334546558,0.04148957700870269
power,KFC_v2,static,0.09629966636336064,0.04148957700870269
power,KFC_v2,static,0.09645131938125569,0.04148957700870269
power,KFC_v2,static,0.09660297239915075,0.04148957700870269
power,KFC_v2,static,0.0967546254170458,0.04148957700870269
power,KFC_v2,static,0.09690627843494086,0.04148957700870269
power,KFC_v2,static,0.09705793145283592,0.04148957700870269
power,KFC_v2,static,0.09720958447073097,0.04148957700870269
power,KFC_v2,static,0.09736123748862603,0.04148957700870269
power,KFC_v2,static,0.09751289050652108,0.04148957700870269
power,KFC_v2,static,0.09766454352441614,0.04148957700870269
power,KFC_v2,static,0.09781619654231119,0.04148957700870269
power,KFC_v2,static,0.09796784956020625,0.04148957700870269
power,KFC_v2,static,0.09811950257810131,0.04148957700870269
power,KFC_v2,static,0.09827115559599636,0.04148957700870269
power,KFC_v2,static,0.09842280861389142,0.04148957700870269
power,KFC_v2,static,0.09857446163178647,0.04148957700870269
power,KFC_v2,static,0.09872611464968153,0.04148957700870269
power,KFC_v2,static,0.09887776766757658,0.04148957700870269
power,KFC_v2,static,0.09902942068547164,0.04148957700870269
power,KFC_v2,static,0.0991810737033667,0.04148957700870269
power,KFC_v2,static,0.09933272672126175,0.04148957700870269
power,KFC_v2,static,0.09948437973915682,0.04148957700870269
power,KFC_v2,static,0.09963603275705187,0.04148957700870269
power,KFC_v2,static,0.09978768577494693,0.04148957700870269
power,KFC_v2,static,0.09993933879284198,0.04148957700870269
power,KFC_v2,static,0.10009099181073704,0.04148957700870269
power,KFC_v2,static,0.1002426448286321,0.04148957700870269
power,KFC_v2,static,0.10039429784652715,0.04148957700870269
power,KFC_v2,static,0.10054595086442221,0.04148957700870269
power,KFC_v2,static,0.10069760388231726,0.04148957700870269
power,KFC_v2,static,0.10084925690021232,0.04148957700870269
power,KFC_v2,static,0.10100090991810737,0.04148957700870269
power,KFC_v2,static,0.10115256293600243,0.04148957700870269
power,KFC_v2,static,0.10130421595389749,0.04148957700870269
power,KFC_v2,static,0.10145586897179254,0.04148957700870269
power,KFC_v2,static,0.1016075219896876,0.04148957700870269
power,KFC_v2,static,0.10175917500758265,0.04148957700870269
power,KFC_v2,static,0.10191082802547771,0.04148957700870269
power,KFC_v2,static,0.10206248104337276,0.04148957700870269
power,KFC_v2,static,0.10221413406126782,0.04148957700870269
power,KFC_v2,static,0.10236578707916288,0.04148957700870269
power,KFC_v2,static,0.10251744009705793,0.04148957700870269
power,KFC_v2,static,0.102669093114953,0.04148957700870269
power,KFC_v2,static,0.10282074613284804,0.04148957700870269
power,KFC_v2,static,0.1029723991507431,0.04148957700870269
power,KFC_v2,static,0.10312405216863815,0.04148957700870269
power,KFC_v2,static,0.10327570518653321,0.04148957700870269
power,KFC_v2,static,0.10342735820442828,0.04148957700870269
power,KFC_v2,static,0.10357901122232333,0.04148957700870269
power,KFC_v2,static,0.10373066424021839,0.04148957700870269
power,KFC_v2,static,0.10388231725811344,0.04148957700870269
power,KFC_v2,static,0.1040339702760085,0.04148957700870269
power,KFC_v2,static,0.10418562329390355,0.04148957700870269
power,KFC_v2,static,0.10433727631179861,0.04148957700870269
power,KFC_v2,static,0.10448892932969367,0.04148957700870269
power,KFC_v2,static,0.10464058234758872,0.04148957700870269
power,KFC_v2,static,0.10479223536548378,0.04148957700870269
power,KFC_v2,static,0.10494388838337883,0.04148957700870269
power,KFC_v2,static,0.10509554140127389,0.04148957700870269
power,KFC_v2,static,0.10524719441916895,0.04148957700870269
power,KFC_v2,static,0.105398847437064,0.04148957700870269
power,KFC_v2,static,0.10555050045495906,0.04148957700870269
power,KFC_v2,static,0.10570215347285411,0.04148957700870269
power,KFC_v2,static,0.10585380649074917,0.04148957700870269
power,KFC_v2,static,0.10600545950864422,0.04148957700870269
power,KFC_v2,static,0.10615711252653928,0.04148957700870269
power,KFC_v2,static,0.10630876554443434,0.04148957700870269
power,KFC_v2,static,0.10646041856232939,0.04148957700870269
power,KFC_v2,static,0.10661207158022445,0.04148957700870269
power,KFC_v2,static,0.1067637245981195,0.04148957700870269
power,KFC_v2,static,0.10691537761601456,0.04148957700870269
power,KFC_v2,static,0.10706703063390961,0.04148957700870269
power,KFC_v2,static,0.10721868365180467,0.04148957700870269
power,KFC_v2,static,0.10737033666969974,0.04148957700870269
power,KFC_v2,static,0.10752198968759479,0.04148957700870269
power,KFC_v2,static,0.10767364270548985,0.04148957700870269
power,KFC_v2,static,0.1078252957233849,0.04148957700870269
power,KFC_v2,static,0.10797694874127996,0.04148957700870269
power,KFC_v2,static,0.108128601759175,0.04148957700870269
power,KFC_v2,static,0.10828025477707007,0.04148957700870269
power,KFC_v2,static,0.10843190779496513,0.04148957700870269
power,KFC_v2,static,0.10858356081286018,0.04148957700870269
power,KFC_v2,static,0.10873521383075524,0.04148957700870269
power,KFC_v2,static,0.10888686684865029,0.04148957700870269
power,KFC_v2,static,0.10903851986654535,0.04148957700870269
power,KFC_v2,static,0.1091901728844404,0.04148957700870269
power,KFC_v2,static,0.10934182590233546,0.04148957700870269
power,KFC_v2,static,0.10949347892023052,0.04148957700870269
power,KFC_v2,static,0.10964513193812557,0.04148957700870269
power,KFC_v2,static,0.10979678495602063,0.04148957700870269
power,KFC_v2,static,0.10994843797391568,0.04148957700870269
power,KFC_v2,static,0.11010009099181074,0.04148957700870269
power,KFC_v2,static,0.11025174400970579,0.04148957700870269
power,KFC_v2,static,0.11040339702760085,0.04148957700870269
power,KFC_v2,static,0.11055505004549591,0.04148957700870269
power,KFC_v2,static,0.11070670306339096,0.04148957700870269
power,KFC_v2,static,0.11085835608128602,0.04148957700870269
power,KFC_v2,static,0.11101000909918107,0.04148957700870269
power,KFC_v2,static,0.11116166211707613,0.04148957700870269
power,KFC_v2,static,0.11131331513497118,0.04148957700870269
power,KFC_v2,static,0.11146496815286625,0.04148957700870269
power,KFC_v2,static,0.11161662117076131,0.04148957700870269
power,KFC_v2,static,0.11176827418865636,0.04148957700870269
power,KFC_v2,static,0.11191992720655142,0.04148957700870269
power,KFC_v2,static,0.11207158022444647,0.04148957700870269
power,KFC_v2,static,0.11222323324234153,0.04148957700870269
power,KFC_v2,static,0.11237488626023658,0.04148957700870269
power,KFC_v2,static,0.11252653927813164,0.04148957700870269
power,KFC_v2,static,0.1126781922960267,0.04148957700870269
power,KFC_v2,static,0.11282984531392175,0.04148957700870269
power,KFC_v2,static,0.11298149833181681,0.04148957700870269
power,KFC_v2,static,0.11313315134971186,0.04148957700870269
power,KFC_v2,static,0.11328480436760692,0.04148957700870269
power,KFC_v2,static,0.11343645738550198,0.04148957700870269
power,KFC_v2,static,0.11358811040339703,0.04148957700870269
power,KFC_v2,static,0.11373976342129209,0.04148957700870269
power,KFC_v2,static,0.11389141643918714,0.04148957700870269
power,KFC_v2,static,0.1140430694570822,0.04148957700870269
power,KFC_v2,static,0.11419472247497725,0.04148957700870269
power,KFC_v2,static,0.11434637549287231,0.04148957700870269
power,KFC_v2,static,0.11449802851076737,0.04148957700870269
power,KFC_v2,static,0.11464968152866242,0.04148957700870269
power,KFC_v2,static,0.11480133454655748,0.04148957700870269
power,KFC_v2,static,0.11495298756445253,0.04148957700870269
power,KFC_v2,static,0.1151046405823476,0.04148957700870269
power,KFC_v2,static,0.11525629360024264,0.04148957700870269
power,KFC_v2,static,0.1154079466181377,0.04148957700870269
power,KFC_v2,static,0.11555959963603277,0.04148957700870269
power,KFC_v2,static,0.11571125265392782,0.04148957700870269
power,KFC_v2,static,0.11586290567182288,0.04148957700870269
power,KFC_v2,static,0.11601455868971793,0.04148957700870269
power,KFC_v2,static,0.11616621170761299,0.04148957700870269
power,KFC_v2,static,0.11631786472550804,0.04148957700870269
power,KFC_v2,static,0.1164695177434031,0.04148957700870269
power,KFC_v2,static,0.11662117076129816,0.04148957700870269
power,KFC_v2,static,0.11677282377919321,0.04148957700870269
power,KFC_v2,static,0.11692447679708827,0.04148957700870269
power,KFC_v2,static,0.11707612981498332,0.04148957700870269
power,KFC_v2,static,0.11722778283287838,0.04148957700870269
power,KFC_v2,static,0.11737943585077343,0.04148957700870269
power,KFC_v2,static,0.11753108886866849,0.04148957700870269
power,KFC_v2,static,0.11768274188656355,0.04148957700870269
power,KFC_v2,static,0.1178343949044586,0.04148957700870269
power,KFC_v2,static,0.11798604792235366,0.04148957700870269
power,KFC_v2,static,0.11813770094024871,0.04148957700870269
power,KFC_v2,static,0.11828935395814377,0.04148957700870269
power,KFC_v2,static,0.11844100697603882,0.04148957700870269
power,KFC_v2,static,0.11859265999393388,0.04148957700870269
power,KFC_v2,static,0.11874431301182894,0.04148957700870269
power,KFC_v2,static,0.11889596602972399,0.04148957700870269
power,KFC_v2,static,0.11904761904761905,0.04148957700870269
power,KFC_v2,static,0.1191992720655141,0.04148957700870269
power,KFC_v2,static,0.11935092508340917,0.04148957700870269
power,KFC_v2,static,0.11950257810130421,0.04148957700870269
power,KFC_v2,static,0.11965423111919928,0.04148957700870269
power,KFC_v2,static,0.11980588413709434,0.04148957700870269
power,KFC_v2,static,0.11995753715498939,0.04148957700870269
power,KFC_v2,static,0.12010919017288445,0.04148957700870269
power,KFC_v2,static,0.1202608431907795,0.04148957700870269
power,KFC_v2,static,0.12041249620867456,0.04148957700870269
power,KFC_v2,static,0.12056414922656962,0.04148957700870269
power,KFC_v2,static,0.12071580224446467,0.04148957700870269
power,KFC_v2,static,0.12086745526235973,0.04148957700870269
power,KFC_v2,static,0.12101910828025478,0.04148957700870269
power,KFC_v2,static,0.12117076129814984,0.04148957700870269
power,KFC_v2,static,0.12132241431604489,0.04148957700870269
power,KFC_v2,static,0.12147406733393995,0.04148957700870269
power,KFC_v2,static,0.12162572035183501,0.04148957700870269
power,KFC_v2,static,0.12177737336973006,0.04148957700870269
power,KFC_v2,static,0.12192902638762512,0.04148957700870269
power,KFC_v2,static,0.12208067940552017,0.04148957700870269
power,KFC_v2,static,0.12223233242341523,0.04148957700870269
power,KFC_v2,static,0.12238398544131028,0.04148957700870269
power,KFC_v2,static,0.12253563845920534,0.04148957700870269
power,KFC_v2,static,0.1226872914771004,0.04148957700870269
power,KFC_v2,static,0.12283894449499545,0.04148957700870269
power,KFC_v2,static,0.12299059751289051,0.04148957700870269
power,KFC_v2,static,0.12314225053078556,0.04148957700870269
power,KFC_v2,static,0.12329390354868063,0.04148957700870269
power,KFC_v2,static,0.12344555656657567,0.04148957700870269
power,KFC_v2,static,0.12359720958447074,0.04148957700870269
power,KFC_v2,static,0.1237488626023658,0.04148957700870269
power,KFC_v2,static,0.12390051562026085,0.04148957700870269
power,KFC_v2,static,0.12405216863815591,0.04148957700870269
power,KFC_v2,static,0.12420382165605096,0.04148957700870269
power,KFC_v2,static,0.12435547467394602,0.04148957700870269
power,KFC_v2,static,0.12450712769184107,0.04148957700870269
power,KFC_v2,static,0.12465878070973613,0.04148957700870269
power,KFC_v2,static,0.12481043372763119,0.04148957700870269
power,KFC_v2,static,0.12496208674552624,0.04148957700870269
power,KFC_v2,static,0.1251137397634213,0.04148957700870269
power,KFC_v2,static,0.12526539278131635,0.04148957700870269
power,KFC_v2,static,0.1254170457992114,0.04148957700870269
power,KFC_v2,static,0.12556869881710647,0.04148957700870269
power,KFC_v2,static,0.12572035183500152,0.04148957700870269
power,KFC_v2,static,0.12587200485289657,0.04148957700870269
power,KFC_v2,static,0.12602365787079164,0.04148957700870269
power,KFC_v2,static,0.1261753108886867,0.04148957700870269
power,KFC_v2,static,0.12632696390658174,0.04148957700870269
power,KFC_v2,static,0.1264786169244768,0.04148957700870269
power,KFC_v2,static,0.12663026994237186,0.04148957700870269
power,KFC_v2,static,0.1267819229602669,0.04148957700870269
power,KFC_v2,static,0.12693357597816196,0.04148957700870269
power,KFC_v2,static,0.12708522899605704,0.04148957700870269
power,KFC_v2,static,0.12723688201395209,0.04148957700870269
power,KFC_v2,static,0.12738853503184713,0.04148957700870269
power,KFC_v2,static,0.12754018804974218,0.04148957700870269
power,KFC_v2,static,0.12769184106763726,0.04148957700870269
power,KFC_v2,static,0.1278434940855323,0.04148957700870269
power,KFC_v2,static,0.12799514710342735,0.04148957700870269
power,KFC_v2,static,0.12814680012132243,0.04148957700870269
power,KFC_v2,static,0.12829845313921748,0.04148957700870269
power,KFC_v2,static,0.12845010615711253,0.04148957700870269
power,KFC_v2,static,0.12860175917500757,0.04148957700870269
power,KFC_v2,static,0.12875341219290265,0.04148957700870269
power,KFC_v2,static,0.1289050652107977,0.04148957700870269
power,KFC_v2,static,0.12905671822869275,0.04148957700870269
power,KFC_v2,static,0.12920837124658782,0.04148957700870269
power,KFC_v2,static,0.12936002426448287,0.04148957700870269
power,KFC_v2,static,0.12951167728237792,0.04148957700870269
power,KFC_v2,static,0.12966333030027297,0.04148957700870269
power,KFC_v2,static,0.12981498331816804,0.04148957700870269
power,KFC_v2,static,0.1299666363360631,0.04148957700870269
power,KFC_v2,static,0.13011828935395814,0.04148957700870269
power,KFC_v2,static,0.13026994237185321,0.04148957700870269
power,KFC_v2,static,0.13042159538974826,0.04148957700870269
power,KFC_v2,static,0.1305732484076433,0.04148957700870269
power,KFC_v2,static,0.13072490142553836,0.04148957700870269
power,KFC_v2,static,0.13087655444343343,0.04148957700870269
power,KFC_v2,static,0.13102820746132848,0.04148957700870269
power,KFC_v2,static,0.13117986047922353,0.04148957700870269
power,KFC_v2,static,0.1313315134971186,0.04148957700870269
power,KFC_v2,static,0.13148316651501366,0.04148957700870269
power,KFC_v2,static,0.1316348195329087,0.04148957700870269
power,KFC_v2,static,0.13178647255080375,0.04148957700870269
power,KFC_v2,static,0.13193812556869883,0.04148957700870269
power,KFC_v2,static,0.13208977858659388,0.04148957700870269
power,KFC_v2,static,0.13224143160448892,0.04148957700870269
power,KFC_v2,static,0.132393084622384,0.04148957700870269
power,KFC_v2,static,0.13254473764027905,0.04148957700870269
power,KFC_v2,static,0.1326963906581741,0.04148957700870269
power,KFC_v2,static,0.13284804367606917,0.04148957700870269
power,KFC_v2,static,0.13299969669396422,0.04148957700870269
power,KFC_v2,static,0.13315134971185927,0.04148957700870269
power,KFC_v2,static,0.13330300272975432,0.04148957700870269
power,KFC_v2,static,0.1334546557476494,0.04148957700870269
power,KFC_v2,static,0.13360630876554444,0.04148957700870269
power,KFC_v2,static,0.1337579617834395,0.04148957700870269
power,KFC_v2,static,0.13390961480133456,0.04148957700870269
power,KFC_v2,static,0.1340612678192296,0.04148957700870269
power,KFC_v2,static,0.13421292083712466,0.04148957700870269
power,KFC_v2,static,0.1343645738550197,0.04148957700870269
power,KFC_v2,static,0.13451622687291478,0.04148957700870269
power,KFC_v2,static,0.13466787989080983,0.04148957700870269
power,KFC_v2,static,0.13481953290870488,0.04148957700870269
power,KFC_v2,static,0.13497118592659996,0.04148957700870269
power,KFC_v2,static,0.135122838944495,0.04148957700870269
power,KFC_v2,static,0.13527449196239005,0.04148957700870269
power,KFC_v2,static,0.1354261449802851,0.04148957700870269
power,KFC_v2,static,0.13557779799818018,0.04148957700870269
power,KFC_v2,static,0.13572945101607523,0.04148957700870269
power,KFC_v2,static,0.13588110403397027,0.04148957700870269
power,KFC_v2,static,0.13603275705186535,0.04148957700870269
power,KFC_v2,static,0.1361844100697604,0.04148957700870269
power,KFC_v2,static,0.13633606308765545,0.04148957700870269
power,KFC_v2,static,0.1364877161055505,0.04148957700870269
power,KFC_v2,static,0.13663936912344557,0.04148957700870269
power,KFC_v2,static,0.13679102214134062,0.04148957700870269
power,KFC_v2,static,0.13694267515923567,0.04148957700870269
power,KFC_v2,static,0.13709432817713074,0.04148957700870269
power,KFC_v2,static,0.1372459811950258,0.04148957700870269
power,KFC_v2,static,0.13739763421292084,0.04148957700870269
power,KFC_v2,static,0.1375492872308159,0.04148957700870269
power,KFC_v2,static,0.13770094024871096,0.04148957700870269
power,KFC_v2,static,0.137852593266606,0.04148957700870269
power,KFC_v2,static,0.13800424628450106,0.04148957700870269
power,KFC_v2,static,0.13815589930239613,0.04148957700870269
power,KFC_v2,static,0.13830755232029118,0.04148957700870269
power,KFC_v2,static,0.13845920533818623,0.04148957700870269
power,KFC_v2,static,0.13861085835608128,0.04148957700870269
power,KFC_v2,static,0.13876251137397635,0.04148957700870269
power,KFC_v2,static,0.1389141643918714,0.04148957700870269
power,KFC_v2,static,0.13906581740976645,0.04148957700870269
power,KFC_v2,static,0.13921747042766153,0.04148957700870269
power,KFC_v2,static,0.13936912344555658,0.04148957700870269
power,KFC_v2,static,0.13952077646345162,0.04148957700870269
power,KFC_v2,static,0.13967242948134667,0.04148957700870269
power,KFC_v2,static,0.13982408249924175,0.04148957700870269
power,KFC_v2,static,0.1399757355171368,0.04148957700870269
power,KFC_v2,static,0.14012738853503184,0.04148957700870269
power,KFC_v2,static,0.14027904155292692,0.04148957700870269
power,KFC_v2,static,0.14043069457082197,0.04148957700870269
power,KFC_v2,static,0.14058234758871702,0.04148957700870269
power,KFC_v2,static,0.14073400060661206,0.04148957700870269
power,KFC_v2,static,0.14088565362450714,0.04148957700870269
power,KFC_v2,static,0.1410373066424022,0.04148957700870269
power,KFC_v2,static,0.14118895966029724,0.04148957700870269
power,KFC_v2,static,0.1413406126781923,0.04148957700870269
power,KFC_v2,static,0.14149226569608736,0.04148957700870269
power,KFC_v2,static,0.1416439187139824,0.04148957700870269
power,KFC_v2,static,0.14179557173187746,0.04148957700870269
power,KFC_v2,static,0.14194722474977253,0.04148957700870269
power,KFC_v2,static,0.14209887776766758,0.04148957700870269
power,KFC_v2,static,0.14225053078556263,0.04148957700870269
power,KFC_v2,static,0.1424021838034577,0.04148957700870269
power,KFC_v2,static,0.14255383682135275,0.04148957700870269
power,KFC_v2,static,0.1427054898392478,0.04148957700870269
power,KFC_v2,static,0.14285714285714285,0.04148957700870269
power,KFC_v2,static,0.14300879587503793,0.04148957700870269
power,KFC_v2,static,0.14316044889293297,0.04148957700870269
power,KFC_v2,static,0.14331210191082802,0.04148957700870269
power,KFC_v2,static,0.1434637549287231,0.04148957700870269
power,KFC_v2,static,0.14361540794661815,0.04148957700870269
power,KFC_v2,static,0.1437670609645132,0.04148957700870269
power,KFC_v2,static,0.14391871398240824,0.04148957700870269
power,KFC_v2,static,0.14407036700030332,0.04148957700870269
power,KFC_v2,static,0.14422202001819837,0.04148957700870269
power,KFC_v2,static,0.14437367303609341,0.04148957700870269
power,KFC_v2,static,0.1445253260539885,0.04148957700870269
power,KFC_v2,static,0.14467697907188354,0.04148957700870269
power,KFC_v2,static,0.1448286320897786,0.04148957700870269
power,KFC_v2,static,0.14498028510767363,0.04148957700870269
power,KFC_v2,static,0.1451319381255687,0.04148957700870269
power,KFC_v2,static,0.14528359114346376,0.041287188828172436
power,KFC_v2,static,0.1454352441613588,0.041287188828172436
power,KFC_v2,static,0.14558689717925388,0.041287188828172436
power,KFC_v2,static,0.14573855019714893,0.041287188828172436
power,KFC_v2,static,0.14589020321504398,0.041287188828172436
power,KFC_v2,static,0.14604185623293903,0.041287188828172436
power,KFC_v2,static,0.1461935092508341,0.041287188828172436
power,KFC_v2,static,0.14634516226872915,0.041287188828172436
power,KFC_v2,static,0.1464968152866242,0.041287188828172436
power,KFC_v2,static,0.14664846830451927,0.041287188828172436
power,KFC_v2,static,0.14680012132241432,0.041287188828172436
power,KFC_v2,static,0.14695177434030937,0.041287188828172436
power,KFC_v2,static,0.14710342735820442,0.041287188828172436
power,KFC_v2,static,0.1472550803760995,0.041287188828172436
power,KFC_v2,static,0.14740673339399454,0.041287188828172436
power,KFC_v2,static,0.1475583864118896,0.041287188828172436
power,KFC_v2,static,0.14771003942978467,0.041287188828172436
power,KFC_v2,static,0.14786169244767972,0.041287188828172436
power,KFC_v2,static,0.14801334546557476,0.041287188828172436
power,KFC_v2,static,0.14816499848346984,0.041287188828172436
power,KFC_v2,static,0.1483166515013649,0.041287188828172436
power,KFC_v2,static,0.14846830451925994,0.041287188828172436
power,KFC_v2,static,0.14861995753715498,0.041287188828172436
power,KFC_v2,static,0.14877161055505006,0.041287188828172436
power,KFC_v2,static,0.1489232635729451,0.041287188828172436
power,KFC_v2,static,0.14907491659084016,0.041287188828172436
power,KFC_v2,static,0.14922656960873523,0.041287188828172436
power,KFC_v2,static,0.14937822262663028,0.041287188828172436
power,KFC_v2,static,0.14952987564452533,0.041287188828172436
power,KFC_v2,static,0.14968152866242038,0.041287188828172436
power,KFC_v2,static,0.14983318168031545,0.041287188828172436
power,KFC_v2,static,0.1499848346982105,0.041287188828172436
power,KFC_v2,static,0.15013648771610555,0.041287188828172436
power,KFC_v2,static,0.15028814073400062,0.041287188828172436
power,KFC_v2,static,0.15043979375189567,0.041287188828172436
power,KFC_v2,static,0.15059144676979072,0.041287188828172436
power,KFC_v2,static,0.15074309978768577,0.041287188828172436
power,KFC_v2,static,0.15089475280558085,0.041287188828172436
power,KFC_v2,static,0.1510464058234759,0.041287188828172436
power,KFC_v2,static,0.15119805884137094,0.041287188828172436
power,KFC_v2,static,0.15134971185926602,0.041287188828172436
power,KFC_v2,static,0.15150136487716107,0.041287188828172436
power,KFC_v2,static,0.1516530178950561,0.041287188828172436
power,KFC_v2,static,0.15180467091295116,0.041287188828172436
power,KFC_v2,static,0.15195632393084624,0.041287188828172436
power,KFC_v2,static,0.15210797694874129,0.041287188828172436
power,KFC_v2,static,0.15225962996663633,0.041287188828172436
power,KFC_v2,static,0.1524112829845314,0.041287188828172436
power,KFC_v2,static,0.15256293600242646,0.041287188828172436
power,KFC_v2,static,0.1527145890203215,0.041287188828172436
power,KFC_v2,static,0.15286624203821655,0.041287188828172436
power,KFC_v2,static,0.15301789505611163,0.041287188828172436
power,KFC_v2,static,0.15316954807400668,0.041287188828172436
power,KFC_v2,static,0.15332120109190173,0.041287188828172436
power,KFC_v2,static,0.1534728541097968,0.041287188828172436
power,KFC_v2,static,0.15362450712769185,0.041287188828172436
power,KFC_v2,static,0.1537761601455869,0.039870471564460636
power,KFC_v2,static,0.15392781316348195,0.039870471564460636
power,KFC_v2,static,0.15407946618137702,0.039870471564460636
power,KFC_v2,static,0.15423111919927207,0.039870471564460636
power,KFC_v2,static,0.15438277221716712,0.039870471564460636
power,KFC_v2,static,0.1545344252350622,0.039870471564460636
power,KFC_v2,static,0.15468607825295724,0.039870471564460636
power,KFC_v2,static,0.1548377312708523,0.039870471564460636
power,KFC_v2,static,0.15498938428874734,0.039870471564460636
power,KFC_v2,static,0.15514103730664242,0.039870471564460636
power,KFC_v2,static,0.15529269032453746,0.039870471564460636
power,KFC_v2,static,0.1554443433424325,0.039870471564460636
power,KFC_v2,static,0.1555959963603276,0.039870471564460636
power,KFC_v2,static,0.15574764937822264,0.039870471564460636
power,KFC_v2,static,0.15589930239611768,0.039870471564460636
power,KFC_v2,static,0.15605095541401273,0.039870471564460636
power,KFC_v2,static,0.1562026084319078,0.039870471564460636
power,KFC_v2,static,0.15635426144980286,0.039870471564460636
power,KFC_v2,static,0.1565059144676979,0.039870471564460636
power,KFC_v2,static,0.15665756748559298,0.039870471564460636
power,KFC_v2,static,0.15680922050348803,0.039870471564460636
power,KFC_v2,static,0.15696087352138308,0.039870471564460636
power,KFC_v2,static,0.15711252653927812,0.039870471564460636
power,KFC_v2,static,0.1572641795571732,0.039870471564460636
power,KFC_v2,static,0.15741583257506825,0.039870471564460636
power,KFC_v2,static,0.1575674855929633,0.039870471564460636
power,KFC_v2,static,0.15771913861085837,0.039870471564460636
power,KFC_v2,static,0.15787079162875342,0.039870471564460636
power,KFC_v2,static,0.15802244464664847,0.039870471564460636
power,KFC_v2,static,0.15817409766454352,0.039870471564460636
power,KFC_v2,static,0.1583257506824386,0.039870471564460636
power,KFC_v2,static,0.15847740370033364,0.039870471564460636
power,KFC_v2,static,0.1586290567182287,0.039870471564460636
power,KFC_v2,static,0.15878070973612377,0.039870471564460636
power,KFC_v2,static,0.1589323627540188,0.039870471564460636
power,KFC_v2,static,0.15908401577191386,0.039870471564460636
power,KFC_v2,static,0.1592356687898089,0.039870471564460636
power,KFC_v2,static,0.15938732180770399,0.039870471564460636
power,KFC_v2,static,0.15953897482559903,0.039870471564460636
power,KFC_v2,static,0.15969062784349408,0.039870471564460636
power,KFC_v2,static,0.15984228086138916,0.039870471564460636
power,KFC_v2,static,0.1599939338792842,0.039870471564460636
power,KFC_v2,static,0.16014558689717925,0.039870471564460636
power,KFC_v2,static,0.1602972399150743,0.039870471564460636
power,KFC_v2,static,0.16044889293296938,0.039870471564460636
power,KFC_v2,static,0.16060054595086443,0.039870471564460636
power,KFC_v2,static,0.16075219896875947,0.039870471564460636
power,KFC_v2,static,0.16090385198665455,0.039870471564460636
power,KFC_v2,static,0.1610555050045496,0.039870471564460636
power,KFC_v2,static,0.16120715802244465,0.039870471564460636
power,KFC_v2,static,0.1613588110403397,0.039870471564460636
power,KFC_v2,static,0.16151046405823477,0.039870471564460636
power,KFC_v2,static,0.16166211707612982,0.039870471564460636
power,KFC_v2,static,0.16181377009402487,0.039870471564460636
power,KFC_v2,static,0.16196542311191994,0.039870471564460636
power,KFC_v2,static,0.162117076129815,0.039870471564460636
power,KFC_v2,static,0.16226872914771004,0.039870471564460636
power,KFC_v2,static,0.1624203821656051,0.039870471564460636
power,KFC_v2,static,0.16257203518350016,0.039870471564460636
power,KFC_v2,static,0.1627236882013952,0.039870471564460636
power,KFC_v2,static,0.16287534121929026,0.039870471564460636
power,KFC_v2,static,0.16302699423718534,0.039870471564460636
power,KFC_v2,static,0.16317864725508038,0.039870471564460636
power,KFC_v2,static,0.16333030027297543,0.039870471564460636
power,KFC_v2,static,0.1634819532908705,0.039870471564460636
power,KFC_v2,static,0.16363360630876556,0.039870471564460636
power,KFC_v2,static,0.1637852593266606,0.039870471564460636
power,KFC_v2,static,0.16393691234455565,0.039870471564460636
power,KFC_v2,static,0.16408856536245073,0.039870471564460636
power,KFC_v2,static,0.16424021838034578,0.039870471564460636
power,KFC_v2,static,0.16439187139824082,0.039870471564460636
power,KFC_v2,static,0.1645435244161359,0.039870471564460636
power,KFC_v2,static,0.16469517743403095,0.039870471564460636
power,KFC_v2,static,0.164846830451926,0.039870471564460636
power,KFC_v2,static,0.16499848346982104,0.039870471564460636
power,KFC_v2,static,0.16515013648771612,0.039870471564460636
power,KFC_v2,static,0.16530178950561117,0.039870471564460636
power,KFC_v2,static,0.16545344252350622,0.039870471564460636
power,KFC_v2,static,0.1656050955414013,0.039870471564460636
power,KFC_v2,static,0.16575674855929634,0.039870471564460636
power,KFC_v2,static,0.1659084015771914,0.039870471564460636
power,KFC_v2,static,0.16606005459508644,0.039870471564460636
power,KFC_v2,static,0.1662117076129815,0.039870471564460636
power,KFC_v2,static,0.16636336063087656,0.039870471564460636
power,KFC_v2,static,0.1665150136487716,0.039870471564460636
power,KFC_v2,static,0.16666666666666669,0.039870471564460636
power,KFC_v2,static,0.16681831968456173,0.039870471564460636
power,KFC_v2,static,0.16696997270245678,0.039870471564460636
power,KFC_v2,static,0.16712162572035183,0.039870471564460636
power,KFC_v2,static,0.1672732787382469,0.039870471564460636
power,KFC_v2,static,0.16742493175614195,0.039870471564460636
power,KFC_v2,static,0.167576584774037,0.039870471564460636
power,KFC_v2,static,0.16772823779193208,0.039870471564460636
power,KFC_v2,static,0.16787989080982713,0.039870471564460636
power,KFC_v2,static,0.16803154382772217,0.039870471564460636
power,KFC_v2,static,0.16818319684561722,0.039870471564460636
power,KFC_v2,static,0.1683348498635123,0.039870471564460636
power,KFC_v2,static,0.16848650288140735,0.039870471564460636
power,KFC_v2,static,0.1686381558993024,0.039870471564460636
power,KFC_v2,static,0.16878980891719747,0.039870471564460636
power,KFC_v2,static,0.16894146193509252,0.039870471564460636
power,KFC_v2,static,0.16909311495298757,0.039870471564460636
power,KFC_v2,static,0.16924476797088261,0.039870471564460636
power,KFC_v2,static,0.1693964209887777,0.039870471564460636
power,KFC_v2,static,0.16954807400667274,0.039870471564460636
power,KFC_v2,static,0.1696997270245678,0.039870471564460636
power,KFC_v2,static,0.16985138004246286,0.039870471564460636
power,KFC_v2,static,0.1700030330603579,0.039870471564460636
power,KFC_v2,static,0.17015468607825296,0.039870471564460636
power,KFC_v2,static,0.170306339096148,0.039870471564460636
power,KFC_v2,static,0.17045799211404308,0.039870471564460636
power,KFC_v2,static,0.17060964513193813,0.039870471564460636
power,KFC_v2,static,0.17076129814983318,0.039870471564460636
power,KFC_v2,static,0.17091295116772826,0.039870471564460636
power,KFC_v2,static,0.1710646041856233,0.039870471564460636
power,KFC_v2,static,0.17121625720351835,0.039870471564460636
power,KFC_v2,static,0.1713679102214134,0.039870471564460636
power,KFC_v2,static,0.17151956323930848,0.039870471564460636
power,KFC_v2,static,0.17167121625720352,0.039870471564460636
power,KFC_v2,static,0.17182286927509857,0.039870471564460636
power,KFC_v2,static,0.17197452229299365,0.039870471564460636
power,KFC_v2,static,0.1721261753108887,0.039870471564460636
power,KFC_v2,static,0.17227782832878374,0.039870471564460636
power,KFC_v2,static,0.1724294813466788,0.039870471564460636
power,KFC_v2,static,0.17258113436457387,0.039870471564460636
power,KFC_v2,static,0.17273278738246892,0.039870471564460636
power,KFC_v2,static,0.17288444040036396,0.039870471564460636
power,KFC_v2,static,0.17303609341825904,0.039870471564460636
power,KFC_v2,static,0.1731877464361541,0.039870471564460636
power,KFC_v2,static,0.17333939945404914,0.039870471564460636
power,KFC_v2,static,0.17349105247194418,0.039870471564460636
power,KFC_v2,static,0.17364270548983926,0.039870471564460636
power,KFC_v2,static,0.1737943585077343,0.039870471564460636
power,KFC_v2,static,0.17394601152562936,0.039870471564460636
power,KFC_v2,static,0.17409766454352443,0.039870471564460636
power,KFC_v2,static,0.17424931756141948,0.039870471564460636
power,KFC_v2,static,0.17440097057931453,0.039870471564460636
power,KFC_v2,static,0.17455262359720958,0.039870471564460636
power,KFC_v2,static,0.17470427661510465,0.039870471564460636
power,KFC_v2,static,0.1748559296329997,0.039870471564460636
power,KFC_v2,static,0.17500758265089475,0.039870471564460636
power,KFC_v2,static,0.17515923566878983,0.039870471564460636
power,KFC_v2,static,0.17531088868668487,0.039870471564460636
power,KFC_v2,static,0.17546254170457992,0.039870471564460636
power,KFC_v2,static,0.17561419472247497,0.039870471564460636
power,KFC_v2,static,0.17576584774037005,0.039870471564460636
power,KFC_v2,static,0.1759175007582651,0.039870471564460636
power,KFC_v2,static,0.17606915377616014,0.039870471564460636
power,KFC_v2,static,0.17622080679405522,0.039870471564460636
power,KFC_v2,static,0.17637245981195027,0.039870471564460636
power,KFC_v2,static,0.17652411282984531,0.039870471564460636
power,KFC_v2,static,0.17667576584774036,0.039870471564460636
power,KFC_v2,static,0.17682741886563544,0.039870471564460636
power,KFC_v2,static,0.1769790718835305,0.039870471564460636
power,KFC_v2,static,0.17713072490142553,0.039870471564460636
power,KFC_v2,static,0.1772823779193206,0.039870471564460636
power,KFC_v2,static,0.17743403093721566,0.039870471564460636
power,KFC_v2,static,0.1775856839551107,0.039870471564460636
power,KFC_v2,static,0.17773733697300576,0.039870471564460636
power,KFC_v2,static,0.17788898999090083,0.039870471564460636
power,KFC_v2,static,0.17804064300879588,0.039870471564460636
power,KFC_v2,static,0.17819229602669093,0.039870471564460636
power,KFC_v2,static,0.178343949044586,0.039870471564460636
power,KFC_v2,static,0.17849560206248105,0.039870471564460636
power,KFC_v2,static,0.1786472550803761,0.039870471564460636
power,KFC_v2,static,0.17879890809827118,0.039870471564460636
power,KFC_v2,static,0.17895056111616622,0.039870471564460636
power,KFC_v2,static,0.17910221413406127,0.039870471564460636
power,KFC_v2,static,0.17925386715195632,0.039870471564460636
power,KFC_v2,static,0.1794055201698514,0.039870471564460636
power,KFC_v2,static,0.17955717318774644,0.039870471564460636
power,KFC_v2,static,0.1797088262056415,0.039870471564460636
power,KFC_v2,static,0.17986047922353657,0.039870471564460636
power,KFC_v2,static,0.18001213224143162,0.039870471564460636
power,KFC_v2,static,0.18016378525932666,0.039870471564460636
power,KFC_v2,static,0.1803154382772217,0.039870471564460636
power,KFC_v2,static,0.1804670912951168,0.039870471564460636
power,KFC_v2,static,0.18061874431301184,0.039870471564460636
power,KFC_v2,static,0.18077039733090688,0.039870471564460636
power,KFC_v2,static,0.18092205034880196,0.03966808338393038
power,KFC_v2,static,0.181073703366697,0.03966808338393038
power,KFC_v2,static,0.18122535638459206,0.03966808338393038
power,KFC_v2,static,0.1813770094024871,0.03966808338393038
power,KFC_v2,static,0.18152866242038218,0.03966808338393038
power,KFC_v2,static,0.18168031543827723,0.03966808338393038
power,KFC_v2,static,0.18183196845617228,0.03966808338393038
power,KFC_v2,static,0.18198362147406735,0.03966808338393038
power,KFC_v2,static,0.1821352744919624,0.03966808338393038
power,KFC_v2,static,0.18228692750985745,0.03966808338393038
power,KFC_v2,static,0.1824385805277525,0.03966808338393038
power,KFC_v2,static,0.18259023354564757,0.03966808338393038
power,KFC_v2,static,0.18274188656354262,0.03966808338393038
power,KFC_v2,static,0.18289353958143767,0.03966808338393038
power,KFC_v2,static,0.18304519259933275,0.03966808338393038
power,KFC_v2,static,0.1831968456172278,0.03966808338393038
power,KFC_v2,static,0.18334849863512284,0.03966808338393038
power,KFC_v2,static,0.1835001516530179,0.03966808338393038
power,KFC_v2,static,0.18365180467091297,0.03966808338393038
power,KFC_v2,static,0.18380345768880801,0.03966808338393038
power,KFC_v2,static,0.18395511070670306,0.03966808338393038
power,KFC_v2,static,0.18410676372459814,0.03966808338393038
power,KFC_v2,static,0.1842584167424932,0.03966808338393038
power,KFC_v2,static,0.18441006976038823,0.03966808338393038
power,KFC_v2,static,0.18456172277828328,0.03966808338393038
power,KFC_v2,static,0.18471337579617836,0.03966808338393038
power,KFC_v2,static,0.1848650288140734,0.03966808338393038
power,KFC_v2,static,0.18501668183196845,0.03966808338393038
power,KFC_v2,static,0.18516833484986353,0.03966808338393038
power,KFC_v2,static,0.18531998786775858,0.03966808338393038
power,KFC_v2,static,0.18547164088565363,0.03966808338393038
power,KFC_v2,static,0.18562329390354868,0.03966808338393038
power,KFC_v2,static,0.18577494692144375,0.03966808338393038
power,KFC_v2,static,0.1859265999393388,0.03966808338393038
power,KFC_v2,static,0.18607825295723385,0.03966808338393038
power,KFC_v2,static,0.18622990597512892,0.03966808338393038
power,KFC_v2,static,0.18638155899302397,0.03966808338393038
power,KFC_v2,static,0.18653321201091902,0.03966808338393038
power,KFC_v2,static,0.18668486502881407,0.03966808338393038
power,KFC_v2,static,0.18683651804670914,0.03966808338393038
power,KFC_v2,static,0.1869881710646042,0.03966808338393038
power,KFC_v2,static,0.18713982408249924,0.03966808338393038
power,KFC_v2,static,0.18729147710039432,0.03966808338393038
power,KFC_v2,static,0.18744313011828936,0.03966808338393038
power,KFC_v2,static,0.1875947831361844,0.03966808338393038
power,KFC_v2,static,0.18774643615407946,0.03966808338393038
power,KFC_v2,static,0.18789808917197454,0.03966808338393038
power,KFC_v2,static,0.18804974218986958,0.03966808338393038
power,KFC_v2,static,0.18820139520776463,0.03966808338393038
power,KFC_v2,static,0.1883530482256597,0.03966808338393038
power,KFC_v2,static,0.18850470124355476,0.03966808338393038
power,KFC_v2,static,0.1886563542614498,0.03966808338393038
power,KFC_v2,static,0.18880800727934485,0.03966808338393038
power,KFC_v2,static,0.18895966029723993,0.03966808338393038
power,KFC_v2,static,0.18911131331513498,0.03966808338393038
power,KFC_v2,static,0.18926296633303002,0.03966808338393038
power,KFC_v2,static,0.1894146193509251,0.03966808338393038
power,KFC_v2,static,0.18956627236882015,0.03966808338393038
power,KFC_v2,static,0.1897179253867152,0.03966808338393038
power,KFC_v2,static,0.18986957840461025,0.03966808338393038
power,KFC_v2,static,0.19002123142250532,0.03966808338393038
power,KFC_v2,static,0.19017288444040037,0.03966808338393038
power,KFC_v2,static,0.19032453745829542,0.03966808338393038
power,KFC_v2,static,0.1904761904761905,0.03966808338393038
power,KFC_v2,static,0.19062784349408554,0.03966808338393038
power,KFC_v2,static,0.1907794965119806,0.03966808338393038
power,KFC_v2,static,0.19093114952987564,0.03966808338393038
power,KFC_v2,static,0.1910828025477707,0.03966808338393038
power,KFC_v2,static,0.19123445556566576,0.03966808338393038
power,KFC_v2,static,0.1913861085835608,0.03966808338393038
power,KFC_v2,static,0.19153776160145589,0.03966808338393038
power,KFC_v2,static,0.19168941461935093,0.03966808338393038
power,KFC_v2,static,0.19184106763724598,0.03966808338393038
power,KFC_v2,static,0.19199272065514103,0.03966808338393038
power,KFC_v2,static,0.1921443736730361,0.03966808338393038
power,KFC_v2,static,0.19229602669093115,0.03966808338393038
power,KFC_v2,static,0.1924476797088262,0.03966808338393038
power,KFC_v2,static,0.19259933272672128,0.03966808338393038
power,KFC_v2,static,0.19275098574461633,0.03966808338393038
power,KFC_v2,static,0.19290263876251137,0.03966808338393038
power,KFC_v2,static,0.19305429178040642,0.03966808338393038
power,KFC_v2,static,0.1932059447983015,0.03966808338393038
power,KFC_v2,static,0.19335759781619655,0.03966808338393038
power,KFC_v2,static,0.1935092508340916,0.03966808338393038
power,KFC_v2,static,0.19366090385198667,0.03966808338393038
power,KFC_v2,static,0.19381255686988172,0.03966808338393038
power,KFC_v2,static,0.19396420988777677,0.03966808338393038
power,KFC_v2,static,0.19411586290567184,0.03966808338393038
power,KFC_v2,static,0.1942675159235669,0.03966808338393038
power,KFC_v2,static,0.19441916894146194,0.03966808338393038
power,KFC_v2,static,0.194570821959357,0.03966808338393038
power,KFC_v2,static,0.19472247497725206,0.03966808338393038
power,KFC_v2,static,0.1948741279951471,0.03966808338393038
power,KFC_v2,static,0.19502578101304216,0.03966808338393038
power,KFC_v2,static,0.19517743403093724,0.03966808338393038
power,KFC_v2,static,0.19532908704883228,0.03966808338393038
power,KFC_v2,static,0.19548074006672733,0.03966808338393038
power,KFC_v2,static,0.19563239308462238,0.03966808338393038
power,KFC_v2,static,0.19578404610251746,0.03966808338393038
power,KFC_v2,static,0.1959356991204125,0.03966808338393038
power,KFC_v2,static,0.19608735213830755,0.03966808338393038
power,KFC_v2,static,0.19623900515620263,0.03966808338393038
power,KFC_v2,static,0.19639065817409768,0.03966808338393038
power,KFC_v2,static,0.19654231119199272,0.03966808338393038
power,KFC_v2,static,0.19669396420988777,0.03966808338393038
power,KFC_v2,static,0.19684561722778285,0.03966808338393038
power,KFC_v2,static,0.1969972702456779,0.03966808338393038
power,KFC_v2,static,0.19714892326357294,0.03966808338393038
power,KFC_v2,static,0.19730057628146802,0.03966808338393038
power,KFC_v2,static,0.19745222929936307,0.03966808338393038
power,KFC_v2,static,0.19760388231725812,0.03966808338393038
power,KFC_v2,static,0.19775553533515317,0.03966808338393038
power,KFC_v2,static,0.19790718835304824,0.03966808338393038
power,KFC_v2,static,0.1980588413709433,0.03966808338393038
power,KFC_v2,static,0.19821049438883834,0.03966808338393038
power,KFC_v2,static,0.1983621474067334,0.03966808338393038
power,KFC_v2,static,0.19851380042462846,0.03966808338393038
power,KFC_v2,static,0.1986654534425235,0.03966808338393038
power,KFC_v2,static,0.19881710646041856,0.03966808338393038
power,KFC_v2,static,0.19896875947831363,0.03966808338393038
power,KFC_v2,static,0.19912041249620868,0.03966808338393038
power,KFC_v2,static,0.19927206551410373,0.03966808338393038
power,KFC_v2,static,0.1994237185319988,0.03966808338393038
power,KFC_v2,static,0.19957537154989385,0.03966808338393038
power,KFC_v2,static,0.1997270245677889,0.03966808338393038
power,KFC_v2,static,0.19987867758568395,0.03966808338393038
power,KFC_v2,static,0.20003033060357903,0.03946569520340012
power,KFC_v2,static,0.20018198362147407,0.03946569520340012
power,KFC_v2,static,0.20033363663936912,0.03946569520340012
power,KFC_v2,static,0.2004852896572642,0.03946569520340012
power,KFC_v2,static,0.20063694267515925,0.03946569520340012
power,KFC_v2,static,0.2007885956930543,0.03946569520340012
power,KFC_v2,static,0.20094024871094934,0.03946569520340012
power,KFC_v2,static,0.20109190172884442,0.03946569520340012
power,KFC_v2,static,0.20124355474673947,0.03946569520340012
power,KFC_v2,static,0.20139520776463452,0.03946569520340012
power,KFC_v2,static,0.2015468607825296,0.03946569520340012
power,KFC_v2,static,0.20169851380042464,0.03946569520340012
power,KFC_v2,static,0.2018501668183197,0.03946569520340012
power,KFC_v2,static,0.20200181983621474,0.03946569520340012
power,KFC_v2,static,0.2021534728541098,0.03946569520340012
power,KFC_v2,static,0.20230512587200486,0.03946569520340012
power,KFC_v2,static,0.2024567788898999,0.03946569520340012
power,KFC_v2,static,0.20260843190779498,0.03946569520340012
power,KFC_v2,static,0.20276008492569003,0.03946569520340012
power,KFC_v2,static,0.20291173794358508,0.03946569520340012
power,KFC_v2,static,0.20306339096148013,0.03946569520340012
power,KFC_v2,static,0.2032150439793752,0.03946569520340012
power,KFC_v2,static,0.20336669699727025,0.03946569520340012
power,KFC_v2,static,0.2035183500151653,0.03946569520340012
power,KFC_v2,static,0.20367000303306038,0.03946569520340012
power,KFC_v2,static,0.20382165605095542,0.03946569520340012
power,KFC_v2,static,0.20397330906885047,0.03946569520340012
power,KFC_v2,static,0.20412496208674552,0.03946569520340012
power,KFC_v2,static,0.2042766151046406,0.03946569520340012
power,KFC_v2,static,0.20442826812253564,0.03946569520340012
power,KFC_v2,static,0.2045799211404307,0.03946569520340012
power,KFC_v2,static,0.20473157415832577,0.03946569520340012
power,KFC_v2,static,0.20488322717622082,0.03946569520340012
power,KFC_v2,static,0.20503488019411586,0.03946569520340012
power,KFC_v2,static,0.2051865332120109,0.03946569520340012
power,KFC_v2,static,0.205338186229906,0.03885853066180935
power,KFC_v2,static,0.20548983924780104,0.03865614248127909
power,KFC_v2,static,0.20564149226569609,0.03865614248127909
power,KFC_v2,static,0.20579314528359116,0.03865614248127909
power,KFC_v2,static,0.2059447983014862,0.03865614248127909
power,KFC_v2,static,0.20609645131938126,0.03865614248127909
power,KFC_v2,static,0.2062481043372763,0.03865614248127909
power,KFC_v2,static,0.20639975735517138,0.03865614248127909
power,KFC_v2,static,0.20655141037306643,0.03865614248127909
power,KFC_v2,static,0.20670306339096148,0.03865614248127909
power,KFC_v2,static,0.20685471640885655,0.03865614248127909
power,KFC_v2,static,0.2070063694267516,0.03865614248127909
power,KFC_v2,static,0.20715802244464665,0.03865614248127909
power,KFC_v2,static,0.2073096754625417,0.03865614248127909
power,KFC_v2,static,0.20746132848043677,0.03865614248127909
power,KFC_v2,static,0.20761298149833182,0.03865614248127909
power,KFC_v2,static,0.20776463451622687,0.03865614248127909
power,KFC_v2,static,0.20791628753412195,0.03865614248127909
power,KFC_v2,static,0.208067940552017,0.03865614248127909
power,KFC_v2,static,0.20821959356991204,0.03865614248127909
power,KFC_v2,static,0.2083712465878071,0.03865614248127909
power,KFC_v2,static,0.20852289960570217,0.03865614248127909
power,KFC_v2,static,0.20867455262359721,0.03865614248127909
power,KFC_v2,static,0.20882620564149226,0.03865614248127909
power,KFC_v2,static,0.20897785865938734,0.03865614248127909
power,KFC_v2,static,0.2091295116772824,0.03865614248127909
power,KFC_v2,static,0.20928116469517744,0.03865614248127909
power,KFC_v2,static,0.20943281771307248,0.03865614248127909
power,KFC_v2,static,0.20958447073096756,0.03865614248127909
power,KFC_v2,static,0.2097361237488626,0.03865614248127909
power,KFC_v2,static,0.20988777676675766,0.03865614248127909
power,KFC_v2,static,0.21003942978465273,0.03865614248127909
power,KFC_v2,static,0.21019108280254778,0.03865614248127909
power,KFC_v2,static,0.21034273582044283,0.03865614248127909
power,KFC_v2,static,0.2104943888383379,0.03865614248127909
power,KFC_v2,static,0.21064604185623295,0.03865614248127909
power,KFC_v2,static,0.210797694874128,0.03865614248127909
power,KFC_v2,static,0.21094934789202305,0.03865614248127909
power,KFC_v2,static,0.21110100090991812,0.03865614248127909
power,KFC_v2,static,0.21125265392781317,0.03865614248127909
power,KFC_v2,static,0.21140430694570822,0.03865614248127909
power,KFC_v2,static,0.2115559599636033,0.03865614248127909
power,KFC_v2,static,0.21170761298149834,0.03865614248127909
power,KFC_v2,static,0.2118592659993934,0.03865614248127909
power,KFC_v2,static,0.21201091901728844,0.03865614248127909
power,KFC_v2,static,0.21216257203518352,0.03865614248127909
power,KFC_v2,static,0.21231422505307856,0.03865614248127909
power,KFC_v2,static,0.2124658780709736,0.03865614248127909
power,KFC_v2,static,0.2126175310888687,0.03865614248127909
power,KFC_v2,static,0.21276918410676374,0.03865614248127909
power,KFC_v2,static,0.21292083712465878,0.03865614248127909
power,KFC_v2,static,0.21307249014255383,0.03865614248127909
power,KFC_v2,static,0.2132241431604489,0.038048977939688325
power,KFC_v2,static,0.21337579617834396,0.038048977939688325
power,KFC_v2,static,0.213527449196239,0.038048977939688325
power,KFC_v2,static,0.21367910221413408,0.038048977939688325
power,KFC_v2,static,0.21383075523202913,0.038048977939688325
power,KFC_v2,static,0.21398240824992418,0.038048977939688325
power,KFC_v2,static,0.21413406126781923,0.038048977939688325
power,KFC_v2,static,0.2142857142857143,0.038048977939688325
power,KFC_v2,static,0.21443736730360935,0.03764420157862781
power,KFC_v2,static,0.2145890203215044,0.03764420157862781
power,KFC_v2,static,0.21474067333939947,0.03764420157862781
power,KFC_v2,static,0.21489232635729452,0.03764420157862781
power,KFC_v2,static,0.21504397937518957,0.03764420157862781
power,KFC_v2,static,0.21519563239308462,0.03764420157862781
power,KFC_v2,static,0.2153472854109797,0.03764420157862781
power,KFC_v2,static,0.21549893842887474,0.03764420157862781
power,KFC_v2,static,0.2156505914467698,0.03764420157862781
power,KFC_v2,static,0.21580224446466487,0.03764420157862781
power,KFC_v2,static,0.21595389748255991,0.03764420157862781
power,KFC_v2,static,0.21610555050045496,0.03764420157862781
power,KFC_v2,static,0.21625720351835,0.03764420157862781
power,KFC_v2,static,0.2164088565362451,0.03764420157862781
power,KFC_v2,static,0.21656050955414013,0.03764420157862781
power,KFC_v2,static,0.21671216257203518,0.03764420157862781
power,KFC_v2,static,0.21686381558993026,0.03764420157862781
power,KFC_v2,static,0.2170154686078253,0.03764420157862781
power,KFC_v2,static,0.21716712162572036,0.03764420157862781
power,KFC_v2,static,0.2173187746436154,0.03764420157862781
power,KFC_v2,static,0.21747042766151048,0.03764420157862781
power,KFC_v2,static,0.21762208067940553,0.03764420157862781
power,KFC_v2,static,0.21777373369730058,0.03764420157862781
power,KFC_v2,static,0.21792538671519565,0.03764420157862781
power,KFC_v2,static,0.2180770397330907,0.03764420157862781
power,KFC_v2,static,0.21822869275098575,0.03744181339809755
power,KFC_v2,static,0.2183803457688808,0.03744181339809755
power,KFC_v2,static,0.21853199878677587,0.03744181339809755
power,KFC_v2,static,0.21868365180467092,0.03744181339809755
power,KFC_v2,static,0.21883530482256597,0.03744181339809755
power,KFC_v2,static,0.21898695784046104,0.03744181339809755
power,KFC_v2,static,0.2191386108583561,0.03744181339809755
power,KFC_v2,static,0.21929026387625114,0.03744181339809755
power,KFC_v2,static,0.2194419168941462,0.03744181339809755
power,KFC_v2,static,0.21959356991204126,0.03744181339809755
power,KFC_v2,static,0.2197452229299363,0.03744181339809755
power,KFC_v2,static,0.21989687594783136,0.03744181339809755
power,KFC_v2,static,0.22004852896572644,0.03744181339809755
power,KFC_v2,static,0.22020018198362148,0.03744181339809755
power,KFC_v2,static,0.22035183500151653,0.03744181339809755
power,KFC_v2,static,0.22050348801941158,0.03744181339809755
power,KFC_v2,static,0.22065514103730666,0.03744181339809755
power,KFC_v2,static,0.2208067940552017,0.03744181339809755
power,KFC_v2,static,0.22095844707309675,0.03744181339809755
power,KFC_v2,static,0.22111010009099183,0.03744181339809755
power,KFC_v2,static,0.22126175310888688,0.03744181339809755
power,KFC_v2,static,0.22141340612678193,0.03744181339809755
power,KFC_v2,static,0.22156505914467697,0.03744181339809755
power,KFC_v2,static,0.22171671216257205,0.03744181339809755
power,KFC_v2,static,0.2218683651804671,0.03744181339809755
power,KFC_v2,static,0.22202001819836215,0.03744181339809755
power,KFC_v2,static,0.22217167121625722,0.03744181339809755
power,KFC_v2,static,0.22232332423415227,0.03744181339809755
power,KFC_v2,static,0.22247497725204732,0.03744181339809755
power,KFC_v2,static,0.22262663026994237,0.03744181339809755
power,KFC_v2,static,0.22277828328783744,0.03744181339809755
power,KFC_v2,static,0.2229299363057325,0.03744181339809755
power,KFC_v2,static,0.22308158932362754,0.03744181339809755
power,KFC_v2,static,0.22323324234152261,0.03744181339809755
power,KFC_v2,static,0.22338489535941766,0.03744181339809755
power,KFC_v2,static,0.2235365483773127,0.03744181339809755
power,KFC_v2,static,0.22368820139520776,0.03744181339809755
power,KFC_v2,static,0.22383985441310283,0.03744181339809755
power,KFC_v2,static,0.22399150743099788,0.03744181339809755
power,KFC_v2,static,0.22414316044889293,0.03744181339809755
power,KFC_v2,static,0.224294813466788,0.03744181339809755
power,KFC_v2,static,0.22444646648468305,0.03744181339809755
power,KFC_v2,static,0.2245981195025781,0.03744181339809755
power,KFC_v2,static,0.22474977252047315,0.03744181339809755
power,KFC_v2,static,0.22490142553836823,0.03744181339809755
power,KFC_v2,static,0.22505307855626328,0.03744181339809755
power,KFC_v2,static,0.22520473157415832,0.03744181339809755
power,KFC_v2,static,0.2253563845920534,0.03744181339809755
power,KFC_v2,static,0.22550803760994845,0.03744181339809755
power,KFC_v2,static,0.2256596906278435,0.03744181339809755
power,KFC_v2,static,0.22581134364573857,0.03744181339809755
power,KFC_v2,static,0.22596299666363362,0.03744181339809755
power,KFC_v2,static,0.22611464968152867,0.03744181339809755
power,KFC_v2,static,0.22626630269942372,0.03744181339809755
power,KFC_v2,static,0.2264179557173188,0.03744181339809755
power,KFC_v2,static,0.22656960873521384,0.03744181339809755
power,KFC_v2,static,0.2267212617531089,0.03744181339809755
power,KFC_v2,static,0.22687291477100396,0.03744181339809755
power,KFC_v2,static,0.227024567788899,0.03744181339809755
power,KFC_v2,static,0.22717622080679406,0.03744181339809755
power,KFC_v2,static,0.2273278738246891,0.03744181339809755
power,KFC_v2,static,0.22747952684258418,0.03744181339809755
power,KFC_v2,static,0.22763117986047923,0.03744181339809755
power,KFC_v2,static,0.22778283287837428,0.03744181339809755
power,KFC_v2,static,0.22793448589626936,0.03744181339809755
power,KFC_v2,static,0.2280861389141644,0.03744181339809755
power,KFC_v2,static,0.22823779193205945,0.03744181339809755
power,KFC_v2,static,0.2283894449499545,0.03744181339809755
power,KFC_v2,static,0.22854109796784958,0.03744181339809755
power,KFC_v2,static,0.22869275098574463,0.03744181339809755
power,KFC_v2,static,0.22884440400363967,0.03744181339809755
power,KFC_v2,static,0.22899605702153475,0.03744181339809755
power,KFC_v2,static,0.2291477100394298,0.03744181339809755
power,KFC_v2,static,0.22929936305732485,0.03744181339809755
power,KFC_v2,static,0.2294510160752199,0.03744181339809755
power,KFC_v2,static,0.22960266909311497,0.03744181339809755
power,KFC_v2,static,0.22975432211101002,0.03744181339809755
power,KFC_v2,static,0.22990597512890507,0.03744181339809755
power,KFC_v2,static,0.23005762814680014,0.03744181339809755
power,KFC_v2,static,0.2302092811646952,0.03744181339809755
power,KFC_v2,static,0.23036093418259024,0.03744181339809755
power,KFC_v2,static,0.23051258720048529,0.03744181339809755
power,KFC_v2,static,0.23066424021838036,0.03744181339809755
power,KFC_v2,static,0.2308158932362754,0.03744181339809755
power,KFC_v2,static,0.23096754625417046,0.03744181339809755
power,KFC_v2,static,0.23111919927206553,0.03744181339809755
power,KFC_v2,static,0.23127085228996058,0.03744181339809755
power,KFC_v2,static,0.23142250530785563,0.03744181339809755
power,KFC_v2,static,0.23157415832575068,0.03744181339809755
power,KFC_v2,static,0.23172581134364575,0.03744181339809755
power,KFC_v2,static,0.2318774643615408,0.03744181339809755
power,KFC_v2,static,0.23202911737943585,0.03744181339809755
power,KFC_v2,static,0.23218077039733093,0.03744181339809755
power,KFC_v2,static,0.23233242341522597,0.03744181339809755
power,KFC_v2,static,0.23248407643312102,0.03744181339809755
power,KFC_v2,static,0.23263572945101607,0.03744181339809755
power,KFC_v2,static,0.23278738246891115,0.03744181339809755
power,KFC_v2,static,0.2329390354868062,0.03744181339809755
power,KFC_v2,static,0.23309068850470124,0.03744181339809755
power,KFC_v2,static,0.23324234152259632,0.03744181339809755
power,KFC_v2,static,0.23339399454049137,0.03744181339809755
power,KFC_v2,static,0.23354564755838642,0.03744181339809755
power,KFC_v2,static,0.23369730057628146,0.03744181339809755
power,KFC_v2,static,0.23384895359417654,0.03744181339809755
power,KFC_v2,static,0.2340006066120716,0.03744181339809755
power,KFC_v2,static,0.23415225962996664,0.03744181339809755
power,KFC_v2,static,0.2343039126478617,0.03744181339809755
power,KFC_v2,static,0.23445556566575676,0.03744181339809755
power,KFC_v2,static,0.2346072186836518,0.03744181339809755
power,KFC_v2,static,0.23475887170154686,0.03744181339809755
power,KFC_v2,static,0.23491052471944193,0.03744181339809755
power,KFC_v2,static,0.23506217773733698,0.03744181339809755
power,KFC_v2,static,0.23521383075523203,0.03744181339809755
power,KFC_v2,static,0.2353654837731271,0.03744181339809755
power,KFC_v2,static,0.23551713679102215,0.03744181339809755
power,KFC_v2,static,0.2356687898089172,0.03744181339809755
power,KFC_v2,static,0.23582044282681225,0.03744181339809755
power,KFC_v2,static,0.23597209584470732,0.03744181339809755
power,KFC_v2,static,0.23612374886260237,0.03744181339809755
power,KFC_v2,static,0.23627540188049742,0.03744181339809755
power,KFC_v2,static,0.2364270548983925,0.03744181339809755
power,KFC_v2,static,0.23657870791628755,0.03744181339809755
power,KFC_v2,static,0.2367303609341826,0.03744181339809755
power,KFC_v2,static,0.23688201395207764,0.03744181339809755
power,KFC_v2,static,0.23703366696997272,0.03744181339809755
power,KFC_v2,static,0.23718531998786777,0.03744181339809755
power,KFC_v2,static,0.2373369730057628,0.03744181339809755
power,KFC_v2,static,0.2374886260236579,0.03744181339809755
power,KFC_v2,static,0.23764027904155294,0.03744181339809755
power,KFC_v2,static,0.23779193205944799,0.03744181339809755
power,KFC_v2,static,0.23794358507734303,0.03744181339809755
power,KFC_v2,static,0.2380952380952381,0.03744181339809755
power,KFC_v2,static,0.23824689111313316,0.03744181339809755
power,KFC_v2,static,0.2383985441310282,0.03744181339809755
power,KFC_v2,static,0.23855019714892328,0.03744181339809755
power,KFC_v2,static,0.23870185016681833,0.03744181339809755
power,KFC_v2,static,0.23885350318471338,0.03744181339809755
power,KFC_v2,static,0.23900515620260843,0.03744181339809755
power,KFC_v2,static,0.2391568092205035,0.03744181339809755
power,KFC_v2,static,0.23930846223839855,0.03744181339809755
power,KFC_v2,static,0.2394601152562936,0.03744181339809755
power,KFC_v2,static,0.23961176827418867,0.03744181339809755
power,KFC_v2,static,0.23976342129208372,0.03744181339809755
power,KFC_v2,static,0.23991507430997877,0.03744181339809755
power,KFC_v2,static,0.24006672732787382,0.03744181339809755
power,KFC_v2,static,0.2402183803457689,0.03744181339809755
power,KFC_v2,static,0.24037003336366394,0.03744181339809755
power,KFC_v2,static,0.240521686381559,0.03744181339809755
power,KFC_v2,static,0.24067333939945407,0.03744181339809755
power,KFC_v2,static,0.24082499241734912,0.03744181339809755
power,KFC_v2,static,0.24097664543524416,0.03744181339809755
power,KFC_v2,static,0.24112829845313924,0.03744181339809755
power,KFC_v2,static,0.2412799514710343,0.03744181339809755
power,KFC_v2,static,0.24143160448892934,0.03744181339809755
power,KFC_v2,static,0.24158325750682438,0.03744181339809755
power,KFC_v2,static,0.24173491052471946,0.03744181339809755
power,KFC_v2,static,0.2418865635426145,0.03744181339809755
power,KFC_v2,static,0.24203821656050956,0.03744181339809755
power,KFC_v2,static,0.24218986957840463,0.03744181339809755
power,KFC_v2,static,0.24234152259629968,0.03744181339809755
power,KFC_v2,static,0.24249317561419473,0.03744181339809755
power,KFC_v2,static,0.24264482863208978,0.03744181339809755
power,KFC_v2,static,0.24279648164998485,0.03744181339809755
power,KFC_v2,static,0.2429481346678799,0.03744181339809755
power,KFC_v2,static,0.24309978768577495,0.03744181339809755
power,KFC_v2,static,0.24325144070367002,0.03744181339809755
power,KFC_v2,static,0.24340309372156507,0.03744181339809755
power,KFC_v2,static,0.24355474673946012,0.03744181339809755
power,KFC_v2,static,0.24370639975735517,0.03744181339809755
power,KFC_v2,static,0.24385805277525024,0.03744181339809755
power,KFC_v2,static,0.2440097057931453,0.03744181339809755
power,KFC_v2,static,0.24416135881104034,0.03744181339809755
power,KFC_v2,static,0.24431301182893542,0.03744181339809755
power,KFC_v2,static,0.24446466484683047,0.03744181339809755
power,KFC_v2,static,0.2446163178647255,0.03744181339809755
power,KFC_v2,static,0.24476797088262056,0.03744181339809755
power,KFC_v2,static,0.24491962390051564,0.03744181339809755
power,KFC_v2,static,0.24507127691841069,0.03744181339809755
power,KFC_v2,static,0.24522292993630573,0.03744181339809755
power,KFC_v2,static,0.2453745829542008,0.03744181339809755
power,KFC_v2,static,0.24552623597209586,0.03744181339809755
power,KFC_v2,static,0.2456778889899909,0.03744181339809755
power,KFC_v2,static,0.24582954200788595,0.03744181339809755
power,KFC_v2,static,0.24598119502578103,0.03744181339809755
power,KFC_v2,static,0.24613284804367608,0.03744181339809755
power,KFC_v2,static,0.24628450106157113,0.03744181339809755
power,KFC_v2,static,0.2464361540794662,0.03744181339809755
power,KFC_v2,static,0.24658780709736125,0.03744181339809755
power,KFC_v2,static,0.2467394601152563,0.03744181339809755
power,KFC_v2,static,0.24689111313315135,0.03744181339809755
power,KFC_v2,static,0.24704276615104642,0.03744181339809755
power,KFC_v2,static,0.24719441916894147,0.03744181339809755
power,KFC_v2,static,0.24734607218683652,0.03744181339809755
power,KFC_v2,static,0.2474977252047316,0.03744181339809755
power,KFC_v2,static,0.24764937822262664,0.03744181339809755
power,KFC_v2,static,0.2478010312405217,0.03744181339809755
power,KFC_v2,static,0.24795268425841674,0.03744181339809755
power,KFC_v2,static,0.24810433727631181,0.03744181339809755
power,KFC_v2,static,0.24825599029420686,0.03744181339809755
power,KFC_v2,static,0.2484076433121019,0.03744181339809755
power,KFC_v2,static,0.248559296329997,0.03744181339809755
power,KFC_v2,static,0.24871094934789204,0.03744181339809755
power,KFC_v2,static,0.24886260236578708,0.03744181339809755
power,KFC_v2,static,0.24901425538368213,0.03744181339809755
power,KFC_v2,static,0.2491659084015772,0.03744181339809755
power,KFC_v2,static,0.24931756141947226,0.03744181339809755
power,KFC_v2,static,0.2494692144373673,0.03744181339809755
power,KFC_v2,static,0.24962086745526238,0.03744181339809755
power,KFC_v2,static,0.24977252047315743,0.03744181339809755
power,KFC_v2,static,0.24992417349105248,0.03744181339809755
power,KFC_v2,static,0.25007582650894755,0.03744181339809755
power,KFC_v2,static,0.2502274795268426,0.03744181339809755
power,KFC_v2,static,0.25037913254473765,0.03744181339809755
power,KFC_v2,static,0.2505307855626327,0.03744181339809755
power,KFC_v2,static,0.25068243858052774,0.03744181339809755
power,KFC_v2,static,0.2508340915984228,0.03744181339809755
power,KFC_v2,static,0.2509857446163179,0.03744181339809755
power,KFC_v2,static,0.25113739763421294,0.03744181339809755
power,KFC_v2,static,0.251289050652108,0.03744181339809755
power,KFC_v2,static,0.25144070367000304,0.03744181339809755
power,KFC_v2,static,0.2515923566878981,0.03744181339809755
power,KFC_v2,static,0.25174400970579314,0.03744181339809755
power,KFC_v2,static,0.2518956627236882,0.03744181339809755
power,KFC_v2,static,0.2520473157415833,0.03744181339809755
power,KFC_v2,static,0.25219896875947834,0.03744181339809755
power,KFC_v2,static,0.2523506217773734,0.03744181339809755
power,KFC_v2,static,0.25250227479526843,0.03744181339809755
power,KFC_v2,static,0.2526539278131635,0.03744181339809755
power,KFC_v2,static,0.25280558083105853,0.03744181339809755
power,KFC_v2,static,0.2529572338489536,0.03744181339809755
power,KFC_v2,static,0.2531088868668487,0.03744181339809755
power,KFC_v2,static,0.25326053988474373,0.03744181339809755
power,KFC_v2,static,0.2534121929026388,0.03744181339809755
power,KFC_v2,static,0.2535638459205338,0.03744181339809755
power,KFC_v2,static,0.2537154989384289,0.03744181339809755
power,KFC_v2,static,0.2538671519563239,0.03744181339809755
power,KFC_v2,static,0.25401880497421897,0.03744181339809755
power,KFC_v2,static,0.2541704579921141,0.03744181339809755
power,KFC_v2,static,0.2543221110100091,0.03744181339809755
power,KFC_v2,static,0.25447376402790417,0.03744181339809755
power,KFC_v2,static,0.2546254170457992,0.03744181339809755
power,KFC_v2,static,0.25477707006369427,0.03744181339809755
power,KFC_v2,static,0.2549287230815893,0.03744181339809755
power,KFC_v2,static,0.25508037609948436,0.03744181339809755
power,KFC_v2,static,0.25523202911737947,0.03744181339809755
power,KFC_v2,static,0.2553836821352745,0.03744181339809755
power,KFC_v2,static,0.25553533515316956,0.03744181339809755
power,KFC_v2,static,0.2556869881710646,0.03744181339809755
power,KFC_v2,static,0.25583864118895966,0.03744181339809755
power,KFC_v2,static,0.2559902942068547,0.03744181339809755
power,KFC_v2,static,0.25614194722474976,0.03744181339809755
power,KFC_v2,static,0.25629360024264486,0.03744181339809755
power,KFC_v2,static,0.2564452532605399,0.03744181339809755
power,KFC_v2,static,0.25659690627843496,0.03744181339809755
power,KFC_v2,static,0.25674855929633,0.03744181339809755
power,KFC_v2,static,0.25690021231422505,0.03744181339809755
power,KFC_v2,static,0.2570518653321201,0.03744181339809755
power,KFC_v2,static,0.25720351835001515,0.03744181339809755
power,KFC_v2,static,0.25735517136791025,0.03744181339809755
power,KFC_v2,static,0.2575068243858053,0.03744181339809755
power,KFC_v2,static,0.25765847740370035,0.03744181339809755
power,KFC_v2,static,0.2578101304215954,0.03744181339809755
power,KFC_v2,static,0.25796178343949044,0.03744181339809755
power,KFC_v2,static,0.2581134364573855,0.03744181339809755
power,KFC_v2,static,0.25826508947528054,0.03744181339809755
power,KFC_v2,static,0.25841674249317564,0.03744181339809755
power,KFC_v2,static,0.2585683955110707,0.03744181339809755
power,KFC_v2,static,0.25872004852896574,0.03744181339809755
power,KFC_v2,static,0.2588717015468608,0.03744181339809755
power,KFC_v2,static,0.25902335456475584,0.03744181339809755
power,KFC_v2,static,0.2591750075826509,0.03744181339809755
power,KFC_v2,static,0.25932666060054593,0.03744181339809755
power,KFC_v2,static,0.25947831361844104,0.03744181339809755
power,KFC_v2,static,0.2596299666363361,0.03744181339809755
power,KFC_v2,static,0.25978161965423113,0.03744181339809755
power,KFC_v2,static,0.2599332726721262,0.03744181339809755
power,KFC_v2,static,0.26008492569002123,0.03744181339809755
power,KFC_v2,static,0.2602365787079163,0.03744181339809755
power,KFC_v2,static,0.2603882317258113,0.03744181339809755
power,KFC_v2,static,0.26053988474370643,0.03744181339809755
power,KFC_v2,static,0.2606915377616015,0.03744181339809755
power,KFC_v2,static,0.2608431907794965,0.03744181339809755
power,KFC_v2,static,0.2609948437973916,0.03744181339809755
power,KFC_v2,static,0.2611464968152866,0.03744181339809755
power,KFC_v2,static,0.26129814983318167,0.03744181339809755
power,KFC_v2,static,0.2614498028510767,0.03744181339809755
power,KFC_v2,static,0.2616014558689718,0.03744181339809755
power,KFC_v2,static,0.26175310888686687,0.03744181339809755
power,KFC_v2,static,0.2619047619047619,0.03744181339809755
power,KFC_v2,static,0.26205641492265697,0.03744181339809755
power,KFC_v2,static,0.262208067940552,0.03744181339809755
power,KFC_v2,static,0.26235972095844706,0.03744181339809755
power,KFC_v2,static,0.2625113739763421,0.03744181339809755
power,KFC_v2,static,0.2626630269942372,0.03744181339809755
power,KFC_v2,static,0.26281468001213226,0.03744181339809755
power,KFC_v2,static,0.2629663330300273,0.03744181339809755
power,KFC_v2,static,0.26311798604792236,0.03744181339809755
power,KFC_v2,static,0.2632696390658174,0.03744181339809755
power,KFC_v2,static,0.26342129208371245,0.03744181339809755
power,KFC_v2,static,0.2635729451016075,0.03744181339809755
power,KFC_v2,static,0.2637245981195026,0.03744181339809755
power,KFC_v2,static,0.26387625113739765,0.03744181339809755
power,KFC_v2,static,0.2640279041552927,0.03744181339809755
power,KFC_v2,static,0.26417955717318775,0.03744181339809755
power,KFC_v2,static,0.2643312101910828,0.037037037037037035
power,KFC_v2,static,0.26448286320897785,0.037037037037037035
power,KFC_v2,static,0.26463451622687295,0.037037037037037035
power,KFC_v2,static,0.264786169244768,0.037037037037037035
power,KFC_v2,static,0.26493782226266305,0.037037037037037035
power,KFC_v2,static,0.2650894752805581,0.037037037037037035
power,KFC_v2,static,0.26524112829845314,0.037037037037037035
power,KFC_v2,static,0.2653927813163482,0.037037037037037035
power,KFC_v2,static,0.26554443433424324,0.037037037037037035
power,KFC_v2,static,0.26569608735213834,0.037037037037037035
power,KFC_v2,static,0.2658477403700334,0.037037037037037035
power,KFC_v2,static,0.26599939338792844,0.037037037037037035
power,KFC_v2,static,0.2661510464058235,0.037037037037037035
power,KFC_v2,static,0.26630269942371854,0.037037037037037035
power,KFC_v2,static,0.2664543524416136,0.037037037037037035
power,KFC_v2,static,0.26660600545950863,0.037037037037037035
power,KFC_v2,static,0.26675765847740374,0.037037037037037035
power,KFC_v2,static,0.2669093114952988,0.037037037037037035
power,KFC_v2,static,0.26706096451319383,0.037037037037037035
power,KFC_v2,static,0.2672126175310889,0.037037037037037035
power,KFC_v2,static,0.26736427054898393,0.037037037037037035
power,KFC_v2,static,0.267515923566879,0.037037037037037035
power,KFC_v2,static,0.267667576584774,0.037037037037037035
power,KFC_v2,static,0.26781922960266913,0.037037037037037035
power,KFC_v2,static,0.2679708826205642,0.037037037037037035
power,KFC_v2,static,0.2681225356384592,0.037037037037037035
power,KFC_v2,static,0.2682741886563543,0.037037037037037035
power,KFC_v2,static,0.2684258416742493,0.037037037037037035
power,KFC_v2,static,0.26857749469214437,0.037037037037037035
power,KFC_v2,static,0.2687291477100394,0.037037037037037035
power,KFC_v2,static,0.2688808007279345,0.037037037037037035
power,KFC_v2,static,0.26903245374582957,0.037037037037037035
power,KFC_v2,static,0.2691841067637246,0.037037037037037035
power,KFC_v2,static,0.26933575978161967,0.037037037037037035
power,KFC_v2,static,0.2694874127995147,0.037037037037037035
power,KFC_v2,static,0.26963906581740976,0.037037037037037035
power,KFC_v2,static,0.2697907188353048,0.037037037037037035
power,KFC_v2,static,0.2699423718531999,0.037037037037037035
power,KFC_v2,static,0.27009402487109496,0.037037037037037035
power,KFC_v2,static,0.27024567788899,0.037037037037037035
power,KFC_v2,static,0.27039733090688506,0.037037037037037035
power,KFC_v2,static,0.2705489839247801,0.037037037037037035
power,KFC_v2,static,0.27070063694267515,0.037037037037037035
power,KFC_v2,static,0.2708522899605702,0.037037037037037035
power,KFC_v2,static,0.2710039429784653,0.037037037037037035
power,KFC_v2,static,0.27115559599636035,0.037037037037037035
power,KFC_v2,static,0.2713072490142554,0.037037037037037035
power,KFC_v2,static,0.27145890203215045,0.037037037037037035
power,KFC_v2,static,0.2716105550500455,0.037037037037037035
power,KFC_v2,static,0.27176220806794055,0.037037037037037035
power,KFC_v2,static,0.2719138610858356,0.037037037037037035
power,KFC_v2,static,0.2720655141037307,0.037037037037037035
power,KFC_v2,static,0.27221716712162575,0.037037037037037035
power,KFC_v2,static,0.2723688201395208,0.037037037037037035
power,KFC_v2,static,0.27252047315741584,0.037037037037037035
power,KFC_v2,static,0.2726721261753109,0.037037037037037035
power,KFC_v2,static,0.27282377919320594,0.037037037037037035
power,KFC_v2,static,0.272975432211101,0.037037037037037035
power,KFC_v2,static,0.2731270852289961,0.037037037037037035
power,KFC_v2,static,0.27327873824689114,0.037037037037037035
power,KFC_v2,static,0.2734303912647862,0.037037037037037035
power,KFC_v2,static,0.27358204428268124,0.037037037037037035
power,KFC_v2,static,0.2737336973005763,0.037037037037037035
power,KFC_v2,static,0.27388535031847133,0.037037037037037035
power,KFC_v2,static,0.2740370033363664,0.037037037037037035
power,KFC_v2,static,0.2741886563542615,0.037037037037037035
power,KFC_v2,static,0.27434030937215653,0.037037037037037035
power,KFC_v2,static,0.2744919623900516,0.037037037037037035
power,KFC_v2,static,0.27464361540794663,0.037037037037037035
power,KFC_v2,static,0.2747952684258417,0.037037037037037035
power,KFC_v2,static,0.2749469214437367,0.037037037037037035
power,KFC_v2,static,0.2750985744616318,0.037037037037037035
power,KFC_v2,static,0.2752502274795269,0.037037037037037035
power,KFC_v2,static,0.2754018804974219,0.037037037037037035
power,KFC_v2,static,0.275553533515317,0.037037037037037035
power,KFC_v2,static,0.275705186533212,0.037037037037037035
power,KFC_v2,static,0.27585683955110707,0.037037037037037035
power,KFC_v2,static,0.2760084925690021,0.037037037037037035
power,KFC_v2,static,0.27616014558689717,0.037037037037037035
power,KFC_v2,static,0.27631179860479227,0.037037037037037035
power,KFC_v2,static,0.2764634516226873,0.037037037037037035
power,KFC_v2,static,0.27661510464058237,0.037037037037037035
power,KFC_v2,static,0.2767667576584774,0.037037037037037035
power,KFC_v2,static,0.27691841067637246,0.037037037037037035
power,KFC_v2,static,0.2770700636942675,0.037037037037037035
power,KFC_v2,static,0.27722171671216256,0.037037037037037035
power,KFC_v2,static,0.27737336973005766,0.037037037037037035
power,KFC_v2,static,0.2775250227479527,0.037037037037037035
power,KFC_v2,static,0.27767667576584776,0.037037037037037035
power,KFC_v2,static,0.2778283287837428,0.037037037037037035
power,KFC_v2,static,0.27797998180163785,0.037037037037037035
power,KFC_v2,static,0.2781316348195329,0.037037037037037035
power,KFC_v2,static,0.27828328783742795,0.037037037037037035
power,KFC_v2,static,0.27843494085532305,0.037037037037037035
power,KFC_v2,static,0.2785865938732181,0.03683464885650678
power,KFC_v2,static,0.27873824689111315,0.03683464885650678
power,KFC_v2,static,0.2788898999090082,0.03683464885650678
power,KFC_v2,static,0.27904155292690325,0.03683464885650678
power,KFC_v2,static,0.2791932059447983,0.03683464885650678
power,KFC_v2,static,0.27934485896269334,0.03683464885650678
power,KFC_v2,static,0.27949651198058845,0.03683464885650678
power,KFC_v2,static,0.2796481649984835,0.03683464885650678
power,KFC_v2,static,0.27979981801637854,0.03683464885650678
power,KFC_v2,static,0.2799514710342736,0.03683464885650678
power,KFC_v2,static,0.28010312405216864,0.03683464885650678
power,KFC_v2,static,0.2802547770700637,0.03683464885650678
power,KFC_v2,static,0.28040643008795874,0.03683464885650678
power,KFC_v2,static,0.28055808310585384,0.03683464885650678
power,KFC_v2,static,0.2807097361237489,0.03683464885650678
power,KFC_v2,static,0.28086138914164394,0.03683464885650678
power,KFC_v2,static,0.281013042159539,0.03683464885650678
power,KFC_v2,static,0.28116469517743403,0.03683464885650678
power,KFC_v2,static,0.2813163481953291,0.03683464885650678
power,KFC_v2,static,0.28146800121322413,0.03683464885650678
power,KFC_v2,static,0.28161965423111923,0.03683464885650678
power,KFC_v2,static,0.2817713072490143,0.03683464885650678
power,KFC_v2,static,0.28192296026690933,0.03683464885650678
power,KFC_v2,static,0.2820746132848044,0.03683464885650678
power,KFC_v2,static,0.2822262663026994,0.03683464885650678
power,KFC_v2,static,0.2823779193205945,0.03683464885650678
power,KFC_v2,static,0.2825295723384895,0.03683464885650678
power,KFC_v2,static,0.2826812253563846,0.03683464885650678
power,KFC_v2,static,0.2828328783742797,0.03683464885650678
power,KFC_v2,static,0.2829845313921747,0.03683464885650678
power,KFC_v2,static,0.28313618441006977,0.03683464885650678
power,KFC_v2,static,0.2832878374279648,0.03683464885650678
power,KFC_v2,static,0.28343949044585987,0.03683464885650678
power,KFC_v2,static,0.2835911434637549,0.03683464885650678
power,KFC_v2,static,0.28374279648165,0.03683464885650678
power,KFC_v2,static,0.28389444949954507,0.03683464885650678
power,KFC_v2,static,0.2840461025174401,0.03683464885650678
power,KFC_v2,static,0.28419775553533516,0.03683464885650678
power,KFC_v2,static,0.2843494085532302,0.03683464885650678
power,KFC_v2,static,0.28450106157112526,0.03683464885650678
power,KFC_v2,static,0.2846527145890203,0.03683464885650678
power,KFC_v2,static,0.2848043676069154,0.03683464885650678
power,KFC_v2,static,0.28495602062481046,0.03683464885650678
power,KFC_v2,static,0.2851076736427055,0.03683464885650678
power,KFC_v2,static,0.28525932666060055,0.03683464885650678
power,KFC_v2,static,0.2854109796784956,0.03683464885650678
power,KFC_v2,static,0.28556263269639065,0.03683464885650678
power,KFC_v2,static,0.2857142857142857,0.03683464885650678
power,KFC_v2,static,0.2858659387321808,0.03683464885650678
power,KFC_v2,static,0.28601759175007585,0.03683464885650678
power,KFC_v2,static,0.2861692447679709,0.03683464885650678
power,KFC_v2,static,0.28632089778586595,0.03683464885650678
power,KFC_v2,static,0.286472550803761,0.03683464885650678
power,KFC_v2,static,0.28662420382165604,0.03683464885650678
power,KFC_v2,static,0.2867758568395511,0.03683464885650678
power,KFC_v2,static,0.2869275098574462,0.03683464885650678
power,KFC_v2,static,0.28707916287534124,0.03683464885650678
power,KFC_v2,static,0.2872308158932363,0.03683464885650678
power,KFC_v2,static,0.28738246891113134,0.03683464885650678
power,KFC_v2,static,0.2875341219290264,0.03683464885650678
power,KFC_v2,static,0.28768577494692144,0.03683464885650678
power,KFC_v2,static,0.2878374279648165,0.03683464885650678
power,KFC_v2,static,0.2879890809827116,0.03683464885650678
power,KFC_v2,static,0.28814073400060664,0.03683464885650678
power,KFC_v2,static,0.2882923870185017,0.03683464885650678
power,KFC_v2,static,0.28844404003639673,0.03683464885650678
power,KFC_v2,static,0.2885956930542918,0.03683464885650678
power,KFC_v2,static,0.28874734607218683,0.03683464885650678
power,KFC_v2,static,0.2888989990900819,0.03683464885650678
power,KFC_v2,static,0.289050652107977,0.03683464885650678
power,KFC_v2,static,0.28920230512587203,0.03683464885650678
power,KFC_v2,static,0.2893539581437671,0.03683464885650678
power,KFC_v2,static,0.2895056111616621,0.03683464885650678
power,KFC_v2,static,0.2896572641795572,0.03683464885650678
power,KFC_v2,static,0.2898089171974522,0.03683464885650678
power,KFC_v2,static,0.28996057021534727,0.03683464885650678
power,KFC_v2,static,0.2901122232332424,0.03683464885650678
power,KFC_v2,static,0.2902638762511374,0.03683464885650678
power,KFC_v2,static,0.29041552926903247,0.03683464885650678
power,KFC_v2,static,0.2905671822869275,0.03683464885650678
power,KFC_v2,static,0.29071883530482256,0.03683464885650678
power,KFC_v2,static,0.2908704883227176,0.03683464885650678
power,KFC_v2,static,0.29102214134061266,0.03683464885650678
power,KFC_v2,static,0.29117379435850776,0.03683464885650678
power,KFC_v2,static,0.2913254473764028,0.03683464885650678
power,KFC_v2,static,0.29147710039429786,0.03683464885650678
power,KFC_v2,static,0.2916287534121929,0.03683464885650678
power,KFC_v2,static,0.29178040643008796,0.03683464885650678
power,KFC_v2,static,0.291932059447983,0.03683464885650678
power,KFC_v2,static,0.29208371246587805,0.03683464885650678
power,KFC_v2,static,0.29223536548377316,0.03683464885650678
power,KFC_v2,static,0.2923870185016682,0.03683464885650678
power,KFC_v2,static,0.29253867151956325,0.03683464885650678
power,KFC_v2,static,0.2926903245374583,0.03683464885650678
power,KFC_v2,static,0.29284197755535335,0.03683464885650678
power,KFC_v2,static,0.2929936305732484,0.03683464885650678
power,KFC_v2,static,0.29314528359114345,0.03683464885650678
power,KFC_v2,static,0.29329693660903855,0.03683464885650678
power,KFC_v2,static,0.2934485896269336,0.03683464885650678
power,KFC_v2,static,0.29360024264482865,0.03683464885650678
power,KFC_v2,static,0.2937518956627237,0.03683464885650678
power,KFC_v2,static,0.29390354868061874,0.03683464885650678
power,KFC_v2,static,0.2940552016985138,0.03683464885650678
power,KFC_v2,static,0.29420685471640884,0.03683464885650678
power,KFC_v2,static,0.29435850773430394,0.03683464885650678
power,KFC_v2,static,0.294510160752199,0.03683464885650678
power,KFC_v2,static,0.29466181377009404,0.03683464885650678
power,KFC_v2,static,0.2948134667879891,0.03683464885650678
power,KFC_v2,static,0.29496511980588414,0.03683464885650678
power,KFC_v2,static,0.2951167728237792,0.03683464885650678
power,KFC_v2,static,0.2952684258416743,0.03683464885650678
power,KFC_v2,static,0.29542007885956933,0.03683464885650678
power,KFC_v2,static,0.2955717318774644,0.03683464885650678
power,KFC_v2,static,0.29572338489535943,0.03683464885650678
power,KFC_v2,static,0.2958750379132545,0.03683464885650678
power,KFC_v2,static,0.2960266909311495,0.03683464885650678
power,KFC_v2,static,0.2961783439490446,0.03683464885650678
power,KFC_v2,static,0.2963299969669397,0.03683464885650678
power,KFC_v2,static,0.2964816499848347,0.03683464885650678
power,KFC_v2,static,0.2966333030027298,0.03683464885650678
power,KFC_v2,static,0.2967849560206248,0.03683464885650678
power,KFC_v2,static,0.29693660903851987,0.03683464885650678
power,KFC_v2,static,0.2970882620564149,0.03683464885650678
power,KFC_v2,static,0.29723991507430997,0.03683464885650678
power,KFC_v2,static,0.29739156809220507,0.03683464885650678
power,KFC_v2,static,0.2975432211101001,0.03683464885650678
power,KFC_v2,static,0.29769487412799517,0.03683464885650678
power,KFC_v2,static,0.2978465271458902,0.03683464885650678
power,KFC_v2,static,0.29799818016378526,0.03683464885650678
power,KFC_v2,static,0.2981498331816803,0.03683464885650678
power,KFC_v2,static,0.29830148619957536,0.03683464885650678
power,KFC_v2,static,0.29845313921747046,0.03683464885650678
power,KFC_v2,static,0.2986047922353655,0.03683464885650678
power,KFC_v2,static,0.29875644525326056,0.03683464885650678
power,KFC_v2,static,0.2989080982711556,0.03683464885650678
power,KFC_v2,static,0.29905975128905066,0.03683464885650678
power,KFC_v2,static,0.2992114043069457,0.03683464885650678
power,KFC_v2,static,0.29936305732484075,0.03683464885650678
power,KFC_v2,static,0.29951471034273586,0.03683464885650678
power,KFC_v2,static,0.2996663633606309,0.03683464885650678
power,KFC_v2,static,0.29981801637852595,0.03683464885650678
power,KFC_v2,static,0.299969669396421,0.03683464885650678
power,KFC_v2,static,0.30012132241431605,0.03683464885650678
power,KFC_v2,static,0.3002729754322111,0.03683464885650678
power,KFC_v2,static,0.30042462845010615,0.03683464885650678
power,KFC_v2,static,0.30057628146800125,0.03683464885650678
power,KFC_v2,static,0.3007279344858963,0.03683464885650678
power,KFC_v2,static,0.30087958750379135,0.03683464885650678
power,KFC_v2,static,0.3010312405216864,0.03683464885650678
power,KFC_v2,static,0.30118289353958144,0.03683464885650678
power,KFC_v2,static,0.3013345465574765,0.03683464885650678
power,KFC_v2,static,0.30148619957537154,0.03683464885650678
power,KFC_v2,static,0.30163785259326664,0.03683464885650678
power,KFC_v2,static,0.3017895056111617,0.036632260675976525
power,KFC_v2,static,0.30194115862905674,0.036632260675976525
power,KFC_v2,static,0.3020928116469518,0.036632260675976525
power,KFC_v2,static,0.30224446466484683,0.036632260675976525
power,KFC_v2,static,0.3023961176827419,0.036632260675976525
power,KFC_v2,static,0.30254777070063693,0.036632260675976525
power,KFC_v2,static,0.30269942371853203,0.036632260675976525
power,KFC_v2,static,0.3028510767364271,0.036632260675976525
power,KFC_v2,static,0.30300272975432213,0.036632260675976525
power,KFC_v2,static,0.3031543827722172,0.036632260675976525
power,KFC_v2,static,0.3033060357901122,0.036632260675976525
power,KFC_v2,static,0.3034576888080073,0.036632260675976525
power,KFC_v2,static,0.3036093418259023,0.036632260675976525
power,KFC_v2,static,0.3037609948437974,0.036632260675976525
power,KFC_v2,static,0.3039126478616925,0.036632260675976525
power,KFC_v2,static,0.3040643008795875,0.036632260675976525
power,KFC_v2,static,0.30421595389748257,0.036632260675976525
power,KFC_v2,static,0.3043676069153776,0.036632260675976525
power,KFC_v2,static,0.30451925993327267,0.03622748431491601
power,KFC_v2,static,0.3046709129511677,0.03622748431491601
power,KFC_v2,static,0.3048225659690628,0.03622748431491601
power,KFC_v2,static,0.30497421898695787,0.03622748431491601
power,KFC_v2,static,0.3051258720048529,0.03622748431491601
power,KFC_v2,static,0.30527752502274796,0.03622748431491601
power,KFC_v2,static,0.305429178040643,0.03622748431491601
power,KFC_v2,static,0.30558083105853806,0.03622748431491601
power,KFC_v2,static,0.3057324840764331,0.03622748431491601
power,KFC_v2,static,0.3058841370943282,0.03622748431491601
power,KFC_v2,static,0.30603579011222326,0.03622748431491601
power,KFC_v2,static,0.3061874431301183,0.03622748431491601
power,KFC_v2,static,0.30633909614801336,0.03622748431491601
power,KFC_v2,static,0.3064907491659084,0.03622748431491601
power,KFC_v2,static,0.30664240218380345,0.03622748431491601
power,KFC_v2,static,0.3067940552016985,0.03622748431491601
power,KFC_v2,static,0.3069457082195936,0.03622748431491601
power,KFC_v2,static,0.30709736123748865,0.03622748431491601
power,KFC_v2,static,0.3072490142553837,0.03622748431491601
power,KFC_v2,static,0.30740066727327875,0.03622748431491601
power,KFC_v2,static,0.3075523202911738,0.03622748431491601
power,KFC_v2,static,0.30770397330906885,0.03622748431491601
power,KFC_v2,static,0.3078556263269639,0.03622748431491601
power,KFC_v2,static,0.308007279344859,0.03622748431491601
power,KFC_v2,static,0.30815893236275405,0.03622748431491601
power,KFC_v2,static,0.3083105853806491,0.03622748431491601
power,KFC_v2,static,0.30846223839854414,0.03622748431491601
power,KFC_v2,static,0.3086138914164392,0.03622748431491601
power,KFC_v2,static,0.30876554443433424,0.03622748431491601
power,KFC_v2,static,0.3089171974522293,0.03622748431491601
power,KFC_v2,static,0.3090688504701244,0.03622748431491601
power,KFC_v2,static,0.30922050348801944,0.03622748431491601
power,KFC_v2,static,0.3093721565059145,0.03622748431491601
power,KFC_v2,static,0.30952380952380953,0.03622748431491601
power,KFC_v2,static,0.3096754625417046,0.03622748431491601
power,KFC_v2,static,0.30982711555959963,0.03622748431491601
power,KFC_v2,static,0.3099787685774947,0.03622748431491601
power,KFC_v2,static,0.3101304215953898,0.03622748431491601
power,KFC_v2,static,0.31028207461328483,0.03622748431491601
power,KFC_v2,static,0.3104337276311799,0.03622748431491601
power,KFC_v2,static,0.3105853806490749,0.03622748431491601
power,KFC_v2,static,0.31073703366697,0.03622748431491601
power,KFC_v2,static,0.310888686684865,0.03622748431491601
power,KFC_v2,static,0.31104033970276007,0.03622748431491601
power,KFC_v2,static,0.3111919927206552,0.03622748431491601
power,KFC_v2,static,0.3113436457385502,0.03622748431491601
power,KFC_v2,static,0.31149529875644527,0.03622748431491601
power,KFC_v2,static,0.3116469517743403,0.03622748431491601
power,KFC_v2,static,0.31179860479223537,0.03622748431491601
power,KFC_v2,static,0.3119502578101304,0.03622748431491601
power,KFC_v2,static,0.31210191082802546,0.03622748431491601
power,KFC_v2,static,0.31225356384592057,0.03622748431491601
power,KFC_v2,static,0.3124052168638156,0.03622748431491601
power,KFC_v2,static,0.31255686988171066,0.03622748431491601
power,KFC_v2,static,0.3127085228996057,0.03622748431491601
power,KFC_v2,static,0.31286017591750076,0.03622748431491601
power,KFC_v2,static,0.3130118289353958,0.03622748431491601
power,KFC_v2,static,0.31316348195329086,0.03622748431491601
power,KFC_v2,static,0.31331513497118596,0.03622748431491601
power,KFC_v2,static,0.313466787989081,0.03622748431491601
power,KFC_v2,static,0.31361844100697606,0.03622748431491601
power,KFC_v2,static,0.3137700940248711,0.03622748431491601
power,KFC_v2,static,0.31392174704276615,0.03622748431491601
power,KFC_v2,static,0.3140734000606612,0.03622748431491601
power,KFC_v2,static,0.31422505307855625,0.03622748431491601
power,KFC_v2,static,0.31437670609645135,0.03622748431491601
power,KFC_v2,static,0.3145283591143464,0.03622748431491601
power,KFC_v2,static,0.31468001213224145,0.03622748431491601
power,KFC_v2,static,0.3148316651501365,0.03622748431491601
power,KFC_v2,static,0.31498331816803155,0.03622748431491601
power,KFC_v2,static,0.3151349711859266,0.03622748431491601
power,KFC_v2,static,0.31528662420382164,0.03622748431491601
power,KFC_v2,static,0.31543827722171675,0.03622748431491601
power,KFC_v2,static,0.3155899302396118,0.03622748431491601
power,KFC_v2,static,0.31574158325750684,0.03622748431491601
power,KFC_v2,static,0.3158932362754019,0.03622748431491601
power,KFC_v2,static,0.31604488929329694,0.03622748431491601
power,KFC_v2,static,0.316196542311192,0.03622748431491601
power,KFC_v2,static,0.31634819532908703,0.03622748431491601
power,KFC_v2,static,0.31649984834698214,0.03622748431491601
power,KFC_v2,static,0.3166515013648772,0.03622748431491601
power,KFC_v2,static,0.31680315438277223,0.03622748431491601
power,KFC_v2,static,0.3169548074006673,0.03622748431491601
power,KFC_v2,static,0.31710646041856233,0.03622748431491601
power,KFC_v2,static,0.3172581134364574,0.03622748431491601
power,KFC_v2,static,0.3174097664543524,0.03622748431491601
power,KFC_v2,static,0.31756141947224753,0.03622748431491601
power,KFC_v2,static,0.3177130724901426,0.03622748431491601
power,KFC_v2,static,0.3178647255080376,0.03622748431491601
power,KFC_v2,static,0.3180163785259327,0.03622748431491601
power,KFC_v2,static,0.3181680315438277,0.03622748431491601
power,KFC_v2,static,0.31831968456172277,0.03602509613438575
power,KFC_v2,static,0.3184713375796178,0.03602509613438575
power,KFC_v2,static,0.3186229905975129,0.03602509613438575
power,KFC_v2,static,0.31877464361540797,0.03602509613438575
power,KFC_v2,static,0.318926296633303,0.03602509613438575
power,KFC_v2,static,0.31907794965119807,0.03602509613438575
power,KFC_v2,static,0.3192296026690931,0.03602509613438575
power,KFC_v2,static,0.31938125568698816,0.03602509613438575
power,KFC_v2,static,0.3195329087048832,0.03602509613438575
power,KFC_v2,static,0.3196845617227783,0.03602509613438575
power,KFC_v2,static,0.31983621474067336,0.03602509613438575
power,KFC_v2,static,0.3199878677585684,0.03602509613438575
power,KFC_v2,static,0.32013952077646346,0.03602509613438575
power,KFC_v2,static,0.3202911737943585,0.03602509613438575
power,KFC_v2,static,0.32044282681225356,0.03602509613438575
power,KFC_v2,static,0.3205944798301486,0.03602509613438575
power,KFC_v2,static,0.3207461328480437,0.035215543412264724
power,KFC_v2,static,0.32089778586593876,0.035215543412264724
power,KFC_v2,static,0.3210494388838338,0.035215543412264724
power,KFC_v2,static,0.32120109190172885,0.035215543412264724
power,KFC_v2,static,0.3213527449196239,0.035215543412264724
power,KFC_v2,static,0.32150439793751895,0.035215543412264724
power,KFC_v2,static,0.321656050955414,0.035215543412264724
power,KFC_v2,static,0.3218077039733091,0.035215543412264724
power,KFC_v2,static,0.32195935699120415,0.035215543412264724
power,KFC_v2,static,0.3221110100090992,0.035215543412264724
power,KFC_v2,static,0.32226266302699424,0.035215543412264724
power,KFC_v2,static,0.3224143160448893,0.035215543412264724
power,KFC_v2,static,0.32256596906278434,0.035215543412264724
power,KFC_v2,static,0.3227176220806794,0.035215543412264724
power,KFC_v2,static,0.3228692750985745,0.035215543412264724
power,KFC_v2,static,0.32302092811646954,0.035215543412264724
power,KFC_v2,static,0.3231725811343646,0.035215543412264724
power,KFC_v2,static,0.32332423415225964,0.035215543412264724
power,KFC_v2,static,0.3234758871701547,0.035215543412264724
power,KFC_v2,static,0.32362754018804973,0.035215543412264724
power,KFC_v2,static,0.3237791932059448,0.035215543412264724
power,KFC_v2,static,0.3239308462238399,0.035215543412264724
power,KFC_v2,static,0.32408249924173493,0.035215543412264724
power,KFC_v2,static,0.32423415225963,0.035215543412264724
power,KFC_v2,static,0.32438580527752503,0.035215543412264724
power,KFC_v2,static,0.3245374582954201,0.035215543412264724
power,KFC_v2,static,0.3246891113133151,0.035215543412264724
power,KFC_v2,static,0.3248407643312102,0.035215543412264724
power,KFC_v2,static,0.3249924173491053,0.035215543412264724
power,KFC_v2,static,0.3251440703670003,0.035215543412264724
power,KFC_v2,static,0.3252957233848954,0.035215543412264724
power,KFC_v2,static,0.3254473764027904,0.035215543412264724
power,KFC_v2,static,0.32559902942068547,0.035215543412264724
power,KFC_v2,static,0.3257506824385805,0.035215543412264724
power,KFC_v2,static,0.32590233545647557,0.035215543412264724
power,KFC_v2,static,0.32605398847437067,0.035215543412264724
power,KFC_v2,static,0.3262056414922657,0.035215543412264724
power,KFC_v2,static,0.32635729451016077,0.035215543412264724
power,KFC_v2,static,0.3265089475280558,0.035215543412264724
power,KFC_v2,static,0.32666060054595086,0.035215543412264724
power,KFC_v2,static,0.3268122535638459,0.035215543412264724
power,KFC_v2,static,0.326963906581741,0.035215543412264724
power,KFC_v2,static,0.32711555959963606,0.035215543412264724
power,KFC_v2,static,0.3272672126175311,0.035215543412264724
power,KFC_v2,static,0.32741886563542616,0.035215543412264724
power,KFC_v2,static,0.3275705186533212,0.035215543412264724
power,KFC_v2,static,0.32772217167121626,0.035215543412264724
power,KFC_v2,static,0.3278738246891113,0.035215543412264724
power,KFC_v2,static,0.3280254777070064,0.035215543412264724
power,KFC_v2,static,0.32817713072490146,0.035215543412264724
power,KFC_v2,static,0.3283287837427965,0.035215543412264724
power,KFC_v2,static,0.32848043676069155,0.035215543412264724
power,KFC_v2,static,0.3286320897785866,0.035215543412264724
power,KFC_v2,static,0.32878374279648165,0.035215543412264724
power,KFC_v2,static,0.3289353958143767,0.035215543412264724
power,KFC_v2,static,0.3290870488322718,0.035215543412264724
power,KFC_v2,static,0.32923870185016685,0.035215543412264724
power,KFC_v2,static,0.3293903548680619,0.035215543412264724
power,KFC_v2,static,0.32954200788595694,0.035215543412264724
power,KFC_v2,static,0.329693660903852,0.035215543412264724
power,KFC_v2,static,0.32984531392174704,0.03501315523173447
power,KFC_v2,static,0.3299969669396421,0.03501315523173447
power,KFC_v2,static,0.3301486199575372,0.03501315523173447
power,KFC_v2,static,0.33030027297543224,0.03501315523173447
power,KFC_v2,static,0.3304519259933273,0.03501315523173447
power,KFC_v2,static,0.33060357901122234,0.03501315523173447
power,KFC_v2,static,0.3307552320291174,0.03501315523173447
power,KFC_v2,static,0.33090688504701243,0.03501315523173447
power,KFC_v2,static,0.3310585380649075,0.03501315523173447
power,KFC_v2,static,0.3312101910828026,0.03501315523173447
power,KFC_v2,static,0.33136184410069763,0.03501315523173447
power,KFC_v2,static,0.3315134971185927,0.03501315523173447
power,KFC_v2,static,0.33166515013648773,0.03501315523173447
power,KFC_v2,static,0.3318168031543828,0.03501315523173447
power,KFC_v2,static,0.3319684561722778,0.03501315523173447
power,KFC_v2,static,0.3321201091901729,0.03501315523173447
power,KFC_v2,static,0.332271762208068,0.03501315523173447
power,KFC_v2,static,0.332423415225963,0.03501315523173447
power,KFC_v2,static,0.3325750682438581,0.03501315523173447
power,KFC_v2,static,0.3327267212617531,0.03501315523173447
power,KFC_v2,static,0.33287837427964817,0.03501315523173447
power,KFC_v2,static,0.3330300272975432,0.03501315523173447
power,KFC_v2,static,0.33318168031543827,0.03501315523173447
power,KFC_v2,static,0.33333333333333337,0.03501315523173447
power,KFC_v2,static,0.3334849863512284,0.03501315523173447
power,KFC_v2,static,0.33363663936912347,0.03501315523173447
power,KFC_v2,static,0.3337882923870185,0.03501315523173447
power,KFC_v2,static,0.33393994540491356,0.03501315523173447
power,KFC_v2,static,0.3340915984228086,0.03460837887067395
power,KFC_v2,static,0.33424325144070366,0.03460837887067395
power,KFC_v2,static,0.33439490445859876,0.03460837887067395
power,KFC_v2,static,0.3345465574764938,0.03460837887067395
power,KFC_v2,static,0.33469821049438886,0.03460837887067395
power,KFC_v2,static,0.3348498635122839,0.03460837887067395
power,KFC_v2,static,0.33500151653017896,0.03460837887067395
power,KFC_v2,static,0.335153169548074,0.03420360250961344
power,KFC_v2,static,0.33530482256596905,0.033394049787492414
power,KFC_v2,static,0.33545647558386416,0.033394049787492414
power,KFC_v2,static,0.3356081286017592,0.033394049787492414
power,KFC_v2,static,0.33575978161965425,0.033394049787492414
power,KFC_v2,static,0.3359114346375493,0.033394049787492414
power,KFC_v2,static,0.33606308765544435,0.033394049787492414
power,KFC_v2,static,0.3362147406733394,0.033394049787492414
power,KFC_v2,static,0.33636639369123444,0.033394049787492414
power,KFC_v2,static,0.33651804670912955,0.033394049787492414
power,KFC_v2,static,0.3366696997270246,0.033394049787492414
power,KFC_v2,static,0.33682135274491964,0.033394049787492414
power,KFC_v2,static,0.3369730057628147,0.033394049787492414
power,KFC_v2,static,0.33712465878070974,0.033394049787492414
power,KFC_v2,static,0.3372763117986048,0.033394049787492414
power,KFC_v2,static,0.33742796481649984,0.033394049787492414
power,KFC_v2,static,0.33757961783439494,0.033394049787492414
power,KFC_v2,static,0.33773127085229,0.033394049787492414
power,KFC_v2,static,0.33788292387018504,0.033394049787492414
power,KFC_v2,static,0.3380345768880801,0.033394049787492414
power,KFC_v2,static,0.33818622990597513,0.033394049787492414
power,KFC_v2,static,0.3383378829238702,0.033394049787492414
power,KFC_v2,static,0.33848953594176523,0.033394049787492414
power,KFC_v2,static,0.33864118895966033,0.033394049787492414
power,KFC_v2,static,0.3387928419775554,0.033394049787492414
power,KFC_v2,static,0.33894449499545043,0.033394049787492414
power,KFC_v2,static,0.3390961480133455,0.033394049787492414
power,KFC_v2,static,0.3392478010312405,0.033394049787492414
power,KFC_v2,static,0.3393994540491356,0.033394049787492414
power,KFC_v2,static,0.3395511070670306,0.033394049787492414
power,KFC_v2,static,0.3397027600849257,0.033394049787492414
power,KFC_v2,static,0.3398544131028208,0.033394049787492414
power,KFC_v2,static,0.3400060661207158,0.033394049787492414
power,KFC_v2,static,0.34015771913861087,0.033394049787492414
power,KFC_v2,static,0.3403093721565059,0.033394049787492414
power,KFC_v2,static,0.34046102517440097,0.033394049787492414
power,KFC_v2,static,0.340612678192296,0.033394049787492414
power,KFC_v2,static,0.3407643312101911,0.033394049787492414
power,KFC_v2,static,0.34091598422808617,0.033394049787492414
power,KFC_v2,static,0.3410676372459812,0.033394049787492414
power,KFC_v2,static,0.34121929026387626,0.033394049787492414
power,KFC_v2,static,0.3413709432817713,0.033394049787492414
power,KFC_v2,static,0.34152259629966636,0.033394049787492414
power,KFC_v2,static,0.3416742493175614,0.033394049787492414
power,KFC_v2,static,0.3418259023354565,0.033394049787492414
power,KFC_v2,static,0.34197755535335156,0.033394049787492414
power,KFC_v2,static,0.3421292083712466,0.033394049787492414
power,KFC_v2,static,0.34228086138914166,0.033394049787492414
power,KFC_v2,static,0.3424325144070367,0.03278688524590164
power,KFC_v2,static,0.34258416742493175,0.03278688524590164
power,KFC_v2,static,0.3427358204428268,0.03278688524590164
power,KFC_v2,static,0.3428874734607219,0.03278688524590164
power,KFC_v2,static,0.34303912647861695,0.03278688524590164
power,KFC_v2,static,0.343190779496512,0.03278688524590164
power,KFC_v2,static,0.34334243251440705,0.03278688524590164
power,KFC_v2,static,0.3434940855323021,0.03278688524590164
power,KFC_v2,static,0.34364573855019714,0.03278688524590164
power,KFC_v2,static,0.3437973915680922,0.03278688524590164
power,KFC_v2,static,0.3439490445859873,0.03278688524590164
power,KFC_v2,static,0.34410069760388234,0.03278688524590164
power,KFC_v2,static,0.3442523506217774,0.03278688524590164
power,KFC_v2,static,0.34440400363967244,0.03278688524590164
power,KFC_v2,static,0.3445556566575675,0.03278688524590164
power,KFC_v2,static,0.34470730967546254,0.03278688524590164
power,KFC_v2,static,0.3448589626933576,0.032382108884841124
power,KFC_v2,static,0.3450106157112527,0.032382108884841124
power,KFC_v2,static,0.34516226872914774,0.032382108884841124
power,KFC_v2,static,0.3453139217470428,0.032382108884841124
power,KFC_v2,static,0.34546557476493783,0.032382108884841124
power,KFC_v2,static,0.3456172277828329,0.032382108884841124
power,KFC_v2,static,0.34576888080072793,0.032382108884841124
power,KFC_v2,static,0.345920533818623,0.032382108884841124
power,KFC_v2,static,0.3460721868365181,0.032382108884841124
power,KFC_v2,static,0.34622383985441313,0.032382108884841124
power,KFC_v2,static,0.3463754928723082,0.032382108884841124
power,KFC_v2,static,0.3465271458902032,0.032382108884841124
power,KFC_v2,static,0.3466787989080983,0.032382108884841124
power,KFC_v2,static,0.3468304519259933,0.032382108884841124
power,KFC_v2,static,0.34698210494388837,0.032382108884841124
power,KFC_v2,static,0.3471337579617835,0.032382108884841124
power,KFC_v2,static,0.3472854109796785,0.032382108884841124
power,KFC_v2,static,0.34743706399757357,0.032382108884841124
power,KFC_v2,static,0.3475887170154686,0.032382108884841124
power,KFC_v2,static,0.34774037003336367,0.032382108884841124
power,KFC_v2,static,0.3478920230512587,0.032382108884841124
power,KFC_v2,static,0.34804367606915376,0.032382108884841124
power,KFC_v2,static,0.34819532908704887,0.032382108884841124
power,KFC_v2,static,0.3483469821049439,0.03217972070431087
power,KFC_v2,static,0.34849863512283896,0.03197733252378061
power,KFC_v2,static,0.348650288140734,0.03197733252378061
power,KFC_v2,static,0.34880194115862906,0.03197733252378061
power,KFC_v2,static,0.3489535941765241,0.03197733252378061
power,KFC_v2,static,0.34910524719441915,0.03197733252378061
power,KFC_v2,static,0.34925690021231426,0.03197733252378061
power,KFC_v2,static,0.3494085532302093,0.03197733252378061
power,KFC_v2,static,0.34956020624810435,0.03197733252378061
power,KFC_v2,static,0.3497118592659994,0.03197733252378061
power,KFC_v2,static,0.34986351228389445,0.03197733252378061
power,KFC_v2,static,0.3500151653017895,0.03197733252378061
power,KFC_v2,static,0.35016681831968455,0.03197733252378061
power,KFC_v2,static,0.35031847133757965,0.03197733252378061
power,KFC_v2,static,0.3504701243554747,0.03197733252378061
power,KFC_v2,static,0.35062177737336975,0.03197733252378061
power,KFC_v2,static,0.3507734303912648,0.03197733252378061
power,KFC_v2,static,0.35092508340915984,0.03197733252378061
power,KFC_v2,static,0.3510767364270549,0.03197733252378061
power,KFC_v2,static,0.35122838944494994,0.03197733252378061
power,KFC_v2,static,0.35138004246284504,0.03197733252378061
power,KFC_v2,static,0.3515316954807401,0.03197733252378061
power,KFC_v2,static,0.35168334849863514,0.03197733252378061
power,KFC_v2,static,0.3518350015165302,0.03197733252378061
power,KFC_v2,static,0.35198665453442524,0.03197733252378061
power,KFC_v2,static,0.3521383075523203,0.03197733252378061
power,KFC_v2,static,0.35228996057021533,0.03197733252378061
power,KFC_v2,static,0.35244161358811044,0.029143897996357013
power,KFC_v2,static,0.3525932666060055,0.029143897996357013
power,KFC_v2,static,0.35274491962390053,0.029143897996357013
power,KFC_v2,static,0.3528965726417956,0.029143897996357013
power,KFC_v2,static,0.35304822565969063,0.029143897996357013
power,KFC_v2,static,0.3531998786775857,0.029143897996357013
power,KFC_v2,static,0.3533515316954807,0.029143897996357013
power,KFC_v2,static,0.35350318471337583,0.029143897996357013
power,KFC_v2,static,0.3536548377312709,0.029143897996357013
power,KFC_v2,static,0.3538064907491659,0.029143897996357013
power,KFC_v2,static,0.353958143767061,0.029143897996357013
power,KFC_v2,static,0.354109796784956,0.029143897996357013
power,KFC_v2,static,0.35426144980285107,0.025500910746812388
power,KFC_v2,static,0.3544131028207461,0.025500910746812388
power,KFC_v2,static,0.3545647558386412,0.025500910746812388
power,KFC_v2,static,0.35471640885653627,0.025500910746812388
power,KFC_v2,static,0.3548680618744313,0.025500910746812388
power,KFC_v2,static,0.35501971489232637,0.025500910746812388
power,KFC_v2,static,0.3551713679102214,0.025500910746812388
power,KFC_v2,static,0.35532302092811646,0.025500910746812388
power,KFC_v2,static,0.3554746739460115,0.025500910746812388
power,KFC_v2,static,0.3556263269639066,0.025500910746812388
power,KFC_v2,static,0.35577797998180166,0.025500910746812388
power,KFC_v2,static,0.3559296329996967,0.025500910746812388
power,KFC_v2,static,0.35608128601759176,0.025500910746812388
power,KFC_v2,static,0.3562329390354868,0.025500910746812388
power,KFC_v2,static,0.35638459205338185,0.025500910746812388
power,KFC_v2,static,0.3565362450712769,0.025500910746812388
power,KFC_v2,static,0.356687898089172,0.025500910746812388
power,KFC_v2,static,0.35683955110706705,0.02529852256628213
power,KFC_v2,static,0.3569912041249621,0.02529852256628213
power,KFC_v2,static,0.35714285714285715,0.02529852256628213
power,KFC_v2,static,0.3572945101607522,0.02529852256628213
power,KFC_v2,static,0.35744616317864725,0.02529852256628213
power,KFC_v2,static,0.35759781619654235,0.02529852256628213
power,KFC_v2,static,0.3577494692144374,0.02529852256628213
power,KFC_v2,static,0.35790112223233245,0.02529852256628213
power,KFC_v2,static,0.3580527752502275,0.02529852256628213
power,KFC_v2,static,0.35820442826812254,0.02529852256628213
power,KFC_v2,static,0.3583560812860176,0.02529852256628213
power,KFC_v2,static,0.35850773430391264,0.02529852256628213
power,KFC_v2,static,0.35865938732180774,0.02529852256628213
power,KFC_v2,static,0.3588110403397028,0.02529852256628213
power,KFC_v2,static,0.35896269335759784,0.02529852256628213
power,KFC_v2,static,0.3591143463754929,0.02529852256628213
power,KFC_v2,static,0.35926599939338794,0.02529852256628213
power,KFC_v2,static,0.359417652411283,0.02529852256628213
power,KFC_v2,static,0.35956930542917803,0.02529852256628213
power,KFC_v2,static,0.35972095844707314,0.02529852256628213
power,KFC_v2,static,0.3598726114649682,0.02529852256628213
power,KFC_v2,static,0.36002426448286323,0.02529852256628213
power,KFC_v2,static,0.3601759175007583,0.022262699858328273
power,KFC_v2,static,0.36032757051865333,0.022262699858328273
power,KFC_v2,static,0.3604792235365484,0.022262699858328273
power,KFC_v2,static,0.3606308765544434,0.022262699858328273
power,KFC_v2,static,0.36078252957233853,0.022262699858328273
power,KFC_v2,static,0.3609341825902336,0.022262699858328273
power,KFC_v2,static,0.3610858356081286,0.022262699858328273
power,KFC_v2,static,0.3612374886260237,0.022262699858328273
power,KFC_v2,static,0.3613891416439187,0.022262699858328273
power,KFC_v2,static,0.36154079466181377,0.022262699858328273
power,KFC_v2,static,0.3616924476797088,0.022262699858328273
power,KFC_v2,static,0.3618441006976039,0.022262699858328273
power,KFC_v2,static,0.36199575371549897,0.022262699858328273
power,KFC_v2,static,0.362147406733394,0.022262699858328273
power,KFC_v2,static,0.36229905975128907,0.022262699858328273
power,KFC_v2,static,0.3624507127691841,0.022262699858328273
power,KFC_v2,static,0.36260236578707916,0.022262699858328273
power,KFC_v2,static,0.3627540188049742,0.022262699858328273
power,KFC_v2,static,0.3629056718228693,0.022262699858328273
power,KFC_v2,static,0.36305732484076436,0.022262699858328273
power,KFC_v2,static,0.3632089778586594,0.022262699858328273
power,KFC_v2,static,0.36336063087655446,0.022262699858328273
power,KFC_v2,static,0.3635122838944495,0.022262699858328273
power,KFC_v2,static,0.36366393691234455,0.022262699858328273
power,KFC_v2,static,0.3638155899302396,0.022262699858328273
power,KFC_v2,static,0.3639672429481347,0.022060311677798018
power,KFC_v2,static,0.36411889596602975,0.022060311677798018
power,KFC_v2,static,0.3642705489839248,0.022060311677798018
power,KFC_v2,static,0.36442220200181985,0.021453147136207246
power,KFC_v2,static,0.3645738550197149,0.021453147136207246
power,KFC_v2,static,0.36472550803760995,0.021453147136207246
power,KFC_v2,static,0.364877161055505,0.021453147136207246
power,KFC_v2,static,0.3650288140734001,0.021453147136207246
power,KFC_v2,static,0.36518046709129515,0.021453147136207246
power,KFC_v2,static,0.3653321201091902,0.021453147136207246
power,KFC_v2,static,0.36548377312708524,0.021453147136207246
power,KFC_v2,static,0.3656354261449803,0.021453147136207246
power,KFC_v2,static,0.36578707916287534,0.021453147136207246
power,KFC_v2,static,0.3659387321807704,0.021453147136207246
power,KFC_v2,static,0.3660903851986655,0.021453147136207246
power,KFC_v2,static,0.36624203821656054,0.021453147136207246
power,KFC_v2,static,0.3663936912344556,0.021453147136207246
power,KFC_v2,static,0.36654534425235064,0.021453147136207246
power,KFC_v2,static,0.3666969972702457,0.021453147136207246
power,KFC_v2,static,0.36684865028814073,0.021453147136207246
power,KFC_v2,static,0.3670003033060358,0.021453147136207246
power,KFC_v2,static,0.3671519563239309,0.021453147136207246
power,KFC_v2,static,0.36730360934182593,0.021453147136207246
power,KFC_v2,static,0.367455262359721,0.021453147136207246
power,KFC_v2,static,0.36760691537761603,0.021453147136207246
power,KFC_v2,static,0.3677585683955111,0.021453147136207246
power,KFC_v2,static,0.3679102214134061,0.021453147136207246
power,KFC_v2,static,0.3680618744313012,0.021453147136207246
power,KFC_v2,static,0.3682135274491963,0.021453147136207246
power,KFC_v2,static,0.3683651804670913,0.021453147136207246
power,KFC_v2,static,0.3685168334849864,0.021453147136207246
power,KFC_v2,static,0.3686684865028814,0.021453147136207246
power,KFC_v2,static,0.36882013952077647,0.021453147136207246
power,KFC_v2,static,0.3689717925386715,0.021453147136207246
power,KFC_v2,static,0.36912344555656657,0.021453147136207246
power,KFC_v2,static,0.36927509857446167,0.021453147136207246
power,KFC_v2,static,0.3694267515923567,0.021453147136207246
power,KFC_v2,static,0.36957840461025177,0.021453147136207246
power,KFC_v2,static,0.3697300576281468,0.021453147136207246
power,KFC_v2,static,0.36988171064604186,0.021453147136207246
power,KFC_v2,static,0.3700333636639369,0.021453147136207246
power,KFC_v2,static,0.37018501668183196,0.021453147136207246
power,KFC_v2,static,0.37033666969972706,0.021453147136207246
power,KFC_v2,static,0.3704883227176221,0.021453147136207246
power,KFC_v2,static,0.37063997573551716,0.021453147136207246
power,KFC_v2,static,0.3707916287534122,0.021453147136207246
power,KFC_v2,static,0.37094328177130725,0.021453147136207246
power,KFC_v2,static,0.3710949347892023,0.021250758955676987
power,KFC_v2,static,0.37124658780709735,0.021250758955676987
power,KFC_v2,static,0.37139824082499245,0.021250758955676987
power,KFC_v2,static,0.3715498938428875,0.021250758955676987
power,KFC_v2,static,0.37170154686078255,0.021250758955676987
power,KFC_v2,static,0.3718531998786776,0.021250758955676987
power,KFC_v2,static,0.37200485289657265,0.021250758955676987
power,KFC_v2,static,0.3721565059144677,0.021250758955676987
power,KFC_v2,static,0.37230815893236274,0.021250758955676987
power,KFC_v2,static,0.37245981195025785,0.021250758955676987
power,KFC_v2,static,0.3726114649681529,0.021250758955676987
power,KFC_v2,static,0.37276311798604794,0.021250758955676987
power,KFC_v2,static,0.372914771003943,0.021250758955676987
power,KFC_v2,static,0.37306642402183804,0.021250758955676987
power,KFC_v2,static,0.3732180770397331,0.021250758955676987
power,KFC_v2,static,0.37336973005762814,0.021250758955676987
power,KFC_v2,static,0.37352138307552324,0.021250758955676987
power,KFC_v2,static,0.3736730360934183,0.021250758955676987
power,KFC_v2,static,0.37382468911131334,0.021250758955676987
power,KFC_v2,static,0.3739763421292084,0.021250758955676987
power,KFC_v2,static,0.37412799514710343,0.021250758955676987
power,KFC_v2,static,0.3742796481649985,0.021250758955676987
power,KFC_v2,static,0.37443130118289353,0.021250758955676987
power,KFC_v2,static,0.37458295420078863,0.021250758955676987
power,KFC_v2,static,0.3747346072186837,0.021250758955676987
power,KFC_v2,static,0.37488626023657873,0.021250758955676987
power,KFC_v2,static,0.3750379132544738,0.021250758955676987
power,KFC_v2,static,0.3751895662723688,0.021250758955676987
power,KFC_v2,static,0.37534121929026387,0.021250758955676987
power,KFC_v2,static,0.3754928723081589,0.021250758955676987
power,KFC_v2,static,0.375644525326054,0.021250758955676987
power,KFC_v2,static,0.37579617834394907,0.021250758955676987
power,KFC_v2,static,0.3759478313618441,0.021250758955676987
power,KFC_v2,static,0.37609948437973917,0.021250758955676987
power,KFC_v2,static,0.3762511373976342,0.021250758955676987
power,KFC_v2,static,0.37640279041552926,0.021250758955676987
power,KFC_v2,static,0.3765544434334243,0.021250758955676987
power,KFC_v2,static,0.3767060964513194,0.021250758955676987
power,KFC_v2,static,0.37685774946921446,0.021250758955676987
power,KFC_v2,static,0.3770094024871095,0.021250758955676987
power,KFC_v2,static,0.37716105550500456,0.021250758955676987
power,KFC_v2,static,0.3773127085228996,0.021250758955676987
power,KFC_v2,static,0.37746436154079466,0.021250758955676987
power,KFC_v2,static,0.3776160145586897,0.021250758955676987
power,KFC_v2,static,0.3777676675765848,0.021250758955676987
power,KFC_v2,static,0.37791932059447986,0.021250758955676987
power,KFC_v2,static,0.3780709736123749,0.021250758955676987
power,KFC_v2,static,0.37822262663026995,0.021250758955676987
power,KFC_v2,static,0.378374279648165,0.021250758955676987
power,KFC_v2,static,0.37852593266606005,0.021250758955676987
power,KFC_v2,static,0.3786775856839551,0.021250758955676987
power,KFC_v2,static,0.3788292387018502,0.021250758955676987
power,KFC_v2,static,0.37898089171974525,0.021250758955676987
power,KFC_v2,static,0.3791325447376403,0.021250758955676987
power,KFC_v2,static,0.37928419775553535,0.021250758955676987
power,KFC_v2,static,0.3794358507734304,0.021250758955676987
power,KFC_v2,static,0.37958750379132544,0.021250758955676987
power,KFC_v2,static,0.3797391568092205,0.021250758955676987
power,KFC_v2,static,0.3798908098271156,0.021250758955676987
power,KFC_v2,static,0.38004246284501064,0.021250758955676987
power,KFC_v2,static,0.3801941158629057,0.021250758955676987
power,KFC_v2,static,0.38034576888080074,0.021250758955676987
power,KFC_v2,static,0.3804974218986958,0.021250758955676987
power,KFC_v2,static,0.38064907491659083,0.021250758955676987
power,KFC_v2,static,0.3808007279344859,0.021250758955676987
power,KFC_v2,static,0.380952380952381,0.021250758955676987
power,KFC_v2,static,0.38110403397027603,0.021250758955676987
power,KFC_v2,static,0.3812556869881711,0.021250758955676987
power,KFC_v2,static,0.38140734000606613,0.021250758955676987
power,KFC_v2,static,0.3815589930239612,0.021250758955676987
power,KFC_v2,static,0.3817106460418562,0.021250758955676987
power,KFC_v2,static,0.3818622990597513,0.021250758955676987
power,KFC_v2,static,0.3820139520776464,0.021250758955676987
power,KFC_v2,static,0.3821656050955414,0.021250758955676987
power,KFC_v2,static,0.3823172581134365,0.021250758955676987
power,KFC_v2,static,0.3824689111313315,0.021250758955676987
power,KFC_v2,static,0.38262056414922657,0.021250758955676987
power,KFC_v2,static,0.3827722171671216,0.021250758955676987
power,KFC_v2,static,0.38292387018501667,0.021250758955676987
power,KFC_v2,static,0.38307552320291177,0.021250758955676987
power,KFC_v2,static,0.3832271762208068,0.021250758955676987
power,KFC_v2,static,0.38337882923870187,0.021250758955676987
power,KFC_v2,static,0.3835304822565969,0.021250758955676987
power,KFC_v2,static,0.38368213527449196,0.021250758955676987
power,KFC_v2,static,0.383833788292387,0.021250758955676987
power,KFC_v2,static,0.38398544131028206,0.021250758955676987
power,KFC_v2,static,0.38413709432817716,0.021250758955676987
power,KFC_v2,static,0.3842887473460722,0.021250758955676987
power,KFC_v2,static,0.38444040036396726,0.021250758955676987
power,KFC_v2,static,0.3845920533818623,0.021250758955676987
power,KFC_v2,static,0.38474370639975736,0.021250758955676987
power,KFC_v2,static,0.3848953594176524,0.021250758955676987
power,KFC_v2,static,0.38504701243554745,0.021250758955676987
power,KFC_v2,static,0.38519866545344256,0.021250758955676987
power,KFC_v2,static,0.3853503184713376,0.021250758955676987
power,KFC_v2,static,0.38550197148923265,0.021250758955676987
power,KFC_v2,static,0.3856536245071277,0.021250758955676987
power,KFC_v2,static,0.38580527752502275,0.021250758955676987
power,KFC_v2,static,0.3859569305429178,0.021250758955676987
power,KFC_v2,static,0.38610858356081285,0.021250758955676987
power,KFC_v2,static,0.38626023657870795,0.021250758955676987
power,KFC_v2,static,0.386411889596603,0.021250758955676987
power,KFC_v2,static,0.38656354261449805,0.021250758955676987
power,KFC_v2,static,0.3867151956323931,0.021250758955676987
power,KFC_v2,static,0.38686684865028814,0.021250758955676987
power,KFC_v2,static,0.3870185016681832,0.021250758955676987
power,KFC_v2,static,0.38717015468607824,0.021250758955676987
power,KFC_v2,static,0.38732180770397334,0.021250758955676987
power,KFC_v2,static,0.3874734607218684,0.021250758955676987
power,KFC_v2,static,0.38762511373976344,0.021250758955676987
power,KFC_v2,static,0.3877767667576585,0.021250758955676987
power,KFC_v2,static,0.38792841977555353,0.021250758955676987
power,KFC_v2,static,0.3880800727934486,0.021250758955676987
power,KFC_v2,static,0.3882317258113437,0.021250758955676987
power,KFC_v2,static,0.38838337882923873,0.021250758955676987
power,KFC_v2,static,0.3885350318471338,0.021250758955676987
power,KFC_v2,static,0.38868668486502883,0.021250758955676987
power,KFC_v2,static,0.3888383378829239,0.021250758955676987
power,KFC_v2,static,0.3889899909008189,0.021250758955676987
power,KFC_v2,static,0.389141643918714,0.021250758955676987
power,KFC_v2,static,0.3892932969366091,0.021250758955676987
power,KFC_v2,static,0.3894449499545041,0.021250758955676987
power,KFC_v2,static,0.3895966029723992,0.021250758955676987
power,KFC_v2,static,0.3897482559902942,0.021250758955676987
power,KFC_v2,static,0.38989990900818927,0.021250758955676987
power,KFC_v2,static,0.3900515620260843,0.021250758955676987
power,KFC_v2,static,0.39020321504397937,0.021250758955676987
power,KFC_v2,static,0.39035486806187447,0.021250758955676987
power,KFC_v2,static,0.3905065210797695,0.021250758955676987
power,KFC_v2,static,0.39065817409766457,0.021250758955676987
power,KFC_v2,static,0.3908098271155596,0.021250758955676987
power,KFC_v2,static,0.39096148013345466,0.021250758955676987
power,KFC_v2,static,0.3911131331513497,0.021250758955676987
power,KFC_v2,static,0.39126478616924476,0.021250758955676987
power,KFC_v2,static,0.39141643918713986,0.021250758955676987
power,KFC_v2,static,0.3915680922050349,0.021250758955676987
power,KFC_v2,static,0.39171974522292996,0.021250758955676987
power,KFC_v2,static,0.391871398240825,0.021250758955676987
power,KFC_v2,static,0.39202305125872006,0.021250758955676987
power,KFC_v2,static,0.3921747042766151,0.021250758955676987
power,KFC_v2,static,0.39232635729451015,0.021250758955676987
power,KFC_v2,static,0.39247801031240526,0.021250758955676987
power,KFC_v2,static,0.3926296633303003,0.021250758955676987
power,KFC_v2,static,0.39278131634819535,0.021250758955676987
power,KFC_v2,static,0.3929329693660904,0.021250758955676987
power,KFC_v2,static,0.39308462238398545,0.021250758955676987
power,KFC_v2,static,0.3932362754018805,0.021250758955676987
power,KFC_v2,static,0.39338792841977555,0.021250758955676987
power,KFC_v2,static,0.39353958143767065,0.021250758955676987
power,KFC_v2,static,0.3936912344555657,0.021250758955676987
power,KFC_v2,static,0.39384288747346075,0.021250758955676987
power,KFC_v2,static,0.3939945404913558,0.021250758955676987
power,KFC_v2,static,0.39414619350925084,0.021250758955676987
power,KFC_v2,static,0.3942978465271459,0.021250758955676987
power,KFC_v2,static,0.39444949954504094,0.021250758955676987
power,KFC_v2,static,0.39460115256293604,0.021250758955676987
power,KFC_v2,static,0.3947528055808311,0.021250758955676987
power,KFC_v2,static,0.39490445859872614,0.021250758955676987
power,KFC_v2,static,0.3950561116166212,0.021250758955676987
power,KFC_v2,static,0.39520776463451623,0.021250758955676987
power,KFC_v2,static,0.3953594176524113,0.021250758955676987
power,KFC_v2,static,0.39551107067030633,0.021250758955676987
power,KFC_v2,static,0.39566272368820143,0.021250758955676987
power,KFC_v2,static,0.3958143767060965,0.021250758955676987
power,KFC_v2,static,0.39596602972399153,0.021250758955676987
power,KFC_v2,static,0.3961176827418866,0.021250758955676987
power,KFC_v2,static,0.3962693357597816,0.021250758955676987
power,KFC_v2,static,0.3964209887776767,0.021250758955676987
power,KFC_v2,static,0.3965726417955717,0.021250758955676987
power,KFC_v2,static,0.3967242948134668,0.021250758955676987
power,KFC_v2,static,0.3968759478313619,0.021250758955676987
power,KFC_v2,static,0.3970276008492569,0.021250758955676987
power,KFC_v2,static,0.39717925386715197,0.021250758955676987
power,KFC_v2,static,0.397330906885047,0.021250758955676987
power,KFC_v2,static,0.39748255990294207,0.021250758955676987
power,KFC_v2,static,0.3976342129208371,0.021250758955676987
power,KFC_v2,static,0.3977858659387322,0.021250758955676987
power,KFC_v2,static,0.39793751895662727,0.021250758955676987
power,KFC_v2,static,0.3980891719745223,0.021250758955676987
power,KFC_v2,static,0.39824082499241736,0.021250758955676987
power,KFC_v2,static,0.3983924780103124,0.021250758955676987
power,KFC_v2,static,0.39854413102820746,0.021250758955676987
power,KFC_v2,static,0.3986957840461025,0.021250758955676987
power,KFC_v2,static,0.3988474370639976,0.021250758955676987
power,KFC_v2,static,0.39899909008189266,0.021250758955676987
power,KFC_v2,static,0.3991507430997877,0.021250758955676987
power,KFC_v2,static,0.39930239611768276,0.021250758955676987
power,KFC_v2,static,0.3994540491355778,0.021250758955676987
power,KFC_v2,static,0.39960570215347285,0.021250758955676987
power,KFC_v2,static,0.3997573551713679,0.021250758955676987
power,KFC_v2,static,0.399909008189263,0.021250758955676987
power,KFC_v2,static,0.40006066120715805,0.021250758955676987
power,KFC_v2,static,0.4002123142250531,0.021250758955676987
power,KFC_v2,static,0.40036396724294815,0.021250758955676987
power,KFC_v2,static,0.4005156202608432,0.021250758955676987
power,KFC_v2,static,0.40066727327873825,0.021250758955676987
power,KFC_v2,static,0.4008189262966333,0.021250758955676987
power,KFC_v2,static,0.4009705793145284,0.021250758955676987
power,KFC_v2,static,0.40112223233242345,0.021250758955676987
power,KFC_v2,static,0.4012738853503185,0.021250758955676987
power,KFC_v2,static,0.40142553836821354,0.021250758955676987
power,KFC_v2,static,0.4015771913861086,0.021250758955676987
power,KFC_v2,static,0.40172884440400364,0.021250758955676987
power,KFC_v2,static,0.4018804974218987,0.021250758955676987
power,KFC_v2,static,0.4020321504397938,0.021250758955676987
power,KFC_v2,static,0.40218380345768884,0.021250758955676987
power,KFC_v2,static,0.4023354564755839,0.021250758955676987
power,KFC_v2,static,0.40248710949347893,0.021250758955676987
power,KFC_v2,static,0.402638762511374,0.021250758955676987
power,KFC_v2,static,0.40279041552926903,0.021250758955676987
power,KFC_v2,static,0.4029420685471641,0.021250758955676987
power,KFC_v2,static,0.4030937215650592,0.021250758955676987
power,KFC_v2,static,0.40324537458295423,0.021250758955676987
power,KFC_v2,static,0.4033970276008493,0.021250758955676987
power,KFC_v2,static,0.4035486806187443,0.021250758955676987
power,KFC_v2,static,0.4037003336366394,0.021250758955676987
power,KFC_v2,static,0.4038519866545344,0.021250758955676987
power,KFC_v2,static,0.40400363967242947,0.021250758955676987
power,KFC_v2,static,0.4041552926903246,0.021250758955676987
power,KFC_v2,static,0.4043069457082196,0.021250758955676987
power,KFC_v2,static,0.40445859872611467,0.021250758955676987
power,KFC_v2,static,0.4046102517440097,0.021250758955676987
power,KFC_v2,static,0.40476190476190477,0.021250758955676987
power,KFC_v2,static,0.4049135577797998,0.021250758955676987
power,KFC_v2,static,0.40506521079769486,0.021250758955676987
power,KFC_v2,static,0.40521686381558997,0.021250758955676987
power,KFC_v2,static,0.405368516833485,0.021250758955676987
power,KFC_v2,static,0.40552016985138006,0.021250758955676987
power,KFC_v2,static,0.4056718228692751,0.021250758955676987
power,KFC_v2,static,0.40582347588717016,0.021250758955676987
power,KFC_v2,static,0.4059751289050652,0.021250758955676987
power,KFC_v2,static,0.40612678192296026,0.021250758955676987
power,KFC_v2,static,0.40627843494085536,0.021250758955676987
power,KFC_v2,static,0.4064300879587504,0.021250758955676987
power,KFC_v2,static,0.40658174097664546,0.021250758955676987
power,KFC_v2,static,0.4067333939945405,0.021250758955676987
power,KFC_v2,static,0.40688504701243555,0.021250758955676987
power,KFC_v2,static,0.4070367000303306,0.021250758955676987
power,KFC_v2,static,0.40718835304822565,0.021250758955676987
power,KFC_v2,static,0.40734000606612075,0.021250758955676987
power,KFC_v2,static,0.4074916590840158,0.021250758955676987
power,KFC_v2,static,0.40764331210191085,0.021250758955676987
power,KFC_v2,static,0.4077949651198059,0.021250758955676987
power,KFC_v2,static,0.40794661813770094,0.021250758955676987
power,KFC_v2,static,0.408098271155596,0.021250758955676987
power,KFC_v2,static,0.40824992417349104,0.021250758955676987
power,KFC_v2,static,0.40840157719138614,0.021250758955676987
power,KFC_v2,static,0.4085532302092812,0.021250758955676987
power,KFC_v2,static,0.40870488322717624,0.021250758955676987
power,KFC_v2,static,0.4088565362450713,0.021250758955676987
power,KFC_v2,static,0.40900818926296634,0.021250758955676987
power,KFC_v2,static,0.4091598422808614,0.021250758955676987
power,KFC_v2,static,0.40931149529875643,0.021250758955676987
power,KFC_v2,static,0.40946314831665154,0.021250758955676987
power,KFC_v2,static,0.4096148013345466,0.021250758955676987
power,KFC_v2,static,0.40976645435244163,0.021250758955676987
power,KFC_v2,static,0.4099181073703367,0.021250758955676987
power,KFC_v2,static,0.41006976038823173,0.021250758955676987
power,KFC_v2,static,0.4102214134061268,0.021250758955676987
power,KFC_v2,static,0.4103730664240218,0.021250758955676987
power,KFC_v2,static,0.41052471944191693,0.021250758955676987
power,KFC_v2,static,0.410676372459812,0.021250758955676987
power,KFC_v2,static,0.410828025477707,0.021250758955676987
power,KFC_v2,static,0.4109796784956021,0.021250758955676987
power,KFC_v2,static,0.4111313315134971,0.020036429872495445
power,KFC_v2,static,0.41128298453139217,0.020036429872495445
power,KFC_v2,static,0.4114346375492872,0.020036429872495445
power,KFC_v2,static,0.4115862905671823,0.020036429872495445
power,KFC_v2,static,0.41173794358507737,0.020036429872495445
power,KFC_v2,static,0.4118895966029724,0.020036429872495445
power,KFC_v2,static,0.41204124962086747,0.020036429872495445
power,KFC_v2,static,0.4121929026387625,0.020036429872495445
power,KFC_v2,static,0.41234455565665756,0.020036429872495445
power,KFC_v2,static,0.4124962086745526,0.020036429872495445
power,KFC_v2,static,0.4126478616924477,0.020036429872495445
power,KFC_v2,static,0.41279951471034276,0.020036429872495445
power,KFC_v2,static,0.4129511677282378,0.020036429872495445
power,KFC_v2,static,0.41310282074613286,0.020036429872495445
power,KFC_v2,static,0.4132544737640279,0.020036429872495445
power,KFC_v2,static,0.41340612678192296,0.020036429872495445
power,KFC_v2,static,0.413557779799818,0.020036429872495445
power,KFC_v2,static,0.4137094328177131,0.020036429872495445
power,KFC_v2,static,0.41386108583560816,0.020036429872495445
power,KFC_v2,static,0.4140127388535032,0.020036429872495445
power,KFC_v2,static,0.41416439187139825,0.020036429872495445
power,KFC_v2,static,0.4143160448892933,0.020036429872495445
power,KFC_v2,static,0.41446769790718835,0.020036429872495445
power,KFC_v2,static,0.4146193509250834,0.020036429872495445
power,KFC_v2,static,0.4147710039429785,0.020036429872495445
power,KFC_v2,static,0.41492265696087355,0.020036429872495445
power,KFC_v2,static,0.4150743099787686,0.020036429872495445
power,KFC_v2,static,0.41522596299666364,0.020036429872495445
power,KFC_v2,static,0.4153776160145587,0.020036429872495445
power,KFC_v2,static,0.41552926903245374,0.020036429872495445
power,KFC_v2,static,0.4156809220503488,0.020036429872495445
power,KFC_v2,static,0.4158325750682439,0.020036429872495445
power,KFC_v2,static,0.41598422808613894,0.020036429872495445
power,KFC_v2,static,0.416135881104034,0.020036429872495445
power,KFC_v2,static,0.41628753412192904,0.020036429872495445
power,KFC_v2,static,0.4164391871398241,0.020036429872495445
power,KFC_v2,static,0.41659084015771913,0.020036429872495445
power,KFC_v2,static,0.4167424931756142,0.020036429872495445
power,KFC_v2,static,0.4168941461935093,0.020036429872495445
power,KFC_v2,static,0.41704579921140433,0.020036429872495445
power,KFC_v2,static,0.4171974522292994,0.020036429872495445
power,KFC_v2,static,0.41734910524719443,0.020036429872495445
power,KFC_v2,static,0.4175007582650895,0.020036429872495445
power,KFC_v2,static,0.4176524112829845,0.020036429872495445
power,KFC_v2,static,0.4178040643008796,0.020036429872495445
power,KFC_v2,static,0.4179557173187747,0.020036429872495445
power,KFC_v2,static,0.4181073703366697,0.020036429872495445
power,KFC_v2,static,0.4182590233545648,0.020036429872495445
power,KFC_v2,static,0.4184106763724598,0.020036429872495445
power,KFC_v2,static,0.41856232939035487,0.020036429872495445
power,KFC_v2,static,0.4187139824082499,0.020036429872495445
power,KFC_v2,static,0.41886563542614497,0.020036429872495445
power,KFC_v2,static,0.41901728844404007,0.020036429872495445
power,KFC_v2,static,0.4191689414619351,0.020036429872495445
power,KFC_v2,static,0.41932059447983017,0.020036429872495445
power,KFC_v2,static,0.4194722474977252,0.020036429872495445
power,KFC_v2,static,0.41962390051562026,0.020036429872495445
power,KFC_v2,static,0.4197755535335153,0.020036429872495445
power,KFC_v2,static,0.4199272065514104,0.020036429872495445
power,KFC_v2,static,0.42007885956930546,0.020036429872495445
power,KFC_v2,static,0.4202305125872005,0.020036429872495445
power,KFC_v2,static,0.42038216560509556,0.020036429872495445
power,KFC_v2,static,0.4205338186229906,0.020036429872495445
power,KFC_v2,static,0.42068547164088566,0.019429265330904676
power,KFC_v2,static,0.4208371246587807,0.019429265330904676
power,KFC_v2,static,0.4209887776766758,0.019429265330904676
power,KFC_v2,static,0.42114043069457086,0.019429265330904676
power,KFC_v2,static,0.4212920837124659,0.019429265330904676
power,KFC_v2,static,0.42144373673036095,0.019429265330904676
power,KFC_v2,static,0.421595389748256,0.019429265330904676
power,KFC_v2,static,0.42174704276615105,0.019429265330904676
power,KFC_v2,static,0.4218986957840461,0.019429265330904676
power,KFC_v2,static,0.4220503488019412,0.019429265330904676
power,KFC_v2,static,0.42220200181983625,0.019429265330904676
power,KFC_v2,static,0.4223536548377313,0.019429265330904676
power,KFC_v2,static,0.42250530785562634,0.019429265330904676
power,KFC_v2,static,0.4226569608735214,0.019429265330904676
power,KFC_v2,static,0.42280861389141644,0.019429265330904676
power,KFC_v2,static,0.4229602669093115,0.019429265330904676
power,KFC_v2,static,0.4231119199272066,0.019429265330904676
power,KFC_v2,static,0.42326357294510164,0.019429265330904676
power,KFC_v2,static,0.4234152259629967,0.019429265330904676
power,KFC_v2,static,0.42356687898089174,0.019429265330904676
power,KFC_v2,static,0.4237185319987868,0.019429265330904676
power,KFC_v2,static,0.42387018501668183,0.019429265330904676
power,KFC_v2,static,0.4240218380345769,0.019429265330904676
power,KFC_v2,static,0.424173491052472,0.019429265330904676
power,KFC_v2,static,0.42432514407036703,0.019429265330904676
power,KFC_v2,static,0.4244767970882621,0.019429265330904676
power,KFC_v2,static,0.42462845010615713,0.019429265330904676
power,KFC_v2,static,0.4247801031240522,0.019429265330904676
power,KFC_v2,static,0.4249317561419472,0.019429265330904676
power,KFC_v2,static,0.4250834091598423,0.019429265330904676
power,KFC_v2,static,0.4252350621777374,0.019429265330904676
power,KFC_v2,static,0.4253867151956324,0.019429265330904676
power,KFC_v2,static,0.4255383682135275,0.019429265330904676
power,KFC_v2,static,0.4256900212314225,0.019429265330904676
power,KFC_v2,static,0.42584167424931757,0.019429265330904676
power,KFC_v2,static,0.4259933272672126,0.019429265330904676
power,KFC_v2,static,0.42614498028510767,0.019429265330904676
power,KFC_v2,static,0.42629663330300277,0.019429265330904676
power,KFC_v2,static,0.4264482863208978,0.019429265330904676
power,KFC_v2,static,0.42659993933879287,0.019429265330904676
power,KFC_v2,static,0.4267515923566879,0.019429265330904676
power,KFC_v2,static,0.42690324537458296,0.019429265330904676
power,KFC_v2,static,0.427054898392478,0.019429265330904676
power,KFC_v2,static,0.42720655141037306,0.019429265330904676
power,KFC_v2,static,0.42735820442826816,0.019429265330904676
power,KFC_v2,static,0.4275098574461632,0.019429265330904676
power,KFC_v2,static,0.42766151046405826,0.019429265330904676
power,KFC_v2,static,0.4278131634819533,0.019429265330904676
power,KFC_v2,static,0.42796481649984836,0.019429265330904676
power,KFC_v2,static,0.4281164695177434,0.019429265330904676
power,KFC_v2,static,0.42826812253563845,0.019429265330904676
power,KFC_v2,static,0.42841977555353356,0.019429265330904676
power,KFC_v2,static,0.4285714285714286,0.019429265330904676
power,KFC_v2,static,0.42872308158932365,0.019429265330904676
power,KFC_v2,static,0.4288747346072187,0.019429265330904676
power,KFC_v2,static,0.42902638762511375,0.019429265330904676
power,KFC_v2,static,0.4291780406430088,0.019429265330904676
power,KFC_v2,static,0.42932969366090384,0.019429265330904676
power,KFC_v2,static,0.42948134667879895,0.019429265330904676
power,KFC_v2,static,0.429632999696694,0.019429265330904676
power,KFC_v2,static,0.42978465271458904,0.019429265330904676
power,KFC_v2,static,0.4299363057324841,0.019429265330904676
power,KFC_v2,static,0.43008795875037914,0.019429265330904676
power,KFC_v2,static,0.4302396117682742,0.019429265330904676
power,KFC_v2,static,0.43039126478616924,0.019429265330904676
power,KFC_v2,static,0.43054291780406434,0.019429265330904676
power,KFC_v2,static,0.4306945708219594,0.019429265330904676
power,KFC_v2,static,0.43084622383985444,0.019429265330904676
power,KFC_v2,static,0.4309978768577495,0.019429265330904676
power,KFC_v2,static,0.43114952987564453,0.019429265330904676
power,KFC_v2,static,0.4313011828935396,0.019429265330904676
power,KFC_v2,static,0.43145283591143463,0.019429265330904676
power,KFC_v2,static,0.43160448892932973,0.019429265330904676
power,KFC_v2,static,0.4317561419472248,0.019429265330904676
power,KFC_v2,static,0.43190779496511983,0.019429265330904676
power,KFC_v2,static,0.4320594479830149,0.019429265330904676
power,KFC_v2,static,0.4322111010009099,0.019429265330904676
power,KFC_v2,static,0.432362754018805,0.019429265330904676
power,KFC_v2,static,0.4325144070367,0.019429265330904676
power,KFC_v2,static,0.4326660600545951,0.019429265330904676
power,KFC_v2,static,0.4328177130724902,0.019429265330904676
power,KFC_v2,static,0.4329693660903852,0.019429265330904676
power,KFC_v2,static,0.43312101910828027,0.019429265330904676
power,KFC_v2,static,0.4332726721261753,0.019429265330904676
power,KFC_v2,static,0.43342432514407037,0.019429265330904676
power,KFC_v2,static,0.4335759781619654,0.019429265330904676
power,KFC_v2,static,0.4337276311798605,0.019429265330904676
power,KFC_v2,static,0.43387928419775557,0.019429265330904676
power,KFC_v2,static,0.4340309372156506,0.019429265330904676
power,KFC_v2,static,0.43418259023354566,0.019429265330904676
power,KFC_v2,static,0.4343342432514407,0.019429265330904676
power,KFC_v2,static,0.43448589626933576,0.019429265330904676
power,KFC_v2,static,0.4346375492872308,0.019429265330904676
power,KFC_v2,static,0.4347892023051259,0.019429265330904676
power,KFC_v2,static,0.43494085532302096,0.019429265330904676
power,KFC_v2,static,0.435092508340916,0.019429265330904676
power,KFC_v2,static,0.43524416135881105,0.019429265330904676
power,KFC_v2,static,0.4353958143767061,0.019429265330904676
power,KFC_v2,static,0.43554746739460115,0.019429265330904676
power,KFC_v2,static,0.4356991204124962,0.019429265330904676
power,KFC_v2,static,0.4358507734303913,0.019429265330904676
power,KFC_v2,static,0.43600242644828635,0.019429265330904676
power,KFC_v2,static,0.4361540794661814,0.019429265330904676
power,KFC_v2,static,0.43630573248407645,0.019429265330904676
power,KFC_v2,static,0.4364573855019715,0.019429265330904676
power,KFC_v2,static,0.43660903851986654,0.019429265330904676
power,KFC_v2,static,0.4367606915377616,0.019429265330904676
power,KFC_v2,static,0.4369123445556567,0.019429265330904676
power,KFC_v2,static,0.43706399757355174,0.019429265330904676
power,KFC_v2,static,0.4372156505914468,0.019429265330904676
power,KFC_v2,static,0.43736730360934184,0.019429265330904676
power,KFC_v2,static,0.4375189566272369,0.019429265330904676
power,KFC_v2,static,0.43767060964513194,0.019429265330904676
power,KFC_v2,static,0.437822262663027,0.019429265330904676
power,KFC_v2,static,0.4379739156809221,0.019429265330904676
power,KFC_v2,static,0.43812556869881714,0.019429265330904676
power,KFC_v2,static,0.4382772217167122,0.019429265330904676
power,KFC_v2,static,0.43842887473460723,0.019429265330904676
power,KFC_v2,static,0.4385805277525023,0.019429265330904676
power,KFC_v2,static,0.43873218077039733,0.019429265330904676
power,KFC_v2,static,0.4388838337882924,0.019429265330904676
power,KFC_v2,static,0.4390354868061875,0.019429265330904676
power,KFC_v2,static,0.43918713982408253,0.019429265330904676
power,KFC_v2,static,0.4393387928419776,0.019429265330904676
power,KFC_v2,static,0.4394904458598726,0.019429265330904676
power,KFC_v2,static,0.4396420988777677,0.019429265330904676
power,KFC_v2,static,0.4397937518956627,0.019429265330904676
power,KFC_v2,static,0.43994540491355777,0.019429265330904676
power,KFC_v2,static,0.4400970579314529,0.019429265330904676
power,KFC_v2,static,0.4402487109493479,0.019429265330904676
power,KFC_v2,static,0.44040036396724297,0.019429265330904676
power,KFC_v2,static,0.440552016985138,0.019429265330904676
power,KFC_v2,static,0.44070367000303307,0.019429265330904676
power,KFC_v2,static,0.4408553230209281,0.019429265330904676
power,KFC_v2,static,0.44100697603882316,0.019429265330904676
power,KFC_v2,static,0.44115862905671827,0.019429265330904676
power,KFC_v2,static,0.4413102820746133,0.019429265330904676
power,KFC_v2,static,0.44146193509250836,0.019429265330904676
power,KFC_v2,static,0.4416135881104034,0.019429265330904676
power,KFC_v2,static,0.44176524112829846,0.019429265330904676
power,KFC_v2,static,0.4419168941461935,0.019429265330904676
power,KFC_v2,static,0.44206854716408855,0.019429265330904676
power,KFC_v2,static,0.44222020018198366,0.019429265330904676
power,KFC_v2,static,0.4423718531998787,0.019429265330904676
power,KFC_v2,static,0.44252350621777375,0.019429265330904676
power,KFC_v2,static,0.4426751592356688,0.019429265330904676
power,KFC_v2,static,0.44282681225356385,0.019429265330904676
power,KFC_v2,static,0.4429784652714589,0.019429265330904676
power,KFC_v2,static,0.44313011828935395,0.019429265330904676
power,KFC_v2,static,0.44328177130724905,0.019429265330904676
power,KFC_v2,static,0.4434334243251441,0.019429265330904676
power,KFC_v2,static,0.44358507734303915,0.019429265330904676
power,KFC_v2,static,0.4437367303609342,0.019429265330904676
power,KFC_v2,static,0.44388838337882924,0.019429265330904676
power,KFC_v2,static,0.4440400363967243,0.019429265330904676
power,KFC_v2,static,0.44419168941461934,0.019429265330904676
power,KFC_v2,static,0.44434334243251444,0.019429265330904676
power,KFC_v2,static,0.4444949954504095,0.019429265330904676
power,KFC_v2,static,0.44464664846830454,0.019429265330904676
power,KFC_v2,static,0.4447983014861996,0.019429265330904676
power,KFC_v2,static,0.44494995450409464,0.019429265330904676
power,KFC_v2,static,0.4451016075219897,0.019429265330904676
power,KFC_v2,static,0.44525326053988473,0.019429265330904676
power,KFC_v2,static,0.44540491355777984,0.019429265330904676
power,KFC_v2,static,0.4455565665756749,0.019429265330904676
power,KFC_v2,static,0.44570821959356993,0.019429265330904676
power,KFC_v2,static,0.445859872611465,0.019429265330904676
power,KFC_v2,static,0.44601152562936003,0.019429265330904676
power,KFC_v2,static,0.4461631786472551,0.019429265330904676
power,KFC_v2,static,0.4463148316651501,0.019429265330904676
power,KFC_v2,static,0.44646648468304523,0.019429265330904676
power,KFC_v2,static,0.4466181377009403,0.019429265330904676
power,KFC_v2,static,0.4467697907188353,0.019429265330904676
power,KFC_v2,static,0.4469214437367304,0.019429265330904676
power,KFC_v2,static,0.4470730967546254,0.019429265330904676
power,KFC_v2,static,0.44722474977252047,0.019429265330904676
power,KFC_v2,static,0.4473764027904155,0.019429265330904676
power,KFC_v2,static,0.4475280558083106,0.019429265330904676
power,KFC_v2,static,0.44767970882620567,0.019429265330904676
power,KFC_v2,static,0.4478313618441007,0.019429265330904676
power,KFC_v2,static,0.44798301486199577,0.019429265330904676
power,KFC_v2,static,0.4481346678798908,0.019429265330904676
power,KFC_v2,static,0.44828632089778586,0.019429265330904676
power,KFC_v2,static,0.4484379739156809,0.019429265330904676
power,KFC_v2,static,0.448589626933576,0.019429265330904676
power,KFC_v2,static,0.44874127995147106,0.019429265330904676
power,KFC_v2,static,0.4488929329693661,0.019429265330904676
power,KFC_v2,static,0.44904458598726116,0.019429265330904676
power,KFC_v2,static,0.4491962390051562,0.019429265330904676
power,KFC_v2,static,0.44934789202305125,0.019429265330904676
power,KFC_v2,static,0.4494995450409463,0.019429265330904676
power,KFC_v2,static,0.4496511980588414,0.019429265330904676
power,KFC_v2,static,0.44980285107673645,0.019429265330904676
power,KFC_v2,static,0.4499545040946315,0.019429265330904676
power,KFC_v2,static,0.45010615711252655,0.019429265330904676
power,KFC_v2,static,0.4502578101304216,0.019429265330904676
power,KFC_v2,static,0.45040946314831665,0.019429265330904676
power,KFC_v2,static,0.45056111616621175,0.019429265330904676
power,KFC_v2,static,0.4507127691841068,0.019429265330904676
power,KFC_v2,static,0.45086442220200185,0.019429265330904676
power,KFC_v2,static,0.4510160752198969,0.019429265330904676
power,KFC_v2,static,0.45116772823779194,0.019429265330904676
power,KFC_v2,static,0.451319381255687,0.019429265330904676
power,KFC_v2,static,0.45147103427358204,0.019429265330904676
power,KFC_v2,static,0.45162268729147714,0.019429265330904676
power,KFC_v2,static,0.4517743403093722,0.019429265330904676
power,KFC_v2,static,0.45192599332726724,0.019429265330904676
power,KFC_v2,static,0.4520776463451623,0.019429265330904676
power,KFC_v2,static,0.45222929936305734,0.019429265330904676
power,KFC_v2,static,0.4523809523809524,0.019429265330904676
power,KFC_v2,static,0.45253260539884743,0.019429265330904676
power,KFC_v2,static,0.45268425841674254,0.019429265330904676
power,KFC_v2,static,0.4528359114346376,0.019429265330904676
power,KFC_v2,static,0.45298756445253263,0.019429265330904676
power,KFC_v2,static,0.4531392174704277,0.019429265330904676
power,KFC_v2,static,0.45329087048832273,0.019429265330904676
power,KFC_v2,static,0.4534425235062178,0.019429265330904676
power,KFC_v2,static,0.4535941765241128,0.019429265330904676
power,KFC_v2,static,0.45374582954200793,0.019429265330904676
power,KFC_v2,static,0.453897482559903,0.019429265330904676
power,KFC_v2,static,0.454049135577798,0.019226877150374418
power,KFC_v2,static,0.4542007885956931,0.019226877150374418
power,KFC_v2,static,0.4543524416135881,0.019226877150374418
power,KFC_v2,static,0.45450409463148317,0.019226877150374418
power,KFC_v2,static,0.4546557476493782,0.019226877150374418
power,KFC_v2,static,0.4548074006672733,0.019226877150374418
power,KFC_v2,static,0.45495905368516837,0.019226877150374418
power,KFC_v2,static,0.4551107067030634,0.019226877150374418
power,KFC_v2,static,0.45526235972095846,0.019226877150374418
power,KFC_v2,static,0.4554140127388535,0.019226877150374418
power,KFC_v2,static,0.45556566575674856,0.019226877150374418
power,KFC_v2,static,0.4557173187746436,0.019226877150374418
power,KFC_v2,static,0.4558689717925387,0.019226877150374418
power,KFC_v2,static,0.45602062481043376,0.019226877150374418
power,KFC_v2,static,0.4561722778283288,0.019226877150374418
power,KFC_v2,static,0.45632393084622386,0.019226877150374418
power,KFC_v2,static,0.4564755838641189,0.019226877150374418
power,KFC_v2,static,0.45662723688201395,0.019226877150374418
power,KFC_v2,static,0.456778889899909,0.019226877150374418
power,KFC_v2,static,0.4569305429178041,0.019226877150374418
power,KFC_v2,static,0.45708219593569915,0.019226877150374418
power,KFC_v2,static,0.4572338489535942,0.019226877150374418
power,KFC_v2,static,0.45738550197148925,0.019226877150374418
power,KFC_v2,static,0.4575371549893843,0.019226877150374418
power,KFC_v2,static,0.45768880800727935,0.019226877150374418
power,KFC_v2,static,0.4578404610251744,0.019226877150374418
power,KFC_v2,static,0.4579921140430695,0.019226877150374418
power,KFC_v2,static,0.45814376706096455,0.019226877150374418
power,KFC_v2,static,0.4582954200788596,0.019226877150374418
power,KFC_v2,static,0.45844707309675464,0.019226877150374418
power,KFC_v2,static,0.4585987261146497,0.019226877150374418
power,KFC_v2,static,0.45875037913254474,0.019226877150374418
power,KFC_v2,static,0.4589020321504398,0.019226877150374418
power,KFC_v2,static,0.4590536851683349,0.019226877150374418
power,KFC_v2,static,0.45920533818622994,0.019226877150374418
power,KFC_v2,static,0.459356991204125,0.019226877150374418
power,KFC_v2,static,0.45950864422202004,0.019226877150374418
power,KFC_v2,static,0.4596602972399151,0.019226877150374418
power,KFC_v2,static,0.45981195025781013,0.019226877150374418
power,KFC_v2,static,0.4599636032757052,0.019226877150374418
power,KFC_v2,static,0.4601152562936003,0.019226877150374418
power,KFC_v2,static,0.46026690931149533,0.019226877150374418
power,KFC_v2,static,0.4604185623293904,0.019226877150374418
power,KFC_v2,static,0.4605702153472854,0.019226877150374418
power,KFC_v2,static,0.4607218683651805,0.019226877150374418
power,KFC_v2,static,0.4608735213830755,0.019226877150374418
power,KFC_v2,static,0.46102517440097057,0.019226877150374418
power,KFC_v2,static,0.4611768274188657,0.019226877150374418
power,KFC_v2,static,0.4613284804367607,0.019226877150374418
power,KFC_v2,static,0.46148013345465577,0.019226877150374418
power,KFC_v2,static,0.4616317864725508,0.017810159886662617
power,KFC_v2,static,0.46178343949044587,0.017810159886662617
power,KFC_v2,static,0.4619350925083409,0.017810159886662617
power,KFC_v2,static,0.46208674552623596,0.017810159886662617
power,KFC_v2,static,0.46223839854413107,0.017810159886662617
power,KFC_v2,static,0.4623900515620261,0.017810159886662617
power,KFC_v2,static,0.46254170457992116,0.017810159886662617
power,KFC_v2,static,0.4626933575978162,0.017810159886662617
power,KFC_v2,static,0.46284501061571126,0.017810159886662617
power,KFC_v2,static,0.4629966636336063,0.017810159886662617
power,KFC_v2,static,0.46314831665150136,0.017810159886662617
power,KFC_v2,static,0.46329996966939646,0.017810159886662617
power,KFC_v2,static,0.4634516226872915,0.017810159886662617
power,KFC_v2,static,0.46360327570518656,0.017810159886662617
power,KFC_v2,static,0.4637549287230816,0.017810159886662617
power,KFC_v2,static,0.46390658174097665,0.017810159886662617
power,KFC_v2,static,0.4640582347588717,0.017810159886662617
power,KFC_v2,static,0.46420988777676675,0.017810159886662617
power,KFC_v2,static,0.46436154079466185,0.017810159886662617
power,KFC_v2,static,0.4645131938125569,0.017810159886662617
power,KFC_v2,static,0.46466484683045195,0.017810159886662617
power,KFC_v2,static,0.464816499848347,0.017810159886662617
power,KFC_v2,static,0.46496815286624205,0.017810159886662617
power,KFC_v2,static,0.4651198058841371,0.017810159886662617
power,KFC_v2,static,0.46527145890203214,0.017810159886662617
power,KFC_v2,static,0.46542311191992725,0.017810159886662617
power,KFC_v2,static,0.4655747649378223,0.017810159886662617
power,KFC_v2,static,0.46572641795571734,0.017810159886662617
power,KFC_v2,static,0.4658780709736124,0.017810159886662617
power,KFC_v2,static,0.46602972399150744,0.017810159886662617
power,KFC_v2,static,0.4661813770094025,0.017810159886662617
power,KFC_v2,static,0.46633303002729753,0.017810159886662617
power,KFC_v2,static,0.46648468304519264,0.017810159886662617
power,KFC_v2,static,0.4666363360630877,0.017810159886662617
power,KFC_v2,static,0.46678798908098273,0.017810159886662617
power,KFC_v2,static,0.4669396420988778,0.017810159886662617
power,KFC_v2,static,0.46709129511677283,0.017810159886662617
power,KFC_v2,static,0.4672429481346679,0.017810159886662617
power,KFC_v2,static,0.4673946011525629,0.017810159886662617
power,KFC_v2,static,0.46754625417045803,0.017810159886662617
power,KFC_v2,static,0.4676979071883531,0.017810159886662617
power,KFC_v2,static,0.4678495602062481,0.017810159886662617
power,KFC_v2,static,0.4680012132241432,0.017810159886662617
power,KFC_v2,static,0.4681528662420382,0.017810159886662617
power,KFC_v2,static,0.46830451925993327,0.017810159886662617
power,KFC_v2,static,0.4684561722778283,0.017810159886662617
power,KFC_v2,static,0.4686078252957234,0.017810159886662617
power,KFC_v2,static,0.46875947831361847,0.017810159886662617
power,KFC_v2,static,0.4689111313315135,0.017810159886662617
power,KFC_v2,static,0.46906278434940857,0.017810159886662617
power,KFC_v2,static,0.4692144373673036,0.017810159886662617
power,KFC_v2,static,0.46936609038519866,0.017810159886662617
power,KFC_v2,static,0.4695177434030937,0.017810159886662617
power,KFC_v2,static,0.4696693964209888,0.017810159886662617
power,KFC_v2,static,0.46982104943888386,0.017810159886662617
power,KFC_v2,static,0.4699727024567789,0.017810159886662617
power,KFC_v2,static,0.47012435547467396,0.017810159886662617
power,KFC_v2,static,0.470276008492569,0.017810159886662617
power,KFC_v2,static,0.47042766151046406,0.017810159886662617
power,KFC_v2,static,0.4705793145283591,0.017810159886662617
power,KFC_v2,static,0.4707309675462542,0.017810159886662617
power,KFC_v2,static,0.47088262056414926,0.017810159886662617
power,KFC_v2,static,0.4710342735820443,0.017810159886662617
power,KFC_v2,static,0.47118592659993935,0.017810159886662617
power,KFC_v2,static,0.4713375796178344,0.017810159886662617
power,KFC_v2,static,0.47148923263572945,0.017810159886662617
power,KFC_v2,static,0.4716408856536245,0.017810159886662617
power,KFC_v2,static,0.4717925386715196,0.017810159886662617
power,KFC_v2,static,0.47194419168941465,0.017810159886662617
power,KFC_v2,static,0.4720958447073097,0.017810159886662617
power,KFC_v2,static,0.47224749772520475,0.017810159886662617
power,KFC_v2,static,0.4723991507430998,0.017810159886662617
power,KFC_v2,static,0.47255080376099484,0.017810159886662617
power,KFC_v2,static,0.4727024567788899,0.017810159886662617
power,KFC_v2,static,0.472854109796785,0.017810159886662617
power,KFC_v2,static,0.47300576281468004,0.017810159886662617
power,KFC_v2,static,0.4731574158325751,0.017810159886662617
power,KFC_v2,static,0.47330906885047014,0.017810159886662617
power,KFC_v2,static,0.4734607218683652,0.017810159886662617
power,KFC_v2,static,0.47361237488626023,0.017810159886662617
power,KFC_v2,static,0.4737640279041553,0.017810159886662617
power,KFC_v2,static,0.4739156809220504,0.017810159886662617
power,KFC_v2,static,0.47406733393994543,0.017810159886662617
power,KFC_v2,static,0.4742189869578405,0.017810159886662617
power,KFC_v2,static,0.47437063997573553,0.017810159886662617
power,KFC_v2,static,0.4745222929936306,0.017810159886662617
power,KFC_v2,static,0.4746739460115256,0.017810159886662617
power,KFC_v2,static,0.4748255990294207,0.017810159886662617
power,KFC_v2,static,0.4749772520473158,0.017810159886662617
power,KFC_v2,static,0.4751289050652108,0.017810159886662617
power,KFC_v2,static,0.4752805580831059,0.017810159886662617
power,KFC_v2,static,0.4754322111010009,0.017810159886662617
power,KFC_v2,static,0.47558386411889597,0.017810159886662617
power,KFC_v2,static,0.475735517136791,0.017810159886662617
power,KFC_v2,static,0.47588717015468607,0.017810159886662617
power,KFC_v2,static,0.47603882317258117,0.017810159886662617
power,KFC_v2,static,0.4761904761904762,0.017810159886662617
power,KFC_v2,static,0.47634212920837127,0.017810159886662617
power,KFC_v2,static,0.4764937822262663,0.017810159886662617
power,KFC_v2,static,0.47664543524416136,0.017810159886662617
power,KFC_v2,static,0.4767970882620564,0.017810159886662617
power,KFC_v2,static,0.47694874127995146,0.017810159886662617
power,KFC_v2,static,0.47710039429784656,0.017810159886662617
power,KFC_v2,static,0.4772520473157416,0.017810159886662617
power,KFC_v2,static,0.47740370033363666,0.017810159886662617
power,KFC_v2,static,0.4775553533515317,0.017810159886662617
power,KFC_v2,static,0.47770700636942676,0.017810159886662617
power,KFC_v2,static,0.4778586593873218,0.017810159886662617
power,KFC_v2,static,0.47801031240521685,0.017810159886662617
power,KFC_v2,static,0.47816196542311196,0.017810159886662617
power,KFC_v2,static,0.478313618441007,0.017810159886662617
power,KFC_v2,static,0.47846527145890205,0.017810159886662617
power,KFC_v2,static,0.4786169244767971,0.017810159886662617
power,KFC_v2,static,0.47876857749469215,0.017810159886662617
power,KFC_v2,static,0.4789202305125872,0.017810159886662617
power,KFC_v2,static,0.47907188353048225,0.017810159886662617
power,KFC_v2,static,0.47922353654837735,0.017810159886662617
power,KFC_v2,static,0.4793751895662724,0.017810159886662617
power,KFC_v2,static,0.47952684258416745,0.017810159886662617
power,KFC_v2,static,0.4796784956020625,0.017810159886662617
power,KFC_v2,static,0.47983014861995754,0.017810159886662617
power,KFC_v2,static,0.4799818016378526,0.017810159886662617
power,KFC_v2,static,0.48013345465574764,0.017810159886662617
power,KFC_v2,static,0.48028510767364274,0.017810159886662617
power,KFC_v2,static,0.4804367606915378,0.017810159886662617
power,KFC_v2,static,0.48058841370943284,0.017810159886662617
power,KFC_v2,static,0.4807400667273279,0.017810159886662617
power,KFC_v2,static,0.48089171974522293,0.017810159886662617
power,KFC_v2,static,0.481043372763118,0.017810159886662617
power,KFC_v2,static,0.48119502578101303,0.017810159886662617
power,KFC_v2,static,0.48134667879890813,0.017810159886662617
power,KFC_v2,static,0.4814983318168032,0.017810159886662617
power,KFC_v2,static,0.48164998483469823,0.017810159886662617
power,KFC_v2,static,0.4818016378525933,0.017810159886662617
power,KFC_v2,static,0.4819532908704883,0.017810159886662617
power,KFC_v2,static,0.4821049438883834,0.017810159886662617
power,KFC_v2,static,0.4822565969062785,0.017810159886662617
power,KFC_v2,static,0.4824082499241735,0.017810159886662617
power,KFC_v2,static,0.4825599029420686,0.017810159886662617
power,KFC_v2,static,0.4827115559599636,0.017810159886662617
power,KFC_v2,static,0.48286320897785867,0.017810159886662617
power,KFC_v2,static,0.4830148619957537,0.017810159886662617
power,KFC_v2,static,0.48316651501364877,0.017810159886662617
power,KFC_v2,static,0.48331816803154387,0.017810159886662617
power,KFC_v2,static,0.4834698210494389,0.017810159886662617
power,KFC_v2,static,0.48362147406733397,0.017810159886662617
power,KFC_v2,static,0.483773127085229,0.017810159886662617
power,KFC_v2,static,0.48392478010312406,0.017810159886662617
power,KFC_v2,static,0.4840764331210191,0.017810159886662617
power,KFC_v2,static,0.48422808613891416,0.017810159886662617
power,KFC_v2,static,0.48437973915680926,0.017810159886662617
power,KFC_v2,static,0.4845313921747043,0.017810159886662617
power,KFC_v2,static,0.48468304519259936,0.017810159886662617
power,KFC_v2,static,0.4848346982104944,0.017810159886662617
power,KFC_v2,static,0.48498635122838946,0.017810159886662617
power,KFC_v2,static,0.4851380042462845,0.017810159886662617
power,KFC_v2,static,0.48528965726417955,0.017810159886662617
power,KFC_v2,static,0.48544131028207466,0.017810159886662617
power,KFC_v2,static,0.4855929632999697,0.017810159886662617
power,KFC_v2,static,0.48574461631786475,0.017810159886662617
power,KFC_v2,static,0.4858962693357598,0.017810159886662617
power,KFC_v2,static,0.48604792235365485,0.017810159886662617
power,KFC_v2,static,0.4861995753715499,0.017810159886662617
power,KFC_v2,static,0.48635122838944495,0.017810159886662617
power,KFC_v2,static,0.48650288140734005,0.017810159886662617
power,KFC_v2,static,0.4866545344252351,0.017810159886662617
power,KFC_v2,static,0.48680618744313015,0.017810159886662617
power,KFC_v2,static,0.4869578404610252,0.017810159886662617
power,KFC_v2,static,0.48710949347892024,0.017810159886662617
power,KFC_v2,static,0.4872611464968153,0.017810159886662617
power,KFC_v2,static,0.48741279951471034,0.017810159886662617
power,KFC_v2,static,0.48756445253260544,0.017810159886662617
power,KFC_v2,static,0.4877161055505005,0.017810159886662617
power,KFC_v2,static,0.48786775856839554,0.017810159886662617
power,KFC_v2,static,0.4880194115862906,0.017810159886662617
power,KFC_v2,static,0.48817106460418563,0.017810159886662617
power,KFC_v2,static,0.4883227176220807,0.017810159886662617
power,KFC_v2,static,0.48847437063997573,0.017810159886662617
power,KFC_v2,static,0.48862602365787083,0.017810159886662617
power,KFC_v2,static,0.4887776766757659,0.017810159886662617
power,KFC_v2,static,0.48892932969366093,0.017810159886662617
power,KFC_v2,static,0.489080982711556,0.017810159886662617
power,KFC_v2,static,0.489232635729451,0.017810159886662617
power,KFC_v2,static,0.4893842887473461,0.017810159886662617
power,KFC_v2,static,0.4895359417652411,0.017810159886662617
power,KFC_v2,static,0.4896875947831362,0.017810159886662617
power,KFC_v2,static,0.4898392478010313,0.017810159886662617
power,KFC_v2,static,0.4899909008189263,0.017810159886662617
power,KFC_v2,static,0.49014255383682137,0.017810159886662617
power,KFC_v2,static,0.4902942068547164,0.017810159886662617
power,KFC_v2,static,0.49044585987261147,0.017810159886662617
power,KFC_v2,static,0.4905975128905065,0.017810159886662617
power,KFC_v2,static,0.4907491659084016,0.017810159886662617
power,KFC_v2,static,0.49090081892629667,0.017810159886662617
power,KFC_v2,static,0.4910524719441917,0.017810159886662617
power,KFC_v2,static,0.49120412496208676,0.017810159886662617
power,KFC_v2,static,0.4913557779799818,0.017810159886662617
power,KFC_v2,static,0.49150743099787686,0.017810159886662617
power,KFC_v2,static,0.4916590840157719,0.017810159886662617
power,KFC_v2,static,0.491810737033667,0.017810159886662617
power,KFC_v2,static,0.49196239005156206,0.017810159886662617
power,KFC_v2,static,0.4921140430694571,0.017810159886662617
power,KFC_v2,static,0.49226569608735216,0.017810159886662617
power,KFC_v2,static,0.4924173491052472,0.017810159886662617
power,KFC_v2,static,0.49256900212314225,0.017810159886662617
power,KFC_v2,static,0.4927206551410373,0.017810159886662617
power,KFC_v2,static,0.4928723081589324,0.017810159886662617
power,KFC_v2,static,0.49302396117682745,0.017810159886662617
power,KFC_v2,static,0.4931756141947225,0.017810159886662617
power,KFC_v2,static,0.49332726721261755,0.017810159886662617
power,KFC_v2,static,0.4934789202305126,0.017810159886662617
power,KFC_v2,static,0.49363057324840764,0.017810159886662617
power,KFC_v2,static,0.4937822262663027,0.017810159886662617
power,KFC_v2,static,0.4939338792841978,0.017810159886662617
power,KFC_v2,static,0.49408553230209284,0.017810159886662617
power,KFC_v2,static,0.4942371853199879,0.017810159886662617
power,KFC_v2,static,0.49438883833788294,0.017810159886662617
power,KFC_v2,static,0.494540491355778,0.017810159886662617
power,KFC_v2,static,0.49469214437367304,0.017810159886662617
power,KFC_v2,static,0.4948437973915681,0.017810159886662617
power,KFC_v2,static,0.4949954504094632,0.017810159886662617
power,KFC_v2,static,0.49514710342735824,0.017810159886662617
power,KFC_v2,static,0.4952987564452533,0.017810159886662617
power,KFC_v2,static,0.49545040946314833,0.017810159886662617
power,KFC_v2,static,0.4956020624810434,0.017810159886662617
power,KFC_v2,static,0.49575371549893843,0.017810159886662617
power,KFC_v2,static,0.4959053685168335,0.017810159886662617
power,KFC_v2,static,0.4960570215347286,0.017810159886662617
power,KFC_v2,static,0.49620867455262363,0.017810159886662617
power,KFC_v2,static,0.4963603275705187,0.017810159886662617
power,KFC_v2,static,0.4965119805884137,0.017810159886662617
power,KFC_v2,static,0.4966636336063088,0.017810159886662617
power,KFC_v2,static,0.4968152866242038,0.017810159886662617
power,KFC_v2,static,0.49696693964209887,0.017810159886662617
power,KFC_v2,static,0.497118592659994,0.017810159886662617
power,KFC_v2,static,0.497270245677889,0.017810159886662617
power,KFC_v2,static,0.49742189869578407,0.017810159886662617
power,KFC_v2,static,0.4975735517136791,0.017810159886662617
power,KFC_v2,static,0.49772520473157417,0.017810159886662617
power,KFC_v2,static,0.4978768577494692,0.017810159886662617
power,KFC_v2,static,0.49802851076736426,0.017810159886662617
power,KFC_v2,static,0.49818016378525937,0.017810159886662617
power,KFC_v2,static,0.4983318168031544,0.017810159886662617
power,KFC_v2,static,0.49848346982104946,0.017810159886662617
power,KFC_v2,static,0.4986351228389445,0.017810159886662617
power,KFC_v2,static,0.49878677585683956,0.017810159886662617
power,KFC_v2,static,0.4989384288747346,0.017810159886662617
power,KFC_v2,static,0.49909008189262966,0.017810159886662617
power,KFC_v2,static,0.49924173491052476,0.017810159886662617
power,KFC_v2,static,0.4993933879284198,0.017810159886662617
power,KFC_v2,static,0.49954504094631486,0.017810159886662617
power,KFC_v2,static,0.4996966939642099,0.017810159886662617
power,KFC_v2,static,0.49984834698210495,0.017810159886662617
power,KFC_v2,static,0.5,0.017810159886662617
power,KFC_v2,static,0.5001516530178951,0.017810159886662617
power,KFC_v2,static,0.5003033060357901,0.017810159886662617
power,KFC_v2,static,0.5004549590536852,0.017810159886662617
power,KFC_v2,static,0.5006066120715802,0.017810159886662617
power,KFC_v2,static,0.5007582650894753,0.017810159886662617
power,KFC_v2,static,0.5009099181073704,0.017810159886662617
power,KFC_v2,static,0.5010615711252654,0.017810159886662617
power,KFC_v2,static,0.5012132241431605,0.017810159886662617
power,KFC_v2,static,0.5013648771610555,0.017810159886662617
power,KFC_v2,static,0.5015165301789506,0.017810159886662617
power,KFC_v2,static,0.5016681831968456,0.017810159886662617
power,KFC_v2,static,0.5018198362147407,0.017810159886662617
power,KFC_v2,static,0.5019714892326358,0.017810159886662617
power,KFC_v2,static,0.5021231422505308,0.017810159886662617
power,KFC_v2,static,0.5022747952684259,0.017810159886662617
power,KFC_v2,static,0.5024264482863209,0.017810159886662617
power,KFC_v2,static,0.502578101304216,0.017810159886662617
power,KFC_v2,static,0.502729754322111,0.017810159886662617
power,KFC_v2,static,0.5028814073400061,0.017810159886662617
power,KFC_v2,static,0.5030330603579012,0.017810159886662617
power,KFC_v2,static,0.5031847133757962,0.017810159886662617
power,KFC_v2,static,0.5033363663936913,0.017810159886662617
power,KFC_v2,static,0.5034880194115863,0.017810159886662617
power,KFC_v2,static,0.5036396724294814,0.017810159886662617
power,KFC_v2,static,0.5037913254473764,0.017810159886662617
power,KFC_v2,static,0.5039429784652715,0.017810159886662617
power,KFC_v2,static,0.5040946314831666,0.017810159886662617
power,KFC_v2,static,0.5042462845010616,0.017810159886662617
power,KFC_v2,static,0.5043979375189567,0.017810159886662617
power,KFC_v2,static,0.5045495905368517,0.017810159886662617
power,KFC_v2,static,0.5047012435547468,0.017810159886662617
power,KFC_v2,static,0.5048528965726418,0.017810159886662617
power,KFC_v2,static,0.5050045495905369,0.017810159886662617
power,KFC_v2,static,0.505156202608432,0.017810159886662617
power,KFC_v2,static,0.505307855626327,0.017810159886662617
power,KFC_v2,static,0.5054595086442221,0.017810159886662617
power,KFC_v2,static,0.5056111616621171,0.017810159886662617
power,KFC_v2,static,0.5057628146800122,0.017810159886662617
power,KFC_v2,static,0.5059144676979072,0.017810159886662617
power,KFC_v2,static,0.5060661207158023,0.017810159886662617
power,KFC_v2,static,0.5062177737336974,0.017810159886662617
power,KFC_v2,static,0.5063694267515924,0.017810159886662617
power,KFC_v2,static,0.5065210797694875,0.017810159886662617
power,KFC_v2,static,0.5066727327873825,0.017810159886662617
power,KFC_v2,static,0.5068243858052776,0.017810159886662617
power,KFC_v2,static,0.5069760388231725,0.017810159886662617
power,KFC_v2,static,0.5071276918410677,0.017810159886662617
power,KFC_v2,static,0.5072793448589628,0.017810159886662617
power,KFC_v2,static,0.5074309978768577,0.017810159886662617
power,KFC_v2,static,0.5075826508947529,0.017810159886662617
power,KFC_v2,static,0.5077343039126478,0.017810159886662617
power,KFC_v2,static,0.507885956930543,0.017810159886662617
power,KFC_v2,static,0.5080376099484379,0.017810159886662617
power,KFC_v2,static,0.508189262966333,0.017810159886662617
power,KFC_v2,static,0.5083409159842281,0.017810159886662617
power,KFC_v2,static,0.5084925690021231,0.017810159886662617
power,KFC_v2,static,0.5086442220200182,0.017810159886662617
power,KFC_v2,static,0.5087958750379132,0.017810159886662617
power,KFC_v2,static,0.5089475280558083,0.017810159886662617
power,KFC_v2,static,0.5090991810737033,0.017810159886662617
power,KFC_v2,static,0.5092508340915984,0.017810159886662617
power,KFC_v2,static,0.5094024871094935,0.017810159886662617
power,KFC_v2,static,0.5095541401273885,0.017810159886662617
power,KFC_v2,static,0.5097057931452836,0.017810159886662617
power,KFC_v2,static,0.5098574461631786,0.017810159886662617
power,KFC_v2,static,0.5100090991810737,0.017810159886662617
power,KFC_v2,static,0.5101607521989687,0.017810159886662617
power,KFC_v2,static,0.5103124052168638,0.017810159886662617
power,KFC_v2,static,0.5104640582347589,0.017810159886662617
power,KFC_v2,static,0.5106157112526539,0.017810159886662617
power,KFC_v2,static,0.510767364270549,0.017810159886662617
power,KFC_v2,static,0.510919017288444,0.017810159886662617
power,KFC_v2,static,0.5110706703063391,0.017810159886662617
power,KFC_v2,static,0.5112223233242341,0.017810159886662617
power,KFC_v2,static,0.5113739763421292,0.017810159886662617
power,KFC_v2,static,0.5115256293600243,0.017810159886662617
power,KFC_v2,static,0.5116772823779193,0.017810159886662617
power,KFC_v2,static,0.5118289353958144,0.017810159886662617
power,KFC_v2,static,0.5119805884137094,0.017810159886662617
power,KFC_v2,static,0.5121322414316045,0.017810159886662617
power,KFC_v2,static,0.5122838944494995,0.017810159886662617
power,KFC_v2,static,0.5124355474673946,0.017810159886662617
power,KFC_v2,static,0.5125872004852897,0.017810159886662617
power,KFC_v2,static,0.5127388535031847,0.017810159886662617
power,KFC_v2,static,0.5128905065210798,0.017810159886662617
power,KFC_v2,static,0.5130421595389748,0.017810159886662617
power,KFC_v2,static,0.5131938125568699,0.017810159886662617
power,KFC_v2,static,0.5133454655747649,0.017810159886662617
power,KFC_v2,static,0.51349711859266,0.017810159886662617
power,KFC_v2,static,0.5136487716105551,0.017810159886662617
power,KFC_v2,static,0.5138004246284501,0.017810159886662617
power,KFC_v2,static,0.5139520776463452,0.017810159886662617
power,KFC_v2,static,0.5141037306642402,0.017810159886662617
power,KFC_v2,static,0.5142553836821353,0.017810159886662617
power,KFC_v2,static,0.5144070367000303,0.017810159886662617
power,KFC_v2,static,0.5145586897179254,0.017607771706132362
power,KFC_v2,static,0.5147103427358205,0.017607771706132362
power,KFC_v2,static,0.5148619957537155,0.017607771706132362
power,KFC_v2,static,0.5150136487716106,0.017607771706132362
power,KFC_v2,static,0.5151653017895056,0.017607771706132362
power,KFC_v2,static,0.5153169548074007,0.017607771706132362
power,KFC_v2,static,0.5154686078252957,0.017607771706132362
power,KFC_v2,static,0.5156202608431908,0.017607771706132362
power,KFC_v2,static,0.5157719138610859,0.017607771706132362
power,KFC_v2,static,0.5159235668789809,0.017607771706132362
power,KFC_v2,static,0.516075219896876,0.017607771706132362
power,KFC_v2,static,0.516226872914771,0.017607771706132362
power,KFC_v2,static,0.5163785259326661,0.017607771706132362
power,KFC_v2,static,0.5165301789505611,0.017607771706132362
power,KFC_v2,static,0.5166818319684562,0.017607771706132362
power,KFC_v2,static,0.5168334849863513,0.017607771706132362
power,KFC_v2,static,0.5169851380042463,0.017607771706132362
power,KFC_v2,static,0.5171367910221414,0.017607771706132362
power,KFC_v2,static,0.5172884440400364,0.017607771706132362
power,KFC_v2,static,0.5174400970579315,0.017607771706132362
power,KFC_v2,static,0.5175917500758265,0.017607771706132362
power,KFC_v2,static,0.5177434030937216,0.017607771706132362
power,KFC_v2,static,0.5178950561116167,0.017607771706132362
power,KFC_v2,static,0.5180467091295117,0.017607771706132362
power,KFC_v2,static,0.5181983621474068,0.017607771706132362
power,KFC_v2,static,0.5183500151653018,0.017607771706132362
power,KFC_v2,static,0.5185016681831969,0.017607771706132362
power,KFC_v2,static,0.5186533212010919,0.017607771706132362
power,KFC_v2,static,0.518804974218987,0.017607771706132362
power,KFC_v2,static,0.5189566272368821,0.017607771706132362
power,KFC_v2,static,0.5191082802547771,0.017607771706132362
power,KFC_v2,static,0.5192599332726722,0.017607771706132362
power,KFC_v2,static,0.5194115862905672,0.017607771706132362
power,KFC_v2,static,0.5195632393084623,0.017607771706132362
power,KFC_v2,static,0.5197148923263573,0.017607771706132362
power,KFC_v2,static,0.5198665453442524,0.017607771706132362
power,KFC_v2,static,0.5200181983621475,0.017607771706132362
power,KFC_v2,static,0.5201698513800425,0.017607771706132362
power,KFC_v2,static,0.5203215043979376,0.017607771706132362
power,KFC_v2,static,0.5204731574158326,0.017607771706132362
power,KFC_v2,static,0.5206248104337277,0.017607771706132362
power,KFC_v2,static,0.5207764634516227,0.017607771706132362
power,KFC_v2,static,0.5209281164695178,0.017607771706132362
power,KFC_v2,static,0.5210797694874129,0.017607771706132362
power,KFC_v2,static,0.5212314225053079,0.017607771706132362
power,KFC_v2,static,0.521383075523203,0.017607771706132362
power,KFC_v2,static,0.521534728541098,0.017607771706132362
power,KFC_v2,static,0.521686381558993,0.017607771706132362
power,KFC_v2,static,0.521838034576888,0.017607771706132362
power,KFC_v2,static,0.5219896875947831,0.017607771706132362
power,KFC_v2,static,0.5221413406126783,0.017607771706132362
power,KFC_v2,static,0.5222929936305732,0.017607771706132362
power,KFC_v2,static,0.5224446466484683,0.017607771706132362
power,KFC_v2,static,0.5225962996663633,0.017607771706132362
power,KFC_v2,static,0.5227479526842584,0.017607771706132362
power,KFC_v2,static,0.5228996057021534,0.017607771706132362
power,KFC_v2,static,0.5230512587200485,0.017607771706132362
power,KFC_v2,static,0.5232029117379436,0.017607771706132362
power,KFC_v2,static,0.5233545647558386,0.017607771706132362
power,KFC_v2,static,0.5235062177737337,0.017607771706132362
power,KFC_v2,static,0.5236578707916287,0.017607771706132362
power,KFC_v2,static,0.5238095238095238,0.017607771706132362
power,KFC_v2,static,0.5239611768274188,0.017607771706132362
power,KFC_v2,static,0.5241128298453139,0.017607771706132362
power,KFC_v2,static,0.524264482863209,0.017607771706132362
power,KFC_v2,static,0.524416135881104,0.017607771706132362
power,KFC_v2,static,0.5245677888989991,0.017607771706132362
power,KFC_v2,static,0.5247194419168941,0.017607771706132362
power,KFC_v2,static,0.5248710949347892,0.017607771706132362
power,KFC_v2,static,0.5250227479526842,0.017607771706132362
power,KFC_v2,static,0.5251744009705793,0.017607771706132362
power,KFC_v2,static,0.5253260539884744,0.017607771706132362
power,KFC_v2,static,0.5254777070063694,0.017607771706132362
power,KFC_v2,static,0.5256293600242645,0.017607771706132362
power,KFC_v2,static,0.5257810130421595,0.017607771706132362
power,KFC_v2,static,0.5259326660600546,0.017607771706132362
power,KFC_v2,static,0.5260843190779496,0.017607771706132362
power,KFC_v2,static,0.5262359720958447,0.017607771706132362
power,KFC_v2,static,0.5263876251137398,0.017607771706132362
power,KFC_v2,static,0.5265392781316348,0.017607771706132362
power,KFC_v2,static,0.5266909311495299,0.017607771706132362
power,KFC_v2,static,0.5268425841674249,0.017607771706132362
power,KFC_v2,static,0.52699423718532,0.017607771706132362
power,KFC_v2,static,0.527145890203215,0.017607771706132362
power,KFC_v2,static,0.5272975432211101,0.017607771706132362
power,KFC_v2,static,0.5274491962390052,0.017607771706132362
power,KFC_v2,static,0.5276008492569002,0.017607771706132362
power,KFC_v2,static,0.5277525022747953,0.017607771706132362
power,KFC_v2,static,0.5279041552926903,0.017607771706132362
power,KFC_v2,static,0.5280558083105854,0.017607771706132362
power,KFC_v2,static,0.5282074613284805,0.017607771706132362
power,KFC_v2,static,0.5283591143463755,0.017607771706132362
power,KFC_v2,static,0.5285107673642706,0.017607771706132362
power,KFC_v2,static,0.5286624203821656,0.017607771706132362
power,KFC_v2,static,0.5288140734000607,0.017607771706132362
power,KFC_v2,static,0.5289657264179557,0.017607771706132362
power,KFC_v2,static,0.5291173794358508,0.017607771706132362
power,KFC_v2,static,0.5292690324537459,0.017607771706132362
power,KFC_v2,static,0.5294206854716409,0.017607771706132362
power,KFC_v2,static,0.529572338489536,0.017607771706132362
power,KFC_v2,static,0.529723991507431,0.017607771706132362
power,KFC_v2,static,0.5298756445253261,0.017607771706132362
power,KFC_v2,static,0.5300272975432211,0.017607771706132362
power,KFC_v2,static,0.5301789505611162,0.017607771706132362
power,KFC_v2,static,0.5303306035790113,0.017607771706132362
power,KFC_v2,static,0.5304822565969063,0.017607771706132362
power,KFC_v2,static,0.5306339096148014,0.017607771706132362
power,KFC_v2,static,0.5307855626326964,0.017607771706132362
power,KFC_v2,static,0.5309372156505915,0.017405383525602103
power,KFC_v2,static,0.5310888686684865,0.017405383525602103
power,KFC_v2,static,0.5312405216863816,0.017405383525602103
power,KFC_v2,static,0.5313921747042767,0.017405383525602103
power,KFC_v2,static,0.5315438277221717,0.017405383525602103
power,KFC_v2,static,0.5316954807400668,0.017405383525602103
power,KFC_v2,static,0.5318471337579618,0.017405383525602103
power,KFC_v2,static,0.5319987867758569,0.017405383525602103
power,KFC_v2,static,0.5321504397937519,0.017405383525602103
power,KFC_v2,static,0.532302092811647,0.017405383525602103
power,KFC_v2,static,0.5324537458295421,0.017405383525602103
power,KFC_v2,static,0.5326053988474371,0.017405383525602103
power,KFC_v2,static,0.5327570518653322,0.017405383525602103
power,KFC_v2,static,0.5329087048832272,0.017405383525602103
power,KFC_v2,static,0.5330603579011223,0.017405383525602103
power,KFC_v2,static,0.5332120109190173,0.017405383525602103
power,KFC_v2,static,0.5333636639369124,0.017405383525602103
power,KFC_v2,static,0.5335153169548075,0.017405383525602103
power,KFC_v2,static,0.5336669699727025,0.017405383525602103
power,KFC_v2,static,0.5338186229905976,0.017405383525602103
power,KFC_v2,static,0.5339702760084926,0.017405383525602103
power,KFC_v2,static,0.5341219290263877,0.017405383525602103
power,KFC_v2,static,0.5342735820442827,0.017405383525602103
power,KFC_v2,static,0.5344252350621778,0.017405383525602103
power,KFC_v2,static,0.5345768880800729,0.017405383525602103
power,KFC_v2,static,0.5347285410979679,0.017405383525602103
power,KFC_v2,static,0.534880194115863,0.017405383525602103
power,KFC_v2,static,0.535031847133758,0.017405383525602103
power,KFC_v2,static,0.5351835001516531,0.017405383525602103
power,KFC_v2,static,0.535335153169548,0.017405383525602103
power,KFC_v2,static,0.5354868061874432,0.017405383525602103
power,KFC_v2,static,0.5356384592053383,0.017405383525602103
power,KFC_v2,static,0.5357901122232333,0.017405383525602103
power,KFC_v2,static,0.5359417652411284,0.017405383525602103
power,KFC_v2,static,0.5360934182590233,0.017405383525602103
power,KFC_v2,static,0.5362450712769185,0.017405383525602103
power,KFC_v2,static,0.5363967242948134,0.017405383525602103
power,KFC_v2,static,0.5365483773127085,0.017405383525602103
power,KFC_v2,static,0.5367000303306037,0.017405383525602103
power,KFC_v2,static,0.5368516833484986,0.017405383525602103
power,KFC_v2,static,0.5370033363663937,0.017405383525602103
power,KFC_v2,static,0.5371549893842887,0.017405383525602103
power,KFC_v2,static,0.5373066424021838,0.017405383525602103
power,KFC_v2,static,0.5374582954200788,0.017405383525602103
power,KFC_v2,static,0.5376099484379739,0.017405383525602103
power,KFC_v2,static,0.537761601455869,0.017405383525602103
power,KFC_v2,static,0.537913254473764,0.017405383525602103
power,KFC_v2,static,0.5380649074916591,0.017405383525602103
power,KFC_v2,static,0.5382165605095541,0.017405383525602103
power,KFC_v2,static,0.5383682135274492,0.017405383525602103
power,KFC_v2,static,0.5385198665453442,0.017405383525602103
power,KFC_v2,static,0.5386715195632393,0.017405383525602103
power,KFC_v2,static,0.5388231725811344,0.017405383525602103
power,KFC_v2,static,0.5389748255990294,0.017405383525602103
power,KFC_v2,static,0.5391264786169245,0.017405383525602103
power,KFC_v2,static,0.5392781316348195,0.017405383525602103
power,KFC_v2,static,0.5394297846527146,0.017405383525602103
power,KFC_v2,static,0.5395814376706096,0.017405383525602103
power,KFC_v2,static,0.5397330906885047,0.017405383525602103
power,KFC_v2,static,0.5398847437063998,0.017405383525602103
power,KFC_v2,static,0.5400363967242948,0.017405383525602103
power,KFC_v2,static,0.5401880497421899,0.017405383525602103
power,KFC_v2,static,0.5403397027600849,0.017405383525602103
power,KFC_v2,static,0.54049135577798,0.017405383525602103
power,KFC_v2,static,0.540643008795875,0.017405383525602103
power,KFC_v2,static,0.5407946618137701,0.017405383525602103
power,KFC_v2,static,0.5409463148316652,0.017405383525602103
power,KFC_v2,static,0.5410979678495602,0.017405383525602103
power,KFC_v2,static,0.5412496208674553,0.017405383525602103
power,KFC_v2,static,0.5414012738853503,0.017405383525602103
power,KFC_v2,static,0.5415529269032454,0.017405383525602103
power,KFC_v2,static,0.5417045799211404,0.017405383525602103
power,KFC_v2,static,0.5418562329390355,0.017405383525602103
power,KFC_v2,static,0.5420078859569306,0.017405383525602103
power,KFC_v2,static,0.5421595389748256,0.017405383525602103
power,KFC_v2,static,0.5423111919927207,0.017405383525602103
power,KFC_v2,static,0.5424628450106157,0.017405383525602103
power,KFC_v2,static,0.5426144980285108,0.017405383525602103
power,KFC_v2,static,0.5427661510464058,0.017405383525602103
power,KFC_v2,static,0.5429178040643009,0.017405383525602103
power,KFC_v2,static,0.543069457082196,0.017405383525602103
power,KFC_v2,static,0.543221110100091,0.017405383525602103
power,KFC_v2,static,0.5433727631179861,0.017405383525602103
power,KFC_v2,static,0.5435244161358811,0.017405383525602103
power,KFC_v2,static,0.5436760691537762,0.017405383525602103
power,KFC_v2,static,0.5438277221716712,0.017405383525602103
power,KFC_v2,static,0.5439793751895663,0.017405383525602103
power,KFC_v2,static,0.5441310282074614,0.017405383525602103
power,KFC_v2,static,0.5442826812253564,0.017405383525602103
power,KFC_v2,static,0.5444343342432515,0.017405383525602103
power,KFC_v2,static,0.5445859872611465,0.017405383525602103
power,KFC_v2,static,0.5447376402790416,0.017405383525602103
power,KFC_v2,static,0.5448892932969366,0.017405383525602103
power,KFC_v2,static,0.5450409463148317,0.017405383525602103
power,KFC_v2,static,0.5451925993327268,0.017405383525602103
power,KFC_v2,static,0.5453442523506218,0.017405383525602103
power,KFC_v2,static,0.5454959053685169,0.017405383525602103
power,KFC_v2,static,0.5456475583864119,0.017405383525602103
power,KFC_v2,static,0.545799211404307,0.017405383525602103
power,KFC_v2,static,0.545950864422202,0.017405383525602103
power,KFC_v2,static,0.5461025174400971,0.017405383525602103
power,KFC_v2,static,0.5462541704579922,0.017405383525602103
power,KFC_v2,static,0.5464058234758872,0.017405383525602103
power,KFC_v2,static,0.5465574764937823,0.017405383525602103
power,KFC_v2,static,0.5467091295116773,0.017405383525602103
power,KFC_v2,static,0.5468607825295724,0.017405383525602103
power,KFC_v2,static,0.5470124355474674,0.017405383525602103
power,KFC_v2,static,0.5471640885653625,0.017405383525602103
power,KFC_v2,static,0.5473157415832576,0.017405383525602103
power,KFC_v2,static,0.5474673946011526,0.017405383525602103
power,KFC_v2,static,0.5476190476190477,0.017405383525602103
power,KFC_v2,static,0.5477707006369427,0.017405383525602103
power,KFC_v2,static,0.5479223536548378,0.017405383525602103
power,KFC_v2,static,0.5480740066727328,0.017405383525602103
power,KFC_v2,static,0.5482256596906279,0.017405383525602103
power,KFC_v2,static,0.548377312708523,0.017405383525602103
power,KFC_v2,static,0.548528965726418,0.017405383525602103
power,KFC_v2,static,0.5486806187443131,0.017405383525602103
power,KFC_v2,static,0.5488322717622081,0.017405383525602103
power,KFC_v2,static,0.5489839247801032,0.017405383525602103
power,KFC_v2,static,0.5491355777979982,0.017405383525602103
power,KFC_v2,static,0.5492872308158933,0.017405383525602103
power,KFC_v2,static,0.5494388838337884,0.017405383525602103
power,KFC_v2,static,0.5495905368516834,0.017405383525602103
power,KFC_v2,static,0.5497421898695785,0.017405383525602103
power,KFC_v2,static,0.5498938428874734,0.017405383525602103
power,KFC_v2,static,0.5500454959053686,0.017405383525602103
power,KFC_v2,static,0.5501971489232635,0.017405383525602103
power,KFC_v2,static,0.5503488019411586,0.017405383525602103
power,KFC_v2,static,0.5505004549590538,0.017405383525602103
power,KFC_v2,static,0.5506521079769487,0.017405383525602103
power,KFC_v2,static,0.5508037609948438,0.017405383525602103
power,KFC_v2,static,0.5509554140127388,0.017405383525602103
power,KFC_v2,static,0.551107067030634,0.017405383525602103
power,KFC_v2,static,0.5512587200485289,0.017405383525602103
power,KFC_v2,static,0.551410373066424,0.017405383525602103
power,KFC_v2,static,0.5515620260843191,0.017405383525602103
power,KFC_v2,static,0.5517136791022141,0.017405383525602103
power,KFC_v2,static,0.5518653321201092,0.017405383525602103
power,KFC_v2,static,0.5520169851380042,0.017405383525602103
power,KFC_v2,static,0.5521686381558993,0.017405383525602103
power,KFC_v2,static,0.5523202911737943,0.017405383525602103
power,KFC_v2,static,0.5524719441916894,0.017405383525602103
power,KFC_v2,static,0.5526235972095845,0.017405383525602103
power,KFC_v2,static,0.5527752502274795,0.017405383525602103
power,KFC_v2,static,0.5529269032453746,0.017405383525602103
power,KFC_v2,static,0.5530785562632696,0.017405383525602103
power,KFC_v2,static,0.5532302092811647,0.017405383525602103
power,KFC_v2,static,0.5533818622990597,0.017405383525602103
power,KFC_v2,static,0.5535335153169548,0.017405383525602103
power,KFC_v2,static,0.5536851683348499,0.017405383525602103
power,KFC_v2,static,0.5538368213527449,0.017405383525602103
power,KFC_v2,static,0.55398847437064,0.017405383525602103
power,KFC_v2,static,0.554140127388535,0.017405383525602103
power,KFC_v2,static,0.5542917804064301,0.017405383525602103
power,KFC_v2,static,0.5544434334243251,0.017405383525602103
power,KFC_v2,static,0.5545950864422202,0.017405383525602103
power,KFC_v2,static,0.5547467394601153,0.017405383525602103
power,KFC_v2,static,0.5548983924780103,0.017405383525602103
power,KFC_v2,static,0.5550500454959054,0.017405383525602103
power,KFC_v2,static,0.5552016985138004,0.017405383525602103
power,KFC_v2,static,0.5553533515316955,0.017405383525602103
power,KFC_v2,static,0.5555050045495905,0.017405383525602103
power,KFC_v2,static,0.5556566575674856,0.017405383525602103
power,KFC_v2,static,0.5558083105853807,0.017405383525602103
power,KFC_v2,static,0.5559599636032757,0.017405383525602103
power,KFC_v2,static,0.5561116166211708,0.017405383525602103
power,KFC_v2,static,0.5562632696390658,0.017405383525602103
power,KFC_v2,static,0.5564149226569609,0.017405383525602103
power,KFC_v2,static,0.5565665756748559,0.017405383525602103
power,KFC_v2,static,0.556718228692751,0.017405383525602103
power,KFC_v2,static,0.5568698817106461,0.017405383525602103
power,KFC_v2,static,0.5570215347285411,0.017405383525602103
power,KFC_v2,static,0.5571731877464362,0.017405383525602103
power,KFC_v2,static,0.5573248407643312,0.017405383525602103
power,KFC_v2,static,0.5574764937822263,0.017405383525602103
power,KFC_v2,static,0.5576281468001213,0.017405383525602103
power,KFC_v2,static,0.5577797998180164,0.017405383525602103
power,KFC_v2,static,0.5579314528359115,0.017405383525602103
power,KFC_v2,static,0.5580831058538065,0.017405383525602103
power,KFC_v2,static,0.5582347588717016,0.017405383525602103
power,KFC_v2,static,0.5583864118895966,0.017405383525602103
power,KFC_v2,static,0.5585380649074917,0.017405383525602103
power,KFC_v2,static,0.5586897179253867,0.017405383525602103
power,KFC_v2,static,0.5588413709432818,0.017405383525602103
power,KFC_v2,static,0.5589930239611769,0.017405383525602103
power,KFC_v2,static,0.5591446769790719,0.017405383525602103
power,KFC_v2,static,0.559296329996967,0.017405383525602103
power,KFC_v2,static,0.559447983014862,0.017405383525602103
power,KFC_v2,static,0.5595996360327571,0.017405383525602103
power,KFC_v2,static,0.5597512890506521,0.017405383525602103
power,KFC_v2,static,0.5599029420685472,0.017405383525602103
power,KFC_v2,static,0.5600545950864423,0.017405383525602103
power,KFC_v2,static,0.5602062481043373,0.017405383525602103
power,KFC_v2,static,0.5603579011222324,0.017405383525602103
power,KFC_v2,static,0.5605095541401274,0.017405383525602103
power,KFC_v2,static,0.5606612071580225,0.017405383525602103
power,KFC_v2,static,0.5608128601759175,0.017405383525602103
power,KFC_v2,static,0.5609645131938126,0.017405383525602103
power,KFC_v2,static,0.5611161662117077,0.017405383525602103
power,KFC_v2,static,0.5612678192296027,0.017405383525602103
power,KFC_v2,static,0.5614194722474978,0.017405383525602103
power,KFC_v2,static,0.5615711252653928,0.017405383525602103
power,KFC_v2,static,0.5617227782832879,0.017405383525602103
power,KFC_v2,static,0.5618744313011829,0.017405383525602103
power,KFC_v2,static,0.562026084319078,0.017405383525602103
power,KFC_v2,static,0.5621777373369731,0.017405383525602103
power,KFC_v2,static,0.5623293903548681,0.017405383525602103
power,KFC_v2,static,0.5624810433727632,0.017405383525602103
power,KFC_v2,static,0.5626326963906582,0.017405383525602103
power,KFC_v2,static,0.5627843494085533,0.017405383525602103
power,KFC_v2,static,0.5629360024264483,0.017405383525602103
power,KFC_v2,static,0.5630876554443434,0.017405383525602103
power,KFC_v2,static,0.5632393084622385,0.017405383525602103
power,KFC_v2,static,0.5633909614801335,0.017405383525602103
power,KFC_v2,static,0.5635426144980286,0.017405383525602103
power,KFC_v2,static,0.5636942675159236,0.017405383525602103
power,KFC_v2,static,0.5638459205338187,0.017405383525602103
power,KFC_v2,static,0.5639975735517136,0.017405383525602103
power,KFC_v2,static,0.5641492265696088,0.017405383525602103
power,KFC_v2,static,0.5643008795875039,0.017405383525602103
power,KFC_v2,static,0.5644525326053988,0.017405383525602103
power,KFC_v2,static,0.564604185623294,0.017405383525602103
power,KFC_v2,static,0.564755838641189,0.017405383525602103
power,KFC_v2,static,0.564907491659084,0.017405383525602103
power,KFC_v2,static,0.565059144676979,0.017405383525602103
power,KFC_v2,static,0.5652107976948741,0.017405383525602103
power,KFC_v2,static,0.5653624507127692,0.017405383525602103
power,KFC_v2,static,0.5655141037306642,0.017405383525602103
power,KFC_v2,static,0.5656657567485593,0.017405383525602103
power,KFC_v2,static,0.5658174097664543,0.017405383525602103
power,KFC_v2,static,0.5659690627843494,0.017405383525602103
power,KFC_v2,static,0.5661207158022444,0.017405383525602103
power,KFC_v2,static,0.5662723688201395,0.017405383525602103
power,KFC_v2,static,0.5664240218380346,0.017405383525602103
power,KFC_v2,static,0.5665756748559296,0.017405383525602103
power,KFC_v2,static,0.5667273278738247,0.017405383525602103
power,KFC_v2,static,0.5668789808917197,0.017405383525602103
power,KFC_v2,static,0.5670306339096148,0.017405383525602103
power,KFC_v2,static,0.5671822869275098,0.017405383525602103
power,KFC_v2,static,0.5673339399454049,0.017405383525602103
power,KFC_v2,static,0.5674855929633,0.017405383525602103
power,KFC_v2,static,0.567637245981195,0.017405383525602103
power,KFC_v2,static,0.5677888989990901,0.017405383525602103
power,KFC_v2,static,0.5679405520169851,0.017405383525602103
power,KFC_v2,static,0.5680922050348802,0.017405383525602103
power,KFC_v2,static,0.5682438580527752,0.017405383525602103
power,KFC_v2,static,0.5683955110706703,0.017405383525602103
power,KFC_v2,static,0.5685471640885654,0.017405383525602103
power,KFC_v2,static,0.5686988171064604,0.017405383525602103
power,KFC_v2,static,0.5688504701243555,0.017405383525602103
power,KFC_v2,static,0.5690021231422505,0.017405383525602103
power,KFC_v2,static,0.5691537761601456,0.017405383525602103
power,KFC_v2,static,0.5693054291780406,0.017405383525602103
power,KFC_v2,static,0.5694570821959357,0.017405383525602103
power,KFC_v2,static,0.5696087352138308,0.017405383525602103
power,KFC_v2,static,0.5697603882317258,0.017405383525602103
power,KFC_v2,static,0.5699120412496209,0.017405383525602103
power,KFC_v2,static,0.5700636942675159,0.017405383525602103
power,KFC_v2,static,0.570215347285411,0.017405383525602103
power,KFC_v2,static,0.570367000303306,0.017405383525602103
power,KFC_v2,static,0.5705186533212011,0.017405383525602103
power,KFC_v2,static,0.5706703063390962,0.017405383525602103
power,KFC_v2,static,0.5708219593569912,0.017405383525602103
power,KFC_v2,static,0.5709736123748863,0.017405383525602103
power,KFC_v2,static,0.5711252653927813,0.017405383525602103
power,KFC_v2,static,0.5712769184106764,0.017405383525602103
power,KFC_v2,static,0.5714285714285714,0.017405383525602103
power,KFC_v2,static,0.5715802244464665,0.017405383525602103
power,KFC_v2,static,0.5717318774643616,0.017405383525602103
power,KFC_v2,static,0.5718835304822566,0.017405383525602103
power,KFC_v2,static,0.5720351835001517,0.017405383525602103
power,KFC_v2,static,0.5721868365180467,0.017405383525602103
power,KFC_v2,static,0.5723384895359418,0.017405383525602103
power,KFC_v2,static,0.5724901425538368,0.017405383525602103
power,KFC_v2,static,0.5726417955717319,0.017405383525602103
power,KFC_v2,static,0.572793448589627,0.017405383525602103
power,KFC_v2,static,0.572945101607522,0.017405383525602103
power,KFC_v2,static,0.5730967546254171,0.017405383525602103
power,KFC_v2,static,0.5732484076433121,0.017405383525602103
power,KFC_v2,static,0.5734000606612072,0.017405383525602103
power,KFC_v2,static,0.5735517136791022,0.017405383525602103
power,KFC_v2,static,0.5737033666969973,0.017405383525602103
power,KFC_v2,static,0.5738550197148924,0.017405383525602103
power,KFC_v2,static,0.5740066727327874,0.017405383525602103
power,KFC_v2,static,0.5741583257506825,0.017405383525602103
power,KFC_v2,static,0.5743099787685775,0.017405383525602103
power,KFC_v2,static,0.5744616317864726,0.017405383525602103
power,KFC_v2,static,0.5746132848043676,0.017405383525602103
power,KFC_v2,static,0.5747649378222627,0.017405383525602103
power,KFC_v2,static,0.5749165908401578,0.017405383525602103
power,KFC_v2,static,0.5750682438580528,0.017405383525602103
power,KFC_v2,static,0.5752198968759479,0.017405383525602103
power,KFC_v2,static,0.5753715498938429,0.017405383525602103
power,KFC_v2,static,0.575523202911738,0.017405383525602103
power,KFC_v2,static,0.575674855929633,0.017405383525602103
power,KFC_v2,static,0.5758265089475281,0.017405383525602103
power,KFC_v2,static,0.5759781619654232,0.017405383525602103
power,KFC_v2,static,0.5761298149833182,0.017405383525602103
power,KFC_v2,static,0.5762814680012133,0.017405383525602103
power,KFC_v2,static,0.5764331210191083,0.017405383525602103
power,KFC_v2,static,0.5765847740370034,0.017405383525602103
power,KFC_v2,static,0.5767364270548984,0.017405383525602103
power,KFC_v2,static,0.5768880800727935,0.017405383525602103
power,KFC_v2,static,0.5770397330906886,0.017405383525602103
power,KFC_v2,static,0.5771913861085836,0.017405383525602103
power,KFC_v2,static,0.5773430391264787,0.017405383525602103
power,KFC_v2,static,0.5774946921443737,0.017405383525602103
power,KFC_v2,static,0.5776463451622688,0.017405383525602103
power,KFC_v2,static,0.5777979981801638,0.017405383525602103
power,KFC_v2,static,0.5779496511980589,0.017405383525602103
power,KFC_v2,static,0.578101304215954,0.017405383525602103
power,KFC_v2,static,0.578252957233849,0.017405383525602103
power,KFC_v2,static,0.5784046102517441,0.017405383525602103
power,KFC_v2,static,0.578556263269639,0.017405383525602103
power,KFC_v2,static,0.5787079162875342,0.017405383525602103
power,KFC_v2,static,0.5788595693054291,0.017405383525602103
power,KFC_v2,static,0.5790112223233242,0.017405383525602103
power,KFC_v2,static,0.5791628753412194,0.017405383525602103
power,KFC_v2,static,0.5793145283591143,0.017405383525602103
power,KFC_v2,static,0.5794661813770094,0.017405383525602103
power,KFC_v2,static,0.5796178343949044,0.017405383525602103
power,KFC_v2,static,0.5797694874127995,0.017405383525602103
power,KFC_v2,static,0.5799211404306945,0.017405383525602103
power,KFC_v2,static,0.5800727934485896,0.017405383525602103
power,KFC_v2,static,0.5802244464664847,0.017405383525602103
power,KFC_v2,static,0.5803760994843797,0.017405383525602103
power,KFC_v2,static,0.5805277525022748,0.017405383525602103
power,KFC_v2,static,0.5806794055201698,0.017405383525602103
power,KFC_v2,static,0.5808310585380649,0.017405383525602103
power,KFC_v2,static,0.5809827115559599,0.017405383525602103
power,KFC_v2,static,0.581134364573855,0.017405383525602103
power,KFC_v2,static,0.5812860175917501,0.017405383525602103
power,KFC_v2,static,0.5814376706096451,0.017405383525602103
power,KFC_v2,static,0.5815893236275402,0.017405383525602103
power,KFC_v2,static,0.5817409766454352,0.017405383525602103
power,KFC_v2,static,0.5818926296633303,0.017405383525602103
power,KFC_v2,static,0.5820442826812253,0.017405383525602103
power,KFC_v2,static,0.5821959356991204,0.017405383525602103
power,KFC_v2,static,0.5823475887170155,0.017405383525602103
power,KFC_v2,static,0.5824992417349105,0.017405383525602103
power,KFC_v2,static,0.5826508947528056,0.017405383525602103
power,KFC_v2,static,0.5828025477707006,0.017405383525602103
power,KFC_v2,static,0.5829542007885957,0.017405383525602103
power,KFC_v2,static,0.5831058538064907,0.017405383525602103
power,KFC_v2,static,0.5832575068243858,0.017405383525602103
power,KFC_v2,static,0.5834091598422809,0.017405383525602103
power,KFC_v2,static,0.5835608128601759,0.017405383525602103
power,KFC_v2,static,0.583712465878071,0.017405383525602103
power,KFC_v2,static,0.583864118895966,0.017405383525602103
power,KFC_v2,static,0.5840157719138611,0.017405383525602103
power,KFC_v2,static,0.5841674249317561,0.017405383525602103
power,KFC_v2,static,0.5843190779496512,0.017405383525602103
power,KFC_v2,static,0.5844707309675463,0.017405383525602103
power,KFC_v2,static,0.5846223839854413,0.017405383525602103
power,KFC_v2,static,0.5847740370033364,0.017405383525602103
power,KFC_v2,static,0.5849256900212314,0.017405383525602103
power,KFC_v2,static,0.5850773430391265,0.017405383525602103
power,KFC_v2,static,0.5852289960570215,0.017405383525602103
power,KFC_v2,static,0.5853806490749166,0.017405383525602103
power,KFC_v2,static,0.5855323020928117,0.017405383525602103
power,KFC_v2,static,0.5856839551107067,0.017405383525602103
power,KFC_v2,static,0.5858356081286018,0.017405383525602103
power,KFC_v2,static,0.5859872611464968,0.017405383525602103
power,KFC_v2,static,0.5861389141643919,0.017405383525602103
power,KFC_v2,static,0.5862905671822869,0.017405383525602103
power,KFC_v2,static,0.586442220200182,0.017405383525602103
power,KFC_v2,static,0.5865938732180771,0.017405383525602103
power,KFC_v2,static,0.5867455262359721,0.017405383525602103
power,KFC_v2,static,0.5868971792538672,0.017405383525602103
power,KFC_v2,static,0.5870488322717622,0.017405383525602103
power,KFC_v2,static,0.5872004852896573,0.017405383525602103
power,KFC_v2,static,0.5873521383075523,0.017405383525602103
power,KFC_v2,static,0.5875037913254474,0.017405383525602103
power,KFC_v2,static,0.5876554443433425,0.017405383525602103
power,KFC_v2,static,0.5878070973612375,0.017405383525602103
power,KFC_v2,static,0.5879587503791326,0.017405383525602103
power,KFC_v2,static,0.5881104033970276,0.017405383525602103
power,KFC_v2,static,0.5882620564149227,0.017405383525602103
power,KFC_v2,static,0.5884137094328177,0.017405383525602103
power,KFC_v2,static,0.5885653624507128,0.017405383525602103
power,KFC_v2,static,0.5887170154686079,0.017405383525602103
power,KFC_v2,static,0.5888686684865029,0.017405383525602103
power,KFC_v2,static,0.589020321504398,0.017405383525602103
power,KFC_v2,static,0.589171974522293,0.017405383525602103
power,KFC_v2,static,0.5893236275401881,0.017405383525602103
power,KFC_v2,static,0.5894752805580831,0.017405383525602103
power,KFC_v2,static,0.5896269335759782,0.017405383525602103
power,KFC_v2,static,0.5897785865938733,0.017405383525602103
power,KFC_v2,static,0.5899302396117683,0.017405383525602103
power,KFC_v2,static,0.5900818926296634,0.017405383525602103
power,KFC_v2,static,0.5902335456475584,0.017405383525602103
power,KFC_v2,static,0.5903851986654535,0.017405383525602103
power,KFC_v2,static,0.5905368516833486,0.017405383525602103
power,KFC_v2,static,0.5906885047012436,0.017405383525602103
power,KFC_v2,static,0.5908401577191387,0.017405383525602103
power,KFC_v2,static,0.5909918107370337,0.017405383525602103
power,KFC_v2,static,0.5911434637549288,0.017405383525602103
power,KFC_v2,static,0.5912951167728238,0.017405383525602103
power,KFC_v2,static,0.5914467697907189,0.017405383525602103
power,KFC_v2,static,0.591598422808614,0.017405383525602103
power,KFC_v2,static,0.591750075826509,0.017405383525602103
power,KFC_v2,static,0.5919017288444041,0.017405383525602103
power,KFC_v2,static,0.592053381862299,0.017405383525602103
power,KFC_v2,static,0.5922050348801942,0.017405383525602103
power,KFC_v2,static,0.5923566878980892,0.017405383525602103
power,KFC_v2,static,0.5925083409159843,0.017405383525602103
power,KFC_v2,static,0.5926599939338794,0.017405383525602103
power,KFC_v2,static,0.5928116469517744,0.017405383525602103
power,KFC_v2,static,0.5929632999696695,0.017405383525602103
power,KFC_v2,static,0.5931149529875644,0.017405383525602103
power,KFC_v2,static,0.5932666060054596,0.017405383525602103
power,KFC_v2,static,0.5934182590233545,0.017405383525602103
power,KFC_v2,static,0.5935699120412496,0.017405383525602103
power,KFC_v2,static,0.5937215650591448,0.017405383525602103
power,KFC_v2,static,0.5938732180770397,0.017405383525602103
power,KFC_v2,static,0.5940248710949348,0.017405383525602103
power,KFC_v2,static,0.5941765241128298,0.017405383525602103
power,KFC_v2,static,0.5943281771307249,0.01700060716454159
power,KFC_v2,static,0.5944798301486199,0.01700060716454159
power,KFC_v2,static,0.594631483166515,0.01700060716454159
power,KFC_v2,static,0.5947831361844101,0.01700060716454159
power,KFC_v2,static,0.5949347892023051,0.01700060716454159
power,KFC_v2,static,0.5950864422202002,0.01700060716454159
power,KFC_v2,static,0.5952380952380952,0.01700060716454159
power,KFC_v2,static,0.5953897482559903,0.01700060716454159
power,KFC_v2,static,0.5955414012738853,0.01700060716454159
power,KFC_v2,static,0.5956930542917804,0.01700060716454159
power,KFC_v2,static,0.5958447073096755,0.01700060716454159
power,KFC_v2,static,0.5959963603275705,0.01700060716454159
power,KFC_v2,static,0.5961480133454656,0.01700060716454159
power,KFC_v2,static,0.5962996663633606,0.01700060716454159
power,KFC_v2,static,0.5964513193812557,0.01700060716454159
power,KFC_v2,static,0.5966029723991507,0.01700060716454159
power,KFC_v2,static,0.5967546254170458,0.01700060716454159
power,KFC_v2,static,0.5969062784349409,0.01700060716454159
power,KFC_v2,static,0.5970579314528359,0.01700060716454159
power,KFC_v2,static,0.597209584470731,0.01700060716454159
power,KFC_v2,static,0.597361237488626,0.01700060716454159
power,KFC_v2,static,0.5975128905065211,0.01700060716454159
power,KFC_v2,static,0.5976645435244161,0.01700060716454159
power,KFC_v2,static,0.5978161965423112,0.01700060716454159
power,KFC_v2,static,0.5979678495602063,0.01700060716454159
power,KFC_v2,static,0.5981195025781013,0.01700060716454159
power,KFC_v2,static,0.5982711555959964,0.01700060716454159
power,KFC_v2,static,0.5984228086138914,0.01700060716454159
power,KFC_v2,static,0.5985744616317865,0.01700060716454159
power,KFC_v2,static,0.5987261146496815,0.01700060716454159
power,KFC_v2,static,0.5988777676675766,0.01700060716454159
power,KFC_v2,static,0.5990294206854717,0.01700060716454159
power,KFC_v2,static,0.5991810737033667,0.01700060716454159
power,KFC_v2,static,0.5993327267212618,0.01700060716454159
power,KFC_v2,static,0.5994843797391568,0.01700060716454159
power,KFC_v2,static,0.5996360327570519,0.01700060716454159
power,KFC_v2,static,0.5997876857749469,0.01700060716454159
power,KFC_v2,static,0.599939338792842,0.01700060716454159
power,KFC_v2,static,0.6000909918107371,0.01700060716454159
power,KFC_v2,static,0.6002426448286321,0.01700060716454159
power,KFC_v2,static,0.6003942978465272,0.01700060716454159
power,KFC_v2,static,0.6005459508644222,0.01700060716454159
power,KFC_v2,static,0.6006976038823173,0.01700060716454159
power,KFC_v2,static,0.6008492569002123,0.01700060716454159
power,KFC_v2,static,0.6010009099181074,0.01700060716454159
power,KFC_v2,static,0.6011525629360025,0.01700060716454159
power,KFC_v2,static,0.6013042159538975,0.01700060716454159
power,KFC_v2,static,0.6014558689717926,0.01700060716454159
power,KFC_v2,static,0.6016075219896876,0.01700060716454159
power,KFC_v2,static,0.6017591750075827,0.01700060716454159
power,KFC_v2,static,0.6019108280254777,0.01700060716454159
power,KFC_v2,static,0.6020624810433728,0.01700060716454159
power,KFC_v2,static,0.6022141340612679,0.01700060716454159
power,KFC_v2,static,0.6023657870791629,0.01700060716454159
power,KFC_v2,static,0.602517440097058,0.01700060716454159
power,KFC_v2,static,0.602669093114953,0.01700060716454159
power,KFC_v2,static,0.6028207461328481,0.01700060716454159
power,KFC_v2,static,0.6029723991507431,0.01700060716454159
power,KFC_v2,static,0.6031240521686382,0.01700060716454159
power,KFC_v2,static,0.6032757051865333,0.01700060716454159
power,KFC_v2,static,0.6034273582044283,0.01700060716454159
power,KFC_v2,static,0.6035790112223234,0.01700060716454159
power,KFC_v2,static,0.6037306642402184,0.01700060716454159
power,KFC_v2,static,0.6038823172581135,0.01700060716454159
power,KFC_v2,static,0.6040339702760085,0.01700060716454159
power,KFC_v2,static,0.6041856232939036,0.01700060716454159
power,KFC_v2,static,0.6043372763117987,0.01700060716454159
power,KFC_v2,static,0.6044889293296937,0.01700060716454159
power,KFC_v2,static,0.6046405823475888,0.01700060716454159
power,KFC_v2,static,0.6047922353654838,0.01700060716454159
power,KFC_v2,static,0.6049438883833789,0.01700060716454159
power,KFC_v2,static,0.6050955414012739,0.01700060716454159
power,KFC_v2,static,0.605247194419169,0.01700060716454159
power,KFC_v2,static,0.6053988474370641,0.01700060716454159
power,KFC_v2,static,0.6055505004549591,0.01700060716454159
power,KFC_v2,static,0.6057021534728542,0.01700060716454159
power,KFC_v2,static,0.6058538064907492,0.01700060716454159
power,KFC_v2,static,0.6060054595086443,0.01700060716454159
power,KFC_v2,static,0.6061571125265393,0.01700060716454159
power,KFC_v2,static,0.6063087655444344,0.01700060716454159
power,KFC_v2,static,0.6064604185623295,0.01700060716454159
power,KFC_v2,static,0.6066120715802245,0.01700060716454159
power,KFC_v2,static,0.6067637245981196,0.01700060716454159
power,KFC_v2,static,0.6069153776160146,0.01700060716454159
power,KFC_v2,static,0.6070670306339097,0.01700060716454159
power,KFC_v2,static,0.6072186836518046,0.01700060716454159
power,KFC_v2,static,0.6073703366696998,0.01700060716454159
power,KFC_v2,static,0.6075219896875949,0.01700060716454159
power,KFC_v2,static,0.6076736427054898,0.01700060716454159
power,KFC_v2,static,0.607825295723385,0.01700060716454159
power,KFC_v2,static,0.6079769487412799,0.01700060716454159
power,KFC_v2,static,0.608128601759175,0.01700060716454159
power,KFC_v2,static,0.60828025477707,0.01700060716454159
power,KFC_v2,static,0.6084319077949651,0.01700060716454159
power,KFC_v2,static,0.6085835608128602,0.01700060716454159
power,KFC_v2,static,0.6087352138307552,0.01700060716454159
power,KFC_v2,static,0.6088868668486503,0.01700060716454159
power,KFC_v2,static,0.6090385198665453,0.01700060716454159
power,KFC_v2,static,0.6091901728844404,0.01700060716454159
power,KFC_v2,static,0.6093418259023354,0.01700060716454159
power,KFC_v2,static,0.6094934789202305,0.01700060716454159
power,KFC_v2,static,0.6096451319381256,0.01700060716454159
power,KFC_v2,static,0.6097967849560206,0.01700060716454159
power,KFC_v2,static,0.6099484379739157,0.01700060716454159
power,KFC_v2,static,0.6101000909918107,0.01700060716454159
power,KFC_v2,static,0.6102517440097058,0.01700060716454159
power,KFC_v2,static,0.6104033970276008,0.01700060716454159
power,KFC_v2,static,0.6105550500454959,0.01700060716454159
power,KFC_v2,static,0.610706703063391,0.01700060716454159
power,KFC_v2,static,0.610858356081286,0.01700060716454159
power,KFC_v2,static,0.6110100090991811,0.01700060716454159
power,KFC_v2,static,0.6111616621170761,0.01700060716454159
power,KFC_v2,static,0.6113133151349712,0.01700060716454159
power,KFC_v2,static,0.6114649681528662,0.01436956081764825
power,KFC_v2,static,0.6116166211707613,0.01436956081764825
power,KFC_v2,static,0.6117682741886564,0.01436956081764825
power,KFC_v2,static,0.6119199272065514,0.01436956081764825
power,KFC_v2,static,0.6120715802244465,0.01436956081764825
power,KFC_v2,static,0.6122232332423415,0.01436956081764825
power,KFC_v2,static,0.6123748862602366,0.01436956081764825
power,KFC_v2,static,0.6125265392781316,0.01436956081764825
power,KFC_v2,static,0.6126781922960267,0.01436956081764825
power,KFC_v2,static,0.6128298453139218,0.01436956081764825
power,KFC_v2,static,0.6129814983318168,0.01436956081764825
power,KFC_v2,static,0.6131331513497119,0.01436956081764825
power,KFC_v2,static,0.6132848043676069,0.01436956081764825
power,KFC_v2,static,0.613436457385502,0.01436956081764825
power,KFC_v2,static,0.613588110403397,0.01436956081764825
power,KFC_v2,static,0.6137397634212921,0.01436956081764825
power,KFC_v2,static,0.6138914164391872,0.01436956081764825
power,KFC_v2,static,0.6140430694570822,0.01436956081764825
power,KFC_v2,static,0.6141947224749773,0.01436956081764825
power,KFC_v2,static,0.6143463754928723,0.01436956081764825
power,KFC_v2,static,0.6144980285107674,0.01436956081764825
power,KFC_v2,static,0.6146496815286624,0.01436956081764825
power,KFC_v2,static,0.6148013345465575,0.01436956081764825
power,KFC_v2,static,0.6149529875644526,0.01436956081764825
power,KFC_v2,static,0.6151046405823476,0.01436956081764825
power,KFC_v2,static,0.6152562936002427,0.01436956081764825
power,KFC_v2,static,0.6154079466181377,0.01436956081764825
power,KFC_v2,static,0.6155595996360328,0.01436956081764825
power,KFC_v2,static,0.6157112526539278,0.01436956081764825
power,KFC_v2,static,0.6158629056718229,0.01436956081764825
power,KFC_v2,static,0.616014558689718,0.01436956081764825
power,KFC_v2,static,0.616166211707613,0.01436956081764825
power,KFC_v2,static,0.6163178647255081,0.01436956081764825
power,KFC_v2,static,0.6164695177434031,0.01436956081764825
power,KFC_v2,static,0.6166211707612982,0.01436956081764825
power,KFC_v2,static,0.6167728237791932,0.01436956081764825
power,KFC_v2,static,0.6169244767970883,0.01436956081764825
power,KFC_v2,static,0.6170761298149834,0.01436956081764825
power,KFC_v2,static,0.6172277828328784,0.01436956081764825
power,KFC_v2,static,0.6173794358507735,0.01436956081764825
power,KFC_v2,static,0.6175310888686685,0.01436956081764825
power,KFC_v2,static,0.6176827418865636,0.01436956081764825
power,KFC_v2,static,0.6178343949044586,0.01436956081764825
power,KFC_v2,static,0.6179860479223537,0.01436956081764825
power,KFC_v2,static,0.6181377009402488,0.01436956081764825
power,KFC_v2,static,0.6182893539581438,0.01436956081764825
power,KFC_v2,static,0.6184410069760389,0.01436956081764825
power,KFC_v2,static,0.6185926599939339,0.01436956081764825
power,KFC_v2,static,0.618744313011829,0.01436956081764825
power,KFC_v2,static,0.618895966029724,0.01436956081764825
power,KFC_v2,static,0.6190476190476191,0.01436956081764825
power,KFC_v2,static,0.6191992720655142,0.01436956081764825
power,KFC_v2,static,0.6193509250834092,0.01436956081764825
power,KFC_v2,static,0.6195025781013043,0.01436956081764825
power,KFC_v2,static,0.6196542311191993,0.01436956081764825
power,KFC_v2,static,0.6198058841370944,0.01436956081764825
power,KFC_v2,static,0.6199575371549894,0.01436956081764825
power,KFC_v2,static,0.6201091901728845,0.01436956081764825
power,KFC_v2,static,0.6202608431907796,0.01436956081764825
power,KFC_v2,static,0.6204124962086746,0.01436956081764825
power,KFC_v2,static,0.6205641492265697,0.01436956081764825
power,KFC_v2,static,0.6207158022444647,0.01436956081764825
power,KFC_v2,static,0.6208674552623598,0.01436956081764825
power,KFC_v2,static,0.6210191082802548,0.01436956081764825
power,KFC_v2,static,0.6211707612981499,0.01436956081764825
power,KFC_v2,static,0.621322414316045,0.01436956081764825
power,KFC_v2,static,0.62147406733394,0.01436956081764825
power,KFC_v2,static,0.621625720351835,0.01436956081764825
power,KFC_v2,static,0.62177737336973,0.01436956081764825
power,KFC_v2,static,0.6219290263876252,0.01436956081764825
power,KFC_v2,static,0.6220806794055201,0.01436956081764825
power,KFC_v2,static,0.6222323324234152,0.01436956081764825
power,KFC_v2,static,0.6223839854413104,0.01436956081764825
power,KFC_v2,static,0.6225356384592053,0.01436956081764825
power,KFC_v2,static,0.6226872914771004,0.01436956081764825
power,KFC_v2,static,0.6228389444949954,0.01436956081764825
power,KFC_v2,static,0.6229905975128905,0.01436956081764825
power,KFC_v2,static,0.6231422505307855,0.01436956081764825
power,KFC_v2,static,0.6232939035486806,0.01436956081764825
power,KFC_v2,static,0.6234455565665757,0.01436956081764825
power,KFC_v2,static,0.6235972095844707,0.01436956081764825
power,KFC_v2,static,0.6237488626023658,0.01436956081764825
power,KFC_v2,static,0.6239005156202608,0.01436956081764825
power,KFC_v2,static,0.6240521686381559,0.01436956081764825
power,KFC_v2,static,0.6242038216560509,0.01436956081764825
power,KFC_v2,static,0.624355474673946,0.01436956081764825
power,KFC_v2,static,0.6245071276918411,0.01436956081764825
power,KFC_v2,static,0.6246587807097361,0.01436956081764825
power,KFC_v2,static,0.6248104337276312,0.01436956081764825
power,KFC_v2,static,0.6249620867455262,0.01436956081764825
power,KFC_v2,static,0.6251137397634213,0.01436956081764825
power,KFC_v2,static,0.6252653927813163,0.01436956081764825
power,KFC_v2,static,0.6254170457992114,0.01436956081764825
power,KFC_v2,static,0.6255686988171065,0.01436956081764825
power,KFC_v2,static,0.6257203518350015,0.01436956081764825
power,KFC_v2,static,0.6258720048528966,0.01436956081764825
power,KFC_v2,static,0.6260236578707916,0.01436956081764825
power,KFC_v2,static,0.6261753108886867,0.01436956081764825
power,KFC_v2,static,0.6263269639065817,0.01436956081764825
power,KFC_v2,static,0.6264786169244768,0.01436956081764825
power,KFC_v2,static,0.6266302699423719,0.01436956081764825
power,KFC_v2,static,0.6267819229602669,0.01436956081764825
power,KFC_v2,static,0.626933575978162,0.01436956081764825
power,KFC_v2,static,0.627085228996057,0.01436956081764825
power,KFC_v2,static,0.6272368820139521,0.01436956081764825
power,KFC_v2,static,0.6273885350318471,0.01436956081764825
power,KFC_v2,static,0.6275401880497422,0.01436956081764825
power,KFC_v2,static,0.6276918410676373,0.01436956081764825
power,KFC_v2,static,0.6278434940855323,0.01436956081764825
power,KFC_v2,static,0.6279951471034274,0.01436956081764825
power,KFC_v2,static,0.6281468001213224,0.01436956081764825
power,KFC_v2,static,0.6282984531392175,0.01436956081764825
power,KFC_v2,static,0.6284501061571125,0.01436956081764825
power,KFC_v2,static,0.6286017591750076,0.01436956081764825
power,KFC_v2,static,0.6287534121929027,0.01436956081764825
power,KFC_v2,static,0.6289050652107977,0.01436956081764825
power,KFC_v2,static,0.6290567182286928,0.01436956081764825
power,KFC_v2,static,0.6292083712465878,0.01436956081764825
power,KFC_v2,static,0.6293600242644829,0.01436956081764825
power,KFC_v2,static,0.6295116772823779,0.01436956081764825
power,KFC_v2,static,0.629663330300273,0.01436956081764825
power,KFC_v2,static,0.6298149833181681,0.01436956081764825
power,KFC_v2,static,0.6299666363360631,0.01436956081764825
power,KFC_v2,static,0.6301182893539582,0.01436956081764825
power,KFC_v2,static,0.6302699423718532,0.01436956081764825
power,KFC_v2,static,0.6304215953897483,0.01436956081764825
power,KFC_v2,static,0.6305732484076433,0.01436956081764825
power,KFC_v2,static,0.6307249014255384,0.01436956081764825
power,KFC_v2,static,0.6308765544434335,0.01436956081764825
power,KFC_v2,static,0.6310282074613285,0.01436956081764825
power,KFC_v2,static,0.6311798604792236,0.01436956081764825
power,KFC_v2,static,0.6313315134971186,0.01436956081764825
power,KFC_v2,static,0.6314831665150137,0.01436956081764825
power,KFC_v2,static,0.6316348195329087,0.01436956081764825
power,KFC_v2,static,0.6317864725508038,0.01436956081764825
power,KFC_v2,static,0.6319381255686989,0.01436956081764825
power,KFC_v2,static,0.6320897785865939,0.01436956081764825
power,KFC_v2,static,0.632241431604489,0.01436956081764825
power,KFC_v2,static,0.632393084622384,0.01436956081764825
power,KFC_v2,static,0.6325447376402791,0.01436956081764825
power,KFC_v2,static,0.6326963906581741,0.01436956081764825
power,KFC_v2,static,0.6328480436760692,0.01436956081764825
power,KFC_v2,static,0.6329996966939643,0.01436956081764825
power,KFC_v2,static,0.6331513497118593,0.01436956081764825
power,KFC_v2,static,0.6333030027297544,0.01436956081764825
power,KFC_v2,static,0.6334546557476494,0.01436956081764825
power,KFC_v2,static,0.6336063087655445,0.01436956081764825
power,KFC_v2,static,0.6337579617834395,0.01436956081764825
power,KFC_v2,static,0.6339096148013346,0.01436956081764825
power,KFC_v2,static,0.6340612678192297,0.01436956081764825
power,KFC_v2,static,0.6342129208371247,0.01436956081764825
power,KFC_v2,static,0.6343645738550198,0.01436956081764825
power,KFC_v2,static,0.6345162268729148,0.01436956081764825
power,KFC_v2,static,0.6346678798908099,0.01436956081764825
power,KFC_v2,static,0.6348195329087049,0.01436956081764825
power,KFC_v2,static,0.6349711859266,0.01436956081764825
power,KFC_v2,static,0.6351228389444951,0.01436956081764825
power,KFC_v2,static,0.63527449196239,0.01436956081764825
power,KFC_v2,static,0.6354261449802852,0.01436956081764825
power,KFC_v2,static,0.6355777979981801,0.01436956081764825
power,KFC_v2,static,0.6357294510160753,0.01436956081764825
power,KFC_v2,static,0.6358811040339702,0.01436956081764825
power,KFC_v2,static,0.6360327570518653,0.01436956081764825
power,KFC_v2,static,0.6361844100697605,0.01436956081764825
power,KFC_v2,static,0.6363360630876554,0.01436956081764825
power,KFC_v2,static,0.6364877161055505,0.01436956081764825
power,KFC_v2,static,0.6366393691234455,0.01436956081764825
power,KFC_v2,static,0.6367910221413406,0.01436956081764825
power,KFC_v2,static,0.6369426751592356,0.01436956081764825
power,KFC_v2,static,0.6370943281771307,0.01436956081764825
power,KFC_v2,static,0.6372459811950258,0.01436956081764825
power,KFC_v2,static,0.6373976342129208,0.01436956081764825
power,KFC_v2,static,0.6375492872308159,0.01436956081764825
power,KFC_v2,static,0.6377009402487109,0.01436956081764825
power,KFC_v2,static,0.637852593266606,0.01436956081764825
power,KFC_v2,static,0.638004246284501,0.01436956081764825
power,KFC_v2,static,0.6381558993023961,0.01436956081764825
power,KFC_v2,static,0.6383075523202912,0.01436956081764825
power,KFC_v2,static,0.6384592053381862,0.01436956081764825
power,KFC_v2,static,0.6386108583560813,0.01436956081764825
power,KFC_v2,static,0.6387625113739763,0.01436956081764825
power,KFC_v2,static,0.6389141643918714,0.01436956081764825
power,KFC_v2,static,0.6390658174097664,0.01436956081764825
power,KFC_v2,static,0.6392174704276615,0.01436956081764825
power,KFC_v2,static,0.6393691234455566,0.01436956081764825
power,KFC_v2,static,0.6395207764634516,0.01436956081764825
power,KFC_v2,static,0.6396724294813467,0.01436956081764825
power,KFC_v2,static,0.6398240824992417,0.01436956081764825
power,KFC_v2,static,0.6399757355171368,0.01436956081764825
power,KFC_v2,static,0.6401273885350318,0.01436956081764825
power,KFC_v2,static,0.6402790415529269,0.01436956081764825
power,KFC_v2,static,0.640430694570822,0.01436956081764825
power,KFC_v2,static,0.640582347588717,0.01436956081764825
power,KFC_v2,static,0.6407340006066121,0.01436956081764825
power,KFC_v2,static,0.6408856536245071,0.01436956081764825
power,KFC_v2,static,0.6410373066424022,0.01436956081764825
power,KFC_v2,static,0.6411889596602972,0.01436956081764825
power,KFC_v2,static,0.6413406126781923,0.01436956081764825
power,KFC_v2,static,0.6414922656960874,0.01436956081764825
power,KFC_v2,static,0.6416439187139824,0.01436956081764825
power,KFC_v2,static,0.6417955717318775,0.01436956081764825
power,KFC_v2,static,0.6419472247497725,0.01436956081764825
power,KFC_v2,static,0.6420988777676676,0.01436956081764825
power,KFC_v2,static,0.6422505307855626,0.01436956081764825
power,KFC_v2,static,0.6424021838034577,0.01436956081764825
power,KFC_v2,static,0.6425538368213528,0.01436956081764825
power,KFC_v2,static,0.6427054898392478,0.01436956081764825
power,KFC_v2,static,0.6428571428571429,0.01436956081764825
power,KFC_v2,static,0.6430087958750379,0.01436956081764825
power,KFC_v2,static,0.643160448892933,0.01436956081764825
power,KFC_v2,static,0.643312101910828,0.01436956081764825
power,KFC_v2,static,0.6434637549287231,0.01436956081764825
power,KFC_v2,static,0.6436154079466182,0.01436956081764825
power,KFC_v2,static,0.6437670609645132,0.01436956081764825
power,KFC_v2,static,0.6439187139824083,0.01436956081764825
power,KFC_v2,static,0.6440703670003033,0.01436956081764825
power,KFC_v2,static,0.6442220200181984,0.01436956081764825
power,KFC_v2,static,0.6443736730360934,0.01436956081764825
power,KFC_v2,static,0.6445253260539885,0.01436956081764825
power,KFC_v2,static,0.6446769790718836,0.01436956081764825
power,KFC_v2,static,0.6448286320897786,0.01436956081764825
power,KFC_v2,static,0.6449802851076737,0.01436956081764825
power,KFC_v2,static,0.6451319381255687,0.01436956081764825
power,KFC_v2,static,0.6452835911434638,0.01436956081764825
power,KFC_v2,static,0.6454352441613588,0.01436956081764825
power,KFC_v2,static,0.6455868971792539,0.01436956081764825
power,KFC_v2,static,0.645738550197149,0.01436956081764825
power,KFC_v2,static,0.645890203215044,0.01436956081764825
power,KFC_v2,static,0.6460418562329391,0.01436956081764825
power,KFC_v2,static,0.6461935092508341,0.01436956081764825
power,KFC_v2,static,0.6463451622687292,0.01436956081764825
power,KFC_v2,static,0.6464968152866242,0.01436956081764825
power,KFC_v2,static,0.6466484683045193,0.01436956081764825
power,KFC_v2,static,0.6468001213224144,0.01436956081764825
power,KFC_v2,static,0.6469517743403094,0.01436956081764825
power,KFC_v2,static,0.6471034273582045,0.01436956081764825
power,KFC_v2,static,0.6472550803760995,0.01436956081764825
power,KFC_v2,static,0.6474067333939946,0.01436956081764825
power,KFC_v2,static,0.6475583864118896,0.01436956081764825
power,KFC_v2,static,0.6477100394297847,0.01436956081764825
power,KFC_v2,static,0.6478616924476798,0.01436956081764825
power,KFC_v2,static,0.6480133454655748,0.01436956081764825
power,KFC_v2,static,0.6481649984834699,0.01436956081764825
power,KFC_v2,static,0.6483166515013649,0.01436956081764825
power,KFC_v2,static,0.64846830451926,0.01436956081764825
power,KFC_v2,static,0.648619957537155,0.01436956081764825
power,KFC_v2,static,0.6487716105550501,0.01436956081764825
power,KFC_v2,static,0.6489232635729452,0.01436956081764825
power,KFC_v2,static,0.6490749165908402,0.01436956081764825
power,KFC_v2,static,0.6492265696087353,0.01436956081764825
power,KFC_v2,static,0.6493782226266303,0.01436956081764825
power,KFC_v2,static,0.6495298756445254,0.01436956081764825
power,KFC_v2,static,0.6496815286624203,0.01436956081764825
power,KFC_v2,static,0.6498331816803155,0.01436956081764825
power,KFC_v2,static,0.6499848346982106,0.01436956081764825
power,KFC_v2,static,0.6501364877161055,0.01436956081764825
power,KFC_v2,static,0.6502881407340007,0.01436956081764825
power,KFC_v2,static,0.6504397937518956,0.01436956081764825
power,KFC_v2,static,0.6505914467697907,0.01436956081764825
power,KFC_v2,static,0.6507430997876857,0.01436956081764825
power,KFC_v2,static,0.6508947528055808,0.01436956081764825
power,KFC_v2,static,0.651046405823476,0.01436956081764825
power,KFC_v2,static,0.6511980588413709,0.01436956081764825
power,KFC_v2,static,0.651349711859266,0.01436956081764825
power,KFC_v2,static,0.651501364877161,0.01436956081764825
power,KFC_v2,static,0.6516530178950561,0.01436956081764825
power,KFC_v2,static,0.6518046709129511,0.01436956081764825
power,KFC_v2,static,0.6519563239308462,0.01436956081764825
power,KFC_v2,static,0.6521079769487413,0.01436956081764825
power,KFC_v2,static,0.6522596299666363,0.01436956081764825
power,KFC_v2,static,0.6524112829845314,0.01436956081764825
power,KFC_v2,static,0.6525629360024264,0.01436956081764825
power,KFC_v2,static,0.6527145890203215,0.01436956081764825
power,KFC_v2,static,0.6528662420382166,0.01436956081764825
power,KFC_v2,static,0.6530178950561116,0.01436956081764825
power,KFC_v2,static,0.6531695480740067,0.01436956081764825
power,KFC_v2,static,0.6533212010919017,0.01436956081764825
power,KFC_v2,static,0.6534728541097968,0.01436956081764825
power,KFC_v2,static,0.6536245071276918,0.01436956081764825
power,KFC_v2,static,0.6537761601455869,0.01436956081764825
power,KFC_v2,static,0.653927813163482,0.01436956081764825
power,KFC_v2,static,0.654079466181377,0.01436956081764825
power,KFC_v2,static,0.6542311191992721,0.01436956081764825
power,KFC_v2,static,0.6543827722171671,0.01436956081764825
power,KFC_v2,static,0.6545344252350622,0.01436956081764825
power,KFC_v2,static,0.6546860782529572,0.01436956081764825
power,KFC_v2,static,0.6548377312708523,0.01436956081764825
power,KFC_v2,static,0.6549893842887474,0.01436956081764825
power,KFC_v2,static,0.6551410373066424,0.01436956081764825
power,KFC_v2,static,0.6552926903245375,0.01436956081764825
power,KFC_v2,static,0.6554443433424325,0.01436956081764825
power,KFC_v2,static,0.6555959963603276,0.01436956081764825
power,KFC_v2,static,0.6557476493782226,0.01436956081764825
power,KFC_v2,static,0.6558993023961177,0.01436956081764825
power,KFC_v2,static,0.6560509554140128,0.01436956081764825
power,KFC_v2,static,0.6562026084319078,0.01436956081764825
power,KFC_v2,static,0.6563542614498029,0.01436956081764825
power,KFC_v2,static,0.6565059144676979,0.01436956081764825
power,KFC_v2,static,0.656657567485593,0.01436956081764825
power,KFC_v2,static,0.656809220503488,0.01436956081764825
power,KFC_v2,static,0.6569608735213831,0.01436956081764825
power,KFC_v2,static,0.6571125265392782,0.01436956081764825
power,KFC_v2,static,0.6572641795571732,0.01436956081764825
power,KFC_v2,static,0.6574158325750683,0.01436956081764825
power,KFC_v2,static,0.6575674855929633,0.01436956081764825
power,KFC_v2,static,0.6577191386108584,0.01436956081764825
power,KFC_v2,static,0.6578707916287534,0.01436956081764825
power,KFC_v2,static,0.6580224446466485,0.01436956081764825
power,KFC_v2,static,0.6581740976645436,0.01436956081764825
power,KFC_v2,static,0.6583257506824386,0.01436956081764825
power,KFC_v2,static,0.6584774037003337,0.01436956081764825
power,KFC_v2,static,0.6586290567182287,0.01436956081764825
power,KFC_v2,static,0.6587807097361238,0.01436956081764825
power,KFC_v2,static,0.6589323627540188,0.01436956081764825
power,KFC_v2,static,0.6590840157719139,0.01436956081764825
power,KFC_v2,static,0.659235668789809,0.01436956081764825
power,KFC_v2,static,0.659387321807704,0.01436956081764825
power,KFC_v2,static,0.6595389748255991,0.01436956081764825
power,KFC_v2,static,0.6596906278434941,0.01436956081764825
power,KFC_v2,static,0.6598422808613892,0.01436956081764825
power,KFC_v2,static,0.6599939338792842,0.01436956081764825
power,KFC_v2,static,0.6601455868971793,0.01436956081764825
power,KFC_v2,static,0.6602972399150744,0.01436956081764825
power,KFC_v2,static,0.6604488929329694,0.01436956081764825
power,KFC_v2,static,0.6606005459508645,0.01436956081764825
power,KFC_v2,static,0.6607521989687595,0.01436956081764825
power,KFC_v2,static,0.6609038519866546,0.01436956081764825
power,KFC_v2,static,0.6610555050045496,0.01436956081764825
power,KFC_v2,static,0.6612071580224447,0.01436956081764825
power,KFC_v2,static,0.6613588110403398,0.01436956081764825
power,KFC_v2,static,0.6615104640582348,0.01436956081764825
power,KFC_v2,static,0.6616621170761299,0.01436956081764825
power,KFC_v2,static,0.6618137700940249,0.01436956081764825
power,KFC_v2,static,0.66196542311192,0.01436956081764825
power,KFC_v2,static,0.662117076129815,0.01436956081764825
power,KFC_v2,static,0.6622687291477101,0.01436956081764825
power,KFC_v2,static,0.6624203821656052,0.01436956081764825
power,KFC_v2,static,0.6625720351835002,0.01436956081764825
power,KFC_v2,static,0.6627236882013953,0.01436956081764825
power,KFC_v2,static,0.6628753412192903,0.01436956081764825
power,KFC_v2,static,0.6630269942371854,0.01436956081764825
power,KFC_v2,static,0.6631786472550804,0.01436956081764825
power,KFC_v2,static,0.6633303002729755,0.01436956081764825
power,KFC_v2,static,0.6634819532908706,0.01436956081764825
power,KFC_v2,static,0.6636336063087656,0.01436956081764825
power,KFC_v2,static,0.6637852593266607,0.01436956081764825
power,KFC_v2,static,0.6639369123445557,0.01436956081764825
power,KFC_v2,static,0.6640885653624508,0.01436956081764825
power,KFC_v2,static,0.6642402183803457,0.01436956081764825
power,KFC_v2,static,0.6643918713982409,0.01436956081764825
power,KFC_v2,static,0.664543524416136,0.01436956081764825
power,KFC_v2,static,0.664695177434031,0.01436956081764825
power,KFC_v2,static,0.664846830451926,0.01436956081764825
power,KFC_v2,static,0.664998483469821,0.013155231734466708
power,KFC_v2,static,0.6651501364877161,0.013155231734466708
power,KFC_v2,static,0.6653017895056111,0.013155231734466708
power,KFC_v2,static,0.6654534425235062,0.013155231734466708
power,KFC_v2,static,0.6656050955414013,0.013155231734466708
power,KFC_v2,static,0.6657567485592963,0.013155231734466708
power,KFC_v2,static,0.6659084015771914,0.013155231734466708
power,KFC_v2,static,0.6660600545950864,0.013155231734466708
power,KFC_v2,static,0.6662117076129815,0.013155231734466708
power,KFC_v2,static,0.6663633606308765,0.013155231734466708
power,KFC_v2,static,0.6665150136487716,0.013155231734466708
power,KFC_v2,static,0.6666666666666667,0.013155231734466708
power,KFC_v2,static,0.6668183196845617,0.013155231734466708
power,KFC_v2,static,0.6669699727024568,0.013155231734466708
power,KFC_v2,static,0.6671216257203518,0.013155231734466708
power,KFC_v2,static,0.6672732787382469,0.013155231734466708
power,KFC_v2,static,0.6674249317561419,0.013155231734466708
power,KFC_v2,static,0.667576584774037,0.013155231734466708
power,KFC_v2,static,0.6677282377919321,0.013155231734466708
power,KFC_v2,static,0.6678798908098271,0.013155231734466708
power,KFC_v2,static,0.6680315438277222,0.013155231734466708
power,KFC_v2,static,0.6681831968456172,0.013155231734466708
power,KFC_v2,static,0.6683348498635123,0.013155231734466708
power,KFC_v2,static,0.6684865028814073,0.013155231734466708
power,KFC_v2,static,0.6686381558993024,0.013155231734466708
power,KFC_v2,static,0.6687898089171975,0.013155231734466708
power,KFC_v2,static,0.6689414619350925,0.013155231734466708
power,KFC_v2,static,0.6690931149529876,0.013155231734466708
power,KFC_v2,static,0.6692447679708826,0.013155231734466708
power,KFC_v2,static,0.6693964209887777,0.013155231734466708
power,KFC_v2,static,0.6695480740066727,0.013155231734466708
power,KFC_v2,static,0.6696997270245678,0.013155231734466708
power,KFC_v2,static,0.6698513800424629,0.013155231734466708
power,KFC_v2,static,0.6700030330603579,0.013155231734466708
power,KFC_v2,static,0.670154686078253,0.013155231734466708
power,KFC_v2,static,0.670306339096148,0.013155231734466708
power,KFC_v2,static,0.6704579921140431,0.013155231734466708
power,KFC_v2,static,0.6706096451319381,0.010524185387573366
power,KFC_v2,static,0.6707612981498332,0.010524185387573366
power,KFC_v2,static,0.6709129511677283,0.010524185387573366
power,KFC_v2,static,0.6710646041856233,0.010524185387573366
power,KFC_v2,static,0.6712162572035184,0.010524185387573366
power,KFC_v2,static,0.6713679102214134,0.010524185387573366
power,KFC_v2,static,0.6715195632393085,0.010524185387573366
power,KFC_v2,static,0.6716712162572035,0.010321797207043109
power,KFC_v2,static,0.6718228692750986,0.010321797207043109
power,KFC_v2,static,0.6719745222929937,0.010321797207043109
power,KFC_v2,static,0.6721261753108887,0.010321797207043109
power,KFC_v2,static,0.6722778283287838,0.010321797207043109
power,KFC_v2,static,0.6724294813466788,0.010321797207043109
power,KFC_v2,static,0.6725811343645739,0.010321797207043109
power,KFC_v2,static,0.6727327873824689,0.010321797207043109
power,KFC_v2,static,0.672884440400364,0.010321797207043109
power,KFC_v2,static,0.6730360934182591,0.010321797207043109
power,KFC_v2,static,0.6731877464361541,0.010321797207043109
power,KFC_v2,static,0.6733393994540492,0.010321797207043109
power,KFC_v2,static,0.6734910524719442,0.010321797207043109
power,KFC_v2,static,0.6736427054898393,0.010321797207043109
power,KFC_v2,static,0.6737943585077343,0.010321797207043109
power,KFC_v2,static,0.6739460115256294,0.010321797207043109
power,KFC_v2,static,0.6740976645435245,0.010321797207043109
power,KFC_v2,static,0.6742493175614195,0.010321797207043109
power,KFC_v2,static,0.6744009705793146,0.010321797207043109
power,KFC_v2,static,0.6745526235972096,0.010321797207043109
power,KFC_v2,static,0.6747042766151047,0.010321797207043109
power,KFC_v2,static,0.6748559296329997,0.010321797207043109
power,KFC_v2,static,0.6750075826508948,0.010321797207043109
power,KFC_v2,static,0.6751592356687899,0.010321797207043109
power,KFC_v2,static,0.6753108886866849,0.010321797207043109
power,KFC_v2,static,0.67546254170458,0.010321797207043109
power,KFC_v2,static,0.675614194722475,0.010321797207043109
power,KFC_v2,static,0.6757658477403701,0.010321797207043109
power,KFC_v2,static,0.6759175007582651,0.010321797207043109
power,KFC_v2,static,0.6760691537761602,0.010321797207043109
power,KFC_v2,static,0.6762208067940553,0.010321797207043109
power,KFC_v2,static,0.6763724598119503,0.010321797207043109
power,KFC_v2,static,0.6765241128298454,0.010321797207043109
power,KFC_v2,static,0.6766757658477404,0.010321797207043109
power,KFC_v2,static,0.6768274188656355,0.010321797207043109
power,KFC_v2,static,0.6769790718835305,0.010321797207043109
power,KFC_v2,static,0.6771307249014256,0.010321797207043109
power,KFC_v2,static,0.6772823779193207,0.010321797207043109
power,KFC_v2,static,0.6774340309372157,0.010321797207043109
power,KFC_v2,static,0.6775856839551108,0.010321797207043109
power,KFC_v2,static,0.6777373369730058,0.010321797207043109
power,KFC_v2,static,0.6778889899909009,0.010321797207043109
power,KFC_v2,static,0.6780406430087959,0.010321797207043109
power,KFC_v2,static,0.678192296026691,0.010321797207043109
power,KFC_v2,static,0.6783439490445861,0.010321797207043109
power,KFC_v2,static,0.678495602062481,0.010321797207043109
power,KFC_v2,static,0.6786472550803762,0.010321797207043109
power,KFC_v2,static,0.6787989080982711,0.010321797207043109
power,KFC_v2,static,0.6789505611161663,0.010321797207043109
power,KFC_v2,static,0.6791022141340612,0.010321797207043109
power,KFC_v2,static,0.6792538671519563,0.010321797207043109
power,KFC_v2,static,0.6794055201698515,0.010321797207043109
power,KFC_v2,static,0.6795571731877464,0.010321797207043109
power,KFC_v2,static,0.6797088262056415,0.010321797207043109
power,KFC_v2,static,0.6798604792235365,0.010321797207043109
power,KFC_v2,static,0.6800121322414316,0.010321797207043109
power,KFC_v2,static,0.6801637852593266,0.010321797207043109
power,KFC_v2,static,0.6803154382772217,0.010321797207043109
power,KFC_v2,static,0.6804670912951168,0.010321797207043109
power,KFC_v2,static,0.6806187443130118,0.010321797207043109
power,KFC_v2,static,0.6807703973309069,0.010321797207043109
power,KFC_v2,static,0.6809220503488019,0.010321797207043109
power,KFC_v2,static,0.681073703366697,0.010321797207043109
power,KFC_v2,static,0.681225356384592,0.010321797207043109
power,KFC_v2,static,0.6813770094024871,0.010321797207043109
power,KFC_v2,static,0.6815286624203822,0.010321797207043109
power,KFC_v2,static,0.6816803154382772,0.010321797207043109
power,KFC_v2,static,0.6818319684561723,0.010321797207043109
power,KFC_v2,static,0.6819836214740673,0.010321797207043109
power,KFC_v2,static,0.6821352744919624,0.010321797207043109
power,KFC_v2,static,0.6822869275098574,0.010321797207043109
power,KFC_v2,static,0.6824385805277525,0.010321797207043109
power,KFC_v2,static,0.6825902335456476,0.010321797207043109
power,KFC_v2,static,0.6827418865635426,0.010321797207043109
power,KFC_v2,static,0.6828935395814377,0.010321797207043109
power,KFC_v2,static,0.6830451925993327,0.010321797207043109
power,KFC_v2,static,0.6831968456172278,0.010321797207043109
power,KFC_v2,static,0.6833484986351228,0.010321797207043109
power,KFC_v2,static,0.6835001516530179,0.010321797207043109
power,KFC_v2,static,0.683651804670913,0.010321797207043109
power,KFC_v2,static,0.683803457688808,0.010321797207043109
power,KFC_v2,static,0.6839551107067031,0.010321797207043109
power,KFC_v2,static,0.6841067637245981,0.010321797207043109
power,KFC_v2,static,0.6842584167424932,0.010321797207043109
power,KFC_v2,static,0.6844100697603882,0.010321797207043109
power,KFC_v2,static,0.6845617227782833,0.010321797207043109
power,KFC_v2,static,0.6847133757961784,0.010321797207043109
power,KFC_v2,static,0.6848650288140734,0.010321797207043109
power,KFC_v2,static,0.6850166818319685,0.010321797207043109
power,KFC_v2,static,0.6851683348498635,0.010321797207043109
power,KFC_v2,static,0.6853199878677586,0.010321797207043109
power,KFC_v2,static,0.6854716408856536,0.010321797207043109
power,KFC_v2,static,0.6856232939035487,0.010321797207043109
power,KFC_v2,static,0.6857749469214438,0.010321797207043109
power,KFC_v2,static,0.6859265999393388,0.010321797207043109
power,KFC_v2,static,0.6860782529572339,0.010321797207043109
power,KFC_v2,static,0.6862299059751289,0.010321797207043109
power,KFC_v2,static,0.686381558993024,0.010321797207043109
power,KFC_v2,static,0.686533212010919,0.010321797207043109
power,KFC_v2,static,0.6866848650288141,0.010321797207043109
power,KFC_v2,static,0.6868365180467092,0.010321797207043109
power,KFC_v2,static,0.6869881710646042,0.010321797207043109
power,KFC_v2,static,0.6871398240824993,0.010321797207043109
power,KFC_v2,static,0.6872914771003943,0.010321797207043109
power,KFC_v2,static,0.6874431301182894,0.010321797207043109
power,KFC_v2,static,0.6875947831361844,0.010321797207043109
power,KFC_v2,static,0.6877464361540795,0.010321797207043109
power,KFC_v2,static,0.6878980891719746,0.010321797207043109
power,KFC_v2,static,0.6880497421898696,0.010321797207043109
power,KFC_v2,static,0.6882013952077647,0.010321797207043109
power,KFC_v2,static,0.6883530482256597,0.010321797207043109
power,KFC_v2,static,0.6885047012435548,0.010321797207043109
power,KFC_v2,static,0.6886563542614498,0.010321797207043109
power,KFC_v2,static,0.6888080072793449,0.010321797207043109
power,KFC_v2,static,0.68895966029724,0.010321797207043109
power,KFC_v2,static,0.689111313315135,0.010321797207043109
power,KFC_v2,static,0.6892629663330301,0.010321797207043109
power,KFC_v2,static,0.6894146193509251,0.010321797207043109
power,KFC_v2,static,0.6895662723688202,0.010321797207043109
power,KFC_v2,static,0.6897179253867152,0.010321797207043109
power,KFC_v2,static,0.6898695784046103,0.010321797207043109
power,KFC_v2,static,0.6900212314225054,0.010321797207043109
power,KFC_v2,static,0.6901728844404004,0.010321797207043109
power,KFC_v2,static,0.6903245374582955,0.010321797207043109
power,KFC_v2,static,0.6904761904761905,0.010321797207043109
power,KFC_v2,static,0.6906278434940856,0.010321797207043109
power,KFC_v2,static,0.6907794965119806,0.010321797207043109
power,KFC_v2,static,0.6909311495298757,0.010321797207043109
power,KFC_v2,static,0.6910828025477708,0.010321797207043109
power,KFC_v2,static,0.6912344555656658,0.010321797207043109
power,KFC_v2,static,0.6913861085835609,0.010321797207043109
power,KFC_v2,static,0.6915377616014559,0.010321797207043109
power,KFC_v2,static,0.691689414619351,0.010321797207043109
power,KFC_v2,static,0.691841067637246,0.010321797207043109
power,KFC_v2,static,0.6919927206551411,0.010321797207043109
power,KFC_v2,static,0.6921443736730362,0.010321797207043109
power,KFC_v2,static,0.6922960266909312,0.010321797207043109
power,KFC_v2,static,0.6924476797088263,0.010321797207043109
power,KFC_v2,static,0.6925993327267213,0.010321797207043109
power,KFC_v2,static,0.6927509857446164,0.010321797207043109
power,KFC_v2,static,0.6929026387625113,0.010321797207043109
power,KFC_v2,static,0.6930542917804065,0.010321797207043109
power,KFC_v2,static,0.6932059447983016,0.010321797207043109
power,KFC_v2,static,0.6933575978161965,0.010321797207043109
power,KFC_v2,static,0.6935092508340917,0.010321797207043109
power,KFC_v2,static,0.6936609038519866,0.010321797207043109
power,KFC_v2,static,0.6938125568698817,0.010321797207043109
power,KFC_v2,static,0.6939642098877767,0.010321797207043109
power,KFC_v2,static,0.6941158629056718,0.010321797207043109
power,KFC_v2,static,0.694267515923567,0.010321797207043109
power,KFC_v2,static,0.6944191689414619,0.009917020845982595
power,KFC_v2,static,0.694570821959357,0.009917020845982595
power,KFC_v2,static,0.694722474977252,0.009917020845982595
power,KFC_v2,static,0.6948741279951471,0.009512244484922081
power,KFC_v2,static,0.6950257810130421,0.009512244484922081
power,KFC_v2,static,0.6951774340309372,0.009512244484922081
power,KFC_v2,static,0.6953290870488323,0.009512244484922081
power,KFC_v2,static,0.6954807400667273,0.009512244484922081
power,KFC_v2,static,0.6956323930846224,0.009512244484922081
power,KFC_v2,static,0.6957840461025174,0.009512244484922081
power,KFC_v2,static,0.6959356991204125,0.009512244484922081
power,KFC_v2,static,0.6960873521383075,0.009512244484922081
power,KFC_v2,static,0.6962390051562026,0.009512244484922081
power,KFC_v2,static,0.6963906581740977,0.009512244484922081
power,KFC_v2,static,0.6965423111919927,0.009512244484922081
power,KFC_v2,static,0.6966939642098878,0.009512244484922081
power,KFC_v2,static,0.6968456172277828,0.009512244484922081
power,KFC_v2,static,0.6969972702456779,0.009512244484922081
power,KFC_v2,static,0.6971489232635729,0.009512244484922081
power,KFC_v2,static,0.697300576281468,0.009512244484922081
power,KFC_v2,static,0.6974522292993631,0.009512244484922081
power,KFC_v2,static,0.6976038823172581,0.009512244484922081
power,KFC_v2,static,0.6977555353351532,0.009512244484922081
power,KFC_v2,static,0.6979071883530482,0.009512244484922081
power,KFC_v2,static,0.6980588413709433,0.009512244484922081
power,KFC_v2,static,0.6982104943888383,0.009512244484922081
power,KFC_v2,static,0.6983621474067334,0.009512244484922081
power,KFC_v2,static,0.6985138004246285,0.009512244484922081
power,KFC_v2,static,0.6986654534425235,0.009512244484922081
power,KFC_v2,static,0.6988171064604186,0.009512244484922081
power,KFC_v2,static,0.6989687594783136,0.009512244484922081
power,KFC_v2,static,0.6991204124962087,0.009512244484922081
power,KFC_v2,static,0.6992720655141037,0.009512244484922081
power,KFC_v2,static,0.6994237185319988,0.009512244484922081
power,KFC_v2,static,0.6995753715498939,0.009512244484922081
power,KFC_v2,static,0.6997270245677889,0.009512244484922081
power,KFC_v2,static,0.699878677585684,0.009512244484922081
power,KFC_v2,static,0.700030330603579,0.009512244484922081
power,KFC_v2,static,0.7001819836214741,0.009512244484922081
power,KFC_v2,static,0.7003336366393691,0.009512244484922081
power,KFC_v2,static,0.7004852896572642,0.009512244484922081
power,KFC_v2,static,0.7006369426751593,0.009512244484922081
power,KFC_v2,static,0.7007885956930543,0.009512244484922081
power,KFC_v2,static,0.7009402487109494,0.009512244484922081
power,KFC_v2,static,0.7010919017288444,0.009512244484922081
power,KFC_v2,static,0.7012435547467395,0.009512244484922081
power,KFC_v2,static,0.7013952077646345,0.009512244484922081
power,KFC_v2,static,0.7015468607825296,0.009512244484922081
power,KFC_v2,static,0.7016985138004247,0.009512244484922081
power,KFC_v2,static,0.7018501668183197,0.009512244484922081
power,KFC_v2,static,0.7020018198362148,0.009512244484922081
power,KFC_v2,static,0.7021534728541098,0.009512244484922081
power,KFC_v2,static,0.7023051258720049,0.009512244484922081
power,KFC_v2,static,0.7024567788898999,0.009512244484922081
power,KFC_v2,static,0.702608431907795,0.009512244484922081
power,KFC_v2,static,0.7027600849256901,0.009512244484922081
power,KFC_v2,static,0.7029117379435851,0.009512244484922081
power,KFC_v2,static,0.7030633909614802,0.009512244484922081
power,KFC_v2,static,0.7032150439793752,0.009512244484922081
power,KFC_v2,static,0.7033666969972703,0.009512244484922081
power,KFC_v2,static,0.7035183500151653,0.009512244484922081
power,KFC_v2,static,0.7036700030330604,0.009512244484922081
power,KFC_v2,static,0.7038216560509555,0.009512244484922081
power,KFC_v2,static,0.7039733090688505,0.009512244484922081
power,KFC_v2,static,0.7041249620867456,0.009512244484922081
power,KFC_v2,static,0.7042766151046406,0.009512244484922081
power,KFC_v2,static,0.7044282681225357,0.009512244484922081
power,KFC_v2,static,0.7045799211404307,0.009512244484922081
power,KFC_v2,static,0.7047315741583258,0.009512244484922081
power,KFC_v2,static,0.7048832271762209,0.009512244484922081
power,KFC_v2,static,0.7050348801941159,0.009512244484922081
power,KFC_v2,static,0.705186533212011,0.009512244484922081
power,KFC_v2,static,0.705338186229906,0.009512244484922081
power,KFC_v2,static,0.7054898392478011,0.009512244484922081
power,KFC_v2,static,0.7056414922656961,0.009512244484922081
power,KFC_v2,static,0.7057931452835912,0.009309856304391824
power,KFC_v2,static,0.7059447983014863,0.009309856304391824
power,KFC_v2,static,0.7060964513193813,0.009309856304391824
power,KFC_v2,static,0.7062481043372764,0.009309856304391824
power,KFC_v2,static,0.7063997573551714,0.009309856304391824
power,KFC_v2,static,0.7065514103730665,0.009309856304391824
power,KFC_v2,static,0.7067030633909615,0.009309856304391824
power,KFC_v2,static,0.7068547164088566,0.009309856304391824
power,KFC_v2,static,0.7070063694267517,0.009309856304391824
power,KFC_v2,static,0.7071580224446467,0.009309856304391824
power,KFC_v2,static,0.7073096754625418,0.009309856304391824
power,KFC_v2,static,0.7074613284804367,0.009309856304391824
power,KFC_v2,static,0.7076129814983319,0.009309856304391824
power,KFC_v2,static,0.7077646345162268,0.009309856304391824
power,KFC_v2,static,0.707916287534122,0.009309856304391824
power,KFC_v2,static,0.708067940552017,0.009309856304391824
power,KFC_v2,static,0.708219593569912,0.009309856304391824
power,KFC_v2,static,0.7083712465878071,0.009309856304391824
power,KFC_v2,static,0.7085228996057021,0.009309856304391824
power,KFC_v2,static,0.7086745526235972,0.009309856304391824
power,KFC_v2,static,0.7088262056414922,0.009309856304391824
power,KFC_v2,static,0.7089778586593873,0.009309856304391824
power,KFC_v2,static,0.7091295116772824,0.009309856304391824
power,KFC_v2,static,0.7092811646951774,0.009309856304391824
power,KFC_v2,static,0.7094328177130725,0.009309856304391824
power,KFC_v2,static,0.7095844707309675,0.009309856304391824
power,KFC_v2,static,0.7097361237488626,0.009309856304391824
power,KFC_v2,static,0.7098877767667576,0.009309856304391824
power,KFC_v2,static,0.7100394297846527,0.009309856304391824
power,KFC_v2,static,0.7101910828025478,0.009309856304391824
power,KFC_v2,static,0.7103427358204428,0.009309856304391824
power,KFC_v2,static,0.7104943888383379,0.009309856304391824
power,KFC_v2,static,0.7106460418562329,0.009309856304391824
power,KFC_v2,static,0.710797694874128,0.009309856304391824
power,KFC_v2,static,0.710949347892023,0.009309856304391824
power,KFC_v2,static,0.7111010009099181,0.009309856304391824
power,KFC_v2,static,0.7112526539278132,0.009309856304391824
power,KFC_v2,static,0.7114043069457082,0.009309856304391824
power,KFC_v2,static,0.7115559599636033,0.009309856304391824
power,KFC_v2,static,0.7117076129814983,0.009309856304391824
power,KFC_v2,static,0.7118592659993934,0.009309856304391824
power,KFC_v2,static,0.7120109190172884,0.009309856304391824
power,KFC_v2,static,0.7121625720351835,0.009309856304391824
power,KFC_v2,static,0.7123142250530786,0.009309856304391824
power,KFC_v2,static,0.7124658780709736,0.009309856304391824
power,KFC_v2,static,0.7126175310888687,0.009309856304391824
power,KFC_v2,static,0.7127691841067637,0.009309856304391824
power,KFC_v2,static,0.7129208371246588,0.009309856304391824
power,KFC_v2,static,0.7130724901425538,0.009309856304391824
power,KFC_v2,static,0.7132241431604489,0.009309856304391824
power,KFC_v2,static,0.713375796178344,0.009309856304391824
power,KFC_v2,static,0.713527449196239,0.009309856304391824
power,KFC_v2,static,0.7136791022141341,0.009309856304391824
power,KFC_v2,static,0.7138307552320291,0.009309856304391824
power,KFC_v2,static,0.7139824082499242,0.009309856304391824
power,KFC_v2,static,0.7141340612678192,0.009309856304391824
power,KFC_v2,static,0.7142857142857143,0.009309856304391824
power,KFC_v2,static,0.7144373673036094,0.009309856304391824
power,KFC_v2,static,0.7145890203215044,0.009309856304391824
power,KFC_v2,static,0.7147406733393995,0.009309856304391824
power,KFC_v2,static,0.7148923263572945,0.009309856304391824
power,KFC_v2,static,0.7150439793751896,0.009309856304391824
power,KFC_v2,static,0.7151956323930847,0.009309856304391824
power,KFC_v2,static,0.7153472854109797,0.009309856304391824
power,KFC_v2,static,0.7154989384288748,0.009309856304391824
power,KFC_v2,static,0.7156505914467698,0.009309856304391824
power,KFC_v2,static,0.7158022444646649,0.009309856304391824
power,KFC_v2,static,0.7159538974825599,0.009309856304391824
power,KFC_v2,static,0.716105550500455,0.009309856304391824
power,KFC_v2,static,0.7162572035183501,0.009309856304391824
power,KFC_v2,static,0.7164088565362451,0.009309856304391824
power,KFC_v2,static,0.7165605095541402,0.009309856304391824
power,KFC_v2,static,0.7167121625720352,0.009309856304391824
power,KFC_v2,static,0.7168638155899303,0.009309856304391824
power,KFC_v2,static,0.7170154686078253,0.009309856304391824
power,KFC_v2,static,0.7171671216257204,0.009309856304391824
power,KFC_v2,static,0.7173187746436155,0.009309856304391824
power,KFC_v2,static,0.7174704276615105,0.009309856304391824
power,KFC_v2,static,0.7176220806794056,0.009309856304391824
power,KFC_v2,static,0.7177737336973006,0.009309856304391824
power,KFC_v2,static,0.7179253867151957,0.008905079943331309
power,KFC_v2,static,0.7180770397330907,0.008905079943331309
power,KFC_v2,static,0.7182286927509858,0.008905079943331309
power,KFC_v2,static,0.7183803457688809,0.008905079943331309
power,KFC_v2,static,0.7185319987867759,0.008905079943331309
power,KFC_v2,static,0.718683651804671,0.008905079943331309
power,KFC_v2,static,0.718835304822566,0.008905079943331309
power,KFC_v2,static,0.7189869578404611,0.008905079943331309
power,KFC_v2,static,0.7191386108583561,0.008905079943331309
power,KFC_v2,static,0.7192902638762512,0.008905079943331309
power,KFC_v2,static,0.7194419168941463,0.008905079943331309
power,KFC_v2,static,0.7195935699120413,0.008905079943331309
power,KFC_v2,static,0.7197452229299364,0.008905079943331309
power,KFC_v2,static,0.7198968759478314,0.008905079943331309
power,KFC_v2,static,0.7200485289657265,0.008905079943331309
power,KFC_v2,static,0.7202001819836215,0.008905079943331309
power,KFC_v2,static,0.7203518350015166,0.008905079943331309
power,KFC_v2,static,0.7205034880194117,0.008905079943331309
power,KFC_v2,static,0.7206551410373067,0.008905079943331309
power,KFC_v2,static,0.7208067940552018,0.008905079943331309
power,KFC_v2,static,0.7209584470730968,0.008905079943331309
power,KFC_v2,static,0.7211101000909919,0.008905079943331309
power,KFC_v2,static,0.7212617531088868,0.008905079943331309
power,KFC_v2,static,0.721413406126782,0.008905079943331309
power,KFC_v2,static,0.7215650591446771,0.008905079943331309
power,KFC_v2,static,0.721716712162572,0.008905079943331309
power,KFC_v2,static,0.7218683651804672,0.008905079943331309
power,KFC_v2,static,0.7220200181983621,0.008905079943331309
power,KFC_v2,static,0.7221716712162572,0.008905079943331309
power,KFC_v2,static,0.7223233242341522,0.008905079943331309
power,KFC_v2,static,0.7224749772520473,0.007285974499089253
power,KFC_v2,static,0.7226266302699424,0.007285974499089253
power,KFC_v2,static,0.7227782832878374,0.007285974499089253
power,KFC_v2,static,0.7229299363057325,0.007285974499089253
power,KFC_v2,static,0.7230815893236275,0.007285974499089253
power,KFC_v2,static,0.7232332423415226,0.007285974499089253
power,KFC_v2,static,0.7233848953594176,0.007285974499089253
power,KFC_v2,static,0.7235365483773127,0.007285974499089253
power,KFC_v2,static,0.7236882013952078,0.007285974499089253
power,KFC_v2,static,0.7238398544131028,0.007285974499089253
power,KFC_v2,static,0.7239915074309979,0.007285974499089253
power,KFC_v2,static,0.7241431604488929,0.007285974499089253
power,KFC_v2,static,0.724294813466788,0.007285974499089253
power,KFC_v2,static,0.724446466484683,0.007285974499089253
power,KFC_v2,static,0.7245981195025781,0.007285974499089253
power,KFC_v2,static,0.7247497725204732,0.007285974499089253
power,KFC_v2,static,0.7249014255383682,0.007285974499089253
power,KFC_v2,static,0.7250530785562633,0.007285974499089253
power,KFC_v2,static,0.7252047315741583,0.007285974499089253
power,KFC_v2,static,0.7253563845920534,0.007285974499089253
power,KFC_v2,static,0.7255080376099484,0.007285974499089253
power,KFC_v2,static,0.7256596906278435,0.007285974499089253
power,KFC_v2,static,0.7258113436457386,0.007285974499089253
power,KFC_v2,static,0.7259629966636336,0.007285974499089253
power,KFC_v2,static,0.7261146496815287,0.007285974499089253
power,KFC_v2,static,0.7262663026994237,0.007285974499089253
power,KFC_v2,static,0.7264179557173188,0.007285974499089253
power,KFC_v2,static,0.7265696087352138,0.007285974499089253
power,KFC_v2,static,0.7267212617531089,0.007285974499089253
power,KFC_v2,static,0.726872914771004,0.007285974499089253
power,KFC_v2,static,0.727024567788899,0.007285974499089253
power,KFC_v2,static,0.7271762208067941,0.007285974499089253
power,KFC_v2,static,0.7273278738246891,0.007285974499089253
power,KFC_v2,static,0.7274795268425842,0.007285974499089253
power,KFC_v2,static,0.7276311798604792,0.007285974499089253
power,KFC_v2,static,0.7277828328783743,0.007285974499089253
power,KFC_v2,static,0.7279344858962694,0.007285974499089253
power,KFC_v2,static,0.7280861389141644,0.007285974499089253
power,KFC_v2,static,0.7282377919320595,0.007285974499089253
power,KFC_v2,static,0.7283894449499545,0.007285974499089253
power,KFC_v2,static,0.7285410979678496,0.007285974499089253
power,KFC_v2,static,0.7286927509857446,0.007285974499089253
power,KFC_v2,static,0.7288444040036397,0.007285974499089253
power,KFC_v2,static,0.7289960570215348,0.007285974499089253
power,KFC_v2,static,0.7291477100394298,0.007285974499089253
power,KFC_v2,static,0.7292993630573249,0.007285974499089253
power,KFC_v2,static,0.7294510160752199,0.007285974499089253
power,KFC_v2,static,0.729602669093115,0.007285974499089253
power,KFC_v2,static,0.72975432211101,0.007285974499089253
power,KFC_v2,static,0.7299059751289051,0.007285974499089253
power,KFC_v2,static,0.7300576281468002,0.007285974499089253
power,KFC_v2,static,0.7302092811646952,0.007285974499089253
power,KFC_v2,static,0.7303609341825903,0.007285974499089253
power,KFC_v2,static,0.7305125872004853,0.007285974499089253
power,KFC_v2,static,0.7306642402183804,0.007285974499089253
power,KFC_v2,static,0.7308158932362754,0.007285974499089253
power,KFC_v2,static,0.7309675462541705,0.007285974499089253
power,KFC_v2,static,0.7311191992720656,0.007285974499089253
power,KFC_v2,static,0.7312708522899606,0.007285974499089253
power,KFC_v2,static,0.7314225053078557,0.007285974499089253
power,KFC_v2,static,0.7315741583257507,0.007285974499089253
power,KFC_v2,static,0.7317258113436458,0.007285974499089253
power,KFC_v2,static,0.7318774643615408,0.007285974499089253
power,KFC_v2,static,0.7320291173794359,0.007285974499089253
power,KFC_v2,static,0.732180770397331,0.007285974499089253
power,KFC_v2,static,0.732332423415226,0.007285974499089253
power,KFC_v2,static,0.7324840764331211,0.007285974499089253
power,KFC_v2,static,0.7326357294510161,0.007285974499089253
power,KFC_v2,static,0.7327873824689112,0.007285974499089253
power,KFC_v2,static,0.7329390354868062,0.007285974499089253
power,KFC_v2,static,0.7330906885047013,0.007285974499089253
power,KFC_v2,static,0.7332423415225964,0.007285974499089253
power,KFC_v2,static,0.7333939945404914,0.007285974499089253
power,KFC_v2,static,0.7335456475583865,0.007285974499089253
power,KFC_v2,static,0.7336973005762815,0.007285974499089253
power,KFC_v2,static,0.7338489535941766,0.007285974499089253
power,KFC_v2,static,0.7340006066120716,0.007285974499089253
power,KFC_v2,static,0.7341522596299667,0.007285974499089253
power,KFC_v2,static,0.7343039126478618,0.007285974499089253
power,KFC_v2,static,0.7344555656657568,0.007285974499089253
power,KFC_v2,static,0.7346072186836519,0.007285974499089253
power,KFC_v2,static,0.7347588717015469,0.007285974499089253
power,KFC_v2,static,0.734910524719442,0.007285974499089253
power,KFC_v2,static,0.735062177737337,0.007285974499089253
power,KFC_v2,static,0.7352138307552321,0.007285974499089253
power,KFC_v2,static,0.7353654837731272,0.007285974499089253
power,KFC_v2,static,0.7355171367910222,0.007285974499089253
power,KFC_v2,static,0.7356687898089173,0.007285974499089253
power,KFC_v2,static,0.7358204428268122,0.007285974499089253
power,KFC_v2,static,0.7359720958447074,0.007285974499089253
power,KFC_v2,static,0.7361237488626023,0.007285974499089253
power,KFC_v2,static,0.7362754018804974,0.007285974499089253
power,KFC_v2,static,0.7364270548983926,0.007285974499089253
power,KFC_v2,static,0.7365787079162875,0.007285974499089253
power,KFC_v2,static,0.7367303609341826,0.007285974499089253
power,KFC_v2,static,0.7368820139520776,0.007285974499089253
power,KFC_v2,static,0.7370336669699727,0.007285974499089253
power,KFC_v2,static,0.7371853199878677,0.007285974499089253
power,KFC_v2,static,0.7373369730057628,0.007285974499089253
power,KFC_v2,static,0.737488626023658,0.007285974499089253
power,KFC_v2,static,0.7376402790415529,0.007285974499089253
power,KFC_v2,static,0.737791932059448,0.007285974499089253
power,KFC_v2,static,0.737943585077343,0.007285974499089253
power,KFC_v2,static,0.7380952380952381,0.007285974499089253
power,KFC_v2,static,0.7382468911131331,0.007285974499089253
power,KFC_v2,static,0.7383985441310282,0.007285974499089253
power,KFC_v2,static,0.7385501971489233,0.007285974499089253
power,KFC_v2,static,0.7387018501668183,0.007285974499089253
power,KFC_v2,static,0.7388535031847134,0.007285974499089253
power,KFC_v2,static,0.7390051562026084,0.007285974499089253
power,KFC_v2,static,0.7391568092205035,0.007285974499089253
power,KFC_v2,static,0.7393084622383985,0.007285974499089253
power,KFC_v2,static,0.7394601152562936,0.007285974499089253
power,KFC_v2,static,0.7396117682741887,0.007285974499089253
power,KFC_v2,static,0.7397634212920837,0.007285974499089253
power,KFC_v2,static,0.7399150743099788,0.007285974499089253
power,KFC_v2,static,0.7400667273278738,0.007285974499089253
power,KFC_v2,static,0.7402183803457689,0.007285974499089253
power,KFC_v2,static,0.7403700333636639,0.007285974499089253
power,KFC_v2,static,0.740521686381559,0.007285974499089253
power,KFC_v2,static,0.7406733393994541,0.007285974499089253
power,KFC_v2,static,0.7408249924173491,0.007285974499089253
power,KFC_v2,static,0.7409766454352442,0.007285974499089253
power,KFC_v2,static,0.7411282984531392,0.007285974499089253
power,KFC_v2,static,0.7412799514710343,0.007285974499089253
power,KFC_v2,static,0.7414316044889293,0.007285974499089253
power,KFC_v2,static,0.7415832575068244,0.007285974499089253
power,KFC_v2,static,0.7417349105247195,0.007285974499089253
power,KFC_v2,static,0.7418865635426145,0.007285974499089253
power,KFC_v2,static,0.7420382165605096,0.007285974499089253
power,KFC_v2,static,0.7421898695784046,0.007285974499089253
power,KFC_v2,static,0.7423415225962997,0.007285974499089253
power,KFC_v2,static,0.7424931756141947,0.007285974499089253
power,KFC_v2,static,0.7426448286320898,0.007285974499089253
power,KFC_v2,static,0.7427964816499849,0.007285974499089253
power,KFC_v2,static,0.7429481346678799,0.007285974499089253
power,KFC_v2,static,0.743099787685775,0.007285974499089253
power,KFC_v2,static,0.74325144070367,0.007285974499089253
power,KFC_v2,static,0.7434030937215651,0.007285974499089253
power,KFC_v2,static,0.7435547467394601,0.007285974499089253
power,KFC_v2,static,0.7437063997573552,0.007285974499089253
power,KFC_v2,static,0.7438580527752503,0.007285974499089253
power,KFC_v2,static,0.7440097057931453,0.007285974499089253
power,KFC_v2,static,0.7441613588110404,0.007285974499089253
power,KFC_v2,static,0.7443130118289354,0.007285974499089253
power,KFC_v2,static,0.7444646648468305,0.007285974499089253
power,KFC_v2,static,0.7446163178647255,0.007285974499089253
power,KFC_v2,static,0.7447679708826206,0.007285974499089253
power,KFC_v2,static,0.7449196239005157,0.007285974499089253
power,KFC_v2,static,0.7450712769184107,0.007285974499089253
power,KFC_v2,static,0.7452229299363058,0.007285974499089253
power,KFC_v2,static,0.7453745829542008,0.007285974499089253
power,KFC_v2,static,0.7455262359720959,0.007285974499089253
power,KFC_v2,static,0.7456778889899909,0.007285974499089253
power,KFC_v2,static,0.745829542007886,0.007285974499089253
power,KFC_v2,static,0.7459811950257811,0.007285974499089253
power,KFC_v2,static,0.7461328480436761,0.007285974499089253
power,KFC_v2,static,0.7462845010615712,0.007285974499089253
power,KFC_v2,static,0.7464361540794662,0.007285974499089253
power,KFC_v2,static,0.7465878070973613,0.007285974499089253
power,KFC_v2,static,0.7467394601152563,0.007285974499089253
power,KFC_v2,static,0.7468911131331514,0.007285974499089253
power,KFC_v2,static,0.7470427661510465,0.007285974499089253
power,KFC_v2,static,0.7471944191689415,0.007285974499089253
power,KFC_v2,static,0.7473460721868366,0.007285974499089253
power,KFC_v2,static,0.7474977252047316,0.007285974499089253
power,KFC_v2,static,0.7476493782226267,0.007285974499089253
power,KFC_v2,static,0.7478010312405217,0.007285974499089253
power,KFC_v2,static,0.7479526842584168,0.007285974499089253
power,KFC_v2,static,0.7481043372763119,0.007285974499089253
power,KFC_v2,static,0.7482559902942069,0.007285974499089253
power,KFC_v2,static,0.748407643312102,0.007285974499089253
power,KFC_v2,static,0.748559296329997,0.007285974499089253
power,KFC_v2,static,0.7487109493478921,0.007285974499089253
power,KFC_v2,static,0.7488626023657871,0.007285974499089253
power,KFC_v2,static,0.7490142553836822,0.007285974499089253
power,KFC_v2,static,0.7491659084015773,0.007285974499089253
power,KFC_v2,static,0.7493175614194723,0.007285974499089253
power,KFC_v2,static,0.7494692144373674,0.007285974499089253
power,KFC_v2,static,0.7496208674552624,0.007285974499089253
power,KFC_v2,static,0.7497725204731575,0.007285974499089253
power,KFC_v2,static,0.7499241734910524,0.007285974499089253
power,KFC_v2,static,0.7500758265089476,0.007285974499089253
power,KFC_v2,static,0.7502274795268427,0.007285974499089253
power,KFC_v2,static,0.7503791325447376,0.007285974499089253
power,KFC_v2,static,0.7505307855626328,0.007285974499089253
power,KFC_v2,static,0.7506824385805277,0.007285974499089253
power,KFC_v2,static,0.7508340915984228,0.007285974499089253
power,KFC_v2,static,0.7509857446163178,0.007285974499089253
power,KFC_v2,static,0.7511373976342129,0.007285974499089253
power,KFC_v2,static,0.751289050652108,0.007285974499089253
power,KFC_v2,static,0.751440703670003,0.007285974499089253
power,KFC_v2,static,0.7515923566878981,0.007285974499089253
power,KFC_v2,static,0.7517440097057931,0.007285974499089253
power,KFC_v2,static,0.7518956627236882,0.007285974499089253
power,KFC_v2,static,0.7520473157415832,0.007285974499089253
power,KFC_v2,static,0.7521989687594783,0.007285974499089253
power,KFC_v2,static,0.7523506217773734,0.007285974499089253
power,KFC_v2,static,0.7525022747952684,0.007285974499089253
power,KFC_v2,static,0.7526539278131635,0.007285974499089253
power,KFC_v2,static,0.7528055808310585,0.007285974499089253
power,KFC_v2,static,0.7529572338489536,0.007285974499089253
power,KFC_v2,static,0.7531088868668486,0.007285974499089253
power,KFC_v2,static,0.7532605398847437,0.007285974499089253
power,KFC_v2,static,0.7534121929026388,0.007285974499089253
power,KFC_v2,static,0.7535638459205338,0.007285974499089253
power,KFC_v2,static,0.7537154989384289,0.007285974499089253
power,KFC_v2,static,0.7538671519563239,0.007285974499089253
power,KFC_v2,static,0.754018804974219,0.007285974499089253
power,KFC_v2,static,0.754170457992114,0.007285974499089253
power,KFC_v2,static,0.7543221110100091,0.007285974499089253
power,KFC_v2,static,0.7544737640279042,0.007285974499089253
power,KFC_v2,static,0.7546254170457992,0.007285974499089253
power,KFC_v2,static,0.7547770700636943,0.007285974499089253
power,KFC_v2,static,0.7549287230815893,0.007285974499089253
power,KFC_v2,static,0.7550803760994844,0.007285974499089253
power,KFC_v2,static,0.7552320291173794,0.007285974499089253
power,KFC_v2,static,0.7553836821352745,0.007285974499089253
power,KFC_v2,static,0.7555353351531696,0.007285974499089253
power,KFC_v2,static,0.7556869881710646,0.007285974499089253
power,KFC_v2,static,0.7558386411889597,0.007285974499089253
power,KFC_v2,static,0.7559902942068547,0.007285974499089253
power,KFC_v2,static,0.7561419472247498,0.007285974499089253
power,KFC_v2,static,0.7562936002426448,0.007285974499089253
power,KFC_v2,static,0.7564452532605399,0.007285974499089253
power,KFC_v2,static,0.756596906278435,0.007285974499089253
power,KFC_v2,static,0.75674855929633,0.007285974499089253
power,KFC_v2,static,0.7569002123142251,0.007285974499089253
power,KFC_v2,static,0.7570518653321201,0.007285974499089253
power,KFC_v2,static,0.7572035183500152,0.007285974499089253
power,KFC_v2,static,0.7573551713679102,0.007285974499089253
power,KFC_v2,static,0.7575068243858053,0.007285974499089253
power,KFC_v2,static,0.7576584774037004,0.007285974499089253
power,KFC_v2,static,0.7578101304215954,0.007285974499089253
power,KFC_v2,static,0.7579617834394905,0.007285974499089253
power,KFC_v2,static,0.7581134364573855,0.007285974499089253
power,KFC_v2,static,0.7582650894752806,0.007285974499089253
power,KFC_v2,static,0.7584167424931756,0.007285974499089253
power,KFC_v2,static,0.7585683955110707,0.007285974499089253
power,KFC_v2,static,0.7587200485289658,0.007285974499089253
power,KFC_v2,static,0.7588717015468608,0.007285974499089253
power,KFC_v2,static,0.7590233545647559,0.007285974499089253
power,KFC_v2,static,0.7591750075826509,0.007285974499089253
power,KFC_v2,static,0.759326660600546,0.007285974499089253
power,KFC_v2,static,0.759478313618441,0.007285974499089253
power,KFC_v2,static,0.7596299666363361,0.007285974499089253
power,KFC_v2,static,0.7597816196542312,0.007285974499089253
power,KFC_v2,static,0.7599332726721262,0.007285974499089253
power,KFC_v2,static,0.7600849256900213,0.007285974499089253
power,KFC_v2,static,0.7602365787079163,0.007285974499089253
power,KFC_v2,static,0.7603882317258114,0.007285974499089253
power,KFC_v2,static,0.7605398847437064,0.007285974499089253
power,KFC_v2,static,0.7606915377616015,0.007285974499089253
power,KFC_v2,static,0.7608431907794966,0.007285974499089253
power,KFC_v2,static,0.7609948437973916,0.007285974499089253
power,KFC_v2,static,0.7611464968152867,0.007285974499089253
power,KFC_v2,static,0.7612981498331817,0.007285974499089253
power,KFC_v2,static,0.7614498028510768,0.007285974499089253
power,KFC_v2,static,0.7616014558689718,0.007285974499089253
power,KFC_v2,static,0.7617531088868669,0.007285974499089253
power,KFC_v2,static,0.761904761904762,0.007285974499089253
power,KFC_v2,static,0.762056414922657,0.007285974499089253
power,KFC_v2,static,0.7622080679405521,0.007285974499089253
power,KFC_v2,static,0.7623597209584471,0.007285974499089253
power,KFC_v2,static,0.7625113739763422,0.007285974499089253
power,KFC_v2,static,0.7626630269942372,0.007285974499089253
power,KFC_v2,static,0.7628146800121323,0.007285974499089253
power,KFC_v2,static,0.7629663330300274,0.007285974499089253
power,KFC_v2,static,0.7631179860479224,0.007285974499089253
power,KFC_v2,static,0.7632696390658175,0.007285974499089253
power,KFC_v2,static,0.7634212920837125,0.007285974499089253
power,KFC_v2,static,0.7635729451016076,0.007285974499089253
power,KFC_v2,static,0.7637245981195026,0.007285974499089253
power,KFC_v2,static,0.7638762511373977,0.007285974499089253
power,KFC_v2,static,0.7640279041552928,0.007285974499089253
power,KFC_v2,static,0.7641795571731878,0.007285974499089253
power,KFC_v2,static,0.7643312101910829,0.007285974499089253
power,KFC_v2,static,0.7644828632089778,0.007285974499089253
power,KFC_v2,static,0.764634516226873,0.007285974499089253
power,KFC_v2,static,0.7647861692447679,0.007285974499089253
power,KFC_v2,static,0.764937822262663,0.007285974499089253
power,KFC_v2,static,0.7650894752805582,0.007285974499089253
power,KFC_v2,static,0.7652411282984531,0.007285974499089253
power,KFC_v2,static,0.7653927813163482,0.007285974499089253
power,KFC_v2,static,0.7655444343342432,0.007285974499089253
power,KFC_v2,static,0.7656960873521383,0.007285974499089253
power,KFC_v2,static,0.7658477403700333,0.007285974499089253
power,KFC_v2,static,0.7659993933879284,0.007285974499089253
power,KFC_v2,static,0.7661510464058235,0.007285974499089253
power,KFC_v2,static,0.7663026994237185,0.007285974499089253
power,KFC_v2,static,0.7664543524416136,0.007285974499089253
power,KFC_v2,static,0.7666060054595086,0.007285974499089253
power,KFC_v2,static,0.7667576584774037,0.007285974499089253
power,KFC_v2,static,0.7669093114952987,0.007285974499089253
power,KFC_v2,static,0.7670609645131938,0.007285974499089253
power,KFC_v2,static,0.7672126175310889,0.007285974499089253
power,KFC_v2,static,0.7673642705489839,0.007285974499089253
power,KFC_v2,static,0.767515923566879,0.007285974499089253
power,KFC_v2,static,0.767667576584774,0.007285974499089253
power,KFC_v2,static,0.7678192296026691,0.007285974499089253
power,KFC_v2,static,0.7679708826205641,0.007285974499089253
power,KFC_v2,static,0.7681225356384592,0.007285974499089253
power,KFC_v2,static,0.7682741886563543,0.007285974499089253
power,KFC_v2,static,0.7684258416742493,0.007285974499089253
power,KFC_v2,static,0.7685774946921444,0.007285974499089253
power,KFC_v2,static,0.7687291477100394,0.007285974499089253
power,KFC_v2,static,0.7688808007279345,0.007285974499089253
power,KFC_v2,static,0.7690324537458295,0.007285974499089253
power,KFC_v2,static,0.7691841067637246,0.007285974499089253
power,KFC_v2,static,0.7693357597816197,0.007285974499089253
power,KFC_v2,static,0.7694874127995147,0.007285974499089253
power,KFC_v2,static,0.7696390658174098,0.007285974499089253
power,KFC_v2,static,0.7697907188353048,0.007285974499089253
power,KFC_v2,static,0.7699423718531999,0.007285974499089253
power,KFC_v2,static,0.7700940248710949,0.007285974499089253
power,KFC_v2,static,0.77024567788899,0.007285974499089253
power,KFC_v2,static,0.7703973309068851,0.007285974499089253
power,KFC_v2,static,0.7705489839247801,0.007285974499089253
power,KFC_v2,static,0.7707006369426752,0.007285974499089253
power,KFC_v2,static,0.7708522899605702,0.007285974499089253
power,KFC_v2,static,0.7710039429784653,0.007285974499089253
power,KFC_v2,static,0.7711555959963603,0.007285974499089253
power,KFC_v2,static,0.7713072490142554,0.007285974499089253
power,KFC_v2,static,0.7714589020321505,0.007285974499089253
power,KFC_v2,static,0.7716105550500455,0.007285974499089253
power,KFC_v2,static,0.7717622080679406,0.007285974499089253
power,KFC_v2,static,0.7719138610858356,0.007285974499089253
power,KFC_v2,static,0.7720655141037307,0.007285974499089253
power,KFC_v2,static,0.7722171671216257,0.007285974499089253
power,KFC_v2,static,0.7723688201395208,0.007285974499089253
power,KFC_v2,static,0.7725204731574159,0.007285974499089253
power,KFC_v2,static,0.7726721261753109,0.007285974499089253
power,KFC_v2,static,0.772823779193206,0.007285974499089253
power,KFC_v2,static,0.772975432211101,0.007285974499089253
power,KFC_v2,static,0.7731270852289961,0.007285974499089253
power,KFC_v2,static,0.7732787382468911,0.007285974499089253
power,KFC_v2,static,0.7734303912647862,0.007285974499089253
power,KFC_v2,static,0.7735820442826813,0.007285974499089253
power,KFC_v2,static,0.7737336973005763,0.007285974499089253
power,KFC_v2,static,0.7738853503184714,0.007285974499089253
power,KFC_v2,static,0.7740370033363664,0.007285974499089253
power,KFC_v2,static,0.7741886563542615,0.007285974499089253
power,KFC_v2,static,0.7743403093721565,0.007285974499089253
power,KFC_v2,static,0.7744919623900516,0.007285974499089253
power,KFC_v2,static,0.7746436154079467,0.007285974499089253
power,KFC_v2,static,0.7747952684258417,0.007285974499089253
power,KFC_v2,static,0.7749469214437368,0.007285974499089253
power,KFC_v2,static,0.7750985744616318,0.007285974499089253
power,KFC_v2,static,0.7752502274795269,0.007285974499089253
power,KFC_v2,static,0.7754018804974219,0.007285974499089253
power,KFC_v2,static,0.775553533515317,0.007285974499089253
power,KFC_v2,static,0.7757051865332121,0.007285974499089253
power,KFC_v2,static,0.7758568395511071,0.007285974499089253
power,KFC_v2,static,0.7760084925690022,0.007285974499089253
power,KFC_v2,static,0.7761601455868972,0.007285974499089253
power,KFC_v2,static,0.7763117986047923,0.007285974499089253
power,KFC_v2,static,0.7764634516226874,0.007285974499089253
power,KFC_v2,static,0.7766151046405824,0.007285974499089253
power,KFC_v2,static,0.7767667576584775,0.007285974499089253
power,KFC_v2,static,0.7769184106763725,0.007285974499089253
power,KFC_v2,static,0.7770700636942676,0.007285974499089253
power,KFC_v2,static,0.7772217167121626,0.007285974499089253
power,KFC_v2,static,0.7773733697300577,0.007285974499089253
power,KFC_v2,static,0.7775250227479528,0.007285974499089253
power,KFC_v2,static,0.7776766757658478,0.007285974499089253
power,KFC_v2,static,0.7778283287837429,0.007285974499089253
power,KFC_v2,static,0.7779799818016379,0.007285974499089253
power,KFC_v2,static,0.778131634819533,0.007285974499089253
power,KFC_v2,static,0.778283287837428,0.007285974499089253
power,KFC_v2,static,0.778434940855323,0.007285974499089253
power,KFC_v2,static,0.7785865938732182,0.007285974499089253
power,KFC_v2,static,0.7787382468911132,0.007285974499089253
power,KFC_v2,static,0.7788898999090083,0.007285974499089253
power,KFC_v2,static,0.7790415529269032,0.007285974499089253
power,KFC_v2,static,0.7791932059447984,0.007285974499089253
power,KFC_v2,static,0.7793448589626933,0.007285974499089253
power,KFC_v2,static,0.7794965119805884,0.007285974499089253
power,KFC_v2,static,0.7796481649984836,0.007285974499089253
power,KFC_v2,static,0.7797998180163785,0.007285974499089253
power,KFC_v2,static,0.7799514710342736,0.007285974499089253
power,KFC_v2,static,0.7801031240521686,0.007285974499089253
power,KFC_v2,static,0.7802547770700637,0.007285974499089253
power,KFC_v2,static,0.7804064300879587,0.007285974499089253
power,KFC_v2,static,0.7805580831058538,0.007285974499089253
power,KFC_v2,static,0.7807097361237489,0.007285974499089253
power,KFC_v2,static,0.7808613891416439,0.007285974499089253
power,KFC_v2,static,0.781013042159539,0.007285974499089253
power,KFC_v2,static,0.781164695177434,0.007285974499089253
power,KFC_v2,static,0.7813163481953291,0.007285974499089253
power,KFC_v2,static,0.7814680012132241,0.007285974499089253
power,KFC_v2,static,0.7816196542311192,0.007285974499089253
power,KFC_v2,static,0.7817713072490143,0.007285974499089253
power,KFC_v2,static,0.7819229602669093,0.007285974499089253
power,KFC_v2,static,0.7820746132848044,0.007285974499089253
power,KFC_v2,static,0.7822262663026994,0.007285974499089253
power,KFC_v2,static,0.7823779193205945,0.007285974499089253
power,KFC_v2,static,0.7825295723384895,0.007285974499089253
power,KFC_v2,static,0.7826812253563846,0.007285974499089253
power,KFC_v2,static,0.7828328783742797,0.007285974499089253
power,KFC_v2,static,0.7829845313921747,0.007285974499089253
power,KFC_v2,static,0.7831361844100698,0.007285974499089253
power,KFC_v2,static,0.7832878374279648,0.007285974499089253
power,KFC_v2,static,0.7834394904458599,0.007285974499089253
power,KFC_v2,static,0.7835911434637549,0.007285974499089253
power,KFC_v2,static,0.78374279648165,0.007285974499089253
power,KFC_v2,static,0.7838944494995451,0.007285974499089253
power,KFC_v2,static,0.7840461025174401,0.007285974499089253
power,KFC_v2,static,0.7841977555353352,0.007285974499089253
power,KFC_v2,static,0.7843494085532302,0.007285974499089253
power,KFC_v2,static,0.7845010615711253,0.007285974499089253
power,KFC_v2,static,0.7846527145890203,0.007285974499089253
power,KFC_v2,static,0.7848043676069154,0.007285974499089253
power,KFC_v2,static,0.7849560206248105,0.007285974499089253
power,KFC_v2,static,0.7851076736427055,0.007285974499089253
power,KFC_v2,static,0.7852593266606006,0.007285974499089253
power,KFC_v2,static,0.7854109796784956,0.007285974499089253
power,KFC_v2,static,0.7855626326963907,0.007285974499089253
power,KFC_v2,static,0.7857142857142857,0.007285974499089253
power,KFC_v2,static,0.7858659387321808,0.007285974499089253
power,KFC_v2,static,0.7860175917500759,0.007285974499089253
power,KFC_v2,static,0.7861692447679709,0.007285974499089253
power,KFC_v2,static,0.786320897785866,0.007285974499089253
power,KFC_v2,static,0.786472550803761,0.007285974499089253
power,KFC_v2,static,0.7866242038216561,0.007285974499089253
power,KFC_v2,static,0.7867758568395511,0.007285974499089253
power,KFC_v2,static,0.7869275098574462,0.007285974499089253
power,KFC_v2,static,0.7870791628753413,0.007285974499089253
power,KFC_v2,static,0.7872308158932363,0.007285974499089253
power,KFC_v2,static,0.7873824689111314,0.007285974499089253
power,KFC_v2,static,0.7875341219290264,0.007285974499089253
power,KFC_v2,static,0.7876857749469215,0.007285974499089253
power,KFC_v2,static,0.7878374279648165,0.007285974499089253
power,KFC_v2,static,0.7879890809827116,0.007285974499089253
power,KFC_v2,static,0.7881407340006067,0.007285974499089253
power,KFC_v2,static,0.7882923870185017,0.007285974499089253
power,KFC_v2,static,0.7884440400363968,0.007285974499089253
power,KFC_v2,static,0.7885956930542918,0.007285974499089253
power,KFC_v2,static,0.7887473460721869,0.007285974499089253
power,KFC_v2,static,0.7888989990900819,0.007285974499089253
power,KFC_v2,static,0.789050652107977,0.007285974499089253
power,KFC_v2,static,0.7892023051258721,0.007285974499089253
power,KFC_v2,static,0.7893539581437671,0.007285974499089253
power,KFC_v2,static,0.7895056111616622,0.007285974499089253
power,KFC_v2,static,0.7896572641795572,0.007285974499089253
power,KFC_v2,static,0.7898089171974523,0.007285974499089253
power,KFC_v2,static,0.7899605702153473,0.007285974499089253
power,KFC_v2,static,0.7901122232332424,0.007285974499089253
power,KFC_v2,static,0.7902638762511375,0.007285974499089253
power,KFC_v2,static,0.7904155292690325,0.007285974499089253
power,KFC_v2,static,0.7905671822869276,0.007285974499089253
power,KFC_v2,static,0.7907188353048226,0.007285974499089253
power,KFC_v2,static,0.7908704883227177,0.007285974499089253
power,KFC_v2,static,0.7910221413406127,0.007285974499089253
power,KFC_v2,static,0.7911737943585078,0.007285974499089253
power,KFC_v2,static,0.7913254473764029,0.007285974499089253
power,KFC_v2,static,0.7914771003942979,0.007285974499089253
power,KFC_v2,static,0.791628753412193,0.007285974499089253
power,KFC_v2,static,0.791780406430088,0.007285974499089253
power,KFC_v2,static,0.7919320594479831,0.007285974499089253
power,KFC_v2,static,0.792083712465878,0.007285974499089253
power,KFC_v2,static,0.7922353654837732,0.007285974499089253
power,KFC_v2,static,0.7923870185016683,0.007285974499089253
power,KFC_v2,static,0.7925386715195633,0.007285974499089253
power,KFC_v2,static,0.7926903245374584,0.007285974499089253
power,KFC_v2,static,0.7928419775553533,0.007285974499089253
power,KFC_v2,static,0.7929936305732485,0.007285974499089253
power,KFC_v2,static,0.7931452835911434,0.007285974499089253
power,KFC_v2,static,0.7932969366090385,0.007285974499089253
power,KFC_v2,static,0.7934485896269337,0.007285974499089253
power,KFC_v2,static,0.7936002426448286,0.007285974499089253
power,KFC_v2,static,0.7937518956627237,0.007285974499089253
power,KFC_v2,static,0.7939035486806187,0.007285974499089253
power,KFC_v2,static,0.7940552016985138,0.007285974499089253
power,KFC_v2,static,0.7942068547164088,0.007285974499089253
power,KFC_v2,static,0.7943585077343039,0.007285974499089253
power,KFC_v2,static,0.794510160752199,0.007285974499089253
power,KFC_v2,static,0.794661813770094,0.007285974499089253
power,KFC_v2,static,0.7948134667879891,0.007285974499089253
power,KFC_v2,static,0.7949651198058841,0.007285974499089253
power,KFC_v2,static,0.7951167728237792,0.007285974499089253
power,KFC_v2,static,0.7952684258416742,0.007285974499089253
power,KFC_v2,static,0.7954200788595693,0.007285974499089253
power,KFC_v2,static,0.7955717318774644,0.007285974499089253
power,KFC_v2,static,0.7957233848953594,0.007285974499089253
power,KFC_v2,static,0.7958750379132545,0.007285974499089253
power,KFC_v2,static,0.7960266909311495,0.007285974499089253
power,KFC_v2,static,0.7961783439490446,0.007285974499089253
power,KFC_v2,static,0.7963299969669396,0.007285974499089253
power,KFC_v2,static,0.7964816499848347,0.007285974499089253
power,KFC_v2,static,0.7966333030027298,0.007285974499089253
power,KFC_v2,static,0.7967849560206248,0.007285974499089253
power,KFC_v2,static,0.7969366090385199,0.007285974499089253
power,KFC_v2,static,0.7970882620564149,0.007285974499089253
power,KFC_v2,static,0.79723991507431,0.007285974499089253
power,KFC_v2,static,0.797391568092205,0.007285974499089253
power,KFC_v2,static,0.7975432211101001,0.007285974499089253
power,KFC_v2,static,0.7976948741279952,0.007285974499089253
power,KFC_v2,static,0.7978465271458902,0.007285974499089253
power,KFC_v2,static,0.7979981801637853,0.007285974499089253
power,KFC_v2,static,0.7981498331816803,0.007285974499089253
power,KFC_v2,static,0.7983014861995754,0.007285974499089253
power,KFC_v2,static,0.7984531392174704,0.007285974499089253
power,KFC_v2,static,0.7986047922353655,0.007285974499089253
power,KFC_v2,static,0.7987564452532606,0.007285974499089253
power,KFC_v2,static,0.7989080982711556,0.007285974499089253
power,KFC_v2,static,0.7990597512890507,0.007285974499089253
power,KFC_v2,static,0.7992114043069457,0.007285974499089253
power,KFC_v2,static,0.7993630573248408,0.007285974499089253
power,KFC_v2,static,0.7995147103427358,0.007285974499089253
power,KFC_v2,static,0.7996663633606309,0.007285974499089253
power,KFC_v2,static,0.799818016378526,0.007285974499089253
power,KFC_v2,static,0.799969669396421,0.007285974499089253
power,KFC_v2,static,0.8001213224143161,0.007285974499089253
power,KFC_v2,static,0.8002729754322111,0.007285974499089253
power,KFC_v2,static,0.8004246284501062,0.007285974499089253
power,KFC_v2,static,0.8005762814680012,0.007285974499089253
power,KFC_v2,static,0.8007279344858963,0.007285974499089253
power,KFC_v2,static,0.8008795875037914,0.007285974499089253
power,KFC_v2,static,0.8010312405216864,0.007285974499089253
power,KFC_v2,static,0.8011828935395815,0.007285974499089253
power,KFC_v2,static,0.8013345465574765,0.007285974499089253
power,KFC_v2,static,0.8014861995753716,0.007285974499089253
power,KFC_v2,static,0.8016378525932666,0.007285974499089253
power,KFC_v2,static,0.8017895056111617,0.007285974499089253
power,KFC_v2,static,0.8019411586290568,0.007285974499089253
power,KFC_v2,static,0.8020928116469518,0.007285974499089253
power,KFC_v2,static,0.8022444646648469,0.007285974499089253
power,KFC_v2,static,0.8023961176827419,0.007285974499089253
power,KFC_v2,static,0.802547770700637,0.007285974499089253
power,KFC_v2,static,0.802699423718532,0.007285974499089253
power,KFC_v2,static,0.8028510767364271,0.007285974499089253
power,KFC_v2,static,0.8030027297543222,0.007285974499089253
power,KFC_v2,static,0.8031543827722172,0.007285974499089253
power,KFC_v2,static,0.8033060357901123,0.007285974499089253
power,KFC_v2,static,0.8034576888080073,0.007285974499089253
power,KFC_v2,static,0.8036093418259024,0.007285974499089253
power,KFC_v2,static,0.8037609948437974,0.007285974499089253
power,KFC_v2,static,0.8039126478616925,0.007285974499089253
power,KFC_v2,static,0.8040643008795876,0.007285974499089253
power,KFC_v2,static,0.8042159538974826,0.007285974499089253
power,KFC_v2,static,0.8043676069153777,0.007285974499089253
power,KFC_v2,static,0.8045192599332727,0.007285974499089253
power,KFC_v2,static,0.8046709129511678,0.007285974499089253
power,KFC_v2,static,0.8048225659690628,0.007285974499089253
power,KFC_v2,static,0.8049742189869579,0.007285974499089253
power,KFC_v2,static,0.805125872004853,0.007285974499089253
power,KFC_v2,static,0.805277525022748,0.007285974499089253
power,KFC_v2,static,0.8054291780406431,0.007285974499089253
power,KFC_v2,static,0.8055808310585381,0.007285974499089253
power,KFC_v2,static,0.8057324840764332,0.007285974499089253
power,KFC_v2,static,0.8058841370943282,0.007285974499089253
power,KFC_v2,static,0.8060357901122233,0.007285974499089253
power,KFC_v2,static,0.8061874431301184,0.007285974499089253
power,KFC_v2,static,0.8063390961480134,0.007285974499089253
power,KFC_v2,static,0.8064907491659085,0.007285974499089253
power,KFC_v2,static,0.8066424021838035,0.007285974499089253
power,KFC_v2,static,0.8067940552016986,0.007285974499089253
power,KFC_v2,static,0.8069457082195935,0.007285974499089253
power,KFC_v2,static,0.8070973612374887,0.007285974499089253
power,KFC_v2,static,0.8072490142553838,0.007285974499089253
power,KFC_v2,static,0.8074006672732787,0.007285974499089253
power,KFC_v2,static,0.8075523202911739,0.007285974499089253
power,KFC_v2,static,0.8077039733090688,0.007285974499089253
power,KFC_v2,static,0.807855626326964,0.007285974499089253
power,KFC_v2,static,0.8080072793448589,0.007285974499089253
power,KFC_v2,static,0.808158932362754,0.007285974499089253
power,KFC_v2,static,0.8083105853806491,0.007285974499089253
power,KFC_v2,static,0.8084622383985441,0.007285974499089253
power,KFC_v2,static,0.8086138914164392,0.007285974499089253
power,KFC_v2,static,0.8087655444343342,0.007285974499089253
power,KFC_v2,static,0.8089171974522293,0.007285974499089253
power,KFC_v2,static,0.8090688504701243,0.007285974499089253
power,KFC_v2,static,0.8092205034880194,0.007285974499089253
power,KFC_v2,static,0.8093721565059145,0.007285974499089253
power,KFC_v2,static,0.8095238095238095,0.007285974499089253
power,KFC_v2,static,0.8096754625417046,0.007285974499089253
power,KFC_v2,static,0.8098271155595996,0.007285974499089253
power,KFC_v2,static,0.8099787685774947,0.007285974499089253
power,KFC_v2,static,0.8101304215953897,0.007285974499089253
power,KFC_v2,static,0.8102820746132848,0.007285974499089253
power,KFC_v2,static,0.8104337276311799,0.007285974499089253
power,KFC_v2,static,0.8105853806490749,0.007285974499089253
power,KFC_v2,static,0.81073703366697,0.007285974499089253
power,KFC_v2,static,0.810888686684865,0.007285974499089253
power,KFC_v2,static,0.8110403397027601,0.007285974499089253
power,KFC_v2,static,0.8111919927206551,0.007285974499089253
power,KFC_v2,static,0.8113436457385502,0.007285974499089253
power,KFC_v2,static,0.8114952987564453,0.007285974499089253
power,KFC_v2,static,0.8116469517743403,0.007285974499089253
power,KFC_v2,static,0.8117986047922354,0.007285974499089253
power,KFC_v2,static,0.8119502578101304,0.007285974499089253
power,KFC_v2,static,0.8121019108280255,0.007285974499089253
power,KFC_v2,static,0.8122535638459205,0.007285974499089253
power,KFC_v2,static,0.8124052168638156,0.007285974499089253
power,KFC_v2,static,0.8125568698817107,0.007285974499089253
power,KFC_v2,static,0.8127085228996057,0.007285974499089253
power,KFC_v2,static,0.8128601759175008,0.007285974499089253
power,KFC_v2,static,0.8130118289353958,0.007285974499089253
power,KFC_v2,static,0.8131634819532909,0.007285974499089253
power,KFC_v2,static,0.8133151349711859,0.007285974499089253
power,KFC_v2,static,0.813466787989081,0.007285974499089253
power,KFC_v2,static,0.8136184410069761,0.007285974499089253
power,KFC_v2,static,0.8137700940248711,0.007285974499089253
power,KFC_v2,static,0.8139217470427662,0.007285974499089253
power,KFC_v2,static,0.8140734000606612,0.007285974499089253
power,KFC_v2,static,0.8142250530785563,0.007285974499089253
power,KFC_v2,static,0.8143767060964513,0.007285974499089253
power,KFC_v2,static,0.8145283591143464,0.007285974499089253
power,KFC_v2,static,0.8146800121322415,0.007285974499089253
power,KFC_v2,static,0.8148316651501365,0.007285974499089253
power,KFC_v2,static,0.8149833181680316,0.007285974499089253
power,KFC_v2,static,0.8151349711859266,0.007285974499089253
power,KFC_v2,static,0.8152866242038217,0.007285974499089253
power,KFC_v2,static,0.8154382772217167,0.007285974499089253
power,KFC_v2,static,0.8155899302396118,0.007285974499089253
power,KFC_v2,static,0.8157415832575069,0.007285974499089253
power,KFC_v2,static,0.8158932362754019,0.007285974499089253
power,KFC_v2,static,0.816044889293297,0.007285974499089253
power,KFC_v2,static,0.816196542311192,0.007285974499089253
power,KFC_v2,static,0.8163481953290871,0.007285974499089253
power,KFC_v2,static,0.8164998483469821,0.007285974499089253
power,KFC_v2,static,0.8166515013648772,0.007285974499089253
power,KFC_v2,static,0.8168031543827723,0.007285974499089253
power,KFC_v2,static,0.8169548074006673,0.007285974499089253
power,KFC_v2,static,0.8171064604185624,0.007285974499089253
power,KFC_v2,static,0.8172581134364574,0.007285974499089253
power,KFC_v2,static,0.8174097664543525,0.007285974499089253
power,KFC_v2,static,0.8175614194722475,0.007285974499089253
power,KFC_v2,static,0.8177130724901426,0.007285974499089253
power,KFC_v2,static,0.8178647255080377,0.007285974499089253
power,KFC_v2,static,0.8180163785259327,0.007285974499089253
power,KFC_v2,static,0.8181680315438278,0.007285974499089253
power,KFC_v2,static,0.8183196845617228,0.007285974499089253
power,KFC_v2,static,0.8184713375796179,0.007285974499089253
power,KFC_v2,static,0.8186229905975129,0.007285974499089253
power,KFC_v2,static,0.818774643615408,0.007285974499089253
power,KFC_v2,static,0.8189262966333031,0.007285974499089253
power,KFC_v2,static,0.8190779496511981,0.007285974499089253
power,KFC_v2,static,0.8192296026690932,0.007285974499089253
power,KFC_v2,static,0.8193812556869882,0.007285974499089253
power,KFC_v2,static,0.8195329087048833,0.007285974499089253
power,KFC_v2,static,0.8196845617227783,0.007285974499089253
power,KFC_v2,static,0.8198362147406734,0.007285974499089253
power,KFC_v2,static,0.8199878677585685,0.007285974499089253
power,KFC_v2,static,0.8201395207764635,0.007285974499089253
power,KFC_v2,static,0.8202911737943586,0.007285974499089253
power,KFC_v2,static,0.8204428268122536,0.007285974499089253
power,KFC_v2,static,0.8205944798301487,0.007285974499089253
power,KFC_v2,static,0.8207461328480437,0.007285974499089253
power,KFC_v2,static,0.8208977858659388,0.007285974499089253
power,KFC_v2,static,0.8210494388838339,0.007285974499089253
power,KFC_v2,static,0.8212010919017289,0.007285974499089253
power,KFC_v2,static,0.821352744919624,0.007285974499089253
power,KFC_v2,static,0.821504397937519,0.007285974499089253
power,KFC_v2,static,0.821656050955414,0.007285974499089253
power,KFC_v2,static,0.821807703973309,0.007285974499089253
power,KFC_v2,static,0.8219593569912041,0.007285974499089253
power,KFC_v2,static,0.8221110100090993,0.007285974499089253
power,KFC_v2,static,0.8222626630269942,0.007285974499089253
power,KFC_v2,static,0.8224143160448893,0.007285974499089253
power,KFC_v2,static,0.8225659690627843,0.007285974499089253
power,KFC_v2,static,0.8227176220806794,0.007285974499089253
power,KFC_v2,static,0.8228692750985744,0.007285974499089253
power,KFC_v2,static,0.8230209281164695,0.007285974499089253
power,KFC_v2,static,0.8231725811343646,0.007285974499089253
power,KFC_v2,static,0.8233242341522596,0.007285974499089253
power,KFC_v2,static,0.8234758871701547,0.007285974499089253
power,KFC_v2,static,0.8236275401880497,0.007285974499089253
power,KFC_v2,static,0.8237791932059448,0.007285974499089253
power,KFC_v2,static,0.8239308462238398,0.007285974499089253
power,KFC_v2,static,0.8240824992417349,0.007285974499089253
power,KFC_v2,static,0.82423415225963,0.007285974499089253
power,KFC_v2,static,0.824385805277525,0.007285974499089253
power,KFC_v2,static,0.8245374582954201,0.007285974499089253
power,KFC_v2,static,0.8246891113133151,0.007285974499089253
power,KFC_v2,static,0.8248407643312102,0.007285974499089253
power,KFC_v2,static,0.8249924173491052,0.007285974499089253
power,KFC_v2,static,0.8251440703670003,0.007285974499089253
power,KFC_v2,static,0.8252957233848954,0.007285974499089253
power,KFC_v2,static,0.8254473764027904,0.007285974499089253
power,KFC_v2,static,0.8255990294206855,0.007285974499089253
power,KFC_v2,static,0.8257506824385805,0.007285974499089253
power,KFC_v2,static,0.8259023354564756,0.007285974499089253
power,KFC_v2,static,0.8260539884743706,0.007285974499089253
power,KFC_v2,static,0.8262056414922657,0.007285974499089253
power,KFC_v2,static,0.8263572945101608,0.007285974499089253
power,KFC_v2,static,0.8265089475280558,0.007285974499089253
power,KFC_v2,static,0.8266606005459509,0.007285974499089253
power,KFC_v2,static,0.8268122535638459,0.007285974499089253
power,KFC_v2,static,0.826963906581741,0.007285974499089253
power,KFC_v2,static,0.827115559599636,0.007285974499089253
power,KFC_v2,static,0.8272672126175311,0.007285974499089253
power,KFC_v2,static,0.8274188656354262,0.007285974499089253
power,KFC_v2,static,0.8275705186533212,0.007285974499089253
power,KFC_v2,static,0.8277221716712163,0.007285974499089253
power,KFC_v2,static,0.8278738246891113,0.007285974499089253
power,KFC_v2,static,0.8280254777070064,0.007285974499089253
power,KFC_v2,static,0.8281771307249014,0.007285974499089253
power,KFC_v2,static,0.8283287837427965,0.007285974499089253
power,KFC_v2,static,0.8284804367606916,0.007285974499089253
power,KFC_v2,static,0.8286320897785866,0.007285974499089253
power,KFC_v2,static,0.8287837427964817,0.007285974499089253
power,KFC_v2,static,0.8289353958143767,0.007285974499089253
power,KFC_v2,static,0.8290870488322718,0.007285974499089253
power,KFC_v2,static,0.8292387018501668,0.007285974499089253
power,KFC_v2,static,0.8293903548680619,0.007285974499089253
power,KFC_v2,static,0.829542007885957,0.007285974499089253
power,KFC_v2,static,0.829693660903852,0.007285974499089253
power,KFC_v2,static,0.8298453139217471,0.007285974499089253
power,KFC_v2,static,0.8299969669396421,0.007285974499089253
power,KFC_v2,static,0.8301486199575372,0.007285974499089253
power,KFC_v2,static,0.8303002729754322,0.007285974499089253
power,KFC_v2,static,0.8304519259933273,0.007285974499089253
power,KFC_v2,static,0.8306035790112224,0.007285974499089253
power,KFC_v2,static,0.8307552320291174,0.007285974499089253
power,KFC_v2,static,0.8309068850470125,0.007285974499089253
power,KFC_v2,static,0.8310585380649075,0.007285974499089253
power,KFC_v2,static,0.8312101910828026,0.007285974499089253
power,KFC_v2,static,0.8313618441006976,0.007285974499089253
power,KFC_v2,static,0.8315134971185927,0.007285974499089253
power,KFC_v2,static,0.8316651501364878,0.007083586318558996
power,KFC_v2,static,0.8318168031543828,0.007083586318558996
power,KFC_v2,static,0.8319684561722779,0.007083586318558996
power,KFC_v2,static,0.8321201091901729,0.007083586318558996
power,KFC_v2,static,0.832271762208068,0.006881198138028739
power,KFC_v2,static,0.832423415225963,0.006881198138028739
power,KFC_v2,static,0.8325750682438581,0.006881198138028739
power,KFC_v2,static,0.8327267212617532,0.006881198138028739
power,KFC_v2,static,0.8328783742796482,0.006881198138028739
power,KFC_v2,static,0.8330300272975433,0.006881198138028739
power,KFC_v2,static,0.8331816803154383,0.006881198138028739
power,KFC_v2,static,0.8333333333333334,0.006881198138028739
power,KFC_v2,static,0.8334849863512284,0.006881198138028739
power,KFC_v2,static,0.8336366393691235,0.006881198138028739
power,KFC_v2,static,0.8337882923870186,0.006881198138028739
power,KFC_v2,static,0.8339399454049136,0.006881198138028739
power,KFC_v2,static,0.8340915984228087,0.006881198138028739
power,KFC_v2,static,0.8342432514407037,0.006881198138028739
power,KFC_v2,static,0.8343949044585988,0.006881198138028739
power,KFC_v2,static,0.8345465574764938,0.006881198138028739
power,KFC_v2,static,0.8346982104943889,0.006881198138028739
power,KFC_v2,static,0.834849863512284,0.006881198138028739
power,KFC_v2,static,0.835001516530179,0.006881198138028739
power,KFC_v2,static,0.8351531695480741,0.006881198138028739
power,KFC_v2,static,0.835304822565969,0.006881198138028739
power,KFC_v2,static,0.8354564755838642,0.006881198138028739
power,KFC_v2,static,0.8356081286017591,0.006881198138028739
power,KFC_v2,static,0.8357597816196543,0.006881198138028739
power,KFC_v2,static,0.8359114346375494,0.006881198138028739
power,KFC_v2,static,0.8360630876554443,0.006881198138028739
power,KFC_v2,static,0.8362147406733395,0.006881198138028739
power,KFC_v2,static,0.8363663936912344,0.006881198138028739
power,KFC_v2,static,0.8365180467091295,0.006881198138028739
power,KFC_v2,static,0.8366696997270245,0.006881198138028739
power,KFC_v2,static,0.8368213527449196,0.006881198138028739
power,KFC_v2,static,0.8369730057628147,0.006881198138028739
power,KFC_v2,static,0.8371246587807097,0.006881198138028739
power,KFC_v2,static,0.8372763117986048,0.006678809957498482
power,KFC_v2,static,0.8374279648164998,0.0064764217769682254
power,KFC_v2,static,0.8375796178343949,0.0064764217769682254
power,KFC_v2,static,0.8377312708522899,0.0064764217769682254
power,KFC_v2,static,0.837882923870185,0.0064764217769682254
power,KFC_v2,static,0.8380345768880801,0.0064764217769682254
power,KFC_v2,static,0.8381862299059751,0.0064764217769682254
power,KFC_v2,static,0.8383378829238702,0.0064764217769682254
power,KFC_v2,static,0.8384895359417652,0.0064764217769682254
power,KFC_v2,static,0.8386411889596603,0.0064764217769682254
power,KFC_v2,static,0.8387928419775554,0.0064764217769682254
power,KFC_v2,static,0.8389444949954504,0.0064764217769682254
power,KFC_v2,static,0.8390961480133455,0.0064764217769682254
power,KFC_v2,static,0.8392478010312405,0.0064764217769682254
power,KFC_v2,static,0.8393994540491356,0.0064764217769682254
power,KFC_v2,static,0.8395511070670306,0.0064764217769682254
power,KFC_v2,static,0.8397027600849257,0.0064764217769682254
power,KFC_v2,static,0.8398544131028208,0.0064764217769682254
power,KFC_v2,static,0.8400060661207158,0.0064764217769682254
power,KFC_v2,static,0.8401577191386109,0.0064764217769682254
power,KFC_v2,static,0.8403093721565059,0.0064764217769682254
power,KFC_v2,static,0.840461025174401,0.0064764217769682254
power,KFC_v2,static,0.840612678192296,0.0064764217769682254
power,KFC_v2,static,0.8407643312101911,0.0064764217769682254
power,KFC_v2,static,0.8409159842280862,0.0064764217769682254
power,KFC_v2,static,0.8410676372459812,0.0064764217769682254
power,KFC_v2,static,0.8412192902638763,0.0064764217769682254
power,KFC_v2,static,0.8413709432817713,0.0064764217769682254
power,KFC_v2,static,0.8415225962996664,0.0064764217769682254
power,KFC_v2,static,0.8416742493175614,0.0064764217769682254
power,KFC_v2,static,0.8418259023354565,0.0064764217769682254
power,KFC_v2,static,0.8419775553533516,0.0064764217769682254
power,KFC_v2,static,0.8421292083712466,0.0064764217769682254
power,KFC_v2,static,0.8422808613891417,0.0064764217769682254
power,KFC_v2,static,0.8424325144070367,0.0064764217769682254
power,KFC_v2,static,0.8425841674249318,0.0064764217769682254
power,KFC_v2,static,0.8427358204428268,0.0064764217769682254
power,KFC_v2,static,0.8428874734607219,0.0064764217769682254
power,KFC_v2,static,0.843039126478617,0.0064764217769682254
power,KFC_v2,static,0.843190779496512,0.0064764217769682254
power,KFC_v2,static,0.8433424325144071,0.0064764217769682254
power,KFC_v2,static,0.8434940855323021,0.0064764217769682254
power,KFC_v2,static,0.8436457385501972,0.0064764217769682254
power,KFC_v2,static,0.8437973915680922,0.0064764217769682254
power,KFC_v2,static,0.8439490445859873,0.0064764217769682254
power,KFC_v2,static,0.8441006976038824,0.0064764217769682254
power,KFC_v2,static,0.8442523506217774,0.0064764217769682254
power,KFC_v2,static,0.8444040036396725,0.0064764217769682254
power,KFC_v2,static,0.8445556566575675,0.0064764217769682254
power,KFC_v2,static,0.8447073096754626,0.0064764217769682254
power,KFC_v2,static,0.8448589626933576,0.0064764217769682254
power,KFC_v2,static,0.8450106157112527,0.0064764217769682254
power,KFC_v2,static,0.8451622687291478,0.0064764217769682254
power,KFC_v2,static,0.8453139217470428,0.0064764217769682254
power,KFC_v2,static,0.8454655747649379,0.0064764217769682254
power,KFC_v2,static,0.8456172277828329,0.006274033596437968
power,KFC_v2,static,0.845768880800728,0.006274033596437968
power,KFC_v2,static,0.845920533818623,0.006274033596437968
power,KFC_v2,static,0.8460721868365181,0.006274033596437968
power,KFC_v2,static,0.8462238398544132,0.006274033596437968
power,KFC_v2,static,0.8463754928723082,0.006274033596437968
power,KFC_v2,static,0.8465271458902033,0.006274033596437968
power,KFC_v2,static,0.8466787989080983,0.006274033596437968
power,KFC_v2,static,0.8468304519259934,0.006274033596437968
power,KFC_v2,static,0.8469821049438884,0.006274033596437968
power,KFC_v2,static,0.8471337579617835,0.006274033596437968
power,KFC_v2,static,0.8472854109796786,0.006274033596437968
power,KFC_v2,static,0.8474370639975736,0.006274033596437968
power,KFC_v2,static,0.8475887170154687,0.006274033596437968
power,KFC_v2,static,0.8477403700333637,0.006274033596437968
power,KFC_v2,static,0.8478920230512588,0.006274033596437968
power,KFC_v2,static,0.8480436760691538,0.006274033596437968
power,KFC_v2,static,0.8481953290870489,0.006274033596437968
power,KFC_v2,static,0.848346982104944,0.006274033596437968
power,KFC_v2,static,0.848498635122839,0.006274033596437968
power,KFC_v2,static,0.8486502881407341,0.006274033596437968
power,KFC_v2,static,0.8488019411586291,0.006274033596437968
power,KFC_v2,static,0.8489535941765242,0.006274033596437968
power,KFC_v2,static,0.8491052471944192,0.006274033596437968
power,KFC_v2,static,0.8492569002123143,0.006274033596437968
power,KFC_v2,static,0.8494085532302094,0.006274033596437968
power,KFC_v2,static,0.8495602062481044,0.006274033596437968
power,KFC_v2,static,0.8497118592659995,0.006274033596437968
power,KFC_v2,static,0.8498635122838945,0.006274033596437968
power,KFC_v2,static,0.8500151653017896,0.006274033596437968
power,KFC_v2,static,0.8501668183196845,0.006274033596437968
power,KFC_v2,static,0.8503184713375797,0.006274033596437968
power,KFC_v2,static,0.8504701243554748,0.006274033596437968
power,KFC_v2,static,0.8506217773733697,0.006274033596437968
power,KFC_v2,static,0.8507734303912649,0.006274033596437968
power,KFC_v2,static,0.8509250834091598,0.006274033596437968
power,KFC_v2,static,0.851076736427055,0.006274033596437968
power,KFC_v2,static,0.8512283894449499,0.006274033596437968
power,KFC_v2,static,0.851380042462845,0.006274033596437968
power,KFC_v2,static,0.8515316954807401,0.006274033596437968
power,KFC_v2,static,0.8516833484986351,0.006274033596437968
power,KFC_v2,static,0.8518350015165302,0.006274033596437968
power,KFC_v2,static,0.8519866545344252,0.006274033596437968
power,KFC_v2,static,0.8521383075523203,0.006274033596437968
power,KFC_v2,static,0.8522899605702153,0.006274033596437968
power,KFC_v2,static,0.8524416135881104,0.006274033596437968
power,KFC_v2,static,0.8525932666060055,0.006274033596437968
power,KFC_v2,static,0.8527449196239005,0.006274033596437968
power,KFC_v2,static,0.8528965726417956,0.006274033596437968
power,KFC_v2,static,0.8530482256596906,0.006274033596437968
power,KFC_v2,static,0.8531998786775857,0.006274033596437968
power,KFC_v2,static,0.8533515316954807,0.006274033596437968
power,KFC_v2,static,0.8535031847133758,0.006274033596437968
power,KFC_v2,static,0.8536548377312709,0.006274033596437968
power,KFC_v2,static,0.8538064907491659,0.006274033596437968
power,KFC_v2,static,0.853958143767061,0.006274033596437968
power,KFC_v2,static,0.854109796784956,0.006274033596437968
power,KFC_v2,static,0.8542614498028511,0.006274033596437968
power,KFC_v2,static,0.8544131028207461,0.006274033596437968
power,KFC_v2,static,0.8545647558386412,0.006274033596437968
power,KFC_v2,static,0.8547164088565363,0.006274033596437968
power,KFC_v2,static,0.8548680618744313,0.006274033596437968
power,KFC_v2,static,0.8550197148923264,0.006274033596437968
power,KFC_v2,static,0.8551713679102214,0.006274033596437968
power,KFC_v2,static,0.8553230209281165,0.006274033596437968
power,KFC_v2,static,0.8554746739460115,0.006274033596437968
power,KFC_v2,static,0.8556263269639066,0.006274033596437968
power,KFC_v2,static,0.8557779799818017,0.006274033596437968
power,KFC_v2,static,0.8559296329996967,0.006274033596437968
power,KFC_v2,static,0.8560812860175918,0.006274033596437968
power,KFC_v2,static,0.8562329390354868,0.006071645415907711
power,KFC_v2,static,0.8563845920533819,0.005869257235377454
power,KFC_v2,static,0.8565362450712769,0.005666869054847197
power,KFC_v2,static,0.856687898089172,0.005666869054847197
power,KFC_v2,static,0.8568395511070671,0.005666869054847197
power,KFC_v2,static,0.8569912041249621,0.005666869054847197
power,KFC_v2,static,0.8571428571428572,0.005666869054847197
power,KFC_v2,static,0.8572945101607522,0.005666869054847197
power,KFC_v2,static,0.8574461631786473,0.005666869054847197
power,KFC_v2,static,0.8575978161965423,0.00546448087431694
power,KFC_v2,static,0.8577494692144374,0.00546448087431694
power,KFC_v2,static,0.8579011222323325,0.00546448087431694
power,KFC_v2,static,0.8580527752502275,0.00546448087431694
power,KFC_v2,static,0.8582044282681226,0.00546448087431694
power,KFC_v2,static,0.8583560812860176,0.00546448087431694
power,KFC_v2,static,0.8585077343039127,0.00546448087431694
power,KFC_v2,static,0.8586593873218077,0.00546448087431694
power,KFC_v2,static,0.8588110403397028,0.00546448087431694
power,KFC_v2,static,0.8589626933575979,0.00546448087431694
power,KFC_v2,static,0.8591143463754929,0.00546448087431694
power,KFC_v2,static,0.859265999393388,0.00546448087431694
power,KFC_v2,static,0.859417652411283,0.00546448087431694
power,KFC_v2,static,0.8595693054291781,0.00546448087431694
power,KFC_v2,static,0.8597209584470731,0.00546448087431694
power,KFC_v2,static,0.8598726114649682,0.00546448087431694
power,KFC_v2,static,0.8600242644828633,0.00546448087431694
power,KFC_v2,static,0.8601759175007583,0.00546448087431694
power,KFC_v2,static,0.8603275705186534,0.00546448087431694
power,KFC_v2,static,0.8604792235365484,0.00546448087431694
power,KFC_v2,static,0.8606308765544435,0.00546448087431694
power,KFC_v2,static,0.8607825295723385,0.00546448087431694
power,KFC_v2,static,0.8609341825902336,0.00546448087431694
power,KFC_v2,static,0.8610858356081287,0.00546448087431694
power,KFC_v2,static,0.8612374886260237,0.00546448087431694
power,KFC_v2,static,0.8613891416439188,0.00546448087431694
power,KFC_v2,static,0.8615407946618138,0.00546448087431694
power,KFC_v2,static,0.8616924476797089,0.00546448087431694
power,KFC_v2,static,0.8618441006976039,0.00546448087431694
power,KFC_v2,static,0.861995753715499,0.00546448087431694
power,KFC_v2,static,0.8621474067333941,0.00546448087431694
power,KFC_v2,static,0.8622990597512891,0.00546448087431694
power,KFC_v2,static,0.8624507127691842,0.00546448087431694
power,KFC_v2,static,0.8626023657870792,0.00546448087431694
power,KFC_v2,static,0.8627540188049743,0.00546448087431694
power,KFC_v2,static,0.8629056718228693,0.00546448087431694
power,KFC_v2,static,0.8630573248407644,0.00546448087431694
power,KFC_v2,static,0.8632089778586595,0.00546448087431694
power,KFC_v2,static,0.8633606308765545,0.00546448087431694
power,KFC_v2,static,0.8635122838944496,0.00546448087431694
power,KFC_v2,static,0.8636639369123446,0.00546448087431694
power,KFC_v2,static,0.8638155899302397,0.00546448087431694
power,KFC_v2,static,0.8639672429481347,0.00546448087431694
power,KFC_v2,static,0.8641188959660298,0.00546448087431694
power,KFC_v2,static,0.8642705489839249,0.00546448087431694
power,KFC_v2,static,0.8644222020018199,0.00546448087431694
power,KFC_v2,static,0.864573855019715,0.00546448087431694
power,KFC_v2,static,0.86472550803761,0.00546448087431694
power,KFC_v2,static,0.864877161055505,0.00546448087431694
power,KFC_v2,static,0.8650288140734,0.00546448087431694
power,KFC_v2,static,0.8651804670912951,0.00546448087431694
power,KFC_v2,static,0.8653321201091903,0.00546448087431694
power,KFC_v2,static,0.8654837731270852,0.00546448087431694
power,KFC_v2,static,0.8656354261449803,0.00546448087431694
power,KFC_v2,static,0.8657870791628753,0.00546448087431694
power,KFC_v2,static,0.8659387321807704,0.00546448087431694
power,KFC_v2,static,0.8660903851986654,0.00546448087431694
power,KFC_v2,static,0.8662420382165605,0.00546448087431694
power,KFC_v2,static,0.8663936912344556,0.00546448087431694
power,KFC_v2,static,0.8665453442523506,0.00546448087431694
power,KFC_v2,static,0.8666969972702457,0.00546448087431694
power,KFC_v2,static,0.8668486502881407,0.00546448087431694
power,KFC_v2,static,0.8670003033060358,0.00546448087431694
power,KFC_v2,static,0.8671519563239308,0.0038453754300748835
power,KFC_v2,static,0.8673036093418259,0.0038453754300748835
power,KFC_v2,static,0.867455262359721,0.0038453754300748835
power,KFC_v2,static,0.867606915377616,0.0038453754300748835
power,KFC_v2,static,0.8677585683955111,0.0038453754300748835
power,KFC_v2,static,0.8679102214134061,0.0038453754300748835
power,KFC_v2,static,0.8680618744313012,0.0038453754300748835
power,KFC_v2,static,0.8682135274491962,0.0032382108884841127
power,KFC_v2,static,0.8683651804670913,0.0032382108884841127
power,KFC_v2,static,0.8685168334849864,0.0030358227079538553
power,KFC_v2,static,0.8686684865028814,0.0030358227079538553
power,KFC_v2,static,0.8688201395207765,0.0030358227079538553
power,KFC_v2,static,0.8689717925386715,0.0030358227079538553
power,KFC_v2,static,0.8691234455565666,0.0030358227079538553
power,KFC_v2,static,0.8692750985744616,0.0030358227079538553
power,KFC_v2,static,0.8694267515923567,0.0030358227079538553
power,KFC_v2,static,0.8695784046102518,0.0030358227079538553
power,KFC_v2,static,0.8697300576281468,0.0030358227079538553
power,KFC_v2,static,0.8698817106460419,0.0030358227079538553
power,KFC_v2,static,0.8700333636639369,0.0030358227079538553
power,KFC_v2,static,0.870185016681832,0.0030358227079538553
power,KFC_v2,static,0.870336669699727,0.0030358227079538553
power,KFC_v2,static,0.8704883227176221,0.0030358227079538553
power,KFC_v2,static,0.8706399757355172,0.0030358227079538553
power,KFC_v2,static,0.8707916287534122,0.0030358227079538553
power,KFC_v2,static,0.8709432817713073,0.0030358227079538553
power,KFC_v2,static,0.8710949347892023,0.0030358227079538553
power,KFC_v2,static,0.8712465878070974,0.0030358227079538553
power,KFC_v2,static,0.8713982408249924,0.0030358227079538553
power,KFC_v2,static,0.8715498938428875,0.0030358227079538553
power,KFC_v2,static,0.8717015468607826,0.0030358227079538553
power,KFC_v2,static,0.8718531998786776,0.0030358227079538553
power,KFC_v2,static,0.8720048528965727,0.0030358227079538553
power,KFC_v2,static,0.8721565059144677,0.0030358227079538553
power,KFC_v2,static,0.8723081589323628,0.0030358227079538553
power,KFC_v2,static,0.8724598119502578,0.0030358227079538553
power,KFC_v2,static,0.8726114649681529,0.0030358227079538553
power,KFC_v2,static,0.872763117986048,0.0030358227079538553
power,KFC_v2,static,0.872914771003943,0.0030358227079538553
power,KFC_v2,static,0.8730664240218381,0.0030358227079538553
power,KFC_v2,static,0.8732180770397331,0.0028334345274235984
power,KFC_v2,static,0.8733697300576282,0.0026310463468933415
power,KFC_v2,static,0.8735213830755232,0.0026310463468933415
power,KFC_v2,static,0.8736730360934183,0.0026310463468933415
power,KFC_v2,static,0.8738246891113134,0.0026310463468933415
power,KFC_v2,static,0.8739763421292084,0.0026310463468933415
power,KFC_v2,static,0.8741279951471035,0.0026310463468933415
power,KFC_v2,static,0.8742796481649985,0.0026310463468933415
power,KFC_v2,static,0.8744313011828936,0.0026310463468933415
power,KFC_v2,static,0.8745829542007886,0.0026310463468933415
power,KFC_v2,static,0.8747346072186837,0.0026310463468933415
power,KFC_v2,static,0.8748862602365788,0.0026310463468933415
power,KFC_v2,static,0.8750379132544738,0.0026310463468933415
power,KFC_v2,static,0.8751895662723689,0.0026310463468933415
power,KFC_v2,static,0.8753412192902639,0.0026310463468933415
power,KFC_v2,static,0.875492872308159,0.0026310463468933415
power,KFC_v2,static,0.875644525326054,0.0026310463468933415
power,KFC_v2,static,0.8757961783439491,0.0026310463468933415
power,KFC_v2,static,0.8759478313618442,0.0026310463468933415
power,KFC_v2,static,0.8760994843797392,0.0026310463468933415
power,KFC_v2,static,0.8762511373976343,0.0026310463468933415
power,KFC_v2,static,0.8764027904155293,0.0026310463468933415
power,KFC_v2,static,0.8765544434334244,0.0026310463468933415
power,KFC_v2,static,0.8767060964513194,0.0026310463468933415
power,KFC_v2,static,0.8768577494692145,0.0026310463468933415
power,KFC_v2,static,0.8770094024871096,0.0026310463468933415
power,KFC_v2,static,0.8771610555050046,0.0024286581663630845
power,KFC_v2,static,0.8773127085228997,0.0024286581663630845
power,KFC_v2,static,0.8774643615407947,0.0024286581663630845
power,KFC_v2,static,0.8776160145586898,0.0024286581663630845
power,KFC_v2,static,0.8777676675765848,0.0024286581663630845
power,KFC_v2,static,0.8779193205944799,0.0024286581663630845
power,KFC_v2,static,0.878070973612375,0.0024286581663630845
power,KFC_v2,static,0.87822262663027,0.0024286581663630845
power,KFC_v2,static,0.8783742796481651,0.0024286581663630845
power,KFC_v2,static,0.87852593266606,0.0024286581663630845
power,KFC_v2,static,0.8786775856839552,0.0024286581663630845
power,KFC_v2,static,0.8788292387018501,0.0024286581663630845
power,KFC_v2,static,0.8789808917197452,0.0024286581663630845
power,KFC_v2,static,0.8791325447376404,0.0024286581663630845
power,KFC_v2,static,0.8792841977555353,0.0012143290831815423
power,KFC_v2,static,0.8794358507734304,0.0012143290831815423
power,KFC_v2,static,0.8795875037913254,0.0012143290831815423
power,KFC_v2,static,0.8797391568092205,0.0012143290831815423
power,KFC_v2,static,0.8798908098271155,0.0012143290831815423
power,KFC_v2,static,0.8800424628450106,0.0012143290831815423
power,KFC_v2,static,0.8801941158629057,0.0012143290831815423
power,KFC_v2,static,0.8803457688808007,0.0012143290831815423
power,KFC_v2,static,0.8804974218986958,0.0012143290831815423
power,KFC_v2,static,0.8806490749165908,0.0012143290831815423
power,KFC_v2,static,0.8808007279344859,0.0012143290831815423
power,KFC_v2,static,0.8809523809523809,0.0012143290831815423
power,KFC_v2,static,0.881104033970276,0.0012143290831815423
power,KFC_v2,static,0.8812556869881711,0.0012143290831815423
power,KFC_v2,static,0.8814073400060661,0.0012143290831815423
power,KFC_v2,static,0.8815589930239612,0.0012143290831815423
power,KFC_v2,static,0.8817106460418562,0.0012143290831815423
power,KFC_v2,static,0.8818622990597513,0.0012143290831815423
power,KFC_v2,static,0.8820139520776463,0.0012143290831815423
power,KFC_v2,static,0.8821656050955414,0.0012143290831815423
power,KFC_v2,static,0.8823172581134365,0.0012143290831815423
power,KFC_v2,static,0.8824689111313315,0.0012143290831815423
power,KFC_v2,static,0.8826205641492266,0.0012143290831815423
power,KFC_v2,static,0.8827722171671216,0.0012143290831815423
power,KFC_v2,static,0.8829238701850167,0.0012143290831815423
power,KFC_v2,static,0.8830755232029117,0.0012143290831815423
power,KFC_v2,static,0.8832271762208068,0.0012143290831815423
power,KFC_v2,static,0.8833788292387019,0.0012143290831815423
power,KFC_v2,static,0.8835304822565969,0.0012143290831815423
power,KFC_v2,static,0.883682135274492,0.0012143290831815423
power,KFC_v2,static,0.883833788292387,0.0012143290831815423
power,KFC_v2,static,0.8839854413102821,0.0012143290831815423
power,KFC_v2,static,0.8841370943281771,0.0012143290831815423
power,KFC_v2,static,0.8842887473460722,0.0012143290831815423
power,KFC_v2,static,0.8844404003639673,0.0012143290831815423
power,KFC_v2,static,0.8845920533818623,0.0012143290831815423
power,KFC_v2,static,0.8847437063997574,0.0012143290831815423
power,KFC_v2,static,0.8848953594176524,0.0012143290831815423
power,KFC_v2,static,0.8850470124355475,0.0012143290831815423
power,KFC_v2,static,0.8851986654534425,0.0012143290831815423
power,KFC_v2,static,0.8853503184713376,0.0012143290831815423
power,KFC_v2,static,0.8855019714892327,0.0012143290831815423
power,KFC_v2,static,0.8856536245071277,0.0012143290831815423
power,KFC_v2,static,0.8858052775250228,0.0012143290831815423
power,KFC_v2,static,0.8859569305429178,0.0012143290831815423
power,KFC_v2,static,0.8861085835608129,0.0012143290831815423
power,KFC_v2,static,0.8862602365787079,0.0012143290831815423
power,KFC_v2,static,0.886411889596603,0.0012143290831815423
power,KFC_v2,static,0.8865635426144981,0.0012143290831815423
power,KFC_v2,static,0.8867151956323931,0.0012143290831815423
power,KFC_v2,static,0.8868668486502882,0.0012143290831815423
power,KFC_v2,static,0.8870185016681832,0.0012143290831815423
power,KFC_v2,static,0.8871701546860783,0.0012143290831815423
power,KFC_v2,static,0.8873218077039733,0.0012143290831815423
power,KFC_v2,static,0.8874734607218684,0.0012143290831815423
power,KFC_v2,static,0.8876251137397635,0.0012143290831815423
power,KFC_v2,static,0.8877767667576585,0.0012143290831815423
power,KFC_v2,static,0.8879284197755536,0.0012143290831815423
power,KFC_v2,static,0.8880800727934486,0.0012143290831815423
power,KFC_v2,static,0.8882317258113437,0.0012143290831815423
power,KFC_v2,static,0.8883833788292387,0.0012143290831815423
power,KFC_v2,static,0.8885350318471338,0.0012143290831815423
power,KFC_v2,static,0.8886866848650289,0.0012143290831815423
power,KFC_v2,static,0.8888383378829239,0.0012143290831815423
power,KFC_v2,static,0.888989990900819,0.0012143290831815423
power,KFC_v2,static,0.889141643918714,0.0012143290831815423
power,KFC_v2,static,0.8892932969366091,0.0012143290831815423
power,KFC_v2,static,0.8894449499545041,0.0012143290831815423
power,KFC_v2,static,0.8895966029723992,0.0012143290831815423
power,KFC_v2,static,0.8897482559902943,0.0012143290831815423
power,KFC_v2,static,0.8898999090081893,0.0012143290831815423
power,KFC_v2,static,0.8900515620260844,0.0012143290831815423
power,KFC_v2,static,0.8902032150439794,0.0012143290831815423
power,KFC_v2,static,0.8903548680618745,0.0012143290831815423
power,KFC_v2,static,0.8905065210797695,0.0012143290831815423
power,KFC_v2,static,0.8906581740976646,0.0012143290831815423
power,KFC_v2,static,0.8908098271155597,0.0012143290831815423
power,KFC_v2,static,0.8909614801334547,0.0012143290831815423
power,KFC_v2,static,0.8911131331513498,0.0012143290831815423
power,KFC_v2,static,0.8912647861692448,0.0012143290831815423
power,KFC_v2,static,0.8914164391871399,0.0012143290831815423
power,KFC_v2,static,0.8915680922050349,0.0012143290831815423
power,KFC_v2,static,0.89171974522293,0.0012143290831815423
power,KFC_v2,static,0.8918713982408251,0.0012143290831815423
power,KFC_v2,static,0.8920230512587201,0.0012143290831815423
power,KFC_v2,static,0.8921747042766152,0.0012143290831815423
power,KFC_v2,static,0.8923263572945102,0.0012143290831815423
power,KFC_v2,static,0.8924780103124053,0.0012143290831815423
power,KFC_v2,static,0.8926296633303002,0.0012143290831815423
power,KFC_v2,static,0.8927813163481954,0.0012143290831815423
power,KFC_v2,static,0.8929329693660905,0.0012143290831815423
power,KFC_v2,static,0.8930846223839854,0.0012143290831815423
power,KFC_v2,static,0.8932362754018806,0.0012143290831815423
power,KFC_v2,static,0.8933879284197755,0.0012143290831815423
power,KFC_v2,static,0.8935395814376706,0.0012143290831815423
power,KFC_v2,static,0.8936912344555656,0.0012143290831815423
power,KFC_v2,static,0.8938428874734607,0.0012143290831815423
power,KFC_v2,static,0.8939945404913558,0.0012143290831815423
power,KFC_v2,static,0.8941461935092508,0.0012143290831815423
power,KFC_v2,static,0.894297846527146,0.0012143290831815423
power,KFC_v2,static,0.8944494995450409,0.0012143290831815423
power,KFC_v2,static,0.894601152562936,0.0012143290831815423
power,KFC_v2,static,0.894752805580831,0.0012143290831815423
power,KFC_v2,static,0.8949044585987261,0.0012143290831815423
power,KFC_v2,static,0.8950561116166212,0.0012143290831815423
power,KFC_v2,static,0.8952077646345162,0.0012143290831815423
power,KFC_v2,static,0.8953594176524113,0.0012143290831815423
power,KFC_v2,static,0.8955110706703063,0.0012143290831815423
power,KFC_v2,static,0.8956627236882014,0.0012143290831815423
power,KFC_v2,static,0.8958143767060964,0.0012143290831815423
power,KFC_v2,static,0.8959660297239915,0.0012143290831815423
power,KFC_v2,static,0.8961176827418866,0.0012143290831815423
power,KFC_v2,static,0.8962693357597816,0.0012143290831815423
power,KFC_v2,static,0.8964209887776767,0.0012143290831815423
power,KFC_v2,static,0.8965726417955717,0.0012143290831815423
power,KFC_v2,static,0.8967242948134668,0.0012143290831815423
power,KFC_v2,static,0.8968759478313618,0.0012143290831815423
power,KFC_v2,static,0.8970276008492569,0.0012143290831815423
power,KFC_v2,static,0.897179253867152,0.0012143290831815423
power,KFC_v2,static,0.897330906885047,0.0012143290831815423
power,KFC_v2,static,0.8974825599029421,0.0012143290831815423
power,KFC_v2,static,0.8976342129208371,0.0012143290831815423
power,KFC_v2,static,0.8977858659387322,0.0012143290831815423
power,KFC_v2,static,0.8979375189566272,0.0012143290831815423
power,KFC_v2,static,0.8980891719745223,0.0012143290831815423
power,KFC_v2,static,0.8982408249924174,0.0012143290831815423
power,KFC_v2,static,0.8983924780103124,0.0012143290831815423
power,KFC_v2,static,0.8985441310282075,0.0012143290831815423
power,KFC_v2,static,0.8986957840461025,0.0012143290831815423
power,KFC_v2,static,0.8988474370639976,0.0012143290831815423
power,KFC_v2,static,0.8989990900818926,0.0012143290831815423
power,KFC_v2,static,0.8991507430997877,0.0012143290831815423
power,KFC_v2,static,0.8993023961176828,0.0012143290831815423
power,KFC_v2,static,0.8994540491355778,0.0012143290831815423
power,KFC_v2,static,0.8996057021534729,0.0012143290831815423
power,KFC_v2,static,0.8997573551713679,0.0012143290831815423
power,KFC_v2,static,0.899909008189263,0.0012143290831815423
power,KFC_v2,static,0.900060661207158,0.0012143290831815423
power,KFC_v2,static,0.9002123142250531,0.0012143290831815423
power,KFC_v2,static,0.9003639672429482,0.0012143290831815423
power,KFC_v2,static,0.9005156202608432,0.0012143290831815423
power,KFC_v2,static,0.9006672732787383,0.0012143290831815423
power,KFC_v2,static,0.9008189262966333,0.0012143290831815423
power,KFC_v2,static,0.9009705793145284,0.0012143290831815423
power,KFC_v2,static,0.9011222323324235,0.0012143290831815423
power,KFC_v2,static,0.9012738853503185,0.0012143290831815423
power,KFC_v2,static,0.9014255383682136,0.0012143290831815423
power,KFC_v2,static,0.9015771913861086,0.0012143290831815423
power,KFC_v2,static,0.9017288444040037,0.0012143290831815423
power,KFC_v2,static,0.9018804974218987,0.0012143290831815423
power,KFC_v2,static,0.9020321504397938,0.0012143290831815423
power,KFC_v2,static,0.9021838034576889,0.0012143290831815423
power,KFC_v2,static,0.9023354564755839,0.0012143290831815423
power,KFC_v2,static,0.902487109493479,0.0012143290831815423
power,KFC_v2,static,0.902638762511374,0.0012143290831815423
power,KFC_v2,static,0.9027904155292691,0.0012143290831815423
power,KFC_v2,static,0.9029420685471641,0.0012143290831815423
power,KFC_v2,static,0.9030937215650592,0.0012143290831815423
power,KFC_v2,static,0.9032453745829543,0.0012143290831815423
power,KFC_v2,static,0.9033970276008493,0.0012143290831815423
power,KFC_v2,static,0.9035486806187444,0.0012143290831815423
power,KFC_v2,static,0.9037003336366394,0.0012143290831815423
power,KFC_v2,static,0.9038519866545345,0.0012143290831815423
power,KFC_v2,static,0.9040036396724295,0.0012143290831815423
power,KFC_v2,static,0.9041552926903246,0.0012143290831815423
power,KFC_v2,static,0.9043069457082197,0.0012143290831815423
power,KFC_v2,static,0.9044585987261147,0.0012143290831815423
power,KFC_v2,static,0.9046102517440098,0.0012143290831815423
power,KFC_v2,static,0.9047619047619048,0.0012143290831815423
power,KFC_v2,static,0.9049135577797999,0.0012143290831815423
power,KFC_v2,static,0.9050652107976949,0.0012143290831815423
power,KFC_v2,static,0.90521686381559,0.0012143290831815423
power,KFC_v2,static,0.9053685168334851,0.0012143290831815423
power,KFC_v2,static,0.9055201698513801,0.0012143290831815423
power,KFC_v2,static,0.9056718228692752,0.0012143290831815423
power,KFC_v2,static,0.9058234758871702,0.0012143290831815423
power,KFC_v2,static,0.9059751289050653,0.0012143290831815423
power,KFC_v2,static,0.9061267819229603,0.0012143290831815423
power,KFC_v2,static,0.9062784349408554,0.0012143290831815423
power,KFC_v2,static,0.9064300879587505,0.0012143290831815423
power,KFC_v2,static,0.9065817409766455,0.0012143290831815423
power,KFC_v2,static,0.9067333939945406,0.0012143290831815423
power,KFC_v2,static,0.9068850470124356,0.0012143290831815423
power,KFC_v2,static,0.9070367000303307,0.0012143290831815423
power,KFC_v2,static,0.9071883530482256,0.0012143290831815423
power,KFC_v2,static,0.9073400060661208,0.0012143290831815423
power,KFC_v2,static,0.9074916590840159,0.0012143290831815423
power,KFC_v2,static,0.9076433121019108,0.0012143290831815423
power,KFC_v2,static,0.907794965119806,0.0012143290831815423
power,KFC_v2,static,0.907946618137701,0.0012143290831815423
power,KFC_v2,static,0.908098271155596,0.0012143290831815423
power,KFC_v2,static,0.908249924173491,0.0012143290831815423
power,KFC_v2,static,0.9084015771913861,0.0012143290831815423
power,KFC_v2,static,0.9085532302092812,0.0012143290831815423
power,KFC_v2,static,0.9087048832271762,0.0012143290831815423
power,KFC_v2,static,0.9088565362450713,0.0012143290831815423
power,KFC_v2,static,0.9090081892629663,0.0012143290831815423
power,KFC_v2,static,0.9091598422808614,0.0012143290831815423
power,KFC_v2,static,0.9093114952987564,0.0012143290831815423
power,KFC_v2,static,0.9094631483166515,0.0012143290831815423
power,KFC_v2,static,0.9096148013345466,0.0012143290831815423
power,KFC_v2,static,0.9097664543524416,0.0012143290831815423
power,KFC_v2,static,0.9099181073703367,0.0012143290831815423
power,KFC_v2,static,0.9100697603882317,0.0012143290831815423
power,KFC_v2,static,0.9102214134061268,0.0012143290831815423
power,KFC_v2,static,0.9103730664240218,0.0012143290831815423
power,KFC_v2,static,0.9105247194419169,0.0012143290831815423
power,KFC_v2,static,0.910676372459812,0.0012143290831815423
power,KFC_v2,static,0.910828025477707,0.0012143290831815423
power,KFC_v2,static,0.9109796784956021,0.0012143290831815423
power,KFC_v2,static,0.9111313315134971,0.0012143290831815423
power,KFC_v2,static,0.9112829845313922,0.0012143290831815423
power,KFC_v2,static,0.9114346375492872,0.0012143290831815423
power,KFC_v2,static,0.9115862905671823,0.0012143290831815423
power,KFC_v2,static,0.9117379435850774,0.0012143290831815423
power,KFC_v2,static,0.9118895966029724,0.0012143290831815423
power,KFC_v2,static,0.9120412496208675,0.0012143290831815423
power,KFC_v2,static,0.9121929026387625,0.0012143290831815423
power,KFC_v2,static,0.9123445556566576,0.0012143290831815423
power,KFC_v2,static,0.9124962086745526,0.0012143290831815423
power,KFC_v2,static,0.9126478616924477,0.0012143290831815423
power,KFC_v2,static,0.9127995147103428,0.0012143290831815423
power,KFC_v2,static,0.9129511677282378,0.0012143290831815423
power,KFC_v2,static,0.9131028207461329,0.0012143290831815423
power,KFC_v2,static,0.9132544737640279,0.0012143290831815423
power,KFC_v2,static,0.913406126781923,0.0012143290831815423
power,KFC_v2,static,0.913557779799818,0.0012143290831815423
power,KFC_v2,static,0.9137094328177131,0.0012143290831815423
power,KFC_v2,static,0.9138610858356082,0.0012143290831815423
power,KFC_v2,static,0.9140127388535032,0.0012143290831815423
power,KFC_v2,static,0.9141643918713983,0.0012143290831815423
power,KFC_v2,static,0.9143160448892933,0.0012143290831815423
power,KFC_v2,static,0.9144676979071884,0.0012143290831815423
power,KFC_v2,static,0.9146193509250834,0.0012143290831815423
power,KFC_v2,static,0.9147710039429785,0.0012143290831815423
power,KFC_v2,static,0.9149226569608736,0.0012143290831815423
power,KFC_v2,static,0.9150743099787686,0.0012143290831815423
power,KFC_v2,static,0.9152259629966637,0.0012143290831815423
power,KFC_v2,static,0.9153776160145587,0.0012143290831815423
power,KFC_v2,static,0.9155292690324538,0.0012143290831815423
power,KFC_v2,static,0.9156809220503488,0.0012143290831815423
power,KFC_v2,static,0.9158325750682439,0.0012143290831815423
power,KFC_v2,static,0.915984228086139,0.0012143290831815423
power,KFC_v2,static,0.916135881104034,0.0012143290831815423
power,KFC_v2,static,0.9162875341219291,0.0012143290831815423
power,KFC_v2,static,0.9164391871398241,0.0012143290831815423
power,KFC_v2,static,0.9165908401577192,0.0012143290831815423
power,KFC_v2,static,0.9167424931756142,0.0012143290831815423
power,KFC_v2,static,0.9168941461935093,0.0012143290831815423
power,KFC_v2,static,0.9170457992114044,0.0012143290831815423
power,KFC_v2,static,0.9171974522292994,0.0012143290831815423
power,KFC_v2,static,0.9173491052471945,0.0012143290831815423
power,KFC_v2,static,0.9175007582650895,0.0012143290831815423
power,KFC_v2,static,0.9176524112829846,0.0012143290831815423
power,KFC_v2,static,0.9178040643008796,0.0012143290831815423
power,KFC_v2,static,0.9179557173187747,0.0012143290831815423
power,KFC_v2,static,0.9181073703366698,0.0012143290831815423
power,KFC_v2,static,0.9182590233545648,0.0012143290831815423
power,KFC_v2,static,0.9184106763724599,0.0012143290831815423
power,KFC_v2,static,0.9185623293903549,0.0012143290831815423
power,KFC_v2,static,0.91871398240825,0.0012143290831815423
power,KFC_v2,static,0.918865635426145,0.0012143290831815423
power,KFC_v2,static,0.9190172884440401,0.0012143290831815423
power,KFC_v2,static,0.9191689414619352,0.0012143290831815423
power,KFC_v2,static,0.9193205944798302,0.0012143290831815423
power,KFC_v2,static,0.9194722474977253,0.0012143290831815423
power,KFC_v2,static,0.9196239005156203,0.0012143290831815423
power,KFC_v2,static,0.9197755535335154,0.0012143290831815423
power,KFC_v2,static,0.9199272065514104,0.0012143290831815423
power,KFC_v2,static,0.9200788595693055,0.0012143290831815423
power,KFC_v2,static,0.9202305125872006,0.0012143290831815423
power,KFC_v2,static,0.9203821656050956,0.0012143290831815423
power,KFC_v2,static,0.9205338186229907,0.0012143290831815423
power,KFC_v2,static,0.9206854716408857,0.0012143290831815423
power,KFC_v2,static,0.9208371246587808,0.0012143290831815423
power,KFC_v2,static,0.9209887776766758,0.0012143290831815423
power,KFC_v2,static,0.9211404306945709,0.0012143290831815423
power,KFC_v2,static,0.921292083712466,0.0012143290831815423
power,KFC_v2,static,0.921443736730361,0.0012143290831815423
power,KFC_v2,static,0.921595389748256,0.0012143290831815423
power,KFC_v2,static,0.921747042766151,0.0012143290831815423
power,KFC_v2,static,0.9218986957840462,0.0012143290831815423
power,KFC_v2,static,0.9220503488019411,0.0012143290831815423
power,KFC_v2,static,0.9222020018198362,0.0012143290831815423
power,KFC_v2,static,0.9223536548377314,0.0012143290831815423
power,KFC_v2,static,0.9225053078556263,0.0012143290831815423
power,KFC_v2,static,0.9226569608735214,0.0012143290831815423
power,KFC_v2,static,0.9228086138914164,0.0012143290831815423
power,KFC_v2,static,0.9229602669093115,0.0012143290831815423
power,KFC_v2,static,0.9231119199272065,0.0012143290831815423
power,KFC_v2,static,0.9232635729451016,0.0012143290831815423
power,KFC_v2,static,0.9234152259629967,0.0012143290831815423
power,KFC_v2,static,0.9235668789808917,0.0012143290831815423
power,KFC_v2,static,0.9237185319987868,0.0012143290831815423
power,KFC_v2,static,0.9238701850166818,0.0012143290831815423
power,KFC_v2,static,0.9240218380345769,0.0012143290831815423
power,KFC_v2,static,0.9241734910524719,0.0012143290831815423
power,KFC_v2,static,0.924325144070367,0.0012143290831815423
power,KFC_v2,static,0.9244767970882621,0.0012143290831815423
power,KFC_v2,static,0.9246284501061571,0.0012143290831815423
power,KFC_v2,static,0.9247801031240522,0.0012143290831815423
power,KFC_v2,static,0.9249317561419472,0.0012143290831815423
power,KFC_v2,static,0.9250834091598423,0.0012143290831815423
power,KFC_v2,static,0.9252350621777373,0.0012143290831815423
power,KFC_v2,static,0.9253867151956324,0.0012143290831815423
power,KFC_v2,static,0.9255383682135275,0.0012143290831815423
power,KFC_v2,static,0.9256900212314225,0.0012143290831815423
power,KFC_v2,static,0.9258416742493176,0.0012143290831815423
power,KFC_v2,static,0.9259933272672126,0.0012143290831815423
power,KFC_v2,static,0.9261449802851077,0.0012143290831815423
power,KFC_v2,static,0.9262966333030027,0.0012143290831815423
power,KFC_v2,static,0.9264482863208978,0.0012143290831815423
power,KFC_v2,static,0.9265999393387929,0.0012143290831815423
power,KFC_v2,static,0.9267515923566879,0.0012143290831815423
power,KFC_v2,static,0.926903245374583,0.0012143290831815423
power,KFC_v2,static,0.927054898392478,0.0012143290831815423
power,KFC_v2,static,0.9272065514103731,0.0012143290831815423
power,KFC_v2,static,0.9273582044282681,0.0012143290831815423
power,KFC_v2,static,0.9275098574461632,0.0012143290831815423
power,KFC_v2,static,0.9276615104640583,0.0012143290831815423
power,KFC_v2,static,0.9278131634819533,0.0012143290831815423
power,KFC_v2,static,0.9279648164998484,0.0012143290831815423
power,KFC_v2,static,0.9281164695177434,0.0012143290831815423
power,KFC_v2,static,0.9282681225356385,0.0012143290831815423
power,KFC_v2,static,0.9284197755535335,0.0012143290831815423
power,KFC_v2,static,0.9285714285714286,0.0012143290831815423
power,KFC_v2,static,0.9287230815893237,0.0012143290831815423
power,KFC_v2,static,0.9288747346072187,0.0012143290831815423
power,KFC_v2,static,0.9290263876251138,0.0012143290831815423
power,KFC_v2,static,0.9291780406430088,0.0012143290831815423
power,KFC_v2,static,0.9293296936609039,0.0012143290831815423
power,KFC_v2,static,0.9294813466787989,0.0012143290831815423
power,KFC_v2,static,0.929632999696694,0.0012143290831815423
power,KFC_v2,static,0.9297846527145891,0.0012143290831815423
power,KFC_v2,static,0.9299363057324841,0.0012143290831815423
power,KFC_v2,static,0.9300879587503792,0.0012143290831815423
power,KFC_v2,static,0.9302396117682742,0.0012143290831815423
power,KFC_v2,static,0.9303912647861693,0.0012143290831815423
power,KFC_v2,static,0.9305429178040643,0.0012143290831815423
power,KFC_v2,static,0.9306945708219594,0.0012143290831815423
power,KFC_v2,static,0.9308462238398545,0.0012143290831815423
power,KFC_v2,static,0.9309978768577495,0.0012143290831815423
power,KFC_v2,static,0.9311495298756446,0.0012143290831815423
power,KFC_v2,static,0.9313011828935396,0.0012143290831815423
power,KFC_v2,static,0.9314528359114347,0.0012143290831815423
power,KFC_v2,static,0.9316044889293297,0.0012143290831815423
power,KFC_v2,static,0.9317561419472248,0.0012143290831815423
power,KFC_v2,static,0.9319077949651199,0.0012143290831815423
power,KFC_v2,static,0.9320594479830149,0.0012143290831815423
power,KFC_v2,static,0.93221110100091,0.0012143290831815423
power,KFC_v2,static,0.932362754018805,0.0012143290831815423
power,KFC_v2,static,0.9325144070367001,0.0012143290831815423
power,KFC_v2,static,0.9326660600545951,0.0012143290831815423
power,KFC_v2,static,0.9328177130724902,0.0012143290831815423
power,KFC_v2,static,0.9329693660903853,0.0012143290831815423
power,KFC_v2,static,0.9331210191082803,0.0012143290831815423
power,KFC_v2,static,0.9332726721261754,0.0012143290831815423
power,KFC_v2,static,0.9334243251440704,0.0012143290831815423
power,KFC_v2,static,0.9335759781619655,0.0012143290831815423
power,KFC_v2,static,0.9337276311798605,0.0012143290831815423
power,KFC_v2,static,0.9338792841977556,0.0012143290831815423
power,KFC_v2,static,0.9340309372156507,0.0012143290831815423
power,KFC_v2,static,0.9341825902335457,0.0012143290831815423
power,KFC_v2,static,0.9343342432514408,0.0012143290831815423
power,KFC_v2,static,0.9344858962693358,0.0012143290831815423
power,KFC_v2,static,0.9346375492872309,0.0012143290831815423
power,KFC_v2,static,0.9347892023051259,0.0012143290831815423
power,KFC_v2,static,0.934940855323021,0.0012143290831815423
power,KFC_v2,static,0.9350925083409161,0.0012143290831815423
power,KFC_v2,static,0.935244161358811,0.0012143290831815423
power,KFC_v2,static,0.9353958143767062,0.0012143290831815423
power,KFC_v2,static,0.9355474673946012,0.0012143290831815423
power,KFC_v2,static,0.9356991204124963,0.0012143290831815423
power,KFC_v2,static,0.9358507734303912,0.0012143290831815423
power,KFC_v2,static,0.9360024264482864,0.0012143290831815423
power,KFC_v2,static,0.9361540794661815,0.0012143290831815423
power,KFC_v2,static,0.9363057324840764,0.0012143290831815423
power,KFC_v2,static,0.9364573855019716,0.0012143290831815423
power,KFC_v2,static,0.9366090385198665,0.0012143290831815423
power,KFC_v2,static,0.9367606915377616,0.0012143290831815423
power,KFC_v2,static,0.9369123445556566,0.0012143290831815423
power,KFC_v2,static,0.9370639975735517,0.0012143290831815423
power,KFC_v2,static,0.9372156505914468,0.0012143290831815423
power,KFC_v2,static,0.9373673036093418,0.0012143290831815423
power,KFC_v2,static,0.9375189566272369,0.0012143290831815423
power,KFC_v2,static,0.9376706096451319,0.0012143290831815423
power,KFC_v2,static,0.937822262663027,0.0012143290831815423
power,KFC_v2,static,0.937973915680922,0.0012143290831815423
power,KFC_v2,static,0.9381255686988171,0.0012143290831815423
power,KFC_v2,static,0.9382772217167122,0.0012143290831815423
power,KFC_v2,static,0.9384288747346072,0.0012143290831815423
power,KFC_v2,static,0.9385805277525023,0.0012143290831815423
power,KFC_v2,static,0.9387321807703973,0.0012143290831815423
power,KFC_v2,static,0.9388838337882924,0.0012143290831815423
power,KFC_v2,static,0.9390354868061874,0.0012143290831815423
power,KFC_v2,static,0.9391871398240825,0.0012143290831815423
power,KFC_v2,static,0.9393387928419776,0.0012143290831815423
power,KFC_v2,static,0.9394904458598726,0.0012143290831815423
power,KFC_v2,static,0.9396420988777677,0.0012143290831815423
power,KFC_v2,static,0.9397937518956627,0.0012143290831815423
power,KFC_v2,static,0.9399454049135578,0.0010119409026512851
power,KFC_v2,static,0.9400970579314528,0.0010119409026512851
power,KFC_v2,static,0.9402487109493479,0.0010119409026512851
power,KFC_v2,static,0.940400363967243,0.0010119409026512851
power,KFC_v2,static,0.940552016985138,0.0010119409026512851
power,KFC_v2,static,0.9407036700030331,0.0010119409026512851
power,KFC_v2,static,0.9408553230209281,0.0010119409026512851
power,KFC_v2,static,0.9410069760388232,0.0010119409026512851
power,KFC_v2,static,0.9411586290567182,0.0010119409026512851
power,KFC_v2,static,0.9413102820746133,0.0010119409026512851
power,KFC_v2,static,0.9414619350925084,0.0010119409026512851
power,KFC_v2,static,0.9416135881104034,0.0010119409026512851
power,KFC_v2,static,0.9417652411282985,0.0010119409026512851
power,KFC_v2,static,0.9419168941461935,0.0010119409026512851
power,KFC_v2,static,0.9420685471640886,0.0010119409026512851
power,KFC_v2,static,0.9422202001819836,0.0010119409026512851
power,KFC_v2,static,0.9423718531998787,0.0010119409026512851
power,KFC_v2,static,0.9425235062177738,0.0010119409026512851
power,KFC_v2,static,0.9426751592356688,0.0010119409026512851
power,KFC_v2,static,0.9428268122535639,0.0010119409026512851
power,KFC_v2,static,0.9429784652714589,0.0010119409026512851
power,KFC_v2,static,0.943130118289354,0.0010119409026512851
power,KFC_v2,static,0.943281771307249,0.0010119409026512851
power,KFC_v2,static,0.9434334243251441,0.0010119409026512851
power,KFC_v2,static,0.9435850773430392,0.0010119409026512851
power,KFC_v2,static,0.9437367303609342,0.0010119409026512851
power,KFC_v2,static,0.9438883833788293,0.0010119409026512851
power,KFC_v2,static,0.9440400363967243,0.0010119409026512851
power,KFC_v2,static,0.9441916894146194,0.0010119409026512851
power,KFC_v2,static,0.9443433424325144,0.0010119409026512851
power,KFC_v2,static,0.9444949954504095,0.0010119409026512851
power,KFC_v2,static,0.9446466484683046,0.0010119409026512851
power,KFC_v2,static,0.9447983014861996,0.0010119409026512851
power,KFC_v2,static,0.9449499545040947,0.0010119409026512851
power,KFC_v2,static,0.9451016075219897,0.0010119409026512851
power,KFC_v2,static,0.9452532605398848,0.0010119409026512851
power,KFC_v2,static,0.9454049135577798,0.0010119409026512851
power,KFC_v2,static,0.9455565665756749,0.0010119409026512851
power,KFC_v2,static,0.94570821959357,0.0010119409026512851
power,KFC_v2,static,0.945859872611465,0.0010119409026512851
power,KFC_v2,static,0.9460115256293601,0.0010119409026512851
power,KFC_v2,static,0.9461631786472551,0.0010119409026512851
power,KFC_v2,static,0.9463148316651502,0.0010119409026512851
power,KFC_v2,static,0.9464664846830452,0.0010119409026512851
power,KFC_v2,static,0.9466181377009403,0.0010119409026512851
power,KFC_v2,static,0.9467697907188354,0.0010119409026512851
power,KFC_v2,static,0.9469214437367304,0.0010119409026512851
power,KFC_v2,static,0.9470730967546255,0.0010119409026512851
power,KFC_v2,static,0.9472247497725205,0.0010119409026512851
power,KFC_v2,static,0.9473764027904156,0.0010119409026512851
power,KFC_v2,static,0.9475280558083106,0.0010119409026512851
power,KFC_v2,static,0.9476797088262057,0.0010119409026512851
power,KFC_v2,static,0.9478313618441008,0.0010119409026512851
power,KFC_v2,static,0.9479830148619958,0.0010119409026512851
power,KFC_v2,static,0.9481346678798909,0.0010119409026512851
power,KFC_v2,static,0.9482863208977859,0.0010119409026512851
power,KFC_v2,static,0.948437973915681,0.0010119409026512851
power,KFC_v2,static,0.948589626933576,0.0010119409026512851
power,KFC_v2,static,0.9487412799514711,0.0010119409026512851
power,KFC_v2,static,0.9488929329693662,0.0010119409026512851
power,KFC_v2,static,0.9490445859872612,0.0010119409026512851
power,KFC_v2,static,0.9491962390051563,0.0010119409026512851
power,KFC_v2,static,0.9493478920230513,0.0010119409026512851
power,KFC_v2,static,0.9494995450409464,0.0010119409026512851
power,KFC_v2,static,0.9496511980588414,0.0010119409026512851
power,KFC_v2,static,0.9498028510767365,0.0010119409026512851
power,KFC_v2,static,0.9499545040946316,0.0010119409026512851
power,KFC_v2,static,0.9501061571125266,0.0010119409026512851
power,KFC_v2,static,0.9502578101304217,0.0010119409026512851
power,KFC_v2,static,0.9504094631483166,0.0010119409026512851
power,KFC_v2,static,0.9505611161662118,0.0010119409026512851
power,KFC_v2,static,0.9507127691841067,0.0010119409026512851
power,KFC_v2,static,0.9508644222020018,0.0010119409026512851
power,KFC_v2,static,0.951016075219897,0.0010119409026512851
power,KFC_v2,static,0.9511677282377919,0.0010119409026512851
power,KFC_v2,static,0.951319381255687,0.0010119409026512851
power,KFC_v2,static,0.951471034273582,0.0010119409026512851
power,KFC_v2,static,0.9516226872914771,0.0010119409026512851
power,KFC_v2,static,0.9517743403093721,0.0010119409026512851
power,KFC_v2,static,0.9519259933272672,0.0010119409026512851
power,KFC_v2,static,0.9520776463451623,0.0010119409026512851
power,KFC_v2,static,0.9522292993630573,0.0010119409026512851
power,KFC_v2,static,0.9523809523809524,0.0010119409026512851
power,KFC_v2,static,0.9525326053988474,0.0010119409026512851
power,KFC_v2,static,0.9526842584167425,0.0010119409026512851
power,KFC_v2,static,0.9528359114346375,0.0010119409026512851
power,KFC_v2,static,0.9529875644525326,0.0010119409026512851
power,KFC_v2,static,0.9531392174704277,0.0010119409026512851
power,KFC_v2,static,0.9532908704883227,0.0010119409026512851
power,KFC_v2,static,0.9534425235062178,0.0010119409026512851
power,KFC_v2,static,0.9535941765241128,0.0010119409026512851
power,KFC_v2,static,0.9537458295420079,0.0010119409026512851
power,KFC_v2,static,0.9538974825599029,0.0010119409026512851
power,KFC_v2,static,0.954049135577798,0.0010119409026512851
power,KFC_v2,static,0.9542007885956931,0.0010119409026512851
power,KFC_v2,static,0.9543524416135881,0.0010119409026512851
power,KFC_v2,static,0.9545040946314832,0.0010119409026512851
power,KFC_v2,static,0.9546557476493782,0.0010119409026512851
power,KFC_v2,static,0.9548074006672733,0.0010119409026512851
power,KFC_v2,static,0.9549590536851683,0.0010119409026512851
power,KFC_v2,static,0.9551107067030634,0.0010119409026512851
power,KFC_v2,static,0.9552623597209585,0.0010119409026512851
power,KFC_v2,static,0.9554140127388535,0.0010119409026512851
power,KFC_v2,static,0.9555656657567486,0.0010119409026512851
power,KFC_v2,static,0.9557173187746436,0.0010119409026512851
power,KFC_v2,static,0.9558689717925387,0.0010119409026512851
power,KFC_v2,static,0.9560206248104337,0.0010119409026512851
power,KFC_v2,static,0.9561722778283288,0.0010119409026512851
power,KFC_v2,static,0.9563239308462239,0.0010119409026512851
power,KFC_v2,static,0.9564755838641189,0.0010119409026512851
power,KFC_v2,static,0.956627236882014,0.0010119409026512851
power,KFC_v2,static,0.956778889899909,0.0010119409026512851
power,KFC_v2,static,0.9569305429178041,0.0010119409026512851
power,KFC_v2,static,0.9570821959356991,0.0010119409026512851
power,KFC_v2,static,0.9572338489535942,0.0010119409026512851
power,KFC_v2,static,0.9573855019714893,0.0010119409026512851
power,KFC_v2,static,0.9575371549893843,0.0010119409026512851
power,KFC_v2,static,0.9576888080072794,0.0010119409026512851
power,KFC_v2,static,0.9578404610251744,0.0010119409026512851
power,KFC_v2,static,0.9579921140430695,0.0010119409026512851
power,KFC_v2,static,0.9581437670609645,0.0010119409026512851
power,KFC_v2,static,0.9582954200788596,0.0010119409026512851
power,KFC_v2,static,0.9584470730967547,0.0010119409026512851
power,KFC_v2,static,0.9585987261146497,0.0010119409026512851
power,KFC_v2,static,0.9587503791325448,0.0010119409026512851
power,KFC_v2,static,0.9589020321504398,0.0010119409026512851
power,KFC_v2,static,0.9590536851683349,0.0010119409026512851
power,KFC_v2,static,0.9592053381862299,0.0010119409026512851
power,KFC_v2,static,0.959356991204125,0.0010119409026512851
power,KFC_v2,static,0.9595086442220201,0.0010119409026512851
power,KFC_v2,static,0.9596602972399151,0.0010119409026512851
power,KFC_v2,static,0.9598119502578102,0.0010119409026512851
power,KFC_v2,static,0.9599636032757052,0.0010119409026512851
power,KFC_v2,static,0.9601152562936003,0.0010119409026512851
power,KFC_v2,static,0.9602669093114953,0.0010119409026512851
power,KFC_v2,static,0.9604185623293904,0.0010119409026512851
power,KFC_v2,static,0.9605702153472855,0.0010119409026512851
power,KFC_v2,static,0.9607218683651805,0.0010119409026512851
power,KFC_v2,static,0.9608735213830756,0.0010119409026512851
power,KFC_v2,static,0.9610251744009706,0.0010119409026512851
power,KFC_v2,static,0.9611768274188657,0.0010119409026512851
power,KFC_v2,static,0.9613284804367607,0.0010119409026512851
power,KFC_v2,static,0.9614801334546558,0.0010119409026512851
power,KFC_v2,static,0.9616317864725509,0.0010119409026512851
power,KFC_v2,static,0.9617834394904459,0.0010119409026512851
power,KFC_v2,static,0.961935092508341,0.0010119409026512851
power,KFC_v2,static,0.962086745526236,0.0010119409026512851
power,KFC_v2,static,0.9622383985441311,0.0010119409026512851
power,KFC_v2,static,0.9623900515620261,0.0010119409026512851
power,KFC_v2,static,0.9625417045799212,0.0010119409026512851
power,KFC_v2,static,0.9626933575978163,0.0010119409026512851
power,KFC_v2,static,0.9628450106157113,0.0010119409026512851
power,KFC_v2,static,0.9629966636336064,0.0010119409026512851
power,KFC_v2,static,0.9631483166515014,0.0010119409026512851
power,KFC_v2,static,0.9632999696693965,0.0010119409026512851
power,KFC_v2,static,0.9634516226872916,0.0010119409026512851
power,KFC_v2,static,0.9636032757051866,0.0010119409026512851
power,KFC_v2,static,0.9637549287230817,0.0010119409026512851
power,KFC_v2,static,0.9639065817409767,0.0010119409026512851
power,KFC_v2,static,0.9640582347588718,0.0010119409026512851
power,KFC_v2,static,0.9642098877767667,0.0010119409026512851
power,KFC_v2,static,0.9643615407946619,0.0010119409026512851
power,KFC_v2,static,0.964513193812557,0.0010119409026512851
power,KFC_v2,static,0.964664846830452,0.0010119409026512851
power,KFC_v2,static,0.964816499848347,0.0010119409026512851
power,KFC_v2,static,0.964968152866242,0.0010119409026512851
power,KFC_v2,static,0.9651198058841371,0.0010119409026512851
power,KFC_v2,static,0.9652714589020321,0.0010119409026512851
power,KFC_v2,static,0.9654231119199272,0.0010119409026512851
power,KFC_v2,static,0.9655747649378223,0.0010119409026512851
power,KFC_v2,static,0.9657264179557173,0.0010119409026512851
power,KFC_v2,static,0.9658780709736124,0.0010119409026512851
power,KFC_v2,static,0.9660297239915074,0.0010119409026512851
power,KFC_v2,static,0.9661813770094025,0.0010119409026512851
power,KFC_v2,static,0.9663330300272975,0.0010119409026512851
power,KFC_v2,static,0.9664846830451926,0.0010119409026512851
power,KFC_v2,static,0.9666363360630877,0.0010119409026512851
power,KFC_v2,static,0.9667879890809827,0.0010119409026512851
power,KFC_v2,static,0.9669396420988778,0.0010119409026512851
power,KFC_v2,static,0.9670912951167728,0.0010119409026512851
power,KFC_v2,static,0.9672429481346679,0.0010119409026512851
power,KFC_v2,static,0.9673946011525629,0.0010119409026512851
power,KFC_v2,static,0.967546254170458,0.0006071645415907711
power,KFC_v2,static,0.9676979071883531,0.0006071645415907711
power,KFC_v2,static,0.9678495602062481,0.0006071645415907711
power,KFC_v2,static,0.9680012132241432,0.0006071645415907711
power,KFC_v2,static,0.9681528662420382,0.0006071645415907711
power,KFC_v2,static,0.9683045192599333,0.0006071645415907711
power,KFC_v2,static,0.9684561722778283,0.0006071645415907711
power,KFC_v2,static,0.9686078252957234,0.0006071645415907711
power,KFC_v2,static,0.9687594783136185,0.0006071645415907711
power,KFC_v2,static,0.9689111313315135,0.0006071645415907711
power,KFC_v2,static,0.9690627843494086,0.0006071645415907711
power,KFC_v2,static,0.9692144373673036,0.0006071645415907711
power,KFC_v2,static,0.9693660903851987,0.0006071645415907711
power,KFC_v2,static,0.9695177434030937,0.0006071645415907711
power,KFC_v2,static,0.9696693964209888,0.0006071645415907711
power,KFC_v2,static,0.9698210494388839,0.0006071645415907711
power,KFC_v2,static,0.9699727024567789,0.0006071645415907711
power,KFC_v2,static,0.970124355474674,0.0006071645415907711
power,KFC_v2,static,0.970276008492569,0.0006071645415907711
power,KFC_v2,static,0.9704276615104641,0.0006071645415907711
power,KFC_v2,static,0.9705793145283591,0.0006071645415907711
power,KFC_v2,static,0.9707309675462542,0.0006071645415907711
power,KFC_v2,static,0.9708826205641493,0.0006071645415907711
power,KFC_v2,static,0.9710342735820443,0.0006071645415907711
power,KFC_v2,static,0.9711859265999394,0.0006071645415907711
power,KFC_v2,static,0.9713375796178344,0.0006071645415907711
power,KFC_v2,static,0.9714892326357295,0.0006071645415907711
power,KFC_v2,static,0.9716408856536245,0.0006071645415907711
power,KFC_v2,static,0.9717925386715196,0.0006071645415907711
power,KFC_v2,static,0.9719441916894147,0.0006071645415907711
power,KFC_v2,static,0.9720958447073097,0.0006071645415907711
power,KFC_v2,static,0.9722474977252048,0.0006071645415907711
power,KFC_v2,static,0.9723991507430998,0.0006071645415907711
power,KFC_v2,static,0.9725508037609949,0.0006071645415907711
power,KFC_v2,static,0.9727024567788899,0.0006071645415907711
power,KFC_v2,static,0.972854109796785,0.0006071645415907711
power,KFC_v2,static,0.9730057628146801,0.0006071645415907711
power,KFC_v2,static,0.9731574158325751,0.0006071645415907711
power,KFC_v2,static,0.9733090688504702,0.0006071645415907711
power,KFC_v2,static,0.9734607218683652,0.0006071645415907711
power,KFC_v2,static,0.9736123748862603,0.0006071645415907711
power,KFC_v2,static,0.9737640279041553,0.0006071645415907711
power,KFC_v2,static,0.9739156809220504,0.0006071645415907711
power,KFC_v2,static,0.9740673339399455,0.0006071645415907711
power,KFC_v2,static,0.9742189869578405,0.0006071645415907711
power,KFC_v2,static,0.9743706399757356,0.0006071645415907711
power,KFC_v2,static,0.9745222929936306,0.0006071645415907711
power,KFC_v2,static,0.9746739460115257,0.0006071645415907711
power,KFC_v2,static,0.9748255990294207,0.0006071645415907711
power,KFC_v2,static,0.9749772520473158,0.0006071645415907711
power,KFC_v2,static,0.9751289050652109,0.0006071645415907711
power,KFC_v2,static,0.9752805580831059,0.0006071645415907711
power,KFC_v2,static,0.975432211101001,0.0006071645415907711
power,KFC_v2,static,0.975583864118896,0.0006071645415907711
power,KFC_v2,static,0.9757355171367911,0.0006071645415907711
power,KFC_v2,static,0.9758871701546861,0.0006071645415907711
power,KFC_v2,static,0.9760388231725812,0.0006071645415907711
power,KFC_v2,static,0.9761904761904763,0.0006071645415907711
power,KFC_v2,static,0.9763421292083713,0.0006071645415907711
power,KFC_v2,static,0.9764937822262664,0.0006071645415907711
power,KFC_v2,static,0.9766454352441614,0.0006071645415907711
power,KFC_v2,static,0.9767970882620565,0.0006071645415907711
power,KFC_v2,static,0.9769487412799515,0.0006071645415907711
power,KFC_v2,static,0.9771003942978466,0.0006071645415907711
power,KFC_v2,static,0.9772520473157417,0.0006071645415907711
power,KFC_v2,static,0.9774037003336367,0.0006071645415907711
power,KFC_v2,static,0.9775553533515318,0.0006071645415907711
power,KFC_v2,static,0.9777070063694268,0.0006071645415907711
power,KFC_v2,static,0.9778586593873219,0.0006071645415907711
power,KFC_v2,static,0.9780103124052169,0.0006071645415907711
power,KFC_v2,static,0.978161965423112,0.0006071645415907711
power,KFC_v2,static,0.9783136184410071,0.0006071645415907711
power,KFC_v2,static,0.978465271458902,0.0006071645415907711
power,KFC_v2,static,0.9786169244767972,0.0006071645415907711
power,KFC_v2,static,0.9787685774946921,0.0006071645415907711
power,KFC_v2,static,0.9789202305125873,0.0006071645415907711
power,KFC_v2,static,0.9790718835304822,0.0006071645415907711
power,KFC_v2,static,0.9792235365483773,0.0006071645415907711
power,KFC_v2,static,0.9793751895662725,0.0006071645415907711
power,KFC_v2,static,0.9795268425841674,0.0006071645415907711
power,KFC_v2,static,0.9796784956020625,0.0006071645415907711
power,KFC_v2,static,0.9798301486199575,0.0006071645415907711
power,KFC_v2,static,0.9799818016378526,0.0006071645415907711
power,KFC_v2,static,0.9801334546557476,0.0006071645415907711
power,KFC_v2,static,0.9802851076736427,0.0006071645415907711
power,KFC_v2,static,0.9804367606915378,0.0006071645415907711
power,KFC_v2,static,0.9805884137094328,0.0006071645415907711
power,KFC_v2,static,0.9807400667273279,0.0006071645415907711
power,KFC_v2,static,0.9808917197452229,0.0006071645415907711
power,KFC_v2,static,0.981043372763118,0.0006071645415907711
power,KFC_v2,static,0.981195025781013,0.0006071645415907711
power,KFC_v2,static,0.9813466787989081,0.0006071645415907711
power,KFC_v2,static,0.9814983318168032,0.0006071645415907711
power,KFC_v2,static,0.9816499848346982,0.0006071645415907711
power,KFC_v2,static,0.9818016378525933,0.0006071645415907711
power,KFC_v2,static,0.9819532908704883,0.0006071645415907711
power,KFC_v2,static,0.9821049438883834,0.0006071645415907711
power,KFC_v2,static,0.9822565969062784,0.0006071645415907711
power,KFC_v2,static,0.9824082499241735,0.0006071645415907711
power,KFC_v2,static,0.9825599029420686,0.0006071645415907711
power,KFC_v2,static,0.9827115559599636,0.0006071645415907711
power,KFC_v2,static,0.9828632089778587,0.0006071645415907711
power,KFC_v2,static,0.9830148619957537,0.0006071645415907711
power,KFC_v2,static,0.9831665150136488,0.0006071645415907711
power,KFC_v2,static,0.9833181680315438,0.0006071645415907711
power,KFC_v2,static,0.9834698210494389,0.0006071645415907711
power,KFC_v2,static,0.983621474067334,0.0006071645415907711
power,KFC_v2,static,0.983773127085229,0.0006071645415907711
power,KFC_v2,static,0.9839247801031241,0.0006071645415907711
power,KFC_v2,static,0.9840764331210191,0.0006071645415907711
power,KFC_v2,static,0.9842280861389142,0.0006071645415907711
power,KFC_v2,static,0.9843797391568092,0.0006071645415907711
power,KFC_v2,static,0.9845313921747043,0.0006071645415907711
power,KFC_v2,static,0.9846830451925994,0.0006071645415907711
power,KFC_v2,static,0.9848346982104944,0.0006071645415907711
power,KFC_v2,static,0.9849863512283895,0.0006071645415907711
power,KFC_v2,static,0.9851380042462845,0.0006071645415907711
power,KFC_v2,static,0.9852896572641796,0.0006071645415907711
power,KFC_v2,static,0.9854413102820746,0.0006071645415907711
power,KFC_v2,static,0.9855929632999697,0.0006071645415907711
power,KFC_v2,static,0.9857446163178648,0.0006071645415907711
power,KFC_v2,static,0.9858962693357598,0.0006071645415907711
power,KFC_v2,static,0.9860479223536549,0.0006071645415907711
power,KFC_v2,static,0.9861995753715499,0.0006071645415907711
power,KFC_v2,static,0.986351228389445,0.0006071645415907711
power,KFC_v2,static,0.98650288140734,0.0006071645415907711
power,KFC_v2,static,0.9866545344252351,0.0006071645415907711
power,KFC_v2,static,0.9868061874431302,0.0006071645415907711
power,KFC_v2,static,0.9869578404610252,0.0006071645415907711
power,KFC_v2,static,0.9871094934789203,0.0006071645415907711
power,KFC_v2,static,0.9872611464968153,0.0006071645415907711
power,KFC_v2,static,0.9874127995147104,0.0006071645415907711
power,KFC_v2,static,0.9875644525326054,0.0006071645415907711
power,KFC_v2,static,0.9877161055505005,0.0006071645415907711
power,KFC_v2,static,0.9878677585683956,0.0006071645415907711
power,KFC_v2,static,0.9880194115862906,0.0006071645415907711
power,KFC_v2,static,0.9881710646041857,0.0006071645415907711
power,KFC_v2,static,0.9883227176220807,0.0006071645415907711
power,KFC_v2,static,0.9884743706399758,0.0006071645415907711
power,KFC_v2,static,0.9886260236578708,0.0006071645415907711
power,KFC_v2,static,0.9887776766757659,0.0006071645415907711
power,KFC_v2,static,0.988929329693661,0.0006071645415907711
power,KFC_v2,static,0.989080982711556,0.0006071645415907711
power,KFC_v2,static,0.9892326357294511,0.0006071645415907711
power,KFC_v2,static,0.9893842887473461,0.0006071645415907711
power,KFC_v2,static,0.9895359417652412,0.0006071645415907711
power,KFC_v2,static,0.9896875947831362,0.0006071645415907711
power,KFC_v2,static,0.9898392478010313,0.0006071645415907711
power,KFC_v2,static,0.9899909008189264,0.0006071645415907711
power,KFC_v2,static,0.9901425538368214,0.0006071645415907711
power,KFC_v2,static,0.9902942068547165,0.0006071645415907711
power,KFC_v2,static,0.9904458598726115,0.0006071645415907711
power,KFC_v2,static,0.9905975128905066,0.0006071645415907711
power,KFC_v2,static,0.9907491659084016,0.0006071645415907711
power,KFC_v2,static,0.9909008189262967,0.0006071645415907711
power,KFC_v2,static,0.9910524719441918,0.0006071645415907711
power,KFC_v2,static,0.9912041249620868,0.0006071645415907711
power,KFC_v2,static,0.9913557779799819,0.0006071645415907711
power,KFC_v2,static,0.9915074309978769,0.0006071645415907711
power,KFC_v2,static,0.991659084015772,0.0006071645415907711
power,KFC_v2,static,0.991810737033667,0.0006071645415907711
power,KFC_v2,static,0.9919623900515621,0.0006071645415907711
power,KFC_v2,static,0.9921140430694572,0.0006071645415907711
power,KFC_v2,static,0.9922656960873522,0.0006071645415907711
power,KFC_v2,static,0.9924173491052473,0.0006071645415907711
power,KFC_v2,static,0.9925690021231423,0.0006071645415907711
power,KFC_v2,static,0.9927206551410374,0.0006071645415907711
power,KFC_v2,static,0.9928723081589323,0.0006071645415907711
power,KFC_v2,static,0.9930239611768275,0.0006071645415907711
power,KFC_v2,static,0.9931756141947226,0.0006071645415907711
power,KFC_v2,static,0.9933272672126175,0.0006071645415907711
power,KFC_v2,static,0.9934789202305127,0.0006071645415907711
power,KFC_v2,static,0.9936305732484076,0.0006071645415907711
power,KFC_v2,static,0.9937822262663027,0.0006071645415907711
power,KFC_v2,static,0.9939338792841977,0.0006071645415907711
power,KFC_v2,static,0.9940855323020928,0.0006071645415907711
power,KFC_v2,static,0.994237185319988,0.0006071645415907711
power,KFC_v2,static,0.9943888383378829,0.0006071645415907711
power,KFC_v2,static,0.994540491355778,0.0006071645415907711
power,KFC_v2,static,0.994692144373673,0.0006071645415907711
power,KFC_v2,static,0.9948437973915681,0.0006071645415907711
power,KFC_v2,static,0.9949954504094631,0.0004047763610605141
power,KFC_v2,static,0.9951471034273582,0.0004047763610605141
power,KFC_v2,static,0.9952987564452533,0.0004047763610605141
power,KFC_v2,static,0.9954504094631483,0.0004047763610605141
power,KFC_v2,static,0.9956020624810434,0.0004047763610605141
power,KFC_v2,static,0.9957537154989384,0.0004047763610605141
power,KFC_v2,static,0.9959053685168335,0.0004047763610605141
power,KFC_v2,static,0.9960570215347285,0.0004047763610605141
power,KFC_v2,static,0.9962086745526236,0.0004047763610605141
power,KFC_v2,static,0.9963603275705187,0.0004047763610605141
power,KFC_v2,static,0.9965119805884137,0.0004047763610605141
power,KFC_v2,static,0.9966636336063088,0.0004047763610605141
power,KFC_v2,static,0.9968152866242038,0.0004047763610605141
power,KFC_v2,static,0.9969669396420989,0.0004047763610605141
power,KFC_v2,static,0.9971185926599939,0.0004047763610605141
power,KFC_v2,static,0.997270245677889,0.0004047763610605141
power,KFC_v2,static,0.9974218986957841,0.0004047763610605141
power,KFC_v2,static,0.9975735517136791,0.0004047763610605141
power,KFC_v2,static,0.9977252047315742,0.0004047763610605141
power,KFC_v2,static,0.9978768577494692,0.0004047763610605141
power,KFC_v2,static,0.9980285107673643,0.0004047763610605141
power,KFC_v2,static,0.9981801637852593,0.0004047763610605141
power,KFC_v2,static,0.9983318168031544,0.0004047763610605141
power,KFC_v2,static,0.9984834698210495,0.0004047763610605141
power,KFC_v2,static,0.9986351228389445,0.0004047763610605141
power,KFC_v2,static,0.9987867758568396,0.0004047763610605141
power,KFC_v2,static,0.9989384288747346,0.0004047763610605141
power,KFC_v2,static,0.9990900818926297,0.0004047763610605141
power,KFC_v2,static,0.9992417349105247,0.0004047763610605141
power,KFC_v2,static,0.9993933879284198,0.0004047763610605141
power,KFC_v2,static,0.9995450409463149,0.0004047763610605141
power,KFC_v2,static,0.9996966939642099,0.0004047763610605141
power,KFC_v2,static,0.999848346982105,0.0004047763610605141
power,KFC_v2,static,1.0,0.00020238818053025704
power,KFC_v2,iterative,0.0,1.0
power,KFC_v2,iterative,0.00015165301789505612,1.0
power,KFC_v2,iterative,0.00030330603579011223,1.0
power,KFC_v2,iterative,0.00045495905368516835,1.0
power,KFC_v2,iterative,0.0006066120715802245,1.0
power,KFC_v2,iterative,0.0007582650894752806,1.0
power,KFC_v2,iterative,0.0009099181073703367,1.0
power,KFC_v2,iterative,0.0010615711252653928,1.0
power,KFC_v2,iterative,0.001213224143160449,0.8214936247723132
power,KFC_v2,iterative,0.001364877161055505,0.8214936247723132
power,KFC_v2,iterative,0.0015165301789505613,0.8214936247723132
power,KFC_v2,iterative,0.0016681831968456172,0.8214936247723132
power,KFC_v2,iterative,0.0018198362147406734,0.8214936247723132
power,KFC_v2,iterative,0.0019714892326357296,0.8214936247723132
power,KFC_v2,iterative,0.0021231422505307855,0.8214936247723132
power,KFC_v2,iterative,0.002274795268425842,0.8214936247723132
power,KFC_v2,iterative,0.002426448286320898,0.8214936247723132
power,KFC_v2,iterative,0.002578101304215954,0.48836267961951024
power,KFC_v2,iterative,0.00272975432211101,0.48836267961951024
power,KFC_v2,iterative,0.002881407340006066,0.48836267961951024
power,KFC_v2,iterative,0.0030330603579011226,0.48836267961951024
power,KFC_v2,iterative,0.0031847133757961785,0.48836267961951024
power,KFC_v2,iterative,0.0033363663936912345,0.48836267961951024
power,KFC_v2,iterative,0.003488019411586291,0.48836267961951024
power,KFC_v2,iterative,0.003639672429481347,0.33313094515280306
power,KFC_v2,iterative,0.0037913254473764028,0.33313094515280306
power,KFC_v2,iterative,0.003942978465271459,0.33313094515280306
power,KFC_v2,iterative,0.004094631483166515,0.29427241449099373
power,KFC_v2,iterative,0.004246284501061571,0.29427241449099373
power,KFC_v2,iterative,0.004397937518956627,0.280307630034406
power,KFC_v2,iterative,0.004549590536851684,0.280307630034406
power,KFC_v2,iterative,0.00470124355474674,0.280307630034406
power,KFC_v2,iterative,0.004852896572641796,0.280307630034406
power,KFC_v2,iterative,0.005004549590536852,0.280307630034406
power,KFC_v2,iterative,0.005156202608431908,0.280307630034406
power,KFC_v2,iterative,0.0053078556263269645,0.280307630034406
power,KFC_v2,iterative,0.00545950864422202,0.280307630034406
power,KFC_v2,iterative,0.005611161662117076,0.280307630034406
power,KFC_v2,iterative,0.005762814680012132,0.280307630034406
power,KFC_v2,iterative,0.005914467697907188,0.280307630034406
power,KFC_v2,iterative,0.006066120715802245,0.280307630034406
power,KFC_v2,iterative,0.006217773733697301,0.280307630034406
power,KFC_v2,iterative,0.006369426751592357,0.2610807528840316
power,KFC_v2,iterative,0.006521079769487413,0.24043715846994534
power,KFC_v2,iterative,0.006672732787382469,0.24043715846994534
power,KFC_v2,iterative,0.006824385805277525,0.24043715846994534
power,KFC_v2,iterative,0.006976038823172582,0.24043715846994534
power,KFC_v2,iterative,0.007127691841067638,0.24043715846994534
power,KFC_v2,iterative,0.007279344858962694,0.24043715846994534
power,KFC_v2,iterative,0.0074309978768577496,0.24043715846994534
power,KFC_v2,iterative,0.0075826508947528055,0.1940902651285165
power,KFC_v2,iterative,0.007734303912647862,0.1940902651285165
power,KFC_v2,iterative,0.007885956930542918,0.1940902651285165
power,KFC_v2,iterative,0.008037609948437973,0.1940902651285165
power,KFC_v2,iterative,0.00818926296633303,0.1940902651285165
power,KFC_v2,iterative,0.008340915984228087,0.1940902651285165
power,KFC_v2,iterative,0.008492569002123142,0.1940902651285165
power,KFC_v2,iterative,0.008644222020018199,0.1940902651285165
power,KFC_v2,iterative,0.008795875037913254,0.1940902651285165
power,KFC_v2,iterative,0.00894752805580831,0.1940902651285165
power,KFC_v2,iterative,0.009099181073703368,0.19206638332321394
power,KFC_v2,iterative,0.009250834091598423,0.19206638332321394
power,KFC_v2,iterative,0.00940248710949348,0.19206638332321394
power,KFC_v2,iterative,0.009554140127388535,0.19206638332321394
power,KFC_v2,iterative,0.009705793145283591,0.19206638332321394
power,KFC_v2,iterative,0.009857446163178648,0.19206638332321394
power,KFC_v2,iterative,0.010009099181073703,0.19206638332321394
power,KFC_v2,iterative,0.01016075219896876,0.19206638332321394
power,KFC_v2,iterative,0.010312405216863815,0.19206638332321394
power,KFC_v2,iterative,0.010464058234758872,0.19206638332321394
power,KFC_v2,iterative,0.010615711252653929,0.19206638332321394
power,KFC_v2,iterative,0.010767364270548984,0.19206638332321394
power,KFC_v2,iterative,0.01091901728844404,0.1785063752276867
power,KFC_v2,iterative,0.011070670306339096,0.1785063752276867
power,KFC_v2,iterative,0.011222323324234153,0.1785063752276867
power,KFC_v2,iterative,0.01137397634212921,0.1785063752276867
power,KFC_v2,iterative,0.011525629360024265,0.1785063752276867
power,KFC_v2,iterative,0.011677282377919321,0.16757741347905283
power,KFC_v2,iterative,0.011828935395814377,0.16757741347905283
power,KFC_v2,iterative,0.011980588413709433,0.16757741347905283
power,KFC_v2,iterative,0.01213224143160449,0.16757741347905283
power,KFC_v2,iterative,0.012283894449499545,0.16170815624367538
power,KFC_v2,iterative,0.012435547467394602,0.16170815624367538
power,KFC_v2,iterative,0.012587200485289657,0.16170815624367538
power,KFC_v2,iterative,0.012738853503184714,0.16170815624367538
power,KFC_v2,iterative,0.012890506521079769,0.16170815624367538
power,KFC_v2,iterative,0.013042159538974826,0.16170815624367538
power,KFC_v2,iterative,0.013193812556869883,0.16170815624367538
power,KFC_v2,iterative,0.013345465574764938,0.16170815624367538
power,KFC_v2,iterative,0.013497118592659995,0.16170815624367538
power,KFC_v2,iterative,0.01364877161055505,0.16170815624367538
power,KFC_v2,iterative,0.013800424628450107,0.1465290427039061
power,KFC_v2,iterative,0.013952077646345163,0.1465290427039061
power,KFC_v2,iterative,0.014103730664240218,0.1465290427039061
power,KFC_v2,iterative,0.014255383682135275,0.1465290427039061
power,KFC_v2,iterative,0.01440703670003033,0.1465290427039061
power,KFC_v2,iterative,0.014558689717925387,0.1465290427039061
power,KFC_v2,iterative,0.014710342735820444,0.1465290427039061
power,KFC_v2,iterative,0.014861995753715499,0.1465290427039061
power,KFC_v2,iterative,0.015013648771610556,0.13296903460837886
power,KFC_v2,iterative,0.015165301789505611,0.13296903460837886
power,KFC_v2,iterative,0.015316954807400668,0.13296903460837886
power,KFC_v2,iterative,0.015468607825295725,0.13296903460837886
power,KFC_v2,iterative,0.01562026084319078,0.13296903460837886
power,KFC_v2,iterative,0.015771913861085837,0.12244484922080551
power,KFC_v2,iterative,0.01592356687898089,0.12244484922080551
power,KFC_v2,iterative,0.016075219896875947,0.12244484922080551
power,KFC_v2,iterative,0.016226872914771005,0.12244484922080551
power,KFC_v2,iterative,0.01637852593266606,0.12244484922080551
power,KFC_v2,iterative,0.016530178950561115,0.12244484922080551
power,KFC_v2,iterative,0.016681831968456174,0.12244484922080551
power,KFC_v2,iterative,0.01683348498635123,0.12244484922080551
power,KFC_v2,iterative,0.016985138004246284,0.11374215745800445
power,KFC_v2,iterative,0.017136791022141343,0.11374215745800445
power,KFC_v2,iterative,0.017288444040036398,0.11374215745800445
power,KFC_v2,iterative,0.017440097057931453,0.11374215745800445
power,KFC_v2,iterative,0.017591750075826508,0.11374215745800445
power,KFC_v2,iterative,0.017743403093721567,0.10807528840315725
power,KFC_v2,iterative,0.01789505611161662,0.10807528840315725
power,KFC_v2,iterative,0.018046709129511677,0.10807528840315725
power,KFC_v2,iterative,0.018198362147406735,0.10807528840315725
power,KFC_v2,iterative,0.01835001516530179,0.10807528840315725
power,KFC_v2,iterative,0.018501668183196845,0.10807528840315725
power,KFC_v2,iterative,0.018653321201091904,0.10807528840315725
power,KFC_v2,iterative,0.01880497421898696,0.09917020845982595
power,KFC_v2,iterative,0.018956627236882014,0.09917020845982595
power,KFC_v2,iterative,0.01910828025477707,0.09917020845982595
power,KFC_v2,iterative,0.019259933272672128,0.09917020845982595
power,KFC_v2,iterative,0.019411586290567183,0.09917020845982595
power,KFC_v2,iterative,0.019563239308462238,0.09289617486338798
power,KFC_v2,iterative,0.019714892326357297,0.09289617486338798
power,KFC_v2,iterative,0.01986654534425235,0.09289617486338798
power,KFC_v2,iterative,0.020018198362147407,0.09289617486338798
power,KFC_v2,iterative,0.020169851380042462,0.09289617486338798
power,KFC_v2,iterative,0.02032150439793752,0.09289617486338798
power,KFC_v2,iterative,0.020473157415832575,0.09289617486338798
power,KFC_v2,iterative,0.02062481043372763,0.09289617486338798
power,KFC_v2,iterative,0.02077646345162269,0.09289617486338798
power,KFC_v2,iterative,0.020928116469517744,0.08824124671119207
power,KFC_v2,iterative,0.0210797694874128,0.08824124671119207
power,KFC_v2,iterative,0.021231422505307858,0.08824124671119207
power,KFC_v2,iterative,0.021383075523202913,0.08824124671119207
power,KFC_v2,iterative,0.021534728541097968,0.0862173649058895
power,KFC_v2,iterative,0.021686381558993023,0.0862173649058895
power,KFC_v2,iterative,0.02183803457688808,0.0862173649058895
power,KFC_v2,iterative,0.021989687594783137,0.0862173649058895
power,KFC_v2,iterative,0.022141340612678192,0.0862173649058895
power,KFC_v2,iterative,0.02229299363057325,0.0862173649058895
power,KFC_v2,iterative,0.022444646648468305,0.0862173649058895
power,KFC_v2,iterative,0.02259629966636336,0.0862173649058895
power,KFC_v2,iterative,0.02274795268425842,0.0862173649058895
power,KFC_v2,iterative,0.022899605702153474,0.0862173649058895
power,KFC_v2,iterative,0.02305125872004853,0.08581258854482898
power,KFC_v2,iterative,0.023202911737943584,0.08581258854482898
power,KFC_v2,iterative,0.023354564755838643,0.08581258854482898
power,KFC_v2,iterative,0.023506217773733698,0.08581258854482898
power,KFC_v2,iterative,0.023657870791628753,0.08581258854482898
power,KFC_v2,iterative,0.02380952380952381,0.08581258854482898
power,KFC_v2,iterative,0.023961176827418867,0.08581258854482898
power,KFC_v2,iterative,0.024112829845313922,0.08581258854482898
power,KFC_v2,iterative,0.02426448286320898,0.08581258854482898
power,KFC_v2,iterative,0.024416135881104035,0.07285974499089254
power,KFC_v2,iterative,0.02456778889899909,0.07285974499089254
power,KFC_v2,iterative,0.024719441916894146,0.07285974499089254
power,KFC_v2,iterative,0.024871094934789204,0.07245496862983201
power,KFC_v2,iterative,0.02502274795268426,0.07245496862983201
power,KFC_v2,iterative,0.025174400970579314,0.07245496862983201
power,KFC_v2,iterative,0.025326053988474373,0.07245496862983201
power,KFC_v2,iterative,0.025477707006369428,0.07245496862983201
power,KFC_v2,iterative,0.025629360024264483,0.07245496862983201
power,KFC_v2,iterative,0.025781013042159538,0.07245496862983201
power,KFC_v2,iterative,0.025932666060054597,0.07245496862983201
power,KFC_v2,iterative,0.026084319077949652,0.07245496862983201
power,KFC_v2,iterative,0.026235972095844707,0.07245496862983201
power,KFC_v2,iterative,0.026387625113739765,0.07245496862983201
power,KFC_v2,iterative,0.02653927813163482,0.07245496862983201
power,KFC_v2,iterative,0.026690931149529876,0.06962153410240841
power,KFC_v2,iterative,0.026842584167424934,0.06962153410240841
power,KFC_v2,iterative,0.02699423718531999,0.06962153410240841
power,KFC_v2,iterative,0.027145890203215044,0.0649666059502125
power,KFC_v2,iterative,0.0272975432211101,0.0649666059502125
power,KFC_v2,iterative,0.027449196239005158,0.0649666059502125
power,KFC_v2,iterative,0.027600849256900213,0.06415705322809148
power,KFC_v2,iterative,0.027752502274795268,0.06415705322809148
power,KFC_v2,iterative,0.027904155292690327,0.06415705322809148
power,KFC_v2,iterative,0.028055808310585382,0.06415705322809148
power,KFC_v2,iterative,0.028207461328480437,0.06415705322809148
power,KFC_v2,iterative,0.028359114346375495,0.06415705322809148
power,KFC_v2,iterative,0.02851076736427055,0.06415705322809148
power,KFC_v2,iterative,0.028662420382165606,0.06415705322809148
power,KFC_v2,iterative,0.02881407340006066,0.06415705322809148
power,KFC_v2,iterative,0.02896572641795572,0.06415705322809148
power,KFC_v2,iterative,0.029117379435850774,0.06415705322809148
power,KFC_v2,iterative,0.02926903245374583,0.06415705322809148
power,KFC_v2,iterative,0.029420685471640888,0.062335559603319164
power,KFC_v2,iterative,0.029572338489535943,0.062335559603319164
power,KFC_v2,iterative,0.029723991507430998,0.062335559603319164
power,KFC_v2,iterative,0.029875644525326053,0.062335559603319164
power,KFC_v2,iterative,0.030027297543221112,0.062335559603319164
power,KFC_v2,iterative,0.030178950561116167,0.062335559603319164
power,KFC_v2,iterative,0.030330603579011222,0.062335559603319164
power,KFC_v2,iterative,0.03048225659690628,0.061121230520137626
power,KFC_v2,iterative,0.030633909614801336,0.061121230520137626
power,KFC_v2,iterative,0.03078556263269639,0.061121230520137626
power,KFC_v2,iterative,0.03093721565059145,0.0588949605343048
power,KFC_v2,iterative,0.031088868668486504,0.0588949605343048
power,KFC_v2,iterative,0.03124052168638156,0.0588949605343048
power,KFC_v2,iterative,0.03139217470427662,0.0588949605343048
power,KFC_v2,iterative,0.03154382772217167,0.0588949605343048
power,KFC_v2,iterative,0.03169548074006673,0.05808540781218377
power,KFC_v2,iterative,0.03184713375796178,0.05808540781218377
power,KFC_v2,iterative,0.03199878677585684,0.05808540781218377
power,KFC_v2,iterative,0.032150439793751893,0.052823315118397086
power,KFC_v2,iterative,0.032302092811646956,0.052823315118397086
power,KFC_v2,iterative,0.03245374582954201,0.04877555150779195
power,KFC_v2,iterative,0.032605398847437066,0.04877555150779195
power,KFC_v2,iterative,0.03275705186533212,0.04877555150779195
power,KFC_v2,iterative,0.032908704883227176,0.04877555150779195
power,KFC_v2,iterative,0.03306035790112223,0.04877555150779195
power,KFC_v2,iterative,0.03321201091901729,0.048573163327261686
power,KFC_v2,iterative,0.03336366393691235,0.048573163327261686
power,KFC_v2,iterative,0.0335153169548074,0.048573163327261686
power,KFC_v2,iterative,0.03366696997270246,0.048573163327261686
power,KFC_v2,iterative,0.03381862299059751,0.04553734061930783
power,KFC_v2,iterative,0.03397027600849257,0.04553734061930783
power,KFC_v2,iterative,0.034121929026387623,0.04553734061930783
power,KFC_v2,iterative,0.034273582044282686,0.04553734061930783
power,KFC_v2,iterative,0.03442523506217774,0.04189435336976321
power,KFC_v2,iterative,0.034576888080072796,0.04189435336976321
power,KFC_v2,iterative,0.03472854109796785,0.04189435336976321
power,KFC_v2,iterative,0.034880194115862906,0.04189435336976321
power,KFC_v2,iterative,0.03503184713375796,0.04189435336976321
power,KFC_v2,iterative,0.035183500151653016,0.04189435336976321
power,KFC_v2,iterative,0.03533515316954808,0.04189435336976321
power,KFC_v2,iterative,0.03548680618744313,0.04189435336976321
power,KFC_v2,iterative,0.03563845920533819,0.04189435336976321
power,KFC_v2,iterative,0.03579011222323324,0.04189435336976321
power,KFC_v2,iterative,0.0359417652411283,0.04189435336976321
power,KFC_v2,iterative,0.036093418259023353,0.04189435336976321
power,KFC_v2,iterative,0.03624507127691841,0.03966808338393038
power,KFC_v2,iterative,0.03639672429481347,0.03966808338393038
power,KFC_v2,iterative,0.036548377312708526,0.03966808338393038
power,KFC_v2,iterative,0.03670003033060358,0.03966808338393038
power,KFC_v2,iterative,0.036851683348498636,0.03966808338393038
power,KFC_v2,iterative,0.03700333636639369,0.03966808338393038
power,KFC_v2,iterative,0.037154989384288746,0.03966808338393038
power,KFC_v2,iterative,0.03730664240218381,0.03966808338393038
power,KFC_v2,iterative,0.03745829542007886,0.03926330702286986
power,KFC_v2,iterative,0.03760994843797392,0.03926330702286986
power,KFC_v2,iterative,0.03776160145586897,0.03885853066180935
power,KFC_v2,iterative,0.03791325447376403,0.03885853066180935
power,KFC_v2,iterative,0.038064907491659083,0.03885853066180935
power,KFC_v2,iterative,0.03821656050955414,0.03885853066180935
power,KFC_v2,iterative,0.0383682135274492,0.03885853066180935
power,KFC_v2,iterative,0.038519866545344256,0.038453754300748835
power,KFC_v2,iterative,0.03867151956323931,0.038453754300748835
power,KFC_v2,iterative,0.038823172581134366,0.038453754300748835
power,KFC_v2,iterative,0.03897482559902942,0.038453754300748835
power,KFC_v2,iterative,0.039126478616924476,0.038453754300748835
power,KFC_v2,iterative,0.03927813163481953,0.038453754300748835
power,KFC_v2,iterative,0.03942978465271459,0.038453754300748835
power,KFC_v2,iterative,0.03958143767060965,0.03622748431491601
power,KFC_v2,iterative,0.0397330906885047,0.03602509613438575
power,KFC_v2,iterative,0.03988474370639976,0.03602509613438575
power,KFC_v2,iterative,0.040036396724294813,0.03602509613438575
power,KFC_v2,iterative,0.04018804974218987,0.03602509613438575
power,KFC_v2,iterative,0.040339702760084924,0.03541793159279498
power,KFC_v2,iterative,0.040491355777979986,0.03541793159279498
power,KFC_v2,iterative,0.04064300879587504,0.03541793159279498
power,KFC_v2,iterative,0.040794661813770096,0.03541793159279498
power,KFC_v2,iterative,0.04094631483166515,0.03541793159279498
power,KFC_v2,iterative,0.041097967849560206,0.03541793159279498
power,KFC_v2,iterative,0.04124962086745526,0.03400121432908318
power,KFC_v2,iterative,0.04140127388535032,0.03400121432908318
power,KFC_v2,iterative,0.04155292690324538,0.03400121432908318
power,KFC_v2,iterative,0.04170457992114043,0.03400121432908318
power,KFC_v2,iterative,0.04185623293903549,0.03400121432908318
power,KFC_v2,iterative,0.042007885956930544,0.03400121432908318
power,KFC_v2,iterative,0.0421595389748256,0.03400121432908318
power,KFC_v2,iterative,0.042311191992720654,0.033798826148552924
power,KFC_v2,iterative,0.042462845010615716,0.033798826148552924
power,KFC_v2,iterative,0.04261449802851077,0.033798826148552924
power,KFC_v2,iterative,0.042766151046405826,0.033798826148552924
power,KFC_v2,iterative,0.04291780406430088,0.033798826148552924
power,KFC_v2,iterative,0.043069457082195936,0.033798826148552924
power,KFC_v2,iterative,0.04322111010009099,0.033798826148552924
power,KFC_v2,iterative,0.043372763117986046,0.033798826148552924
power,KFC_v2,iterative,0.04352441613588111,0.03359643796802267
power,KFC_v2,iterative,0.04367606915377616,0.03359643796802267
power,KFC_v2,iterative,0.04382772217167122,0.03359643796802267
power,KFC_v2,iterative,0.043979375189566274,0.03359643796802267
power,KFC_v2,iterative,0.04413102820746133,0.03359643796802267
power,KFC_v2,iterative,0.044282681225356384,0.03359643796802267
power,KFC_v2,iterative,0.04443433424325144,0.033394049787492414
power,KFC_v2,iterative,0.0445859872611465,0.033394049787492414
power,KFC_v2,iterative,0.044737640279041556,0.033394049787492414
power,KFC_v2,iterative,0.04488929329693661,0.033394049787492414
power,KFC_v2,iterative,0.045040946314831666,0.033394049787492414
power,KFC_v2,iterative,0.04519259933272672,0.03319166160696215
power,KFC_v2,iterative,0.045344252350621776,0.03319166160696215
power,KFC_v2,iterative,0.04549590536851684,0.03319166160696215
power,KFC_v2,iterative,0.04564755838641189,0.03319166160696215
power,KFC_v2,iterative,0.04579921140430695,0.03319166160696215
power,KFC_v2,iterative,0.045950864422202004,0.03319166160696215
power,KFC_v2,iterative,0.04610251744009706,0.03319166160696215
power,KFC_v2,iterative,0.046254170457992114,0.03278688524590164
power,KFC_v2,iterative,0.04640582347588717,0.03278688524590164
power,KFC_v2,iterative,0.04655747649378223,0.03278688524590164
power,KFC_v2,iterative,0.046709129511677286,0.03278688524590164
power,KFC_v2,iterative,0.04686078252957234,0.03278688524590164
power,KFC_v2,iterative,0.047012435547467396,0.03278688524590164
power,KFC_v2,iterative,0.04716408856536245,0.03258449706537138
power,KFC_v2,iterative,0.047315741583257506,0.03258449706537138
power,KFC_v2,iterative,0.04746739460115256,0.032382108884841124
power,KFC_v2,iterative,0.04761904761904762,0.032382108884841124
power,KFC_v2,iterative,0.04777070063694268,0.032382108884841124
power,KFC_v2,iterative,0.047922353654837734,0.030965391621129327
power,KFC_v2,iterative,0.04807400667273279,0.030965391621129327
power,KFC_v2,iterative,0.048225659690627844,0.0301558388990083
power,KFC_v2,iterative,0.0483773127085229,0.0301558388990083
power,KFC_v2,iterative,0.04852896572641796,0.0301558388990083
power,KFC_v2,iterative,0.048680618744313016,0.0301558388990083
power,KFC_v2,iterative,0.04883227176220807,0.02995345071847804
power,KFC_v2,iterative,0.048983924780103126,0.02995345071847804
power,KFC_v2,iterative,0.04913557779799818,0.02995345071847804
power,KFC_v2,iterative,0.049287230815893236,0.02995345071847804
power,KFC_v2,iterative,0.04943888383378829,0.02995345071847804
power,KFC_v2,iterative,0.04959053685168335,0.02995345071847804
power,KFC_v2,iterative,0.04974218986957841,0.02995345071847804
power,KFC_v2,iterative,0.049893842887473464,0.029751062537947785
power,KFC_v2,iterative,0.05004549590536852,0.029751062537947785
power,KFC_v2,iterative,0.050197148923263574,0.029751062537947785
power,KFC_v2,iterative,0.05034880194115863,0.029548674357417527
power,KFC_v2,iterative,0.050500454959053684,0.029548674357417527
power,KFC_v2,iterative,0.050652107976948746,0.029548674357417527
power,KFC_v2,iterative,0.0508037609948438,0.029548674357417527
power,KFC_v2,iterative,0.050955414012738856,0.0273224043715847
power,KFC_v2,iterative,0.05110706703063391,0.027120016191054443
power,KFC_v2,iterative,0.051258720048528966,0.027120016191054443
power,KFC_v2,iterative,0.05141037306642402,0.027120016191054443
power,KFC_v2,iterative,0.051562026084319076,0.027120016191054443
power,KFC_v2,iterative,0.05171367910221414,0.027120016191054443
power,KFC_v2,iterative,0.051865332120109194,0.027120016191054443
power,KFC_v2,iterative,0.05201698513800425,0.02651285164946367
power,KFC_v2,iterative,0.052168638155899304,0.02651285164946367
power,KFC_v2,iterative,0.05232029117379436,0.02651285164946367
power,KFC_v2,iterative,0.052471944191689414,0.026310463468933416
power,KFC_v2,iterative,0.052623597209584476,0.026310463468933416
power,KFC_v2,iterative,0.05277525022747953,0.026310463468933416
power,KFC_v2,iterative,0.052926903245374586,0.026310463468933416
power,KFC_v2,iterative,0.05307855626326964,0.026310463468933416
power,KFC_v2,iterative,0.053230209281164696,0.026108075288403157
power,KFC_v2,iterative,0.05338186229905975,0.026108075288403157
power,KFC_v2,iterative,0.053533515316954806,0.025905687107872902
power,KFC_v2,iterative,0.05368516833484987,0.025905687107872902
power,KFC_v2,iterative,0.053836821352744924,0.025905687107872902
power,KFC_v2,iterative,0.05398847437063998,0.025905687107872902
power,KFC_v2,iterative,0.054140127388535034,0.025905687107872902
power,KFC_v2,iterative,0.05429178040643009,0.025905687107872902
power,KFC_v2,iterative,0.054443433424325144,0.025905687107872902
power,KFC_v2,iterative,0.0545950864422202,0.025905687107872902
power,KFC_v2,iterative,0.05474673946011526,0.025905687107872902
power,KFC_v2,iterative,0.054898392478010316,0.02529852256628213
power,KFC_v2,iterative,0.05505004549590537,0.024893746205221615
power,KFC_v2,iterative,0.055201698513800426,0.024893746205221615
power,KFC_v2,iterative,0.05535335153169548,0.02388180530257033
power,KFC_v2,iterative,0.055505004549590536,0.02388180530257033
power,KFC_v2,iterative,0.05565665756748559,0.02388180530257033
power,KFC_v2,iterative,0.055808310585380654,0.023679417122040074
power,KFC_v2,iterative,0.05595996360327571,0.023679417122040074
power,KFC_v2,iterative,0.056111616621170764,0.023679417122040074
power,KFC_v2,iterative,0.05626326963906582,0.023679417122040074
power,KFC_v2,iterative,0.056414922656960874,0.023679417122040074
power,KFC_v2,iterative,0.05656657567485593,0.023679417122040074
power,KFC_v2,iterative,0.05671822869275099,0.023679417122040074
power,KFC_v2,iterative,0.056869881710646046,0.023679417122040074
power,KFC_v2,iterative,0.0570215347285411,0.023679417122040074
power,KFC_v2,iterative,0.057173187746436156,0.023679417122040074
power,KFC_v2,iterative,0.05732484076433121,0.023679417122040074
power,KFC_v2,iterative,0.057476493782226266,0.023679417122040074
power,KFC_v2,iterative,0.05762814680012132,0.023679417122040074
power,KFC_v2,iterative,0.057779799818016384,0.023679417122040074
power,KFC_v2,iterative,0.05793145283591144,0.023679417122040074
power,KFC_v2,iterative,0.058083105853806494,0.023679417122040074
power,KFC_v2,iterative,0.05823475887170155,0.023679417122040074
power,KFC_v2,iterative,0.058386411889596604,0.023679417122040074
power,KFC_v2,iterative,0.05853806490749166,0.023679417122040074
power,KFC_v2,iterative,0.058689717925386714,0.023679417122040074
power,KFC_v2,iterative,0.058841370943281776,0.023679417122040074
power,KFC_v2,iterative,0.05899302396117683,0.023477028941509815
power,KFC_v2,iterative,0.059144676979071886,0.0230722525804493
power,KFC_v2,iterative,0.05929632999696694,0.0230722525804493
power,KFC_v2,iterative,0.059447983014861996,0.0230722525804493
power,KFC_v2,iterative,0.05959963603275705,0.022465088038858532
power,KFC_v2,iterative,0.05975128905065211,0.022465088038858532
power,KFC_v2,iterative,0.05990294206854717,0.022465088038858532
power,KFC_v2,iterative,0.060054595086442224,0.022262699858328273
power,KFC_v2,iterative,0.06020624810433728,0.022262699858328273
power,KFC_v2,iterative,0.060357901122232334,0.022262699858328273
power,KFC_v2,iterative,0.06050955414012739,0.02185792349726776
power,KFC_v2,iterative,0.060661207158022444,0.02185792349726776
power,KFC_v2,iterative,0.060812860175917506,0.02185792349726776
power,KFC_v2,iterative,0.06096451319381256,0.0216555353167375
power,KFC_v2,iterative,0.061116166211707616,0.0216555353167375
power,KFC_v2,iterative,0.06126781922960267,0.021453147136207246
power,KFC_v2,iterative,0.061419472247497726,0.021453147136207246
power,KFC_v2,iterative,0.06157112526539278,0.021453147136207246
power,KFC_v2,iterative,0.06172277828328784,0.021453147136207246
power,KFC_v2,iterative,0.0618744313011829,0.021453147136207246
power,KFC_v2,iterative,0.062026084319077954,0.021048370775146732
power,KFC_v2,iterative,0.06217773733697301,0.021048370775146732
power,KFC_v2,iterative,0.062329390354868064,0.021048370775146732
power,KFC_v2,iterative,0.06248104337276312,0.021048370775146732
power,KFC_v2,iterative,0.06263269639065817,0.021048370775146732
power,KFC_v2,iterative,0.06278434940855324,0.021048370775146732
power,KFC_v2,iterative,0.06293600242644828,0.021048370775146732
power,KFC_v2,iterative,0.06308765544434335,0.020643594414086218
power,KFC_v2,iterative,0.0632393084622384,0.020643594414086218
power,KFC_v2,iterative,0.06339096148013346,0.02044120623355596
power,KFC_v2,iterative,0.06354261449802852,0.02044120623355596
power,KFC_v2,iterative,0.06369426751592357,0.02044120623355596
power,KFC_v2,iterative,0.06384592053381863,0.02044120623355596
power,KFC_v2,iterative,0.06399757355171368,0.02044120623355596
power,KFC_v2,iterative,0.06414922656960874,0.020238818053025704
power,KFC_v2,iterative,0.06430087958750379,0.020238818053025704
power,KFC_v2,iterative,0.06445253260539885,0.020238818053025704
power,KFC_v2,iterative,0.06460418562329391,0.020238818053025704
power,KFC_v2,iterative,0.06475583864118896,0.020238818053025704
power,KFC_v2,iterative,0.06490749165908402,0.020238818053025704
power,KFC_v2,iterative,0.06505914467697907,0.020036429872495445
power,KFC_v2,iterative,0.06521079769487413,0.020036429872495445
power,KFC_v2,iterative,0.06536245071276918,0.020036429872495445
power,KFC_v2,iterative,0.06551410373066424,0.020036429872495445
power,KFC_v2,iterative,0.0656657567485593,0.01983404169196519
power,KFC_v2,iterative,0.06581740976645435,0.01983404169196519
power,KFC_v2,iterative,0.06596906278434941,0.01983404169196519
power,KFC_v2,iterative,0.06612071580224446,0.01963165351143493
power,KFC_v2,iterative,0.06627236882013952,0.01963165351143493
power,KFC_v2,iterative,0.06642402183803459,0.01963165351143493
power,KFC_v2,iterative,0.06657567485592963,0.01963165351143493
power,KFC_v2,iterative,0.0667273278738247,0.01963165351143493
power,KFC_v2,iterative,0.06687898089171974,0.01963165351143493
power,KFC_v2,iterative,0.0670306339096148,0.019226877150374418
power,KFC_v2,iterative,0.06718228692750985,0.019226877150374418
power,KFC_v2,iterative,0.06733393994540492,0.019226877150374418
power,KFC_v2,iterative,0.06748559296329998,0.019226877150374418
power,KFC_v2,iterative,0.06763724598119503,0.019226877150374418
power,KFC_v2,iterative,0.06778889899909009,0.019226877150374418
power,KFC_v2,iterative,0.06794055201698514,0.019226877150374418
power,KFC_v2,iterative,0.0680922050348802,0.019226877150374418
power,KFC_v2,iterative,0.06824385805277525,0.019226877150374418
power,KFC_v2,iterative,0.06839551107067031,0.019226877150374418
power,KFC_v2,iterative,0.06854716408856537,0.018822100789313904
power,KFC_v2,iterative,0.06869881710646042,0.018822100789313904
power,KFC_v2,iterative,0.06885047012435548,0.01861971260878365
power,KFC_v2,iterative,0.06900212314225053,0.01861971260878365
power,KFC_v2,iterative,0.06915377616014559,0.01861971260878365
power,KFC_v2,iterative,0.06930542917804064,0.01841732442825339
power,KFC_v2,iterative,0.0694570821959357,0.01841732442825339
power,KFC_v2,iterative,0.06960873521383076,0.01841732442825339
power,KFC_v2,iterative,0.06976038823172581,0.01841732442825339
power,KFC_v2,iterative,0.06991204124962087,0.01841732442825339
power,KFC_v2,iterative,0.07006369426751592,0.01841732442825339
power,KFC_v2,iterative,0.07021534728541098,0.01841732442825339
power,KFC_v2,iterative,0.07036700030330603,0.018214936247723135
power,KFC_v2,iterative,0.0705186533212011,0.018214936247723135
power,KFC_v2,iterative,0.07067030633909616,0.018214936247723135
power,KFC_v2,iterative,0.0708219593569912,0.018214936247723135
power,KFC_v2,iterative,0.07097361237488627,0.018214936247723135
power,KFC_v2,iterative,0.07112526539278131,0.018214936247723135
power,KFC_v2,iterative,0.07127691841067638,0.018214936247723135
power,KFC_v2,iterative,0.07142857142857142,0.018214936247723135
power,KFC_v2,iterative,0.07158022444646649,0.018214936247723135
power,KFC_v2,iterative,0.07173187746436155,0.018214936247723135
power,KFC_v2,iterative,0.0718835304822566,0.018214936247723135
power,KFC_v2,iterative,0.07203518350015166,0.018214936247723135
power,KFC_v2,iterative,0.07218683651804671,0.018214936247723135
power,KFC_v2,iterative,0.07233848953594177,0.018214936247723135
power,KFC_v2,iterative,0.07249014255383682,0.018214936247723135
power,KFC_v2,iterative,0.07264179557173188,0.018012548067192876
power,KFC_v2,iterative,0.07279344858962694,0.018012548067192876
power,KFC_v2,iterative,0.07294510160752199,0.018012548067192876
power,KFC_v2,iterative,0.07309675462541705,0.017810159886662617
power,KFC_v2,iterative,0.0732484076433121,0.017810159886662617
power,KFC_v2,iterative,0.07340006066120716,0.017810159886662617
power,KFC_v2,iterative,0.07355171367910221,0.017810159886662617
power,KFC_v2,iterative,0.07370336669699727,0.017810159886662617
power,KFC_v2,iterative,0.07385501971489233,0.017810159886662617
power,KFC_v2,iterative,0.07400667273278738,0.017810159886662617
power,KFC_v2,iterative,0.07415832575068244,0.017810159886662617
power,KFC_v2,iterative,0.07430997876857749,0.017810159886662617
power,KFC_v2,iterative,0.07446163178647255,0.017607771706132362
power,KFC_v2,iterative,0.07461328480436762,0.017607771706132362
power,KFC_v2,iterative,0.07476493782226266,0.017607771706132362
power,KFC_v2,iterative,0.07491659084015773,0.017607771706132362
power,KFC_v2,iterative,0.07506824385805277,0.017405383525602103
power,KFC_v2,iterative,0.07521989687594784,0.017405383525602103
power,KFC_v2,iterative,0.07537154989384288,0.017405383525602103
power,KFC_v2,iterative,0.07552320291173795,0.017405383525602103
power,KFC_v2,iterative,0.07567485592963301,0.017405383525602103
power,KFC_v2,iterative,0.07582650894752806,0.017405383525602103
power,KFC_v2,iterative,0.07597816196542312,0.01700060716454159
power,KFC_v2,iterative,0.07612981498331817,0.01700060716454159
power,KFC_v2,iterative,0.07628146800121323,0.01700060716454159
power,KFC_v2,iterative,0.07643312101910828,0.01700060716454159
power,KFC_v2,iterative,0.07658477403700334,0.01700060716454159
power,KFC_v2,iterative,0.0767364270548984,0.01700060716454159
power,KFC_v2,iterative,0.07688808007279345,0.016798218984011334
power,KFC_v2,iterative,0.07703973309068851,0.016798218984011334
power,KFC_v2,iterative,0.07719138610858356,0.016798218984011334
power,KFC_v2,iterative,0.07734303912647862,0.016191054442420562
power,KFC_v2,iterative,0.07749469214437367,0.016191054442420562
power,KFC_v2,iterative,0.07764634516226873,0.016191054442420562
power,KFC_v2,iterative,0.0777979981801638,0.016191054442420562
power,KFC_v2,iterative,0.07794965119805884,0.015988666261890307
power,KFC_v2,iterative,0.0781013042159539,0.015988666261890307
power,KFC_v2,iterative,0.07825295723384895,0.015583889900829791
power,KFC_v2,iterative,0.07840461025174401,0.015583889900829791
power,KFC_v2,iterative,0.07855626326963906,0.015583889900829791
power,KFC_v2,iterative,0.07870791628753412,0.015583889900829791
power,KFC_v2,iterative,0.07885956930542919,0.015583889900829791
power,KFC_v2,iterative,0.07901122232332423,0.015583889900829791
power,KFC_v2,iterative,0.0791628753412193,0.015583889900829791
power,KFC_v2,iterative,0.07931452835911434,0.015583889900829791
power,KFC_v2,iterative,0.0794661813770094,0.015583889900829791
power,KFC_v2,iterative,0.07961783439490445,0.015583889900829791
power,KFC_v2,iterative,0.07976948741279952,0.015583889900829791
power,KFC_v2,iterative,0.07992114043069458,0.015583889900829791
power,KFC_v2,iterative,0.08007279344858963,0.015583889900829791
power,KFC_v2,iterative,0.08022444646648469,0.015583889900829791
power,KFC_v2,iterative,0.08037609948437974,0.015583889900829791
power,KFC_v2,iterative,0.0805277525022748,0.015583889900829791
power,KFC_v2,iterative,0.08067940552016985,0.015583889900829791
power,KFC_v2,iterative,0.08083105853806491,0.015583889900829791
power,KFC_v2,iterative,0.08098271155595997,0.015583889900829791
power,KFC_v2,iterative,0.08113436457385502,0.015583889900829791
power,KFC_v2,iterative,0.08128601759175008,0.015381501720299534
power,KFC_v2,iterative,0.08143767060964513,0.015381501720299534
power,KFC_v2,iterative,0.08158932362754019,0.015179113539769277
power,KFC_v2,iterative,0.08174097664543525,0.015179113539769277
power,KFC_v2,iterative,0.0818926296633303,0.015179113539769277
power,KFC_v2,iterative,0.08204428268122536,0.015179113539769277
power,KFC_v2,iterative,0.08219593569912041,0.015179113539769277
power,KFC_v2,iterative,0.08234758871701547,0.015179113539769277
power,KFC_v2,iterative,0.08249924173491052,0.015179113539769277
power,KFC_v2,iterative,0.08265089475280558,0.015179113539769277
power,KFC_v2,iterative,0.08280254777070065,0.015179113539769277
power,KFC_v2,iterative,0.0829542007885957,0.015179113539769277
power,KFC_v2,iterative,0.08310585380649076,0.014571948998178506
power,KFC_v2,iterative,0.0832575068243858,0.014571948998178506
power,KFC_v2,iterative,0.08340915984228087,0.014571948998178506
power,KFC_v2,iterative,0.08356081286017591,0.014571948998178506
power,KFC_v2,iterative,0.08371246587807098,0.014571948998178506
power,KFC_v2,iterative,0.08386411889596604,0.01436956081764825
power,KFC_v2,iterative,0.08401577191386109,0.01436956081764825
power,KFC_v2,iterative,0.08416742493175615,0.01436956081764825
power,KFC_v2,iterative,0.0843190779496512,0.01436956081764825
power,KFC_v2,iterative,0.08447073096754626,0.01436956081764825
power,KFC_v2,iterative,0.08462238398544131,0.01436956081764825
power,KFC_v2,iterative,0.08477403700333637,0.013964784456587736
power,KFC_v2,iterative,0.08492569002123143,0.013964784456587736
power,KFC_v2,iterative,0.08507734303912648,0.013964784456587736
power,KFC_v2,iterative,0.08522899605702154,0.013964784456587736
power,KFC_v2,iterative,0.08538064907491659,0.013964784456587736
power,KFC_v2,iterative,0.08553230209281165,0.013964784456587736
power,KFC_v2,iterative,0.0856839551107067,0.013964784456587736
power,KFC_v2,iterative,0.08583560812860176,0.013762396276057479
power,KFC_v2,iterative,0.08598726114649682,0.013762396276057479
power,KFC_v2,iterative,0.08613891416439187,0.013762396276057479
power,KFC_v2,iterative,0.08629056718228693,0.013762396276057479
power,KFC_v2,iterative,0.08644222020018198,0.013762396276057479
power,KFC_v2,iterative,0.08659387321807704,0.013762396276057479
power,KFC_v2,iterative,0.08674552623597209,0.013762396276057479
power,KFC_v2,iterative,0.08689717925386715,0.013762396276057479
power,KFC_v2,iterative,0.08704883227176222,0.013762396276057479
power,KFC_v2,iterative,0.08720048528965726,0.013357619914996965
power,KFC_v2,iterative,0.08735213830755233,0.013357619914996965
power,KFC_v2,iterative,0.08750379132544737,0.013357619914996965
power,KFC_v2,iterative,0.08765544434334244,0.013357619914996965
power,KFC_v2,iterative,0.08780709736123748,0.013357619914996965
power,KFC_v2,iterative,0.08795875037913255,0.013357619914996965
power,KFC_v2,iterative,0.08811040339702761,0.013357619914996965
power,KFC_v2,iterative,0.08826205641492266,0.013357619914996965
power,KFC_v2,iterative,0.08841370943281772,0.013357619914996965
power,KFC_v2,iterative,0.08856536245071277,0.013357619914996965
power,KFC_v2,iterative,0.08871701546860783,0.013357619914996965
power,KFC_v2,iterative,0.08886866848650288,0.013357619914996965
power,KFC_v2,iterative,0.08902032150439794,0.013357619914996965
power,KFC_v2,iterative,0.089171974522293,0.013357619914996965
power,KFC_v2,iterative,0.08932362754018805,0.013155231734466708
power,KFC_v2,iterative,0.08947528055808311,0.013155231734466708
power,KFC_v2,iterative,0.08962693357597816,0.013155231734466708
power,KFC_v2,iterative,0.08977858659387322,0.013155231734466708
power,KFC_v2,iterative,0.08993023961176828,0.013155231734466708
power,KFC_v2,iterative,0.09008189262966333,0.013155231734466708
power,KFC_v2,iterative,0.0902335456475584,0.013155231734466708
power,KFC_v2,iterative,0.09038519866545344,0.013155231734466708
power,KFC_v2,iterative,0.0905368516833485,0.012952843553936451
power,KFC_v2,iterative,0.09068850470124355,0.012952843553936451
power,KFC_v2,iterative,0.09084015771913861,0.012952843553936451
power,KFC_v2,iterative,0.09099181073703368,0.012952843553936451
power,KFC_v2,iterative,0.09114346375492872,0.012952843553936451
power,KFC_v2,iterative,0.09129511677282379,0.012750455373406194
power,KFC_v2,iterative,0.09144676979071883,0.012750455373406194
power,KFC_v2,iterative,0.0915984228086139,0.012750455373406194
power,KFC_v2,iterative,0.09175007582650894,0.012750455373406194
power,KFC_v2,iterative,0.09190172884440401,0.012750455373406194
power,KFC_v2,iterative,0.09205338186229907,0.012750455373406194
power,KFC_v2,iterative,0.09220503488019412,0.012750455373406194
power,KFC_v2,iterative,0.09235668789808918,0.012750455373406194
power,KFC_v2,iterative,0.09250834091598423,0.012750455373406194
power,KFC_v2,iterative,0.09265999393387929,0.012750455373406194
power,KFC_v2,iterative,0.09281164695177434,0.012750455373406194
power,KFC_v2,iterative,0.0929632999696694,0.012750455373406194
power,KFC_v2,iterative,0.09311495298756446,0.012750455373406194
power,KFC_v2,iterative,0.09326660600545951,0.012548067192875935
power,KFC_v2,iterative,0.09341825902335457,0.012548067192875935
power,KFC_v2,iterative,0.09356991204124962,0.012548067192875935
power,KFC_v2,iterative,0.09372156505914468,0.012548067192875935
power,KFC_v2,iterative,0.09387321807703973,0.012548067192875935
power,KFC_v2,iterative,0.09402487109493479,0.012548067192875935
power,KFC_v2,iterative,0.09417652411282985,0.012548067192875935
power,KFC_v2,iterative,0.0943281771307249,0.012548067192875935
power,KFC_v2,iterative,0.09447983014861996,0.012345679012345678
power,KFC_v2,iterative,0.09463148316651501,0.012345679012345678
power,KFC_v2,iterative,0.09478313618441007,0.012345679012345678
power,KFC_v2,iterative,0.09493478920230512,0.012345679012345678
power,KFC_v2,iterative,0.09508644222020018,0.012143290831815421
power,KFC_v2,iterative,0.09523809523809525,0.012143290831815421
power,KFC_v2,iterative,0.0953897482559903,0.012143290831815421
power,KFC_v2,iterative,0.09554140127388536,0.012143290831815421
power,KFC_v2,iterative,0.0956930542917804,0.012143290831815421
power,KFC_v2,iterative,0.09584470730967547,0.012143290831815421
power,KFC_v2,iterative,0.09599636032757052,0.011940902651285164
power,KFC_v2,iterative,0.09614801334546558,0.011940902651285164
power,KFC_v2,iterative,0.09629966636336064,0.011940902651285164
power,KFC_v2,iterative,0.09645131938125569,0.011940902651285164
power,KFC_v2,iterative,0.09660297239915075,0.011940902651285164
power,KFC_v2,iterative,0.0967546254170458,0.011738514470754908
power,KFC_v2,iterative,0.09690627843494086,0.011738514470754908
power,KFC_v2,iterative,0.09705793145283592,0.011738514470754908
power,KFC_v2,iterative,0.09720958447073097,0.011738514470754908
power,KFC_v2,iterative,0.09736123748862603,0.011738514470754908
power,KFC_v2,iterative,0.09751289050652108,0.01153612629022465
power,KFC_v2,iterative,0.09766454352441614,0.01153612629022465
power,KFC_v2,iterative,0.09781619654231119,0.01153612629022465
power,KFC_v2,iterative,0.09796784956020625,0.01153612629022465
power,KFC_v2,iterative,0.09811950257810131,0.01153612629022465
power,KFC_v2,iterative,0.09827115559599636,0.011333738109694394
power,KFC_v2,iterative,0.09842280861389142,0.011333738109694394
power,KFC_v2,iterative,0.09857446163178647,0.011333738109694394
power,KFC_v2,iterative,0.09872611464968153,0.011333738109694394
power,KFC_v2,iterative,0.09887776766757658,0.011333738109694394
power,KFC_v2,iterative,0.09902942068547164,0.011333738109694394
power,KFC_v2,iterative,0.0991810737033667,0.011333738109694394
power,KFC_v2,iterative,0.09933272672126175,0.011333738109694394
power,KFC_v2,iterative,0.09948437973915682,0.011333738109694394
power,KFC_v2,iterative,0.09963603275705187,0.011333738109694394
power,KFC_v2,iterative,0.09978768577494693,0.011333738109694394
power,KFC_v2,iterative,0.09993933879284198,0.011333738109694394
power,KFC_v2,iterative,0.10009099181073704,0.011333738109694394
power,KFC_v2,iterative,0.1002426448286321,0.011333738109694394
power,KFC_v2,iterative,0.10039429784652715,0.011131349929164137
power,KFC_v2,iterative,0.10054595086442221,0.011131349929164137
power,KFC_v2,iterative,0.10069760388231726,0.011131349929164137
power,KFC_v2,iterative,0.10084925690021232,0.011131349929164137
power,KFC_v2,iterative,0.10100090991810737,0.011131349929164137
power,KFC_v2,iterative,0.10115256293600243,0.011131349929164137
power,KFC_v2,iterative,0.10130421595389749,0.011131349929164137
power,KFC_v2,iterative,0.10145586897179254,0.011131349929164137
power,KFC_v2,iterative,0.1016075219896876,0.011131349929164137
power,KFC_v2,iterative,0.10175917500758265,0.011131349929164137
power,KFC_v2,iterative,0.10191082802547771,0.011131349929164137
power,KFC_v2,iterative,0.10206248104337276,0.011131349929164137
power,KFC_v2,iterative,0.10221413406126782,0.01092896174863388
power,KFC_v2,iterative,0.10236578707916288,0.01092896174863388
power,KFC_v2,iterative,0.10251744009705793,0.01092896174863388
power,KFC_v2,iterative,0.102669093114953,0.01092896174863388
power,KFC_v2,iterative,0.10282074613284804,0.010726573568103623
power,KFC_v2,iterative,0.1029723991507431,0.010726573568103623
power,KFC_v2,iterative,0.10312405216863815,0.010726573568103623
power,KFC_v2,iterative,0.10327570518653321,0.010726573568103623
power,KFC_v2,iterative,0.10342735820442828,0.010726573568103623
power,KFC_v2,iterative,0.10357901122232333,0.010726573568103623
power,KFC_v2,iterative,0.10373066424021839,0.010726573568103623
power,KFC_v2,iterative,0.10388231725811344,0.010726573568103623
power,KFC_v2,iterative,0.1040339702760085,0.010726573568103623
power,KFC_v2,iterative,0.10418562329390355,0.010726573568103623
power,KFC_v2,iterative,0.10433727631179861,0.010524185387573366
power,KFC_v2,iterative,0.10448892932969367,0.010524185387573366
power,KFC_v2,iterative,0.10464058234758872,0.010524185387573366
power,KFC_v2,iterative,0.10479223536548378,0.010524185387573366
power,KFC_v2,iterative,0.10494388838337883,0.010524185387573366
power,KFC_v2,iterative,0.10509554140127389,0.010524185387573366
power,KFC_v2,iterative,0.10524719441916895,0.010524185387573366
power,KFC_v2,iterative,0.105398847437064,0.010524185387573366
power,KFC_v2,iterative,0.10555050045495906,0.010524185387573366
power,KFC_v2,iterative,0.10570215347285411,0.010524185387573366
power,KFC_v2,iterative,0.10585380649074917,0.010524185387573366
power,KFC_v2,iterative,0.10600545950864422,0.010524185387573366
power,KFC_v2,iterative,0.10615711252653928,0.010524185387573366
power,KFC_v2,iterative,0.10630876554443434,0.010524185387573366
power,KFC_v2,iterative,0.10646041856232939,0.010524185387573366
power,KFC_v2,iterative,0.10661207158022445,0.010524185387573366
power,KFC_v2,iterative,0.1067637245981195,0.010524185387573366
power,KFC_v2,iterative,0.10691537761601456,0.010524185387573366
power,KFC_v2,iterative,0.10706703063390961,0.010321797207043109
power,KFC_v2,iterative,0.10721868365180467,0.010321797207043109
power,KFC_v2,iterative,0.10737033666969974,0.010321797207043109
power,KFC_v2,iterative,0.10752198968759479,0.010321797207043109
power,KFC_v2,iterative,0.10767364270548985,0.010321797207043109
power,KFC_v2,iterative,0.1078252957233849,0.010321797207043109
power,KFC_v2,iterative,0.10797694874127996,0.010321797207043109
power,KFC_v2,iterative,0.108128601759175,0.010321797207043109
power,KFC_v2,iterative,0.10828025477707007,0.010321797207043109
power,KFC_v2,iterative,0.10843190779496513,0.010119409026512852
power,KFC_v2,iterative,0.10858356081286018,0.010119409026512852
power,KFC_v2,iterative,0.10873521383075524,0.010119409026512852
power,KFC_v2,iterative,0.10888686684865029,0.010119409026512852
power,KFC_v2,iterative,0.10903851986654535,0.010119409026512852
power,KFC_v2,iterative,0.1091901728844404,0.010119409026512852
power,KFC_v2,iterative,0.10934182590233546,0.010119409026512852
power,KFC_v2,iterative,0.10949347892023052,0.009917020845982595
power,KFC_v2,iterative,0.10964513193812557,0.009917020845982595
power,KFC_v2,iterative,0.10979678495602063,0.009917020845982595
power,KFC_v2,iterative,0.10994843797391568,0.009917020845982595
power,KFC_v2,iterative,0.11010009099181074,0.009917020845982595
power,KFC_v2,iterative,0.11025174400970579,0.009917020845982595
power,KFC_v2,iterative,0.11040339702760085,0.009917020845982595
power,KFC_v2,iterative,0.11055505004549591,0.009917020845982595
power,KFC_v2,iterative,0.11070670306339096,0.009917020845982595
power,KFC_v2,iterative,0.11085835608128602,0.009917020845982595
power,KFC_v2,iterative,0.11101000909918107,0.009917020845982595
power,KFC_v2,iterative,0.11116166211707613,0.009917020845982595
power,KFC_v2,iterative,0.11131331513497118,0.009917020845982595
power,KFC_v2,iterative,0.11146496815286625,0.009917020845982595
power,KFC_v2,iterative,0.11161662117076131,0.009917020845982595
power,KFC_v2,iterative,0.11176827418865636,0.009714632665452338
power,KFC_v2,iterative,0.11191992720655142,0.009714632665452338
power,KFC_v2,iterative,0.11207158022444647,0.009714632665452338
power,KFC_v2,iterative,0.11222323324234153,0.009714632665452338
power,KFC_v2,iterative,0.11237488626023658,0.009714632665452338
power,KFC_v2,iterative,0.11252653927813164,0.009714632665452338
power,KFC_v2,iterative,0.1126781922960267,0.009714632665452338
power,KFC_v2,iterative,0.11282984531392175,0.009714632665452338
power,KFC_v2,iterative,0.11298149833181681,0.009714632665452338
power,KFC_v2,iterative,0.11313315134971186,0.009714632665452338
power,KFC_v2,iterative,0.11328480436760692,0.009714632665452338
power,KFC_v2,iterative,0.11343645738550198,0.009714632665452338
power,KFC_v2,iterative,0.11358811040339703,0.009714632665452338
power,KFC_v2,iterative,0.11373976342129209,0.009714632665452338
power,KFC_v2,iterative,0.11389141643918714,0.009714632665452338
power,KFC_v2,iterative,0.1140430694570822,0.009714632665452338
power,KFC_v2,iterative,0.11419472247497725,0.009512244484922081
power,KFC_v2,iterative,0.11434637549287231,0.009512244484922081
power,KFC_v2,iterative,0.11449802851076737,0.009512244484922081
power,KFC_v2,iterative,0.11464968152866242,0.009512244484922081
power,KFC_v2,iterative,0.11480133454655748,0.009512244484922081
power,KFC_v2,iterative,0.11495298756445253,0.009512244484922081
power,KFC_v2,iterative,0.1151046405823476,0.009309856304391824
power,KFC_v2,iterative,0.11525629360024264,0.009309856304391824
power,KFC_v2,iterative,0.1154079466181377,0.009309856304391824
power,KFC_v2,iterative,0.11555959963603277,0.009309856304391824
power,KFC_v2,iterative,0.11571125265392782,0.009309856304391824
power,KFC_v2,iterative,0.11586290567182288,0.009309856304391824
power,KFC_v2,iterative,0.11601455868971793,0.009309856304391824
power,KFC_v2,iterative,0.11616621170761299,0.009309856304391824
power,KFC_v2,iterative,0.11631786472550804,0.009309856304391824
power,KFC_v2,iterative,0.1164695177434031,0.009309856304391824
power,KFC_v2,iterative,0.11662117076129816,0.009309856304391824
power,KFC_v2,iterative,0.11677282377919321,0.009309856304391824
power,KFC_v2,iterative,0.11692447679708827,0.009309856304391824
power,KFC_v2,iterative,0.11707612981498332,0.009309856304391824
power,KFC_v2,iterative,0.11722778283287838,0.009309856304391824
power,KFC_v2,iterative,0.11737943585077343,0.009309856304391824
power,KFC_v2,iterative,0.11753108886866849,0.009309856304391824
power,KFC_v2,iterative,0.11768274188656355,0.009107468123861567
power,KFC_v2,iterative,0.1178343949044586,0.009107468123861567
power,KFC_v2,iterative,0.11798604792235366,0.009107468123861567
power,KFC_v2,iterative,0.11813770094024871,0.009107468123861567
power,KFC_v2,iterative,0.11828935395814377,0.009107468123861567
power,KFC_v2,iterative,0.11844100697603882,0.009107468123861567
power,KFC_v2,iterative,0.11859265999393388,0.009107468123861567
power,KFC_v2,iterative,0.11874431301182894,0.009107468123861567
power,KFC_v2,iterative,0.11889596602972399,0.009107468123861567
power,KFC_v2,iterative,0.11904761904761905,0.009107468123861567
power,KFC_v2,iterative,0.1191992720655141,0.009107468123861567
power,KFC_v2,iterative,0.11935092508340917,0.008702691762801052
power,KFC_v2,iterative,0.11950257810130421,0.008702691762801052
power,KFC_v2,iterative,0.11965423111919928,0.008702691762801052
power,KFC_v2,iterative,0.11980588413709434,0.008702691762801052
power,KFC_v2,iterative,0.11995753715498939,0.008702691762801052
power,KFC_v2,iterative,0.12010919017288445,0.008702691762801052
power,KFC_v2,iterative,0.1202608431907795,0.008702691762801052
power,KFC_v2,iterative,0.12041249620867456,0.008702691762801052
power,KFC_v2,iterative,0.12056414922656962,0.008500303582270795
power,KFC_v2,iterative,0.12071580224446467,0.008500303582270795
power,KFC_v2,iterative,0.12086745526235973,0.008500303582270795
power,KFC_v2,iterative,0.12101910828025478,0.008500303582270795
power,KFC_v2,iterative,0.12117076129814984,0.008500303582270795
power,KFC_v2,iterative,0.12132241431604489,0.008500303582270795
power,KFC_v2,iterative,0.12147406733393995,0.008500303582270795
power,KFC_v2,iterative,0.12162572035183501,0.008500303582270795
power,KFC_v2,iterative,0.12177737336973006,0.008500303582270795
power,KFC_v2,iterative,0.12192902638762512,0.008500303582270795
power,KFC_v2,iterative,0.12208067940552017,0.008500303582270795
power,KFC_v2,iterative,0.12223233242341523,0.008500303582270795
power,KFC_v2,iterative,0.12238398544131028,0.008500303582270795
power,KFC_v2,iterative,0.12253563845920534,0.008500303582270795
power,KFC_v2,iterative,0.1226872914771004,0.008500303582270795
power,KFC_v2,iterative,0.12283894449499545,0.008500303582270795
power,KFC_v2,iterative,0.12299059751289051,0.008297915401740538
power,KFC_v2,iterative,0.12314225053078556,0.008297915401740538
power,KFC_v2,iterative,0.12329390354868063,0.008297915401740538
power,KFC_v2,iterative,0.12344555656657567,0.008297915401740538
power,KFC_v2,iterative,0.12359720958447074,0.008297915401740538
power,KFC_v2,iterative,0.1237488626023658,0.008297915401740538
power,KFC_v2,iterative,0.12390051562026085,0.008297915401740538
power,KFC_v2,iterative,0.12405216863815591,0.008297915401740538
power,KFC_v2,iterative,0.12420382165605096,0.008297915401740538
power,KFC_v2,iterative,0.12435547467394602,0.008297915401740538
power,KFC_v2,iterative,0.12450712769184107,0.008297915401740538
power,KFC_v2,iterative,0.12465878070973613,0.008095527221210281
power,KFC_v2,iterative,0.12481043372763119,0.008095527221210281
power,KFC_v2,iterative,0.12496208674552624,0.008095527221210281
power,KFC_v2,iterative,0.1251137397634213,0.008095527221210281
power,KFC_v2,iterative,0.12526539278131635,0.008095527221210281
power,KFC_v2,iterative,0.1254170457992114,0.008095527221210281
power,KFC_v2,iterative,0.12556869881710647,0.008095527221210281
power,KFC_v2,iterative,0.12572035183500152,0.007893139040680024
power,KFC_v2,iterative,0.12587200485289657,0.007893139040680024
power,KFC_v2,iterative,0.12602365787079164,0.007893139040680024
power,KFC_v2,iterative,0.1261753108886867,0.007893139040680024
power,KFC_v2,iterative,0.12632696390658174,0.007893139040680024
power,KFC_v2,iterative,0.1264786169244768,0.007893139040680024
power,KFC_v2,iterative,0.12663026994237186,0.007893139040680024
power,KFC_v2,iterative,0.1267819229602669,0.007893139040680024
power,KFC_v2,iterative,0.12693357597816196,0.007893139040680024
power,KFC_v2,iterative,0.12708522899605704,0.007690750860149767
power,KFC_v2,iterative,0.12723688201395209,0.007690750860149767
power,KFC_v2,iterative,0.12738853503184713,0.007690750860149767
power,KFC_v2,iterative,0.12754018804974218,0.007690750860149767
power,KFC_v2,iterative,0.12769184106763726,0.007690750860149767
power,KFC_v2,iterative,0.1278434940855323,0.007690750860149767
power,KFC_v2,iterative,0.12799514710342735,0.007690750860149767
power,KFC_v2,iterative,0.12814680012132243,0.007690750860149767
power,KFC_v2,iterative,0.12829845313921748,0.007690750860149767
power,KFC_v2,iterative,0.12845010615711253,0.007690750860149767
power,KFC_v2,iterative,0.12860175917500757,0.007690750860149767
power,KFC_v2,iterative,0.12875341219290265,0.007285974499089253
power,KFC_v2,iterative,0.1289050652107977,0.007285974499089253
power,KFC_v2,iterative,0.12905671822869275,0.007285974499089253
power,KFC_v2,iterative,0.12920837124658782,0.007285974499089253
power,KFC_v2,iterative,0.12936002426448287,0.007285974499089253
power,KFC_v2,iterative,0.12951167728237792,0.007285974499089253
power,KFC_v2,iterative,0.12966333030027297,0.007285974499089253
power,KFC_v2,iterative,0.12981498331816804,0.007083586318558996
power,KFC_v2,iterative,0.1299666363360631,0.007083586318558996
power,KFC_v2,iterative,0.13011828935395814,0.007083586318558996
power,KFC_v2,iterative,0.13026994237185321,0.007083586318558996
power,KFC_v2,iterative,0.13042159538974826,0.007083586318558996
power,KFC_v2,iterative,0.1305732484076433,0.007083586318558996
power,KFC_v2,iterative,0.13072490142553836,0.007083586318558996
power,KFC_v2,iterative,0.13087655444343343,0.007083586318558996
power,KFC_v2,iterative,0.13102820746132848,0.007083586318558996
power,KFC_v2,iterative,0.13117986047922353,0.007083586318558996
power,KFC_v2,iterative,0.1313315134971186,0.006881198138028739
power,KFC_v2,iterative,0.13148316651501366,0.006881198138028739
power,KFC_v2,iterative,0.1316348195329087,0.006881198138028739
power,KFC_v2,iterative,0.13178647255080375,0.006881198138028739
power,KFC_v2,iterative,0.13193812556869883,0.006881198138028739
power,KFC_v2,iterative,0.13208977858659388,0.006881198138028739
power,KFC_v2,iterative,0.13224143160448892,0.006881198138028739
power,KFC_v2,iterative,0.132393084622384,0.006881198138028739
power,KFC_v2,iterative,0.13254473764027905,0.006881198138028739
power,KFC_v2,iterative,0.1326963906581741,0.006881198138028739
power,KFC_v2,iterative,0.13284804367606917,0.006881198138028739
power,KFC_v2,iterative,0.13299969669396422,0.006881198138028739
power,KFC_v2,iterative,0.13315134971185927,0.006881198138028739
power,KFC_v2,iterative,0.13330300272975432,0.006678809957498482
power,KFC_v2,iterative,0.1334546557476494,0.006678809957498482
power,KFC_v2,iterative,0.13360630876554444,0.006678809957498482
power,KFC_v2,iterative,0.1337579617834395,0.006678809957498482
power,KFC_v2,iterative,0.13390961480133456,0.006678809957498482
power,KFC_v2,iterative,0.1340612678192296,0.006678809957498482
power,KFC_v2,iterative,0.13421292083712466,0.006678809957498482
power,KFC_v2,iterative,0.1343645738550197,0.006678809957498482
power,KFC_v2,iterative,0.13451622687291478,0.006678809957498482
power,KFC_v2,iterative,0.13466787989080983,0.006678809957498482
power,KFC_v2,iterative,0.13481953290870488,0.006678809957498482
power,KFC_v2,iterative,0.13497118592659996,0.006678809957498482
power,KFC_v2,iterative,0.135122838944495,0.006678809957498482
power,KFC_v2,iterative,0.13527449196239005,0.006678809957498482
power,KFC_v2,iterative,0.1354261449802851,0.0064764217769682254
power,KFC_v2,iterative,0.13557779799818018,0.0064764217769682254
power,KFC_v2,iterative,0.13572945101607523,0.0064764217769682254
power,KFC_v2,iterative,0.13588110403397027,0.0064764217769682254
power,KFC_v2,iterative,0.13603275705186535,0.0064764217769682254
power,KFC_v2,iterative,0.1361844100697604,0.0064764217769682254
power,KFC_v2,iterative,0.13633606308765545,0.0064764217769682254
power,KFC_v2,iterative,0.1364877161055505,0.006274033596437968
power,KFC_v2,iterative,0.13663936912344557,0.006274033596437968
power,KFC_v2,iterative,0.13679102214134062,0.006274033596437968
power,KFC_v2,iterative,0.13694267515923567,0.006274033596437968
power,KFC_v2,iterative,0.13709432817713074,0.006274033596437968
power,KFC_v2,iterative,0.1372459811950258,0.006274033596437968
power,KFC_v2,iterative,0.13739763421292084,0.006274033596437968
power,KFC_v2,iterative,0.1375492872308159,0.006274033596437968
power,KFC_v2,iterative,0.13770094024871096,0.006274033596437968
power,KFC_v2,iterative,0.137852593266606,0.006274033596437968
power,KFC_v2,iterative,0.13800424628450106,0.006274033596437968
power,KFC_v2,iterative,0.13815589930239613,0.006274033596437968
power,KFC_v2,iterative,0.13830755232029118,0.006274033596437968
power,KFC_v2,iterative,0.13845920533818623,0.006274033596437968
power,KFC_v2,iterative,0.13861085835608128,0.006274033596437968
power,KFC_v2,iterative,0.13876251137397635,0.006274033596437968
power,KFC_v2,iterative,0.1389141643918714,0.006274033596437968
power,KFC_v2,iterative,0.13906581740976645,0.006274033596437968
power,KFC_v2,iterative,0.13921747042766153,0.006274033596437968
power,KFC_v2,iterative,0.13936912344555658,0.006274033596437968
power,KFC_v2,iterative,0.13952077646345162,0.006274033596437968
power,KFC_v2,iterative,0.13967242948134667,0.006274033596437968
power,KFC_v2,iterative,0.13982408249924175,0.006274033596437968
power,KFC_v2,iterative,0.1399757355171368,0.006274033596437968
power,KFC_v2,iterative,0.14012738853503184,0.006274033596437968
power,KFC_v2,iterative,0.14027904155292692,0.006071645415907711
power,KFC_v2,iterative,0.14043069457082197,0.006071645415907711
power,KFC_v2,iterative,0.14058234758871702,0.006071645415907711
power,KFC_v2,iterative,0.14073400060661206,0.006071645415907711
power,KFC_v2,iterative,0.14088565362450714,0.006071645415907711
power,KFC_v2,iterative,0.1410373066424022,0.006071645415907711
power,KFC_v2,iterative,0.14118895966029724,0.006071645415907711
power,KFC_v2,iterative,0.1413406126781923,0.006071645415907711
power,KFC_v2,iterative,0.14149226569608736,0.006071645415907711
power,KFC_v2,iterative,0.1416439187139824,0.006071645415907711
power,KFC_v2,iterative,0.14179557173187746,0.006071645415907711
power,KFC_v2,iterative,0.14194722474977253,0.006071645415907711
power,KFC_v2,iterative,0.14209887776766758,0.006071645415907711
power,KFC_v2,iterative,0.14225053078556263,0.006071645415907711
power,KFC_v2,iterative,0.1424021838034577,0.006071645415907711
power,KFC_v2,iterative,0.14255383682135275,0.006071645415907711
power,KFC_v2,iterative,0.1427054898392478,0.006071645415907711
power,KFC_v2,iterative,0.14285714285714285,0.006071645415907711
power,KFC_v2,iterative,0.14300879587503793,0.006071645415907711
power,KFC_v2,iterative,0.14316044889293297,0.006071645415907711
power,KFC_v2,iterative,0.14331210191082802,0.006071645415907711
power,KFC_v2,iterative,0.1434637549287231,0.006071645415907711
power,KFC_v2,iterative,0.14361540794661815,0.006071645415907711
power,KFC_v2,iterative,0.1437670609645132,0.006071645415907711
power,KFC_v2,iterative,0.14391871398240824,0.006071645415907711
power,KFC_v2,iterative,0.14407036700030332,0.006071645415907711
power,KFC_v2,iterative,0.14422202001819837,0.006071645415907711
power,KFC_v2,iterative,0.14437367303609341,0.005869257235377454
power,KFC_v2,iterative,0.1445253260539885,0.005869257235377454
power,KFC_v2,iterative,0.14467697907188354,0.005869257235377454
power,KFC_v2,iterative,0.1448286320897786,0.005869257235377454
power,KFC_v2,iterative,0.14498028510767363,0.005869257235377454
power,KFC_v2,iterative,0.1451319381255687,0.005869257235377454
power,KFC_v2,iterative,0.14528359114346376,0.005869257235377454
power,KFC_v2,iterative,0.1454352441613588,0.005869257235377454
power,KFC_v2,iterative,0.14558689717925388,0.005869257235377454
power,KFC_v2,iterative,0.14573855019714893,0.005869257235377454
power,KFC_v2,iterative,0.14589020321504398,0.005869257235377454
power,KFC_v2,iterative,0.14604185623293903,0.005869257235377454
power,KFC_v2,iterative,0.1461935092508341,0.005869257235377454
power,KFC_v2,iterative,0.14634516226872915,0.005869257235377454
power,KFC_v2,iterative,0.1464968152866242,0.005869257235377454
power,KFC_v2,iterative,0.14664846830451927,0.005869257235377454
power,KFC_v2,iterative,0.14680012132241432,0.005869257235377454
power,KFC_v2,iterative,0.14695177434030937,0.005666869054847197
power,KFC_v2,iterative,0.14710342735820442,0.005666869054847197
power,KFC_v2,iterative,0.1472550803760995,0.005666869054847197
power,KFC_v2,iterative,0.14740673339399454,0.005666869054847197
power,KFC_v2,iterative,0.1475583864118896,0.005666869054847197
power,KFC_v2,iterative,0.14771003942978467,0.005666869054847197
power,KFC_v2,iterative,0.14786169244767972,0.005666869054847197
power,KFC_v2,iterative,0.14801334546557476,0.005666869054847197
power,KFC_v2,iterative,0.14816499848346984,0.005666869054847197
power,KFC_v2,iterative,0.1483166515013649,0.005666869054847197
power,KFC_v2,iterative,0.14846830451925994,0.005666869054847197
power,KFC_v2,iterative,0.14861995753715498,0.005666869054847197
power,KFC_v2,iterative,0.14877161055505006,0.005666869054847197
power,KFC_v2,iterative,0.1489232635729451,0.005666869054847197
power,KFC_v2,iterative,0.14907491659084016,0.005666869054847197
power,KFC_v2,iterative,0.14922656960873523,0.005666869054847197
power,KFC_v2,iterative,0.14937822262663028,0.005666869054847197
power,KFC_v2,iterative,0.14952987564452533,0.005666869054847197
power,KFC_v2,iterative,0.14968152866242038,0.005666869054847197
power,KFC_v2,iterative,0.14983318168031545,0.005666869054847197
power,KFC_v2,iterative,0.1499848346982105,0.005666869054847197
power,KFC_v2,iterative,0.15013648771610555,0.005666869054847197
power,KFC_v2,iterative,0.15028814073400062,0.005666869054847197
power,KFC_v2,iterative,0.15043979375189567,0.005666869054847197
power,KFC_v2,iterative,0.15059144676979072,0.005666869054847197
power,KFC_v2,iterative,0.15074309978768577,0.00546448087431694
power,KFC_v2,iterative,0.15089475280558085,0.00546448087431694
power,KFC_v2,iterative,0.1510464058234759,0.00546448087431694
power,KFC_v2,iterative,0.15119805884137094,0.00546448087431694
power,KFC_v2,iterative,0.15134971185926602,0.00546448087431694
power,KFC_v2,iterative,0.15150136487716107,0.00546448087431694
power,KFC_v2,iterative,0.1516530178950561,0.00546448087431694
power,KFC_v2,iterative,0.15180467091295116,0.00546448087431694
power,KFC_v2,iterative,0.15195632393084624,0.00546448087431694
power,KFC_v2,iterative,0.15210797694874129,0.00546448087431694
power,KFC_v2,iterative,0.15225962996663633,0.00546448087431694
power,KFC_v2,iterative,0.1524112829845314,0.00546448087431694
power,KFC_v2,iterative,0.15256293600242646,0.00546448087431694
power,KFC_v2,iterative,0.1527145890203215,0.00546448087431694
power,KFC_v2,iterative,0.15286624203821655,0.00546448087431694
power,KFC_v2,iterative,0.15301789505611163,0.00546448087431694
power,KFC_v2,iterative,0.15316954807400668,0.00546448087431694
power,KFC_v2,iterative,0.15332120109190173,0.00546448087431694
power,KFC_v2,iterative,0.1534728541097968,0.00546448087431694
power,KFC_v2,iterative,0.15362450712769185,0.00546448087431694
power,KFC_v2,iterative,0.1537761601455869,0.00546448087431694
power,KFC_v2,iterative,0.15392781316348195,0.00546448087431694
power,KFC_v2,iterative,0.15407946618137702,0.00546448087431694
power,KFC_v2,iterative,0.15423111919927207,0.00546448087431694
power,KFC_v2,iterative,0.15438277221716712,0.00546448087431694
power,KFC_v2,iterative,0.1545344252350622,0.00546448087431694
power,KFC_v2,iterative,0.15468607825295724,0.00546448087431694
power,KFC_v2,iterative,0.1548377312708523,0.00546448087431694
power,KFC_v2,iterative,0.15498938428874734,0.00546448087431694
power,KFC_v2,iterative,0.15514103730664242,0.00546448087431694
power,KFC_v2,iterative,0.15529269032453746,0.00546448087431694
power,KFC_v2,iterative,0.1554443433424325,0.005262092693786683
power,KFC_v2,iterative,0.1555959963603276,0.005262092693786683
power,KFC_v2,iterative,0.15574764937822264,0.005262092693786683
power,KFC_v2,iterative,0.15589930239611768,0.005262092693786683
power,KFC_v2,iterative,0.15605095541401273,0.005262092693786683
power,KFC_v2,iterative,0.1562026084319078,0.005262092693786683
power,KFC_v2,iterative,0.15635426144980286,0.005262092693786683
power,KFC_v2,iterative,0.1565059144676979,0.005262092693786683
power,KFC_v2,iterative,0.15665756748559298,0.005262092693786683
power,KFC_v2,iterative,0.15680922050348803,0.005262092693786683
power,KFC_v2,iterative,0.15696087352138308,0.005262092693786683
power,KFC_v2,iterative,0.15711252653927812,0.005262092693786683
power,KFC_v2,iterative,0.1572641795571732,0.005262092693786683
power,KFC_v2,iterative,0.15741583257506825,0.005262092693786683
power,KFC_v2,iterative,0.1575674855929633,0.005262092693786683
power,KFC_v2,iterative,0.15771913861085837,0.005262092693786683
power,KFC_v2,iterative,0.15787079162875342,0.005262092693786683
power,KFC_v2,iterative,0.15802244464664847,0.005262092693786683
power,KFC_v2,iterative,0.15817409766454352,0.005059704513256426
power,KFC_v2,iterative,0.1583257506824386,0.005059704513256426
power,KFC_v2,iterative,0.15847740370033364,0.005059704513256426
power,KFC_v2,iterative,0.1586290567182287,0.005059704513256426
power,KFC_v2,iterative,0.15878070973612377,0.005059704513256426
power,KFC_v2,iterative,0.1589323627540188,0.005059704513256426
power,KFC_v2,iterative,0.15908401577191386,0.005059704513256426
power,KFC_v2,iterative,0.1592356687898089,0.005059704513256426
power,KFC_v2,iterative,0.15938732180770399,0.005059704513256426
power,KFC_v2,iterative,0.15953897482559903,0.005059704513256426
power,KFC_v2,iterative,0.15969062784349408,0.005059704513256426
power,KFC_v2,iterative,0.15984228086138916,0.005059704513256426
power,KFC_v2,iterative,0.1599939338792842,0.005059704513256426
power,KFC_v2,iterative,0.16014558689717925,0.005059704513256426
power,KFC_v2,iterative,0.1602972399150743,0.005059704513256426
power,KFC_v2,iterative,0.16044889293296938,0.005059704513256426
power,KFC_v2,iterative,0.16060054595086443,0.005059704513256426
power,KFC_v2,iterative,0.16075219896875947,0.005059704513256426
power,KFC_v2,iterative,0.16090385198665455,0.005059704513256426
power,KFC_v2,iterative,0.1610555050045496,0.005059704513256426
power,KFC_v2,iterative,0.16120715802244465,0.005059704513256426
power,KFC_v2,iterative,0.1613588110403397,0.005059704513256426
power,KFC_v2,iterative,0.16151046405823477,0.005059704513256426
power,KFC_v2,iterative,0.16166211707612982,0.005059704513256426
power,KFC_v2,iterative,0.16181377009402487,0.005059704513256426
power,KFC_v2,iterative,0.16196542311191994,0.005059704513256426
power,KFC_v2,iterative,0.162117076129815,0.005059704513256426
power,KFC_v2,iterative,0.16226872914771004,0.005059704513256426
power,KFC_v2,iterative,0.1624203821656051,0.005059704513256426
power,KFC_v2,iterative,0.16257203518350016,0.005059704513256426
power,KFC_v2,iterative,0.1627236882013952,0.005059704513256426
power,KFC_v2,iterative,0.16287534121929026,0.005059704513256426
power,KFC_v2,iterative,0.16302699423718534,0.005059704513256426
power,KFC_v2,iterative,0.16317864725508038,0.004857316332726169
power,KFC_v2,iterative,0.16333030027297543,0.004857316332726169
power,KFC_v2,iterative,0.1634819532908705,0.004857316332726169
power,KFC_v2,iterative,0.16363360630876556,0.004857316332726169
power,KFC_v2,iterative,0.1637852593266606,0.004857316332726169
power,KFC_v2,iterative,0.16393691234455565,0.004857316332726169
power,KFC_v2,iterative,0.16408856536245073,0.004857316332726169
power,KFC_v2,iterative,0.16424021838034578,0.004857316332726169
power,KFC_v2,iterative,0.16439187139824082,0.004857316332726169
power,KFC_v2,iterative,0.1645435244161359,0.004857316332726169
power,KFC_v2,iterative,0.16469517743403095,0.004857316332726169
power,KFC_v2,iterative,0.164846830451926,0.004857316332726169
power,KFC_v2,iterative,0.16499848346982104,0.004857316332726169
power,KFC_v2,iterative,0.16515013648771612,0.004857316332726169
power,KFC_v2,iterative,0.16530178950561117,0.004857316332726169
power,KFC_v2,iterative,0.16545344252350622,0.004857316332726169
power,KFC_v2,iterative,0.1656050955414013,0.004857316332726169
power,KFC_v2,iterative,0.16575674855929634,0.004857316332726169
power,KFC_v2,iterative,0.1659084015771914,0.004857316332726169
power,KFC_v2,iterative,0.16606005459508644,0.004857316332726169
power,KFC_v2,iterative,0.1662117076129815,0.004857316332726169
power,KFC_v2,iterative,0.16636336063087656,0.004857316332726169
power,KFC_v2,iterative,0.1665150136487716,0.004857316332726169
power,KFC_v2,iterative,0.16666666666666669,0.004857316332726169
power,KFC_v2,iterative,0.16681831968456173,0.004654928152195912
power,KFC_v2,iterative,0.16696997270245678,0.004654928152195912
power,KFC_v2,iterative,0.16712162572035183,0.004654928152195912
power,KFC_v2,iterative,0.1672732787382469,0.004654928152195912
power,KFC_v2,iterative,0.16742493175614195,0.004654928152195912
power,KFC_v2,iterative,0.167576584774037,0.004654928152195912
power,KFC_v2,iterative,0.16772823779193208,0.004654928152195912
power,KFC_v2,iterative,0.16787989080982713,0.004654928152195912
power,KFC_v2,iterative,0.16803154382772217,0.004654928152195912
power,KFC_v2,iterative,0.16818319684561722,0.004654928152195912
power,KFC_v2,iterative,0.1683348498635123,0.004654928152195912
power,KFC_v2,iterative,0.16848650288140735,0.004654928152195912
power,KFC_v2,iterative,0.1686381558993024,0.004654928152195912
power,KFC_v2,iterative,0.16878980891719747,0.004654928152195912
power,KFC_v2,iterative,0.16894146193509252,0.004654928152195912
power,KFC_v2,iterative,0.16909311495298757,0.004654928152195912
power,KFC_v2,iterative,0.16924476797088261,0.004654928152195912
power,KFC_v2,iterative,0.1693964209887777,0.004654928152195912
power,KFC_v2,iterative,0.16954807400667274,0.004654928152195912
power,KFC_v2,iterative,0.1696997270245678,0.004654928152195912
power,KFC_v2,iterative,0.16985138004246286,0.004654928152195912
power,KFC_v2,iterative,0.1700030330603579,0.004654928152195912
power,KFC_v2,iterative,0.17015468607825296,0.004654928152195912
power,KFC_v2,iterative,0.170306339096148,0.004654928152195912
power,KFC_v2,iterative,0.17045799211404308,0.004654928152195912
power,KFC_v2,iterative,0.17060964513193813,0.004654928152195912
power,KFC_v2,iterative,0.17076129814983318,0.004654928152195912
power,KFC_v2,iterative,0.17091295116772826,0.004654928152195912
power,KFC_v2,iterative,0.1710646041856233,0.004654928152195912
power,KFC_v2,iterative,0.17121625720351835,0.004654928152195912
power,KFC_v2,iterative,0.1713679102214134,0.004654928152195912
power,KFC_v2,iterative,0.17151956323930848,0.004654928152195912
power,KFC_v2,iterative,0.17167121625720352,0.004654928152195912
power,KFC_v2,iterative,0.17182286927509857,0.004654928152195912
power,KFC_v2,iterative,0.17197452229299365,0.004452539971665654
power,KFC_v2,iterative,0.1721261753108887,0.004452539971665654
power,KFC_v2,iterative,0.17227782832878374,0.004452539971665654
power,KFC_v2,iterative,0.1724294813466788,0.004452539971665654
power,KFC_v2,iterative,0.17258113436457387,0.004452539971665654
power,KFC_v2,iterative,0.17273278738246892,0.004452539971665654
power,KFC_v2,iterative,0.17288444040036396,0.004452539971665654
power,KFC_v2,iterative,0.17303609341825904,0.004452539971665654
power,KFC_v2,iterative,0.1731877464361541,0.004452539971665654
power,KFC_v2,iterative,0.17333939945404914,0.004452539971665654
power,KFC_v2,iterative,0.17349105247194418,0.004452539971665654
power,KFC_v2,iterative,0.17364270548983926,0.004452539971665654
power,KFC_v2,iterative,0.1737943585077343,0.004452539971665654
power,KFC_v2,iterative,0.17394601152562936,0.004452539971665654
power,KFC_v2,iterative,0.17409766454352443,0.004452539971665654
power,KFC_v2,iterative,0.17424931756141948,0.004452539971665654
power,KFC_v2,iterative,0.17440097057931453,0.004452539971665654
power,KFC_v2,iterative,0.17455262359720958,0.004452539971665654
power,KFC_v2,iterative,0.17470427661510465,0.004452539971665654
power,KFC_v2,iterative,0.1748559296329997,0.004452539971665654
power,KFC_v2,iterative,0.17500758265089475,0.004452539971665654
power,KFC_v2,iterative,0.17515923566878983,0.004452539971665654
power,KFC_v2,iterative,0.17531088868668487,0.004452539971665654
power,KFC_v2,iterative,0.17546254170457992,0.004452539971665654
power,KFC_v2,iterative,0.17561419472247497,0.004452539971665654
power,KFC_v2,iterative,0.17576584774037005,0.004452539971665654
power,KFC_v2,iterative,0.1759175007582651,0.004452539971665654
power,KFC_v2,iterative,0.17606915377616014,0.004452539971665654
power,KFC_v2,iterative,0.17622080679405522,0.004452539971665654
power,KFC_v2,iterative,0.17637245981195027,0.004452539971665654
power,KFC_v2,iterative,0.17652411282984531,0.004452539971665654
power,KFC_v2,iterative,0.17667576584774036,0.004452539971665654
power,KFC_v2,iterative,0.17682741886563544,0.004452539971665654
power,KFC_v2,iterative,0.1769790718835305,0.004452539971665654
power,KFC_v2,iterative,0.17713072490142553,0.004452539971665654
power,KFC_v2,iterative,0.1772823779193206,0.004250151791135397
power,KFC_v2,iterative,0.17743403093721566,0.004250151791135397
power,KFC_v2,iterative,0.1775856839551107,0.004250151791135397
power,KFC_v2,iterative,0.17773733697300576,0.004250151791135397
power,KFC_v2,iterative,0.17788898999090083,0.004250151791135397
power,KFC_v2,iterative,0.17804064300879588,0.004250151791135397
power,KFC_v2,iterative,0.17819229602669093,0.004250151791135397
power,KFC_v2,iterative,0.178343949044586,0.004250151791135397
power,KFC_v2,iterative,0.17849560206248105,0.004250151791135397
power,KFC_v2,iterative,0.1786472550803761,0.004250151791135397
power,KFC_v2,iterative,0.17879890809827118,0.004250151791135397
power,KFC_v2,iterative,0.17895056111616622,0.004250151791135397
power,KFC_v2,iterative,0.17910221413406127,0.004250151791135397
power,KFC_v2,iterative,0.17925386715195632,0.004250151791135397
power,KFC_v2,iterative,0.1794055201698514,0.004250151791135397
power,KFC_v2,iterative,0.17955717318774644,0.004250151791135397
power,KFC_v2,iterative,0.1797088262056415,0.004250151791135397
power,KFC_v2,iterative,0.17986047922353657,0.004250151791135397
power,KFC_v2,iterative,0.18001213224143162,0.004250151791135397
power,KFC_v2,iterative,0.18016378525932666,0.004250151791135397
power,KFC_v2,iterative,0.1803154382772217,0.004250151791135397
power,KFC_v2,iterative,0.1804670912951168,0.004250151791135397
power,KFC_v2,iterative,0.18061874431301184,0.004250151791135397
power,KFC_v2,iterative,0.18077039733090688,0.004250151791135397
power,KFC_v2,iterative,0.18092205034880196,0.004250151791135397
power,KFC_v2,iterative,0.181073703366697,0.004250151791135397
power,KFC_v2,iterative,0.18122535638459206,0.004250151791135397
power,KFC_v2,iterative,0.1813770094024871,0.004250151791135397
power,KFC_v2,iterative,0.18152866242038218,0.004250151791135397
power,KFC_v2,iterative,0.18168031543827723,0.004250151791135397
power,KFC_v2,iterative,0.18183196845617228,0.004250151791135397
power,KFC_v2,iterative,0.18198362147406735,0.004250151791135397
power,KFC_v2,iterative,0.1821352744919624,0.0040477636106051405
power,KFC_v2,iterative,0.18228692750985745,0.0040477636106051405
power,KFC_v2,iterative,0.1824385805277525,0.0040477636106051405
power,KFC_v2,iterative,0.18259023354564757,0.0040477636106051405
power,KFC_v2,iterative,0.18274188656354262,0.0040477636106051405
power,KFC_v2,iterative,0.18289353958143767,0.0040477636106051405
power,KFC_v2,iterative,0.18304519259933275,0.0040477636106051405
power,KFC_v2,iterative,0.1831968456172278,0.0040477636106051405
power,KFC_v2,iterative,0.18334849863512284,0.0040477636106051405
power,KFC_v2,iterative,0.1835001516530179,0.0040477636106051405
power,KFC_v2,iterative,0.18365180467091297,0.0040477636106051405
power,KFC_v2,iterative,0.18380345768880801,0.0040477636106051405
power,KFC_v2,iterative,0.18395511070670306,0.0040477636106051405
power,KFC_v2,iterative,0.18410676372459814,0.0040477636106051405
power,KFC_v2,iterative,0.1842584167424932,0.0040477636106051405
power,KFC_v2,iterative,0.18441006976038823,0.0040477636106051405
power,KFC_v2,iterative,0.18456172277828328,0.0040477636106051405
power,KFC_v2,iterative,0.18471337579617836,0.0040477636106051405
power,KFC_v2,iterative,0.1848650288140734,0.0040477636106051405
power,KFC_v2,iterative,0.18501668183196845,0.0040477636106051405
power,KFC_v2,iterative,0.18516833484986353,0.0040477636106051405
power,KFC_v2,iterative,0.18531998786775858,0.0040477636106051405
power,KFC_v2,iterative,0.18547164088565363,0.0040477636106051405
power,KFC_v2,iterative,0.18562329390354868,0.0040477636106051405
power,KFC_v2,iterative,0.18577494692144375,0.0040477636106051405
power,KFC_v2,iterative,0.1859265999393388,0.0040477636106051405
power,KFC_v2,iterative,0.18607825295723385,0.0040477636106051405
power,KFC_v2,iterative,0.18622990597512892,0.0040477636106051405
power,KFC_v2,iterative,0.18638155899302397,0.0040477636106051405
power,KFC_v2,iterative,0.18653321201091902,0.0040477636106051405
power,KFC_v2,iterative,0.18668486502881407,0.0040477636106051405
power,KFC_v2,iterative,0.18683651804670914,0.0040477636106051405
power,KFC_v2,iterative,0.1869881710646042,0.0040477636106051405
power,KFC_v2,iterative,0.18713982408249924,0.0040477636106051405
power,KFC_v2,iterative,0.18729147710039432,0.0040477636106051405
power,KFC_v2,iterative,0.18744313011828936,0.0040477636106051405
power,KFC_v2,iterative,0.1875947831361844,0.0040477636106051405
power,KFC_v2,iterative,0.18774643615407946,0.0040477636106051405
power,KFC_v2,iterative,0.18789808917197454,0.0040477636106051405
power,KFC_v2,iterative,0.18804974218986958,0.0038453754300748835
power,KFC_v2,iterative,0.18820139520776463,0.0038453754300748835
power,KFC_v2,iterative,0.1883530482256597,0.0038453754300748835
power,KFC_v2,iterative,0.18850470124355476,0.0038453754300748835
power,KFC_v2,iterative,0.1886563542614498,0.0038453754300748835
power,KFC_v2,iterative,0.18880800727934485,0.0038453754300748835
power,KFC_v2,iterative,0.18895966029723993,0.0038453754300748835
power,KFC_v2,iterative,0.18911131331513498,0.0038453754300748835
power,KFC_v2,iterative,0.18926296633303002,0.0038453754300748835
power,KFC_v2,iterative,0.1894146193509251,0.0038453754300748835
power,KFC_v2,iterative,0.18956627236882015,0.0038453754300748835
power,KFC_v2,iterative,0.1897179253867152,0.0038453754300748835
power,KFC_v2,iterative,0.18986957840461025,0.0038453754300748835
power,KFC_v2,iterative,0.19002123142250532,0.0038453754300748835
power,KFC_v2,iterative,0.19017288444040037,0.0038453754300748835
power,KFC_v2,iterative,0.19032453745829542,0.0038453754300748835
power,KFC_v2,iterative,0.1904761904761905,0.0038453754300748835
power,KFC_v2,iterative,0.19062784349408554,0.0038453754300748835
power,KFC_v2,iterative,0.1907794965119806,0.0038453754300748835
power,KFC_v2,iterative,0.19093114952987564,0.0038453754300748835
power,KFC_v2,iterative,0.1910828025477707,0.0038453754300748835
power,KFC_v2,iterative,0.19123445556566576,0.0038453754300748835
power,KFC_v2,iterative,0.1913861085835608,0.0038453754300748835
power,KFC_v2,iterative,0.19153776160145589,0.0038453754300748835
power,KFC_v2,iterative,0.19168941461935093,0.0038453754300748835
power,KFC_v2,iterative,0.19184106763724598,0.0038453754300748835
power,KFC_v2,iterative,0.19199272065514103,0.0038453754300748835
power,KFC_v2,iterative,0.1921443736730361,0.0038453754300748835
power,KFC_v2,iterative,0.19229602669093115,0.0038453754300748835
power,KFC_v2,iterative,0.1924476797088262,0.0038453754300748835
power,KFC_v2,iterative,0.19259933272672128,0.0038453754300748835
power,KFC_v2,iterative,0.19275098574461633,0.0036429872495446266
power,KFC_v2,iterative,0.19290263876251137,0.0036429872495446266
power,KFC_v2,iterative,0.19305429178040642,0.0036429872495446266
power,KFC_v2,iterative,0.1932059447983015,0.0036429872495446266
power,KFC_v2,iterative,0.19335759781619655,0.0036429872495446266
power,KFC_v2,iterative,0.1935092508340916,0.0036429872495446266
power,KFC_v2,iterative,0.19366090385198667,0.0036429872495446266
power,KFC_v2,iterative,0.19381255686988172,0.0036429872495446266
power,KFC_v2,iterative,0.19396420988777677,0.0036429872495446266
power,KFC_v2,iterative,0.19411586290567184,0.0036429872495446266
power,KFC_v2,iterative,0.1942675159235669,0.0036429872495446266
power,KFC_v2,iterative,0.19441916894146194,0.0036429872495446266
power,KFC_v2,iterative,0.194570821959357,0.0036429872495446266
power,KFC_v2,iterative,0.19472247497725206,0.0036429872495446266
power,KFC_v2,iterative,0.1948741279951471,0.0036429872495446266
power,KFC_v2,iterative,0.19502578101304216,0.0036429872495446266
power,KFC_v2,iterative,0.19517743403093724,0.0036429872495446266
power,KFC_v2,iterative,0.19532908704883228,0.0036429872495446266
power,KFC_v2,iterative,0.19548074006672733,0.0036429872495446266
power,KFC_v2,iterative,0.19563239308462238,0.0036429872495446266
power,KFC_v2,iterative,0.19578404610251746,0.0036429872495446266
power,KFC_v2,iterative,0.1959356991204125,0.0036429872495446266
power,KFC_v2,iterative,0.19608735213830755,0.0036429872495446266
power,KFC_v2,iterative,0.19623900515620263,0.0036429872495446266
power,KFC_v2,iterative,0.19639065817409768,0.0036429872495446266
power,KFC_v2,iterative,0.19654231119199272,0.0036429872495446266
power,KFC_v2,iterative,0.19669396420988777,0.0036429872495446266
power,KFC_v2,iterative,0.19684561722778285,0.0036429872495446266
power,KFC_v2,iterative,0.1969972702456779,0.0036429872495446266
power,KFC_v2,iterative,0.19714892326357294,0.0036429872495446266
power,KFC_v2,iterative,0.19730057628146802,0.0036429872495446266
power,KFC_v2,iterative,0.19745222929936307,0.0036429872495446266
power,KFC_v2,iterative,0.19760388231725812,0.0036429872495446266
power,KFC_v2,iterative,0.19775553533515317,0.0036429872495446266
power,KFC_v2,iterative,0.19790718835304824,0.0036429872495446266
power,KFC_v2,iterative,0.1980588413709433,0.0036429872495446266
power,KFC_v2,iterative,0.19821049438883834,0.0036429872495446266
power,KFC_v2,iterative,0.1983621474067334,0.0036429872495446266
power,KFC_v2,iterative,0.19851380042462846,0.0034405990690143697
power,KFC_v2,iterative,0.1986654534425235,0.0034405990690143697
power,KFC_v2,iterative,0.19881710646041856,0.0034405990690143697
power,KFC_v2,iterative,0.19896875947831363,0.0034405990690143697
power,KFC_v2,iterative,0.19912041249620868,0.0034405990690143697
power,KFC_v2,iterative,0.19927206551410373,0.0034405990690143697
power,KFC_v2,iterative,0.1994237185319988,0.0034405990690143697
power,KFC_v2,iterative,0.19957537154989385,0.0034405990690143697
power,KFC_v2,iterative,0.1997270245677889,0.0034405990690143697
power,KFC_v2,iterative,0.19987867758568395,0.0034405990690143697
power,KFC_v2,iterative,0.20003033060357903,0.0034405990690143697
power,KFC_v2,iterative,0.20018198362147407,0.0034405990690143697
power,KFC_v2,iterative,0.20033363663936912,0.0034405990690143697
power,KFC_v2,iterative,0.2004852896572642,0.0034405990690143697
power,KFC_v2,iterative,0.20063694267515925,0.0034405990690143697
power,KFC_v2,iterative,0.2007885956930543,0.0034405990690143697
power,KFC_v2,iterative,0.20094024871094934,0.0034405990690143697
power,KFC_v2,iterative,0.20109190172884442,0.0034405990690143697
power,KFC_v2,iterative,0.20124355474673947,0.0034405990690143697
power,KFC_v2,iterative,0.20139520776463452,0.0034405990690143697
power,KFC_v2,iterative,0.2015468607825296,0.0034405990690143697
power,KFC_v2,iterative,0.20169851380042464,0.0034405990690143697
power,KFC_v2,iterative,0.2018501668183197,0.0034405990690143697
power,KFC_v2,iterative,0.20200181983621474,0.0034405990690143697
power,KFC_v2,iterative,0.2021534728541098,0.0034405990690143697
power,KFC_v2,iterative,0.20230512587200486,0.0034405990690143697
power,KFC_v2,iterative,0.2024567788898999,0.0034405990690143697
power,KFC_v2,iterative,0.20260843190779498,0.0034405990690143697
power,KFC_v2,iterative,0.20276008492569003,0.0034405990690143697
power,KFC_v2,iterative,0.20291173794358508,0.0034405990690143697
power,KFC_v2,iterative,0.20306339096148013,0.0034405990690143697
power,KFC_v2,iterative,0.2032150439793752,0.0034405990690143697
power,KFC_v2,iterative,0.20336669699727025,0.0034405990690143697
power,KFC_v2,iterative,0.2035183500151653,0.0034405990690143697
power,KFC_v2,iterative,0.20367000303306038,0.0034405990690143697
power,KFC_v2,iterative,0.20382165605095542,0.0034405990690143697
power,KFC_v2,iterative,0.20397330906885047,0.0034405990690143697
power,KFC_v2,iterative,0.20412496208674552,0.0034405990690143697
power,KFC_v2,iterative,0.2042766151046406,0.0034405990690143697
power,KFC_v2,iterative,0.20442826812253564,0.0034405990690143697
power,KFC_v2,iterative,0.2045799211404307,0.0034405990690143697
power,KFC_v2,iterative,0.20473157415832577,0.0034405990690143697
power,KFC_v2,iterative,0.20488322717622082,0.0032382108884841127
power,KFC_v2,iterative,0.20503488019411586,0.0032382108884841127
power,KFC_v2,iterative,0.2051865332120109,0.0032382108884841127
power,KFC_v2,iterative,0.205338186229906,0.0032382108884841127
power,KFC_v2,iterative,0.20548983924780104,0.0032382108884841127
power,KFC_v2,iterative,0.20564149226569609,0.0032382108884841127
power,KFC_v2,iterative,0.20579314528359116,0.0032382108884841127
power,KFC_v2,iterative,0.2059447983014862,0.0032382108884841127
power,KFC_v2,iterative,0.20609645131938126,0.0032382108884841127
power,KFC_v2,iterative,0.2062481043372763,0.0032382108884841127
power,KFC_v2,iterative,0.20639975735517138,0.0032382108884841127
power,KFC_v2,iterative,0.20655141037306643,0.0032382108884841127
power,KFC_v2,iterative,0.20670306339096148,0.0032382108884841127
power,KFC_v2,iterative,0.20685471640885655,0.0032382108884841127
power,KFC_v2,iterative,0.2070063694267516,0.0032382108884841127
power,KFC_v2,iterative,0.20715802244464665,0.0032382108884841127
power,KFC_v2,iterative,0.2073096754625417,0.0032382108884841127
power,KFC_v2,iterative,0.20746132848043677,0.0032382108884841127
power,KFC_v2,iterative,0.20761298149833182,0.0032382108884841127
power,KFC_v2,iterative,0.20776463451622687,0.0032382108884841127
power,KFC_v2,iterative,0.20791628753412195,0.0032382108884841127
power,KFC_v2,iterative,0.208067940552017,0.0032382108884841127
power,KFC_v2,iterative,0.20821959356991204,0.0032382108884841127
power,KFC_v2,iterative,0.2083712465878071,0.0032382108884841127
power,KFC_v2,iterative,0.20852289960570217,0.0032382108884841127
power,KFC_v2,iterative,0.20867455262359721,0.0032382108884841127
power,KFC_v2,iterative,0.20882620564149226,0.0032382108884841127
power,KFC_v2,iterative,0.20897785865938734,0.0032382108884841127
power,KFC_v2,iterative,0.2091295116772824,0.0032382108884841127
power,KFC_v2,iterative,0.20928116469517744,0.0032382108884841127
power,KFC_v2,iterative,0.20943281771307248,0.0032382108884841127
power,KFC_v2,iterative,0.20958447073096756,0.0032382108884841127
power,KFC_v2,iterative,0.2097361237488626,0.0032382108884841127
power,KFC_v2,iterative,0.20988777676675766,0.0032382108884841127
power,KFC_v2,iterative,0.21003942978465273,0.0032382108884841127
power,KFC_v2,iterative,0.21019108280254778,0.0032382108884841127
power,KFC_v2,iterative,0.21034273582044283,0.0032382108884841127
power,KFC_v2,iterative,0.2104943888383379,0.0032382108884841127
power,KFC_v2,iterative,0.21064604185623295,0.0032382108884841127
power,KFC_v2,iterative,0.210797694874128,0.0032382108884841127
power,KFC_v2,iterative,0.21094934789202305,0.0032382108884841127
power,KFC_v2,iterative,0.21110100090991812,0.0032382108884841127
power,KFC_v2,iterative,0.21125265392781317,0.0032382108884841127
power,KFC_v2,iterative,0.21140430694570822,0.0032382108884841127
power,KFC_v2,iterative,0.2115559599636033,0.0032382108884841127
power,KFC_v2,iterative,0.21170761298149834,0.0032382108884841127
power,KFC_v2,iterative,0.2118592659993934,0.0032382108884841127
power,KFC_v2,iterative,0.21201091901728844,0.0032382108884841127
power,KFC_v2,iterative,0.21216257203518352,0.0032382108884841127
power,KFC_v2,iterative,0.21231422505307856,0.0032382108884841127
power,KFC_v2,iterative,0.2124658780709736,0.0032382108884841127
power,KFC_v2,iterative,0.2126175310888687,0.0032382108884841127
power,KFC_v2,iterative,0.21276918410676374,0.0032382108884841127
power,KFC_v2,iterative,0.21292083712465878,0.0032382108884841127
power,KFC_v2,iterative,0.21307249014255383,0.0032382108884841127
power,KFC_v2,iterative,0.2132241431604489,0.0032382108884841127
power,KFC_v2,iterative,0.21337579617834396,0.0032382108884841127
power,KFC_v2,iterative,0.213527449196239,0.0032382108884841127
power,KFC_v2,iterative,0.21367910221413408,0.0032382108884841127
power,KFC_v2,iterative,0.21383075523202913,0.0032382108884841127
power,KFC_v2,iterative,0.21398240824992418,0.0032382108884841127
power,KFC_v2,iterative,0.21413406126781923,0.0032382108884841127
power,KFC_v2,iterative,0.2142857142857143,0.0032382108884841127
power,KFC_v2,iterative,0.21443736730360935,0.0032382108884841127
power,KFC_v2,iterative,0.2145890203215044,0.0032382108884841127
power,KFC_v2,iterative,0.21474067333939947,0.0032382108884841127
power,KFC_v2,iterative,0.21489232635729452,0.0030358227079538553
power,KFC_v2,iterative,0.21504397937518957,0.0030358227079538553
power,KFC_v2,iterative,0.21519563239308462,0.0030358227079538553
power,KFC_v2,iterative,0.2153472854109797,0.0030358227079538553
power,KFC_v2,iterative,0.21549893842887474,0.0030358227079538553
power,KFC_v2,iterative,0.2156505914467698,0.0030358227079538553
power,KFC_v2,iterative,0.21580224446466487,0.0030358227079538553
power,KFC_v2,iterative,0.21595389748255991,0.0030358227079538553
power,KFC_v2,iterative,0.21610555050045496,0.0030358227079538553
power,KFC_v2,iterative,0.21625720351835,0.0030358227079538553
power,KFC_v2,iterative,0.2164088565362451,0.0030358227079538553
power,KFC_v2,iterative,0.21656050955414013,0.0030358227079538553
power,KFC_v2,iterative,0.21671216257203518,0.0030358227079538553
power,KFC_v2,iterative,0.21686381558993026,0.0030358227079538553
power,KFC_v2,iterative,0.2170154686078253,0.0030358227079538553
power,KFC_v2,iterative,0.21716712162572036,0.0030358227079538553
power,KFC_v2,iterative,0.2173187746436154,0.0030358227079538553
power,KFC_v2,iterative,0.21747042766151048,0.0030358227079538553
power,KFC_v2,iterative,0.21762208067940553,0.0030358227079538553
power,KFC_v2,iterative,0.21777373369730058,0.0030358227079538553
power,KFC_v2,iterative,0.21792538671519565,0.0030358227079538553
power,KFC_v2,iterative,0.2180770397330907,0.0030358227079538553
power,KFC_v2,iterative,0.21822869275098575,0.0030358227079538553
power,KFC_v2,iterative,0.2183803457688808,0.0030358227079538553
power,KFC_v2,iterative,0.21853199878677587,0.0030358227079538553
power,KFC_v2,iterative,0.21868365180467092,0.0030358227079538553
power,KFC_v2,iterative,0.21883530482256597,0.0030358227079538553
power,KFC_v2,iterative,0.21898695784046104,0.0030358227079538553
power,KFC_v2,iterative,0.2191386108583561,0.0030358227079538553
power,KFC_v2,iterative,0.21929026387625114,0.0030358227079538553
power,KFC_v2,iterative,0.2194419168941462,0.0030358227079538553
power,KFC_v2,iterative,0.21959356991204126,0.0030358227079538553
power,KFC_v2,iterative,0.2197452229299363,0.0030358227079538553
power,KFC_v2,iterative,0.21989687594783136,0.0030358227079538553
power,KFC_v2,iterative,0.22004852896572644,0.0030358227079538553
power,KFC_v2,iterative,0.22020018198362148,0.0030358227079538553
power,KFC_v2,iterative,0.22035183500151653,0.0030358227079538553
power,KFC_v2,iterative,0.22050348801941158,0.0030358227079538553
power,KFC_v2,iterative,0.22065514103730666,0.0030358227079538553
power,KFC_v2,iterative,0.2208067940552017,0.0030358227079538553
power,KFC_v2,iterative,0.22095844707309675,0.0030358227079538553
power,KFC_v2,iterative,0.22111010009099183,0.0030358227079538553
power,KFC_v2,iterative,0.22126175310888688,0.0030358227079538553
power,KFC_v2,iterative,0.22141340612678193,0.0030358227079538553
power,KFC_v2,iterative,0.22156505914467697,0.0030358227079538553
power,KFC_v2,iterative,0.22171671216257205,0.0030358227079538553
power,KFC_v2,iterative,0.2218683651804671,0.0030358227079538553
power,KFC_v2,iterative,0.22202001819836215,0.0030358227079538553
power,KFC_v2,iterative,0.22217167121625722,0.0030358227079538553
power,KFC_v2,iterative,0.22232332423415227,0.0030358227079538553
power,KFC_v2,iterative,0.22247497725204732,0.0030358227079538553
power,KFC_v2,iterative,0.22262663026994237,0.0030358227079538553
power,KFC_v2,iterative,0.22277828328783744,0.0030358227079538553
power,KFC_v2,iterative,0.2229299363057325,0.0030358227079538553
power,KFC_v2,iterative,0.22308158932362754,0.0030358227079538553
power,KFC_v2,iterative,0.22323324234152261,0.0030358227079538553
power,KFC_v2,iterative,0.22338489535941766,0.0030358227079538553
power,KFC_v2,iterative,0.2235365483773127,0.0030358227079538553
power,KFC_v2,iterative,0.22368820139520776,0.0030358227079538553
power,KFC_v2,iterative,0.22383985441310283,0.0030358227079538553
power,KFC_v2,iterative,0.22399150743099788,0.0030358227079538553
power,KFC_v2,iterative,0.22414316044889293,0.0030358227079538553
power,KFC_v2,iterative,0.224294813466788,0.0030358227079538553
power,KFC_v2,iterative,0.22444646648468305,0.0030358227079538553
power,KFC_v2,iterative,0.2245981195025781,0.0030358227079538553
power,KFC_v2,iterative,0.22474977252047315,0.0030358227079538553
power,KFC_v2,iterative,0.22490142553836823,0.0030358227079538553
power,KFC_v2,iterative,0.22505307855626328,0.0030358227079538553
power,KFC_v2,iterative,0.22520473157415832,0.0030358227079538553
power,KFC_v2,iterative,0.2253563845920534,0.0030358227079538553
power,KFC_v2,iterative,0.22550803760994845,0.0030358227079538553
power,KFC_v2,iterative,0.2256596906278435,0.0030358227079538553
power,KFC_v2,iterative,0.22581134364573857,0.0030358227079538553
power,KFC_v2,iterative,0.22596299666363362,0.0030358227079538553
power,KFC_v2,iterative,0.22611464968152867,0.0028334345274235984
power,KFC_v2,iterative,0.22626630269942372,0.0028334345274235984
power,KFC_v2,iterative,0.2264179557173188,0.0028334345274235984
power,KFC_v2,iterative,0.22656960873521384,0.0028334345274235984
power,KFC_v2,iterative,0.2267212617531089,0.0028334345274235984
power,KFC_v2,iterative,0.22687291477100396,0.0028334345274235984
power,KFC_v2,iterative,0.227024567788899,0.0028334345274235984
power,KFC_v2,iterative,0.22717622080679406,0.0028334345274235984
power,KFC_v2,iterative,0.2273278738246891,0.0028334345274235984
power,KFC_v2,iterative,0.22747952684258418,0.0028334345274235984
power,KFC_v2,iterative,0.22763117986047923,0.0028334345274235984
power,KFC_v2,iterative,0.22778283287837428,0.0028334345274235984
power,KFC_v2,iterative,0.22793448589626936,0.0028334345274235984
power,KFC_v2,iterative,0.2280861389141644,0.0028334345274235984
power,KFC_v2,iterative,0.22823779193205945,0.0028334345274235984
power,KFC_v2,iterative,0.2283894449499545,0.0028334345274235984
power,KFC_v2,iterative,0.22854109796784958,0.0028334345274235984
power,KFC_v2,iterative,0.22869275098574463,0.0028334345274235984
power,KFC_v2,iterative,0.22884440400363967,0.0028334345274235984
power,KFC_v2,iterative,0.22899605702153475,0.0028334345274235984
power,KFC_v2,iterative,0.2291477100394298,0.0028334345274235984
power,KFC_v2,iterative,0.22929936305732485,0.0028334345274235984
power,KFC_v2,iterative,0.2294510160752199,0.0028334345274235984
power,KFC_v2,iterative,0.22960266909311497,0.0028334345274235984
power,KFC_v2,iterative,0.22975432211101002,0.0028334345274235984
power,KFC_v2,iterative,0.22990597512890507,0.0028334345274235984
power,KFC_v2,iterative,0.23005762814680014,0.0028334345274235984
power,KFC_v2,iterative,0.2302092811646952,0.0028334345274235984
power,KFC_v2,iterative,0.23036093418259024,0.0028334345274235984
power,KFC_v2,iterative,0.23051258720048529,0.0028334345274235984
power,KFC_v2,iterative,0.23066424021838036,0.0028334345274235984
power,KFC_v2,iterative,0.2308158932362754,0.0028334345274235984
power,KFC_v2,iterative,0.23096754625417046,0.0028334345274235984
power,KFC_v2,iterative,0.23111919927206553,0.0028334345274235984
power,KFC_v2,iterative,0.23127085228996058,0.0028334345274235984
power,KFC_v2,iterative,0.23142250530785563,0.0028334345274235984
power,KFC_v2,iterative,0.23157415832575068,0.0028334345274235984
power,KFC_v2,iterative,0.23172581134364575,0.0028334345274235984
power,KFC_v2,iterative,0.2318774643615408,0.0028334345274235984
power,KFC_v2,iterative,0.23202911737943585,0.0028334345274235984
power,KFC_v2,iterative,0.23218077039733093,0.0028334345274235984
power,KFC_v2,iterative,0.23233242341522597,0.0028334345274235984
power,KFC_v2,iterative,0.23248407643312102,0.0028334345274235984
power,KFC_v2,iterative,0.23263572945101607,0.0028334345274235984
power,KFC_v2,iterative,0.23278738246891115,0.0028334345274235984
power,KFC_v2,iterative,0.2329390354868062,0.0028334345274235984
power,KFC_v2,iterative,0.23309068850470124,0.0028334345274235984
power,KFC_v2,iterative,0.23324234152259632,0.0028334345274235984
power,KFC_v2,iterative,0.23339399454049137,0.0028334345274235984
power,KFC_v2,iterative,0.23354564755838642,0.0028334345274235984
power,KFC_v2,iterative,0.23369730057628146,0.0028334345274235984
power,KFC_v2,iterative,0.23384895359417654,0.0028334345274235984
power,KFC_v2,iterative,0.2340006066120716,0.0028334345274235984
power,KFC_v2,iterative,0.23415225962996664,0.0028334345274235984
power,KFC_v2,iterative,0.2343039126478617,0.0028334345274235984
power,KFC_v2,iterative,0.23445556566575676,0.0028334345274235984
power,KFC_v2,iterative,0.2346072186836518,0.0028334345274235984
power,KFC_v2,iterative,0.23475887170154686,0.0028334345274235984
power,KFC_v2,iterative,0.23491052471944193,0.0026310463468933415
power,KFC_v2,iterative,0.23506217773733698,0.0026310463468933415
power,KFC_v2,iterative,0.23521383075523203,0.0026310463468933415
power,KFC_v2,iterative,0.2353654837731271,0.0026310463468933415
power,KFC_v2,iterative,0.23551713679102215,0.0026310463468933415
power,KFC_v2,iterative,0.2356687898089172,0.0026310463468933415
power,KFC_v2,iterative,0.23582044282681225,0.0026310463468933415
power,KFC_v2,iterative,0.23597209584470732,0.0026310463468933415
power,KFC_v2,iterative,0.23612374886260237,0.0026310463468933415
power,KFC_v2,iterative,0.23627540188049742,0.0026310463468933415
power,KFC_v2,iterative,0.2364270548983925,0.0026310463468933415
power,KFC_v2,iterative,0.23657870791628755,0.0026310463468933415
power,KFC_v2,iterative,0.2367303609341826,0.0026310463468933415
power,KFC_v2,iterative,0.23688201395207764,0.0026310463468933415
power,KFC_v2,iterative,0.23703366696997272,0.0026310463468933415
power,KFC_v2,iterative,0.23718531998786777,0.0026310463468933415
power,KFC_v2,iterative,0.2373369730057628,0.0026310463468933415
power,KFC_v2,iterative,0.2374886260236579,0.0026310463468933415
power,KFC_v2,iterative,0.23764027904155294,0.0026310463468933415
power,KFC_v2,iterative,0.23779193205944799,0.0026310463468933415
power,KFC_v2,iterative,0.23794358507734303,0.0026310463468933415
power,KFC_v2,iterative,0.2380952380952381,0.0026310463468933415
power,KFC_v2,iterative,0.23824689111313316,0.0026310463468933415
power,KFC_v2,iterative,0.2383985441310282,0.0026310463468933415
power,KFC_v2,iterative,0.23855019714892328,0.0026310463468933415
power,KFC_v2,iterative,0.23870185016681833,0.0026310463468933415
power,KFC_v2,iterative,0.23885350318471338,0.0026310463468933415
power,KFC_v2,iterative,0.23900515620260843,0.0026310463468933415
power,KFC_v2,iterative,0.2391568092205035,0.0026310463468933415
power,KFC_v2,iterative,0.23930846223839855,0.0026310463468933415
power,KFC_v2,iterative,0.2394601152562936,0.0026310463468933415
power,KFC_v2,iterative,0.23961176827418867,0.0026310463468933415
power,KFC_v2,iterative,0.23976342129208372,0.0026310463468933415
power,KFC_v2,iterative,0.23991507430997877,0.0026310463468933415
power,KFC_v2,iterative,0.24006672732787382,0.0026310463468933415
power,KFC_v2,iterative,0.2402183803457689,0.0026310463468933415
power,KFC_v2,iterative,0.24037003336366394,0.0026310463468933415
power,KFC_v2,iterative,0.240521686381559,0.0026310463468933415
power,KFC_v2,iterative,0.24067333939945407,0.0026310463468933415
power,KFC_v2,iterative,0.24082499241734912,0.0026310463468933415
power,KFC_v2,iterative,0.24097664543524416,0.0026310463468933415
power,KFC_v2,iterative,0.24112829845313924,0.0026310463468933415
power,KFC_v2,iterative,0.2412799514710343,0.0026310463468933415
power,KFC_v2,iterative,0.24143160448892934,0.0026310463468933415
power,KFC_v2,iterative,0.24158325750682438,0.0026310463468933415
power,KFC_v2,iterative,0.24173491052471946,0.0026310463468933415
power,KFC_v2,iterative,0.2418865635426145,0.0026310463468933415
power,KFC_v2,iterative,0.24203821656050956,0.0026310463468933415
power,KFC_v2,iterative,0.24218986957840463,0.0026310463468933415
power,KFC_v2,iterative,0.24234152259629968,0.0026310463468933415
power,KFC_v2,iterative,0.24249317561419473,0.0026310463468933415
power,KFC_v2,iterative,0.24264482863208978,0.0026310463468933415
power,KFC_v2,iterative,0.24279648164998485,0.0026310463468933415
power,KFC_v2,iterative,0.2429481346678799,0.0026310463468933415
power,KFC_v2,iterative,0.24309978768577495,0.0026310463468933415
power,KFC_v2,iterative,0.24325144070367002,0.0026310463468933415
power,KFC_v2,iterative,0.24340309372156507,0.0026310463468933415
power,KFC_v2,iterative,0.24355474673946012,0.0026310463468933415
power,KFC_v2,iterative,0.24370639975735517,0.0026310463468933415
power,KFC_v2,iterative,0.24385805277525024,0.0026310463468933415
power,KFC_v2,iterative,0.2440097057931453,0.0026310463468933415
power,KFC_v2,iterative,0.24416135881104034,0.0026310463468933415
power,KFC_v2,iterative,0.24431301182893542,0.0026310463468933415
power,KFC_v2,iterative,0.24446466484683047,0.0026310463468933415
power,KFC_v2,iterative,0.2446163178647255,0.0026310463468933415
power,KFC_v2,iterative,0.24476797088262056,0.0026310463468933415
power,KFC_v2,iterative,0.24491962390051564,0.0026310463468933415
power,KFC_v2,iterative,0.24507127691841069,0.0026310463468933415
power,KFC_v2,iterative,0.24522292993630573,0.0026310463468933415
power,KFC_v2,iterative,0.2453745829542008,0.0026310463468933415
power,KFC_v2,iterative,0.24552623597209586,0.0026310463468933415
power,KFC_v2,iterative,0.2456778889899909,0.0026310463468933415
power,KFC_v2,iterative,0.24582954200788595,0.0026310463468933415
power,KFC_v2,iterative,0.24598119502578103,0.0026310463468933415
power,KFC_v2,iterative,0.24613284804367608,0.0026310463468933415
power,KFC_v2,iterative,0.24628450106157113,0.0026310463468933415
power,KFC_v2,iterative,0.2464361540794662,0.0024286581663630845
power,KFC_v2,iterative,0.24658780709736125,0.0024286581663630845
power,KFC_v2,iterative,0.2467394601152563,0.0024286581663630845
power,KFC_v2,iterative,0.24689111313315135,0.0024286581663630845
power,KFC_v2,iterative,0.24704276615104642,0.0024286581663630845
power,KFC_v2,iterative,0.24719441916894147,0.0024286581663630845
power,KFC_v2,iterative,0.24734607218683652,0.0024286581663630845
power,KFC_v2,iterative,0.2474977252047316,0.0024286581663630845
power,KFC_v2,iterative,0.24764937822262664,0.0024286581663630845
power,KFC_v2,iterative,0.2478010312405217,0.0024286581663630845
power,KFC_v2,iterative,0.24795268425841674,0.0024286581663630845
power,KFC_v2,iterative,0.24810433727631181,0.0024286581663630845
power,KFC_v2,iterative,0.24825599029420686,0.0024286581663630845
power,KFC_v2,iterative,0.2484076433121019,0.0024286581663630845
power,KFC_v2,iterative,0.248559296329997,0.0024286581663630845
power,KFC_v2,iterative,0.24871094934789204,0.0024286581663630845
power,KFC_v2,iterative,0.24886260236578708,0.0024286581663630845
power,KFC_v2,iterative,0.24901425538368213,0.0024286581663630845
power,KFC_v2,iterative,0.2491659084015772,0.0024286581663630845
power,KFC_v2,iterative,0.24931756141947226,0.0024286581663630845
power,KFC_v2,iterative,0.2494692144373673,0.0024286581663630845
power,KFC_v2,iterative,0.24962086745526238,0.0024286581663630845
power,KFC_v2,iterative,0.24977252047315743,0.0024286581663630845
power,KFC_v2,iterative,0.24992417349105248,0.0024286581663630845
power,KFC_v2,iterative,0.25007582650894755,0.0024286581663630845
power,KFC_v2,iterative,0.2502274795268426,0.0024286581663630845
power,KFC_v2,iterative,0.25037913254473765,0.0024286581663630845
power,KFC_v2,iterative,0.2505307855626327,0.0024286581663630845
power,KFC_v2,iterative,0.25068243858052774,0.0024286581663630845
power,KFC_v2,iterative,0.2508340915984228,0.0024286581663630845
power,KFC_v2,iterative,0.2509857446163179,0.0024286581663630845
power,KFC_v2,iterative,0.25113739763421294,0.0024286581663630845
power,KFC_v2,iterative,0.251289050652108,0.0024286581663630845
power,KFC_v2,iterative,0.25144070367000304,0.0024286581663630845
power,KFC_v2,iterative,0.2515923566878981,0.0024286581663630845
power,KFC_v2,iterative,0.25174400970579314,0.0024286581663630845
power,KFC_v2,iterative,0.2518956627236882,0.0024286581663630845
power,KFC_v2,iterative,0.2520473157415833,0.0024286581663630845
power,KFC_v2,iterative,0.25219896875947834,0.0024286581663630845
power,KFC_v2,iterative,0.2523506217773734,0.0024286581663630845
power,KFC_v2,iterative,0.25250227479526843,0.0024286581663630845
power,KFC_v2,iterative,0.2526539278131635,0.0024286581663630845
power,KFC_v2,iterative,0.25280558083105853,0.0024286581663630845
power,KFC_v2,iterative,0.2529572338489536,0.0024286581663630845
power,KFC_v2,iterative,0.2531088868668487,0.0024286581663630845
power,KFC_v2,iterative,0.25326053988474373,0.0024286581663630845
power,KFC_v2,iterative,0.2534121929026388,0.0024286581663630845
power,KFC_v2,iterative,0.2535638459205338,0.0024286581663630845
power,KFC_v2,iterative,0.2537154989384289,0.0024286581663630845
power,KFC_v2,iterative,0.2538671519563239,0.0024286581663630845
power,KFC_v2,iterative,0.25401880497421897,0.0024286581663630845
power,KFC_v2,iterative,0.2541704579921141,0.0024286581663630845
power,KFC_v2,iterative,0.2543221110100091,0.0024286581663630845
power,KFC_v2,iterative,0.25447376402790417,0.0024286581663630845
power,KFC_v2,iterative,0.2546254170457992,0.0024286581663630845
power,KFC_v2,iterative,0.25477707006369427,0.0024286581663630845
power,KFC_v2,iterative,0.2549287230815893,0.0024286581663630845
power,KFC_v2,iterative,0.25508037609948436,0.0024286581663630845
power,KFC_v2,iterative,0.25523202911737947,0.0024286581663630845
power,KFC_v2,iterative,0.2553836821352745,0.0024286581663630845
power,KFC_v2,iterative,0.25553533515316956,0.0024286581663630845
power,KFC_v2,iterative,0.2556869881710646,0.0024286581663630845
power,KFC_v2,iterative,0.25583864118895966,0.0024286581663630845
power,KFC_v2,iterative,0.2559902942068547,0.0024286581663630845
power,KFC_v2,iterative,0.25614194722474976,0.0024286581663630845
power,KFC_v2,iterative,0.25629360024264486,0.0024286581663630845
power,KFC_v2,iterative,0.2564452532605399,0.0024286581663630845
power,KFC_v2,iterative,0.25659690627843496,0.0024286581663630845
power,KFC_v2,iterative,0.25674855929633,0.0024286581663630845
power,KFC_v2,iterative,0.25690021231422505,0.0024286581663630845
power,KFC_v2,iterative,0.2570518653321201,0.0024286581663630845
power,KFC_v2,iterative,0.25720351835001515,0.002226269985832827
power,KFC_v2,iterative,0.25735517136791025,0.002226269985832827
power,KFC_v2,iterative,0.2575068243858053,0.002226269985832827
power,KFC_v2,iterative,0.25765847740370035,0.002226269985832827
power,KFC_v2,iterative,0.2578101304215954,0.002226269985832827
power,KFC_v2,iterative,0.25796178343949044,0.002226269985832827
power,KFC_v2,iterative,0.2581134364573855,0.002226269985832827
power,KFC_v2,iterative,0.25826508947528054,0.002226269985832827
power,KFC_v2,iterative,0.25841674249317564,0.002226269985832827
power,KFC_v2,iterative,0.2585683955110707,0.002226269985832827
power,KFC_v2,iterative,0.25872004852896574,0.002226269985832827
power,KFC_v2,iterative,0.2588717015468608,0.002226269985832827
power,KFC_v2,iterative,0.25902335456475584,0.002226269985832827
power,KFC_v2,iterative,0.2591750075826509,0.002226269985832827
power,KFC_v2,iterative,0.25932666060054593,0.002226269985832827
power,KFC_v2,iterative,0.25947831361844104,0.002226269985832827
power,KFC_v2,iterative,0.2596299666363361,0.002226269985832827
power,KFC_v2,iterative,0.25978161965423113,0.002226269985832827
power,KFC_v2,iterative,0.2599332726721262,0.002226269985832827
power,KFC_v2,iterative,0.26008492569002123,0.002226269985832827
power,KFC_v2,iterative,0.2602365787079163,0.002226269985832827
power,KFC_v2,iterative,0.2603882317258113,0.002226269985832827
power,KFC_v2,iterative,0.26053988474370643,0.002226269985832827
power,KFC_v2,iterative,0.2606915377616015,0.002226269985832827
power,KFC_v2,iterative,0.2608431907794965,0.002226269985832827
power,KFC_v2,iterative,0.2609948437973916,0.002226269985832827
power,KFC_v2,iterative,0.2611464968152866,0.002226269985832827
power,KFC_v2,iterative,0.26129814983318167,0.002226269985832827
power,KFC_v2,iterative,0.2614498028510767,0.002226269985832827
power,KFC_v2,iterative,0.2616014558689718,0.002226269985832827
power,KFC_v2,iterative,0.26175310888686687,0.002226269985832827
power,KFC_v2,iterative,0.2619047619047619,0.002226269985832827
power,KFC_v2,iterative,0.26205641492265697,0.002226269985832827
power,KFC_v2,iterative,0.262208067940552,0.002226269985832827
power,KFC_v2,iterative,0.26235972095844706,0.002226269985832827
power,KFC_v2,iterative,0.2625113739763421,0.002226269985832827
power,KFC_v2,iterative,0.2626630269942372,0.002226269985832827
power,KFC_v2,iterative,0.26281468001213226,0.002226269985832827
power,KFC_v2,iterative,0.2629663330300273,0.002226269985832827
power,KFC_v2,iterative,0.26311798604792236,0.002226269985832827
power,KFC_v2,iterative,0.2632696390658174,0.002226269985832827
power,KFC_v2,iterative,0.26342129208371245,0.002226269985832827
power,KFC_v2,iterative,0.2635729451016075,0.002226269985832827
power,KFC_v2,iterative,0.2637245981195026,0.002226269985832827
power,KFC_v2,iterative,0.26387625113739765,0.002226269985832827
power,KFC_v2,iterative,0.2640279041552927,0.002226269985832827
power,KFC_v2,iterative,0.26417955717318775,0.002226269985832827
power,KFC_v2,iterative,0.2643312101910828,0.002226269985832827
power,KFC_v2,iterative,0.26448286320897785,0.002226269985832827
power,KFC_v2,iterative,0.26463451622687295,0.002226269985832827
power,KFC_v2,iterative,0.264786169244768,0.002226269985832827
power,KFC_v2,iterative,0.26493782226266305,0.002226269985832827
power,KFC_v2,iterative,0.2650894752805581,0.002226269985832827
power,KFC_v2,iterative,0.26524112829845314,0.002226269985832827
power,KFC_v2,iterative,0.2653927813163482,0.002226269985832827
power,KFC_v2,iterative,0.26554443433424324,0.002226269985832827
power,KFC_v2,iterative,0.26569608735213834,0.002226269985832827
power,KFC_v2,iterative,0.2658477403700334,0.002226269985832827
power,KFC_v2,iterative,0.26599939338792844,0.002226269985832827
power,KFC_v2,iterative,0.2661510464058235,0.002226269985832827
power,KFC_v2,iterative,0.26630269942371854,0.002226269985832827
power,KFC_v2,iterative,0.2664543524416136,0.002226269985832827
power,KFC_v2,iterative,0.26660600545950863,0.002226269985832827
power,KFC_v2,iterative,0.26675765847740374,0.002226269985832827
power,KFC_v2,iterative,0.2669093114952988,0.002226269985832827
power,KFC_v2,iterative,0.26706096451319383,0.002226269985832827
power,KFC_v2,iterative,0.2672126175310889,0.002226269985832827
power,KFC_v2,iterative,0.26736427054898393,0.002226269985832827
power,KFC_v2,iterative,0.267515923566879,0.002226269985832827
power,KFC_v2,iterative,0.267667576584774,0.002226269985832827
power,KFC_v2,iterative,0.26781922960266913,0.002226269985832827
power,KFC_v2,iterative,0.2679708826205642,0.002226269985832827
power,KFC_v2,iterative,0.2681225356384592,0.002226269985832827
power,KFC_v2,iterative,0.2682741886563543,0.002226269985832827
power,KFC_v2,iterative,0.2684258416742493,0.002226269985832827
power,KFC_v2,iterative,0.26857749469214437,0.002226269985832827
power,KFC_v2,iterative,0.2687291477100394,0.002226269985832827
power,KFC_v2,iterative,0.2688808007279345,0.002226269985832827
power,KFC_v2,iterative,0.26903245374582957,0.002226269985832827
power,KFC_v2,iterative,0.2691841067637246,0.002226269985832827
power,KFC_v2,iterative,0.26933575978161967,0.002226269985832827
power,KFC_v2,iterative,0.2694874127995147,0.002226269985832827
power,KFC_v2,iterative,0.26963906581740976,0.002226269985832827
power,KFC_v2,iterative,0.2697907188353048,0.002226269985832827
power,KFC_v2,iterative,0.2699423718531999,0.002226269985832827
power,KFC_v2,iterative,0.27009402487109496,0.002226269985832827
power,KFC_v2,iterative,0.27024567788899,0.002226269985832827
power,KFC_v2,iterative,0.27039733090688506,0.002226269985832827
power,KFC_v2,iterative,0.2705489839247801,0.002226269985832827
power,KFC_v2,iterative,0.27070063694267515,0.002226269985832827
power,KFC_v2,iterative,0.2708522899605702,0.002226269985832827
power,KFC_v2,iterative,0.2710039429784653,0.002226269985832827
power,KFC_v2,iterative,0.27115559599636035,0.002226269985832827
power,KFC_v2,iterative,0.2713072490142554,0.002226269985832827
power,KFC_v2,iterative,0.27145890203215045,0.002226269985832827
power,KFC_v2,iterative,0.2716105550500455,0.002226269985832827
power,KFC_v2,iterative,0.27176220806794055,0.002226269985832827
power,KFC_v2,iterative,0.2719138610858356,0.002226269985832827
power,KFC_v2,iterative,0.2720655141037307,0.002226269985832827
power,KFC_v2,iterative,0.27221716712162575,0.002226269985832827
power,KFC_v2,iterative,0.2723688201395208,0.002226269985832827
power,KFC_v2,iterative,0.27252047315741584,0.002226269985832827
power,KFC_v2,iterative,0.2726721261753109,0.002226269985832827
power,KFC_v2,iterative,0.27282377919320594,0.002226269985832827
power,KFC_v2,iterative,0.272975432211101,0.002226269985832827
power,KFC_v2,iterative,0.2731270852289961,0.002226269985832827
power,KFC_v2,iterative,0.27327873824689114,0.002226269985832827
power,KFC_v2,iterative,0.2734303912647862,0.002226269985832827
power,KFC_v2,iterative,0.27358204428268124,0.002226269985832827
power,KFC_v2,iterative,0.2737336973005763,0.002226269985832827
power,KFC_v2,iterative,0.27388535031847133,0.002226269985832827
power,KFC_v2,iterative,0.2740370033363664,0.002226269985832827
power,KFC_v2,iterative,0.2741886563542615,0.002226269985832827
power,KFC_v2,iterative,0.27434030937215653,0.002226269985832827
power,KFC_v2,iterative,0.2744919623900516,0.002226269985832827
power,KFC_v2,iterative,0.27464361540794663,0.002226269985832827
power,KFC_v2,iterative,0.2747952684258417,0.002226269985832827
power,KFC_v2,iterative,0.2749469214437367,0.002226269985832827
power,KFC_v2,iterative,0.2750985744616318,0.002226269985832827
power,KFC_v2,iterative,0.2752502274795269,0.002226269985832827
power,KFC_v2,iterative,0.2754018804974219,0.002226269985832827
power,KFC_v2,iterative,0.275553533515317,0.002226269985832827
power,KFC_v2,iterative,0.275705186533212,0.0020238818053025702
power,KFC_v2,iterative,0.27585683955110707,0.0020238818053025702
power,KFC_v2,iterative,0.2760084925690021,0.0020238818053025702
power,KFC_v2,iterative,0.27616014558689717,0.0020238818053025702
power,KFC_v2,iterative,0.27631179860479227,0.0020238818053025702
power,KFC_v2,iterative,0.2764634516226873,0.0020238818053025702
power,KFC_v2,iterative,0.27661510464058237,0.0020238818053025702
power,KFC_v2,iterative,0.2767667576584774,0.0020238818053025702
power,KFC_v2,iterative,0.27691841067637246,0.0020238818053025702
power,KFC_v2,iterative,0.2770700636942675,0.0020238818053025702
power,KFC_v2,iterative,0.27722171671216256,0.0020238818053025702
power,KFC_v2,iterative,0.27737336973005766,0.0020238818053025702
power,KFC_v2,iterative,0.2775250227479527,0.0020238818053025702
power,KFC_v2,iterative,0.27767667576584776,0.0020238818053025702
power,KFC_v2,iterative,0.2778283287837428,0.0020238818053025702
power,KFC_v2,iterative,0.27797998180163785,0.0020238818053025702
power,KFC_v2,iterative,0.2781316348195329,0.0020238818053025702
power,KFC_v2,iterative,0.27828328783742795,0.0020238818053025702
power,KFC_v2,iterative,0.27843494085532305,0.0020238818053025702
power,KFC_v2,iterative,0.2785865938732181,0.0020238818053025702
power,KFC_v2,iterative,0.27873824689111315,0.0020238818053025702
power,KFC_v2,iterative,0.2788898999090082,0.0020238818053025702
power,KFC_v2,iterative,0.27904155292690325,0.0020238818053025702
power,KFC_v2,iterative,0.2791932059447983,0.0020238818053025702
power,KFC_v2,iterative,0.27934485896269334,0.0020238818053025702
power,KFC_v2,iterative,0.27949651198058845,0.0020238818053025702
power,KFC_v2,iterative,0.2796481649984835,0.0020238818053025702
power,KFC_v2,iterative,0.27979981801637854,0.0020238818053025702
power,KFC_v2,iterative,0.2799514710342736,0.0020238818053025702
power,KFC_v2,iterative,0.28010312405216864,0.0020238818053025702
power,KFC_v2,iterative,0.2802547770700637,0.0020238818053025702
power,KFC_v2,iterative,0.28040643008795874,0.0020238818053025702
power,KFC_v2,iterative,0.28055808310585384,0.0020238818053025702
power,KFC_v2,iterative,0.2807097361237489,0.0020238818053025702
power,KFC_v2,iterative,0.28086138914164394,0.0020238818053025702
power,KFC_v2,iterative,0.281013042159539,0.0020238818053025702
power,KFC_v2,iterative,0.28116469517743403,0.0020238818053025702
power,KFC_v2,iterative,0.2813163481953291,0.0020238818053025702
power,KFC_v2,iterative,0.28146800121322413,0.0020238818053025702
power,KFC_v2,iterative,0.28161965423111923,0.0020238818053025702
power,KFC_v2,iterative,0.2817713072490143,0.0020238818053025702
power,KFC_v2,iterative,0.28192296026690933,0.0020238818053025702
power,KFC_v2,iterative,0.2820746132848044,0.0020238818053025702
power,KFC_v2,iterative,0.2822262663026994,0.0020238818053025702
power,KFC_v2,iterative,0.2823779193205945,0.0020238818053025702
power,KFC_v2,iterative,0.2825295723384895,0.0020238818053025702
power,KFC_v2,iterative,0.2826812253563846,0.0020238818053025702
power,KFC_v2,iterative,0.2828328783742797,0.0020238818053025702
power,KFC_v2,iterative,0.2829845313921747,0.0020238818053025702
power,KFC_v2,iterative,0.28313618441006977,0.0020238818053025702
power,KFC_v2,iterative,0.2832878374279648,0.0020238818053025702
power,KFC_v2,iterative,0.28343949044585987,0.0020238818053025702
power,KFC_v2,iterative,0.2835911434637549,0.0020238818053025702
power,KFC_v2,iterative,0.28374279648165,0.0020238818053025702
power,KFC_v2,iterative,0.28389444949954507,0.0020238818053025702
power,KFC_v2,iterative,0.2840461025174401,0.0020238818053025702
power,KFC_v2,iterative,0.28419775553533516,0.0020238818053025702
power,KFC_v2,iterative,0.2843494085532302,0.0020238818053025702
power,KFC_v2,iterative,0.28450106157112526,0.0020238818053025702
power,KFC_v2,iterative,0.2846527145890203,0.0020238818053025702
power,KFC_v2,iterative,0.2848043676069154,0.0020238818053025702
power,KFC_v2,iterative,0.28495602062481046,0.0020238818053025702
power,KFC_v2,iterative,0.2851076736427055,0.0020238818053025702
power,KFC_v2,iterative,0.28525932666060055,0.0020238818053025702
power,KFC_v2,iterative,0.2854109796784956,0.0020238818053025702
power,KFC_v2,iterative,0.28556263269639065,0.0020238818053025702
power,KFC_v2,iterative,0.2857142857142857,0.0020238818053025702
power,KFC_v2,iterative,0.2858659387321808,0.0020238818053025702
power,KFC_v2,iterative,0.28601759175007585,0.0020238818053025702
power,KFC_v2,iterative,0.2861692447679709,0.0020238818053025702
power,KFC_v2,iterative,0.28632089778586595,0.0020238818053025702
power,KFC_v2,iterative,0.286472550803761,0.0020238818053025702
power,KFC_v2,iterative,0.28662420382165604,0.0020238818053025702
power,KFC_v2,iterative,0.2867758568395511,0.0020238818053025702
power,KFC_v2,iterative,0.2869275098574462,0.0020238818053025702
power,KFC_v2,iterative,0.28707916287534124,0.0020238818053025702
power,KFC_v2,iterative,0.2872308158932363,0.0020238818053025702
power,KFC_v2,iterative,0.28738246891113134,0.0020238818053025702
power,KFC_v2,iterative,0.2875341219290264,0.0020238818053025702
power,KFC_v2,iterative,0.28768577494692144,0.0020238818053025702
power,KFC_v2,iterative,0.2878374279648165,0.0020238818053025702
power,KFC_v2,iterative,0.2879890809827116,0.0020238818053025702
power,KFC_v2,iterative,0.28814073400060664,0.0020238818053025702
power,KFC_v2,iterative,0.2882923870185017,0.0020238818053025702
power,KFC_v2,iterative,0.28844404003639673,0.0020238818053025702
power,KFC_v2,iterative,0.2885956930542918,0.0020238818053025702
power,KFC_v2,iterative,0.28874734607218683,0.0020238818053025702
power,KFC_v2,iterative,0.2888989990900819,0.0020238818053025702
power,KFC_v2,iterative,0.289050652107977,0.0020238818053025702
power,KFC_v2,iterative,0.28920230512587203,0.0020238818053025702
power,KFC_v2,iterative,0.2893539581437671,0.0020238818053025702
power,KFC_v2,iterative,0.2895056111616621,0.0020238818053025702
power,KFC_v2,iterative,0.2896572641795572,0.0020238818053025702
power,KFC_v2,iterative,0.2898089171974522,0.0020238818053025702
power,KFC_v2,iterative,0.28996057021534727,0.0020238818053025702
power,KFC_v2,iterative,0.2901122232332424,0.0020238818053025702
power,KFC_v2,iterative,0.2902638762511374,0.0020238818053025702
power,KFC_v2,iterative,0.29041552926903247,0.0020238818053025702
power,KFC_v2,iterative,0.2905671822869275,0.0020238818053025702
power,KFC_v2,iterative,0.29071883530482256,0.0020238818053025702
power,KFC_v2,iterative,0.2908704883227176,0.0020238818053025702
power,KFC_v2,iterative,0.29102214134061266,0.0020238818053025702
power,KFC_v2,iterative,0.29117379435850776,0.0020238818053025702
power,KFC_v2,iterative,0.2913254473764028,0.0020238818053025702
power,KFC_v2,iterative,0.29147710039429786,0.0020238818053025702
power,KFC_v2,iterative,0.2916287534121929,0.0020238818053025702
power,KFC_v2,iterative,0.29178040643008796,0.0020238818053025702
power,KFC_v2,iterative,0.291932059447983,0.0020238818053025702
power,KFC_v2,iterative,0.29208371246587805,0.0020238818053025702
power,KFC_v2,iterative,0.29223536548377316,0.0020238818053025702
power,KFC_v2,iterative,0.2923870185016682,0.0018214936247723133
power,KFC_v2,iterative,0.29253867151956325,0.0018214936247723133
power,KFC_v2,iterative,0.2926903245374583,0.0018214936247723133
power,KFC_v2,iterative,0.29284197755535335,0.0018214936247723133
power,KFC_v2,iterative,0.2929936305732484,0.0018214936247723133
power,KFC_v2,iterative,0.29314528359114345,0.0018214936247723133
power,KFC_v2,iterative,0.29329693660903855,0.0018214936247723133
power,KFC_v2,iterative,0.2934485896269336,0.0018214936247723133
power,KFC_v2,iterative,0.29360024264482865,0.0018214936247723133
power,KFC_v2,iterative,0.2937518956627237,0.0018214936247723133
power,KFC_v2,iterative,0.29390354868061874,0.0018214936247723133
power,KFC_v2,iterative,0.2940552016985138,0.0018214936247723133
power,KFC_v2,iterative,0.29420685471640884,0.0018214936247723133
power,KFC_v2,iterative,0.29435850773430394,0.0018214936247723133
power,KFC_v2,iterative,0.294510160752199,0.0018214936247723133
power,KFC_v2,iterative,0.29466181377009404,0.0018214936247723133
power,KFC_v2,iterative,0.2948134667879891,0.0018214936247723133
power,KFC_v2,iterative,0.29496511980588414,0.0018214936247723133
power,KFC_v2,iterative,0.2951167728237792,0.0018214936247723133
power,KFC_v2,iterative,0.2952684258416743,0.0018214936247723133
power,KFC_v2,iterative,0.29542007885956933,0.0018214936247723133
power,KFC_v2,iterative,0.2955717318774644,0.0018214936247723133
power,KFC_v2,iterative,0.29572338489535943,0.0018214936247723133
power,KFC_v2,iterative,0.2958750379132545,0.0018214936247723133
power,KFC_v2,iterative,0.2960266909311495,0.0018214936247723133
power,KFC_v2,iterative,0.2961783439490446,0.0018214936247723133
power,KFC_v2,iterative,0.2963299969669397,0.0018214936247723133
power,KFC_v2,iterative,0.2964816499848347,0.0018214936247723133
power,KFC_v2,iterative,0.2966333030027298,0.0018214936247723133
power,KFC_v2,iterative,0.2967849560206248,0.0018214936247723133
power,KFC_v2,iterative,0.29693660903851987,0.0018214936247723133
power,KFC_v2,iterative,0.2970882620564149,0.0018214936247723133
power,KFC_v2,iterative,0.29723991507430997,0.0018214936247723133
power,KFC_v2,iterative,0.29739156809220507,0.0018214936247723133
power,KFC_v2,iterative,0.2975432211101001,0.0018214936247723133
power,KFC_v2,iterative,0.29769487412799517,0.0018214936247723133
power,KFC_v2,iterative,0.2978465271458902,0.0018214936247723133
power,KFC_v2,iterative,0.29799818016378526,0.0018214936247723133
power,KFC_v2,iterative,0.2981498331816803,0.0018214936247723133
power,KFC_v2,iterative,0.29830148619957536,0.0018214936247723133
power,KFC_v2,iterative,0.29845313921747046,0.0018214936247723133
power,KFC_v2,iterative,0.2986047922353655,0.0018214936247723133
power,KFC_v2,iterative,0.29875644525326056,0.0018214936247723133
power,KFC_v2,iterative,0.2989080982711556,0.0018214936247723133
power,KFC_v2,iterative,0.29905975128905066,0.0018214936247723133
power,KFC_v2,iterative,0.2992114043069457,0.0018214936247723133
power,KFC_v2,iterative,0.29936305732484075,0.0018214936247723133
power,KFC_v2,iterative,0.29951471034273586,0.0018214936247723133
power,KFC_v2,iterative,0.2996663633606309,0.0018214936247723133
power,KFC_v2,iterative,0.29981801637852595,0.0018214936247723133
power,KFC_v2,iterative,0.299969669396421,0.0018214936247723133
power,KFC_v2,iterative,0.30012132241431605,0.0018214936247723133
power,KFC_v2,iterative,0.3002729754322111,0.0018214936247723133
power,KFC_v2,iterative,0.30042462845010615,0.0018214936247723133
power,KFC_v2,iterative,0.30057628146800125,0.0018214936247723133
power,KFC_v2,iterative,0.3007279344858963,0.0018214936247723133
power,KFC_v2,iterative,0.30087958750379135,0.0018214936247723133
power,KFC_v2,iterative,0.3010312405216864,0.0018214936247723133
power,KFC_v2,iterative,0.30118289353958144,0.0018214936247723133
power,KFC_v2,iterative,0.3013345465574765,0.0018214936247723133
power,KFC_v2,iterative,0.30148619957537154,0.0018214936247723133
power,KFC_v2,iterative,0.30163785259326664,0.0018214936247723133
power,KFC_v2,iterative,0.3017895056111617,0.0018214936247723133
power,KFC_v2,iterative,0.30194115862905674,0.0018214936247723133
power,KFC_v2,iterative,0.3020928116469518,0.0018214936247723133
power,KFC_v2,iterative,0.30224446466484683,0.0018214936247723133
power,KFC_v2,iterative,0.3023961176827419,0.0018214936247723133
power,KFC_v2,iterative,0.30254777070063693,0.0018214936247723133
power,KFC_v2,iterative,0.30269942371853203,0.0018214936247723133
power,KFC_v2,iterative,0.3028510767364271,0.0018214936247723133
power,KFC_v2,iterative,0.30300272975432213,0.0018214936247723133
power,KFC_v2,iterative,0.3031543827722172,0.0018214936247723133
power,KFC_v2,iterative,0.3033060357901122,0.0018214936247723133
power,KFC_v2,iterative,0.3034576888080073,0.0018214936247723133
power,KFC_v2,iterative,0.3036093418259023,0.0018214936247723133
power,KFC_v2,iterative,0.3037609948437974,0.0018214936247723133
power,KFC_v2,iterative,0.3039126478616925,0.0018214936247723133
power,KFC_v2,iterative,0.3040643008795875,0.0018214936247723133
power,KFC_v2,iterative,0.30421595389748257,0.0018214936247723133
power,KFC_v2,iterative,0.3043676069153776,0.0018214936247723133
power,KFC_v2,iterative,0.30451925993327267,0.0018214936247723133
power,KFC_v2,iterative,0.3046709129511677,0.0018214936247723133
power,KFC_v2,iterative,0.3048225659690628,0.0018214936247723133
power,KFC_v2,iterative,0.30497421898695787,0.0018214936247723133
power,KFC_v2,iterative,0.3051258720048529,0.0018214936247723133
power,KFC_v2,iterative,0.30527752502274796,0.0018214936247723133
power,KFC_v2,iterative,0.305429178040643,0.0018214936247723133
power,KFC_v2,iterative,0.30558083105853806,0.0018214936247723133
power,KFC_v2,iterative,0.3057324840764331,0.0018214936247723133
power,KFC_v2,iterative,0.3058841370943282,0.0018214936247723133
power,KFC_v2,iterative,0.30603579011222326,0.0018214936247723133
power,KFC_v2,iterative,0.3061874431301183,0.0018214936247723133
power,KFC_v2,iterative,0.30633909614801336,0.0018214936247723133
power,KFC_v2,iterative,0.3064907491659084,0.0018214936247723133
power,KFC_v2,iterative,0.30664240218380345,0.0018214936247723133
power,KFC_v2,iterative,0.3067940552016985,0.0018214936247723133
power,KFC_v2,iterative,0.3069457082195936,0.0018214936247723133
power,KFC_v2,iterative,0.30709736123748865,0.0018214936247723133
power,KFC_v2,iterative,0.3072490142553837,0.0018214936247723133
power,KFC_v2,iterative,0.30740066727327875,0.0018214936247723133
power,KFC_v2,iterative,0.3075523202911738,0.0018214936247723133
power,KFC_v2,iterative,0.30770397330906885,0.0018214936247723133
power,KFC_v2,iterative,0.3078556263269639,0.0018214936247723133
power,KFC_v2,iterative,0.308007279344859,0.0018214936247723133
power,KFC_v2,iterative,0.30815893236275405,0.0018214936247723133
power,KFC_v2,iterative,0.3083105853806491,0.0018214936247723133
power,KFC_v2,iterative,0.30846223839854414,0.0018214936247723133
power,KFC_v2,iterative,0.3086138914164392,0.0018214936247723133
power,KFC_v2,iterative,0.30876554443433424,0.0018214936247723133
power,KFC_v2,iterative,0.3089171974522293,0.0018214936247723133
power,KFC_v2,iterative,0.3090688504701244,0.0018214936247723133
power,KFC_v2,iterative,0.30922050348801944,0.0018214936247723133
power,KFC_v2,iterative,0.3093721565059145,0.0018214936247723133
power,KFC_v2,iterative,0.30952380952380953,0.0018214936247723133
power,KFC_v2,iterative,0.3096754625417046,0.0018214936247723133
power,KFC_v2,iterative,0.30982711555959963,0.0018214936247723133
power,KFC_v2,iterative,0.3099787685774947,0.0018214936247723133
power,KFC_v2,iterative,0.3101304215953898,0.0018214936247723133
power,KFC_v2,iterative,0.31028207461328483,0.0018214936247723133
power,KFC_v2,iterative,0.3104337276311799,0.0018214936247723133
power,KFC_v2,iterative,0.3105853806490749,0.0018214936247723133
power,KFC_v2,iterative,0.31073703366697,0.0018214936247723133
power,KFC_v2,iterative,0.310888686684865,0.0018214936247723133
power,KFC_v2,iterative,0.31104033970276007,0.0018214936247723133
power,KFC_v2,iterative,0.3111919927206552,0.0018214936247723133
power,KFC_v2,iterative,0.3113436457385502,0.0018214936247723133
power,KFC_v2,iterative,0.31149529875644527,0.0018214936247723133
power,KFC_v2,iterative,0.3116469517743403,0.0018214936247723133
power,KFC_v2,iterative,0.31179860479223537,0.0018214936247723133
power,KFC_v2,iterative,0.3119502578101304,0.0018214936247723133
power,KFC_v2,iterative,0.31210191082802546,0.0018214936247723133
power,KFC_v2,iterative,0.31225356384592057,0.0018214936247723133
power,KFC_v2,iterative,0.3124052168638156,0.0018214936247723133
power,KFC_v2,iterative,0.31255686988171066,0.0018214936247723133
power,KFC_v2,iterative,0.3127085228996057,0.0018214936247723133
power,KFC_v2,iterative,0.31286017591750076,0.0018214936247723133
power,KFC_v2,iterative,0.3130118289353958,0.0018214936247723133
power,KFC_v2,iterative,0.31316348195329086,0.0018214936247723133
power,KFC_v2,iterative,0.31331513497118596,0.0018214936247723133
power,KFC_v2,iterative,0.313466787989081,0.0018214936247723133
power,KFC_v2,iterative,0.31361844100697606,0.0018214936247723133
power,KFC_v2,iterative,0.3137700940248711,0.0018214936247723133
power,KFC_v2,iterative,0.31392174704276615,0.0018214936247723133
power,KFC_v2,iterative,0.3140734000606612,0.0018214936247723133
power,KFC_v2,iterative,0.31422505307855625,0.0018214936247723133
power,KFC_v2,iterative,0.31437670609645135,0.0018214936247723133
power,KFC_v2,iterative,0.3145283591143464,0.0018214936247723133
power,KFC_v2,iterative,0.31468001213224145,0.0018214936247723133
power,KFC_v2,iterative,0.3148316651501365,0.0018214936247723133
power,KFC_v2,iterative,0.31498331816803155,0.0018214936247723133
power,KFC_v2,iterative,0.3151349711859266,0.0018214936247723133
power,KFC_v2,iterative,0.31528662420382164,0.0018214936247723133
power,KFC_v2,iterative,0.31543827722171675,0.0016191054442420564
power,KFC_v2,iterative,0.3155899302396118,0.0016191054442420564
power,KFC_v2,iterative,0.31574158325750684,0.0016191054442420564
power,KFC_v2,iterative,0.3158932362754019,0.0016191054442420564
power,KFC_v2,iterative,0.31604488929329694,0.0016191054442420564
power,KFC_v2,iterative,0.316196542311192,0.0016191054442420564
power,KFC_v2,iterative,0.31634819532908703,0.0016191054442420564
power,KFC_v2,iterative,0.31649984834698214,0.0016191054442420564
power,KFC_v2,iterative,0.3166515013648772,0.0016191054442420564
power,KFC_v2,iterative,0.31680315438277223,0.0016191054442420564
power,KFC_v2,iterative,0.3169548074006673,0.0016191054442420564
power,KFC_v2,iterative,0.31710646041856233,0.0016191054442420564
power,KFC_v2,iterative,0.3172581134364574,0.0016191054442420564
power,KFC_v2,iterative,0.3174097664543524,0.0016191054442420564
power,KFC_v2,iterative,0.31756141947224753,0.0016191054442420564
power,KFC_v2,iterative,0.3177130724901426,0.0016191054442420564
power,KFC_v2,iterative,0.3178647255080376,0.0016191054442420564
power,KFC_v2,iterative,0.3180163785259327,0.0016191054442420564
power,KFC_v2,iterative,0.3181680315438277,0.0016191054442420564
power,KFC_v2,iterative,0.31831968456172277,0.0016191054442420564
power,KFC_v2,iterative,0.3184713375796178,0.0016191054442420564
power,KFC_v2,iterative,0.3186229905975129,0.0016191054442420564
power,KFC_v2,iterative,0.31877464361540797,0.0016191054442420564
power,KFC_v2,iterative,0.318926296633303,0.0016191054442420564
power,KFC_v2,iterative,0.31907794965119807,0.0016191054442420564
power,KFC_v2,iterative,0.3192296026690931,0.0016191054442420564
power,KFC_v2,iterative,0.31938125568698816,0.0016191054442420564
power,KFC_v2,iterative,0.3195329087048832,0.0016191054442420564
power,KFC_v2,iterative,0.3196845617227783,0.0016191054442420564
power,KFC_v2,iterative,0.31983621474067336,0.0016191054442420564
power,KFC_v2,iterative,0.3199878677585684,0.0016191054442420564
power,KFC_v2,iterative,0.32013952077646346,0.0016191054442420564
power,KFC_v2,iterative,0.3202911737943585,0.0016191054442420564
power,KFC_v2,iterative,0.32044282681225356,0.0016191054442420564
power,KFC_v2,iterative,0.3205944798301486,0.0016191054442420564
power,KFC_v2,iterative,0.3207461328480437,0.0016191054442420564
power,KFC_v2,iterative,0.32089778586593876,0.0016191054442420564
power,KFC_v2,iterative,0.3210494388838338,0.0016191054442420564
power,KFC_v2,iterative,0.32120109190172885,0.0016191054442420564
power,KFC_v2,iterative,0.3213527449196239,0.0016191054442420564
power,KFC_v2,iterative,0.32150439793751895,0.0016191054442420564
power,KFC_v2,iterative,0.321656050955414,0.0016191054442420564
power,KFC_v2,iterative,0.3218077039733091,0.0016191054442420564
power,KFC_v2,iterative,0.32195935699120415,0.0016191054442420564
power,KFC_v2,iterative,0.3221110100090992,0.0016191054442420564
power,KFC_v2,iterative,0.32226266302699424,0.0016191054442420564
power,KFC_v2,iterative,0.3224143160448893,0.0016191054442420564
power,KFC_v2,iterative,0.32256596906278434,0.0016191054442420564
power,KFC_v2,iterative,0.3227176220806794,0.0016191054442420564
power,KFC_v2,iterative,0.3228692750985745,0.0016191054442420564
power,KFC_v2,iterative,0.32302092811646954,0.0016191054442420564
power,KFC_v2,iterative,0.3231725811343646,0.0016191054442420564
power,KFC_v2,iterative,0.32332423415225964,0.0016191054442420564
power,KFC_v2,iterative,0.3234758871701547,0.0016191054442420564
power,KFC_v2,iterative,0.32362754018804973,0.0016191054442420564
power,KFC_v2,iterative,0.3237791932059448,0.0016191054442420564
power,KFC_v2,iterative,0.3239308462238399,0.0016191054442420564
power,KFC_v2,iterative,0.32408249924173493,0.0016191054442420564
power,KFC_v2,iterative,0.32423415225963,0.0016191054442420564
power,KFC_v2,iterative,0.32438580527752503,0.0016191054442420564
power,KFC_v2,iterative,0.3245374582954201,0.0016191054442420564
power,KFC_v2,iterative,0.3246891113133151,0.0016191054442420564
power,KFC_v2,iterative,0.3248407643312102,0.0016191054442420564
power,KFC_v2,iterative,0.3249924173491053,0.0016191054442420564
power,KFC_v2,iterative,0.3251440703670003,0.0016191054442420564
power,KFC_v2,iterative,0.3252957233848954,0.0016191054442420564
power,KFC_v2,iterative,0.3254473764027904,0.0016191054442420564
power,KFC_v2,iterative,0.32559902942068547,0.0016191054442420564
power,KFC_v2,iterative,0.3257506824385805,0.0016191054442420564
power,KFC_v2,iterative,0.32590233545647557,0.0016191054442420564
power,KFC_v2,iterative,0.32605398847437067,0.0016191054442420564
power,KFC_v2,iterative,0.3262056414922657,0.0016191054442420564
power,KFC_v2,iterative,0.32635729451016077,0.0016191054442420564
power,KFC_v2,iterative,0.3265089475280558,0.0016191054442420564
power,KFC_v2,iterative,0.32666060054595086,0.0016191054442420564
power,KFC_v2,iterative,0.3268122535638459,0.0016191054442420564
power,KFC_v2,iterative,0.326963906581741,0.0016191054442420564
power,KFC_v2,iterative,0.32711555959963606,0.0016191054442420564
power,KFC_v2,iterative,0.3272672126175311,0.0016191054442420564
power,KFC_v2,iterative,0.32741886563542616,0.0016191054442420564
power,KFC_v2,iterative,0.3275705186533212,0.0016191054442420564
power,KFC_v2,iterative,0.32772217167121626,0.0016191054442420564
power,KFC_v2,iterative,0.3278738246891113,0.0016191054442420564
power,KFC_v2,iterative,0.3280254777070064,0.0016191054442420564
power,KFC_v2,iterative,0.32817713072490146,0.0016191054442420564
power,KFC_v2,iterative,0.3283287837427965,0.0016191054442420564
power,KFC_v2,iterative,0.32848043676069155,0.0016191054442420564
power,KFC_v2,iterative,0.3286320897785866,0.0016191054442420564
power,KFC_v2,iterative,0.32878374279648165,0.0016191054442420564
power,KFC_v2,iterative,0.3289353958143767,0.0016191054442420564
power,KFC_v2,iterative,0.3290870488322718,0.0016191054442420564
power,KFC_v2,iterative,0.32923870185016685,0.0016191054442420564
power,KFC_v2,iterative,0.3293903548680619,0.0016191054442420564
power,KFC_v2,iterative,0.32954200788595694,0.0016191054442420564
power,KFC_v2,iterative,0.329693660903852,0.0016191054442420564
power,KFC_v2,iterative,0.32984531392174704,0.0016191054442420564
power,KFC_v2,iterative,0.3299969669396421,0.0016191054442420564
power,KFC_v2,iterative,0.3301486199575372,0.0016191054442420564
power,KFC_v2,iterative,0.33030027297543224,0.0016191054442420564
power,KFC_v2,iterative,0.3304519259933273,0.0016191054442420564
power,KFC_v2,iterative,0.33060357901122234,0.0016191054442420564
power,KFC_v2,iterative,0.3307552320291174,0.0016191054442420564
power,KFC_v2,iterative,0.33090688504701243,0.0016191054442420564
power,KFC_v2,iterative,0.3310585380649075,0.0016191054442420564
power,KFC_v2,iterative,0.3312101910828026,0.0016191054442420564
power,KFC_v2,iterative,0.33136184410069763,0.0016191054442420564
power,KFC_v2,iterative,0.3315134971185927,0.0016191054442420564
power,KFC_v2,iterative,0.33166515013648773,0.0016191054442420564
power,KFC_v2,iterative,0.3318168031543828,0.0016191054442420564
power,KFC_v2,iterative,0.3319684561722778,0.0016191054442420564
power,KFC_v2,iterative,0.3321201091901729,0.0016191054442420564
power,KFC_v2,iterative,0.332271762208068,0.0016191054442420564
power,KFC_v2,iterative,0.332423415225963,0.0016191054442420564
power,KFC_v2,iterative,0.3325750682438581,0.0016191054442420564
power,KFC_v2,iterative,0.3327267212617531,0.0016191054442420564
power,KFC_v2,iterative,0.33287837427964817,0.0016191054442420564
power,KFC_v2,iterative,0.3330300272975432,0.0016191054442420564
power,KFC_v2,iterative,0.33318168031543827,0.0016191054442420564
power,KFC_v2,iterative,0.33333333333333337,0.0016191054442420564
power,KFC_v2,iterative,0.3334849863512284,0.0016191054442420564
power,KFC_v2,iterative,0.33363663936912347,0.0016191054442420564
power,KFC_v2,iterative,0.3337882923870185,0.0016191054442420564
power,KFC_v2,iterative,0.33393994540491356,0.0016191054442420564
power,KFC_v2,iterative,0.3340915984228086,0.0016191054442420564
power,KFC_v2,iterative,0.33424325144070366,0.0016191054442420564
power,KFC_v2,iterative,0.33439490445859876,0.0016191054442420564
power,KFC_v2,iterative,0.3345465574764938,0.0016191054442420564
power,KFC_v2,iterative,0.33469821049438886,0.0016191054442420564
power,KFC_v2,iterative,0.3348498635122839,0.0016191054442420564
power,KFC_v2,iterative,0.33500151653017896,0.0016191054442420564
power,KFC_v2,iterative,0.335153169548074,0.0016191054442420564
power,KFC_v2,iterative,0.33530482256596905,0.0016191054442420564
power,KFC_v2,iterative,0.33545647558386416,0.0016191054442420564
power,KFC_v2,iterative,0.3356081286017592,0.0016191054442420564
power,KFC_v2,iterative,0.33575978161965425,0.0016191054442420564
power,KFC_v2,iterative,0.3359114346375493,0.0016191054442420564
power,KFC_v2,iterative,0.33606308765544435,0.0016191054442420564
power,KFC_v2,iterative,0.3362147406733394,0.0016191054442420564
power,KFC_v2,iterative,0.33636639369123444,0.0016191054442420564
power,KFC_v2,iterative,0.33651804670912955,0.0016191054442420564
power,KFC_v2,iterative,0.3366696997270246,0.0016191054442420564
power,KFC_v2,iterative,0.33682135274491964,0.0016191054442420564
power,KFC_v2,iterative,0.3369730057628147,0.0016191054442420564
power,KFC_v2,iterative,0.33712465878070974,0.0016191054442420564
power,KFC_v2,iterative,0.3372763117986048,0.0016191054442420564
power,KFC_v2,iterative,0.33742796481649984,0.0016191054442420564
power,KFC_v2,iterative,0.33757961783439494,0.0016191054442420564
power,KFC_v2,iterative,0.33773127085229,0.0016191054442420564
power,KFC_v2,iterative,0.33788292387018504,0.0016191054442420564
power,KFC_v2,iterative,0.3380345768880801,0.0016191054442420564
power,KFC_v2,iterative,0.33818622990597513,0.0016191054442420564
power,KFC_v2,iterative,0.3383378829238702,0.0016191054442420564
power,KFC_v2,iterative,0.33848953594176523,0.0016191054442420564
power,KFC_v2,iterative,0.33864118895966033,0.0016191054442420564
power,KFC_v2,iterative,0.3387928419775554,0.0016191054442420564
power,KFC_v2,iterative,0.33894449499545043,0.0016191054442420564
power,KFC_v2,iterative,0.3390961480133455,0.0016191054442420564
power,KFC_v2,iterative,0.3392478010312405,0.0016191054442420564
power,KFC_v2,iterative,0.3393994540491356,0.0016191054442420564
power,KFC_v2,iterative,0.3395511070670306,0.0016191054442420564
power,KFC_v2,iterative,0.3397027600849257,0.0016191054442420564
power,KFC_v2,iterative,0.3398544131028208,0.0016191054442420564
power,KFC_v2,iterative,0.3400060661207158,0.0016191054442420564
power,KFC_v2,iterative,0.34015771913861087,0.0016191054442420564
power,KFC_v2,iterative,0.3403093721565059,0.0016191054442420564
power,KFC_v2,iterative,0.34046102517440097,0.0016191054442420564
power,KFC_v2,iterative,0.340612678192296,0.0016191054442420564
power,KFC_v2,iterative,0.3407643312101911,0.0016191054442420564
power,KFC_v2,iterative,0.34091598422808617,0.0016191054442420564
power,KFC_v2,iterative,0.3410676372459812,0.0016191054442420564
power,KFC_v2,iterative,0.34121929026387626,0.0016191054442420564
power,KFC_v2,iterative,0.3413709432817713,0.0016191054442420564
power,KFC_v2,iterative,0.34152259629966636,0.0016191054442420564
power,KFC_v2,iterative,0.3416742493175614,0.0016191054442420564
power,KFC_v2,iterative,0.3418259023354565,0.0016191054442420564
power,KFC_v2,iterative,0.34197755535335156,0.0016191054442420564
power,KFC_v2,iterative,0.3421292083712466,0.0016191054442420564
power,KFC_v2,iterative,0.34228086138914166,0.0016191054442420564
power,KFC_v2,iterative,0.3424325144070367,0.0016191054442420564
power,KFC_v2,iterative,0.34258416742493175,0.0016191054442420564
power,KFC_v2,iterative,0.3427358204428268,0.0016191054442420564
power,KFC_v2,iterative,0.3428874734607219,0.0016191054442420564
power,KFC_v2,iterative,0.34303912647861695,0.0016191054442420564
power,KFC_v2,iterative,0.343190779496512,0.0016191054442420564
power,KFC_v2,iterative,0.34334243251440705,0.0016191054442420564
power,KFC_v2,iterative,0.3434940855323021,0.0016191054442420564
power,KFC_v2,iterative,0.34364573855019714,0.0016191054442420564
power,KFC_v2,iterative,0.3437973915680922,0.0016191054442420564
power,KFC_v2,iterative,0.3439490445859873,0.0016191054442420564
power,KFC_v2,iterative,0.34410069760388234,0.0016191054442420564
power,KFC_v2,iterative,0.3442523506217774,0.0016191054442420564
power,KFC_v2,iterative,0.34440400363967244,0.0016191054442420564
power,KFC_v2,iterative,0.3445556566575675,0.0016191054442420564
power,KFC_v2,iterative,0.34470730967546254,0.0016191054442420564
power,KFC_v2,iterative,0.3448589626933576,0.0016191054442420564
power,KFC_v2,iterative,0.3450106157112527,0.0016191054442420564
power,KFC_v2,iterative,0.34516226872914774,0.0016191054442420564
power,KFC_v2,iterative,0.3453139217470428,0.0016191054442420564
power,KFC_v2,iterative,0.34546557476493783,0.0016191054442420564
power,KFC_v2,iterative,0.3456172277828329,0.0016191054442420564
power,KFC_v2,iterative,0.34576888080072793,0.0016191054442420564
power,KFC_v2,iterative,0.345920533818623,0.0016191054442420564
power,KFC_v2,iterative,0.3460721868365181,0.0016191054442420564
power,KFC_v2,iterative,0.34622383985441313,0.0016191054442420564
power,KFC_v2,iterative,0.3463754928723082,0.0016191054442420564
power,KFC_v2,iterative,0.3465271458902032,0.0016191054442420564
power,KFC_v2,iterative,0.3466787989080983,0.0016191054442420564
power,KFC_v2,iterative,0.3468304519259933,0.0016191054442420564
power,KFC_v2,iterative,0.34698210494388837,0.0016191054442420564
power,KFC_v2,iterative,0.3471337579617835,0.0016191054442420564
power,KFC_v2,iterative,0.3472854109796785,0.0016191054442420564
power,KFC_v2,iterative,0.34743706399757357,0.0016191054442420564
power,KFC_v2,iterative,0.3475887170154686,0.0016191054442420564
power,KFC_v2,iterative,0.34774037003336367,0.0014167172637117992
power,KFC_v2,iterative,0.3478920230512587,0.0014167172637117992
power,KFC_v2,iterative,0.34804367606915376,0.0014167172637117992
power,KFC_v2,iterative,0.34819532908704887,0.0014167172637117992
power,KFC_v2,iterative,0.3483469821049439,0.0014167172637117992
power,KFC_v2,iterative,0.34849863512283896,0.0014167172637117992
power,KFC_v2,iterative,0.348650288140734,0.0014167172637117992
power,KFC_v2,iterative,0.34880194115862906,0.0014167172637117992
power,KFC_v2,iterative,0.3489535941765241,0.0014167172637117992
power,KFC_v2,iterative,0.34910524719441915,0.0014167172637117992
power,KFC_v2,iterative,0.34925690021231426,0.0014167172637117992
power,KFC_v2,iterative,0.3494085532302093,0.0014167172637117992
power,KFC_v2,iterative,0.34956020624810435,0.0014167172637117992
power,KFC_v2,iterative,0.3497118592659994,0.0014167172637117992
power,KFC_v2,iterative,0.34986351228389445,0.0014167172637117992
power,KFC_v2,iterative,0.3500151653017895,0.0014167172637117992
power,KFC_v2,iterative,0.35016681831968455,0.0014167172637117992
power,KFC_v2,iterative,0.35031847133757965,0.0014167172637117992
power,KFC_v2,iterative,0.3504701243554747,0.0014167172637117992
power,KFC_v2,iterative,0.35062177737336975,0.0014167172637117992
power,KFC_v2,iterative,0.3507734303912648,0.0014167172637117992
power,KFC_v2,iterative,0.35092508340915984,0.0014167172637117992
power,KFC_v2,iterative,0.3510767364270549,0.0014167172637117992
power,KFC_v2,iterative,0.35122838944494994,0.0014167172637117992
power,KFC_v2,iterative,0.35138004246284504,0.0014167172637117992
power,KFC_v2,iterative,0.3515316954807401,0.0014167172637117992
power,KFC_v2,iterative,0.35168334849863514,0.0014167172637117992
power,KFC_v2,iterative,0.3518350015165302,0.0014167172637117992
power,KFC_v2,iterative,0.35198665453442524,0.0014167172637117992
power,KFC_v2,iterative,0.3521383075523203,0.0014167172637117992
power,KFC_v2,iterative,0.35228996057021533,0.0014167172637117992
power,KFC_v2,iterative,0.35244161358811044,0.0014167172637117992
power,KFC_v2,iterative,0.3525932666060055,0.0014167172637117992
power,KFC_v2,iterative,0.35274491962390053,0.0014167172637117992
power,KFC_v2,iterative,0.3528965726417956,0.0014167172637117992
power,KFC_v2,iterative,0.35304822565969063,0.0014167172637117992
power,KFC_v2,iterative,0.3531998786775857,0.0014167172637117992
power,KFC_v2,iterative,0.3533515316954807,0.0014167172637117992
power,KFC_v2,iterative,0.35350318471337583,0.0014167172637117992
power,KFC_v2,iterative,0.3536548377312709,0.0014167172637117992
power,KFC_v2,iterative,0.3538064907491659,0.0014167172637117992
power,KFC_v2,iterative,0.353958143767061,0.0014167172637117992
power,KFC_v2,iterative,0.354109796784956,0.0014167172637117992
power,KFC_v2,iterative,0.35426144980285107,0.0014167172637117992
power,KFC_v2,iterative,0.3544131028207461,0.0014167172637117992
power,KFC_v2,iterative,0.3545647558386412,0.0014167172637117992
power,KFC_v2,iterative,0.35471640885653627,0.0014167172637117992
power,KFC_v2,iterative,0.3548680618744313,0.0014167172637117992
power,KFC_v2,iterative,0.35501971489232637,0.0014167172637117992
power,KFC_v2,iterative,0.3551713679102214,0.0014167172637117992
power,KFC_v2,iterative,0.35532302092811646,0.0014167172637117992
power,KFC_v2,iterative,0.3554746739460115,0.0014167172637117992
power,KFC_v2,iterative,0.3556263269639066,0.0014167172637117992
power,KFC_v2,iterative,0.35577797998180166,0.0014167172637117992
power,KFC_v2,iterative,0.3559296329996967,0.0014167172637117992
power,KFC_v2,iterative,0.35608128601759176,0.0014167172637117992
power,KFC_v2,iterative,0.3562329390354868,0.0014167172637117992
power,KFC_v2,iterative,0.35638459205338185,0.0014167172637117992
power,KFC_v2,iterative,0.3565362450712769,0.0014167172637117992
power,KFC_v2,iterative,0.356687898089172,0.0014167172637117992
power,KFC_v2,iterative,0.35683955110706705,0.0014167172637117992
power,KFC_v2,iterative,0.3569912041249621,0.0014167172637117992
power,KFC_v2,iterative,0.35714285714285715,0.0014167172637117992
power,KFC_v2,iterative,0.3572945101607522,0.0014167172637117992
power,KFC_v2,iterative,0.35744616317864725,0.0014167172637117992
power,KFC_v2,iterative,0.35759781619654235,0.0014167172637117992
power,KFC_v2,iterative,0.3577494692144374,0.0014167172637117992
power,KFC_v2,iterative,0.35790112223233245,0.0014167172637117992
power,KFC_v2,iterative,0.3580527752502275,0.0014167172637117992
power,KFC_v2,iterative,0.35820442826812254,0.0014167172637117992
power,KFC_v2,iterative,0.3583560812860176,0.0014167172637117992
power,KFC_v2,iterative,0.35850773430391264,0.0014167172637117992
power,KFC_v2,iterative,0.35865938732180774,0.0014167172637117992
power,KFC_v2,iterative,0.3588110403397028,0.0014167172637117992
power,KFC_v2,iterative,0.35896269335759784,0.0014167172637117992
power,KFC_v2,iterative,0.3591143463754929,0.0014167172637117992
power,KFC_v2,iterative,0.35926599939338794,0.0014167172637117992
power,KFC_v2,iterative,0.359417652411283,0.0014167172637117992
power,KFC_v2,iterative,0.35956930542917803,0.0014167172637117992
power,KFC_v2,iterative,0.35972095844707314,0.0014167172637117992
power,KFC_v2,iterative,0.3598726114649682,0.0014167172637117992
power,KFC_v2,iterative,0.36002426448286323,0.0014167172637117992
power,KFC_v2,iterative,0.3601759175007583,0.0014167172637117992
power,KFC_v2,iterative,0.36032757051865333,0.0014167172637117992
power,KFC_v2,iterative,0.3604792235365484,0.0014167172637117992
power,KFC_v2,iterative,0.3606308765544434,0.0014167172637117992
power,KFC_v2,iterative,0.36078252957233853,0.0014167172637117992
power,KFC_v2,iterative,0.3609341825902336,0.0014167172637117992
power,KFC_v2,iterative,0.3610858356081286,0.0014167172637117992
power,KFC_v2,iterative,0.3612374886260237,0.0014167172637117992
power,KFC_v2,iterative,0.3613891416439187,0.0014167172637117992
power,KFC_v2,iterative,0.36154079466181377,0.0014167172637117992
power,KFC_v2,iterative,0.3616924476797088,0.0014167172637117992
power,KFC_v2,iterative,0.3618441006976039,0.0014167172637117992
power,KFC_v2,iterative,0.36199575371549897,0.0014167172637117992
power,KFC_v2,iterative,0.362147406733394,0.0014167172637117992
power,KFC_v2,iterative,0.36229905975128907,0.0014167172637117992
power,KFC_v2,iterative,0.3624507127691841,0.0014167172637117992
power,KFC_v2,iterative,0.36260236578707916,0.0014167172637117992
power,KFC_v2,iterative,0.3627540188049742,0.0014167172637117992
power,KFC_v2,iterative,0.3629056718228693,0.0014167172637117992
power,KFC_v2,iterative,0.36305732484076436,0.0014167172637117992
power,KFC_v2,iterative,0.3632089778586594,0.0014167172637117992
power,KFC_v2,iterative,0.36336063087655446,0.0014167172637117992
power,KFC_v2,iterative,0.3635122838944495,0.0014167172637117992
power,KFC_v2,iterative,0.36366393691234455,0.0014167172637117992
power,KFC_v2,iterative,0.3638155899302396,0.0014167172637117992
power,KFC_v2,iterative,0.3639672429481347,0.0014167172637117992
power,KFC_v2,iterative,0.36411889596602975,0.0014167172637117992
power,KFC_v2,iterative,0.3642705489839248,0.0014167172637117992
power,KFC_v2,iterative,0.36442220200181985,0.0014167172637117992
power,KFC_v2,iterative,0.3645738550197149,0.0014167172637117992
power,KFC_v2,iterative,0.36472550803760995,0.0014167172637117992
power,KFC_v2,iterative,0.364877161055505,0.0014167172637117992
power,KFC_v2,iterative,0.3650288140734001,0.0014167172637117992
power,KFC_v2,iterative,0.36518046709129515,0.0014167172637117992
power,KFC_v2,iterative,0.3653321201091902,0.0014167172637117992
power,KFC_v2,iterative,0.36548377312708524,0.0014167172637117992
power,KFC_v2,iterative,0.3656354261449803,0.0014167172637117992
power,KFC_v2,iterative,0.36578707916287534,0.0014167172637117992
power,KFC_v2,iterative,0.3659387321807704,0.0014167172637117992
power,KFC_v2,iterative,0.3660903851986655,0.0014167172637117992
power,KFC_v2,iterative,0.36624203821656054,0.0014167172637117992
power,KFC_v2,iterative,0.3663936912344556,0.0014167172637117992
power,KFC_v2,iterative,0.36654534425235064,0.0014167172637117992
power,KFC_v2,iterative,0.3666969972702457,0.0014167172637117992
power,KFC_v2,iterative,0.36684865028814073,0.0014167172637117992
power,KFC_v2,iterative,0.3670003033060358,0.0014167172637117992
power,KFC_v2,iterative,0.3671519563239309,0.0014167172637117992
power,KFC_v2,iterative,0.36730360934182593,0.0014167172637117992
power,KFC_v2,iterative,0.367455262359721,0.0014167172637117992
power,KFC_v2,iterative,0.36760691537761603,0.0014167172637117992
power,KFC_v2,iterative,0.3677585683955111,0.0014167172637117992
power,KFC_v2,iterative,0.3679102214134061,0.0014167172637117992
power,KFC_v2,iterative,0.3680618744313012,0.0014167172637117992
power,KFC_v2,iterative,0.3682135274491963,0.0014167172637117992
power,KFC_v2,iterative,0.3683651804670913,0.0014167172637117992
power,KFC_v2,iterative,0.3685168334849864,0.0014167172637117992
power,KFC_v2,iterative,0.3686684865028814,0.0014167172637117992
power,KFC_v2,iterative,0.36882013952077647,0.0014167172637117992
power,KFC_v2,iterative,0.3689717925386715,0.0014167172637117992
power,KFC_v2,iterative,0.36912344555656657,0.0014167172637117992
power,KFC_v2,iterative,0.36927509857446167,0.0014167172637117992
power,KFC_v2,iterative,0.3694267515923567,0.0014167172637117992
power,KFC_v2,iterative,0.36957840461025177,0.0014167172637117992
power,KFC_v2,iterative,0.3697300576281468,0.0014167172637117992
power,KFC_v2,iterative,0.36988171064604186,0.0014167172637117992
power,KFC_v2,iterative,0.3700333636639369,0.0014167172637117992
power,KFC_v2,iterative,0.37018501668183196,0.0014167172637117992
power,KFC_v2,iterative,0.37033666969972706,0.0014167172637117992
power,KFC_v2,iterative,0.3704883227176221,0.0014167172637117992
power,KFC_v2,iterative,0.37063997573551716,0.0014167172637117992
power,KFC_v2,iterative,0.3707916287534122,0.0014167172637117992
power,KFC_v2,iterative,0.37094328177130725,0.0014167172637117992
power,KFC_v2,iterative,0.3710949347892023,0.0014167172637117992
power,KFC_v2,iterative,0.37124658780709735,0.0014167172637117992
power,KFC_v2,iterative,0.37139824082499245,0.0014167172637117992
power,KFC_v2,iterative,0.3715498938428875,0.0014167172637117992
power,KFC_v2,iterative,0.37170154686078255,0.0014167172637117992
power,KFC_v2,iterative,0.3718531998786776,0.0014167172637117992
power,KFC_v2,iterative,0.37200485289657265,0.0014167172637117992
power,KFC_v2,iterative,0.3721565059144677,0.0014167172637117992
power,KFC_v2,iterative,0.37230815893236274,0.0014167172637117992
power,KFC_v2,iterative,0.37245981195025785,0.0014167172637117992
power,KFC_v2,iterative,0.3726114649681529,0.0014167172637117992
power,KFC_v2,iterative,0.37276311798604794,0.0014167172637117992
power,KFC_v2,iterative,0.372914771003943,0.0014167172637117992
power,KFC_v2,iterative,0.37306642402183804,0.0014167172637117992
power,KFC_v2,iterative,0.3732180770397331,0.0014167172637117992
power,KFC_v2,iterative,0.37336973005762814,0.0014167172637117992
power,KFC_v2,iterative,0.37352138307552324,0.0014167172637117992
power,KFC_v2,iterative,0.3736730360934183,0.0014167172637117992
power,KFC_v2,iterative,0.37382468911131334,0.0014167172637117992
power,KFC_v2,iterative,0.3739763421292084,0.0014167172637117992
power,KFC_v2,iterative,0.37412799514710343,0.0014167172637117992
power,KFC_v2,iterative,0.3742796481649985,0.0014167172637117992
power,KFC_v2,iterative,0.37443130118289353,0.0014167172637117992
power,KFC_v2,iterative,0.37458295420078863,0.0014167172637117992
power,KFC_v2,iterative,0.3747346072186837,0.0014167172637117992
power,KFC_v2,iterative,0.37488626023657873,0.0014167172637117992
power,KFC_v2,iterative,0.3750379132544738,0.0014167172637117992
power,KFC_v2,iterative,0.3751895662723688,0.0014167172637117992
power,KFC_v2,iterative,0.37534121929026387,0.0014167172637117992
power,KFC_v2,iterative,0.3754928723081589,0.0014167172637117992
power,KFC_v2,iterative,0.375644525326054,0.0014167172637117992
power,KFC_v2,iterative,0.37579617834394907,0.0014167172637117992
power,KFC_v2,iterative,0.3759478313618441,0.0014167172637117992
power,KFC_v2,iterative,0.37609948437973917,0.0014167172637117992
power,KFC_v2,iterative,0.3762511373976342,0.0014167172637117992
power,KFC_v2,iterative,0.37640279041552926,0.0014167172637117992
power,KFC_v2,iterative,0.3765544434334243,0.0014167172637117992
power,KFC_v2,iterative,0.3767060964513194,0.0014167172637117992
power,KFC_v2,iterative,0.37685774946921446,0.0014167172637117992
power,KFC_v2,iterative,0.3770094024871095,0.0014167172637117992
power,KFC_v2,iterative,0.37716105550500456,0.0014167172637117992
power,KFC_v2,iterative,0.3773127085228996,0.0014167172637117992
power,KFC_v2,iterative,0.37746436154079466,0.0014167172637117992
power,KFC_v2,iterative,0.3776160145586897,0.0014167172637117992
power,KFC_v2,iterative,0.3777676675765848,0.0014167172637117992
power,KFC_v2,iterative,0.37791932059447986,0.0014167172637117992
power,KFC_v2,iterative,0.3780709736123749,0.0014167172637117992
power,KFC_v2,iterative,0.37822262663026995,0.0014167172637117992
power,KFC_v2,iterative,0.378374279648165,0.0014167172637117992
power,KFC_v2,iterative,0.37852593266606005,0.0014167172637117992
power,KFC_v2,iterative,0.3786775856839551,0.0014167172637117992
power,KFC_v2,iterative,0.3788292387018502,0.0014167172637117992
power,KFC_v2,iterative,0.37898089171974525,0.0014167172637117992
power,KFC_v2,iterative,0.3791325447376403,0.0012143290831815423
power,KFC_v2,iterative,0.37928419775553535,0.0012143290831815423
power,KFC_v2,iterative,0.3794358507734304,0.0012143290831815423
power,KFC_v2,iterative,0.37958750379132544,0.0012143290831815423
power,KFC_v2,iterative,0.3797391568092205,0.0012143290831815423
power,KFC_v2,iterative,0.3798908098271156,0.0012143290831815423
power,KFC_v2,iterative,0.38004246284501064,0.0012143290831815423
power,KFC_v2,iterative,0.3801941158629057,0.0012143290831815423
power,KFC_v2,iterative,0.38034576888080074,0.0012143290831815423
power,KFC_v2,iterative,0.3804974218986958,0.0012143290831815423
power,KFC_v2,iterative,0.38064907491659083,0.0012143290831815423
power,KFC_v2,iterative,0.3808007279344859,0.0012143290831815423
power,KFC_v2,iterative,0.380952380952381,0.0012143290831815423
power,KFC_v2,iterative,0.38110403397027603,0.0012143290831815423
power,KFC_v2,iterative,0.3812556869881711,0.0012143290831815423
power,KFC_v2,iterative,0.38140734000606613,0.0012143290831815423
power,KFC_v2,iterative,0.3815589930239612,0.0012143290831815423
power,KFC_v2,iterative,0.3817106460418562,0.0012143290831815423
power,KFC_v2,iterative,0.3818622990597513,0.0012143290831815423
power,KFC_v2,iterative,0.3820139520776464,0.0012143290831815423
power,KFC_v2,iterative,0.3821656050955414,0.0012143290831815423
power,KFC_v2,iterative,0.3823172581134365,0.0012143290831815423
power,KFC_v2,iterative,0.3824689111313315,0.0012143290831815423
power,KFC_v2,iterative,0.38262056414922657,0.0012143290831815423
power,KFC_v2,iterative,0.3827722171671216,0.0012143290831815423
power,KFC_v2,iterative,0.38292387018501667,0.0012143290831815423
power,KFC_v2,iterative,0.38307552320291177,0.0012143290831815423
power,KFC_v2,iterative,0.3832271762208068,0.0012143290831815423
power,KFC_v2,iterative,0.38337882923870187,0.0012143290831815423
power,KFC_v2,iterative,0.3835304822565969,0.0012143290831815423
power,KFC_v2,iterative,0.38368213527449196,0.0012143290831815423
power,KFC_v2,iterative,0.383833788292387,0.0012143290831815423
power,KFC_v2,iterative,0.38398544131028206,0.0012143290831815423
power,KFC_v2,iterative,0.38413709432817716,0.0012143290831815423
power,KFC_v2,iterative,0.3842887473460722,0.0012143290831815423
power,KFC_v2,iterative,0.38444040036396726,0.0012143290831815423
power,KFC_v2,iterative,0.3845920533818623,0.0012143290831815423
power,KFC_v2,iterative,0.38474370639975736,0.0012143290831815423
power,KFC_v2,iterative,0.3848953594176524,0.0012143290831815423
power,KFC_v2,iterative,0.38504701243554745,0.0012143290831815423
power,KFC_v2,iterative,0.38519866545344256,0.0012143290831815423
power,KFC_v2,iterative,0.3853503184713376,0.0012143290831815423
power,KFC_v2,iterative,0.38550197148923265,0.0012143290831815423
power,KFC_v2,iterative,0.3856536245071277,0.0012143290831815423
power,KFC_v2,iterative,0.38580527752502275,0.0012143290831815423
power,KFC_v2,iterative,0.3859569305429178,0.0012143290831815423
power,KFC_v2,iterative,0.38610858356081285,0.0012143290831815423
power,KFC_v2,iterative,0.38626023657870795,0.0012143290831815423
power,KFC_v2,iterative,0.386411889596603,0.0012143290831815423
power,KFC_v2,iterative,0.38656354261449805,0.0012143290831815423
power,KFC_v2,iterative,0.3867151956323931,0.0012143290831815423
power,KFC_v2,iterative,0.38686684865028814,0.0012143290831815423
power,KFC_v2,iterative,0.3870185016681832,0.0012143290831815423
power,KFC_v2,iterative,0.38717015468607824,0.0012143290831815423
power,KFC_v2,iterative,0.38732180770397334,0.0012143290831815423
power,KFC_v2,iterative,0.3874734607218684,0.0012143290831815423
power,KFC_v2,iterative,0.38762511373976344,0.0012143290831815423
power,KFC_v2,iterative,0.3877767667576585,0.0012143290831815423
power,KFC_v2,iterative,0.38792841977555353,0.0012143290831815423
power,KFC_v2,iterative,0.3880800727934486,0.0012143290831815423
power,KFC_v2,iterative,0.3882317258113437,0.0012143290831815423
power,KFC_v2,iterative,0.38838337882923873,0.0012143290831815423
power,KFC_v2,iterative,0.3885350318471338,0.0012143290831815423
power,KFC_v2,iterative,0.38868668486502883,0.0012143290831815423
power,KFC_v2,iterative,0.3888383378829239,0.0012143290831815423
power,KFC_v2,iterative,0.3889899909008189,0.0012143290831815423
power,KFC_v2,iterative,0.389141643918714,0.0012143290831815423
power,KFC_v2,iterative,0.3892932969366091,0.0012143290831815423
power,KFC_v2,iterative,0.3894449499545041,0.0012143290831815423
power,KFC_v2,iterative,0.3895966029723992,0.0012143290831815423
power,KFC_v2,iterative,0.3897482559902942,0.0012143290831815423
power,KFC_v2,iterative,0.38989990900818927,0.0012143290831815423
power,KFC_v2,iterative,0.3900515620260843,0.0012143290831815423
power,KFC_v2,iterative,0.39020321504397937,0.0012143290831815423
power,KFC_v2,iterative,0.39035486806187447,0.0012143290831815423
power,KFC_v2,iterative,0.3905065210797695,0.0012143290831815423
power,KFC_v2,iterative,0.39065817409766457,0.0012143290831815423
power,KFC_v2,iterative,0.3908098271155596,0.0012143290831815423
power,KFC_v2,iterative,0.39096148013345466,0.0012143290831815423
power,KFC_v2,iterative,0.3911131331513497,0.0012143290831815423
power,KFC_v2,iterative,0.39126478616924476,0.0012143290831815423
power,KFC_v2,iterative,0.39141643918713986,0.0012143290831815423
power,KFC_v2,iterative,0.3915680922050349,0.0012143290831815423
power,KFC_v2,iterative,0.39171974522292996,0.0012143290831815423
power,KFC_v2,iterative,0.391871398240825,0.0012143290831815423
power,KFC_v2,iterative,0.39202305125872006,0.0012143290831815423
power,KFC_v2,iterative,0.3921747042766151,0.0012143290831815423
power,KFC_v2,iterative,0.39232635729451015,0.0012143290831815423
power,KFC_v2,iterative,0.39247801031240526,0.0012143290831815423
power,KFC_v2,iterative,0.3926296633303003,0.0012143290831815423
power,KFC_v2,iterative,0.39278131634819535,0.0012143290831815423
power,KFC_v2,iterative,0.3929329693660904,0.0012143290831815423
power,KFC_v2,iterative,0.39308462238398545,0.0012143290831815423
power,KFC_v2,iterative,0.3932362754018805,0.0012143290831815423
power,KFC_v2,iterative,0.39338792841977555,0.0012143290831815423
power,KFC_v2,iterative,0.39353958143767065,0.0012143290831815423
power,KFC_v2,iterative,0.3936912344555657,0.0012143290831815423
power,KFC_v2,iterative,0.39384288747346075,0.0012143290831815423
power,KFC_v2,iterative,0.3939945404913558,0.0012143290831815423
power,KFC_v2,iterative,0.39414619350925084,0.0012143290831815423
power,KFC_v2,iterative,0.3942978465271459,0.0012143290831815423
power,KFC_v2,iterative,0.39444949954504094,0.0012143290831815423
power,KFC_v2,iterative,0.39460115256293604,0.0012143290831815423
power,KFC_v2,iterative,0.3947528055808311,0.0012143290831815423
power,KFC_v2,iterative,0.39490445859872614,0.0012143290831815423
power,KFC_v2,iterative,0.3950561116166212,0.0012143290831815423
power,KFC_v2,iterative,0.39520776463451623,0.0012143290831815423
power,KFC_v2,iterative,0.3953594176524113,0.0012143290831815423
power,KFC_v2,iterative,0.39551107067030633,0.0012143290831815423
power,KFC_v2,iterative,0.39566272368820143,0.0012143290831815423
power,KFC_v2,iterative,0.3958143767060965,0.0012143290831815423
power,KFC_v2,iterative,0.39596602972399153,0.0012143290831815423
power,KFC_v2,iterative,0.3961176827418866,0.0012143290831815423
power,KFC_v2,iterative,0.3962693357597816,0.0012143290831815423
power,KFC_v2,iterative,0.3964209887776767,0.0012143290831815423
power,KFC_v2,iterative,0.3965726417955717,0.0012143290831815423
power,KFC_v2,iterative,0.3967242948134668,0.0012143290831815423
power,KFC_v2,iterative,0.3968759478313619,0.0012143290831815423
power,KFC_v2,iterative,0.3970276008492569,0.0012143290831815423
power,KFC_v2,iterative,0.39717925386715197,0.0012143290831815423
power,KFC_v2,iterative,0.397330906885047,0.0012143290831815423
power,KFC_v2,iterative,0.39748255990294207,0.0012143290831815423
power,KFC_v2,iterative,0.3976342129208371,0.0012143290831815423
power,KFC_v2,iterative,0.3977858659387322,0.0012143290831815423
power,KFC_v2,iterative,0.39793751895662727,0.0012143290831815423
power,KFC_v2,iterative,0.3980891719745223,0.0012143290831815423
power,KFC_v2,iterative,0.39824082499241736,0.0012143290831815423
power,KFC_v2,iterative,0.3983924780103124,0.0012143290831815423
power,KFC_v2,iterative,0.39854413102820746,0.0012143290831815423
power,KFC_v2,iterative,0.3986957840461025,0.0012143290831815423
power,KFC_v2,iterative,0.3988474370639976,0.0012143290831815423
power,KFC_v2,iterative,0.39899909008189266,0.0012143290831815423
power,KFC_v2,iterative,0.3991507430997877,0.0012143290831815423
power,KFC_v2,iterative,0.39930239611768276,0.0012143290831815423
power,KFC_v2,iterative,0.3994540491355778,0.0012143290831815423
power,KFC_v2,iterative,0.39960570215347285,0.0012143290831815423
power,KFC_v2,iterative,0.3997573551713679,0.0012143290831815423
power,KFC_v2,iterative,0.399909008189263,0.0012143290831815423
power,KFC_v2,iterative,0.40006066120715805,0.0012143290831815423
power,KFC_v2,iterative,0.4002123142250531,0.0012143290831815423
power,KFC_v2,iterative,0.40036396724294815,0.0012143290831815423
power,KFC_v2,iterative,0.4005156202608432,0.0012143290831815423
power,KFC_v2,iterative,0.40066727327873825,0.0012143290831815423
power,KFC_v2,iterative,0.4008189262966333,0.0012143290831815423
power,KFC_v2,iterative,0.4009705793145284,0.0012143290831815423
power,KFC_v2,iterative,0.40112223233242345,0.0012143290831815423
power,KFC_v2,iterative,0.4012738853503185,0.0012143290831815423
power,KFC_v2,iterative,0.40142553836821354,0.0012143290831815423
power,KFC_v2,iterative,0.4015771913861086,0.0012143290831815423
power,KFC_v2,iterative,0.40172884440400364,0.0012143290831815423
power,KFC_v2,iterative,0.4018804974218987,0.0012143290831815423
power,KFC_v2,iterative,0.4020321504397938,0.0012143290831815423
power,KFC_v2,iterative,0.40218380345768884,0.0012143290831815423
power,KFC_v2,iterative,0.4023354564755839,0.0012143290831815423
power,KFC_v2,iterative,0.40248710949347893,0.0012143290831815423
power,KFC_v2,iterative,0.402638762511374,0.0012143290831815423
power,KFC_v2,iterative,0.40279041552926903,0.0012143290831815423
power,KFC_v2,iterative,0.4029420685471641,0.0012143290831815423
power,KFC_v2,iterative,0.4030937215650592,0.0012143290831815423
power,KFC_v2,iterative,0.40324537458295423,0.0012143290831815423
power,KFC_v2,iterative,0.4033970276008493,0.0012143290831815423
power,KFC_v2,iterative,0.4035486806187443,0.0012143290831815423
power,KFC_v2,iterative,0.4037003336366394,0.0012143290831815423
power,KFC_v2,iterative,0.4038519866545344,0.0012143290831815423
power,KFC_v2,iterative,0.40400363967242947,0.0012143290831815423
power,KFC_v2,iterative,0.4041552926903246,0.0012143290831815423
power,KFC_v2,iterative,0.4043069457082196,0.0012143290831815423
power,KFC_v2,iterative,0.40445859872611467,0.0012143290831815423
power,KFC_v2,iterative,0.4046102517440097,0.0012143290831815423
power,KFC_v2,iterative,0.40476190476190477,0.0012143290831815423
power,KFC_v2,iterative,0.4049135577797998,0.0012143290831815423
power,KFC_v2,iterative,0.40506521079769486,0.0012143290831815423
power,KFC_v2,iterative,0.40521686381558997,0.0012143290831815423
power,KFC_v2,iterative,0.405368516833485,0.0012143290831815423
power,KFC_v2,iterative,0.40552016985138006,0.0012143290831815423
power,KFC_v2,iterative,0.4056718228692751,0.0012143290831815423
power,KFC_v2,iterative,0.40582347588717016,0.0012143290831815423
power,KFC_v2,iterative,0.4059751289050652,0.0012143290831815423
power,KFC_v2,iterative,0.40612678192296026,0.0012143290831815423
power,KFC_v2,iterative,0.40627843494085536,0.0012143290831815423
power,KFC_v2,iterative,0.4064300879587504,0.0012143290831815423
power,KFC_v2,iterative,0.40658174097664546,0.0012143290831815423
power,KFC_v2,iterative,0.4067333939945405,0.0012143290831815423
power,KFC_v2,iterative,0.40688504701243555,0.0012143290831815423
power,KFC_v2,iterative,0.4070367000303306,0.0012143290831815423
power,KFC_v2,iterative,0.40718835304822565,0.0012143290831815423
power,KFC_v2,iterative,0.40734000606612075,0.0012143290831815423
power,KFC_v2,iterative,0.4074916590840158,0.0012143290831815423
power,KFC_v2,iterative,0.40764331210191085,0.0012143290831815423
power,KFC_v2,iterative,0.4077949651198059,0.0012143290831815423
power,KFC_v2,iterative,0.40794661813770094,0.0012143290831815423
power,KFC_v2,iterative,0.408098271155596,0.0012143290831815423
power,KFC_v2,iterative,0.40824992417349104,0.0012143290831815423
power,KFC_v2,iterative,0.40840157719138614,0.0012143290831815423
power,KFC_v2,iterative,0.4085532302092812,0.0012143290831815423
power,KFC_v2,iterative,0.40870488322717624,0.0012143290831815423
power,KFC_v2,iterative,0.4088565362450713,0.0012143290831815423
power,KFC_v2,iterative,0.40900818926296634,0.0012143290831815423
power,KFC_v2,iterative,0.4091598422808614,0.0012143290831815423
power,KFC_v2,iterative,0.40931149529875643,0.0012143290831815423
power,KFC_v2,iterative,0.40946314831665154,0.0012143290831815423
power,KFC_v2,iterative,0.4096148013345466,0.0012143290831815423
power,KFC_v2,iterative,0.40976645435244163,0.0012143290831815423
power,KFC_v2,iterative,0.4099181073703367,0.0012143290831815423
power,KFC_v2,iterative,0.41006976038823173,0.0012143290831815423
power,KFC_v2,iterative,0.4102214134061268,0.0012143290831815423
power,KFC_v2,iterative,0.4103730664240218,0.0012143290831815423
power,KFC_v2,iterative,0.41052471944191693,0.0012143290831815423
power,KFC_v2,iterative,0.410676372459812,0.0012143290831815423
power,KFC_v2,iterative,0.410828025477707,0.0012143290831815423
power,KFC_v2,iterative,0.4109796784956021,0.0012143290831815423
power,KFC_v2,iterative,0.4111313315134971,0.0012143290831815423
power,KFC_v2,iterative,0.41128298453139217,0.0012143290831815423
power,KFC_v2,iterative,0.4114346375492872,0.0012143290831815423
power,KFC_v2,iterative,0.4115862905671823,0.0012143290831815423
power,KFC_v2,iterative,0.41173794358507737,0.0012143290831815423
power,KFC_v2,iterative,0.4118895966029724,0.0012143290831815423
power,KFC_v2,iterative,0.41204124962086747,0.0012143290831815423
power,KFC_v2,iterative,0.4121929026387625,0.0012143290831815423
power,KFC_v2,iterative,0.41234455565665756,0.0012143290831815423
power,KFC_v2,iterative,0.4124962086745526,0.0012143290831815423
power,KFC_v2,iterative,0.4126478616924477,0.0012143290831815423
power,KFC_v2,iterative,0.41279951471034276,0.0012143290831815423
power,KFC_v2,iterative,0.4129511677282378,0.0012143290831815423
power,KFC_v2,iterative,0.41310282074613286,0.0012143290831815423
power,KFC_v2,iterative,0.4132544737640279,0.0012143290831815423
power,KFC_v2,iterative,0.41340612678192296,0.0012143290831815423
power,KFC_v2,iterative,0.413557779799818,0.0012143290831815423
power,KFC_v2,iterative,0.4137094328177131,0.0012143290831815423
power,KFC_v2,iterative,0.41386108583560816,0.0012143290831815423
power,KFC_v2,iterative,0.4140127388535032,0.0012143290831815423
power,KFC_v2,iterative,0.41416439187139825,0.0012143290831815423
power,KFC_v2,iterative,0.4143160448892933,0.0012143290831815423
power,KFC_v2,iterative,0.41446769790718835,0.0012143290831815423
power,KFC_v2,iterative,0.4146193509250834,0.0012143290831815423
power,KFC_v2,iterative,0.4147710039429785,0.0012143290831815423
power,KFC_v2,iterative,0.41492265696087355,0.0012143290831815423
power,KFC_v2,iterative,0.4150743099787686,0.0012143290831815423
power,KFC_v2,iterative,0.41522596299666364,0.0012143290831815423
power,KFC_v2,iterative,0.4153776160145587,0.0010119409026512851
power,KFC_v2,iterative,0.41552926903245374,0.0010119409026512851
power,KFC_v2,iterative,0.4156809220503488,0.0010119409026512851
power,KFC_v2,iterative,0.4158325750682439,0.0010119409026512851
power,KFC_v2,iterative,0.41598422808613894,0.0010119409026512851
power,KFC_v2,iterative,0.416135881104034,0.0010119409026512851
power,KFC_v2,iterative,0.41628753412192904,0.0010119409026512851
power,KFC_v2,iterative,0.4164391871398241,0.0010119409026512851
power,KFC_v2,iterative,0.41659084015771913,0.0010119409026512851
power,KFC_v2,iterative,0.4167424931756142,0.0010119409026512851
power,KFC_v2,iterative,0.4168941461935093,0.0010119409026512851
power,KFC_v2,iterative,0.41704579921140433,0.0010119409026512851
power,KFC_v2,iterative,0.4171974522292994,0.0010119409026512851
power,KFC_v2,iterative,0.41734910524719443,0.0010119409026512851
power,KFC_v2,iterative,0.4175007582650895,0.0010119409026512851
power,KFC_v2,iterative,0.4176524112829845,0.0010119409026512851
power,KFC_v2,iterative,0.4178040643008796,0.0010119409026512851
power,KFC_v2,iterative,0.4179557173187747,0.0010119409026512851
power,KFC_v2,iterative,0.4181073703366697,0.0010119409026512851
power,KFC_v2,iterative,0.4182590233545648,0.0010119409026512851
power,KFC_v2,iterative,0.4184106763724598,0.0010119409026512851
power,KFC_v2,iterative,0.41856232939035487,0.0010119409026512851
power,KFC_v2,iterative,0.4187139824082499,0.0010119409026512851
power,KFC_v2,iterative,0.41886563542614497,0.0010119409026512851
power,KFC_v2,iterative,0.41901728844404007,0.0010119409026512851
power,KFC_v2,iterative,0.4191689414619351,0.0010119409026512851
power,KFC_v2,iterative,0.41932059447983017,0.0010119409026512851
power,KFC_v2,iterative,0.4194722474977252,0.0010119409026512851
power,KFC_v2,iterative,0.41962390051562026,0.0010119409026512851
power,KFC_v2,iterative,0.4197755535335153,0.0010119409026512851
power,KFC_v2,iterative,0.4199272065514104,0.0010119409026512851
power,KFC_v2,iterative,0.42007885956930546,0.0010119409026512851
power,KFC_v2,iterative,0.4202305125872005,0.0010119409026512851
power,KFC_v2,iterative,0.42038216560509556,0.0010119409026512851
power,KFC_v2,iterative,0.4205338186229906,0.0010119409026512851
power,KFC_v2,iterative,0.42068547164088566,0.0010119409026512851
power,KFC_v2,iterative,0.4208371246587807,0.0010119409026512851
power,KFC_v2,iterative,0.4209887776766758,0.0010119409026512851
power,KFC_v2,iterative,0.42114043069457086,0.0010119409026512851
power,KFC_v2,iterative,0.4212920837124659,0.0010119409026512851
power,KFC_v2,iterative,0.42144373673036095,0.0010119409026512851
power,KFC_v2,iterative,0.421595389748256,0.0010119409026512851
power,KFC_v2,iterative,0.42174704276615105,0.0010119409026512851
power,KFC_v2,iterative,0.4218986957840461,0.0010119409026512851
power,KFC_v2,iterative,0.4220503488019412,0.0010119409026512851
power,KFC_v2,iterative,0.42220200181983625,0.0010119409026512851
power,KFC_v2,iterative,0.4223536548377313,0.0010119409026512851
power,KFC_v2,iterative,0.42250530785562634,0.0010119409026512851
power,KFC_v2,iterative,0.4226569608735214,0.0010119409026512851
power,KFC_v2,iterative,0.42280861389141644,0.0010119409026512851
power,KFC_v2,iterative,0.4229602669093115,0.0010119409026512851
power,KFC_v2,iterative,0.4231119199272066,0.0010119409026512851
power,KFC_v2,iterative,0.42326357294510164,0.0010119409026512851
power,KFC_v2,iterative,0.4234152259629967,0.0010119409026512851
power,KFC_v2,iterative,0.42356687898089174,0.0010119409026512851
power,KFC_v2,iterative,0.4237185319987868,0.0010119409026512851
power,KFC_v2,iterative,0.42387018501668183,0.0010119409026512851
power,KFC_v2,iterative,0.4240218380345769,0.0010119409026512851
power,KFC_v2,iterative,0.424173491052472,0.0010119409026512851
power,KFC_v2,iterative,0.42432514407036703,0.0010119409026512851
power,KFC_v2,iterative,0.4244767970882621,0.0010119409026512851
power,KFC_v2,iterative,0.42462845010615713,0.0010119409026512851
power,KFC_v2,iterative,0.4247801031240522,0.0010119409026512851
power,KFC_v2,iterative,0.4249317561419472,0.0010119409026512851
power,KFC_v2,iterative,0.4250834091598423,0.0010119409026512851
power,KFC_v2,iterative,0.4252350621777374,0.0010119409026512851
power,KFC_v2,iterative,0.4253867151956324,0.0010119409026512851
power,KFC_v2,iterative,0.4255383682135275,0.0010119409026512851
power,KFC_v2,iterative,0.4256900212314225,0.0010119409026512851
power,KFC_v2,iterative,0.42584167424931757,0.0010119409026512851
power,KFC_v2,iterative,0.4259933272672126,0.0010119409026512851
power,KFC_v2,iterative,0.42614498028510767,0.0010119409026512851
power,KFC_v2,iterative,0.42629663330300277,0.0010119409026512851
power,KFC_v2,iterative,0.4264482863208978,0.0010119409026512851
power,KFC_v2,iterative,0.42659993933879287,0.0010119409026512851
power,KFC_v2,iterative,0.4267515923566879,0.0010119409026512851
power,KFC_v2,iterative,0.42690324537458296,0.0010119409026512851
power,KFC_v2,iterative,0.427054898392478,0.0010119409026512851
power,KFC_v2,iterative,0.42720655141037306,0.0010119409026512851
power,KFC_v2,iterative,0.42735820442826816,0.0010119409026512851
power,KFC_v2,iterative,0.4275098574461632,0.0010119409026512851
power,KFC_v2,iterative,0.42766151046405826,0.0010119409026512851
power,KFC_v2,iterative,0.4278131634819533,0.0010119409026512851
power,KFC_v2,iterative,0.42796481649984836,0.0010119409026512851
power,KFC_v2,iterative,0.4281164695177434,0.0010119409026512851
power,KFC_v2,iterative,0.42826812253563845,0.0010119409026512851
power,KFC_v2,iterative,0.42841977555353356,0.0010119409026512851
power,KFC_v2,iterative,0.4285714285714286,0.0010119409026512851
power,KFC_v2,iterative,0.42872308158932365,0.0010119409026512851
power,KFC_v2,iterative,0.4288747346072187,0.0010119409026512851
power,KFC_v2,iterative,0.42902638762511375,0.0010119409026512851
power,KFC_v2,iterative,0.4291780406430088,0.0010119409026512851
power,KFC_v2,iterative,0.42932969366090384,0.0010119409026512851
power,KFC_v2,iterative,0.42948134667879895,0.0010119409026512851
power,KFC_v2,iterative,0.429632999696694,0.0010119409026512851
power,KFC_v2,iterative,0.42978465271458904,0.0010119409026512851
power,KFC_v2,iterative,0.4299363057324841,0.0010119409026512851
power,KFC_v2,iterative,0.43008795875037914,0.0010119409026512851
power,KFC_v2,iterative,0.4302396117682742,0.0010119409026512851
power,KFC_v2,iterative,0.43039126478616924,0.0010119409026512851
power,KFC_v2,iterative,0.43054291780406434,0.0010119409026512851
power,KFC_v2,iterative,0.4306945708219594,0.0010119409026512851
power,KFC_v2,iterative,0.43084622383985444,0.0010119409026512851
power,KFC_v2,iterative,0.4309978768577495,0.0010119409026512851
power,KFC_v2,iterative,0.43114952987564453,0.0010119409026512851
power,KFC_v2,iterative,0.4313011828935396,0.0010119409026512851
power,KFC_v2,iterative,0.43145283591143463,0.0010119409026512851
power,KFC_v2,iterative,0.43160448892932973,0.0010119409026512851
power,KFC_v2,iterative,0.4317561419472248,0.0010119409026512851
power,KFC_v2,iterative,0.43190779496511983,0.0010119409026512851
power,KFC_v2,iterative,0.4320594479830149,0.0010119409026512851
power,KFC_v2,iterative,0.4322111010009099,0.0010119409026512851
power,KFC_v2,iterative,0.432362754018805,0.0010119409026512851
power,KFC_v2,iterative,0.4325144070367,0.0010119409026512851
power,KFC_v2,iterative,0.4326660600545951,0.0010119409026512851
power,KFC_v2,iterative,0.4328177130724902,0.0010119409026512851
power,KFC_v2,iterative,0.4329693660903852,0.0010119409026512851
power,KFC_v2,iterative,0.43312101910828027,0.0010119409026512851
power,KFC_v2,iterative,0.4332726721261753,0.0010119409026512851
power,KFC_v2,iterative,0.43342432514407037,0.0010119409026512851
power,KFC_v2,iterative,0.4335759781619654,0.0010119409026512851
power,KFC_v2,iterative,0.4337276311798605,0.0010119409026512851
power,KFC_v2,iterative,0.43387928419775557,0.0010119409026512851
power,KFC_v2,iterative,0.4340309372156506,0.0010119409026512851
power,KFC_v2,iterative,0.43418259023354566,0.0010119409026512851
power,KFC_v2,iterative,0.4343342432514407,0.0010119409026512851
power,KFC_v2,iterative,0.43448589626933576,0.0010119409026512851
power,KFC_v2,iterative,0.4346375492872308,0.0010119409026512851
power,KFC_v2,iterative,0.4347892023051259,0.0010119409026512851
power,KFC_v2,iterative,0.43494085532302096,0.0010119409026512851
power,KFC_v2,iterative,0.435092508340916,0.0010119409026512851
power,KFC_v2,iterative,0.43524416135881105,0.0010119409026512851
power,KFC_v2,iterative,0.4353958143767061,0.0010119409026512851
power,KFC_v2,iterative,0.43554746739460115,0.0010119409026512851
power,KFC_v2,iterative,0.4356991204124962,0.0010119409026512851
power,KFC_v2,iterative,0.4358507734303913,0.0010119409026512851
power,KFC_v2,iterative,0.43600242644828635,0.0010119409026512851
power,KFC_v2,iterative,0.4361540794661814,0.0010119409026512851
power,KFC_v2,iterative,0.43630573248407645,0.0010119409026512851
power,KFC_v2,iterative,0.4364573855019715,0.0010119409026512851
power,KFC_v2,iterative,0.43660903851986654,0.0010119409026512851
power,KFC_v2,iterative,0.4367606915377616,0.0010119409026512851
power,KFC_v2,iterative,0.4369123445556567,0.0010119409026512851
power,KFC_v2,iterative,0.43706399757355174,0.0010119409026512851
power,KFC_v2,iterative,0.4372156505914468,0.0010119409026512851
power,KFC_v2,iterative,0.43736730360934184,0.0010119409026512851
power,KFC_v2,iterative,0.4375189566272369,0.0010119409026512851
power,KFC_v2,iterative,0.43767060964513194,0.0010119409026512851
power,KFC_v2,iterative,0.437822262663027,0.0010119409026512851
power,KFC_v2,iterative,0.4379739156809221,0.0010119409026512851
power,KFC_v2,iterative,0.43812556869881714,0.0010119409026512851
power,KFC_v2,iterative,0.4382772217167122,0.0010119409026512851
power,KFC_v2,iterative,0.43842887473460723,0.0010119409026512851
power,KFC_v2,iterative,0.4385805277525023,0.0010119409026512851
power,KFC_v2,iterative,0.43873218077039733,0.0010119409026512851
power,KFC_v2,iterative,0.4388838337882924,0.0010119409026512851
power,KFC_v2,iterative,0.4390354868061875,0.0010119409026512851
power,KFC_v2,iterative,0.43918713982408253,0.0010119409026512851
power,KFC_v2,iterative,0.4393387928419776,0.0010119409026512851
power,KFC_v2,iterative,0.4394904458598726,0.0010119409026512851
power,KFC_v2,iterative,0.4396420988777677,0.0010119409026512851
power,KFC_v2,iterative,0.4397937518956627,0.0010119409026512851
power,KFC_v2,iterative,0.43994540491355777,0.0010119409026512851
power,KFC_v2,iterative,0.4400970579314529,0.0010119409026512851
power,KFC_v2,iterative,0.4402487109493479,0.0010119409026512851
power,KFC_v2,iterative,0.44040036396724297,0.0010119409026512851
power,KFC_v2,iterative,0.440552016985138,0.0010119409026512851
power,KFC_v2,iterative,0.44070367000303307,0.0010119409026512851
power,KFC_v2,iterative,0.4408553230209281,0.0010119409026512851
power,KFC_v2,iterative,0.44100697603882316,0.0010119409026512851
power,KFC_v2,iterative,0.44115862905671827,0.0010119409026512851
power,KFC_v2,iterative,0.4413102820746133,0.0010119409026512851
power,KFC_v2,iterative,0.44146193509250836,0.0010119409026512851
power,KFC_v2,iterative,0.4416135881104034,0.0010119409026512851
power,KFC_v2,iterative,0.44176524112829846,0.0010119409026512851
power,KFC_v2,iterative,0.4419168941461935,0.0010119409026512851
power,KFC_v2,iterative,0.44206854716408855,0.0010119409026512851
power,KFC_v2,iterative,0.44222020018198366,0.0010119409026512851
power,KFC_v2,iterative,0.4423718531998787,0.0010119409026512851
power,KFC_v2,iterative,0.44252350621777375,0.0010119409026512851
power,KFC_v2,iterative,0.4426751592356688,0.0010119409026512851
power,KFC_v2,iterative,0.44282681225356385,0.0010119409026512851
power,KFC_v2,iterative,0.4429784652714589,0.0010119409026512851
power,KFC_v2,iterative,0.44313011828935395,0.0010119409026512851
power,KFC_v2,iterative,0.44328177130724905,0.0010119409026512851
power,KFC_v2,iterative,0.4434334243251441,0.0010119409026512851
power,KFC_v2,iterative,0.44358507734303915,0.0010119409026512851
power,KFC_v2,iterative,0.4437367303609342,0.0010119409026512851
power,KFC_v2,iterative,0.44388838337882924,0.0010119409026512851
power,KFC_v2,iterative,0.4440400363967243,0.0010119409026512851
power,KFC_v2,iterative,0.44419168941461934,0.0010119409026512851
power,KFC_v2,iterative,0.44434334243251444,0.0010119409026512851
power,KFC_v2,iterative,0.4444949954504095,0.0010119409026512851
power,KFC_v2,iterative,0.44464664846830454,0.0010119409026512851
power,KFC_v2,iterative,0.4447983014861996,0.0010119409026512851
power,KFC_v2,iterative,0.44494995450409464,0.0010119409026512851
power,KFC_v2,iterative,0.4451016075219897,0.0010119409026512851
power,KFC_v2,iterative,0.44525326053988473,0.0010119409026512851
power,KFC_v2,iterative,0.44540491355777984,0.0010119409026512851
power,KFC_v2,iterative,0.4455565665756749,0.0010119409026512851
power,KFC_v2,iterative,0.44570821959356993,0.0010119409026512851
power,KFC_v2,iterative,0.445859872611465,0.0010119409026512851
power,KFC_v2,iterative,0.44601152562936003,0.0010119409026512851
power,KFC_v2,iterative,0.4461631786472551,0.0010119409026512851
power,KFC_v2,iterative,0.4463148316651501,0.0010119409026512851
power,KFC_v2,iterative,0.44646648468304523,0.0010119409026512851
power,KFC_v2,iterative,0.4466181377009403,0.0010119409026512851
power,KFC_v2,iterative,0.4467697907188353,0.0010119409026512851
power,KFC_v2,iterative,0.4469214437367304,0.0010119409026512851
power,KFC_v2,iterative,0.4470730967546254,0.0010119409026512851
power,KFC_v2,iterative,0.44722474977252047,0.0010119409026512851
power,KFC_v2,iterative,0.4473764027904155,0.0010119409026512851
power,KFC_v2,iterative,0.4475280558083106,0.0010119409026512851
power,KFC_v2,iterative,0.44767970882620567,0.0010119409026512851
power,KFC_v2,iterative,0.4478313618441007,0.0010119409026512851
power,KFC_v2,iterative,0.44798301486199577,0.0010119409026512851
power,KFC_v2,iterative,0.4481346678798908,0.0010119409026512851
power,KFC_v2,iterative,0.44828632089778586,0.0010119409026512851
power,KFC_v2,iterative,0.4484379739156809,0.0010119409026512851
power,KFC_v2,iterative,0.448589626933576,0.0010119409026512851
power,KFC_v2,iterative,0.44874127995147106,0.0010119409026512851
power,KFC_v2,iterative,0.4488929329693661,0.0010119409026512851
power,KFC_v2,iterative,0.44904458598726116,0.0010119409026512851
power,KFC_v2,iterative,0.4491962390051562,0.0010119409026512851
power,KFC_v2,iterative,0.44934789202305125,0.0010119409026512851
power,KFC_v2,iterative,0.4494995450409463,0.0010119409026512851
power,KFC_v2,iterative,0.4496511980588414,0.0010119409026512851
power,KFC_v2,iterative,0.44980285107673645,0.0010119409026512851
power,KFC_v2,iterative,0.4499545040946315,0.0010119409026512851
power,KFC_v2,iterative,0.45010615711252655,0.0010119409026512851
power,KFC_v2,iterative,0.4502578101304216,0.0010119409026512851
power,KFC_v2,iterative,0.45040946314831665,0.0010119409026512851
power,KFC_v2,iterative,0.45056111616621175,0.0010119409026512851
power,KFC_v2,iterative,0.4507127691841068,0.0010119409026512851
power,KFC_v2,iterative,0.45086442220200185,0.0010119409026512851
power,KFC_v2,iterative,0.4510160752198969,0.0010119409026512851
power,KFC_v2,iterative,0.45116772823779194,0.0010119409026512851
power,KFC_v2,iterative,0.451319381255687,0.0010119409026512851
power,KFC_v2,iterative,0.45147103427358204,0.0010119409026512851
power,KFC_v2,iterative,0.45162268729147714,0.0010119409026512851
power,KFC_v2,iterative,0.4517743403093722,0.0010119409026512851
power,KFC_v2,iterative,0.45192599332726724,0.0010119409026512851
power,KFC_v2,iterative,0.4520776463451623,0.0010119409026512851
power,KFC_v2,iterative,0.45222929936305734,0.0010119409026512851
power,KFC_v2,iterative,0.4523809523809524,0.0010119409026512851
power,KFC_v2,iterative,0.45253260539884743,0.0010119409026512851
power,KFC_v2,iterative,0.45268425841674254,0.0010119409026512851
power,KFC_v2,iterative,0.4528359114346376,0.0010119409026512851
power,KFC_v2,iterative,0.45298756445253263,0.0010119409026512851
power,KFC_v2,iterative,0.4531392174704277,0.0010119409026512851
power,KFC_v2,iterative,0.45329087048832273,0.0010119409026512851
power,KFC_v2,iterative,0.4534425235062178,0.0010119409026512851
power,KFC_v2,iterative,0.4535941765241128,0.0010119409026512851
power,KFC_v2,iterative,0.45374582954200793,0.0010119409026512851
power,KFC_v2,iterative,0.453897482559903,0.0010119409026512851
power,KFC_v2,iterative,0.454049135577798,0.0010119409026512851
power,KFC_v2,iterative,0.4542007885956931,0.0010119409026512851
power,KFC_v2,iterative,0.4543524416135881,0.0010119409026512851
power,KFC_v2,iterative,0.45450409463148317,0.0010119409026512851
power,KFC_v2,iterative,0.4546557476493782,0.0010119409026512851
power,KFC_v2,iterative,0.4548074006672733,0.0010119409026512851
power,KFC_v2,iterative,0.45495905368516837,0.0010119409026512851
power,KFC_v2,iterative,0.4551107067030634,0.0010119409026512851
power,KFC_v2,iterative,0.45526235972095846,0.0010119409026512851
power,KFC_v2,iterative,0.4554140127388535,0.0010119409026512851
power,KFC_v2,iterative,0.45556566575674856,0.0010119409026512851
power,KFC_v2,iterative,0.4557173187746436,0.0010119409026512851
power,KFC_v2,iterative,0.4558689717925387,0.0010119409026512851
power,KFC_v2,iterative,0.45602062481043376,0.0010119409026512851
power,KFC_v2,iterative,0.4561722778283288,0.0010119409026512851
power,KFC_v2,iterative,0.45632393084622386,0.0010119409026512851
power,KFC_v2,iterative,0.4564755838641189,0.0010119409026512851
power,KFC_v2,iterative,0.45662723688201395,0.0010119409026512851
power,KFC_v2,iterative,0.456778889899909,0.0010119409026512851
power,KFC_v2,iterative,0.4569305429178041,0.0010119409026512851
power,KFC_v2,iterative,0.45708219593569915,0.0010119409026512851
power,KFC_v2,iterative,0.4572338489535942,0.0010119409026512851
power,KFC_v2,iterative,0.45738550197148925,0.0010119409026512851
power,KFC_v2,iterative,0.4575371549893843,0.0010119409026512851
power,KFC_v2,iterative,0.45768880800727935,0.0010119409026512851
power,KFC_v2,iterative,0.4578404610251744,0.0010119409026512851
power,KFC_v2,iterative,0.4579921140430695,0.0010119409026512851
power,KFC_v2,iterative,0.45814376706096455,0.0010119409026512851
power,KFC_v2,iterative,0.4582954200788596,0.0010119409026512851
power,KFC_v2,iterative,0.45844707309675464,0.0010119409026512851
power,KFC_v2,iterative,0.4585987261146497,0.0010119409026512851
power,KFC_v2,iterative,0.45875037913254474,0.0010119409026512851
power,KFC_v2,iterative,0.4589020321504398,0.0010119409026512851
power,KFC_v2,iterative,0.4590536851683349,0.0010119409026512851
power,KFC_v2,iterative,0.45920533818622994,0.0010119409026512851
power,KFC_v2,iterative,0.459356991204125,0.0010119409026512851
power,KFC_v2,iterative,0.45950864422202004,0.0010119409026512851
power,KFC_v2,iterative,0.4596602972399151,0.0010119409026512851
power,KFC_v2,iterative,0.45981195025781013,0.0010119409026512851
power,KFC_v2,iterative,0.4599636032757052,0.0010119409026512851
power,KFC_v2,iterative,0.4601152562936003,0.0010119409026512851
power,KFC_v2,iterative,0.46026690931149533,0.0010119409026512851
power,KFC_v2,iterative,0.4604185623293904,0.0010119409026512851
power,KFC_v2,iterative,0.4605702153472854,0.0010119409026512851
power,KFC_v2,iterative,0.4607218683651805,0.0010119409026512851
power,KFC_v2,iterative,0.4608735213830755,0.0010119409026512851
power,KFC_v2,iterative,0.46102517440097057,0.0010119409026512851
power,KFC_v2,iterative,0.4611768274188657,0.0010119409026512851
power,KFC_v2,iterative,0.4613284804367607,0.0010119409026512851
power,KFC_v2,iterative,0.46148013345465577,0.0010119409026512851
power,KFC_v2,iterative,0.4616317864725508,0.0010119409026512851
power,KFC_v2,iterative,0.46178343949044587,0.0010119409026512851
power,KFC_v2,iterative,0.4619350925083409,0.0010119409026512851
power,KFC_v2,iterative,0.46208674552623596,0.0010119409026512851
power,KFC_v2,iterative,0.46223839854413107,0.0010119409026512851
power,KFC_v2,iterative,0.4623900515620261,0.0010119409026512851
power,KFC_v2,iterative,0.46254170457992116,0.0010119409026512851
power,KFC_v2,iterative,0.4626933575978162,0.0010119409026512851
power,KFC_v2,iterative,0.46284501061571126,0.0010119409026512851
power,KFC_v2,iterative,0.4629966636336063,0.0010119409026512851
power,KFC_v2,iterative,0.46314831665150136,0.0010119409026512851
power,KFC_v2,iterative,0.46329996966939646,0.0010119409026512851
power,KFC_v2,iterative,0.4634516226872915,0.0010119409026512851
power,KFC_v2,iterative,0.46360327570518656,0.0010119409026512851
power,KFC_v2,iterative,0.4637549287230816,0.0010119409026512851
power,KFC_v2,iterative,0.46390658174097665,0.0010119409026512851
power,KFC_v2,iterative,0.4640582347588717,0.0010119409026512851
power,KFC_v2,iterative,0.46420988777676675,0.0010119409026512851
power,KFC_v2,iterative,0.46436154079466185,0.0010119409026512851
power,KFC_v2,iterative,0.4645131938125569,0.0010119409026512851
power,KFC_v2,iterative,0.46466484683045195,0.0010119409026512851
power,KFC_v2,iterative,0.464816499848347,0.0010119409026512851
power,KFC_v2,iterative,0.46496815286624205,0.0010119409026512851
power,KFC_v2,iterative,0.4651198058841371,0.0010119409026512851
power,KFC_v2,iterative,0.46527145890203214,0.0010119409026512851
power,KFC_v2,iterative,0.46542311191992725,0.0010119409026512851
power,KFC_v2,iterative,0.4655747649378223,0.0010119409026512851
power,KFC_v2,iterative,0.46572641795571734,0.0010119409026512851
power,KFC_v2,iterative,0.4658780709736124,0.0010119409026512851
power,KFC_v2,iterative,0.46602972399150744,0.0010119409026512851
power,KFC_v2,iterative,0.4661813770094025,0.0010119409026512851
power,KFC_v2,iterative,0.46633303002729753,0.0010119409026512851
power,KFC_v2,iterative,0.46648468304519264,0.0010119409026512851
power,KFC_v2,iterative,0.4666363360630877,0.0010119409026512851
power,KFC_v2,iterative,0.46678798908098273,0.0010119409026512851
power,KFC_v2,iterative,0.4669396420988778,0.0010119409026512851
power,KFC_v2,iterative,0.46709129511677283,0.0010119409026512851
power,KFC_v2,iterative,0.4672429481346679,0.0010119409026512851
power,KFC_v2,iterative,0.4673946011525629,0.0008095527221210282
power,KFC_v2,iterative,0.46754625417045803,0.0008095527221210282
power,KFC_v2,iterative,0.4676979071883531,0.0008095527221210282
power,KFC_v2,iterative,0.4678495602062481,0.0008095527221210282
power,KFC_v2,iterative,0.4680012132241432,0.0008095527221210282
power,KFC_v2,iterative,0.4681528662420382,0.0008095527221210282
power,KFC_v2,iterative,0.46830451925993327,0.0008095527221210282
power,KFC_v2,iterative,0.4684561722778283,0.0008095527221210282
power,KFC_v2,iterative,0.4686078252957234,0.0008095527221210282
power,KFC_v2,iterative,0.46875947831361847,0.0008095527221210282
power,KFC_v2,iterative,0.4689111313315135,0.0008095527221210282
power,KFC_v2,iterative,0.46906278434940857,0.0008095527221210282
power,KFC_v2,iterative,0.4692144373673036,0.0008095527221210282
power,KFC_v2,iterative,0.46936609038519866,0.0008095527221210282
power,KFC_v2,iterative,0.4695177434030937,0.0008095527221210282
power,KFC_v2,iterative,0.4696693964209888,0.0008095527221210282
power,KFC_v2,iterative,0.46982104943888386,0.0008095527221210282
power,KFC_v2,iterative,0.4699727024567789,0.0008095527221210282
power,KFC_v2,iterative,0.47012435547467396,0.0008095527221210282
power,KFC_v2,iterative,0.470276008492569,0.0008095527221210282
power,KFC_v2,iterative,0.47042766151046406,0.0008095527221210282
power,KFC_v2,iterative,0.4705793145283591,0.0008095527221210282
power,KFC_v2,iterative,0.4707309675462542,0.0008095527221210282
power,KFC_v2,iterative,0.47088262056414926,0.0008095527221210282
power,KFC_v2,iterative,0.4710342735820443,0.0008095527221210282
power,KFC_v2,iterative,0.47118592659993935,0.0008095527221210282
power,KFC_v2,iterative,0.4713375796178344,0.0008095527221210282
power,KFC_v2,iterative,0.47148923263572945,0.0008095527221210282
power,KFC_v2,iterative,0.4716408856536245,0.0008095527221210282
power,KFC_v2,iterative,0.4717925386715196,0.0008095527221210282
power,KFC_v2,iterative,0.47194419168941465,0.0008095527221210282
power,KFC_v2,iterative,0.4720958447073097,0.0008095527221210282
power,KFC_v2,iterative,0.47224749772520475,0.0008095527221210282
power,KFC_v2,iterative,0.4723991507430998,0.0008095527221210282
power,KFC_v2,iterative,0.47255080376099484,0.0008095527221210282
power,KFC_v2,iterative,0.4727024567788899,0.0008095527221210282
power,KFC_v2,iterative,0.472854109796785,0.0008095527221210282
power,KFC_v2,iterative,0.47300576281468004,0.0008095527221210282
power,KFC_v2,iterative,0.4731574158325751,0.0008095527221210282
power,KFC_v2,iterative,0.47330906885047014,0.0008095527221210282
power,KFC_v2,iterative,0.4734607218683652,0.0008095527221210282
power,KFC_v2,iterative,0.47361237488626023,0.0008095527221210282
power,KFC_v2,iterative,0.4737640279041553,0.0008095527221210282
power,KFC_v2,iterative,0.4739156809220504,0.0008095527221210282
power,KFC_v2,iterative,0.47406733393994543,0.0008095527221210282
power,KFC_v2,iterative,0.4742189869578405,0.0008095527221210282
power,KFC_v2,iterative,0.47437063997573553,0.0008095527221210282
power,KFC_v2,iterative,0.4745222929936306,0.0008095527221210282
power,KFC_v2,iterative,0.4746739460115256,0.0008095527221210282
power,KFC_v2,iterative,0.4748255990294207,0.0008095527221210282
power,KFC_v2,iterative,0.4749772520473158,0.0008095527221210282
power,KFC_v2,iterative,0.4751289050652108,0.0008095527221210282
power,KFC_v2,iterative,0.4752805580831059,0.0008095527221210282
power,KFC_v2,iterative,0.4754322111010009,0.0008095527221210282
power,KFC_v2,iterative,0.47558386411889597,0.0008095527221210282
power,KFC_v2,iterative,0.475735517136791,0.0008095527221210282
power,KFC_v2,iterative,0.47588717015468607,0.0008095527221210282
power,KFC_v2,iterative,0.47603882317258117,0.0008095527221210282
power,KFC_v2,iterative,0.4761904761904762,0.0008095527221210282
power,KFC_v2,iterative,0.47634212920837127,0.0008095527221210282
power,KFC_v2,iterative,0.4764937822262663,0.0008095527221210282
power,KFC_v2,iterative,0.47664543524416136,0.0008095527221210282
power,KFC_v2,iterative,0.4767970882620564,0.0008095527221210282
power,KFC_v2,iterative,0.47694874127995146,0.0008095527221210282
power,KFC_v2,iterative,0.47710039429784656,0.0008095527221210282
power,KFC_v2,iterative,0.4772520473157416,0.0008095527221210282
power,KFC_v2,iterative,0.47740370033363666,0.0008095527221210282
power,KFC_v2,iterative,0.4775553533515317,0.0008095527221210282
power,KFC_v2,iterative,0.47770700636942676,0.0008095527221210282
power,KFC_v2,iterative,0.4778586593873218,0.0008095527221210282
power,KFC_v2,iterative,0.47801031240521685,0.0008095527221210282
power,KFC_v2,iterative,0.47816196542311196,0.0008095527221210282
power,KFC_v2,iterative,0.478313618441007,0.0008095527221210282
power,KFC_v2,iterative,0.47846527145890205,0.0008095527221210282
power,KFC_v2,iterative,0.4786169244767971,0.0008095527221210282
power,KFC_v2,iterative,0.47876857749469215,0.0008095527221210282
power,KFC_v2,iterative,0.4789202305125872,0.0008095527221210282
power,KFC_v2,iterative,0.47907188353048225,0.0008095527221210282
power,KFC_v2,iterative,0.47922353654837735,0.0008095527221210282
power,KFC_v2,iterative,0.4793751895662724,0.0008095527221210282
power,KFC_v2,iterative,0.47952684258416745,0.0008095527221210282
power,KFC_v2,iterative,0.4796784956020625,0.0008095527221210282
power,KFC_v2,iterative,0.47983014861995754,0.0008095527221210282
power,KFC_v2,iterative,0.4799818016378526,0.0008095527221210282
power,KFC_v2,iterative,0.48013345465574764,0.0008095527221210282
power,KFC_v2,iterative,0.48028510767364274,0.0008095527221210282
power,KFC_v2,iterative,0.4804367606915378,0.0008095527221210282
power,KFC_v2,iterative,0.48058841370943284,0.0008095527221210282
power,KFC_v2,iterative,0.4807400667273279,0.0008095527221210282
power,KFC_v2,iterative,0.48089171974522293,0.0008095527221210282
power,KFC_v2,iterative,0.481043372763118,0.0008095527221210282
power,KFC_v2,iterative,0.48119502578101303,0.0008095527221210282
power,KFC_v2,iterative,0.48134667879890813,0.0008095527221210282
power,KFC_v2,iterative,0.4814983318168032,0.0008095527221210282
power,KFC_v2,iterative,0.48164998483469823,0.0008095527221210282
power,KFC_v2,iterative,0.4818016378525933,0.0008095527221210282
power,KFC_v2,iterative,0.4819532908704883,0.0008095527221210282
power,KFC_v2,iterative,0.4821049438883834,0.0008095527221210282
power,KFC_v2,iterative,0.4822565969062785,0.0008095527221210282
power,KFC_v2,iterative,0.4824082499241735,0.0008095527221210282
power,KFC_v2,iterative,0.4825599029420686,0.0008095527221210282
power,KFC_v2,iterative,0.4827115559599636,0.0008095527221210282
power,KFC_v2,iterative,0.48286320897785867,0.0008095527221210282
power,KFC_v2,iterative,0.4830148619957537,0.0008095527221210282
power,KFC_v2,iterative,0.48316651501364877,0.0008095527221210282
power,KFC_v2,iterative,0.48331816803154387,0.0008095527221210282
power,KFC_v2,iterative,0.4834698210494389,0.0008095527221210282
power,KFC_v2,iterative,0.48362147406733397,0.0008095527221210282
power,KFC_v2,iterative,0.483773127085229,0.0008095527221210282
power,KFC_v2,iterative,0.48392478010312406,0.0008095527221210282
power,KFC_v2,iterative,0.4840764331210191,0.0008095527221210282
power,KFC_v2,iterative,0.48422808613891416,0.0008095527221210282
power,KFC_v2,iterative,0.48437973915680926,0.0008095527221210282
power,KFC_v2,iterative,0.4845313921747043,0.0008095527221210282
power,KFC_v2,iterative,0.48468304519259936,0.0008095527221210282
power,KFC_v2,iterative,0.4848346982104944,0.0008095527221210282
power,KFC_v2,iterative,0.48498635122838946,0.0008095527221210282
power,KFC_v2,iterative,0.4851380042462845,0.0008095527221210282
power,KFC_v2,iterative,0.48528965726417955,0.0008095527221210282
power,KFC_v2,iterative,0.48544131028207466,0.0008095527221210282
power,KFC_v2,iterative,0.4855929632999697,0.0008095527221210282
power,KFC_v2,iterative,0.48574461631786475,0.0008095527221210282
power,KFC_v2,iterative,0.4858962693357598,0.0008095527221210282
power,KFC_v2,iterative,0.48604792235365485,0.0008095527221210282
power,KFC_v2,iterative,0.4861995753715499,0.0008095527221210282
power,KFC_v2,iterative,0.48635122838944495,0.0008095527221210282
power,KFC_v2,iterative,0.48650288140734005,0.0008095527221210282
power,KFC_v2,iterative,0.4866545344252351,0.0008095527221210282
power,KFC_v2,iterative,0.48680618744313015,0.0008095527221210282
power,KFC_v2,iterative,0.4869578404610252,0.0008095527221210282
power,KFC_v2,iterative,0.48710949347892024,0.0008095527221210282
power,KFC_v2,iterative,0.4872611464968153,0.0008095527221210282
power,KFC_v2,iterative,0.48741279951471034,0.0008095527221210282
power,KFC_v2,iterative,0.48756445253260544,0.0008095527221210282
power,KFC_v2,iterative,0.4877161055505005,0.0008095527221210282
power,KFC_v2,iterative,0.48786775856839554,0.0008095527221210282
power,KFC_v2,iterative,0.4880194115862906,0.0008095527221210282
power,KFC_v2,iterative,0.48817106460418563,0.0008095527221210282
power,KFC_v2,iterative,0.4883227176220807,0.0008095527221210282
power,KFC_v2,iterative,0.48847437063997573,0.0008095527221210282
power,KFC_v2,iterative,0.48862602365787083,0.0008095527221210282
power,KFC_v2,iterative,0.4887776766757659,0.0008095527221210282
power,KFC_v2,iterative,0.48892932969366093,0.0008095527221210282
power,KFC_v2,iterative,0.489080982711556,0.0008095527221210282
power,KFC_v2,iterative,0.489232635729451,0.0008095527221210282
power,KFC_v2,iterative,0.4893842887473461,0.0008095527221210282
power,KFC_v2,iterative,0.4895359417652411,0.0008095527221210282
power,KFC_v2,iterative,0.4896875947831362,0.0008095527221210282
power,KFC_v2,iterative,0.4898392478010313,0.0008095527221210282
power,KFC_v2,iterative,0.4899909008189263,0.0008095527221210282
power,KFC_v2,iterative,0.49014255383682137,0.0008095527221210282
power,KFC_v2,iterative,0.4902942068547164,0.0008095527221210282
power,KFC_v2,iterative,0.49044585987261147,0.0008095527221210282
power,KFC_v2,iterative,0.4905975128905065,0.0008095527221210282
power,KFC_v2,iterative,0.4907491659084016,0.0008095527221210282
power,KFC_v2,iterative,0.49090081892629667,0.0008095527221210282
power,KFC_v2,iterative,0.4910524719441917,0.0008095527221210282
power,KFC_v2,iterative,0.49120412496208676,0.0008095527221210282
power,KFC_v2,iterative,0.4913557779799818,0.0008095527221210282
power,KFC_v2,iterative,0.49150743099787686,0.0008095527221210282
power,KFC_v2,iterative,0.4916590840157719,0.0008095527221210282
power,KFC_v2,iterative,0.491810737033667,0.0008095527221210282
power,KFC_v2,iterative,0.49196239005156206,0.0008095527221210282
power,KFC_v2,iterative,0.4921140430694571,0.0008095527221210282
power,KFC_v2,iterative,0.49226569608735216,0.0008095527221210282
power,KFC_v2,iterative,0.4924173491052472,0.0008095527221210282
power,KFC_v2,iterative,0.49256900212314225,0.0008095527221210282
power,KFC_v2,iterative,0.4927206551410373,0.0008095527221210282
power,KFC_v2,iterative,0.4928723081589324,0.0008095527221210282
power,KFC_v2,iterative,0.49302396117682745,0.0008095527221210282
power,KFC_v2,iterative,0.4931756141947225,0.0008095527221210282
power,KFC_v2,iterative,0.49332726721261755,0.0008095527221210282
power,KFC_v2,iterative,0.4934789202305126,0.0008095527221210282
power,KFC_v2,iterative,0.49363057324840764,0.0008095527221210282
power,KFC_v2,iterative,0.4937822262663027,0.0008095527221210282
power,KFC_v2,iterative,0.4939338792841978,0.0008095527221210282
power,KFC_v2,iterative,0.49408553230209284,0.0008095527221210282
power,KFC_v2,iterative,0.4942371853199879,0.0008095527221210282
power,KFC_v2,iterative,0.49438883833788294,0.0008095527221210282
power,KFC_v2,iterative,0.494540491355778,0.0008095527221210282
power,KFC_v2,iterative,0.49469214437367304,0.0008095527221210282
power,KFC_v2,iterative,0.4948437973915681,0.0008095527221210282
power,KFC_v2,iterative,0.4949954504094632,0.0008095527221210282
power,KFC_v2,iterative,0.49514710342735824,0.0008095527221210282
power,KFC_v2,iterative,0.4952987564452533,0.0008095527221210282
power,KFC_v2,iterative,0.49545040946314833,0.0008095527221210282
power,KFC_v2,iterative,0.4956020624810434,0.0008095527221210282
power,KFC_v2,iterative,0.49575371549893843,0.0008095527221210282
power,KFC_v2,iterative,0.4959053685168335,0.0008095527221210282
power,KFC_v2,iterative,0.4960570215347286,0.0008095527221210282
power,KFC_v2,iterative,0.49620867455262363,0.0008095527221210282
power,KFC_v2,iterative,0.4963603275705187,0.0008095527221210282
power,KFC_v2,iterative,0.4965119805884137,0.0008095527221210282
power,KFC_v2,iterative,0.4966636336063088,0.0008095527221210282
power,KFC_v2,iterative,0.4968152866242038,0.0008095527221210282
power,KFC_v2,iterative,0.49696693964209887,0.0008095527221210282
power,KFC_v2,iterative,0.497118592659994,0.0008095527221210282
power,KFC_v2,iterative,0.497270245677889,0.0008095527221210282
power,KFC_v2,iterative,0.49742189869578407,0.0008095527221210282
power,KFC_v2,iterative,0.4975735517136791,0.0008095527221210282
power,KFC_v2,iterative,0.49772520473157417,0.0008095527221210282
power,KFC_v2,iterative,0.4978768577494692,0.0008095527221210282
power,KFC_v2,iterative,0.49802851076736426,0.0008095527221210282
power,KFC_v2,iterative,0.49818016378525937,0.0008095527221210282
power,KFC_v2,iterative,0.4983318168031544,0.0008095527221210282
power,KFC_v2,iterative,0.49848346982104946,0.0008095527221210282
power,KFC_v2,iterative,0.4986351228389445,0.0008095527221210282
power,KFC_v2,iterative,0.49878677585683956,0.0008095527221210282
power,KFC_v2,iterative,0.4989384288747346,0.0008095527221210282
power,KFC_v2,iterative,0.49909008189262966,0.0008095527221210282
power,KFC_v2,iterative,0.49924173491052476,0.0008095527221210282
power,KFC_v2,iterative,0.4993933879284198,0.0008095527221210282
power,KFC_v2,iterative,0.49954504094631486,0.0008095527221210282
power,KFC_v2,iterative,0.4996966939642099,0.0008095527221210282
power,KFC_v2,iterative,0.49984834698210495,0.0008095527221210282
power,KFC_v2,iterative,0.5,0.0008095527221210282
power,KFC_v2,iterative,0.5001516530178951,0.0008095527221210282
power,KFC_v2,iterative,0.5003033060357901,0.0008095527221210282
power,KFC_v2,iterative,0.5004549590536852,0.0008095527221210282
power,KFC_v2,iterative,0.5006066120715802,0.0008095527221210282
power,KFC_v2,iterative,0.5007582650894753,0.0008095527221210282
power,KFC_v2,iterative,0.5009099181073704,0.0008095527221210282
power,KFC_v2,iterative,0.5010615711252654,0.0008095527221210282
power,KFC_v2,iterative,0.5012132241431605,0.0008095527221210282
power,KFC_v2,iterative,0.5013648771610555,0.0008095527221210282
power,KFC_v2,iterative,0.5015165301789506,0.0008095527221210282
power,KFC_v2,iterative,0.5016681831968456,0.0008095527221210282
power,KFC_v2,iterative,0.5018198362147407,0.0008095527221210282
power,KFC_v2,iterative,0.5019714892326358,0.0008095527221210282
power,KFC_v2,iterative,0.5021231422505308,0.0008095527221210282
power,KFC_v2,iterative,0.5022747952684259,0.0008095527221210282
power,KFC_v2,iterative,0.5024264482863209,0.0008095527221210282
power,KFC_v2,iterative,0.502578101304216,0.0008095527221210282
power,KFC_v2,iterative,0.502729754322111,0.0008095527221210282
power,KFC_v2,iterative,0.5028814073400061,0.0008095527221210282
power,KFC_v2,iterative,0.5030330603579012,0.0008095527221210282
power,KFC_v2,iterative,0.5031847133757962,0.0008095527221210282
power,KFC_v2,iterative,0.5033363663936913,0.0008095527221210282
power,KFC_v2,iterative,0.5034880194115863,0.0008095527221210282
power,KFC_v2,iterative,0.5036396724294814,0.0008095527221210282
power,KFC_v2,iterative,0.5037913254473764,0.0008095527221210282
power,KFC_v2,iterative,0.5039429784652715,0.0008095527221210282
power,KFC_v2,iterative,0.5040946314831666,0.0008095527221210282
power,KFC_v2,iterative,0.5042462845010616,0.0008095527221210282
power,KFC_v2,iterative,0.5043979375189567,0.0008095527221210282
power,KFC_v2,iterative,0.5045495905368517,0.0008095527221210282
power,KFC_v2,iterative,0.5047012435547468,0.0008095527221210282
power,KFC_v2,iterative,0.5048528965726418,0.0008095527221210282
power,KFC_v2,iterative,0.5050045495905369,0.0008095527221210282
power,KFC_v2,iterative,0.505156202608432,0.0008095527221210282
power,KFC_v2,iterative,0.505307855626327,0.0008095527221210282
power,KFC_v2,iterative,0.5054595086442221,0.0008095527221210282
power,KFC_v2,iterative,0.5056111616621171,0.0008095527221210282
power,KFC_v2,iterative,0.5057628146800122,0.0008095527221210282
power,KFC_v2,iterative,0.5059144676979072,0.0008095527221210282
power,KFC_v2,iterative,0.5060661207158023,0.0008095527221210282
power,KFC_v2,iterative,0.5062177737336974,0.0008095527221210282
power,KFC_v2,iterative,0.5063694267515924,0.0008095527221210282
power,KFC_v2,iterative,0.5065210797694875,0.0008095527221210282
power,KFC_v2,iterative,0.5066727327873825,0.0008095527221210282
power,KFC_v2,iterative,0.5068243858052776,0.0008095527221210282
power,KFC_v2,iterative,0.5069760388231725,0.0008095527221210282
power,KFC_v2,iterative,0.5071276918410677,0.0008095527221210282
power,KFC_v2,iterative,0.5072793448589628,0.0008095527221210282
power,KFC_v2,iterative,0.5074309978768577,0.0008095527221210282
power,KFC_v2,iterative,0.5075826508947529,0.0008095527221210282
power,KFC_v2,iterative,0.5077343039126478,0.0008095527221210282
power,KFC_v2,iterative,0.507885956930543,0.0008095527221210282
power,KFC_v2,iterative,0.5080376099484379,0.0008095527221210282
power,KFC_v2,iterative,0.508189262966333,0.0008095527221210282
power,KFC_v2,iterative,0.5083409159842281,0.0008095527221210282
power,KFC_v2,iterative,0.5084925690021231,0.0008095527221210282
power,KFC_v2,iterative,0.5086442220200182,0.0008095527221210282
power,KFC_v2,iterative,0.5087958750379132,0.0008095527221210282
power,KFC_v2,iterative,0.5089475280558083,0.0008095527221210282
power,KFC_v2,iterative,0.5090991810737033,0.0008095527221210282
power,KFC_v2,iterative,0.5092508340915984,0.0008095527221210282
power,KFC_v2,iterative,0.5094024871094935,0.0008095527221210282
power,KFC_v2,iterative,0.5095541401273885,0.0008095527221210282
power,KFC_v2,iterative,0.5097057931452836,0.0008095527221210282
power,KFC_v2,iterative,0.5098574461631786,0.0008095527221210282
power,KFC_v2,iterative,0.5100090991810737,0.0008095527221210282
power,KFC_v2,iterative,0.5101607521989687,0.0008095527221210282
power,KFC_v2,iterative,0.5103124052168638,0.0008095527221210282
power,KFC_v2,iterative,0.5104640582347589,0.0008095527221210282
power,KFC_v2,iterative,0.5106157112526539,0.0008095527221210282
power,KFC_v2,iterative,0.510767364270549,0.0008095527221210282
power,KFC_v2,iterative,0.510919017288444,0.0008095527221210282
power,KFC_v2,iterative,0.5110706703063391,0.0008095527221210282
power,KFC_v2,iterative,0.5112223233242341,0.0008095527221210282
power,KFC_v2,iterative,0.5113739763421292,0.0008095527221210282
power,KFC_v2,iterative,0.5115256293600243,0.0008095527221210282
power,KFC_v2,iterative,0.5116772823779193,0.0008095527221210282
power,KFC_v2,iterative,0.5118289353958144,0.0008095527221210282
power,KFC_v2,iterative,0.5119805884137094,0.0008095527221210282
power,KFC_v2,iterative,0.5121322414316045,0.0008095527221210282
power,KFC_v2,iterative,0.5122838944494995,0.0008095527221210282
power,KFC_v2,iterative,0.5124355474673946,0.0008095527221210282
power,KFC_v2,iterative,0.5125872004852897,0.0008095527221210282
power,KFC_v2,iterative,0.5127388535031847,0.0008095527221210282
power,KFC_v2,iterative,0.5128905065210798,0.0008095527221210282
power,KFC_v2,iterative,0.5130421595389748,0.0008095527221210282
power,KFC_v2,iterative,0.5131938125568699,0.0008095527221210282
power,KFC_v2,iterative,0.5133454655747649,0.0008095527221210282
power,KFC_v2,iterative,0.51349711859266,0.0008095527221210282
power,KFC_v2,iterative,0.5136487716105551,0.0008095527221210282
power,KFC_v2,iterative,0.5138004246284501,0.0008095527221210282
power,KFC_v2,iterative,0.5139520776463452,0.0008095527221210282
power,KFC_v2,iterative,0.5141037306642402,0.0008095527221210282
power,KFC_v2,iterative,0.5142553836821353,0.0008095527221210282
power,KFC_v2,iterative,0.5144070367000303,0.0008095527221210282
power,KFC_v2,iterative,0.5145586897179254,0.0008095527221210282
power,KFC_v2,iterative,0.5147103427358205,0.0008095527221210282
power,KFC_v2,iterative,0.5148619957537155,0.0008095527221210282
power,KFC_v2,iterative,0.5150136487716106,0.0008095527221210282
power,KFC_v2,iterative,0.5151653017895056,0.0008095527221210282
power,KFC_v2,iterative,0.5153169548074007,0.0008095527221210282
power,KFC_v2,iterative,0.5154686078252957,0.0008095527221210282
power,KFC_v2,iterative,0.5156202608431908,0.0008095527221210282
power,KFC_v2,iterative,0.5157719138610859,0.0008095527221210282
power,KFC_v2,iterative,0.5159235668789809,0.0008095527221210282
power,KFC_v2,iterative,0.516075219896876,0.0008095527221210282
power,KFC_v2,iterative,0.516226872914771,0.0008095527221210282
power,KFC_v2,iterative,0.5163785259326661,0.0008095527221210282
power,KFC_v2,iterative,0.5165301789505611,0.0008095527221210282
power,KFC_v2,iterative,0.5166818319684562,0.0008095527221210282
power,KFC_v2,iterative,0.5168334849863513,0.0008095527221210282
power,KFC_v2,iterative,0.5169851380042463,0.0008095527221210282
power,KFC_v2,iterative,0.5171367910221414,0.0008095527221210282
power,KFC_v2,iterative,0.5172884440400364,0.0008095527221210282
power,KFC_v2,iterative,0.5174400970579315,0.0008095527221210282
power,KFC_v2,iterative,0.5175917500758265,0.0008095527221210282
power,KFC_v2,iterative,0.5177434030937216,0.0008095527221210282
power,KFC_v2,iterative,0.5178950561116167,0.0008095527221210282
power,KFC_v2,iterative,0.5180467091295117,0.0008095527221210282
power,KFC_v2,iterative,0.5181983621474068,0.0008095527221210282
power,KFC_v2,iterative,0.5183500151653018,0.0008095527221210282
power,KFC_v2,iterative,0.5185016681831969,0.0008095527221210282
power,KFC_v2,iterative,0.5186533212010919,0.0008095527221210282
power,KFC_v2,iterative,0.518804974218987,0.0008095527221210282
power,KFC_v2,iterative,0.5189566272368821,0.0008095527221210282
power,KFC_v2,iterative,0.5191082802547771,0.0008095527221210282
power,KFC_v2,iterative,0.5192599332726722,0.0008095527221210282
power,KFC_v2,iterative,0.5194115862905672,0.0008095527221210282
power,KFC_v2,iterative,0.5195632393084623,0.0008095527221210282
power,KFC_v2,iterative,0.5197148923263573,0.0008095527221210282
power,KFC_v2,iterative,0.5198665453442524,0.0008095527221210282
power,KFC_v2,iterative,0.5200181983621475,0.0008095527221210282
power,KFC_v2,iterative,0.5201698513800425,0.0008095527221210282
power,KFC_v2,iterative,0.5203215043979376,0.0008095527221210282
power,KFC_v2,iterative,0.5204731574158326,0.0008095527221210282
power,KFC_v2,iterative,0.5206248104337277,0.0008095527221210282
power,KFC_v2,iterative,0.5207764634516227,0.0008095527221210282
power,KFC_v2,iterative,0.5209281164695178,0.0008095527221210282
power,KFC_v2,iterative,0.5210797694874129,0.0008095527221210282
power,KFC_v2,iterative,0.5212314225053079,0.0008095527221210282
power,KFC_v2,iterative,0.521383075523203,0.0008095527221210282
power,KFC_v2,iterative,0.521534728541098,0.0008095527221210282
power,KFC_v2,iterative,0.521686381558993,0.0008095527221210282
power,KFC_v2,iterative,0.521838034576888,0.0008095527221210282
power,KFC_v2,iterative,0.5219896875947831,0.0008095527221210282
power,KFC_v2,iterative,0.5221413406126783,0.0008095527221210282
power,KFC_v2,iterative,0.5222929936305732,0.0008095527221210282
power,KFC_v2,iterative,0.5224446466484683,0.0008095527221210282
power,KFC_v2,iterative,0.5225962996663633,0.0008095527221210282
power,KFC_v2,iterative,0.5227479526842584,0.0008095527221210282
power,KFC_v2,iterative,0.5228996057021534,0.0008095527221210282
power,KFC_v2,iterative,0.5230512587200485,0.0008095527221210282
power,KFC_v2,iterative,0.5232029117379436,0.0008095527221210282
power,KFC_v2,iterative,0.5233545647558386,0.0008095527221210282
power,KFC_v2,iterative,0.5235062177737337,0.0008095527221210282
power,KFC_v2,iterative,0.5236578707916287,0.0008095527221210282
power,KFC_v2,iterative,0.5238095238095238,0.0008095527221210282
power,KFC_v2,iterative,0.5239611768274188,0.0008095527221210282
power,KFC_v2,iterative,0.5241128298453139,0.0008095527221210282
power,KFC_v2,iterative,0.524264482863209,0.0008095527221210282
power,KFC_v2,iterative,0.524416135881104,0.0008095527221210282
power,KFC_v2,iterative,0.5245677888989991,0.0008095527221210282
power,KFC_v2,iterative,0.5247194419168941,0.0008095527221210282
power,KFC_v2,iterative,0.5248710949347892,0.0008095527221210282
power,KFC_v2,iterative,0.5250227479526842,0.0008095527221210282
power,KFC_v2,iterative,0.5251744009705793,0.0008095527221210282
power,KFC_v2,iterative,0.5253260539884744,0.0008095527221210282
power,KFC_v2,iterative,0.5254777070063694,0.0008095527221210282
power,KFC_v2,iterative,0.5256293600242645,0.0008095527221210282
power,KFC_v2,iterative,0.5257810130421595,0.0008095527221210282
power,KFC_v2,iterative,0.5259326660600546,0.0008095527221210282
power,KFC_v2,iterative,0.5260843190779496,0.0008095527221210282
power,KFC_v2,iterative,0.5262359720958447,0.0008095527221210282
power,KFC_v2,iterative,0.5263876251137398,0.0008095527221210282
power,KFC_v2,iterative,0.5265392781316348,0.0008095527221210282
power,KFC_v2,iterative,0.5266909311495299,0.0008095527221210282
power,KFC_v2,iterative,0.5268425841674249,0.0008095527221210282
power,KFC_v2,iterative,0.52699423718532,0.0008095527221210282
power,KFC_v2,iterative,0.527145890203215,0.0008095527221210282
power,KFC_v2,iterative,0.5272975432211101,0.0008095527221210282
power,KFC_v2,iterative,0.5274491962390052,0.0008095527221210282
power,KFC_v2,iterative,0.5276008492569002,0.0008095527221210282
power,KFC_v2,iterative,0.5277525022747953,0.0008095527221210282
power,KFC_v2,iterative,0.5279041552926903,0.0008095527221210282
power,KFC_v2,iterative,0.5280558083105854,0.0008095527221210282
power,KFC_v2,iterative,0.5282074613284805,0.0008095527221210282
power,KFC_v2,iterative,0.5283591143463755,0.0008095527221210282
power,KFC_v2,iterative,0.5285107673642706,0.0008095527221210282
power,KFC_v2,iterative,0.5286624203821656,0.0008095527221210282
power,KFC_v2,iterative,0.5288140734000607,0.0008095527221210282
power,KFC_v2,iterative,0.5289657264179557,0.0008095527221210282
power,KFC_v2,iterative,0.5291173794358508,0.0008095527221210282
power,KFC_v2,iterative,0.5292690324537459,0.0008095527221210282
power,KFC_v2,iterative,0.5294206854716409,0.0008095527221210282
power,KFC_v2,iterative,0.529572338489536,0.0008095527221210282
power,KFC_v2,iterative,0.529723991507431,0.0008095527221210282
power,KFC_v2,iterative,0.5298756445253261,0.0008095527221210282
power,KFC_v2,iterative,0.5300272975432211,0.0008095527221210282
power,KFC_v2,iterative,0.5301789505611162,0.0008095527221210282
power,KFC_v2,iterative,0.5303306035790113,0.0008095527221210282
power,KFC_v2,iterative,0.5304822565969063,0.0008095527221210282
power,KFC_v2,iterative,0.5306339096148014,0.0008095527221210282
power,KFC_v2,iterative,0.5307855626326964,0.0008095527221210282
power,KFC_v2,iterative,0.5309372156505915,0.0008095527221210282
power,KFC_v2,iterative,0.5310888686684865,0.0008095527221210282
power,KFC_v2,iterative,0.5312405216863816,0.0008095527221210282
power,KFC_v2,iterative,0.5313921747042767,0.0008095527221210282
power,KFC_v2,iterative,0.5315438277221717,0.0008095527221210282
power,KFC_v2,iterative,0.5316954807400668,0.0008095527221210282
power,KFC_v2,iterative,0.5318471337579618,0.0008095527221210282
power,KFC_v2,iterative,0.5319987867758569,0.0008095527221210282
power,KFC_v2,iterative,0.5321504397937519,0.0008095527221210282
power,KFC_v2,iterative,0.532302092811647,0.0008095527221210282
power,KFC_v2,iterative,0.5324537458295421,0.0008095527221210282
power,KFC_v2,iterative,0.5326053988474371,0.0008095527221210282
power,KFC_v2,iterative,0.5327570518653322,0.0008095527221210282
power,KFC_v2,iterative,0.5329087048832272,0.0008095527221210282
power,KFC_v2,iterative,0.5330603579011223,0.0008095527221210282
power,KFC_v2,iterative,0.5332120109190173,0.0008095527221210282
power,KFC_v2,iterative,0.5333636639369124,0.0008095527221210282
power,KFC_v2,iterative,0.5335153169548075,0.0008095527221210282
power,KFC_v2,iterative,0.5336669699727025,0.0008095527221210282
power,KFC_v2,iterative,0.5338186229905976,0.0008095527221210282
power,KFC_v2,iterative,0.5339702760084926,0.0008095527221210282
power,KFC_v2,iterative,0.5341219290263877,0.0008095527221210282
power,KFC_v2,iterative,0.5342735820442827,0.0008095527221210282
power,KFC_v2,iterative,0.5344252350621778,0.0008095527221210282
power,KFC_v2,iterative,0.5345768880800729,0.0008095527221210282
power,KFC_v2,iterative,0.5347285410979679,0.0008095527221210282
power,KFC_v2,iterative,0.534880194115863,0.0008095527221210282
power,KFC_v2,iterative,0.535031847133758,0.0008095527221210282
power,KFC_v2,iterative,0.5351835001516531,0.0008095527221210282
power,KFC_v2,iterative,0.535335153169548,0.0008095527221210282
power,KFC_v2,iterative,0.5354868061874432,0.0008095527221210282
power,KFC_v2,iterative,0.5356384592053383,0.0008095527221210282
power,KFC_v2,iterative,0.5357901122232333,0.0008095527221210282
power,KFC_v2,iterative,0.5359417652411284,0.0008095527221210282
power,KFC_v2,iterative,0.5360934182590233,0.0008095527221210282
power,KFC_v2,iterative,0.5362450712769185,0.0008095527221210282
power,KFC_v2,iterative,0.5363967242948134,0.0008095527221210282
power,KFC_v2,iterative,0.5365483773127085,0.0008095527221210282
power,KFC_v2,iterative,0.5367000303306037,0.0008095527221210282
power,KFC_v2,iterative,0.5368516833484986,0.0008095527221210282
power,KFC_v2,iterative,0.5370033363663937,0.0008095527221210282
power,KFC_v2,iterative,0.5371549893842887,0.0008095527221210282
power,KFC_v2,iterative,0.5373066424021838,0.0008095527221210282
power,KFC_v2,iterative,0.5374582954200788,0.0008095527221210282
power,KFC_v2,iterative,0.5376099484379739,0.0008095527221210282
power,KFC_v2,iterative,0.537761601455869,0.0008095527221210282
power,KFC_v2,iterative,0.537913254473764,0.0008095527221210282
power,KFC_v2,iterative,0.5380649074916591,0.0008095527221210282
power,KFC_v2,iterative,0.5382165605095541,0.0008095527221210282
power,KFC_v2,iterative,0.5383682135274492,0.0008095527221210282
power,KFC_v2,iterative,0.5385198665453442,0.0008095527221210282
power,KFC_v2,iterative,0.5386715195632393,0.0008095527221210282
power,KFC_v2,iterative,0.5388231725811344,0.0008095527221210282
power,KFC_v2,iterative,0.5389748255990294,0.0008095527221210282
power,KFC_v2,iterative,0.5391264786169245,0.0008095527221210282
power,KFC_v2,iterative,0.5392781316348195,0.0008095527221210282
power,KFC_v2,iterative,0.5394297846527146,0.0008095527221210282
power,KFC_v2,iterative,0.5395814376706096,0.0008095527221210282
power,KFC_v2,iterative,0.5397330906885047,0.0008095527221210282
power,KFC_v2,iterative,0.5398847437063998,0.0008095527221210282
power,KFC_v2,iterative,0.5400363967242948,0.0008095527221210282
power,KFC_v2,iterative,0.5401880497421899,0.0008095527221210282
power,KFC_v2,iterative,0.5403397027600849,0.0008095527221210282
power,KFC_v2,iterative,0.54049135577798,0.0008095527221210282
power,KFC_v2,iterative,0.540643008795875,0.0008095527221210282
power,KFC_v2,iterative,0.5407946618137701,0.0008095527221210282
power,KFC_v2,iterative,0.5409463148316652,0.0008095527221210282
power,KFC_v2,iterative,0.5410979678495602,0.0008095527221210282
power,KFC_v2,iterative,0.5412496208674553,0.0008095527221210282
power,KFC_v2,iterative,0.5414012738853503,0.0008095527221210282
power,KFC_v2,iterative,0.5415529269032454,0.0008095527221210282
power,KFC_v2,iterative,0.5417045799211404,0.0008095527221210282
power,KFC_v2,iterative,0.5418562329390355,0.0008095527221210282
power,KFC_v2,iterative,0.5420078859569306,0.0008095527221210282
power,KFC_v2,iterative,0.5421595389748256,0.0008095527221210282
power,KFC_v2,iterative,0.5423111919927207,0.0008095527221210282
power,KFC_v2,iterative,0.5424628450106157,0.0008095527221210282
power,KFC_v2,iterative,0.5426144980285108,0.0008095527221210282
power,KFC_v2,iterative,0.5427661510464058,0.0008095527221210282
power,KFC_v2,iterative,0.5429178040643009,0.0008095527221210282
power,KFC_v2,iterative,0.543069457082196,0.0008095527221210282
power,KFC_v2,iterative,0.543221110100091,0.0008095527221210282
power,KFC_v2,iterative,0.5433727631179861,0.0008095527221210282
power,KFC_v2,iterative,0.5435244161358811,0.0008095527221210282
power,KFC_v2,iterative,0.5436760691537762,0.0008095527221210282
power,KFC_v2,iterative,0.5438277221716712,0.0008095527221210282
power,KFC_v2,iterative,0.5439793751895663,0.0008095527221210282
power,KFC_v2,iterative,0.5441310282074614,0.0008095527221210282
power,KFC_v2,iterative,0.5442826812253564,0.0008095527221210282
power,KFC_v2,iterative,0.5444343342432515,0.0008095527221210282
power,KFC_v2,iterative,0.5445859872611465,0.0008095527221210282
power,KFC_v2,iterative,0.5447376402790416,0.0008095527221210282
power,KFC_v2,iterative,0.5448892932969366,0.0008095527221210282
power,KFC_v2,iterative,0.5450409463148317,0.0008095527221210282
power,KFC_v2,iterative,0.5451925993327268,0.0008095527221210282
power,KFC_v2,iterative,0.5453442523506218,0.0008095527221210282
power,KFC_v2,iterative,0.5454959053685169,0.0008095527221210282
power,KFC_v2,iterative,0.5456475583864119,0.0008095527221210282
power,KFC_v2,iterative,0.545799211404307,0.0008095527221210282
power,KFC_v2,iterative,0.545950864422202,0.0008095527221210282
power,KFC_v2,iterative,0.5461025174400971,0.0008095527221210282
power,KFC_v2,iterative,0.5462541704579922,0.0008095527221210282
power,KFC_v2,iterative,0.5464058234758872,0.0008095527221210282
power,KFC_v2,iterative,0.5465574764937823,0.0008095527221210282
power,KFC_v2,iterative,0.5467091295116773,0.0008095527221210282
power,KFC_v2,iterative,0.5468607825295724,0.0008095527221210282
power,KFC_v2,iterative,0.5470124355474674,0.0008095527221210282
power,KFC_v2,iterative,0.5471640885653625,0.0008095527221210282
power,KFC_v2,iterative,0.5473157415832576,0.0008095527221210282
power,KFC_v2,iterative,0.5474673946011526,0.0008095527221210282
power,KFC_v2,iterative,0.5476190476190477,0.0008095527221210282
power,KFC_v2,iterative,0.5477707006369427,0.0008095527221210282
power,KFC_v2,iterative,0.5479223536548378,0.0008095527221210282
power,KFC_v2,iterative,0.5480740066727328,0.0008095527221210282
power,KFC_v2,iterative,0.5482256596906279,0.0008095527221210282
power,KFC_v2,iterative,0.548377312708523,0.0008095527221210282
power,KFC_v2,iterative,0.548528965726418,0.0008095527221210282
power,KFC_v2,iterative,0.5486806187443131,0.0008095527221210282
power,KFC_v2,iterative,0.5488322717622081,0.0008095527221210282
power,KFC_v2,iterative,0.5489839247801032,0.0008095527221210282
power,KFC_v2,iterative,0.5491355777979982,0.0008095527221210282
power,KFC_v2,iterative,0.5492872308158933,0.0008095527221210282
power,KFC_v2,iterative,0.5494388838337884,0.0008095527221210282
power,KFC_v2,iterative,0.5495905368516834,0.0008095527221210282
power,KFC_v2,iterative,0.5497421898695785,0.0008095527221210282
power,KFC_v2,iterative,0.5498938428874734,0.0008095527221210282
power,KFC_v2,iterative,0.5500454959053686,0.0008095527221210282
power,KFC_v2,iterative,0.5501971489232635,0.0008095527221210282
power,KFC_v2,iterative,0.5503488019411586,0.0008095527221210282
power,KFC_v2,iterative,0.5505004549590538,0.0008095527221210282
power,KFC_v2,iterative,0.5506521079769487,0.0008095527221210282
power,KFC_v2,iterative,0.5508037609948438,0.0008095527221210282
power,KFC_v2,iterative,0.5509554140127388,0.0008095527221210282
power,KFC_v2,iterative,0.551107067030634,0.0008095527221210282
power,KFC_v2,iterative,0.5512587200485289,0.0008095527221210282
power,KFC_v2,iterative,0.551410373066424,0.0008095527221210282
power,KFC_v2,iterative,0.5515620260843191,0.0008095527221210282
power,KFC_v2,iterative,0.5517136791022141,0.0008095527221210282
power,KFC_v2,iterative,0.5518653321201092,0.0008095527221210282
power,KFC_v2,iterative,0.5520169851380042,0.0008095527221210282
power,KFC_v2,iterative,0.5521686381558993,0.0008095527221210282
power,KFC_v2,iterative,0.5523202911737943,0.0008095527221210282
power,KFC_v2,iterative,0.5524719441916894,0.0008095527221210282
power,KFC_v2,iterative,0.5526235972095845,0.0008095527221210282
power,KFC_v2,iterative,0.5527752502274795,0.0008095527221210282
power,KFC_v2,iterative,0.5529269032453746,0.0008095527221210282
power,KFC_v2,iterative,0.5530785562632696,0.0008095527221210282
power,KFC_v2,iterative,0.5532302092811647,0.0008095527221210282
power,KFC_v2,iterative,0.5533818622990597,0.0008095527221210282
power,KFC_v2,iterative,0.5535335153169548,0.0008095527221210282
power,KFC_v2,iterative,0.5536851683348499,0.0008095527221210282
power,KFC_v2,iterative,0.5538368213527449,0.0008095527221210282
power,KFC_v2,iterative,0.55398847437064,0.0008095527221210282
power,KFC_v2,iterative,0.554140127388535,0.0008095527221210282
power,KFC_v2,iterative,0.5542917804064301,0.0008095527221210282
power,KFC_v2,iterative,0.5544434334243251,0.0008095527221210282
power,KFC_v2,iterative,0.5545950864422202,0.0008095527221210282
power,KFC_v2,iterative,0.5547467394601153,0.0008095527221210282
power,KFC_v2,iterative,0.5548983924780103,0.0008095527221210282
power,KFC_v2,iterative,0.5550500454959054,0.0008095527221210282
power,KFC_v2,iterative,0.5552016985138004,0.0008095527221210282
power,KFC_v2,iterative,0.5553533515316955,0.0008095527221210282
power,KFC_v2,iterative,0.5555050045495905,0.0008095527221210282
power,KFC_v2,iterative,0.5556566575674856,0.0008095527221210282
power,KFC_v2,iterative,0.5558083105853807,0.0008095527221210282
power,KFC_v2,iterative,0.5559599636032757,0.0008095527221210282
power,KFC_v2,iterative,0.5561116166211708,0.0008095527221210282
power,KFC_v2,iterative,0.5562632696390658,0.0008095527221210282
power,KFC_v2,iterative,0.5564149226569609,0.0008095527221210282
power,KFC_v2,iterative,0.5565665756748559,0.0008095527221210282
power,KFC_v2,iterative,0.556718228692751,0.0008095527221210282
power,KFC_v2,iterative,0.5568698817106461,0.0008095527221210282
power,KFC_v2,iterative,0.5570215347285411,0.0008095527221210282
power,KFC_v2,iterative,0.5571731877464362,0.0008095527221210282
power,KFC_v2,iterative,0.5573248407643312,0.0008095527221210282
power,KFC_v2,iterative,0.5574764937822263,0.0008095527221210282
power,KFC_v2,iterative,0.5576281468001213,0.0008095527221210282
power,KFC_v2,iterative,0.5577797998180164,0.0008095527221210282
power,KFC_v2,iterative,0.5579314528359115,0.0008095527221210282
power,KFC_v2,iterative,0.5580831058538065,0.0008095527221210282
power,KFC_v2,iterative,0.5582347588717016,0.0008095527221210282
power,KFC_v2,iterative,0.5583864118895966,0.0008095527221210282
power,KFC_v2,iterative,0.5585380649074917,0.0008095527221210282
power,KFC_v2,iterative,0.5586897179253867,0.0008095527221210282
power,KFC_v2,iterative,0.5588413709432818,0.0008095527221210282
power,KFC_v2,iterative,0.5589930239611769,0.0008095527221210282
power,KFC_v2,iterative,0.5591446769790719,0.0008095527221210282
power,KFC_v2,iterative,0.559296329996967,0.0008095527221210282
power,KFC_v2,iterative,0.559447983014862,0.0008095527221210282
power,KFC_v2,iterative,0.5595996360327571,0.0008095527221210282
power,KFC_v2,iterative,0.5597512890506521,0.0008095527221210282
power,KFC_v2,iterative,0.5599029420685472,0.0008095527221210282
power,KFC_v2,iterative,0.5600545950864423,0.0008095527221210282
power,KFC_v2,iterative,0.5602062481043373,0.0008095527221210282
power,KFC_v2,iterative,0.5603579011222324,0.0008095527221210282
power,KFC_v2,iterative,0.5605095541401274,0.0008095527221210282
power,KFC_v2,iterative,0.5606612071580225,0.0008095527221210282
power,KFC_v2,iterative,0.5608128601759175,0.0008095527221210282
power,KFC_v2,iterative,0.5609645131938126,0.0008095527221210282
power,KFC_v2,iterative,0.5611161662117077,0.0008095527221210282
power,KFC_v2,iterative,0.5612678192296027,0.0008095527221210282
power,KFC_v2,iterative,0.5614194722474978,0.0008095527221210282
power,KFC_v2,iterative,0.5615711252653928,0.0008095527221210282
power,KFC_v2,iterative,0.5617227782832879,0.0008095527221210282
power,KFC_v2,iterative,0.5618744313011829,0.0008095527221210282
power,KFC_v2,iterative,0.562026084319078,0.0008095527221210282
power,KFC_v2,iterative,0.5621777373369731,0.0008095527221210282
power,KFC_v2,iterative,0.5623293903548681,0.0008095527221210282
power,KFC_v2,iterative,0.5624810433727632,0.0008095527221210282
power,KFC_v2,iterative,0.5626326963906582,0.0008095527221210282
power,KFC_v2,iterative,0.5627843494085533,0.0008095527221210282
power,KFC_v2,iterative,0.5629360024264483,0.0008095527221210282
power,KFC_v2,iterative,0.5630876554443434,0.0008095527221210282
power,KFC_v2,iterative,0.5632393084622385,0.0008095527221210282
power,KFC_v2,iterative,0.5633909614801335,0.0008095527221210282
power,KFC_v2,iterative,0.5635426144980286,0.0008095527221210282
power,KFC_v2,iterative,0.5636942675159236,0.0008095527221210282
power,KFC_v2,iterative,0.5638459205338187,0.0008095527221210282
power,KFC_v2,iterative,0.5639975735517136,0.0008095527221210282
power,KFC_v2,iterative,0.5641492265696088,0.0008095527221210282
power,KFC_v2,iterative,0.5643008795875039,0.0006071645415907711
power,KFC_v2,iterative,0.5644525326053988,0.0006071645415907711
power,KFC_v2,iterative,0.564604185623294,0.0006071645415907711
power,KFC_v2,iterative,0.564755838641189,0.0006071645415907711
power,KFC_v2,iterative,0.564907491659084,0.0006071645415907711
power,KFC_v2,iterative,0.565059144676979,0.0006071645415907711
power,KFC_v2,iterative,0.5652107976948741,0.0006071645415907711
power,KFC_v2,iterative,0.5653624507127692,0.0006071645415907711
power,KFC_v2,iterative,0.5655141037306642,0.0006071645415907711
power,KFC_v2,iterative,0.5656657567485593,0.0006071645415907711
power,KFC_v2,iterative,0.5658174097664543,0.0006071645415907711
power,KFC_v2,iterative,0.5659690627843494,0.0006071645415907711
power,KFC_v2,iterative,0.5661207158022444,0.0006071645415907711
power,KFC_v2,iterative,0.5662723688201395,0.0006071645415907711
power,KFC_v2,iterative,0.5664240218380346,0.0006071645415907711
power,KFC_v2,iterative,0.5665756748559296,0.0006071645415907711
power,KFC_v2,iterative,0.5667273278738247,0.0006071645415907711
power,KFC_v2,iterative,0.5668789808917197,0.0006071645415907711
power,KFC_v2,iterative,0.5670306339096148,0.0006071645415907711
power,KFC_v2,iterative,0.5671822869275098,0.0006071645415907711
power,KFC_v2,iterative,0.5673339399454049,0.0006071645415907711
power,KFC_v2,iterative,0.5674855929633,0.0006071645415907711
power,KFC_v2,iterative,0.567637245981195,0.0006071645415907711
power,KFC_v2,iterative,0.5677888989990901,0.0006071645415907711
power,KFC_v2,iterative,0.5679405520169851,0.0006071645415907711
power,KFC_v2,iterative,0.5680922050348802,0.0006071645415907711
power,KFC_v2,iterative,0.5682438580527752,0.0006071645415907711
power,KFC_v2,iterative,0.5683955110706703,0.0006071645415907711
power,KFC_v2,iterative,0.5685471640885654,0.0006071645415907711
power,KFC_v2,iterative,0.5686988171064604,0.0006071645415907711
power,KFC_v2,iterative,0.5688504701243555,0.0006071645415907711
power,KFC_v2,iterative,0.5690021231422505,0.0006071645415907711
power,KFC_v2,iterative,0.5691537761601456,0.0006071645415907711
power,KFC_v2,iterative,0.5693054291780406,0.0006071645415907711
power,KFC_v2,iterative,0.5694570821959357,0.0006071645415907711
power,KFC_v2,iterative,0.5696087352138308,0.0006071645415907711
power,KFC_v2,iterative,0.5697603882317258,0.0006071645415907711
power,KFC_v2,iterative,0.5699120412496209,0.0006071645415907711
power,KFC_v2,iterative,0.5700636942675159,0.0006071645415907711
power,KFC_v2,iterative,0.570215347285411,0.0006071645415907711
power,KFC_v2,iterative,0.570367000303306,0.0006071645415907711
power,KFC_v2,iterative,0.5705186533212011,0.0006071645415907711
power,KFC_v2,iterative,0.5706703063390962,0.0006071645415907711
power,KFC_v2,iterative,0.5708219593569912,0.0006071645415907711
power,KFC_v2,iterative,0.5709736123748863,0.0006071645415907711
power,KFC_v2,iterative,0.5711252653927813,0.0006071645415907711
power,KFC_v2,iterative,0.5712769184106764,0.0006071645415907711
power,KFC_v2,iterative,0.5714285714285714,0.0006071645415907711
power,KFC_v2,iterative,0.5715802244464665,0.0006071645415907711
power,KFC_v2,iterative,0.5717318774643616,0.0006071645415907711
power,KFC_v2,iterative,0.5718835304822566,0.0006071645415907711
power,KFC_v2,iterative,0.5720351835001517,0.0006071645415907711
power,KFC_v2,iterative,0.5721868365180467,0.0006071645415907711
power,KFC_v2,iterative,0.5723384895359418,0.0006071645415907711
power,KFC_v2,iterative,0.5724901425538368,0.0006071645415907711
power,KFC_v2,iterative,0.5726417955717319,0.0006071645415907711
power,KFC_v2,iterative,0.572793448589627,0.0006071645415907711
power,KFC_v2,iterative,0.572945101607522,0.0006071645415907711
power,KFC_v2,iterative,0.5730967546254171,0.0006071645415907711
power,KFC_v2,iterative,0.5732484076433121,0.0006071645415907711
power,KFC_v2,iterative,0.5734000606612072,0.0006071645415907711
power,KFC_v2,iterative,0.5735517136791022,0.0006071645415907711
power,KFC_v2,iterative,0.5737033666969973,0.0006071645415907711
power,KFC_v2,iterative,0.5738550197148924,0.0006071645415907711
power,KFC_v2,iterative,0.5740066727327874,0.0006071645415907711
power,KFC_v2,iterative,0.5741583257506825,0.0006071645415907711
power,KFC_v2,iterative,0.5743099787685775,0.0006071645415907711
power,KFC_v2,iterative,0.5744616317864726,0.0006071645415907711
power,KFC_v2,iterative,0.5746132848043676,0.0006071645415907711
power,KFC_v2,iterative,0.5747649378222627,0.0006071645415907711
power,KFC_v2,iterative,0.5749165908401578,0.0006071645415907711
power,KFC_v2,iterative,0.5750682438580528,0.0006071645415907711
power,KFC_v2,iterative,0.5752198968759479,0.0006071645415907711
power,KFC_v2,iterative,0.5753715498938429,0.0006071645415907711
power,KFC_v2,iterative,0.575523202911738,0.0006071645415907711
power,KFC_v2,iterative,0.575674855929633,0.0006071645415907711
power,KFC_v2,iterative,0.5758265089475281,0.0006071645415907711
power,KFC_v2,iterative,0.5759781619654232,0.0006071645415907711
power,KFC_v2,iterative,0.5761298149833182,0.0006071645415907711
power,KFC_v2,iterative,0.5762814680012133,0.0006071645415907711
power,KFC_v2,iterative,0.5764331210191083,0.0006071645415907711
power,KFC_v2,iterative,0.5765847740370034,0.0006071645415907711
power,KFC_v2,iterative,0.5767364270548984,0.0006071645415907711
power,KFC_v2,iterative,0.5768880800727935,0.0006071645415907711
power,KFC_v2,iterative,0.5770397330906886,0.0006071645415907711
power,KFC_v2,iterative,0.5771913861085836,0.0006071645415907711
power,KFC_v2,iterative,0.5773430391264787,0.0006071645415907711
power,KFC_v2,iterative,0.5774946921443737,0.0006071645415907711
power,KFC_v2,iterative,0.5776463451622688,0.0006071645415907711
power,KFC_v2,iterative,0.5777979981801638,0.0006071645415907711
power,KFC_v2,iterative,0.5779496511980589,0.0006071645415907711
power,KFC_v2,iterative,0.578101304215954,0.0006071645415907711
power,KFC_v2,iterative,0.578252957233849,0.0006071645415907711
power,KFC_v2,iterative,0.5784046102517441,0.0006071645415907711
power,KFC_v2,iterative,0.578556263269639,0.0006071645415907711
power,KFC_v2,iterative,0.5787079162875342,0.0006071645415907711
power,KFC_v2,iterative,0.5788595693054291,0.0006071645415907711
power,KFC_v2,iterative,0.5790112223233242,0.0006071645415907711
power,KFC_v2,iterative,0.5791628753412194,0.0006071645415907711
power,KFC_v2,iterative,0.5793145283591143,0.0006071645415907711
power,KFC_v2,iterative,0.5794661813770094,0.0006071645415907711
power,KFC_v2,iterative,0.5796178343949044,0.0006071645415907711
power,KFC_v2,iterative,0.5797694874127995,0.0006071645415907711
power,KFC_v2,iterative,0.5799211404306945,0.0006071645415907711
power,KFC_v2,iterative,0.5800727934485896,0.0006071645415907711
power,KFC_v2,iterative,0.5802244464664847,0.0006071645415907711
power,KFC_v2,iterative,0.5803760994843797,0.0006071645415907711
power,KFC_v2,iterative,0.5805277525022748,0.0006071645415907711
power,KFC_v2,iterative,0.5806794055201698,0.0006071645415907711
power,KFC_v2,iterative,0.5808310585380649,0.0006071645415907711
power,KFC_v2,iterative,0.5809827115559599,0.0006071645415907711
power,KFC_v2,iterative,0.581134364573855,0.0006071645415907711
power,KFC_v2,iterative,0.5812860175917501,0.0006071645415907711
power,KFC_v2,iterative,0.5814376706096451,0.0006071645415907711
power,KFC_v2,iterative,0.5815893236275402,0.0006071645415907711
power,KFC_v2,iterative,0.5817409766454352,0.0006071645415907711
power,KFC_v2,iterative,0.5818926296633303,0.0006071645415907711
power,KFC_v2,iterative,0.5820442826812253,0.0006071645415907711
power,KFC_v2,iterative,0.5821959356991204,0.0006071645415907711
power,KFC_v2,iterative,0.5823475887170155,0.0006071645415907711
power,KFC_v2,iterative,0.5824992417349105,0.0006071645415907711
power,KFC_v2,iterative,0.5826508947528056,0.0006071645415907711
power,KFC_v2,iterative,0.5828025477707006,0.0006071645415907711
power,KFC_v2,iterative,0.5829542007885957,0.0006071645415907711
power,KFC_v2,iterative,0.5831058538064907,0.0006071645415907711
power,KFC_v2,iterative,0.5832575068243858,0.0006071645415907711
power,KFC_v2,iterative,0.5834091598422809,0.0006071645415907711
power,KFC_v2,iterative,0.5835608128601759,0.0006071645415907711
power,KFC_v2,iterative,0.583712465878071,0.0006071645415907711
power,KFC_v2,iterative,0.583864118895966,0.0006071645415907711
power,KFC_v2,iterative,0.5840157719138611,0.0006071645415907711
power,KFC_v2,iterative,0.5841674249317561,0.0006071645415907711
power,KFC_v2,iterative,0.5843190779496512,0.0006071645415907711
power,KFC_v2,iterative,0.5844707309675463,0.0006071645415907711
power,KFC_v2,iterative,0.5846223839854413,0.0006071645415907711
power,KFC_v2,iterative,0.5847740370033364,0.0006071645415907711
power,KFC_v2,iterative,0.5849256900212314,0.0006071645415907711
power,KFC_v2,iterative,0.5850773430391265,0.0006071645415907711
power,KFC_v2,iterative,0.5852289960570215,0.0006071645415907711
power,KFC_v2,iterative,0.5853806490749166,0.0006071645415907711
power,KFC_v2,iterative,0.5855323020928117,0.0006071645415907711
power,KFC_v2,iterative,0.5856839551107067,0.0006071645415907711
power,KFC_v2,iterative,0.5858356081286018,0.0006071645415907711
power,KFC_v2,iterative,0.5859872611464968,0.0006071645415907711
power,KFC_v2,iterative,0.5861389141643919,0.0006071645415907711
power,KFC_v2,iterative,0.5862905671822869,0.0006071645415907711
power,KFC_v2,iterative,0.586442220200182,0.0006071645415907711
power,KFC_v2,iterative,0.5865938732180771,0.0006071645415907711
power,KFC_v2,iterative,0.5867455262359721,0.0006071645415907711
power,KFC_v2,iterative,0.5868971792538672,0.0006071645415907711
power,KFC_v2,iterative,0.5870488322717622,0.0006071645415907711
power,KFC_v2,iterative,0.5872004852896573,0.0006071645415907711
power,KFC_v2,iterative,0.5873521383075523,0.0006071645415907711
power,KFC_v2,iterative,0.5875037913254474,0.0006071645415907711
power,KFC_v2,iterative,0.5876554443433425,0.0006071645415907711
power,KFC_v2,iterative,0.5878070973612375,0.0006071645415907711
power,KFC_v2,iterative,0.5879587503791326,0.0006071645415907711
power,KFC_v2,iterative,0.5881104033970276,0.0006071645415907711
power,KFC_v2,iterative,0.5882620564149227,0.0006071645415907711
power,KFC_v2,iterative,0.5884137094328177,0.0006071645415907711
power,KFC_v2,iterative,0.5885653624507128,0.0006071645415907711
power,KFC_v2,iterative,0.5887170154686079,0.0006071645415907711
power,KFC_v2,iterative,0.5888686684865029,0.0006071645415907711
power,KFC_v2,iterative,0.589020321504398,0.0006071645415907711
power,KFC_v2,iterative,0.589171974522293,0.0006071645415907711
power,KFC_v2,iterative,0.5893236275401881,0.0006071645415907711
power,KFC_v2,iterative,0.5894752805580831,0.0006071645415907711
power,KFC_v2,iterative,0.5896269335759782,0.0006071645415907711
power,KFC_v2,iterative,0.5897785865938733,0.0006071645415907711
power,KFC_v2,iterative,0.5899302396117683,0.0006071645415907711
power,KFC_v2,iterative,0.5900818926296634,0.0006071645415907711
power,KFC_v2,iterative,0.5902335456475584,0.0006071645415907711
power,KFC_v2,iterative,0.5903851986654535,0.0006071645415907711
power,KFC_v2,iterative,0.5905368516833486,0.0006071645415907711
power,KFC_v2,iterative,0.5906885047012436,0.0006071645415907711
power,KFC_v2,iterative,0.5908401577191387,0.0006071645415907711
power,KFC_v2,iterative,0.5909918107370337,0.0006071645415907711
power,KFC_v2,iterative,0.5911434637549288,0.0006071645415907711
power,KFC_v2,iterative,0.5912951167728238,0.0006071645415907711
power,KFC_v2,iterative,0.5914467697907189,0.0006071645415907711
power,KFC_v2,iterative,0.591598422808614,0.0006071645415907711
power,KFC_v2,iterative,0.591750075826509,0.0006071645415907711
power,KFC_v2,iterative,0.5919017288444041,0.0006071645415907711
power,KFC_v2,iterative,0.592053381862299,0.0006071645415907711
power,KFC_v2,iterative,0.5922050348801942,0.0006071645415907711
power,KFC_v2,iterative,0.5923566878980892,0.0006071645415907711
power,KFC_v2,iterative,0.5925083409159843,0.0006071645415907711
power,KFC_v2,iterative,0.5926599939338794,0.0006071645415907711
power,KFC_v2,iterative,0.5928116469517744,0.0006071645415907711
power,KFC_v2,iterative,0.5929632999696695,0.0006071645415907711
power,KFC_v2,iterative,0.5931149529875644,0.0006071645415907711
power,KFC_v2,iterative,0.5932666060054596,0.0006071645415907711
power,KFC_v2,iterative,0.5934182590233545,0.0006071645415907711
power,KFC_v2,iterative,0.5935699120412496,0.0006071645415907711
power,KFC_v2,iterative,0.5937215650591448,0.0006071645415907711
power,KFC_v2,iterative,0.5938732180770397,0.0006071645415907711
power,KFC_v2,iterative,0.5940248710949348,0.0006071645415907711
power,KFC_v2,iterative,0.5941765241128298,0.0006071645415907711
power,KFC_v2,iterative,0.5943281771307249,0.0006071645415907711
power,KFC_v2,iterative,0.5944798301486199,0.0006071645415907711
power,KFC_v2,iterative,0.594631483166515,0.0006071645415907711
power,KFC_v2,iterative,0.5947831361844101,0.0006071645415907711
power,KFC_v2,iterative,0.5949347892023051,0.0006071645415907711
power,KFC_v2,iterative,0.5950864422202002,0.0006071645415907711
power,KFC_v2,iterative,0.5952380952380952,0.0006071645415907711
power,KFC_v2,iterative,0.5953897482559903,0.0006071645415907711
power,KFC_v2,iterative,0.5955414012738853,0.0006071645415907711
power,KFC_v2,iterative,0.5956930542917804,0.0006071645415907711
power,KFC_v2,iterative,0.5958447073096755,0.0006071645415907711
power,KFC_v2,iterative,0.5959963603275705,0.0006071645415907711
power,KFC_v2,iterative,0.5961480133454656,0.0006071645415907711
power,KFC_v2,iterative,0.5962996663633606,0.0006071645415907711
power,KFC_v2,iterative,0.5964513193812557,0.0006071645415907711
power,KFC_v2,iterative,0.5966029723991507,0.0006071645415907711
power,KFC_v2,iterative,0.5967546254170458,0.0006071645415907711
power,KFC_v2,iterative,0.5969062784349409,0.0006071645415907711
power,KFC_v2,iterative,0.5970579314528359,0.0006071645415907711
power,KFC_v2,iterative,0.597209584470731,0.0006071645415907711
power,KFC_v2,iterative,0.597361237488626,0.0006071645415907711
power,KFC_v2,iterative,0.5975128905065211,0.0006071645415907711
power,KFC_v2,iterative,0.5976645435244161,0.0006071645415907711
power,KFC_v2,iterative,0.5978161965423112,0.0006071645415907711
power,KFC_v2,iterative,0.5979678495602063,0.0006071645415907711
power,KFC_v2,iterative,0.5981195025781013,0.0006071645415907711
power,KFC_v2,iterative,0.5982711555959964,0.0006071645415907711
power,KFC_v2,iterative,0.5984228086138914,0.0006071645415907711
power,KFC_v2,iterative,0.5985744616317865,0.0006071645415907711
power,KFC_v2,iterative,0.5987261146496815,0.0006071645415907711
power,KFC_v2,iterative,0.5988777676675766,0.0006071645415907711
power,KFC_v2,iterative,0.5990294206854717,0.0006071645415907711
power,KFC_v2,iterative,0.5991810737033667,0.0006071645415907711
power,KFC_v2,iterative,0.5993327267212618,0.0006071645415907711
power,KFC_v2,iterative,0.5994843797391568,0.0006071645415907711
power,KFC_v2,iterative,0.5996360327570519,0.0006071645415907711
power,KFC_v2,iterative,0.5997876857749469,0.0006071645415907711
power,KFC_v2,iterative,0.599939338792842,0.0006071645415907711
power,KFC_v2,iterative,0.6000909918107371,0.0006071645415907711
power,KFC_v2,iterative,0.6002426448286321,0.0006071645415907711
power,KFC_v2,iterative,0.6003942978465272,0.0006071645415907711
power,KFC_v2,iterative,0.6005459508644222,0.0006071645415907711
power,KFC_v2,iterative,0.6006976038823173,0.0006071645415907711
power,KFC_v2,iterative,0.6008492569002123,0.0006071645415907711
power,KFC_v2,iterative,0.6010009099181074,0.0006071645415907711
power,KFC_v2,iterative,0.6011525629360025,0.0006071645415907711
power,KFC_v2,iterative,0.6013042159538975,0.0006071645415907711
power,KFC_v2,iterative,0.6014558689717926,0.0006071645415907711
power,KFC_v2,iterative,0.6016075219896876,0.0006071645415907711
power,KFC_v2,iterative,0.6017591750075827,0.0006071645415907711
power,KFC_v2,iterative,0.6019108280254777,0.0006071645415907711
power,KFC_v2,iterative,0.6020624810433728,0.0006071645415907711
power,KFC_v2,iterative,0.6022141340612679,0.0006071645415907711
power,KFC_v2,iterative,0.6023657870791629,0.0006071645415907711
power,KFC_v2,iterative,0.602517440097058,0.0006071645415907711
power,KFC_v2,iterative,0.602669093114953,0.0006071645415907711
power,KFC_v2,iterative,0.6028207461328481,0.0006071645415907711
power,KFC_v2,iterative,0.6029723991507431,0.0006071645415907711
power,KFC_v2,iterative,0.6031240521686382,0.0006071645415907711
power,KFC_v2,iterative,0.6032757051865333,0.0006071645415907711
power,KFC_v2,iterative,0.6034273582044283,0.0006071645415907711
power,KFC_v2,iterative,0.6035790112223234,0.0006071645415907711
power,KFC_v2,iterative,0.6037306642402184,0.0006071645415907711
power,KFC_v2,iterative,0.6038823172581135,0.0006071645415907711
power,KFC_v2,iterative,0.6040339702760085,0.0006071645415907711
power,KFC_v2,iterative,0.6041856232939036,0.0006071645415907711
power,KFC_v2,iterative,0.6043372763117987,0.0006071645415907711
power,KFC_v2,iterative,0.6044889293296937,0.0006071645415907711
power,KFC_v2,iterative,0.6046405823475888,0.0006071645415907711
power,KFC_v2,iterative,0.6047922353654838,0.0006071645415907711
power,KFC_v2,iterative,0.6049438883833789,0.0006071645415907711
power,KFC_v2,iterative,0.6050955414012739,0.0006071645415907711
power,KFC_v2,iterative,0.605247194419169,0.0006071645415907711
power,KFC_v2,iterative,0.6053988474370641,0.0006071645415907711
power,KFC_v2,iterative,0.6055505004549591,0.0006071645415907711
power,KFC_v2,iterative,0.6057021534728542,0.0006071645415907711
power,KFC_v2,iterative,0.6058538064907492,0.0006071645415907711
power,KFC_v2,iterative,0.6060054595086443,0.0006071645415907711
power,KFC_v2,iterative,0.6061571125265393,0.0006071645415907711
power,KFC_v2,iterative,0.6063087655444344,0.0006071645415907711
power,KFC_v2,iterative,0.6064604185623295,0.0006071645415907711
power,KFC_v2,iterative,0.6066120715802245,0.0006071645415907711
power,KFC_v2,iterative,0.6067637245981196,0.0006071645415907711
power,KFC_v2,iterative,0.6069153776160146,0.0006071645415907711
power,KFC_v2,iterative,0.6070670306339097,0.0006071645415907711
power,KFC_v2,iterative,0.6072186836518046,0.0006071645415907711
power,KFC_v2,iterative,0.6073703366696998,0.0006071645415907711
power,KFC_v2,iterative,0.6075219896875949,0.0006071645415907711
power,KFC_v2,iterative,0.6076736427054898,0.0006071645415907711
power,KFC_v2,iterative,0.607825295723385,0.0006071645415907711
power,KFC_v2,iterative,0.6079769487412799,0.0006071645415907711
power,KFC_v2,iterative,0.608128601759175,0.0006071645415907711
power,KFC_v2,iterative,0.60828025477707,0.0006071645415907711
power,KFC_v2,iterative,0.6084319077949651,0.0006071645415907711
power,KFC_v2,iterative,0.6085835608128602,0.0006071645415907711
power,KFC_v2,iterative,0.6087352138307552,0.0006071645415907711
power,KFC_v2,iterative,0.6088868668486503,0.0006071645415907711
power,KFC_v2,iterative,0.6090385198665453,0.0006071645415907711
power,KFC_v2,iterative,0.6091901728844404,0.0006071645415907711
power,KFC_v2,iterative,0.6093418259023354,0.0006071645415907711
power,KFC_v2,iterative,0.6094934789202305,0.0006071645415907711
power,KFC_v2,iterative,0.6096451319381256,0.0006071645415907711
power,KFC_v2,iterative,0.6097967849560206,0.0006071645415907711
power,KFC_v2,iterative,0.6099484379739157,0.0006071645415907711
power,KFC_v2,iterative,0.6101000909918107,0.0006071645415907711
power,KFC_v2,iterative,0.6102517440097058,0.0006071645415907711
power,KFC_v2,iterative,0.6104033970276008,0.0006071645415907711
power,KFC_v2,iterative,0.6105550500454959,0.0006071645415907711
power,KFC_v2,iterative,0.610706703063391,0.0006071645415907711
power,KFC_v2,iterative,0.610858356081286,0.0006071645415907711
power,KFC_v2,iterative,0.6110100090991811,0.0006071645415907711
power,KFC_v2,iterative,0.6111616621170761,0.0006071645415907711
power,KFC_v2,iterative,0.6113133151349712,0.0006071645415907711
power,KFC_v2,iterative,0.6114649681528662,0.0006071645415907711
power,KFC_v2,iterative,0.6116166211707613,0.0006071645415907711
power,KFC_v2,iterative,0.6117682741886564,0.0006071645415907711
power,KFC_v2,iterative,0.6119199272065514,0.0006071645415907711
power,KFC_v2,iterative,0.6120715802244465,0.0006071645415907711
power,KFC_v2,iterative,0.6122232332423415,0.0006071645415907711
power,KFC_v2,iterative,0.6123748862602366,0.0006071645415907711
power,KFC_v2,iterative,0.6125265392781316,0.0006071645415907711
power,KFC_v2,iterative,0.6126781922960267,0.0006071645415907711
power,KFC_v2,iterative,0.6128298453139218,0.0006071645415907711
power,KFC_v2,iterative,0.6129814983318168,0.0006071645415907711
power,KFC_v2,iterative,0.6131331513497119,0.0006071645415907711
power,KFC_v2,iterative,0.6132848043676069,0.0006071645415907711
power,KFC_v2,iterative,0.613436457385502,0.0006071645415907711
power,KFC_v2,iterative,0.613588110403397,0.0006071645415907711
power,KFC_v2,iterative,0.6137397634212921,0.0006071645415907711
power,KFC_v2,iterative,0.6138914164391872,0.0006071645415907711
power,KFC_v2,iterative,0.6140430694570822,0.0006071645415907711
power,KFC_v2,iterative,0.6141947224749773,0.0006071645415907711
power,KFC_v2,iterative,0.6143463754928723,0.0006071645415907711
power,KFC_v2,iterative,0.6144980285107674,0.0006071645415907711
power,KFC_v2,iterative,0.6146496815286624,0.0006071645415907711
power,KFC_v2,iterative,0.6148013345465575,0.0006071645415907711
power,KFC_v2,iterative,0.6149529875644526,0.0006071645415907711
power,KFC_v2,iterative,0.6151046405823476,0.0006071645415907711
power,KFC_v2,iterative,0.6152562936002427,0.0006071645415907711
power,KFC_v2,iterative,0.6154079466181377,0.0006071645415907711
power,KFC_v2,iterative,0.6155595996360328,0.0006071645415907711
power,KFC_v2,iterative,0.6157112526539278,0.0006071645415907711
power,KFC_v2,iterative,0.6158629056718229,0.0006071645415907711
power,KFC_v2,iterative,0.616014558689718,0.0006071645415907711
power,KFC_v2,iterative,0.616166211707613,0.0006071645415907711
power,KFC_v2,iterative,0.6163178647255081,0.0006071645415907711
power,KFC_v2,iterative,0.6164695177434031,0.0006071645415907711
power,KFC_v2,iterative,0.6166211707612982,0.0006071645415907711
power,KFC_v2,iterative,0.6167728237791932,0.0006071645415907711
power,KFC_v2,iterative,0.6169244767970883,0.0006071645415907711
power,KFC_v2,iterative,0.6170761298149834,0.0006071645415907711
power,KFC_v2,iterative,0.6172277828328784,0.0006071645415907711
power,KFC_v2,iterative,0.6173794358507735,0.0006071645415907711
power,KFC_v2,iterative,0.6175310888686685,0.0006071645415907711
power,KFC_v2,iterative,0.6176827418865636,0.0006071645415907711
power,KFC_v2,iterative,0.6178343949044586,0.0006071645415907711
power,KFC_v2,iterative,0.6179860479223537,0.0006071645415907711
power,KFC_v2,iterative,0.6181377009402488,0.0006071645415907711
power,KFC_v2,iterative,0.6182893539581438,0.0006071645415907711
power,KFC_v2,iterative,0.6184410069760389,0.0006071645415907711
power,KFC_v2,iterative,0.6185926599939339,0.0006071645415907711
power,KFC_v2,iterative,0.618744313011829,0.0006071645415907711
power,KFC_v2,iterative,0.618895966029724,0.0006071645415907711
power,KFC_v2,iterative,0.6190476190476191,0.0006071645415907711
power,KFC_v2,iterative,0.6191992720655142,0.0006071645415907711
power,KFC_v2,iterative,0.6193509250834092,0.0006071645415907711
power,KFC_v2,iterative,0.6195025781013043,0.0006071645415907711
power,KFC_v2,iterative,0.6196542311191993,0.0006071645415907711
power,KFC_v2,iterative,0.6198058841370944,0.0006071645415907711
power,KFC_v2,iterative,0.6199575371549894,0.0006071645415907711
power,KFC_v2,iterative,0.6201091901728845,0.0006071645415907711
power,KFC_v2,iterative,0.6202608431907796,0.0006071645415907711
power,KFC_v2,iterative,0.6204124962086746,0.0006071645415907711
power,KFC_v2,iterative,0.6205641492265697,0.0006071645415907711
power,KFC_v2,iterative,0.6207158022444647,0.0006071645415907711
power,KFC_v2,iterative,0.6208674552623598,0.0006071645415907711
power,KFC_v2,iterative,0.6210191082802548,0.0006071645415907711
power,KFC_v2,iterative,0.6211707612981499,0.0006071645415907711
power,KFC_v2,iterative,0.621322414316045,0.0006071645415907711
power,KFC_v2,iterative,0.62147406733394,0.0006071645415907711
power,KFC_v2,iterative,0.621625720351835,0.0006071645415907711
power,KFC_v2,iterative,0.62177737336973,0.0006071645415907711
power,KFC_v2,iterative,0.6219290263876252,0.0006071645415907711
power,KFC_v2,iterative,0.6220806794055201,0.0006071645415907711
power,KFC_v2,iterative,0.6222323324234152,0.0006071645415907711
power,KFC_v2,iterative,0.6223839854413104,0.0006071645415907711
power,KFC_v2,iterative,0.6225356384592053,0.0006071645415907711
power,KFC_v2,iterative,0.6226872914771004,0.0006071645415907711
power,KFC_v2,iterative,0.6228389444949954,0.0006071645415907711
power,KFC_v2,iterative,0.6229905975128905,0.0006071645415907711
power,KFC_v2,iterative,0.6231422505307855,0.0006071645415907711
power,KFC_v2,iterative,0.6232939035486806,0.0006071645415907711
power,KFC_v2,iterative,0.6234455565665757,0.0006071645415907711
power,KFC_v2,iterative,0.6235972095844707,0.0006071645415907711
power,KFC_v2,iterative,0.6237488626023658,0.0006071645415907711
power,KFC_v2,iterative,0.6239005156202608,0.0006071645415907711
power,KFC_v2,iterative,0.6240521686381559,0.0006071645415907711
power,KFC_v2,iterative,0.6242038216560509,0.0006071645415907711
power,KFC_v2,iterative,0.624355474673946,0.0006071645415907711
power,KFC_v2,iterative,0.6245071276918411,0.0006071645415907711
power,KFC_v2,iterative,0.6246587807097361,0.0006071645415907711
power,KFC_v2,iterative,0.6248104337276312,0.0006071645415907711
power,KFC_v2,iterative,0.6249620867455262,0.0006071645415907711
power,KFC_v2,iterative,0.6251137397634213,0.0006071645415907711
power,KFC_v2,iterative,0.6252653927813163,0.0006071645415907711
power,KFC_v2,iterative,0.6254170457992114,0.0006071645415907711
power,KFC_v2,iterative,0.6255686988171065,0.0006071645415907711
power,KFC_v2,iterative,0.6257203518350015,0.0006071645415907711
power,KFC_v2,iterative,0.6258720048528966,0.0006071645415907711
power,KFC_v2,iterative,0.6260236578707916,0.0006071645415907711
power,KFC_v2,iterative,0.6261753108886867,0.0006071645415907711
power,KFC_v2,iterative,0.6263269639065817,0.0006071645415907711
power,KFC_v2,iterative,0.6264786169244768,0.0006071645415907711
power,KFC_v2,iterative,0.6266302699423719,0.0006071645415907711
power,KFC_v2,iterative,0.6267819229602669,0.0006071645415907711
power,KFC_v2,iterative,0.626933575978162,0.0006071645415907711
power,KFC_v2,iterative,0.627085228996057,0.0006071645415907711
power,KFC_v2,iterative,0.6272368820139521,0.0006071645415907711
power,KFC_v2,iterative,0.6273885350318471,0.0006071645415907711
power,KFC_v2,iterative,0.6275401880497422,0.0006071645415907711
power,KFC_v2,iterative,0.6276918410676373,0.0006071645415907711
power,KFC_v2,iterative,0.6278434940855323,0.0006071645415907711
power,KFC_v2,iterative,0.6279951471034274,0.0006071645415907711
power,KFC_v2,iterative,0.6281468001213224,0.0006071645415907711
power,KFC_v2,iterative,0.6282984531392175,0.0006071645415907711
power,KFC_v2,iterative,0.6284501061571125,0.0006071645415907711
power,KFC_v2,iterative,0.6286017591750076,0.0006071645415907711
power,KFC_v2,iterative,0.6287534121929027,0.0006071645415907711
power,KFC_v2,iterative,0.6289050652107977,0.0006071645415907711
power,KFC_v2,iterative,0.6290567182286928,0.0006071645415907711
power,KFC_v2,iterative,0.6292083712465878,0.0006071645415907711
power,KFC_v2,iterative,0.6293600242644829,0.0006071645415907711
power,KFC_v2,iterative,0.6295116772823779,0.0006071645415907711
power,KFC_v2,iterative,0.629663330300273,0.0006071645415907711
power,KFC_v2,iterative,0.6298149833181681,0.0006071645415907711
power,KFC_v2,iterative,0.6299666363360631,0.0006071645415907711
power,KFC_v2,iterative,0.6301182893539582,0.0006071645415907711
power,KFC_v2,iterative,0.6302699423718532,0.0006071645415907711
power,KFC_v2,iterative,0.6304215953897483,0.0006071645415907711
power,KFC_v2,iterative,0.6305732484076433,0.0006071645415907711
power,KFC_v2,iterative,0.6307249014255384,0.0006071645415907711
power,KFC_v2,iterative,0.6308765544434335,0.0006071645415907711
power,KFC_v2,iterative,0.6310282074613285,0.0006071645415907711
power,KFC_v2,iterative,0.6311798604792236,0.0006071645415907711
power,KFC_v2,iterative,0.6313315134971186,0.0006071645415907711
power,KFC_v2,iterative,0.6314831665150137,0.0006071645415907711
power,KFC_v2,iterative,0.6316348195329087,0.0006071645415907711
power,KFC_v2,iterative,0.6317864725508038,0.0006071645415907711
power,KFC_v2,iterative,0.6319381255686989,0.0006071645415907711
power,KFC_v2,iterative,0.6320897785865939,0.0006071645415907711
power,KFC_v2,iterative,0.632241431604489,0.0006071645415907711
power,KFC_v2,iterative,0.632393084622384,0.0006071645415907711
power,KFC_v2,iterative,0.6325447376402791,0.0006071645415907711
power,KFC_v2,iterative,0.6326963906581741,0.0006071645415907711
power,KFC_v2,iterative,0.6328480436760692,0.0006071645415907711
power,KFC_v2,iterative,0.6329996966939643,0.0006071645415907711
power,KFC_v2,iterative,0.6331513497118593,0.0006071645415907711
power,KFC_v2,iterative,0.6333030027297544,0.0006071645415907711
power,KFC_v2,iterative,0.6334546557476494,0.0006071645415907711
power,KFC_v2,iterative,0.6336063087655445,0.0006071645415907711
power,KFC_v2,iterative,0.6337579617834395,0.0006071645415907711
power,KFC_v2,iterative,0.6339096148013346,0.0006071645415907711
power,KFC_v2,iterative,0.6340612678192297,0.0006071645415907711
power,KFC_v2,iterative,0.6342129208371247,0.0006071645415907711
power,KFC_v2,iterative,0.6343645738550198,0.0006071645415907711
power,KFC_v2,iterative,0.6345162268729148,0.0006071645415907711
power,KFC_v2,iterative,0.6346678798908099,0.0006071645415907711
power,KFC_v2,iterative,0.6348195329087049,0.0006071645415907711
power,KFC_v2,iterative,0.6349711859266,0.0006071645415907711
power,KFC_v2,iterative,0.6351228389444951,0.0006071645415907711
power,KFC_v2,iterative,0.63527449196239,0.0006071645415907711
power,KFC_v2,iterative,0.6354261449802852,0.0006071645415907711
power,KFC_v2,iterative,0.6355777979981801,0.0006071645415907711
power,KFC_v2,iterative,0.6357294510160753,0.0006071645415907711
power,KFC_v2,iterative,0.6358811040339702,0.0006071645415907711
power,KFC_v2,iterative,0.6360327570518653,0.0006071645415907711
power,KFC_v2,iterative,0.6361844100697605,0.0006071645415907711
power,KFC_v2,iterative,0.6363360630876554,0.0006071645415907711
power,KFC_v2,iterative,0.6364877161055505,0.0006071645415907711
power,KFC_v2,iterative,0.6366393691234455,0.0006071645415907711
power,KFC_v2,iterative,0.6367910221413406,0.0006071645415907711
power,KFC_v2,iterative,0.6369426751592356,0.0006071645415907711
power,KFC_v2,iterative,0.6370943281771307,0.0006071645415907711
power,KFC_v2,iterative,0.6372459811950258,0.0006071645415907711
power,KFC_v2,iterative,0.6373976342129208,0.0006071645415907711
power,KFC_v2,iterative,0.6375492872308159,0.0006071645415907711
power,KFC_v2,iterative,0.6377009402487109,0.0006071645415907711
power,KFC_v2,iterative,0.637852593266606,0.0006071645415907711
power,KFC_v2,iterative,0.638004246284501,0.0006071645415907711
power,KFC_v2,iterative,0.6381558993023961,0.0006071645415907711
power,KFC_v2,iterative,0.6383075523202912,0.0006071645415907711
power,KFC_v2,iterative,0.6384592053381862,0.0006071645415907711
power,KFC_v2,iterative,0.6386108583560813,0.0006071645415907711
power,KFC_v2,iterative,0.6387625113739763,0.0006071645415907711
power,KFC_v2,iterative,0.6389141643918714,0.0006071645415907711
power,KFC_v2,iterative,0.6390658174097664,0.0006071645415907711
power,KFC_v2,iterative,0.6392174704276615,0.0006071645415907711
power,KFC_v2,iterative,0.6393691234455566,0.0006071645415907711
power,KFC_v2,iterative,0.6395207764634516,0.0006071645415907711
power,KFC_v2,iterative,0.6396724294813467,0.0006071645415907711
power,KFC_v2,iterative,0.6398240824992417,0.0006071645415907711
power,KFC_v2,iterative,0.6399757355171368,0.0006071645415907711
power,KFC_v2,iterative,0.6401273885350318,0.0006071645415907711
power,KFC_v2,iterative,0.6402790415529269,0.0006071645415907711
power,KFC_v2,iterative,0.640430694570822,0.0006071645415907711
power,KFC_v2,iterative,0.640582347588717,0.0006071645415907711
power,KFC_v2,iterative,0.6407340006066121,0.0006071645415907711
power,KFC_v2,iterative,0.6408856536245071,0.0006071645415907711
power,KFC_v2,iterative,0.6410373066424022,0.0006071645415907711
power,KFC_v2,iterative,0.6411889596602972,0.0006071645415907711
power,KFC_v2,iterative,0.6413406126781923,0.0006071645415907711
power,KFC_v2,iterative,0.6414922656960874,0.0006071645415907711
power,KFC_v2,iterative,0.6416439187139824,0.0006071645415907711
power,KFC_v2,iterative,0.6417955717318775,0.0006071645415907711
power,KFC_v2,iterative,0.6419472247497725,0.0006071645415907711
power,KFC_v2,iterative,0.6420988777676676,0.0006071645415907711
power,KFC_v2,iterative,0.6422505307855626,0.0006071645415907711
power,KFC_v2,iterative,0.6424021838034577,0.0006071645415907711
power,KFC_v2,iterative,0.6425538368213528,0.0006071645415907711
power,KFC_v2,iterative,0.6427054898392478,0.0006071645415907711
power,KFC_v2,iterative,0.6428571428571429,0.0006071645415907711
power,KFC_v2,iterative,0.6430087958750379,0.0006071645415907711
power,KFC_v2,iterative,0.643160448892933,0.0006071645415907711
power,KFC_v2,iterative,0.643312101910828,0.0006071645415907711
power,KFC_v2,iterative,0.6434637549287231,0.0006071645415907711
power,KFC_v2,iterative,0.6436154079466182,0.0006071645415907711
power,KFC_v2,iterative,0.6437670609645132,0.0006071645415907711
power,KFC_v2,iterative,0.6439187139824083,0.0006071645415907711
power,KFC_v2,iterative,0.6440703670003033,0.0006071645415907711
power,KFC_v2,iterative,0.6442220200181984,0.0006071645415907711
power,KFC_v2,iterative,0.6443736730360934,0.0006071645415907711
power,KFC_v2,iterative,0.6445253260539885,0.0006071645415907711
power,KFC_v2,iterative,0.6446769790718836,0.0006071645415907711
power,KFC_v2,iterative,0.6448286320897786,0.0006071645415907711
power,KFC_v2,iterative,0.6449802851076737,0.0006071645415907711
power,KFC_v2,iterative,0.6451319381255687,0.0006071645415907711
power,KFC_v2,iterative,0.6452835911434638,0.0006071645415907711
power,KFC_v2,iterative,0.6454352441613588,0.0006071645415907711
power,KFC_v2,iterative,0.6455868971792539,0.0006071645415907711
power,KFC_v2,iterative,0.645738550197149,0.0006071645415907711
power,KFC_v2,iterative,0.645890203215044,0.0006071645415907711
power,KFC_v2,iterative,0.6460418562329391,0.0006071645415907711
power,KFC_v2,iterative,0.6461935092508341,0.0006071645415907711
power,KFC_v2,iterative,0.6463451622687292,0.0006071645415907711
power,KFC_v2,iterative,0.6464968152866242,0.0006071645415907711
power,KFC_v2,iterative,0.6466484683045193,0.0006071645415907711
power,KFC_v2,iterative,0.6468001213224144,0.0006071645415907711
power,KFC_v2,iterative,0.6469517743403094,0.0006071645415907711
power,KFC_v2,iterative,0.6471034273582045,0.0006071645415907711
power,KFC_v2,iterative,0.6472550803760995,0.0006071645415907711
power,KFC_v2,iterative,0.6474067333939946,0.0006071645415907711
power,KFC_v2,iterative,0.6475583864118896,0.0006071645415907711
power,KFC_v2,iterative,0.6477100394297847,0.0006071645415907711
power,KFC_v2,iterative,0.6478616924476798,0.0006071645415907711
power,KFC_v2,iterative,0.6480133454655748,0.0006071645415907711
power,KFC_v2,iterative,0.6481649984834699,0.0006071645415907711
power,KFC_v2,iterative,0.6483166515013649,0.0006071645415907711
power,KFC_v2,iterative,0.64846830451926,0.0006071645415907711
power,KFC_v2,iterative,0.648619957537155,0.0006071645415907711
power,KFC_v2,iterative,0.6487716105550501,0.0006071645415907711
power,KFC_v2,iterative,0.6489232635729452,0.0006071645415907711
power,KFC_v2,iterative,0.6490749165908402,0.0006071645415907711
power,KFC_v2,iterative,0.6492265696087353,0.0006071645415907711
power,KFC_v2,iterative,0.6493782226266303,0.0006071645415907711
power,KFC_v2,iterative,0.6495298756445254,0.0006071645415907711
power,KFC_v2,iterative,0.6496815286624203,0.0006071645415907711
power,KFC_v2,iterative,0.6498331816803155,0.0006071645415907711
power,KFC_v2,iterative,0.6499848346982106,0.0006071645415907711
power,KFC_v2,iterative,0.6501364877161055,0.0006071645415907711
power,KFC_v2,iterative,0.6502881407340007,0.0006071645415907711
power,KFC_v2,iterative,0.6504397937518956,0.0006071645415907711
power,KFC_v2,iterative,0.6505914467697907,0.0006071645415907711
power,KFC_v2,iterative,0.6507430997876857,0.0006071645415907711
power,KFC_v2,iterative,0.6508947528055808,0.0006071645415907711
power,KFC_v2,iterative,0.651046405823476,0.0006071645415907711
power,KFC_v2,iterative,0.6511980588413709,0.0006071645415907711
power,KFC_v2,iterative,0.651349711859266,0.0006071645415907711
power,KFC_v2,iterative,0.651501364877161,0.0006071645415907711
power,KFC_v2,iterative,0.6516530178950561,0.0006071645415907711
power,KFC_v2,iterative,0.6518046709129511,0.0006071645415907711
power,KFC_v2,iterative,0.6519563239308462,0.0006071645415907711
power,KFC_v2,iterative,0.6521079769487413,0.0006071645415907711
power,KFC_v2,iterative,0.6522596299666363,0.0006071645415907711
power,KFC_v2,iterative,0.6524112829845314,0.0006071645415907711
power,KFC_v2,iterative,0.6525629360024264,0.0006071645415907711
power,KFC_v2,iterative,0.6527145890203215,0.0006071645415907711
power,KFC_v2,iterative,0.6528662420382166,0.0006071645415907711
power,KFC_v2,iterative,0.6530178950561116,0.0006071645415907711
power,KFC_v2,iterative,0.6531695480740067,0.0006071645415907711
power,KFC_v2,iterative,0.6533212010919017,0.0006071645415907711
power,KFC_v2,iterative,0.6534728541097968,0.0006071645415907711
power,KFC_v2,iterative,0.6536245071276918,0.0006071645415907711
power,KFC_v2,iterative,0.6537761601455869,0.0006071645415907711
power,KFC_v2,iterative,0.653927813163482,0.0006071645415907711
power,KFC_v2,iterative,0.654079466181377,0.0006071645415907711
power,KFC_v2,iterative,0.6542311191992721,0.0006071645415907711
power,KFC_v2,iterative,0.6543827722171671,0.0006071645415907711
power,KFC_v2,iterative,0.6545344252350622,0.0006071645415907711
power,KFC_v2,iterative,0.6546860782529572,0.0006071645415907711
power,KFC_v2,iterative,0.6548377312708523,0.0006071645415907711
power,KFC_v2,iterative,0.6549893842887474,0.0006071645415907711
power,KFC_v2,iterative,0.6551410373066424,0.0006071645415907711
power,KFC_v2,iterative,0.6552926903245375,0.0006071645415907711
power,KFC_v2,iterative,0.6554443433424325,0.0006071645415907711
power,KFC_v2,iterative,0.6555959963603276,0.0006071645415907711
power,KFC_v2,iterative,0.6557476493782226,0.0006071645415907711
power,KFC_v2,iterative,0.6558993023961177,0.0006071645415907711
power,KFC_v2,iterative,0.6560509554140128,0.0006071645415907711
power,KFC_v2,iterative,0.6562026084319078,0.0006071645415907711
power,KFC_v2,iterative,0.6563542614498029,0.0006071645415907711
power,KFC_v2,iterative,0.6565059144676979,0.0006071645415907711
power,KFC_v2,iterative,0.656657567485593,0.0006071645415907711
power,KFC_v2,iterative,0.656809220503488,0.0006071645415907711
power,KFC_v2,iterative,0.6569608735213831,0.0006071645415907711
power,KFC_v2,iterative,0.6571125265392782,0.0006071645415907711
power,KFC_v2,iterative,0.6572641795571732,0.0006071645415907711
power,KFC_v2,iterative,0.6574158325750683,0.0006071645415907711
power,KFC_v2,iterative,0.6575674855929633,0.0006071645415907711
power,KFC_v2,iterative,0.6577191386108584,0.0006071645415907711
power,KFC_v2,iterative,0.6578707916287534,0.0006071645415907711
power,KFC_v2,iterative,0.6580224446466485,0.0006071645415907711
power,KFC_v2,iterative,0.6581740976645436,0.0006071645415907711
power,KFC_v2,iterative,0.6583257506824386,0.0006071645415907711
power,KFC_v2,iterative,0.6584774037003337,0.0006071645415907711
power,KFC_v2,iterative,0.6586290567182287,0.0006071645415907711
power,KFC_v2,iterative,0.6587807097361238,0.0006071645415907711
power,KFC_v2,iterative,0.6589323627540188,0.0006071645415907711
power,KFC_v2,iterative,0.6590840157719139,0.0006071645415907711
power,KFC_v2,iterative,0.659235668789809,0.0006071645415907711
power,KFC_v2,iterative,0.659387321807704,0.0006071645415907711
power,KFC_v2,iterative,0.6595389748255991,0.0006071645415907711
power,KFC_v2,iterative,0.6596906278434941,0.0006071645415907711
power,KFC_v2,iterative,0.6598422808613892,0.0006071645415907711
power,KFC_v2,iterative,0.6599939338792842,0.0006071645415907711
power,KFC_v2,iterative,0.6601455868971793,0.0006071645415907711
power,KFC_v2,iterative,0.6602972399150744,0.0006071645415907711
power,KFC_v2,iterative,0.6604488929329694,0.0006071645415907711
power,KFC_v2,iterative,0.6606005459508645,0.0006071645415907711
power,KFC_v2,iterative,0.6607521989687595,0.0006071645415907711
power,KFC_v2,iterative,0.6609038519866546,0.0006071645415907711
power,KFC_v2,iterative,0.6610555050045496,0.0006071645415907711
power,KFC_v2,iterative,0.6612071580224447,0.0006071645415907711
power,KFC_v2,iterative,0.6613588110403398,0.0006071645415907711
power,KFC_v2,iterative,0.6615104640582348,0.0006071645415907711
power,KFC_v2,iterative,0.6616621170761299,0.0006071645415907711
power,KFC_v2,iterative,0.6618137700940249,0.0006071645415907711
power,KFC_v2,iterative,0.66196542311192,0.0006071645415907711
power,KFC_v2,iterative,0.662117076129815,0.0006071645415907711
power,KFC_v2,iterative,0.6622687291477101,0.0006071645415907711
power,KFC_v2,iterative,0.6624203821656052,0.0006071645415907711
power,KFC_v2,iterative,0.6625720351835002,0.0006071645415907711
power,KFC_v2,iterative,0.6627236882013953,0.0006071645415907711
power,KFC_v2,iterative,0.6628753412192903,0.0006071645415907711
power,KFC_v2,iterative,0.6630269942371854,0.0006071645415907711
power,KFC_v2,iterative,0.6631786472550804,0.0006071645415907711
power,KFC_v2,iterative,0.6633303002729755,0.0006071645415907711
power,KFC_v2,iterative,0.6634819532908706,0.0006071645415907711
power,KFC_v2,iterative,0.6636336063087656,0.0006071645415907711
power,KFC_v2,iterative,0.6637852593266607,0.0006071645415907711
power,KFC_v2,iterative,0.6639369123445557,0.0006071645415907711
power,KFC_v2,iterative,0.6640885653624508,0.0006071645415907711
power,KFC_v2,iterative,0.6642402183803457,0.0006071645415907711
power,KFC_v2,iterative,0.6643918713982409,0.0006071645415907711
power,KFC_v2,iterative,0.664543524416136,0.0006071645415907711
power,KFC_v2,iterative,0.664695177434031,0.0006071645415907711
power,KFC_v2,iterative,0.664846830451926,0.0006071645415907711
power,KFC_v2,iterative,0.664998483469821,0.0006071645415907711
power,KFC_v2,iterative,0.6651501364877161,0.0006071645415907711
power,KFC_v2,iterative,0.6653017895056111,0.0006071645415907711
power,KFC_v2,iterative,0.6654534425235062,0.0006071645415907711
power,KFC_v2,iterative,0.6656050955414013,0.0006071645415907711
power,KFC_v2,iterative,0.6657567485592963,0.0006071645415907711
power,KFC_v2,iterative,0.6659084015771914,0.0006071645415907711
power,KFC_v2,iterative,0.6660600545950864,0.0006071645415907711
power,KFC_v2,iterative,0.6662117076129815,0.0006071645415907711
power,KFC_v2,iterative,0.6663633606308765,0.0006071645415907711
power,KFC_v2,iterative,0.6665150136487716,0.0006071645415907711
power,KFC_v2,iterative,0.6666666666666667,0.0006071645415907711
power,KFC_v2,iterative,0.6668183196845617,0.0006071645415907711
power,KFC_v2,iterative,0.6669699727024568,0.0006071645415907711
power,KFC_v2,iterative,0.6671216257203518,0.0006071645415907711
power,KFC_v2,iterative,0.6672732787382469,0.0006071645415907711
power,KFC_v2,iterative,0.6674249317561419,0.0006071645415907711
power,KFC_v2,iterative,0.667576584774037,0.0006071645415907711
power,KFC_v2,iterative,0.6677282377919321,0.0006071645415907711
power,KFC_v2,iterative,0.6678798908098271,0.0006071645415907711
power,KFC_v2,iterative,0.6680315438277222,0.0006071645415907711
power,KFC_v2,iterative,0.6681831968456172,0.0006071645415907711
power,KFC_v2,iterative,0.6683348498635123,0.0006071645415907711
power,KFC_v2,iterative,0.6684865028814073,0.0006071645415907711
power,KFC_v2,iterative,0.6686381558993024,0.0006071645415907711
power,KFC_v2,iterative,0.6687898089171975,0.0006071645415907711
power,KFC_v2,iterative,0.6689414619350925,0.0006071645415907711
power,KFC_v2,iterative,0.6690931149529876,0.0006071645415907711
power,KFC_v2,iterative,0.6692447679708826,0.0006071645415907711
power,KFC_v2,iterative,0.6693964209887777,0.0006071645415907711
power,KFC_v2,iterative,0.6695480740066727,0.0006071645415907711
power,KFC_v2,iterative,0.6696997270245678,0.0006071645415907711
power,KFC_v2,iterative,0.6698513800424629,0.0006071645415907711
power,KFC_v2,iterative,0.6700030330603579,0.0006071645415907711
power,KFC_v2,iterative,0.670154686078253,0.0006071645415907711
power,KFC_v2,iterative,0.670306339096148,0.0006071645415907711
power,KFC_v2,iterative,0.6704579921140431,0.0006071645415907711
power,KFC_v2,iterative,0.6706096451319381,0.0006071645415907711
power,KFC_v2,iterative,0.6707612981498332,0.0006071645415907711
power,KFC_v2,iterative,0.6709129511677283,0.0006071645415907711
power,KFC_v2,iterative,0.6710646041856233,0.0006071645415907711
power,KFC_v2,iterative,0.6712162572035184,0.0006071645415907711
power,KFC_v2,iterative,0.6713679102214134,0.0006071645415907711
power,KFC_v2,iterative,0.6715195632393085,0.0006071645415907711
power,KFC_v2,iterative,0.6716712162572035,0.0006071645415907711
power,KFC_v2,iterative,0.6718228692750986,0.0006071645415907711
power,KFC_v2,iterative,0.6719745222929937,0.0006071645415907711
power,KFC_v2,iterative,0.6721261753108887,0.0006071645415907711
power,KFC_v2,iterative,0.6722778283287838,0.0006071645415907711
power,KFC_v2,iterative,0.6724294813466788,0.0006071645415907711
power,KFC_v2,iterative,0.6725811343645739,0.0006071645415907711
power,KFC_v2,iterative,0.6727327873824689,0.0006071645415907711
power,KFC_v2,iterative,0.672884440400364,0.0006071645415907711
power,KFC_v2,iterative,0.6730360934182591,0.0006071645415907711
power,KFC_v2,iterative,0.6731877464361541,0.0006071645415907711
power,KFC_v2,iterative,0.6733393994540492,0.0006071645415907711
power,KFC_v2,iterative,0.6734910524719442,0.0006071645415907711
power,KFC_v2,iterative,0.6736427054898393,0.0006071645415907711
power,KFC_v2,iterative,0.6737943585077343,0.0006071645415907711
power,KFC_v2,iterative,0.6739460115256294,0.0006071645415907711
power,KFC_v2,iterative,0.6740976645435245,0.0006071645415907711
power,KFC_v2,iterative,0.6742493175614195,0.0006071645415907711
power,KFC_v2,iterative,0.6744009705793146,0.0006071645415907711
power,KFC_v2,iterative,0.6745526235972096,0.0006071645415907711
power,KFC_v2,iterative,0.6747042766151047,0.0006071645415907711
power,KFC_v2,iterative,0.6748559296329997,0.0006071645415907711
power,KFC_v2,iterative,0.6750075826508948,0.0006071645415907711
power,KFC_v2,iterative,0.6751592356687899,0.0006071645415907711
power,KFC_v2,iterative,0.6753108886866849,0.0006071645415907711
power,KFC_v2,iterative,0.67546254170458,0.0006071645415907711
power,KFC_v2,iterative,0.675614194722475,0.0006071645415907711
power,KFC_v2,iterative,0.6757658477403701,0.0006071645415907711
power,KFC_v2,iterative,0.6759175007582651,0.0006071645415907711
power,KFC_v2,iterative,0.6760691537761602,0.0006071645415907711
power,KFC_v2,iterative,0.6762208067940553,0.0006071645415907711
power,KFC_v2,iterative,0.6763724598119503,0.0006071645415907711
power,KFC_v2,iterative,0.6765241128298454,0.0006071645415907711
power,KFC_v2,iterative,0.6766757658477404,0.0006071645415907711
power,KFC_v2,iterative,0.6768274188656355,0.0006071645415907711
power,KFC_v2,iterative,0.6769790718835305,0.0006071645415907711
power,KFC_v2,iterative,0.6771307249014256,0.0006071645415907711
power,KFC_v2,iterative,0.6772823779193207,0.0006071645415907711
power,KFC_v2,iterative,0.6774340309372157,0.0006071645415907711
power,KFC_v2,iterative,0.6775856839551108,0.0006071645415907711
power,KFC_v2,iterative,0.6777373369730058,0.0006071645415907711
power,KFC_v2,iterative,0.6778889899909009,0.0006071645415907711
power,KFC_v2,iterative,0.6780406430087959,0.0006071645415907711
power,KFC_v2,iterative,0.678192296026691,0.0006071645415907711
power,KFC_v2,iterative,0.6783439490445861,0.0006071645415907711
power,KFC_v2,iterative,0.678495602062481,0.0006071645415907711
power,KFC_v2,iterative,0.6786472550803762,0.0006071645415907711
power,KFC_v2,iterative,0.6787989080982711,0.0006071645415907711
power,KFC_v2,iterative,0.6789505611161663,0.0006071645415907711
power,KFC_v2,iterative,0.6791022141340612,0.0006071645415907711
power,KFC_v2,iterative,0.6792538671519563,0.0006071645415907711
power,KFC_v2,iterative,0.6794055201698515,0.0006071645415907711
power,KFC_v2,iterative,0.6795571731877464,0.0006071645415907711
power,KFC_v2,iterative,0.6797088262056415,0.0006071645415907711
power,KFC_v2,iterative,0.6798604792235365,0.0006071645415907711
power,KFC_v2,iterative,0.6800121322414316,0.0006071645415907711
power,KFC_v2,iterative,0.6801637852593266,0.0006071645415907711
power,KFC_v2,iterative,0.6803154382772217,0.0006071645415907711
power,KFC_v2,iterative,0.6804670912951168,0.0006071645415907711
power,KFC_v2,iterative,0.6806187443130118,0.0006071645415907711
power,KFC_v2,iterative,0.6807703973309069,0.0006071645415907711
power,KFC_v2,iterative,0.6809220503488019,0.0006071645415907711
power,KFC_v2,iterative,0.681073703366697,0.0006071645415907711
power,KFC_v2,iterative,0.681225356384592,0.0006071645415907711
power,KFC_v2,iterative,0.6813770094024871,0.0006071645415907711
power,KFC_v2,iterative,0.6815286624203822,0.0006071645415907711
power,KFC_v2,iterative,0.6816803154382772,0.0006071645415907711
power,KFC_v2,iterative,0.6818319684561723,0.0006071645415907711
power,KFC_v2,iterative,0.6819836214740673,0.0006071645415907711
power,KFC_v2,iterative,0.6821352744919624,0.0006071645415907711
power,KFC_v2,iterative,0.6822869275098574,0.0006071645415907711
power,KFC_v2,iterative,0.6824385805277525,0.0006071645415907711
power,KFC_v2,iterative,0.6825902335456476,0.0006071645415907711
power,KFC_v2,iterative,0.6827418865635426,0.0006071645415907711
power,KFC_v2,iterative,0.6828935395814377,0.0006071645415907711
power,KFC_v2,iterative,0.6830451925993327,0.0006071645415907711
power,KFC_v2,iterative,0.6831968456172278,0.0006071645415907711
power,KFC_v2,iterative,0.6833484986351228,0.0006071645415907711
power,KFC_v2,iterative,0.6835001516530179,0.0006071645415907711
power,KFC_v2,iterative,0.683651804670913,0.0006071645415907711
power,KFC_v2,iterative,0.683803457688808,0.0006071645415907711
power,KFC_v2,iterative,0.6839551107067031,0.0006071645415907711
power,KFC_v2,iterative,0.6841067637245981,0.0006071645415907711
power,KFC_v2,iterative,0.6842584167424932,0.0006071645415907711
power,KFC_v2,iterative,0.6844100697603882,0.0006071645415907711
power,KFC_v2,iterative,0.6845617227782833,0.0006071645415907711
power,KFC_v2,iterative,0.6847133757961784,0.0006071645415907711
power,KFC_v2,iterative,0.6848650288140734,0.0006071645415907711
power,KFC_v2,iterative,0.6850166818319685,0.0006071645415907711
power,KFC_v2,iterative,0.6851683348498635,0.0006071645415907711
power,KFC_v2,iterative,0.6853199878677586,0.0006071645415907711
power,KFC_v2,iterative,0.6854716408856536,0.0006071645415907711
power,KFC_v2,iterative,0.6856232939035487,0.0006071645415907711
power,KFC_v2,iterative,0.6857749469214438,0.0006071645415907711
power,KFC_v2,iterative,0.6859265999393388,0.0006071645415907711
power,KFC_v2,iterative,0.6860782529572339,0.0006071645415907711
power,KFC_v2,iterative,0.6862299059751289,0.0006071645415907711
power,KFC_v2,iterative,0.686381558993024,0.0006071645415907711
power,KFC_v2,iterative,0.686533212010919,0.0006071645415907711
power,KFC_v2,iterative,0.6866848650288141,0.0006071645415907711
power,KFC_v2,iterative,0.6868365180467092,0.0006071645415907711
power,KFC_v2,iterative,0.6869881710646042,0.0006071645415907711
power,KFC_v2,iterative,0.6871398240824993,0.0006071645415907711
power,KFC_v2,iterative,0.6872914771003943,0.0006071645415907711
power,KFC_v2,iterative,0.6874431301182894,0.0006071645415907711
power,KFC_v2,iterative,0.6875947831361844,0.0006071645415907711
power,KFC_v2,iterative,0.6877464361540795,0.0006071645415907711
power,KFC_v2,iterative,0.6878980891719746,0.0006071645415907711
power,KFC_v2,iterative,0.6880497421898696,0.0006071645415907711
power,KFC_v2,iterative,0.6882013952077647,0.0006071645415907711
power,KFC_v2,iterative,0.6883530482256597,0.0006071645415907711
power,KFC_v2,iterative,0.6885047012435548,0.0006071645415907711
power,KFC_v2,iterative,0.6886563542614498,0.0006071645415907711
power,KFC_v2,iterative,0.6888080072793449,0.0006071645415907711
power,KFC_v2,iterative,0.68895966029724,0.0006071645415907711
power,KFC_v2,iterative,0.689111313315135,0.0006071645415907711
power,KFC_v2,iterative,0.6892629663330301,0.0006071645415907711
power,KFC_v2,iterative,0.6894146193509251,0.0006071645415907711
power,KFC_v2,iterative,0.6895662723688202,0.0006071645415907711
power,KFC_v2,iterative,0.6897179253867152,0.0006071645415907711
power,KFC_v2,iterative,0.6898695784046103,0.0006071645415907711
power,KFC_v2,iterative,0.6900212314225054,0.0006071645415907711
power,KFC_v2,iterative,0.6901728844404004,0.0006071645415907711
power,KFC_v2,iterative,0.6903245374582955,0.0006071645415907711
power,KFC_v2,iterative,0.6904761904761905,0.0006071645415907711
power,KFC_v2,iterative,0.6906278434940856,0.0006071645415907711
power,KFC_v2,iterative,0.6907794965119806,0.0006071645415907711
power,KFC_v2,iterative,0.6909311495298757,0.0006071645415907711
power,KFC_v2,iterative,0.6910828025477708,0.0006071645415907711
power,KFC_v2,iterative,0.6912344555656658,0.0006071645415907711
power,KFC_v2,iterative,0.6913861085835609,0.0006071645415907711
power,KFC_v2,iterative,0.6915377616014559,0.0006071645415907711
power,KFC_v2,iterative,0.691689414619351,0.0006071645415907711
power,KFC_v2,iterative,0.691841067637246,0.0006071645415907711
power,KFC_v2,iterative,0.6919927206551411,0.0006071645415907711
power,KFC_v2,iterative,0.6921443736730362,0.0006071645415907711
power,KFC_v2,iterative,0.6922960266909312,0.0006071645415907711
power,KFC_v2,iterative,0.6924476797088263,0.0006071645415907711
power,KFC_v2,iterative,0.6925993327267213,0.0006071645415907711
power,KFC_v2,iterative,0.6927509857446164,0.0006071645415907711
power,KFC_v2,iterative,0.6929026387625113,0.0006071645415907711
power,KFC_v2,iterative,0.6930542917804065,0.0006071645415907711
power,KFC_v2,iterative,0.6932059447983016,0.0006071645415907711
power,KFC_v2,iterative,0.6933575978161965,0.0006071645415907711
power,KFC_v2,iterative,0.6935092508340917,0.0006071645415907711
power,KFC_v2,iterative,0.6936609038519866,0.0006071645415907711
power,KFC_v2,iterative,0.6938125568698817,0.0006071645415907711
power,KFC_v2,iterative,0.6939642098877767,0.0006071645415907711
power,KFC_v2,iterative,0.6941158629056718,0.0006071645415907711
power,KFC_v2,iterative,0.694267515923567,0.0006071645415907711
power,KFC_v2,iterative,0.6944191689414619,0.0006071645415907711
power,KFC_v2,iterative,0.694570821959357,0.0006071645415907711
power,KFC_v2,iterative,0.694722474977252,0.0006071645415907711
power,KFC_v2,iterative,0.6948741279951471,0.0006071645415907711
power,KFC_v2,iterative,0.6950257810130421,0.0006071645415907711
power,KFC_v2,iterative,0.6951774340309372,0.0006071645415907711
power,KFC_v2,iterative,0.6953290870488323,0.0004047763610605141
power,KFC_v2,iterative,0.6954807400667273,0.0004047763610605141
power,KFC_v2,iterative,0.6956323930846224,0.0004047763610605141
power,KFC_v2,iterative,0.6957840461025174,0.0004047763610605141
power,KFC_v2,iterative,0.6959356991204125,0.0004047763610605141
power,KFC_v2,iterative,0.6960873521383075,0.0004047763610605141
power,KFC_v2,iterative,0.6962390051562026,0.0004047763610605141
power,KFC_v2,iterative,0.6963906581740977,0.0004047763610605141
power,KFC_v2,iterative,0.6965423111919927,0.0004047763610605141
power,KFC_v2,iterative,0.6966939642098878,0.0004047763610605141
power,KFC_v2,iterative,0.6968456172277828,0.0004047763610605141
power,KFC_v2,iterative,0.6969972702456779,0.0004047763610605141
power,KFC_v2,iterative,0.6971489232635729,0.0004047763610605141
power,KFC_v2,iterative,0.697300576281468,0.0004047763610605141
power,KFC_v2,iterative,0.6974522292993631,0.0004047763610605141
power,KFC_v2,iterative,0.6976038823172581,0.0004047763610605141
power,KFC_v2,iterative,0.6977555353351532,0.0004047763610605141
power,KFC_v2,iterative,0.6979071883530482,0.0004047763610605141
power,KFC_v2,iterative,0.6980588413709433,0.0004047763610605141
power,KFC_v2,iterative,0.6982104943888383,0.0004047763610605141
power,KFC_v2,iterative,0.6983621474067334,0.0004047763610605141
power,KFC_v2,iterative,0.6985138004246285,0.0004047763610605141
power,KFC_v2,iterative,0.6986654534425235,0.0004047763610605141
power,KFC_v2,iterative,0.6988171064604186,0.0004047763610605141
power,KFC_v2,iterative,0.6989687594783136,0.0004047763610605141
power,KFC_v2,iterative,0.6991204124962087,0.0004047763610605141
power,KFC_v2,iterative,0.6992720655141037,0.0004047763610605141
power,KFC_v2,iterative,0.6994237185319988,0.0004047763610605141
power,KFC_v2,iterative,0.6995753715498939,0.0004047763610605141
power,KFC_v2,iterative,0.6997270245677889,0.0004047763610605141
power,KFC_v2,iterative,0.699878677585684,0.0004047763610605141
power,KFC_v2,iterative,0.700030330603579,0.0004047763610605141
power,KFC_v2,iterative,0.7001819836214741,0.0004047763610605141
power,KFC_v2,iterative,0.7003336366393691,0.0004047763610605141
power,KFC_v2,iterative,0.7004852896572642,0.0004047763610605141
power,KFC_v2,iterative,0.7006369426751593,0.0004047763610605141
power,KFC_v2,iterative,0.7007885956930543,0.0004047763610605141
power,KFC_v2,iterative,0.7009402487109494,0.0004047763610605141
power,KFC_v2,iterative,0.7010919017288444,0.0004047763610605141
power,KFC_v2,iterative,0.7012435547467395,0.0004047763610605141
power,KFC_v2,iterative,0.7013952077646345,0.0004047763610605141
power,KFC_v2,iterative,0.7015468607825296,0.0004047763610605141
power,KFC_v2,iterative,0.7016985138004247,0.0004047763610605141
power,KFC_v2,iterative,0.7018501668183197,0.0004047763610605141
power,KFC_v2,iterative,0.7020018198362148,0.0004047763610605141
power,KFC_v2,iterative,0.7021534728541098,0.0004047763610605141
power,KFC_v2,iterative,0.7023051258720049,0.0004047763610605141
power,KFC_v2,iterative,0.7024567788898999,0.0004047763610605141
power,KFC_v2,iterative,0.702608431907795,0.0004047763610605141
power,KFC_v2,iterative,0.7027600849256901,0.0004047763610605141
power,KFC_v2,iterative,0.7029117379435851,0.0004047763610605141
power,KFC_v2,iterative,0.7030633909614802,0.0004047763610605141
power,KFC_v2,iterative,0.7032150439793752,0.0004047763610605141
power,KFC_v2,iterative,0.7033666969972703,0.0004047763610605141
power,KFC_v2,iterative,0.7035183500151653,0.0004047763610605141
power,KFC_v2,iterative,0.7036700030330604,0.0004047763610605141
power,KFC_v2,iterative,0.7038216560509555,0.0004047763610605141
power,KFC_v2,iterative,0.7039733090688505,0.0004047763610605141
power,KFC_v2,iterative,0.7041249620867456,0.0004047763610605141
power,KFC_v2,iterative,0.7042766151046406,0.0004047763610605141
power,KFC_v2,iterative,0.7044282681225357,0.0004047763610605141
power,KFC_v2,iterative,0.7045799211404307,0.0004047763610605141
power,KFC_v2,iterative,0.7047315741583258,0.0004047763610605141
power,KFC_v2,iterative,0.7048832271762209,0.0004047763610605141
power,KFC_v2,iterative,0.7050348801941159,0.0004047763610605141
power,KFC_v2,iterative,0.705186533212011,0.0004047763610605141
power,KFC_v2,iterative,0.705338186229906,0.0004047763610605141
power,KFC_v2,iterative,0.7054898392478011,0.0004047763610605141
power,KFC_v2,iterative,0.7056414922656961,0.0004047763610605141
power,KFC_v2,iterative,0.7057931452835912,0.0004047763610605141
power,KFC_v2,iterative,0.7059447983014863,0.0004047763610605141
power,KFC_v2,iterative,0.7060964513193813,0.0004047763610605141
power,KFC_v2,iterative,0.7062481043372764,0.0004047763610605141
power,KFC_v2,iterative,0.7063997573551714,0.0004047763610605141
power,KFC_v2,iterative,0.7065514103730665,0.0004047763610605141
power,KFC_v2,iterative,0.7067030633909615,0.0004047763610605141
power,KFC_v2,iterative,0.7068547164088566,0.0004047763610605141
power,KFC_v2,iterative,0.7070063694267517,0.0004047763610605141
power,KFC_v2,iterative,0.7071580224446467,0.0004047763610605141
power,KFC_v2,iterative,0.7073096754625418,0.0004047763610605141
power,KFC_v2,iterative,0.7074613284804367,0.0004047763610605141
power,KFC_v2,iterative,0.7076129814983319,0.0004047763610605141
power,KFC_v2,iterative,0.7077646345162268,0.0004047763610605141
power,KFC_v2,iterative,0.707916287534122,0.0004047763610605141
power,KFC_v2,iterative,0.708067940552017,0.0004047763610605141
power,KFC_v2,iterative,0.708219593569912,0.0004047763610605141
power,KFC_v2,iterative,0.7083712465878071,0.0004047763610605141
power,KFC_v2,iterative,0.7085228996057021,0.0004047763610605141
power,KFC_v2,iterative,0.7086745526235972,0.0004047763610605141
power,KFC_v2,iterative,0.7088262056414922,0.0004047763610605141
power,KFC_v2,iterative,0.7089778586593873,0.0004047763610605141
power,KFC_v2,iterative,0.7091295116772824,0.0004047763610605141
power,KFC_v2,iterative,0.7092811646951774,0.0004047763610605141
power,KFC_v2,iterative,0.7094328177130725,0.0004047763610605141
power,KFC_v2,iterative,0.7095844707309675,0.0004047763610605141
power,KFC_v2,iterative,0.7097361237488626,0.0004047763610605141
power,KFC_v2,iterative,0.7098877767667576,0.0004047763610605141
power,KFC_v2,iterative,0.7100394297846527,0.0004047763610605141
power,KFC_v2,iterative,0.7101910828025478,0.0004047763610605141
power,KFC_v2,iterative,0.7103427358204428,0.0004047763610605141
power,KFC_v2,iterative,0.7104943888383379,0.0004047763610605141
power,KFC_v2,iterative,0.7106460418562329,0.0004047763610605141
power,KFC_v2,iterative,0.710797694874128,0.0004047763610605141
power,KFC_v2,iterative,0.710949347892023,0.0004047763610605141
power,KFC_v2,iterative,0.7111010009099181,0.0004047763610605141
power,KFC_v2,iterative,0.7112526539278132,0.0004047763610605141
power,KFC_v2,iterative,0.7114043069457082,0.0004047763610605141
power,KFC_v2,iterative,0.7115559599636033,0.0004047763610605141
power,KFC_v2,iterative,0.7117076129814983,0.0004047763610605141
power,KFC_v2,iterative,0.7118592659993934,0.0004047763610605141
power,KFC_v2,iterative,0.7120109190172884,0.0004047763610605141
power,KFC_v2,iterative,0.7121625720351835,0.0004047763610605141
power,KFC_v2,iterative,0.7123142250530786,0.0004047763610605141
power,KFC_v2,iterative,0.7124658780709736,0.0004047763610605141
power,KFC_v2,iterative,0.7126175310888687,0.0004047763610605141
power,KFC_v2,iterative,0.7127691841067637,0.0004047763610605141
power,KFC_v2,iterative,0.7129208371246588,0.0004047763610605141
power,KFC_v2,iterative,0.7130724901425538,0.0004047763610605141
power,KFC_v2,iterative,0.7132241431604489,0.0004047763610605141
power,KFC_v2,iterative,0.713375796178344,0.0004047763610605141
power,KFC_v2,iterative,0.713527449196239,0.0004047763610605141
power,KFC_v2,iterative,0.7136791022141341,0.0004047763610605141
power,KFC_v2,iterative,0.7138307552320291,0.0004047763610605141
power,KFC_v2,iterative,0.7139824082499242,0.0004047763610605141
power,KFC_v2,iterative,0.7141340612678192,0.0004047763610605141
power,KFC_v2,iterative,0.7142857142857143,0.0004047763610605141
power,KFC_v2,iterative,0.7144373673036094,0.0004047763610605141
power,KFC_v2,iterative,0.7145890203215044,0.0004047763610605141
power,KFC_v2,iterative,0.7147406733393995,0.0004047763610605141
power,KFC_v2,iterative,0.7148923263572945,0.0004047763610605141
power,KFC_v2,iterative,0.7150439793751896,0.0004047763610605141
power,KFC_v2,iterative,0.7151956323930847,0.0004047763610605141
power,KFC_v2,iterative,0.7153472854109797,0.0004047763610605141
power,KFC_v2,iterative,0.7154989384288748,0.0004047763610605141
power,KFC_v2,iterative,0.7156505914467698,0.0004047763610605141
power,KFC_v2,iterative,0.7158022444646649,0.0004047763610605141
power,KFC_v2,iterative,0.7159538974825599,0.0004047763610605141
power,KFC_v2,iterative,0.716105550500455,0.0004047763610605141
power,KFC_v2,iterative,0.7162572035183501,0.0004047763610605141
power,KFC_v2,iterative,0.7164088565362451,0.0004047763610605141
power,KFC_v2,iterative,0.7165605095541402,0.0004047763610605141
power,KFC_v2,iterative,0.7167121625720352,0.0004047763610605141
power,KFC_v2,iterative,0.7168638155899303,0.0004047763610605141
power,KFC_v2,iterative,0.7170154686078253,0.0004047763610605141
power,KFC_v2,iterative,0.7171671216257204,0.0004047763610605141
power,KFC_v2,iterative,0.7173187746436155,0.0004047763610605141
power,KFC_v2,iterative,0.7174704276615105,0.0004047763610605141
power,KFC_v2,iterative,0.7176220806794056,0.0004047763610605141
power,KFC_v2,iterative,0.7177737336973006,0.0004047763610605141
power,KFC_v2,iterative,0.7179253867151957,0.0004047763610605141
power,KFC_v2,iterative,0.7180770397330907,0.0004047763610605141
power,KFC_v2,iterative,0.7182286927509858,0.0004047763610605141
power,KFC_v2,iterative,0.7183803457688809,0.0004047763610605141
power,KFC_v2,iterative,0.7185319987867759,0.0004047763610605141
power,KFC_v2,iterative,0.718683651804671,0.0004047763610605141
power,KFC_v2,iterative,0.718835304822566,0.0004047763610605141
power,KFC_v2,iterative,0.7189869578404611,0.0004047763610605141
power,KFC_v2,iterative,0.7191386108583561,0.0004047763610605141
power,KFC_v2,iterative,0.7192902638762512,0.0004047763610605141
power,KFC_v2,iterative,0.7194419168941463,0.0004047763610605141
power,KFC_v2,iterative,0.7195935699120413,0.0004047763610605141
power,KFC_v2,iterative,0.7197452229299364,0.0004047763610605141
power,KFC_v2,iterative,0.7198968759478314,0.0004047763610605141
power,KFC_v2,iterative,0.7200485289657265,0.0004047763610605141
power,KFC_v2,iterative,0.7202001819836215,0.0004047763610605141
power,KFC_v2,iterative,0.7203518350015166,0.0004047763610605141
power,KFC_v2,iterative,0.7205034880194117,0.0004047763610605141
power,KFC_v2,iterative,0.7206551410373067,0.0004047763610605141
power,KFC_v2,iterative,0.7208067940552018,0.0004047763610605141
power,KFC_v2,iterative,0.7209584470730968,0.0004047763610605141
power,KFC_v2,iterative,0.7211101000909919,0.0004047763610605141
power,KFC_v2,iterative,0.7212617531088868,0.0004047763610605141
power,KFC_v2,iterative,0.721413406126782,0.0004047763610605141
power,KFC_v2,iterative,0.7215650591446771,0.0004047763610605141
power,KFC_v2,iterative,0.721716712162572,0.0004047763610605141
power,KFC_v2,iterative,0.7218683651804672,0.0004047763610605141
power,KFC_v2,iterative,0.7220200181983621,0.0004047763610605141
power,KFC_v2,iterative,0.7221716712162572,0.0004047763610605141
power,KFC_v2,iterative,0.7223233242341522,0.0004047763610605141
power,KFC_v2,iterative,0.7224749772520473,0.0004047763610605141
power,KFC_v2,iterative,0.7226266302699424,0.0004047763610605141
power,KFC_v2,iterative,0.7227782832878374,0.0004047763610605141
power,KFC_v2,iterative,0.7229299363057325,0.0004047763610605141
power,KFC_v2,iterative,0.7230815893236275,0.0004047763610605141
power,KFC_v2,iterative,0.7232332423415226,0.0004047763610605141
power,KFC_v2,iterative,0.7233848953594176,0.0004047763610605141
power,KFC_v2,iterative,0.7235365483773127,0.0004047763610605141
power,KFC_v2,iterative,0.7236882013952078,0.0004047763610605141
power,KFC_v2,iterative,0.7238398544131028,0.0004047763610605141
power,KFC_v2,iterative,0.7239915074309979,0.0004047763610605141
power,KFC_v2,iterative,0.7241431604488929,0.0004047763610605141
power,KFC_v2,iterative,0.724294813466788,0.0004047763610605141
power,KFC_v2,iterative,0.724446466484683,0.0004047763610605141
power,KFC_v2,iterative,0.7245981195025781,0.0004047763610605141
power,KFC_v2,iterative,0.7247497725204732,0.0004047763610605141
power,KFC_v2,iterative,0.7249014255383682,0.0004047763610605141
power,KFC_v2,iterative,0.7250530785562633,0.0004047763610605141
power,KFC_v2,iterative,0.7252047315741583,0.0004047763610605141
power,KFC_v2,iterative,0.7253563845920534,0.0004047763610605141
power,KFC_v2,iterative,0.7255080376099484,0.0004047763610605141
power,KFC_v2,iterative,0.7256596906278435,0.0004047763610605141
power,KFC_v2,iterative,0.7258113436457386,0.0004047763610605141
power,KFC_v2,iterative,0.7259629966636336,0.0004047763610605141
power,KFC_v2,iterative,0.7261146496815287,0.0004047763610605141
power,KFC_v2,iterative,0.7262663026994237,0.0004047763610605141
power,KFC_v2,iterative,0.7264179557173188,0.0004047763610605141
power,KFC_v2,iterative,0.7265696087352138,0.0004047763610605141
power,KFC_v2,iterative,0.7267212617531089,0.0004047763610605141
power,KFC_v2,iterative,0.726872914771004,0.0004047763610605141
power,KFC_v2,iterative,0.727024567788899,0.0004047763610605141
power,KFC_v2,iterative,0.7271762208067941,0.0004047763610605141
power,KFC_v2,iterative,0.7273278738246891,0.0004047763610605141
power,KFC_v2,iterative,0.7274795268425842,0.0004047763610605141
power,KFC_v2,iterative,0.7276311798604792,0.0004047763610605141
power,KFC_v2,iterative,0.7277828328783743,0.0004047763610605141
power,KFC_v2,iterative,0.7279344858962694,0.0004047763610605141
power,KFC_v2,iterative,0.7280861389141644,0.0004047763610605141
power,KFC_v2,iterative,0.7282377919320595,0.0004047763610605141
power,KFC_v2,iterative,0.7283894449499545,0.0004047763610605141
power,KFC_v2,iterative,0.7285410979678496,0.0004047763610605141
power,KFC_v2,iterative,0.7286927509857446,0.0004047763610605141
power,KFC_v2,iterative,0.7288444040036397,0.0004047763610605141
power,KFC_v2,iterative,0.7289960570215348,0.0004047763610605141
power,KFC_v2,iterative,0.7291477100394298,0.0004047763610605141
power,KFC_v2,iterative,0.7292993630573249,0.0004047763610605141
power,KFC_v2,iterative,0.7294510160752199,0.0004047763610605141
power,KFC_v2,iterative,0.729602669093115,0.0004047763610605141
power,KFC_v2,iterative,0.72975432211101,0.0004047763610605141
power,KFC_v2,iterative,0.7299059751289051,0.0004047763610605141
power,KFC_v2,iterative,0.7300576281468002,0.0004047763610605141
power,KFC_v2,iterative,0.7302092811646952,0.0004047763610605141
power,KFC_v2,iterative,0.7303609341825903,0.0004047763610605141
power,KFC_v2,iterative,0.7305125872004853,0.0004047763610605141
power,KFC_v2,iterative,0.7306642402183804,0.0004047763610605141
power,KFC_v2,iterative,0.7308158932362754,0.0004047763610605141
power,KFC_v2,iterative,0.7309675462541705,0.0004047763610605141
power,KFC_v2,iterative,0.7311191992720656,0.0004047763610605141
power,KFC_v2,iterative,0.7312708522899606,0.0004047763610605141
power,KFC_v2,iterative,0.7314225053078557,0.0004047763610605141
power,KFC_v2,iterative,0.7315741583257507,0.0004047763610605141
power,KFC_v2,iterative,0.7317258113436458,0.0004047763610605141
power,KFC_v2,iterative,0.7318774643615408,0.0004047763610605141
power,KFC_v2,iterative,0.7320291173794359,0.0004047763610605141
power,KFC_v2,iterative,0.732180770397331,0.0004047763610605141
power,KFC_v2,iterative,0.732332423415226,0.0004047763610605141
power,KFC_v2,iterative,0.7324840764331211,0.0004047763610605141
power,KFC_v2,iterative,0.7326357294510161,0.0004047763610605141
power,KFC_v2,iterative,0.7327873824689112,0.0004047763610605141
power,KFC_v2,iterative,0.7329390354868062,0.0004047763610605141
power,KFC_v2,iterative,0.7330906885047013,0.0004047763610605141
power,KFC_v2,iterative,0.7332423415225964,0.0004047763610605141
power,KFC_v2,iterative,0.7333939945404914,0.0004047763610605141
power,KFC_v2,iterative,0.7335456475583865,0.0004047763610605141
power,KFC_v2,iterative,0.7336973005762815,0.0004047763610605141
power,KFC_v2,iterative,0.7338489535941766,0.0004047763610605141
power,KFC_v2,iterative,0.7340006066120716,0.0004047763610605141
power,KFC_v2,iterative,0.7341522596299667,0.0004047763610605141
power,KFC_v2,iterative,0.7343039126478618,0.0004047763610605141
power,KFC_v2,iterative,0.7344555656657568,0.0004047763610605141
power,KFC_v2,iterative,0.7346072186836519,0.0004047763610605141
power,KFC_v2,iterative,0.7347588717015469,0.0004047763610605141
power,KFC_v2,iterative,0.734910524719442,0.0004047763610605141
power,KFC_v2,iterative,0.735062177737337,0.0004047763610605141
power,KFC_v2,iterative,0.7352138307552321,0.0004047763610605141
power,KFC_v2,iterative,0.7353654837731272,0.0004047763610605141
power,KFC_v2,iterative,0.7355171367910222,0.0004047763610605141
power,KFC_v2,iterative,0.7356687898089173,0.0004047763610605141
power,KFC_v2,iterative,0.7358204428268122,0.0004047763610605141
power,KFC_v2,iterative,0.7359720958447074,0.0004047763610605141
power,KFC_v2,iterative,0.7361237488626023,0.0004047763610605141
power,KFC_v2,iterative,0.7362754018804974,0.0004047763610605141
power,KFC_v2,iterative,0.7364270548983926,0.0004047763610605141
power,KFC_v2,iterative,0.7365787079162875,0.0004047763610605141
power,KFC_v2,iterative,0.7367303609341826,0.0004047763610605141
power,KFC_v2,iterative,0.7368820139520776,0.0004047763610605141
power,KFC_v2,iterative,0.7370336669699727,0.0004047763610605141
power,KFC_v2,iterative,0.7371853199878677,0.0004047763610605141
power,KFC_v2,iterative,0.7373369730057628,0.0004047763610605141
power,KFC_v2,iterative,0.737488626023658,0.0004047763610605141
power,KFC_v2,iterative,0.7376402790415529,0.0004047763610605141
power,KFC_v2,iterative,0.737791932059448,0.0004047763610605141
power,KFC_v2,iterative,0.737943585077343,0.0004047763610605141
power,KFC_v2,iterative,0.7380952380952381,0.0004047763610605141
power,KFC_v2,iterative,0.7382468911131331,0.0004047763610605141
power,KFC_v2,iterative,0.7383985441310282,0.0004047763610605141
power,KFC_v2,iterative,0.7385501971489233,0.0004047763610605141
power,KFC_v2,iterative,0.7387018501668183,0.0004047763610605141
power,KFC_v2,iterative,0.7388535031847134,0.0004047763610605141
power,KFC_v2,iterative,0.7390051562026084,0.0004047763610605141
power,KFC_v2,iterative,0.7391568092205035,0.0004047763610605141
power,KFC_v2,iterative,0.7393084622383985,0.0004047763610605141
power,KFC_v2,iterative,0.7394601152562936,0.0004047763610605141
power,KFC_v2,iterative,0.7396117682741887,0.0004047763610605141
power,KFC_v2,iterative,0.7397634212920837,0.0004047763610605141
power,KFC_v2,iterative,0.7399150743099788,0.0004047763610605141
power,KFC_v2,iterative,0.7400667273278738,0.0004047763610605141
power,KFC_v2,iterative,0.7402183803457689,0.0004047763610605141
power,KFC_v2,iterative,0.7403700333636639,0.0004047763610605141
power,KFC_v2,iterative,0.740521686381559,0.0004047763610605141
power,KFC_v2,iterative,0.7406733393994541,0.0004047763610605141
power,KFC_v2,iterative,0.7408249924173491,0.0004047763610605141
power,KFC_v2,iterative,0.7409766454352442,0.0004047763610605141
power,KFC_v2,iterative,0.7411282984531392,0.0004047763610605141
power,KFC_v2,iterative,0.7412799514710343,0.0004047763610605141
power,KFC_v2,iterative,0.7414316044889293,0.0004047763610605141
power,KFC_v2,iterative,0.7415832575068244,0.0004047763610605141
power,KFC_v2,iterative,0.7417349105247195,0.0004047763610605141
power,KFC_v2,iterative,0.7418865635426145,0.0004047763610605141
power,KFC_v2,iterative,0.7420382165605096,0.0004047763610605141
power,KFC_v2,iterative,0.7421898695784046,0.0004047763610605141
power,KFC_v2,iterative,0.7423415225962997,0.0004047763610605141
power,KFC_v2,iterative,0.7424931756141947,0.0004047763610605141
power,KFC_v2,iterative,0.7426448286320898,0.0004047763610605141
power,KFC_v2,iterative,0.7427964816499849,0.0004047763610605141
power,KFC_v2,iterative,0.7429481346678799,0.0004047763610605141
power,KFC_v2,iterative,0.743099787685775,0.0004047763610605141
power,KFC_v2,iterative,0.74325144070367,0.0004047763610605141
power,KFC_v2,iterative,0.7434030937215651,0.0004047763610605141
power,KFC_v2,iterative,0.7435547467394601,0.0004047763610605141
power,KFC_v2,iterative,0.7437063997573552,0.0004047763610605141
power,KFC_v2,iterative,0.7438580527752503,0.0004047763610605141
power,KFC_v2,iterative,0.7440097057931453,0.0004047763610605141
power,KFC_v2,iterative,0.7441613588110404,0.0004047763610605141
power,KFC_v2,iterative,0.7443130118289354,0.0004047763610605141
power,KFC_v2,iterative,0.7444646648468305,0.0004047763610605141
power,KFC_v2,iterative,0.7446163178647255,0.0004047763610605141
power,KFC_v2,iterative,0.7447679708826206,0.0004047763610605141
power,KFC_v2,iterative,0.7449196239005157,0.0004047763610605141
power,KFC_v2,iterative,0.7450712769184107,0.0004047763610605141
power,KFC_v2,iterative,0.7452229299363058,0.0004047763610605141
power,KFC_v2,iterative,0.7453745829542008,0.0004047763610605141
power,KFC_v2,iterative,0.7455262359720959,0.0004047763610605141
power,KFC_v2,iterative,0.7456778889899909,0.0004047763610605141
power,KFC_v2,iterative,0.745829542007886,0.0004047763610605141
power,KFC_v2,iterative,0.7459811950257811,0.0004047763610605141
power,KFC_v2,iterative,0.7461328480436761,0.0004047763610605141
power,KFC_v2,iterative,0.7462845010615712,0.0004047763610605141
power,KFC_v2,iterative,0.7464361540794662,0.0004047763610605141
power,KFC_v2,iterative,0.7465878070973613,0.0004047763610605141
power,KFC_v2,iterative,0.7467394601152563,0.0004047763610605141
power,KFC_v2,iterative,0.7468911131331514,0.0004047763610605141
power,KFC_v2,iterative,0.7470427661510465,0.0004047763610605141
power,KFC_v2,iterative,0.7471944191689415,0.0004047763610605141
power,KFC_v2,iterative,0.7473460721868366,0.0004047763610605141
power,KFC_v2,iterative,0.7474977252047316,0.0004047763610605141
power,KFC_v2,iterative,0.7476493782226267,0.0004047763610605141
power,KFC_v2,iterative,0.7478010312405217,0.0004047763610605141
power,KFC_v2,iterative,0.7479526842584168,0.0004047763610605141
power,KFC_v2,iterative,0.7481043372763119,0.0004047763610605141
power,KFC_v2,iterative,0.7482559902942069,0.0004047763610605141
power,KFC_v2,iterative,0.748407643312102,0.0004047763610605141
power,KFC_v2,iterative,0.748559296329997,0.0004047763610605141
power,KFC_v2,iterative,0.7487109493478921,0.0004047763610605141
power,KFC_v2,iterative,0.7488626023657871,0.0004047763610605141
power,KFC_v2,iterative,0.7490142553836822,0.0004047763610605141
power,KFC_v2,iterative,0.7491659084015773,0.0004047763610605141
power,KFC_v2,iterative,0.7493175614194723,0.0004047763610605141
power,KFC_v2,iterative,0.7494692144373674,0.0004047763610605141
power,KFC_v2,iterative,0.7496208674552624,0.0004047763610605141
power,KFC_v2,iterative,0.7497725204731575,0.0004047763610605141
power,KFC_v2,iterative,0.7499241734910524,0.0004047763610605141
power,KFC_v2,iterative,0.7500758265089476,0.0004047763610605141
power,KFC_v2,iterative,0.7502274795268427,0.0004047763610605141
power,KFC_v2,iterative,0.7503791325447376,0.0004047763610605141
power,KFC_v2,iterative,0.7505307855626328,0.0004047763610605141
power,KFC_v2,iterative,0.7506824385805277,0.0004047763610605141
power,KFC_v2,iterative,0.7508340915984228,0.0004047763610605141
power,KFC_v2,iterative,0.7509857446163178,0.0004047763610605141
power,KFC_v2,iterative,0.7511373976342129,0.0004047763610605141
power,KFC_v2,iterative,0.751289050652108,0.0004047763610605141
power,KFC_v2,iterative,0.751440703670003,0.0004047763610605141
power,KFC_v2,iterative,0.7515923566878981,0.0004047763610605141
power,KFC_v2,iterative,0.7517440097057931,0.0004047763610605141
power,KFC_v2,iterative,0.7518956627236882,0.0004047763610605141
power,KFC_v2,iterative,0.7520473157415832,0.0004047763610605141
power,KFC_v2,iterative,0.7521989687594783,0.0004047763610605141
power,KFC_v2,iterative,0.7523506217773734,0.0004047763610605141
power,KFC_v2,iterative,0.7525022747952684,0.0004047763610605141
power,KFC_v2,iterative,0.7526539278131635,0.0004047763610605141
power,KFC_v2,iterative,0.7528055808310585,0.0004047763610605141
power,KFC_v2,iterative,0.7529572338489536,0.0004047763610605141
power,KFC_v2,iterative,0.7531088868668486,0.0004047763610605141
power,KFC_v2,iterative,0.7532605398847437,0.0004047763610605141
power,KFC_v2,iterative,0.7534121929026388,0.0004047763610605141
power,KFC_v2,iterative,0.7535638459205338,0.0004047763610605141
power,KFC_v2,iterative,0.7537154989384289,0.0004047763610605141
power,KFC_v2,iterative,0.7538671519563239,0.0004047763610605141
power,KFC_v2,iterative,0.754018804974219,0.0004047763610605141
power,KFC_v2,iterative,0.754170457992114,0.0004047763610605141
power,KFC_v2,iterative,0.7543221110100091,0.0004047763610605141
power,KFC_v2,iterative,0.7544737640279042,0.0004047763610605141
power,KFC_v2,iterative,0.7546254170457992,0.0004047763610605141
power,KFC_v2,iterative,0.7547770700636943,0.0004047763610605141
power,KFC_v2,iterative,0.7549287230815893,0.0004047763610605141
power,KFC_v2,iterative,0.7550803760994844,0.0004047763610605141
power,KFC_v2,iterative,0.7552320291173794,0.0004047763610605141
power,KFC_v2,iterative,0.7553836821352745,0.0004047763610605141
power,KFC_v2,iterative,0.7555353351531696,0.0004047763610605141
power,KFC_v2,iterative,0.7556869881710646,0.0004047763610605141
power,KFC_v2,iterative,0.7558386411889597,0.0004047763610605141
power,KFC_v2,iterative,0.7559902942068547,0.0004047763610605141
power,KFC_v2,iterative,0.7561419472247498,0.0004047763610605141
power,KFC_v2,iterative,0.7562936002426448,0.0004047763610605141
power,KFC_v2,iterative,0.7564452532605399,0.0004047763610605141
power,KFC_v2,iterative,0.756596906278435,0.0004047763610605141
power,KFC_v2,iterative,0.75674855929633,0.0004047763610605141
power,KFC_v2,iterative,0.7569002123142251,0.0004047763610605141
power,KFC_v2,iterative,0.7570518653321201,0.0004047763610605141
power,KFC_v2,iterative,0.7572035183500152,0.0004047763610605141
power,KFC_v2,iterative,0.7573551713679102,0.0004047763610605141
power,KFC_v2,iterative,0.7575068243858053,0.0004047763610605141
power,KFC_v2,iterative,0.7576584774037004,0.0004047763610605141
power,KFC_v2,iterative,0.7578101304215954,0.0004047763610605141
power,KFC_v2,iterative,0.7579617834394905,0.0004047763610605141
power,KFC_v2,iterative,0.7581134364573855,0.0004047763610605141
power,KFC_v2,iterative,0.7582650894752806,0.0004047763610605141
power,KFC_v2,iterative,0.7584167424931756,0.0004047763610605141
power,KFC_v2,iterative,0.7585683955110707,0.0004047763610605141
power,KFC_v2,iterative,0.7587200485289658,0.0004047763610605141
power,KFC_v2,iterative,0.7588717015468608,0.0004047763610605141
power,KFC_v2,iterative,0.7590233545647559,0.0004047763610605141
power,KFC_v2,iterative,0.7591750075826509,0.0004047763610605141
power,KFC_v2,iterative,0.759326660600546,0.0004047763610605141
power,KFC_v2,iterative,0.759478313618441,0.0004047763610605141
power,KFC_v2,iterative,0.7596299666363361,0.0004047763610605141
power,KFC_v2,iterative,0.7597816196542312,0.0004047763610605141
power,KFC_v2,iterative,0.7599332726721262,0.0004047763610605141
power,KFC_v2,iterative,0.7600849256900213,0.0004047763610605141
power,KFC_v2,iterative,0.7602365787079163,0.0004047763610605141
power,KFC_v2,iterative,0.7603882317258114,0.0004047763610605141
power,KFC_v2,iterative,0.7605398847437064,0.0004047763610605141
power,KFC_v2,iterative,0.7606915377616015,0.0004047763610605141
power,KFC_v2,iterative,0.7608431907794966,0.0004047763610605141
power,KFC_v2,iterative,0.7609948437973916,0.0004047763610605141
power,KFC_v2,iterative,0.7611464968152867,0.0004047763610605141
power,KFC_v2,iterative,0.7612981498331817,0.0004047763610605141
power,KFC_v2,iterative,0.7614498028510768,0.0004047763610605141
power,KFC_v2,iterative,0.7616014558689718,0.0004047763610605141
power,KFC_v2,iterative,0.7617531088868669,0.0004047763610605141
power,KFC_v2,iterative,0.761904761904762,0.0004047763610605141
power,KFC_v2,iterative,0.762056414922657,0.0004047763610605141
power,KFC_v2,iterative,0.7622080679405521,0.0004047763610605141
power,KFC_v2,iterative,0.7623597209584471,0.0004047763610605141
power,KFC_v2,iterative,0.7625113739763422,0.0004047763610605141
power,KFC_v2,iterative,0.7626630269942372,0.0004047763610605141
power,KFC_v2,iterative,0.7628146800121323,0.0004047763610605141
power,KFC_v2,iterative,0.7629663330300274,0.0004047763610605141
power,KFC_v2,iterative,0.7631179860479224,0.0004047763610605141
power,KFC_v2,iterative,0.7632696390658175,0.0004047763610605141
power,KFC_v2,iterative,0.7634212920837125,0.0004047763610605141
power,KFC_v2,iterative,0.7635729451016076,0.0004047763610605141
power,KFC_v2,iterative,0.7637245981195026,0.0004047763610605141
power,KFC_v2,iterative,0.7638762511373977,0.0004047763610605141
power,KFC_v2,iterative,0.7640279041552928,0.0004047763610605141
power,KFC_v2,iterative,0.7641795571731878,0.0004047763610605141
power,KFC_v2,iterative,0.7643312101910829,0.0004047763610605141
power,KFC_v2,iterative,0.7644828632089778,0.0004047763610605141
power,KFC_v2,iterative,0.764634516226873,0.0004047763610605141
power,KFC_v2,iterative,0.7647861692447679,0.0004047763610605141
power,KFC_v2,iterative,0.764937822262663,0.0004047763610605141
power,KFC_v2,iterative,0.7650894752805582,0.0004047763610605141
power,KFC_v2,iterative,0.7652411282984531,0.0004047763610605141
power,KFC_v2,iterative,0.7653927813163482,0.0004047763610605141
power,KFC_v2,iterative,0.7655444343342432,0.0004047763610605141
power,KFC_v2,iterative,0.7656960873521383,0.0004047763610605141
power,KFC_v2,iterative,0.7658477403700333,0.0004047763610605141
power,KFC_v2,iterative,0.7659993933879284,0.0004047763610605141
power,KFC_v2,iterative,0.7661510464058235,0.0004047763610605141
power,KFC_v2,iterative,0.7663026994237185,0.0004047763610605141
power,KFC_v2,iterative,0.7664543524416136,0.0004047763610605141
power,KFC_v2,iterative,0.7666060054595086,0.0004047763610605141
power,KFC_v2,iterative,0.7667576584774037,0.0004047763610605141
power,KFC_v2,iterative,0.7669093114952987,0.0004047763610605141
power,KFC_v2,iterative,0.7670609645131938,0.0004047763610605141
power,KFC_v2,iterative,0.7672126175310889,0.0004047763610605141
power,KFC_v2,iterative,0.7673642705489839,0.0004047763610605141
power,KFC_v2,iterative,0.767515923566879,0.0004047763610605141
power,KFC_v2,iterative,0.767667576584774,0.0004047763610605141
power,KFC_v2,iterative,0.7678192296026691,0.0004047763610605141
power,KFC_v2,iterative,0.7679708826205641,0.0004047763610605141
power,KFC_v2,iterative,0.7681225356384592,0.0004047763610605141
power,KFC_v2,iterative,0.7682741886563543,0.0004047763610605141
power,KFC_v2,iterative,0.7684258416742493,0.0004047763610605141
power,KFC_v2,iterative,0.7685774946921444,0.0004047763610605141
power,KFC_v2,iterative,0.7687291477100394,0.0004047763610605141
power,KFC_v2,iterative,0.7688808007279345,0.0004047763610605141
power,KFC_v2,iterative,0.7690324537458295,0.0004047763610605141
power,KFC_v2,iterative,0.7691841067637246,0.0004047763610605141
power,KFC_v2,iterative,0.7693357597816197,0.0004047763610605141
power,KFC_v2,iterative,0.7694874127995147,0.0004047763610605141
power,KFC_v2,iterative,0.7696390658174098,0.0004047763610605141
power,KFC_v2,iterative,0.7697907188353048,0.0004047763610605141
power,KFC_v2,iterative,0.7699423718531999,0.0004047763610605141
power,KFC_v2,iterative,0.7700940248710949,0.0004047763610605141
power,KFC_v2,iterative,0.77024567788899,0.0004047763610605141
power,KFC_v2,iterative,0.7703973309068851,0.0004047763610605141
power,KFC_v2,iterative,0.7705489839247801,0.0004047763610605141
power,KFC_v2,iterative,0.7707006369426752,0.0004047763610605141
power,KFC_v2,iterative,0.7708522899605702,0.0004047763610605141
power,KFC_v2,iterative,0.7710039429784653,0.0004047763610605141
power,KFC_v2,iterative,0.7711555959963603,0.0004047763610605141
power,KFC_v2,iterative,0.7713072490142554,0.0004047763610605141
power,KFC_v2,iterative,0.7714589020321505,0.0004047763610605141
power,KFC_v2,iterative,0.7716105550500455,0.0004047763610605141
power,KFC_v2,iterative,0.7717622080679406,0.0004047763610605141
power,KFC_v2,iterative,0.7719138610858356,0.0004047763610605141
power,KFC_v2,iterative,0.7720655141037307,0.0004047763610605141
power,KFC_v2,iterative,0.7722171671216257,0.0004047763610605141
power,KFC_v2,iterative,0.7723688201395208,0.0004047763610605141
power,KFC_v2,iterative,0.7725204731574159,0.0004047763610605141
power,KFC_v2,iterative,0.7726721261753109,0.0004047763610605141
power,KFC_v2,iterative,0.772823779193206,0.0004047763610605141
power,KFC_v2,iterative,0.772975432211101,0.0004047763610605141
power,KFC_v2,iterative,0.7731270852289961,0.0004047763610605141
power,KFC_v2,iterative,0.7732787382468911,0.0004047763610605141
power,KFC_v2,iterative,0.7734303912647862,0.0004047763610605141
power,KFC_v2,iterative,0.7735820442826813,0.0004047763610605141
power,KFC_v2,iterative,0.7737336973005763,0.0004047763610605141
power,KFC_v2,iterative,0.7738853503184714,0.0004047763610605141
power,KFC_v2,iterative,0.7740370033363664,0.0004047763610605141
power,KFC_v2,iterative,0.7741886563542615,0.0004047763610605141
power,KFC_v2,iterative,0.7743403093721565,0.0004047763610605141
power,KFC_v2,iterative,0.7744919623900516,0.0004047763610605141
power,KFC_v2,iterative,0.7746436154079467,0.0004047763610605141
power,KFC_v2,iterative,0.7747952684258417,0.0004047763610605141
power,KFC_v2,iterative,0.7749469214437368,0.0004047763610605141
power,KFC_v2,iterative,0.7750985744616318,0.0004047763610605141
power,KFC_v2,iterative,0.7752502274795269,0.0004047763610605141
power,KFC_v2,iterative,0.7754018804974219,0.0004047763610605141
power,KFC_v2,iterative,0.775553533515317,0.0004047763610605141
power,KFC_v2,iterative,0.7757051865332121,0.0004047763610605141
power,KFC_v2,iterative,0.7758568395511071,0.0004047763610605141
power,KFC_v2,iterative,0.7760084925690022,0.0004047763610605141
power,KFC_v2,iterative,0.7761601455868972,0.0004047763610605141
power,KFC_v2,iterative,0.7763117986047923,0.0004047763610605141
power,KFC_v2,iterative,0.7764634516226874,0.0004047763610605141
power,KFC_v2,iterative,0.7766151046405824,0.0004047763610605141
power,KFC_v2,iterative,0.7767667576584775,0.0004047763610605141
power,KFC_v2,iterative,0.7769184106763725,0.0004047763610605141
power,KFC_v2,iterative,0.7770700636942676,0.0004047763610605141
power,KFC_v2,iterative,0.7772217167121626,0.0004047763610605141
power,KFC_v2,iterative,0.7773733697300577,0.0004047763610605141
power,KFC_v2,iterative,0.7775250227479528,0.0004047763610605141
power,KFC_v2,iterative,0.7776766757658478,0.0004047763610605141
power,KFC_v2,iterative,0.7778283287837429,0.0004047763610605141
power,KFC_v2,iterative,0.7779799818016379,0.0004047763610605141
power,KFC_v2,iterative,0.778131634819533,0.0004047763610605141
power,KFC_v2,iterative,0.778283287837428,0.0004047763610605141
power,KFC_v2,iterative,0.778434940855323,0.0004047763610605141
power,KFC_v2,iterative,0.7785865938732182,0.0004047763610605141
power,KFC_v2,iterative,0.7787382468911132,0.0004047763610605141
power,KFC_v2,iterative,0.7788898999090083,0.0004047763610605141
power,KFC_v2,iterative,0.7790415529269032,0.0004047763610605141
power,KFC_v2,iterative,0.7791932059447984,0.0004047763610605141
power,KFC_v2,iterative,0.7793448589626933,0.0004047763610605141
power,KFC_v2,iterative,0.7794965119805884,0.0004047763610605141
power,KFC_v2,iterative,0.7796481649984836,0.0004047763610605141
power,KFC_v2,iterative,0.7797998180163785,0.0004047763610605141
power,KFC_v2,iterative,0.7799514710342736,0.0004047763610605141
power,KFC_v2,iterative,0.7801031240521686,0.0004047763610605141
power,KFC_v2,iterative,0.7802547770700637,0.0004047763610605141
power,KFC_v2,iterative,0.7804064300879587,0.0004047763610605141
power,KFC_v2,iterative,0.7805580831058538,0.0004047763610605141
power,KFC_v2,iterative,0.7807097361237489,0.0004047763610605141
power,KFC_v2,iterative,0.7808613891416439,0.0004047763610605141
power,KFC_v2,iterative,0.781013042159539,0.0004047763610605141
power,KFC_v2,iterative,0.781164695177434,0.0004047763610605141
power,KFC_v2,iterative,0.7813163481953291,0.0004047763610605141
power,KFC_v2,iterative,0.7814680012132241,0.0004047763610605141
power,KFC_v2,iterative,0.7816196542311192,0.0004047763610605141
power,KFC_v2,iterative,0.7817713072490143,0.0004047763610605141
power,KFC_v2,iterative,0.7819229602669093,0.0004047763610605141
power,KFC_v2,iterative,0.7820746132848044,0.0004047763610605141
power,KFC_v2,iterative,0.7822262663026994,0.0004047763610605141
power,KFC_v2,iterative,0.7823779193205945,0.0004047763610605141
power,KFC_v2,iterative,0.7825295723384895,0.0004047763610605141
power,KFC_v2,iterative,0.7826812253563846,0.0004047763610605141
power,KFC_v2,iterative,0.7828328783742797,0.0004047763610605141
power,KFC_v2,iterative,0.7829845313921747,0.0004047763610605141
power,KFC_v2,iterative,0.7831361844100698,0.0004047763610605141
power,KFC_v2,iterative,0.7832878374279648,0.0004047763610605141
power,KFC_v2,iterative,0.7834394904458599,0.0004047763610605141
power,KFC_v2,iterative,0.7835911434637549,0.0004047763610605141
power,KFC_v2,iterative,0.78374279648165,0.0004047763610605141
power,KFC_v2,iterative,0.7838944494995451,0.0004047763610605141
power,KFC_v2,iterative,0.7840461025174401,0.0004047763610605141
power,KFC_v2,iterative,0.7841977555353352,0.0004047763610605141
power,KFC_v2,iterative,0.7843494085532302,0.0004047763610605141
power,KFC_v2,iterative,0.7845010615711253,0.0004047763610605141
power,KFC_v2,iterative,0.7846527145890203,0.0004047763610605141
power,KFC_v2,iterative,0.7848043676069154,0.0004047763610605141
power,KFC_v2,iterative,0.7849560206248105,0.0004047763610605141
power,KFC_v2,iterative,0.7851076736427055,0.0004047763610605141
power,KFC_v2,iterative,0.7852593266606006,0.0004047763610605141
power,KFC_v2,iterative,0.7854109796784956,0.0004047763610605141
power,KFC_v2,iterative,0.7855626326963907,0.0004047763610605141
power,KFC_v2,iterative,0.7857142857142857,0.0004047763610605141
power,KFC_v2,iterative,0.7858659387321808,0.0004047763610605141
power,KFC_v2,iterative,0.7860175917500759,0.0004047763610605141
power,KFC_v2,iterative,0.7861692447679709,0.0004047763610605141
power,KFC_v2,iterative,0.786320897785866,0.0004047763610605141
power,KFC_v2,iterative,0.786472550803761,0.0004047763610605141
power,KFC_v2,iterative,0.7866242038216561,0.0004047763610605141
power,KFC_v2,iterative,0.7867758568395511,0.0004047763610605141
power,KFC_v2,iterative,0.7869275098574462,0.0004047763610605141
power,KFC_v2,iterative,0.7870791628753413,0.0004047763610605141
power,KFC_v2,iterative,0.7872308158932363,0.0004047763610605141
power,KFC_v2,iterative,0.7873824689111314,0.0004047763610605141
power,KFC_v2,iterative,0.7875341219290264,0.0004047763610605141
power,KFC_v2,iterative,0.7876857749469215,0.0004047763610605141
power,KFC_v2,iterative,0.7878374279648165,0.0004047763610605141
power,KFC_v2,iterative,0.7879890809827116,0.0004047763610605141
power,KFC_v2,iterative,0.7881407340006067,0.0004047763610605141
power,KFC_v2,iterative,0.7882923870185017,0.0004047763610605141
power,KFC_v2,iterative,0.7884440400363968,0.0004047763610605141
power,KFC_v2,iterative,0.7885956930542918,0.0004047763610605141
power,KFC_v2,iterative,0.7887473460721869,0.0004047763610605141
power,KFC_v2,iterative,0.7888989990900819,0.0004047763610605141
power,KFC_v2,iterative,0.789050652107977,0.0004047763610605141
power,KFC_v2,iterative,0.7892023051258721,0.0004047763610605141
power,KFC_v2,iterative,0.7893539581437671,0.0004047763610605141
power,KFC_v2,iterative,0.7895056111616622,0.0004047763610605141
power,KFC_v2,iterative,0.7896572641795572,0.0004047763610605141
power,KFC_v2,iterative,0.7898089171974523,0.0004047763610605141
power,KFC_v2,iterative,0.7899605702153473,0.0004047763610605141
power,KFC_v2,iterative,0.7901122232332424,0.0004047763610605141
power,KFC_v2,iterative,0.7902638762511375,0.0004047763610605141
power,KFC_v2,iterative,0.7904155292690325,0.0004047763610605141
power,KFC_v2,iterative,0.7905671822869276,0.0004047763610605141
power,KFC_v2,iterative,0.7907188353048226,0.0004047763610605141
power,KFC_v2,iterative,0.7908704883227177,0.0004047763610605141
power,KFC_v2,iterative,0.7910221413406127,0.0004047763610605141
power,KFC_v2,iterative,0.7911737943585078,0.0004047763610605141
power,KFC_v2,iterative,0.7913254473764029,0.0004047763610605141
power,KFC_v2,iterative,0.7914771003942979,0.0004047763610605141
power,KFC_v2,iterative,0.791628753412193,0.0004047763610605141
power,KFC_v2,iterative,0.791780406430088,0.0004047763610605141
power,KFC_v2,iterative,0.7919320594479831,0.0004047763610605141
power,KFC_v2,iterative,0.792083712465878,0.0004047763610605141
power,KFC_v2,iterative,0.7922353654837732,0.0004047763610605141
power,KFC_v2,iterative,0.7923870185016683,0.0004047763610605141
power,KFC_v2,iterative,0.7925386715195633,0.0004047763610605141
power,KFC_v2,iterative,0.7926903245374584,0.0004047763610605141
power,KFC_v2,iterative,0.7928419775553533,0.0004047763610605141
power,KFC_v2,iterative,0.7929936305732485,0.0004047763610605141
power,KFC_v2,iterative,0.7931452835911434,0.0004047763610605141
power,KFC_v2,iterative,0.7932969366090385,0.0004047763610605141
power,KFC_v2,iterative,0.7934485896269337,0.0004047763610605141
power,KFC_v2,iterative,0.7936002426448286,0.0004047763610605141
power,KFC_v2,iterative,0.7937518956627237,0.0004047763610605141
power,KFC_v2,iterative,0.7939035486806187,0.0004047763610605141
power,KFC_v2,iterative,0.7940552016985138,0.0004047763610605141
power,KFC_v2,iterative,0.7942068547164088,0.0004047763610605141
power,KFC_v2,iterative,0.7943585077343039,0.0004047763610605141
power,KFC_v2,iterative,0.794510160752199,0.0004047763610605141
power,KFC_v2,iterative,0.794661813770094,0.0004047763610605141
power,KFC_v2,iterative,0.7948134667879891,0.0004047763610605141
power,KFC_v2,iterative,0.7949651198058841,0.0004047763610605141
power,KFC_v2,iterative,0.7951167728237792,0.0004047763610605141
power,KFC_v2,iterative,0.7952684258416742,0.0004047763610605141
power,KFC_v2,iterative,0.7954200788595693,0.0004047763610605141
power,KFC_v2,iterative,0.7955717318774644,0.0004047763610605141
power,KFC_v2,iterative,0.7957233848953594,0.0004047763610605141
power,KFC_v2,iterative,0.7958750379132545,0.0004047763610605141
power,KFC_v2,iterative,0.7960266909311495,0.0004047763610605141
power,KFC_v2,iterative,0.7961783439490446,0.0004047763610605141
power,KFC_v2,iterative,0.7963299969669396,0.0004047763610605141
power,KFC_v2,iterative,0.7964816499848347,0.0004047763610605141
power,KFC_v2,iterative,0.7966333030027298,0.0004047763610605141
power,KFC_v2,iterative,0.7967849560206248,0.0004047763610605141
power,KFC_v2,iterative,0.7969366090385199,0.0004047763610605141
power,KFC_v2,iterative,0.7970882620564149,0.0004047763610605141
power,KFC_v2,iterative,0.79723991507431,0.0004047763610605141
power,KFC_v2,iterative,0.797391568092205,0.0004047763610605141
power,KFC_v2,iterative,0.7975432211101001,0.0004047763610605141
power,KFC_v2,iterative,0.7976948741279952,0.0004047763610605141
power,KFC_v2,iterative,0.7978465271458902,0.0004047763610605141
power,KFC_v2,iterative,0.7979981801637853,0.0004047763610605141
power,KFC_v2,iterative,0.7981498331816803,0.0004047763610605141
power,KFC_v2,iterative,0.7983014861995754,0.0004047763610605141
power,KFC_v2,iterative,0.7984531392174704,0.0004047763610605141
power,KFC_v2,iterative,0.7986047922353655,0.0004047763610605141
power,KFC_v2,iterative,0.7987564452532606,0.0004047763610605141
power,KFC_v2,iterative,0.7989080982711556,0.0004047763610605141
power,KFC_v2,iterative,0.7990597512890507,0.0004047763610605141
power,KFC_v2,iterative,0.7992114043069457,0.0004047763610605141
power,KFC_v2,iterative,0.7993630573248408,0.0004047763610605141
power,KFC_v2,iterative,0.7995147103427358,0.0004047763610605141
power,KFC_v2,iterative,0.7996663633606309,0.0004047763610605141
power,KFC_v2,iterative,0.799818016378526,0.0004047763610605141
power,KFC_v2,iterative,0.799969669396421,0.0004047763610605141
power,KFC_v2,iterative,0.8001213224143161,0.0004047763610605141
power,KFC_v2,iterative,0.8002729754322111,0.0004047763610605141
power,KFC_v2,iterative,0.8004246284501062,0.0004047763610605141
power,KFC_v2,iterative,0.8005762814680012,0.0004047763610605141
power,KFC_v2,iterative,0.8007279344858963,0.0004047763610605141
power,KFC_v2,iterative,0.8008795875037914,0.0004047763610605141
power,KFC_v2,iterative,0.8010312405216864,0.0004047763610605141
power,KFC_v2,iterative,0.8011828935395815,0.0004047763610605141
power,KFC_v2,iterative,0.8013345465574765,0.0004047763610605141
power,KFC_v2,iterative,0.8014861995753716,0.0004047763610605141
power,KFC_v2,iterative,0.8016378525932666,0.0004047763610605141
power,KFC_v2,iterative,0.8017895056111617,0.0004047763610605141
power,KFC_v2,iterative,0.8019411586290568,0.0004047763610605141
power,KFC_v2,iterative,0.8020928116469518,0.0004047763610605141
power,KFC_v2,iterative,0.8022444646648469,0.0004047763610605141
power,KFC_v2,iterative,0.8023961176827419,0.0004047763610605141
power,KFC_v2,iterative,0.802547770700637,0.0004047763610605141
power,KFC_v2,iterative,0.802699423718532,0.0004047763610605141
power,KFC_v2,iterative,0.8028510767364271,0.0004047763610605141
power,KFC_v2,iterative,0.8030027297543222,0.0004047763610605141
power,KFC_v2,iterative,0.8031543827722172,0.0004047763610605141
power,KFC_v2,iterative,0.8033060357901123,0.0004047763610605141
power,KFC_v2,iterative,0.8034576888080073,0.0004047763610605141
power,KFC_v2,iterative,0.8036093418259024,0.0004047763610605141
power,KFC_v2,iterative,0.8037609948437974,0.0004047763610605141
power,KFC_v2,iterative,0.8039126478616925,0.0004047763610605141
power,KFC_v2,iterative,0.8040643008795876,0.0004047763610605141
power,KFC_v2,iterative,0.8042159538974826,0.0004047763610605141
power,KFC_v2,iterative,0.8043676069153777,0.0004047763610605141
power,KFC_v2,iterative,0.8045192599332727,0.0004047763610605141
power,KFC_v2,iterative,0.8046709129511678,0.0004047763610605141
power,KFC_v2,iterative,0.8048225659690628,0.0004047763610605141
power,KFC_v2,iterative,0.8049742189869579,0.0004047763610605141
power,KFC_v2,iterative,0.805125872004853,0.0004047763610605141
power,KFC_v2,iterative,0.805277525022748,0.0004047763610605141
power,KFC_v2,iterative,0.8054291780406431,0.0004047763610605141
power,KFC_v2,iterative,0.8055808310585381,0.0004047763610605141
power,KFC_v2,iterative,0.8057324840764332,0.0004047763610605141
power,KFC_v2,iterative,0.8058841370943282,0.0004047763610605141
power,KFC_v2,iterative,0.8060357901122233,0.0004047763610605141
power,KFC_v2,iterative,0.8061874431301184,0.0004047763610605141
power,KFC_v2,iterative,0.8063390961480134,0.0004047763610605141
power,KFC_v2,iterative,0.8064907491659085,0.0004047763610605141
power,KFC_v2,iterative,0.8066424021838035,0.0004047763610605141
power,KFC_v2,iterative,0.8067940552016986,0.0004047763610605141
power,KFC_v2,iterative,0.8069457082195935,0.0004047763610605141
power,KFC_v2,iterative,0.8070973612374887,0.0004047763610605141
power,KFC_v2,iterative,0.8072490142553838,0.0004047763610605141
power,KFC_v2,iterative,0.8074006672732787,0.0004047763610605141
power,KFC_v2,iterative,0.8075523202911739,0.0004047763610605141
power,KFC_v2,iterative,0.8077039733090688,0.0004047763610605141
power,KFC_v2,iterative,0.807855626326964,0.0004047763610605141
power,KFC_v2,iterative,0.8080072793448589,0.0004047763610605141
power,KFC_v2,iterative,0.808158932362754,0.0004047763610605141
power,KFC_v2,iterative,0.8083105853806491,0.0004047763610605141
power,KFC_v2,iterative,0.8084622383985441,0.0004047763610605141
power,KFC_v2,iterative,0.8086138914164392,0.0004047763610605141
power,KFC_v2,iterative,0.8087655444343342,0.0004047763610605141
power,KFC_v2,iterative,0.8089171974522293,0.0004047763610605141
power,KFC_v2,iterative,0.8090688504701243,0.0004047763610605141
power,KFC_v2,iterative,0.8092205034880194,0.0004047763610605141
power,KFC_v2,iterative,0.8093721565059145,0.0004047763610605141
power,KFC_v2,iterative,0.8095238095238095,0.0004047763610605141
power,KFC_v2,iterative,0.8096754625417046,0.0004047763610605141
power,KFC_v2,iterative,0.8098271155595996,0.0004047763610605141
power,KFC_v2,iterative,0.8099787685774947,0.0004047763610605141
power,KFC_v2,iterative,0.8101304215953897,0.0004047763610605141
power,KFC_v2,iterative,0.8102820746132848,0.0004047763610605141
power,KFC_v2,iterative,0.8104337276311799,0.0004047763610605141
power,KFC_v2,iterative,0.8105853806490749,0.0004047763610605141
power,KFC_v2,iterative,0.81073703366697,0.0004047763610605141
power,KFC_v2,iterative,0.810888686684865,0.0004047763610605141
power,KFC_v2,iterative,0.8110403397027601,0.0004047763610605141
power,KFC_v2,iterative,0.8111919927206551,0.0004047763610605141
power,KFC_v2,iterative,0.8113436457385502,0.0004047763610605141
power,KFC_v2,iterative,0.8114952987564453,0.0004047763610605141
power,KFC_v2,iterative,0.8116469517743403,0.0004047763610605141
power,KFC_v2,iterative,0.8117986047922354,0.0004047763610605141
power,KFC_v2,iterative,0.8119502578101304,0.0004047763610605141
power,KFC_v2,iterative,0.8121019108280255,0.0004047763610605141
power,KFC_v2,iterative,0.8122535638459205,0.0004047763610605141
power,KFC_v2,iterative,0.8124052168638156,0.0004047763610605141
power,KFC_v2,iterative,0.8125568698817107,0.0004047763610605141
power,KFC_v2,iterative,0.8127085228996057,0.0004047763610605141
power,KFC_v2,iterative,0.8128601759175008,0.0004047763610605141
power,KFC_v2,iterative,0.8130118289353958,0.0004047763610605141
power,KFC_v2,iterative,0.8131634819532909,0.0004047763610605141
power,KFC_v2,iterative,0.8133151349711859,0.0004047763610605141
power,KFC_v2,iterative,0.813466787989081,0.0004047763610605141
power,KFC_v2,iterative,0.8136184410069761,0.0004047763610605141
power,KFC_v2,iterative,0.8137700940248711,0.0004047763610605141
power,KFC_v2,iterative,0.8139217470427662,0.0004047763610605141
power,KFC_v2,iterative,0.8140734000606612,0.0004047763610605141
power,KFC_v2,iterative,0.8142250530785563,0.0004047763610605141
power,KFC_v2,iterative,0.8143767060964513,0.0004047763610605141
power,KFC_v2,iterative,0.8145283591143464,0.0004047763610605141
power,KFC_v2,iterative,0.8146800121322415,0.0004047763610605141
power,KFC_v2,iterative,0.8148316651501365,0.0004047763610605141
power,KFC_v2,iterative,0.8149833181680316,0.0004047763610605141
power,KFC_v2,iterative,0.8151349711859266,0.0004047763610605141
power,KFC_v2,iterative,0.8152866242038217,0.0004047763610605141
power,KFC_v2,iterative,0.8154382772217167,0.0004047763610605141
power,KFC_v2,iterative,0.8155899302396118,0.0004047763610605141
power,KFC_v2,iterative,0.8157415832575069,0.0004047763610605141
power,KFC_v2,iterative,0.8158932362754019,0.0004047763610605141
power,KFC_v2,iterative,0.816044889293297,0.0004047763610605141
power,KFC_v2,iterative,0.816196542311192,0.0004047763610605141
power,KFC_v2,iterative,0.8163481953290871,0.0004047763610605141
power,KFC_v2,iterative,0.8164998483469821,0.0004047763610605141
power,KFC_v2,iterative,0.8166515013648772,0.0004047763610605141
power,KFC_v2,iterative,0.8168031543827723,0.0004047763610605141
power,KFC_v2,iterative,0.8169548074006673,0.0004047763610605141
power,KFC_v2,iterative,0.8171064604185624,0.0004047763610605141
power,KFC_v2,iterative,0.8172581134364574,0.0004047763610605141
power,KFC_v2,iterative,0.8174097664543525,0.0004047763610605141
power,KFC_v2,iterative,0.8175614194722475,0.0004047763610605141
power,KFC_v2,iterative,0.8177130724901426,0.0004047763610605141
power,KFC_v2,iterative,0.8178647255080377,0.0004047763610605141
power,KFC_v2,iterative,0.8180163785259327,0.0004047763610605141
power,KFC_v2,iterative,0.8181680315438278,0.0004047763610605141
power,KFC_v2,iterative,0.8183196845617228,0.0004047763610605141
power,KFC_v2,iterative,0.8184713375796179,0.0004047763610605141
power,KFC_v2,iterative,0.8186229905975129,0.0004047763610605141
power,KFC_v2,iterative,0.818774643615408,0.0004047763610605141
power,KFC_v2,iterative,0.8189262966333031,0.0004047763610605141
power,KFC_v2,iterative,0.8190779496511981,0.0004047763610605141
power,KFC_v2,iterative,0.8192296026690932,0.0004047763610605141
power,KFC_v2,iterative,0.8193812556869882,0.0004047763610605141
power,KFC_v2,iterative,0.8195329087048833,0.0004047763610605141
power,KFC_v2,iterative,0.8196845617227783,0.0004047763610605141
power,KFC_v2,iterative,0.8198362147406734,0.0004047763610605141
power,KFC_v2,iterative,0.8199878677585685,0.0004047763610605141
power,KFC_v2,iterative,0.8201395207764635,0.0004047763610605141
power,KFC_v2,iterative,0.8202911737943586,0.0004047763610605141
power,KFC_v2,iterative,0.8204428268122536,0.0004047763610605141
power,KFC_v2,iterative,0.8205944798301487,0.0004047763610605141
power,KFC_v2,iterative,0.8207461328480437,0.0004047763610605141
power,KFC_v2,iterative,0.8208977858659388,0.0004047763610605141
power,KFC_v2,iterative,0.8210494388838339,0.0004047763610605141
power,KFC_v2,iterative,0.8212010919017289,0.0004047763610605141
power,KFC_v2,iterative,0.821352744919624,0.0004047763610605141
power,KFC_v2,iterative,0.821504397937519,0.0004047763610605141
power,KFC_v2,iterative,0.821656050955414,0.0004047763610605141
power,KFC_v2,iterative,0.821807703973309,0.0004047763610605141
power,KFC_v2,iterative,0.8219593569912041,0.0004047763610605141
power,KFC_v2,iterative,0.8221110100090993,0.0004047763610605141
power,KFC_v2,iterative,0.8222626630269942,0.0004047763610605141
power,KFC_v2,iterative,0.8224143160448893,0.0004047763610605141
power,KFC_v2,iterative,0.8225659690627843,0.0004047763610605141
power,KFC_v2,iterative,0.8227176220806794,0.0004047763610605141
power,KFC_v2,iterative,0.8228692750985744,0.0004047763610605141
power,KFC_v2,iterative,0.8230209281164695,0.0004047763610605141
power,KFC_v2,iterative,0.8231725811343646,0.0004047763610605141
power,KFC_v2,iterative,0.8233242341522596,0.0004047763610605141
power,KFC_v2,iterative,0.8234758871701547,0.0004047763610605141
power,KFC_v2,iterative,0.8236275401880497,0.0004047763610605141
power,KFC_v2,iterative,0.8237791932059448,0.0004047763610605141
power,KFC_v2,iterative,0.8239308462238398,0.0004047763610605141
power,KFC_v2,iterative,0.8240824992417349,0.0004047763610605141
power,KFC_v2,iterative,0.82423415225963,0.0004047763610605141
power,KFC_v2,iterative,0.824385805277525,0.0004047763610605141
power,KFC_v2,iterative,0.8245374582954201,0.0004047763610605141
power,KFC_v2,iterative,0.8246891113133151,0.0004047763610605141
power,KFC_v2,iterative,0.8248407643312102,0.0004047763610605141
power,KFC_v2,iterative,0.8249924173491052,0.0004047763610605141
power,KFC_v2,iterative,0.8251440703670003,0.0004047763610605141
power,KFC_v2,iterative,0.8252957233848954,0.0004047763610605141
power,KFC_v2,iterative,0.8254473764027904,0.0004047763610605141
power,KFC_v2,iterative,0.8255990294206855,0.0004047763610605141
power,KFC_v2,iterative,0.8257506824385805,0.0004047763610605141
power,KFC_v2,iterative,0.8259023354564756,0.0004047763610605141
power,KFC_v2,iterative,0.8260539884743706,0.0004047763610605141
power,KFC_v2,iterative,0.8262056414922657,0.0004047763610605141
power,KFC_v2,iterative,0.8263572945101608,0.0004047763610605141
power,KFC_v2,iterative,0.8265089475280558,0.0004047763610605141
power,KFC_v2,iterative,0.8266606005459509,0.0004047763610605141
power,KFC_v2,iterative,0.8268122535638459,0.0004047763610605141
power,KFC_v2,iterative,0.826963906581741,0.0004047763610605141
power,KFC_v2,iterative,0.827115559599636,0.0004047763610605141
power,KFC_v2,iterative,0.8272672126175311,0.0004047763610605141
power,KFC_v2,iterative,0.8274188656354262,0.0004047763610605141
power,KFC_v2,iterative,0.8275705186533212,0.0004047763610605141
power,KFC_v2,iterative,0.8277221716712163,0.0004047763610605141
power,KFC_v2,iterative,0.8278738246891113,0.0004047763610605141
power,KFC_v2,iterative,0.8280254777070064,0.0004047763610605141
power,KFC_v2,iterative,0.8281771307249014,0.0004047763610605141
power,KFC_v2,iterative,0.8283287837427965,0.0004047763610605141
power,KFC_v2,iterative,0.8284804367606916,0.0004047763610605141
power,KFC_v2,iterative,0.8286320897785866,0.0004047763610605141
power,KFC_v2,iterative,0.8287837427964817,0.0004047763610605141
power,KFC_v2,iterative,0.8289353958143767,0.0004047763610605141
power,KFC_v2,iterative,0.8290870488322718,0.0004047763610605141
power,KFC_v2,iterative,0.8292387018501668,0.0004047763610605141
power,KFC_v2,iterative,0.8293903548680619,0.0004047763610605141
power,KFC_v2,iterative,0.829542007885957,0.0004047763610605141
power,KFC_v2,iterative,0.829693660903852,0.0004047763610605141
power,KFC_v2,iterative,0.8298453139217471,0.0004047763610605141
power,KFC_v2,iterative,0.8299969669396421,0.0004047763610605141
power,KFC_v2,iterative,0.8301486199575372,0.0004047763610605141
power,KFC_v2,iterative,0.8303002729754322,0.0004047763610605141
power,KFC_v2,iterative,0.8304519259933273,0.0004047763610605141
power,KFC_v2,iterative,0.8306035790112224,0.0004047763610605141
power,KFC_v2,iterative,0.8307552320291174,0.0004047763610605141
power,KFC_v2,iterative,0.8309068850470125,0.0004047763610605141
power,KFC_v2,iterative,0.8310585380649075,0.0004047763610605141
power,KFC_v2,iterative,0.8312101910828026,0.0004047763610605141
power,KFC_v2,iterative,0.8313618441006976,0.0004047763610605141
power,KFC_v2,iterative,0.8315134971185927,0.0004047763610605141
power,KFC_v2,iterative,0.8316651501364878,0.0004047763610605141
power,KFC_v2,iterative,0.8318168031543828,0.0004047763610605141
power,KFC_v2,iterative,0.8319684561722779,0.0004047763610605141
power,KFC_v2,iterative,0.8321201091901729,0.0004047763610605141
power,KFC_v2,iterative,0.832271762208068,0.0004047763610605141
power,KFC_v2,iterative,0.832423415225963,0.0004047763610605141
power,KFC_v2,iterative,0.8325750682438581,0.0004047763610605141
power,KFC_v2,iterative,0.8327267212617532,0.0004047763610605141
power,KFC_v2,iterative,0.8328783742796482,0.0004047763610605141
power,KFC_v2,iterative,0.8330300272975433,0.0004047763610605141
power,KFC_v2,iterative,0.8331816803154383,0.0004047763610605141
power,KFC_v2,iterative,0.8333333333333334,0.0004047763610605141
power,KFC_v2,iterative,0.8334849863512284,0.0004047763610605141
power,KFC_v2,iterative,0.8336366393691235,0.0004047763610605141
power,KFC_v2,iterative,0.8337882923870186,0.0004047763610605141
power,KFC_v2,iterative,0.8339399454049136,0.0004047763610605141
power,KFC_v2,iterative,0.8340915984228087,0.0004047763610605141
power,KFC_v2,iterative,0.8342432514407037,0.0004047763610605141
power,KFC_v2,iterative,0.8343949044585988,0.0004047763610605141
power,KFC_v2,iterative,0.8345465574764938,0.0004047763610605141
power,KFC_v2,iterative,0.8346982104943889,0.0004047763610605141
power,KFC_v2,iterative,0.834849863512284,0.0004047763610605141
power,KFC_v2,iterative,0.835001516530179,0.0004047763610605141
power,KFC_v2,iterative,0.8351531695480741,0.0004047763610605141
power,KFC_v2,iterative,0.835304822565969,0.0004047763610605141
power,KFC_v2,iterative,0.8354564755838642,0.0004047763610605141
power,KFC_v2,iterative,0.8356081286017591,0.0004047763610605141
power,KFC_v2,iterative,0.8357597816196543,0.0004047763610605141
power,KFC_v2,iterative,0.8359114346375494,0.0004047763610605141
power,KFC_v2,iterative,0.8360630876554443,0.0004047763610605141
power,KFC_v2,iterative,0.8362147406733395,0.0004047763610605141
power,KFC_v2,iterative,0.8363663936912344,0.0004047763610605141
power,KFC_v2,iterative,0.8365180467091295,0.0004047763610605141
power,KFC_v2,iterative,0.8366696997270245,0.0004047763610605141
power,KFC_v2,iterative,0.8368213527449196,0.0004047763610605141
power,KFC_v2,iterative,0.8369730057628147,0.0004047763610605141
power,KFC_v2,iterative,0.8371246587807097,0.0004047763610605141
power,KFC_v2,iterative,0.8372763117986048,0.0004047763610605141
power,KFC_v2,iterative,0.8374279648164998,0.0004047763610605141
power,KFC_v2,iterative,0.8375796178343949,0.0004047763610605141
power,KFC_v2,iterative,0.8377312708522899,0.0004047763610605141
power,KFC_v2,iterative,0.837882923870185,0.0004047763610605141
power,KFC_v2,iterative,0.8380345768880801,0.0004047763610605141
power,KFC_v2,iterative,0.8381862299059751,0.0004047763610605141
power,KFC_v2,iterative,0.8383378829238702,0.0004047763610605141
power,KFC_v2,iterative,0.8384895359417652,0.0004047763610605141
power,KFC_v2,iterative,0.8386411889596603,0.0004047763610605141
power,KFC_v2,iterative,0.8387928419775554,0.0004047763610605141
power,KFC_v2,iterative,0.8389444949954504,0.0004047763610605141
power,KFC_v2,iterative,0.8390961480133455,0.0004047763610605141
power,KFC_v2,iterative,0.8392478010312405,0.0004047763610605141
power,KFC_v2,iterative,0.8393994540491356,0.0004047763610605141
power,KFC_v2,iterative,0.8395511070670306,0.0004047763610605141
power,KFC_v2,iterative,0.8397027600849257,0.0004047763610605141
power,KFC_v2,iterative,0.8398544131028208,0.0004047763610605141
power,KFC_v2,iterative,0.8400060661207158,0.0004047763610605141
power,KFC_v2,iterative,0.8401577191386109,0.0004047763610605141
power,KFC_v2,iterative,0.8403093721565059,0.0004047763610605141
power,KFC_v2,iterative,0.840461025174401,0.0004047763610605141
power,KFC_v2,iterative,0.840612678192296,0.0004047763610605141
power,KFC_v2,iterative,0.8407643312101911,0.0004047763610605141
power,KFC_v2,iterative,0.8409159842280862,0.0004047763610605141
power,KFC_v2,iterative,0.8410676372459812,0.0004047763610605141
power,KFC_v2,iterative,0.8412192902638763,0.0004047763610605141
power,KFC_v2,iterative,0.8413709432817713,0.0004047763610605141
power,KFC_v2,iterative,0.8415225962996664,0.0004047763610605141
power,KFC_v2,iterative,0.8416742493175614,0.0004047763610605141
power,KFC_v2,iterative,0.8418259023354565,0.0004047763610605141
power,KFC_v2,iterative,0.8419775553533516,0.0004047763610605141
power,KFC_v2,iterative,0.8421292083712466,0.0004047763610605141
power,KFC_v2,iterative,0.8422808613891417,0.0004047763610605141
power,KFC_v2,iterative,0.8424325144070367,0.0004047763610605141
power,KFC_v2,iterative,0.8425841674249318,0.0004047763610605141
power,KFC_v2,iterative,0.8427358204428268,0.0004047763610605141
power,KFC_v2,iterative,0.8428874734607219,0.0004047763610605141
power,KFC_v2,iterative,0.843039126478617,0.0004047763610605141
power,KFC_v2,iterative,0.843190779496512,0.0004047763610605141
power,KFC_v2,iterative,0.8433424325144071,0.0004047763610605141
power,KFC_v2,iterative,0.8434940855323021,0.0004047763610605141
power,KFC_v2,iterative,0.8436457385501972,0.0004047763610605141
power,KFC_v2,iterative,0.8437973915680922,0.0004047763610605141
power,KFC_v2,iterative,0.8439490445859873,0.0004047763610605141
power,KFC_v2,iterative,0.8441006976038824,0.0004047763610605141
power,KFC_v2,iterative,0.8442523506217774,0.0004047763610605141
power,KFC_v2,iterative,0.8444040036396725,0.0004047763610605141
power,KFC_v2,iterative,0.8445556566575675,0.0004047763610605141
power,KFC_v2,iterative,0.8447073096754626,0.0004047763610605141
power,KFC_v2,iterative,0.8448589626933576,0.0004047763610605141
power,KFC_v2,iterative,0.8450106157112527,0.0004047763610605141
power,KFC_v2,iterative,0.8451622687291478,0.0004047763610605141
power,KFC_v2,iterative,0.8453139217470428,0.0004047763610605141
power,KFC_v2,iterative,0.8454655747649379,0.0004047763610605141
power,KFC_v2,iterative,0.8456172277828329,0.0004047763610605141
power,KFC_v2,iterative,0.845768880800728,0.0004047763610605141
power,KFC_v2,iterative,0.845920533818623,0.0004047763610605141
power,KFC_v2,iterative,0.8460721868365181,0.0004047763610605141
power,KFC_v2,iterative,0.8462238398544132,0.0004047763610605141
power,KFC_v2,iterative,0.8463754928723082,0.0004047763610605141
power,KFC_v2,iterative,0.8465271458902033,0.0004047763610605141
power,KFC_v2,iterative,0.8466787989080983,0.0004047763610605141
power,KFC_v2,iterative,0.8468304519259934,0.0004047763610605141
power,KFC_v2,iterative,0.8469821049438884,0.0004047763610605141
power,KFC_v2,iterative,0.8471337579617835,0.0004047763610605141
power,KFC_v2,iterative,0.8472854109796786,0.0004047763610605141
power,KFC_v2,iterative,0.8474370639975736,0.0004047763610605141
power,KFC_v2,iterative,0.8475887170154687,0.0004047763610605141
power,KFC_v2,iterative,0.8477403700333637,0.0004047763610605141
power,KFC_v2,iterative,0.8478920230512588,0.0004047763610605141
power,KFC_v2,iterative,0.8480436760691538,0.0004047763610605141
power,KFC_v2,iterative,0.8481953290870489,0.0004047763610605141
power,KFC_v2,iterative,0.848346982104944,0.0004047763610605141
power,KFC_v2,iterative,0.848498635122839,0.0004047763610605141
power,KFC_v2,iterative,0.8486502881407341,0.0004047763610605141
power,KFC_v2,iterative,0.8488019411586291,0.0004047763610605141
power,KFC_v2,iterative,0.8489535941765242,0.0004047763610605141
power,KFC_v2,iterative,0.8491052471944192,0.0004047763610605141
power,KFC_v2,iterative,0.8492569002123143,0.0004047763610605141
power,KFC_v2,iterative,0.8494085532302094,0.0004047763610605141
power,KFC_v2,iterative,0.8495602062481044,0.0004047763610605141
power,KFC_v2,iterative,0.8497118592659995,0.0004047763610605141
power,KFC_v2,iterative,0.8498635122838945,0.0004047763610605141
power,KFC_v2,iterative,0.8500151653017896,0.0004047763610605141
power,KFC_v2,iterative,0.8501668183196845,0.0004047763610605141
power,KFC_v2,iterative,0.8503184713375797,0.0004047763610605141
power,KFC_v2,iterative,0.8504701243554748,0.0004047763610605141
power,KFC_v2,iterative,0.8506217773733697,0.0004047763610605141
power,KFC_v2,iterative,0.8507734303912649,0.0004047763610605141
power,KFC_v2,iterative,0.8509250834091598,0.0004047763610605141
power,KFC_v2,iterative,0.851076736427055,0.0004047763610605141
power,KFC_v2,iterative,0.8512283894449499,0.0004047763610605141
power,KFC_v2,iterative,0.851380042462845,0.0004047763610605141
power,KFC_v2,iterative,0.8515316954807401,0.0004047763610605141
power,KFC_v2,iterative,0.8516833484986351,0.0004047763610605141
power,KFC_v2,iterative,0.8518350015165302,0.0004047763610605141
power,KFC_v2,iterative,0.8519866545344252,0.0004047763610605141
power,KFC_v2,iterative,0.8521383075523203,0.0004047763610605141
power,KFC_v2,iterative,0.8522899605702153,0.0004047763610605141
power,KFC_v2,iterative,0.8524416135881104,0.0004047763610605141
power,KFC_v2,iterative,0.8525932666060055,0.0004047763610605141
power,KFC_v2,iterative,0.8527449196239005,0.0004047763610605141
power,KFC_v2,iterative,0.8528965726417956,0.0004047763610605141
power,KFC_v2,iterative,0.8530482256596906,0.0004047763610605141
power,KFC_v2,iterative,0.8531998786775857,0.0004047763610605141
power,KFC_v2,iterative,0.8533515316954807,0.0004047763610605141
power,KFC_v2,iterative,0.8535031847133758,0.0004047763610605141
power,KFC_v2,iterative,0.8536548377312709,0.0004047763610605141
power,KFC_v2,iterative,0.8538064907491659,0.0004047763610605141
power,KFC_v2,iterative,0.853958143767061,0.0004047763610605141
power,KFC_v2,iterative,0.854109796784956,0.0004047763610605141
power,KFC_v2,iterative,0.8542614498028511,0.0004047763610605141
power,KFC_v2,iterative,0.8544131028207461,0.0004047763610605141
power,KFC_v2,iterative,0.8545647558386412,0.0004047763610605141
power,KFC_v2,iterative,0.8547164088565363,0.0004047763610605141
power,KFC_v2,iterative,0.8548680618744313,0.0004047763610605141
power,KFC_v2,iterative,0.8550197148923264,0.0004047763610605141
power,KFC_v2,iterative,0.8551713679102214,0.0004047763610605141
power,KFC_v2,iterative,0.8553230209281165,0.0004047763610605141
power,KFC_v2,iterative,0.8554746739460115,0.0004047763610605141
power,KFC_v2,iterative,0.8556263269639066,0.0004047763610605141
power,KFC_v2,iterative,0.8557779799818017,0.0004047763610605141
power,KFC_v2,iterative,0.8559296329996967,0.0004047763610605141
power,KFC_v2,iterative,0.8560812860175918,0.0004047763610605141
power,KFC_v2,iterative,0.8562329390354868,0.0004047763610605141
power,KFC_v2,iterative,0.8563845920533819,0.0004047763610605141
power,KFC_v2,iterative,0.8565362450712769,0.0004047763610605141
power,KFC_v2,iterative,0.856687898089172,0.0004047763610605141
power,KFC_v2,iterative,0.8568395511070671,0.0004047763610605141
power,KFC_v2,iterative,0.8569912041249621,0.0004047763610605141
power,KFC_v2,iterative,0.8571428571428572,0.0004047763610605141
power,KFC_v2,iterative,0.8572945101607522,0.0004047763610605141
power,KFC_v2,iterative,0.8574461631786473,0.0004047763610605141
power,KFC_v2,iterative,0.8575978161965423,0.0004047763610605141
power,KFC_v2,iterative,0.8577494692144374,0.0004047763610605141
power,KFC_v2,iterative,0.8579011222323325,0.0004047763610605141
power,KFC_v2,iterative,0.8580527752502275,0.0004047763610605141
power,KFC_v2,iterative,0.8582044282681226,0.0004047763610605141
power,KFC_v2,iterative,0.8583560812860176,0.0004047763610605141
power,KFC_v2,iterative,0.8585077343039127,0.0004047763610605141
power,KFC_v2,iterative,0.8586593873218077,0.0004047763610605141
power,KFC_v2,iterative,0.8588110403397028,0.0004047763610605141
power,KFC_v2,iterative,0.8589626933575979,0.0004047763610605141
power,KFC_v2,iterative,0.8591143463754929,0.0004047763610605141
power,KFC_v2,iterative,0.859265999393388,0.0004047763610605141
power,KFC_v2,iterative,0.859417652411283,0.0004047763610605141
power,KFC_v2,iterative,0.8595693054291781,0.0004047763610605141
power,KFC_v2,iterative,0.8597209584470731,0.0004047763610605141
power,KFC_v2,iterative,0.8598726114649682,0.0004047763610605141
power,KFC_v2,iterative,0.8600242644828633,0.0004047763610605141
power,KFC_v2,iterative,0.8601759175007583,0.0004047763610605141
power,KFC_v2,iterative,0.8603275705186534,0.0004047763610605141
power,KFC_v2,iterative,0.8604792235365484,0.0004047763610605141
power,KFC_v2,iterative,0.8606308765544435,0.0004047763610605141
power,KFC_v2,iterative,0.8607825295723385,0.0004047763610605141
power,KFC_v2,iterative,0.8609341825902336,0.0004047763610605141
power,KFC_v2,iterative,0.8610858356081287,0.0004047763610605141
power,KFC_v2,iterative,0.8612374886260237,0.0004047763610605141
power,KFC_v2,iterative,0.8613891416439188,0.0004047763610605141
power,KFC_v2,iterative,0.8615407946618138,0.0004047763610605141
power,KFC_v2,iterative,0.8616924476797089,0.0004047763610605141
power,KFC_v2,iterative,0.8618441006976039,0.0004047763610605141
power,KFC_v2,iterative,0.861995753715499,0.0004047763610605141
power,KFC_v2,iterative,0.8621474067333941,0.0004047763610605141
power,KFC_v2,iterative,0.8622990597512891,0.0004047763610605141
power,KFC_v2,iterative,0.8624507127691842,0.0004047763610605141
power,KFC_v2,iterative,0.8626023657870792,0.0004047763610605141
power,KFC_v2,iterative,0.8627540188049743,0.0004047763610605141
power,KFC_v2,iterative,0.8629056718228693,0.0004047763610605141
power,KFC_v2,iterative,0.8630573248407644,0.0004047763610605141
power,KFC_v2,iterative,0.8632089778586595,0.0004047763610605141
power,KFC_v2,iterative,0.8633606308765545,0.0004047763610605141
power,KFC_v2,iterative,0.8635122838944496,0.0004047763610605141
power,KFC_v2,iterative,0.8636639369123446,0.0004047763610605141
power,KFC_v2,iterative,0.8638155899302397,0.0004047763610605141
power,KFC_v2,iterative,0.8639672429481347,0.0004047763610605141
power,KFC_v2,iterative,0.8641188959660298,0.0004047763610605141
power,KFC_v2,iterative,0.8642705489839249,0.0004047763610605141
power,KFC_v2,iterative,0.8644222020018199,0.0004047763610605141
power,KFC_v2,iterative,0.864573855019715,0.0004047763610605141
power,KFC_v2,iterative,0.86472550803761,0.0004047763610605141
power,KFC_v2,iterative,0.864877161055505,0.0004047763610605141
power,KFC_v2,iterative,0.8650288140734,0.0004047763610605141
power,KFC_v2,iterative,0.8651804670912951,0.0004047763610605141
power,KFC_v2,iterative,0.8653321201091903,0.0004047763610605141
power,KFC_v2,iterative,0.8654837731270852,0.0004047763610605141
power,KFC_v2,iterative,0.8656354261449803,0.0004047763610605141
power,KFC_v2,iterative,0.8657870791628753,0.0004047763610605141
power,KFC_v2,iterative,0.8659387321807704,0.0004047763610605141
power,KFC_v2,iterative,0.8660903851986654,0.0004047763610605141
power,KFC_v2,iterative,0.8662420382165605,0.0004047763610605141
power,KFC_v2,iterative,0.8663936912344556,0.0004047763610605141
power,KFC_v2,iterative,0.8665453442523506,0.0004047763610605141
power,KFC_v2,iterative,0.8666969972702457,0.0004047763610605141
power,KFC_v2,iterative,0.8668486502881407,0.0004047763610605141
power,KFC_v2,iterative,0.8670003033060358,0.0004047763610605141
power,KFC_v2,iterative,0.8671519563239308,0.0004047763610605141
power,KFC_v2,iterative,0.8673036093418259,0.0004047763610605141
power,KFC_v2,iterative,0.867455262359721,0.0004047763610605141
power,KFC_v2,iterative,0.867606915377616,0.0004047763610605141
power,KFC_v2,iterative,0.8677585683955111,0.0004047763610605141
power,KFC_v2,iterative,0.8679102214134061,0.0004047763610605141
power,KFC_v2,iterative,0.8680618744313012,0.0004047763610605141
power,KFC_v2,iterative,0.8682135274491962,0.0004047763610605141
power,KFC_v2,iterative,0.8683651804670913,0.0004047763610605141
power,KFC_v2,iterative,0.8685168334849864,0.0004047763610605141
power,KFC_v2,iterative,0.8686684865028814,0.0004047763610605141
power,KFC_v2,iterative,0.8688201395207765,0.0004047763610605141
power,KFC_v2,iterative,0.8689717925386715,0.0004047763610605141
power,KFC_v2,iterative,0.8691234455565666,0.0004047763610605141
power,KFC_v2,iterative,0.8692750985744616,0.0004047763610605141
power,KFC_v2,iterative,0.8694267515923567,0.0004047763610605141
power,KFC_v2,iterative,0.8695784046102518,0.0004047763610605141
power,KFC_v2,iterative,0.8697300576281468,0.0004047763610605141
power,KFC_v2,iterative,0.8698817106460419,0.0004047763610605141
power,KFC_v2,iterative,0.8700333636639369,0.0004047763610605141
power,KFC_v2,iterative,0.870185016681832,0.0004047763610605141
power,KFC_v2,iterative,0.870336669699727,0.0004047763610605141
power,KFC_v2,iterative,0.8704883227176221,0.0004047763610605141
power,KFC_v2,iterative,0.8706399757355172,0.0004047763610605141
power,KFC_v2,iterative,0.8707916287534122,0.0004047763610605141
power,KFC_v2,iterative,0.8709432817713073,0.0004047763610605141
power,KFC_v2,iterative,0.8710949347892023,0.0004047763610605141
power,KFC_v2,iterative,0.8712465878070974,0.0004047763610605141
power,KFC_v2,iterative,0.8713982408249924,0.0004047763610605141
power,KFC_v2,iterative,0.8715498938428875,0.0004047763610605141
power,KFC_v2,iterative,0.8717015468607826,0.0004047763610605141
power,KFC_v2,iterative,0.8718531998786776,0.0004047763610605141
power,KFC_v2,iterative,0.8720048528965727,0.0004047763610605141
power,KFC_v2,iterative,0.8721565059144677,0.0004047763610605141
power,KFC_v2,iterative,0.8723081589323628,0.0004047763610605141
power,KFC_v2,iterative,0.8724598119502578,0.0004047763610605141
power,KFC_v2,iterative,0.8726114649681529,0.0004047763610605141
power,KFC_v2,iterative,0.872763117986048,0.0004047763610605141
power,KFC_v2,iterative,0.872914771003943,0.0004047763610605141
power,KFC_v2,iterative,0.8730664240218381,0.0004047763610605141
power,KFC_v2,iterative,0.8732180770397331,0.0004047763610605141
power,KFC_v2,iterative,0.8733697300576282,0.0004047763610605141
power,KFC_v2,iterative,0.8735213830755232,0.0004047763610605141
power,KFC_v2,iterative,0.8736730360934183,0.0004047763610605141
power,KFC_v2,iterative,0.8738246891113134,0.0004047763610605141
power,KFC_v2,iterative,0.8739763421292084,0.0004047763610605141
power,KFC_v2,iterative,0.8741279951471035,0.0004047763610605141
power,KFC_v2,iterative,0.8742796481649985,0.0004047763610605141
power,KFC_v2,iterative,0.8744313011828936,0.0004047763610605141
power,KFC_v2,iterative,0.8745829542007886,0.0004047763610605141
power,KFC_v2,iterative,0.8747346072186837,0.0004047763610605141
power,KFC_v2,iterative,0.8748862602365788,0.0004047763610605141
power,KFC_v2,iterative,0.8750379132544738,0.0004047763610605141
power,KFC_v2,iterative,0.8751895662723689,0.0004047763610605141
power,KFC_v2,iterative,0.8753412192902639,0.0004047763610605141
power,KFC_v2,iterative,0.875492872308159,0.0004047763610605141
power,KFC_v2,iterative,0.875644525326054,0.0004047763610605141
power,KFC_v2,iterative,0.8757961783439491,0.0004047763610605141
power,KFC_v2,iterative,0.8759478313618442,0.0004047763610605141
power,KFC_v2,iterative,0.8760994843797392,0.0004047763610605141
power,KFC_v2,iterative,0.8762511373976343,0.0004047763610605141
power,KFC_v2,iterative,0.8764027904155293,0.0004047763610605141
power,KFC_v2,iterative,0.8765544434334244,0.0004047763610605141
power,KFC_v2,iterative,0.8767060964513194,0.0004047763610605141
power,KFC_v2,iterative,0.8768577494692145,0.0004047763610605141
power,KFC_v2,iterative,0.8770094024871096,0.0004047763610605141
power,KFC_v2,iterative,0.8771610555050046,0.0004047763610605141
power,KFC_v2,iterative,0.8773127085228997,0.0004047763610605141
power,KFC_v2,iterative,0.8774643615407947,0.0004047763610605141
power,KFC_v2,iterative,0.8776160145586898,0.0004047763610605141
power,KFC_v2,iterative,0.8777676675765848,0.0004047763610605141
power,KFC_v2,iterative,0.8779193205944799,0.0004047763610605141
power,KFC_v2,iterative,0.878070973612375,0.0004047763610605141
power,KFC_v2,iterative,0.87822262663027,0.0004047763610605141
power,KFC_v2,iterative,0.8783742796481651,0.0004047763610605141
power,KFC_v2,iterative,0.87852593266606,0.0004047763610605141
power,KFC_v2,iterative,0.8786775856839552,0.0004047763610605141
power,KFC_v2,iterative,0.8788292387018501,0.0004047763610605141
power,KFC_v2,iterative,0.8789808917197452,0.0004047763610605141
power,KFC_v2,iterative,0.8791325447376404,0.0004047763610605141
power,KFC_v2,iterative,0.8792841977555353,0.0004047763610605141
power,KFC_v2,iterative,0.8794358507734304,0.0004047763610605141
power,KFC_v2,iterative,0.8795875037913254,0.0004047763610605141
power,KFC_v2,iterative,0.8797391568092205,0.0004047763610605141
power,KFC_v2,iterative,0.8798908098271155,0.0004047763610605141
power,KFC_v2,iterative,0.8800424628450106,0.0004047763610605141
power,KFC_v2,iterative,0.8801941158629057,0.0004047763610605141
power,KFC_v2,iterative,0.8803457688808007,0.0004047763610605141
power,KFC_v2,iterative,0.8804974218986958,0.0004047763610605141
power,KFC_v2,iterative,0.8806490749165908,0.0004047763610605141
power,KFC_v2,iterative,0.8808007279344859,0.0004047763610605141
power,KFC_v2,iterative,0.8809523809523809,0.0004047763610605141
power,KFC_v2,iterative,0.881104033970276,0.0004047763610605141
power,KFC_v2,iterative,0.8812556869881711,0.0004047763610605141
power,KFC_v2,iterative,0.8814073400060661,0.0004047763610605141
power,KFC_v2,iterative,0.8815589930239612,0.0004047763610605141
power,KFC_v2,iterative,0.8817106460418562,0.0004047763610605141
power,KFC_v2,iterative,0.8818622990597513,0.0004047763610605141
power,KFC_v2,iterative,0.8820139520776463,0.0004047763610605141
power,KFC_v2,iterative,0.8821656050955414,0.0004047763610605141
power,KFC_v2,iterative,0.8823172581134365,0.0004047763610605141
power,KFC_v2,iterative,0.8824689111313315,0.0004047763610605141
power,KFC_v2,iterative,0.8826205641492266,0.0004047763610605141
power,KFC_v2,iterative,0.8827722171671216,0.0004047763610605141
power,KFC_v2,iterative,0.8829238701850167,0.0004047763610605141
power,KFC_v2,iterative,0.8830755232029117,0.0004047763610605141
power,KFC_v2,iterative,0.8832271762208068,0.0004047763610605141
power,KFC_v2,iterative,0.8833788292387019,0.0004047763610605141
power,KFC_v2,iterative,0.8835304822565969,0.0004047763610605141
power,KFC_v2,iterative,0.883682135274492,0.0004047763610605141
power,KFC_v2,iterative,0.883833788292387,0.0004047763610605141
power,KFC_v2,iterative,0.8839854413102821,0.0004047763610605141
power,KFC_v2,iterative,0.8841370943281771,0.0004047763610605141
power,KFC_v2,iterative,0.8842887473460722,0.0004047763610605141
power,KFC_v2,iterative,0.8844404003639673,0.0004047763610605141
power,KFC_v2,iterative,0.8845920533818623,0.0004047763610605141
power,KFC_v2,iterative,0.8847437063997574,0.0004047763610605141
power,KFC_v2,iterative,0.8848953594176524,0.0004047763610605141
power,KFC_v2,iterative,0.8850470124355475,0.0004047763610605141
power,KFC_v2,iterative,0.8851986654534425,0.0004047763610605141
power,KFC_v2,iterative,0.8853503184713376,0.0004047763610605141
power,KFC_v2,iterative,0.8855019714892327,0.0004047763610605141
power,KFC_v2,iterative,0.8856536245071277,0.0004047763610605141
power,KFC_v2,iterative,0.8858052775250228,0.0004047763610605141
power,KFC_v2,iterative,0.8859569305429178,0.0004047763610605141
power,KFC_v2,iterative,0.8861085835608129,0.0004047763610605141
power,KFC_v2,iterative,0.8862602365787079,0.0004047763610605141
power,KFC_v2,iterative,0.886411889596603,0.0004047763610605141
power,KFC_v2,iterative,0.8865635426144981,0.0004047763610605141
power,KFC_v2,iterative,0.8867151956323931,0.0004047763610605141
power,KFC_v2,iterative,0.8868668486502882,0.0004047763610605141
power,KFC_v2,iterative,0.8870185016681832,0.0004047763610605141
power,KFC_v2,iterative,0.8871701546860783,0.0004047763610605141
power,KFC_v2,iterative,0.8873218077039733,0.0004047763610605141
power,KFC_v2,iterative,0.8874734607218684,0.0004047763610605141
power,KFC_v2,iterative,0.8876251137397635,0.0004047763610605141
power,KFC_v2,iterative,0.8877767667576585,0.0004047763610605141
power,KFC_v2,iterative,0.8879284197755536,0.0004047763610605141
power,KFC_v2,iterative,0.8880800727934486,0.0004047763610605141
power,KFC_v2,iterative,0.8882317258113437,0.0004047763610605141
power,KFC_v2,iterative,0.8883833788292387,0.0004047763610605141
power,KFC_v2,iterative,0.8885350318471338,0.0004047763610605141
power,KFC_v2,iterative,0.8886866848650289,0.0004047763610605141
power,KFC_v2,iterative,0.8888383378829239,0.0004047763610605141
power,KFC_v2,iterative,0.888989990900819,0.0004047763610605141
power,KFC_v2,iterative,0.889141643918714,0.0004047763610605141
power,KFC_v2,iterative,0.8892932969366091,0.0004047763610605141
power,KFC_v2,iterative,0.8894449499545041,0.0004047763610605141
power,KFC_v2,iterative,0.8895966029723992,0.0004047763610605141
power,KFC_v2,iterative,0.8897482559902943,0.0004047763610605141
power,KFC_v2,iterative,0.8898999090081893,0.0004047763610605141
power,KFC_v2,iterative,0.8900515620260844,0.0004047763610605141
power,KFC_v2,iterative,0.8902032150439794,0.0004047763610605141
power,KFC_v2,iterative,0.8903548680618745,0.0004047763610605141
power,KFC_v2,iterative,0.8905065210797695,0.0004047763610605141
power,KFC_v2,iterative,0.8906581740976646,0.0004047763610605141
power,KFC_v2,iterative,0.8908098271155597,0.0004047763610605141
power,KFC_v2,iterative,0.8909614801334547,0.0004047763610605141
power,KFC_v2,iterative,0.8911131331513498,0.0004047763610605141
power,KFC_v2,iterative,0.8912647861692448,0.0004047763610605141
power,KFC_v2,iterative,0.8914164391871399,0.0004047763610605141
power,KFC_v2,iterative,0.8915680922050349,0.0004047763610605141
power,KFC_v2,iterative,0.89171974522293,0.0004047763610605141
power,KFC_v2,iterative,0.8918713982408251,0.0004047763610605141
power,KFC_v2,iterative,0.8920230512587201,0.0004047763610605141
power,KFC_v2,iterative,0.8921747042766152,0.0004047763610605141
power,KFC_v2,iterative,0.8923263572945102,0.0004047763610605141
power,KFC_v2,iterative,0.8924780103124053,0.0004047763610605141
power,KFC_v2,iterative,0.8926296633303002,0.0004047763610605141
power,KFC_v2,iterative,0.8927813163481954,0.0004047763610605141
power,KFC_v2,iterative,0.8929329693660905,0.0004047763610605141
power,KFC_v2,iterative,0.8930846223839854,0.0004047763610605141
power,KFC_v2,iterative,0.8932362754018806,0.0004047763610605141
power,KFC_v2,iterative,0.8933879284197755,0.0004047763610605141
power,KFC_v2,iterative,0.8935395814376706,0.0004047763610605141
power,KFC_v2,iterative,0.8936912344555656,0.0004047763610605141
power,KFC_v2,iterative,0.8938428874734607,0.0004047763610605141
power,KFC_v2,iterative,0.8939945404913558,0.0004047763610605141
power,KFC_v2,iterative,0.8941461935092508,0.0004047763610605141
power,KFC_v2,iterative,0.894297846527146,0.0004047763610605141
power,KFC_v2,iterative,0.8944494995450409,0.0004047763610605141
power,KFC_v2,iterative,0.894601152562936,0.0004047763610605141
power,KFC_v2,iterative,0.894752805580831,0.0004047763610605141
power,KFC_v2,iterative,0.8949044585987261,0.0004047763610605141
power,KFC_v2,iterative,0.8950561116166212,0.0004047763610605141
power,KFC_v2,iterative,0.8952077646345162,0.0004047763610605141
power,KFC_v2,iterative,0.8953594176524113,0.0004047763610605141
power,KFC_v2,iterative,0.8955110706703063,0.0004047763610605141
power,KFC_v2,iterative,0.8956627236882014,0.0004047763610605141
power,KFC_v2,iterative,0.8958143767060964,0.0004047763610605141
power,KFC_v2,iterative,0.8959660297239915,0.0004047763610605141
power,KFC_v2,iterative,0.8961176827418866,0.0004047763610605141
power,KFC_v2,iterative,0.8962693357597816,0.0004047763610605141
power,KFC_v2,iterative,0.8964209887776767,0.0004047763610605141
power,KFC_v2,iterative,0.8965726417955717,0.0004047763610605141
power,KFC_v2,iterative,0.8967242948134668,0.0004047763610605141
power,KFC_v2,iterative,0.8968759478313618,0.0004047763610605141
power,KFC_v2,iterative,0.8970276008492569,0.0004047763610605141
power,KFC_v2,iterative,0.897179253867152,0.0004047763610605141
power,KFC_v2,iterative,0.897330906885047,0.0004047763610605141
power,KFC_v2,iterative,0.8974825599029421,0.0004047763610605141
power,KFC_v2,iterative,0.8976342129208371,0.0004047763610605141
power,KFC_v2,iterative,0.8977858659387322,0.0004047763610605141
power,KFC_v2,iterative,0.8979375189566272,0.0004047763610605141
power,KFC_v2,iterative,0.8980891719745223,0.0004047763610605141
power,KFC_v2,iterative,0.8982408249924174,0.0004047763610605141
power,KFC_v2,iterative,0.8983924780103124,0.0004047763610605141
power,KFC_v2,iterative,0.8985441310282075,0.0004047763610605141
power,KFC_v2,iterative,0.8986957840461025,0.0004047763610605141
power,KFC_v2,iterative,0.8988474370639976,0.0004047763610605141
power,KFC_v2,iterative,0.8989990900818926,0.0004047763610605141
power,KFC_v2,iterative,0.8991507430997877,0.0004047763610605141
power,KFC_v2,iterative,0.8993023961176828,0.0004047763610605141
power,KFC_v2,iterative,0.8994540491355778,0.0004047763610605141
power,KFC_v2,iterative,0.8996057021534729,0.0004047763610605141
power,KFC_v2,iterative,0.8997573551713679,0.0004047763610605141
power,KFC_v2,iterative,0.899909008189263,0.0004047763610605141
power,KFC_v2,iterative,0.900060661207158,0.0004047763610605141
power,KFC_v2,iterative,0.9002123142250531,0.0004047763610605141
power,KFC_v2,iterative,0.9003639672429482,0.0004047763610605141
power,KFC_v2,iterative,0.9005156202608432,0.0004047763610605141
power,KFC_v2,iterative,0.9006672732787383,0.0004047763610605141
power,KFC_v2,iterative,0.9008189262966333,0.0004047763610605141
power,KFC_v2,iterative,0.9009705793145284,0.0004047763610605141
power,KFC_v2,iterative,0.9011222323324235,0.0004047763610605141
power,KFC_v2,iterative,0.9012738853503185,0.0004047763610605141
power,KFC_v2,iterative,0.9014255383682136,0.0004047763610605141
power,KFC_v2,iterative,0.9015771913861086,0.0004047763610605141
power,KFC_v2,iterative,0.9017288444040037,0.0004047763610605141
power,KFC_v2,iterative,0.9018804974218987,0.0004047763610605141
power,KFC_v2,iterative,0.9020321504397938,0.0004047763610605141
power,KFC_v2,iterative,0.9021838034576889,0.0004047763610605141
power,KFC_v2,iterative,0.9023354564755839,0.0004047763610605141
power,KFC_v2,iterative,0.902487109493479,0.0004047763610605141
power,KFC_v2,iterative,0.902638762511374,0.0004047763610605141
power,KFC_v2,iterative,0.9027904155292691,0.0004047763610605141
power,KFC_v2,iterative,0.9029420685471641,0.0004047763610605141
power,KFC_v2,iterative,0.9030937215650592,0.0004047763610605141
power,KFC_v2,iterative,0.9032453745829543,0.0004047763610605141
power,KFC_v2,iterative,0.9033970276008493,0.0004047763610605141
power,KFC_v2,iterative,0.9035486806187444,0.0004047763610605141
power,KFC_v2,iterative,0.9037003336366394,0.0004047763610605141
power,KFC_v2,iterative,0.9038519866545345,0.0004047763610605141
power,KFC_v2,iterative,0.9040036396724295,0.0004047763610605141
power,KFC_v2,iterative,0.9041552926903246,0.0004047763610605141
power,KFC_v2,iterative,0.9043069457082197,0.0004047763610605141
power,KFC_v2,iterative,0.9044585987261147,0.0004047763610605141
power,KFC_v2,iterative,0.9046102517440098,0.0004047763610605141
power,KFC_v2,iterative,0.9047619047619048,0.0004047763610605141
power,KFC_v2,iterative,0.9049135577797999,0.0004047763610605141
power,KFC_v2,iterative,0.9050652107976949,0.0004047763610605141
power,KFC_v2,iterative,0.90521686381559,0.0004047763610605141
power,KFC_v2,iterative,0.9053685168334851,0.0004047763610605141
power,KFC_v2,iterative,0.9055201698513801,0.0004047763610605141
power,KFC_v2,iterative,0.9056718228692752,0.0004047763610605141
power,KFC_v2,iterative,0.9058234758871702,0.0004047763610605141
power,KFC_v2,iterative,0.9059751289050653,0.0004047763610605141
power,KFC_v2,iterative,0.9061267819229603,0.0004047763610605141
power,KFC_v2,iterative,0.9062784349408554,0.0004047763610605141
power,KFC_v2,iterative,0.9064300879587505,0.0004047763610605141
power,KFC_v2,iterative,0.9065817409766455,0.0004047763610605141
power,KFC_v2,iterative,0.9067333939945406,0.0004047763610605141
power,KFC_v2,iterative,0.9068850470124356,0.0004047763610605141
power,KFC_v2,iterative,0.9070367000303307,0.0004047763610605141
power,KFC_v2,iterative,0.9071883530482256,0.0004047763610605141
power,KFC_v2,iterative,0.9073400060661208,0.0004047763610605141
power,KFC_v2,iterative,0.9074916590840159,0.0004047763610605141
power,KFC_v2,iterative,0.9076433121019108,0.0004047763610605141
power,KFC_v2,iterative,0.907794965119806,0.0004047763610605141
power,KFC_v2,iterative,0.907946618137701,0.0004047763610605141
power,KFC_v2,iterative,0.908098271155596,0.0004047763610605141
power,KFC_v2,iterative,0.908249924173491,0.0004047763610605141
power,KFC_v2,iterative,0.9084015771913861,0.0004047763610605141
power,KFC_v2,iterative,0.9085532302092812,0.0004047763610605141
power,KFC_v2,iterative,0.9087048832271762,0.0004047763610605141
power,KFC_v2,iterative,0.9088565362450713,0.0004047763610605141
power,KFC_v2,iterative,0.9090081892629663,0.0004047763610605141
power,KFC_v2,iterative,0.9091598422808614,0.0004047763610605141
power,KFC_v2,iterative,0.9093114952987564,0.0004047763610605141
power,KFC_v2,iterative,0.9094631483166515,0.0004047763610605141
power,KFC_v2,iterative,0.9096148013345466,0.0004047763610605141
power,KFC_v2,iterative,0.9097664543524416,0.0004047763610605141
power,KFC_v2,iterative,0.9099181073703367,0.0004047763610605141
power,KFC_v2,iterative,0.9100697603882317,0.0004047763610605141
power,KFC_v2,iterative,0.9102214134061268,0.0004047763610605141
power,KFC_v2,iterative,0.9103730664240218,0.0004047763610605141
power,KFC_v2,iterative,0.9105247194419169,0.0004047763610605141
power,KFC_v2,iterative,0.910676372459812,0.0004047763610605141
power,KFC_v2,iterative,0.910828025477707,0.0004047763610605141
power,KFC_v2,iterative,0.9109796784956021,0.0004047763610605141
power,KFC_v2,iterative,0.9111313315134971,0.0004047763610605141
power,KFC_v2,iterative,0.9112829845313922,0.0004047763610605141
power,KFC_v2,iterative,0.9114346375492872,0.0004047763610605141
power,KFC_v2,iterative,0.9115862905671823,0.0004047763610605141
power,KFC_v2,iterative,0.9117379435850774,0.0004047763610605141
power,KFC_v2,iterative,0.9118895966029724,0.0004047763610605141
power,KFC_v2,iterative,0.9120412496208675,0.0004047763610605141
power,KFC_v2,iterative,0.9121929026387625,0.0004047763610605141
power,KFC_v2,iterative,0.9123445556566576,0.0004047763610605141
power,KFC_v2,iterative,0.9124962086745526,0.0004047763610605141
power,KFC_v2,iterative,0.9126478616924477,0.0004047763610605141
power,KFC_v2,iterative,0.9127995147103428,0.0004047763610605141
power,KFC_v2,iterative,0.9129511677282378,0.0004047763610605141
power,KFC_v2,iterative,0.9131028207461329,0.0004047763610605141
power,KFC_v2,iterative,0.9132544737640279,0.0004047763610605141
power,KFC_v2,iterative,0.913406126781923,0.0004047763610605141
power,KFC_v2,iterative,0.913557779799818,0.0004047763610605141
power,KFC_v2,iterative,0.9137094328177131,0.0004047763610605141
power,KFC_v2,iterative,0.9138610858356082,0.0004047763610605141
power,KFC_v2,iterative,0.9140127388535032,0.0004047763610605141
power,KFC_v2,iterative,0.9141643918713983,0.0004047763610605141
power,KFC_v2,iterative,0.9143160448892933,0.0004047763610605141
power,KFC_v2,iterative,0.9144676979071884,0.0004047763610605141
power,KFC_v2,iterative,0.9146193509250834,0.0004047763610605141
power,KFC_v2,iterative,0.9147710039429785,0.0004047763610605141
power,KFC_v2,iterative,0.9149226569608736,0.0004047763610605141
power,KFC_v2,iterative,0.9150743099787686,0.0004047763610605141
power,KFC_v2,iterative,0.9152259629966637,0.0004047763610605141
power,KFC_v2,iterative,0.9153776160145587,0.0004047763610605141
power,KFC_v2,iterative,0.9155292690324538,0.0004047763610605141
power,KFC_v2,iterative,0.9156809220503488,0.0004047763610605141
power,KFC_v2,iterative,0.9158325750682439,0.0004047763610605141
power,KFC_v2,iterative,0.915984228086139,0.0004047763610605141
power,KFC_v2,iterative,0.916135881104034,0.0004047763610605141
power,KFC_v2,iterative,0.9162875341219291,0.0004047763610605141
power,KFC_v2,iterative,0.9164391871398241,0.0004047763610605141
power,KFC_v2,iterative,0.9165908401577192,0.0004047763610605141
power,KFC_v2,iterative,0.9167424931756142,0.0004047763610605141
power,KFC_v2,iterative,0.9168941461935093,0.0004047763610605141
power,KFC_v2,iterative,0.9170457992114044,0.0004047763610605141
power,KFC_v2,iterative,0.9171974522292994,0.0004047763610605141
power,KFC_v2,iterative,0.9173491052471945,0.0004047763610605141
power,KFC_v2,iterative,0.9175007582650895,0.0004047763610605141
power,KFC_v2,iterative,0.9176524112829846,0.0004047763610605141
power,KFC_v2,iterative,0.9178040643008796,0.0004047763610605141
power,KFC_v2,iterative,0.9179557173187747,0.0004047763610605141
power,KFC_v2,iterative,0.9181073703366698,0.0004047763610605141
power,KFC_v2,iterative,0.9182590233545648,0.0004047763610605141
power,KFC_v2,iterative,0.9184106763724599,0.0004047763610605141
power,KFC_v2,iterative,0.9185623293903549,0.0004047763610605141
power,KFC_v2,iterative,0.91871398240825,0.0004047763610605141
power,KFC_v2,iterative,0.918865635426145,0.0004047763610605141
power,KFC_v2,iterative,0.9190172884440401,0.0004047763610605141
power,KFC_v2,iterative,0.9191689414619352,0.0004047763610605141
power,KFC_v2,iterative,0.9193205944798302,0.0004047763610605141
power,KFC_v2,iterative,0.9194722474977253,0.0004047763610605141
power,KFC_v2,iterative,0.9196239005156203,0.0004047763610605141
power,KFC_v2,iterative,0.9197755535335154,0.0004047763610605141
power,KFC_v2,iterative,0.9199272065514104,0.0004047763610605141
power,KFC_v2,iterative,0.9200788595693055,0.0004047763610605141
power,KFC_v2,iterative,0.9202305125872006,0.0004047763610605141
power,KFC_v2,iterative,0.9203821656050956,0.0004047763610605141
power,KFC_v2,iterative,0.9205338186229907,0.0004047763610605141
power,KFC_v2,iterative,0.9206854716408857,0.0004047763610605141
power,KFC_v2,iterative,0.9208371246587808,0.0004047763610605141
power,KFC_v2,iterative,0.9209887776766758,0.0004047763610605141
power,KFC_v2,iterative,0.9211404306945709,0.0004047763610605141
power,KFC_v2,iterative,0.921292083712466,0.0004047763610605141
power,KFC_v2,iterative,0.921443736730361,0.0004047763610605141
power,KFC_v2,iterative,0.921595389748256,0.0004047763610605141
power,KFC_v2,iterative,0.921747042766151,0.0004047763610605141
power,KFC_v2,iterative,0.9218986957840462,0.0004047763610605141
power,KFC_v2,iterative,0.9220503488019411,0.0004047763610605141
power,KFC_v2,iterative,0.9222020018198362,0.0004047763610605141
power,KFC_v2,iterative,0.9223536548377314,0.0004047763610605141
power,KFC_v2,iterative,0.9225053078556263,0.0004047763610605141
power,KFC_v2,iterative,0.9226569608735214,0.0004047763610605141
power,KFC_v2,iterative,0.9228086138914164,0.0004047763610605141
power,KFC_v2,iterative,0.9229602669093115,0.0004047763610605141
power,KFC_v2,iterative,0.9231119199272065,0.0004047763610605141
power,KFC_v2,iterative,0.9232635729451016,0.0004047763610605141
power,KFC_v2,iterative,0.9234152259629967,0.0004047763610605141
power,KFC_v2,iterative,0.9235668789808917,0.0004047763610605141
power,KFC_v2,iterative,0.9237185319987868,0.0004047763610605141
power,KFC_v2,iterative,0.9238701850166818,0.0004047763610605141
power,KFC_v2,iterative,0.9240218380345769,0.0004047763610605141
power,KFC_v2,iterative,0.9241734910524719,0.0004047763610605141
power,KFC_v2,iterative,0.924325144070367,0.0004047763610605141
power,KFC_v2,iterative,0.9244767970882621,0.0004047763610605141
power,KFC_v2,iterative,0.9246284501061571,0.0004047763610605141
power,KFC_v2,iterative,0.9247801031240522,0.0004047763610605141
power,KFC_v2,iterative,0.9249317561419472,0.0004047763610605141
power,KFC_v2,iterative,0.9250834091598423,0.0004047763610605141
power,KFC_v2,iterative,0.9252350621777373,0.0004047763610605141
power,KFC_v2,iterative,0.9253867151956324,0.0004047763610605141
power,KFC_v2,iterative,0.9255383682135275,0.0004047763610605141
power,KFC_v2,iterative,0.9256900212314225,0.0004047763610605141
power,KFC_v2,iterative,0.9258416742493176,0.0004047763610605141
power,KFC_v2,iterative,0.9259933272672126,0.0004047763610605141
power,KFC_v2,iterative,0.9261449802851077,0.0004047763610605141
power,KFC_v2,iterative,0.9262966333030027,0.0004047763610605141
power,KFC_v2,iterative,0.9264482863208978,0.0004047763610605141
power,KFC_v2,iterative,0.9265999393387929,0.0004047763610605141
power,KFC_v2,iterative,0.9267515923566879,0.0004047763610605141
power,KFC_v2,iterative,0.926903245374583,0.0004047763610605141
power,KFC_v2,iterative,0.927054898392478,0.0004047763610605141
power,KFC_v2,iterative,0.9272065514103731,0.0004047763610605141
power,KFC_v2,iterative,0.9273582044282681,0.0004047763610605141
power,KFC_v2,iterative,0.9275098574461632,0.0004047763610605141
power,KFC_v2,iterative,0.9276615104640583,0.0004047763610605141
power,KFC_v2,iterative,0.9278131634819533,0.0004047763610605141
power,KFC_v2,iterative,0.9279648164998484,0.0004047763610605141
power,KFC_v2,iterative,0.9281164695177434,0.0004047763610605141
power,KFC_v2,iterative,0.9282681225356385,0.0004047763610605141
power,KFC_v2,iterative,0.9284197755535335,0.0004047763610605141
power,KFC_v2,iterative,0.9285714285714286,0.0004047763610605141
power,KFC_v2,iterative,0.9287230815893237,0.0004047763610605141
power,KFC_v2,iterative,0.9288747346072187,0.0004047763610605141
power,KFC_v2,iterative,0.9290263876251138,0.0004047763610605141
power,KFC_v2,iterative,0.9291780406430088,0.0004047763610605141
power,KFC_v2,iterative,0.9293296936609039,0.0004047763610605141
power,KFC_v2,iterative,0.9294813466787989,0.0004047763610605141
power,KFC_v2,iterative,0.929632999696694,0.0004047763610605141
power,KFC_v2,iterative,0.9297846527145891,0.0004047763610605141
power,KFC_v2,iterative,0.9299363057324841,0.0004047763610605141
power,KFC_v2,iterative,0.9300879587503792,0.0004047763610605141
power,KFC_v2,iterative,0.9302396117682742,0.0004047763610605141
power,KFC_v2,iterative,0.9303912647861693,0.0004047763610605141
power,KFC_v2,iterative,0.9305429178040643,0.0004047763610605141
power,KFC_v2,iterative,0.9306945708219594,0.0004047763610605141
power,KFC_v2,iterative,0.9308462238398545,0.0004047763610605141
power,KFC_v2,iterative,0.9309978768577495,0.0004047763610605141
power,KFC_v2,iterative,0.9311495298756446,0.0004047763610605141
power,KFC_v2,iterative,0.9313011828935396,0.0004047763610605141
power,KFC_v2,iterative,0.9314528359114347,0.0004047763610605141
power,KFC_v2,iterative,0.9316044889293297,0.0004047763610605141
power,KFC_v2,iterative,0.9317561419472248,0.0004047763610605141
power,KFC_v2,iterative,0.9319077949651199,0.0004047763610605141
power,KFC_v2,iterative,0.9320594479830149,0.0004047763610605141
power,KFC_v2,iterative,0.93221110100091,0.0004047763610605141
power,KFC_v2,iterative,0.932362754018805,0.0004047763610605141
power,KFC_v2,iterative,0.9325144070367001,0.0004047763610605141
power,KFC_v2,iterative,0.9326660600545951,0.0004047763610605141
power,KFC_v2,iterative,0.9328177130724902,0.0004047763610605141
power,KFC_v2,iterative,0.9329693660903853,0.0004047763610605141
power,KFC_v2,iterative,0.9331210191082803,0.0004047763610605141
power,KFC_v2,iterative,0.9332726721261754,0.0004047763610605141
power,KFC_v2,iterative,0.9334243251440704,0.0004047763610605141
power,KFC_v2,iterative,0.9335759781619655,0.0004047763610605141
power,KFC_v2,iterative,0.9337276311798605,0.0004047763610605141
power,KFC_v2,iterative,0.9338792841977556,0.0004047763610605141
power,KFC_v2,iterative,0.9340309372156507,0.0004047763610605141
power,KFC_v2,iterative,0.9341825902335457,0.0004047763610605141
power,KFC_v2,iterative,0.9343342432514408,0.0004047763610605141
power,KFC_v2,iterative,0.9344858962693358,0.0004047763610605141
power,KFC_v2,iterative,0.9346375492872309,0.0004047763610605141
power,KFC_v2,iterative,0.9347892023051259,0.0004047763610605141
power,KFC_v2,iterative,0.934940855323021,0.0004047763610605141
power,KFC_v2,iterative,0.9350925083409161,0.0004047763610605141
power,KFC_v2,iterative,0.935244161358811,0.0004047763610605141
power,KFC_v2,iterative,0.9353958143767062,0.0004047763610605141
power,KFC_v2,iterative,0.9355474673946012,0.0004047763610605141
power,KFC_v2,iterative,0.9356991204124963,0.0004047763610605141
power,KFC_v2,iterative,0.9358507734303912,0.0004047763610605141
power,KFC_v2,iterative,0.9360024264482864,0.0004047763610605141
power,KFC_v2,iterative,0.9361540794661815,0.0004047763610605141
power,KFC_v2,iterative,0.9363057324840764,0.0004047763610605141
power,KFC_v2,iterative,0.9364573855019716,0.0004047763610605141
power,KFC_v2,iterative,0.9366090385198665,0.0004047763610605141
power,KFC_v2,iterative,0.9367606915377616,0.0004047763610605141
power,KFC_v2,iterative,0.9369123445556566,0.0004047763610605141
power,KFC_v2,iterative,0.9370639975735517,0.0004047763610605141
power,KFC_v2,iterative,0.9372156505914468,0.0004047763610605141
power,KFC_v2,iterative,0.9373673036093418,0.0004047763610605141
power,KFC_v2,iterative,0.9375189566272369,0.0004047763610605141
power,KFC_v2,iterative,0.9376706096451319,0.0004047763610605141
power,KFC_v2,iterative,0.937822262663027,0.0004047763610605141
power,KFC_v2,iterative,0.937973915680922,0.0004047763610605141
power,KFC_v2,iterative,0.9381255686988171,0.0004047763610605141
power,KFC_v2,iterative,0.9382772217167122,0.0004047763610605141
power,KFC_v2,iterative,0.9384288747346072,0.0004047763610605141
power,KFC_v2,iterative,0.9385805277525023,0.0004047763610605141
power,KFC_v2,iterative,0.9387321807703973,0.0004047763610605141
power,KFC_v2,iterative,0.9388838337882924,0.0004047763610605141
power,KFC_v2,iterative,0.9390354868061874,0.0004047763610605141
power,KFC_v2,iterative,0.9391871398240825,0.0004047763610605141
power,KFC_v2,iterative,0.9393387928419776,0.0004047763610605141
power,KFC_v2,iterative,0.9394904458598726,0.0004047763610605141
power,KFC_v2,iterative,0.9396420988777677,0.0004047763610605141
power,KFC_v2,iterative,0.9397937518956627,0.0004047763610605141
power,KFC_v2,iterative,0.9399454049135578,0.0004047763610605141
power,KFC_v2,iterative,0.9400970579314528,0.0004047763610605141
power,KFC_v2,iterative,0.9402487109493479,0.0004047763610605141
power,KFC_v2,iterative,0.940400363967243,0.0004047763610605141
power,KFC_v2,iterative,0.940552016985138,0.0004047763610605141
power,KFC_v2,iterative,0.9407036700030331,0.0004047763610605141
power,KFC_v2,iterative,0.9408553230209281,0.0004047763610605141
power,KFC_v2,iterative,0.9410069760388232,0.0004047763610605141
power,KFC_v2,iterative,0.9411586290567182,0.0004047763610605141
power,KFC_v2,iterative,0.9413102820746133,0.0004047763610605141
power,KFC_v2,iterative,0.9414619350925084,0.0004047763610605141
power,KFC_v2,iterative,0.9416135881104034,0.0004047763610605141
power,KFC_v2,iterative,0.9417652411282985,0.0004047763610605141
power,KFC_v2,iterative,0.9419168941461935,0.0004047763610605141
power,KFC_v2,iterative,0.9420685471640886,0.0004047763610605141
power,KFC_v2,iterative,0.9422202001819836,0.0004047763610605141
power,KFC_v2,iterative,0.9423718531998787,0.0004047763610605141
power,KFC_v2,iterative,0.9425235062177738,0.0004047763610605141
power,KFC_v2,iterative,0.9426751592356688,0.0004047763610605141
power,KFC_v2,iterative,0.9428268122535639,0.0004047763610605141
power,KFC_v2,iterative,0.9429784652714589,0.0004047763610605141
power,KFC_v2,iterative,0.943130118289354,0.0004047763610605141
power,KFC_v2,iterative,0.943281771307249,0.0004047763610605141
power,KFC_v2,iterative,0.9434334243251441,0.0004047763610605141
power,KFC_v2,iterative,0.9435850773430392,0.0004047763610605141
power,KFC_v2,iterative,0.9437367303609342,0.0004047763610605141
power,KFC_v2,iterative,0.9438883833788293,0.0004047763610605141
power,KFC_v2,iterative,0.9440400363967243,0.0004047763610605141
power,KFC_v2,iterative,0.9441916894146194,0.0004047763610605141
power,KFC_v2,iterative,0.9443433424325144,0.0004047763610605141
power,KFC_v2,iterative,0.9444949954504095,0.0004047763610605141
power,KFC_v2,iterative,0.9446466484683046,0.0004047763610605141
power,KFC_v2,iterative,0.9447983014861996,0.0004047763610605141
power,KFC_v2,iterative,0.9449499545040947,0.0004047763610605141
power,KFC_v2,iterative,0.9451016075219897,0.0004047763610605141
power,KFC_v2,iterative,0.9452532605398848,0.0004047763610605141
power,KFC_v2,iterative,0.9454049135577798,0.0004047763610605141
power,KFC_v2,iterative,0.9455565665756749,0.0004047763610605141
power,KFC_v2,iterative,0.94570821959357,0.0004047763610605141
power,KFC_v2,iterative,0.945859872611465,0.0004047763610605141
power,KFC_v2,iterative,0.9460115256293601,0.0004047763610605141
power,KFC_v2,iterative,0.9461631786472551,0.0004047763610605141
power,KFC_v2,iterative,0.9463148316651502,0.0004047763610605141
power,KFC_v2,iterative,0.9464664846830452,0.0004047763610605141
power,KFC_v2,iterative,0.9466181377009403,0.0004047763610605141
power,KFC_v2,iterative,0.9467697907188354,0.0004047763610605141
power,KFC_v2,iterative,0.9469214437367304,0.0004047763610605141
power,KFC_v2,iterative,0.9470730967546255,0.0004047763610605141
power,KFC_v2,iterative,0.9472247497725205,0.0004047763610605141
power,KFC_v2,iterative,0.9473764027904156,0.0004047763610605141
power,KFC_v2,iterative,0.9475280558083106,0.0004047763610605141
power,KFC_v2,iterative,0.9476797088262057,0.0004047763610605141
power,KFC_v2,iterative,0.9478313618441008,0.0004047763610605141
power,KFC_v2,iterative,0.9479830148619958,0.0004047763610605141
power,KFC_v2,iterative,0.9481346678798909,0.0004047763610605141
power,KFC_v2,iterative,0.9482863208977859,0.0004047763610605141
power,KFC_v2,iterative,0.948437973915681,0.0004047763610605141
power,KFC_v2,iterative,0.948589626933576,0.0004047763610605141
power,KFC_v2,iterative,0.9487412799514711,0.0004047763610605141
power,KFC_v2,iterative,0.9488929329693662,0.0004047763610605141
power,KFC_v2,iterative,0.9490445859872612,0.0004047763610605141
power,KFC_v2,iterative,0.9491962390051563,0.0004047763610605141
power,KFC_v2,iterative,0.9493478920230513,0.0004047763610605141
power,KFC_v2,iterative,0.9494995450409464,0.0004047763610605141
power,KFC_v2,iterative,0.9496511980588414,0.0004047763610605141
power,KFC_v2,iterative,0.9498028510767365,0.0004047763610605141
power,KFC_v2,iterative,0.9499545040946316,0.0004047763610605141
power,KFC_v2,iterative,0.9501061571125266,0.0004047763610605141
power,KFC_v2,iterative,0.9502578101304217,0.0004047763610605141
power,KFC_v2,iterative,0.9504094631483166,0.0004047763610605141
power,KFC_v2,iterative,0.9505611161662118,0.0004047763610605141
power,KFC_v2,iterative,0.9507127691841067,0.0004047763610605141
power,KFC_v2,iterative,0.9508644222020018,0.0004047763610605141
power,KFC_v2,iterative,0.951016075219897,0.0004047763610605141
power,KFC_v2,iterative,0.9511677282377919,0.0004047763610605141
power,KFC_v2,iterative,0.951319381255687,0.0004047763610605141
power,KFC_v2,iterative,0.951471034273582,0.0004047763610605141
power,KFC_v2,iterative,0.9516226872914771,0.0004047763610605141
power,KFC_v2,iterative,0.9517743403093721,0.0004047763610605141
power,KFC_v2,iterative,0.9519259933272672,0.0004047763610605141
power,KFC_v2,iterative,0.9520776463451623,0.0004047763610605141
power,KFC_v2,iterative,0.9522292993630573,0.0004047763610605141
power,KFC_v2,iterative,0.9523809523809524,0.0004047763610605141
power,KFC_v2,iterative,0.9525326053988474,0.0004047763610605141
power,KFC_v2,iterative,0.9526842584167425,0.0004047763610605141
power,KFC_v2,iterative,0.9528359114346375,0.0004047763610605141
power,KFC_v2,iterative,0.9529875644525326,0.0004047763610605141
power,KFC_v2,iterative,0.9531392174704277,0.0004047763610605141
power,KFC_v2,iterative,0.9532908704883227,0.0004047763610605141
power,KFC_v2,iterative,0.9534425235062178,0.0004047763610605141
power,KFC_v2,iterative,0.9535941765241128,0.0004047763610605141
power,KFC_v2,iterative,0.9537458295420079,0.0004047763610605141
power,KFC_v2,iterative,0.9538974825599029,0.0004047763610605141
power,KFC_v2,iterative,0.954049135577798,0.0004047763610605141
power,KFC_v2,iterative,0.9542007885956931,0.0004047763610605141
power,KFC_v2,iterative,0.9543524416135881,0.0004047763610605141
power,KFC_v2,iterative,0.9545040946314832,0.0004047763610605141
power,KFC_v2,iterative,0.9546557476493782,0.0004047763610605141
power,KFC_v2,iterative,0.9548074006672733,0.0004047763610605141
power,KFC_v2,iterative,0.9549590536851683,0.0004047763610605141
power,KFC_v2,iterative,0.9551107067030634,0.0004047763610605141
power,KFC_v2,iterative,0.9552623597209585,0.0004047763610605141
power,KFC_v2,iterative,0.9554140127388535,0.0004047763610605141
power,KFC_v2,iterative,0.9555656657567486,0.0004047763610605141
power,KFC_v2,iterative,0.9557173187746436,0.0004047763610605141
power,KFC_v2,iterative,0.9558689717925387,0.0004047763610605141
power,KFC_v2,iterative,0.9560206248104337,0.0004047763610605141
power,KFC_v2,iterative,0.9561722778283288,0.0004047763610605141
power,KFC_v2,iterative,0.9563239308462239,0.0004047763610605141
power,KFC_v2,iterative,0.9564755838641189,0.0004047763610605141
power,KFC_v2,iterative,0.956627236882014,0.0004047763610605141
power,KFC_v2,iterative,0.956778889899909,0.0004047763610605141
power,KFC_v2,iterative,0.9569305429178041,0.0004047763610605141
power,KFC_v2,iterative,0.9570821959356991,0.0004047763610605141
power,KFC_v2,iterative,0.9572338489535942,0.0004047763610605141
power,KFC_v2,iterative,0.9573855019714893,0.0004047763610605141
power,KFC_v2,iterative,0.9575371549893843,0.0004047763610605141
power,KFC_v2,iterative,0.9576888080072794,0.0004047763610605141
power,KFC_v2,iterative,0.9578404610251744,0.0004047763610605141
power,KFC_v2,iterative,0.9579921140430695,0.0004047763610605141
power,KFC_v2,iterative,0.9581437670609645,0.0004047763610605141
power,KFC_v2,iterative,0.9582954200788596,0.0004047763610605141
power,KFC_v2,iterative,0.9584470730967547,0.0004047763610605141
power,KFC_v2,iterative,0.9585987261146497,0.0004047763610605141
power,KFC_v2,iterative,0.9587503791325448,0.0004047763610605141
power,KFC_v2,iterative,0.9589020321504398,0.0004047763610605141
power,KFC_v2,iterative,0.9590536851683349,0.0004047763610605141
power,KFC_v2,iterative,0.9592053381862299,0.0004047763610605141
power,KFC_v2,iterative,0.959356991204125,0.0004047763610605141
power,KFC_v2,iterative,0.9595086442220201,0.0004047763610605141
power,KFC_v2,iterative,0.9596602972399151,0.0004047763610605141
power,KFC_v2,iterative,0.9598119502578102,0.0004047763610605141
power,KFC_v2,iterative,0.9599636032757052,0.0004047763610605141
power,KFC_v2,iterative,0.9601152562936003,0.0004047763610605141
power,KFC_v2,iterative,0.9602669093114953,0.0004047763610605141
power,KFC_v2,iterative,0.9604185623293904,0.0004047763610605141
power,KFC_v2,iterative,0.9605702153472855,0.0004047763610605141
power,KFC_v2,iterative,0.9607218683651805,0.0004047763610605141
power,KFC_v2,iterative,0.9608735213830756,0.0004047763610605141
power,KFC_v2,iterative,0.9610251744009706,0.0004047763610605141
power,KFC_v2,iterative,0.9611768274188657,0.0004047763610605141
power,KFC_v2,iterative,0.9613284804367607,0.0004047763610605141
power,KFC_v2,iterative,0.9614801334546558,0.0004047763610605141
power,KFC_v2,iterative,0.9616317864725509,0.0004047763610605141
power,KFC_v2,iterative,0.9617834394904459,0.0004047763610605141
power,KFC_v2,iterative,0.961935092508341,0.0004047763610605141
power,KFC_v2,iterative,0.962086745526236,0.0004047763610605141
power,KFC_v2,iterative,0.9622383985441311,0.0004047763610605141
power,KFC_v2,iterative,0.9623900515620261,0.0004047763610605141
power,KFC_v2,iterative,0.9625417045799212,0.0004047763610605141
power,KFC_v2,iterative,0.9626933575978163,0.0004047763610605141
power,KFC_v2,iterative,0.9628450106157113,0.0004047763610605141
power,KFC_v2,iterative,0.9629966636336064,0.0004047763610605141
power,KFC_v2,iterative,0.9631483166515014,0.0004047763610605141
power,KFC_v2,iterative,0.9632999696693965,0.0004047763610605141
power,KFC_v2,iterative,0.9634516226872916,0.0004047763610605141
power,KFC_v2,iterative,0.9636032757051866,0.0004047763610605141
power,KFC_v2,iterative,0.9637549287230817,0.0004047763610605141
power,KFC_v2,iterative,0.9639065817409767,0.0004047763610605141
power,KFC_v2,iterative,0.9640582347588718,0.0004047763610605141
power,KFC_v2,iterative,0.9642098877767667,0.0004047763610605141
power,KFC_v2,iterative,0.9643615407946619,0.0004047763610605141
power,KFC_v2,iterative,0.964513193812557,0.0004047763610605141
power,KFC_v2,iterative,0.964664846830452,0.0004047763610605141
power,KFC_v2,iterative,0.964816499848347,0.0004047763610605141
power,KFC_v2,iterative,0.964968152866242,0.0004047763610605141
power,KFC_v2,iterative,0.9651198058841371,0.0004047763610605141
power,KFC_v2,iterative,0.9652714589020321,0.0004047763610605141
power,KFC_v2,iterative,0.9654231119199272,0.0004047763610605141
power,KFC_v2,iterative,0.9655747649378223,0.0004047763610605141
power,KFC_v2,iterative,0.9657264179557173,0.0004047763610605141
power,KFC_v2,iterative,0.9658780709736124,0.0004047763610605141
power,KFC_v2,iterative,0.9660297239915074,0.0004047763610605141
power,KFC_v2,iterative,0.9661813770094025,0.0004047763610605141
power,KFC_v2,iterative,0.9663330300272975,0.0004047763610605141
power,KFC_v2,iterative,0.9664846830451926,0.0004047763610605141
power,KFC_v2,iterative,0.9666363360630877,0.0004047763610605141
power,KFC_v2,iterative,0.9667879890809827,0.0004047763610605141
power,KFC_v2,iterative,0.9669396420988778,0.0004047763610605141
power,KFC_v2,iterative,0.9670912951167728,0.0004047763610605141
power,KFC_v2,iterative,0.9672429481346679,0.0004047763610605141
power,KFC_v2,iterative,0.9673946011525629,0.0004047763610605141
power,KFC_v2,iterative,0.967546254170458,0.0004047763610605141
power,KFC_v2,iterative,0.9676979071883531,0.0004047763610605141
power,KFC_v2,iterative,0.9678495602062481,0.0004047763610605141
power,KFC_v2,iterative,0.9680012132241432,0.0004047763610605141
power,KFC_v2,iterative,0.9681528662420382,0.0004047763610605141
power,KFC_v2,iterative,0.9683045192599333,0.0004047763610605141
power,KFC_v2,iterative,0.9684561722778283,0.0004047763610605141
power,KFC_v2,iterative,0.9686078252957234,0.0004047763610605141
power,KFC_v2,iterative,0.9687594783136185,0.0004047763610605141
power,KFC_v2,iterative,0.9689111313315135,0.0004047763610605141
power,KFC_v2,iterative,0.9690627843494086,0.0004047763610605141
power,KFC_v2,iterative,0.9692144373673036,0.0004047763610605141
power,KFC_v2,iterative,0.9693660903851987,0.0004047763610605141
power,KFC_v2,iterative,0.9695177434030937,0.0004047763610605141
power,KFC_v2,iterative,0.9696693964209888,0.0004047763610605141
power,KFC_v2,iterative,0.9698210494388839,0.0004047763610605141
power,KFC_v2,iterative,0.9699727024567789,0.0004047763610605141
power,KFC_v2,iterative,0.970124355474674,0.0004047763610605141
power,KFC_v2,iterative,0.970276008492569,0.0004047763610605141
power,KFC_v2,iterative,0.9704276615104641,0.0004047763610605141
power,KFC_v2,iterative,0.9705793145283591,0.0004047763610605141
power,KFC_v2,iterative,0.9707309675462542,0.0004047763610605141
power,KFC_v2,iterative,0.9708826205641493,0.0004047763610605141
power,KFC_v2,iterative,0.9710342735820443,0.0004047763610605141
power,KFC_v2,iterative,0.9711859265999394,0.0004047763610605141
power,KFC_v2,iterative,0.9713375796178344,0.0004047763610605141
power,KFC_v2,iterative,0.9714892326357295,0.0004047763610605141
power,KFC_v2,iterative,0.9716408856536245,0.0004047763610605141
power,KFC_v2,iterative,0.9717925386715196,0.0004047763610605141
power,KFC_v2,iterative,0.9719441916894147,0.0004047763610605141
power,KFC_v2,iterative,0.9720958447073097,0.0004047763610605141
power,KFC_v2,iterative,0.9722474977252048,0.0004047763610605141
power,KFC_v2,iterative,0.9723991507430998,0.0004047763610605141
power,KFC_v2,iterative,0.9725508037609949,0.0004047763610605141
power,KFC_v2,iterative,0.9727024567788899,0.0004047763610605141
power,KFC_v2,iterative,0.972854109796785,0.0004047763610605141
power,KFC_v2,iterative,0.9730057628146801,0.0004047763610605141
power,KFC_v2,iterative,0.9731574158325751,0.0004047763610605141
power,KFC_v2,iterative,0.9733090688504702,0.0004047763610605141
power,KFC_v2,iterative,0.9734607218683652,0.0004047763610605141
power,KFC_v2,iterative,0.9736123748862603,0.0004047763610605141
power,KFC_v2,iterative,0.9737640279041553,0.0004047763610605141
power,KFC_v2,iterative,0.9739156809220504,0.0004047763610605141
power,KFC_v2,iterative,0.9740673339399455,0.0004047763610605141
power,KFC_v2,iterative,0.9742189869578405,0.0004047763610605141
power,KFC_v2,iterative,0.9743706399757356,0.0004047763610605141
power,KFC_v2,iterative,0.9745222929936306,0.0004047763610605141
power,KFC_v2,iterative,0.9746739460115257,0.0004047763610605141
power,KFC_v2,iterative,0.9748255990294207,0.0004047763610605141
power,KFC_v2,iterative,0.9749772520473158,0.0004047763610605141
power,KFC_v2,iterative,0.9751289050652109,0.0004047763610605141
power,KFC_v2,iterative,0.9752805580831059,0.0004047763610605141
power,KFC_v2,iterative,0.975432211101001,0.0004047763610605141
power,KFC_v2,iterative,0.975583864118896,0.0004047763610605141
power,KFC_v2,iterative,0.9757355171367911,0.0004047763610605141
power,KFC_v2,iterative,0.9758871701546861,0.0004047763610605141
power,KFC_v2,iterative,0.9760388231725812,0.0004047763610605141
power,KFC_v2,iterative,0.9761904761904763,0.0004047763610605141
power,KFC_v2,iterative,0.9763421292083713,0.0004047763610605141
power,KFC_v2,iterative,0.9764937822262664,0.0004047763610605141
power,KFC_v2,iterative,0.9766454352441614,0.0004047763610605141
power,KFC_v2,iterative,0.9767970882620565,0.0004047763610605141
power,KFC_v2,iterative,0.9769487412799515,0.0004047763610605141
power,KFC_v2,iterative,0.9771003942978466,0.0004047763610605141
power,KFC_v2,iterative,0.9772520473157417,0.0004047763610605141
power,KFC_v2,iterative,0.9774037003336367,0.0004047763610605141
power,KFC_v2,iterative,0.9775553533515318,0.0004047763610605141
power,KFC_v2,iterative,0.9777070063694268,0.0004047763610605141
power,KFC_v2,iterative,0.9778586593873219,0.0004047763610605141
power,KFC_v2,iterative,0.9780103124052169,0.0004047763610605141
power,KFC_v2,iterative,0.978161965423112,0.0004047763610605141
power,KFC_v2,iterative,0.9783136184410071,0.0004047763610605141
power,KFC_v2,iterative,0.978465271458902,0.0004047763610605141
power,KFC_v2,iterative,0.9786169244767972,0.0004047763610605141
power,KFC_v2,iterative,0.9787685774946921,0.0004047763610605141
power,KFC_v2,iterative,0.9789202305125873,0.0004047763610605141
power,KFC_v2,iterative,0.9790718835304822,0.0004047763610605141
power,KFC_v2,iterative,0.9792235365483773,0.0004047763610605141
power,KFC_v2,iterative,0.9793751895662725,0.0004047763610605141
power,KFC_v2,iterative,0.9795268425841674,0.0004047763610605141
power,KFC_v2,iterative,0.9796784956020625,0.0004047763610605141
power,KFC_v2,iterative,0.9798301486199575,0.0004047763610605141
power,KFC_v2,iterative,0.9799818016378526,0.0004047763610605141
power,KFC_v2,iterative,0.9801334546557476,0.0004047763610605141
power,KFC_v2,iterative,0.9802851076736427,0.0004047763610605141
power,KFC_v2,iterative,0.9804367606915378,0.0004047763610605141
power,KFC_v2,iterative,0.9805884137094328,0.0004047763610605141
power,KFC_v2,iterative,0.9807400667273279,0.0004047763610605141
power,KFC_v2,iterative,0.9808917197452229,0.0004047763610605141
power,KFC_v2,iterative,0.981043372763118,0.0004047763610605141
power,KFC_v2,iterative,0.981195025781013,0.0004047763610605141
power,KFC_v2,iterative,0.9813466787989081,0.0004047763610605141
power,KFC_v2,iterative,0.9814983318168032,0.0004047763610605141
power,KFC_v2,iterative,0.9816499848346982,0.0004047763610605141
power,KFC_v2,iterative,0.9818016378525933,0.0004047763610605141
power,KFC_v2,iterative,0.9819532908704883,0.0004047763610605141
power,KFC_v2,iterative,0.9821049438883834,0.0004047763610605141
power,KFC_v2,iterative,0.9822565969062784,0.0004047763610605141
power,KFC_v2,iterative,0.9824082499241735,0.0004047763610605141
power,KFC_v2,iterative,0.9825599029420686,0.0004047763610605141
power,KFC_v2,iterative,0.9827115559599636,0.0004047763610605141
power,KFC_v2,iterative,0.9828632089778587,0.0004047763610605141
power,KFC_v2,iterative,0.9830148619957537,0.0004047763610605141
power,KFC_v2,iterative,0.9831665150136488,0.0004047763610605141
power,KFC_v2,iterative,0.9833181680315438,0.0004047763610605141
power,KFC_v2,iterative,0.9834698210494389,0.0004047763610605141
power,KFC_v2,iterative,0.983621474067334,0.0004047763610605141
power,KFC_v2,iterative,0.983773127085229,0.0004047763610605141
power,KFC_v2,iterative,0.9839247801031241,0.0004047763610605141
power,KFC_v2,iterative,0.9840764331210191,0.0004047763610605141
power,KFC_v2,iterative,0.9842280861389142,0.0004047763610605141
power,KFC_v2,iterative,0.9843797391568092,0.0004047763610605141
power,KFC_v2,iterative,0.9845313921747043,0.0004047763610605141
power,KFC_v2,iterative,0.9846830451925994,0.0004047763610605141
power,KFC_v2,iterative,0.9848346982104944,0.0004047763610605141
power,KFC_v2,iterative,0.9849863512283895,0.0004047763610605141
power,KFC_v2,iterative,0.9851380042462845,0.0004047763610605141
power,KFC_v2,iterative,0.9852896572641796,0.0004047763610605141
power,KFC_v2,iterative,0.9854413102820746,0.0004047763610605141
power,KFC_v2,iterative,0.9855929632999697,0.0004047763610605141
power,KFC_v2,iterative,0.9857446163178648,0.0004047763610605141
power,KFC_v2,iterative,0.9858962693357598,0.0004047763610605141
power,KFC_v2,iterative,0.9860479223536549,0.0004047763610605141
power,KFC_v2,iterative,0.9861995753715499,0.0004047763610605141
power,KFC_v2,iterative,0.986351228389445,0.0004047763610605141
power,KFC_v2,iterative,0.98650288140734,0.0004047763610605141
power,KFC_v2,iterative,0.9866545344252351,0.0004047763610605141
power,KFC_v2,iterative,0.9868061874431302,0.0004047763610605141
power,KFC_v2,iterative,0.9869578404610252,0.0004047763610605141
power,KFC_v2,iterative,0.9871094934789203,0.0004047763610605141
power,KFC_v2,iterative,0.9872611464968153,0.0004047763610605141
power,KFC_v2,iterative,0.9874127995147104,0.0004047763610605141
power,KFC_v2,iterative,0.9875644525326054,0.0004047763610605141
power,KFC_v2,iterative,0.9877161055505005,0.0004047763610605141
power,KFC_v2,iterative,0.9878677585683956,0.0004047763610605141
power,KFC_v2,iterative,0.9880194115862906,0.0004047763610605141
power,KFC_v2,iterative,0.9881710646041857,0.0004047763610605141
power,KFC_v2,iterative,0.9883227176220807,0.0004047763610605141
power,KFC_v2,iterative,0.9884743706399758,0.0004047763610605141
power,KFC_v2,iterative,0.9886260236578708,0.0004047763610605141
power,KFC_v2,iterative,0.9887776766757659,0.0004047763610605141
power,KFC_v2,iterative,0.988929329693661,0.0004047763610605141
power,KFC_v2,iterative,0.989080982711556,0.0004047763610605141
power,KFC_v2,iterative,0.9892326357294511,0.0004047763610605141
power,KFC_v2,iterative,0.9893842887473461,0.0004047763610605141
power,KFC_v2,iterative,0.9895359417652412,0.0004047763610605141
power,KFC_v2,iterative,0.9896875947831362,0.0004047763610605141
power,KFC_v2,iterative,0.9898392478010313,0.0004047763610605141
power,KFC_v2,iterative,0.9899909008189264,0.0004047763610605141
power,KFC_v2,iterative,0.9901425538368214,0.0004047763610605141
power,KFC_v2,iterative,0.9902942068547165,0.0004047763610605141
power,KFC_v2,iterative,0.9904458598726115,0.0004047763610605141
power,KFC_v2,iterative,0.9905975128905066,0.0004047763610605141
power,KFC_v2,iterative,0.9907491659084016,0.0004047763610605141
power,KFC_v2,iterative,0.9909008189262967,0.0004047763610605141
power,KFC_v2,iterative,0.9910524719441918,0.0004047763610605141
power,KFC_v2,iterative,0.9912041249620868,0.0004047763610605141
power,KFC_v2,iterative,0.9913557779799819,0.0004047763610605141
power,KFC_v2,iterative,0.9915074309978769,0.0004047763610605141
power,KFC_v2,iterative,0.991659084015772,0.0004047763610605141
power,KFC_v2,iterative,0.991810737033667,0.0004047763610605141
power,KFC_v2,iterative,0.9919623900515621,0.0004047763610605141
power,KFC_v2,iterative,0.9921140430694572,0.0004047763610605141
power,KFC_v2,iterative,0.9922656960873522,0.0004047763610605141
power,KFC_v2,iterative,0.9924173491052473,0.0004047763610605141
power,KFC_v2,iterative,0.9925690021231423,0.0004047763610605141
power,KFC_v2,iterative,0.9927206551410374,0.0004047763610605141
power,KFC_v2,iterative,0.9928723081589323,0.0004047763610605141
power,KFC_v2,iterative,0.9930239611768275,0.0004047763610605141
power,KFC_v2,iterative,0.9931756141947226,0.0004047763610605141
power,KFC_v2,iterative,0.9933272672126175,0.0004047763610605141
power,KFC_v2,iterative,0.9934789202305127,0.0004047763610605141
power,KFC_v2,iterative,0.9936305732484076,0.0004047763610605141
power,KFC_v2,iterative,0.9937822262663027,0.0004047763610605141
power,KFC_v2,iterative,0.9939338792841977,0.0004047763610605141
power,KFC_v2,iterative,0.9940855323020928,0.0004047763610605141
power,KFC_v2,iterative,0.994237185319988,0.0004047763610605141
power,KFC_v2,iterative,0.9943888383378829,0.0004047763610605141
power,KFC_v2,iterative,0.994540491355778,0.0004047763610605141
power,KFC_v2,iterative,0.994692144373673,0.0004047763610605141
power,KFC_v2,iterative,0.9948437973915681,0.0004047763610605141
power,KFC_v2,iterative,0.9949954504094631,0.0004047763610605141
power,KFC_v2,iterative,0.9951471034273582,0.0004047763610605141
power,KFC_v2,iterative,0.9952987564452533,0.0004047763610605141
power,KFC_v2,iterative,0.9954504094631483,0.0004047763610605141
power,KFC_v2,iterative,0.9956020624810434,0.0004047763610605141
power,KFC_v2,iterative,0.9957537154989384,0.0004047763610605141
power,KFC_v2,iterative,0.9959053685168335,0.0004047763610605141
power,KFC_v2,iterative,0.9960570215347285,0.0004047763610605141
power,KFC_v2,iterative,0.9962086745526236,0.0004047763610605141
power,KFC_v2,iterative,0.9963603275705187,0.0004047763610605141
power,KFC_v2,iterative,0.9965119805884137,0.0004047763610605141
power,KFC_v2,iterative,0.9966636336063088,0.0004047763610605141
power,KFC_v2,iterative,0.9968152866242038,0.0004047763610605141
power,KFC_v2,iterative,0.9969669396420989,0.0004047763610605141
power,KFC_v2,iterative,0.9971185926599939,0.0004047763610605141
power,KFC_v2,iterative,0.997270245677889,0.0004047763610605141
power,KFC_v2,iterative,0.9974218986957841,0.0004047763610605141
power,KFC_v2,iterative,0.9975735517136791,0.0004047763610605141
power,KFC_v2,iterative,0.9977252047315742,0.0004047763610605141
power,KFC_v2,iterative,0.9978768577494692,0.0004047763610605141
power,KFC_v2,iterative,0.9980285107673643,0.0004047763610605141
power,KFC_v2,iterative,0.9981801637852593,0.0004047763610605141
power,KFC_v2,iterative,0.9983318168031544,0.0004047763610605141
power,KFC_v2,iterative,0.9984834698210495,0.0004047763610605141
power,KFC_v2,iterative,0.9986351228389445,0.0004047763610605141
power,KFC_v2,iterative,0.9987867758568396,0.0004047763610605141
power,KFC_v2,iterative,0.9989384288747346,0.0004047763610605141
power,KFC_v2,iterative,0.9990900818926297,0.0004047763610605141
power,KFC_v2,iterative,0.9992417349105247,0.0004047763610605141
power,KFC_v2,iterative,0.9993933879284198,0.0004047763610605141
power,KFC_v2,iterative,0.9995450409463149,0.0004047763610605141
power,KFC_v2,iterative,0.9996966939642099,0.0004047763610605141
power,KFC_v2,iterative,0.999848346982105,0.0004047763610605141
power,KFC_v2,iterative,1.0,0.00020238818053025704
