network,metric,mode,x,rgc
wikipedia,KFC_v2,static,0.0,1.0
wikipedia,KFC_v2,static,0.00015344483658124905,1.0
wikipedia,KFC_v2,static,0.0003068896731624981,1.0
wikipedia,KFC_v2,static,0.00046033450974374717,1.0
wikipedia,KFC_v2,static,0.0006137793463249962,1.0
wikipedia,KFC_v2,static,0.0007672241829062452,1.0
wikipedia,KFC_v2,static,0.0009206690194874943,1.0
wikipedia,KFC_v2,static,0.0010741138560687433,1.0
wikipedia,KFC_v2,static,0.0012275586926499924,1.0
wikipedia,KFC_v2,static,0.0013810035292312415,1.0
wikipedia,KFC_v2,static,0.0015344483658124904,0.9940915805022157
wikipedia,KFC_v2,static,0.0016878932023937396,0.9940915805022157
wikipedia,KFC_v2,static,0.0018413380389749887,0.9940915805022157
wikipedia,KFC_v2,static,0.001994782875556238,0.9940915805022157
wikipedia,KFC_v2,static,0.0021482277121374865,0.9940915805022157
wikipedia,KFC_v2,static,0.0023016725487187356,0.9940915805022157
wikipedia,KFC_v2,static,0.0024551173852999848,0.9940915805022157
wikipedia,KFC_v2,static,0.002608562221881234,0.9940915805022157
wikipedia,KFC_v2,static,0.002762007058462483,0.9940915805022157
wikipedia,KFC_v2,static,0.0029154518950437317,0.9940915805022157
wikipedia,KFC_v2,static,0.003068896731624981,0.9940915805022157
wikipedia,KFC_v2,static,0.00322234156820623,0.9940915805022157
wikipedia,KFC_v2,static,0.003375786404787479,0.9940915805022157
wikipedia,KFC_v2,static,0.0035292312413687283,0.9940915805022157
wikipedia,KFC_v2,static,0.0036826760779499774,0.9940915805022157
wikipedia,KFC_v2,static,0.003836120914531226,0.9940915805022157
wikipedia,KFC_v2,static,0.003989565751112476,0.9940915805022157
wikipedia,KFC_v2,static,0.004143010587693724,0.9940915805022157
wikipedia,KFC_v2,static,0.004296455424274973,0.9940915805022157
wikipedia,KFC_v2,static,0.004449900260856223,0.9940915805022157
wikipedia,KFC_v2,static,0.004603345097437471,0.9940915805022157
wikipedia,KFC_v2,static,0.004756789934018721,0.9940915805022157
wikipedia,KFC_v2,static,0.0049102347705999696,0.9940915805022157
wikipedia,KFC_v2,static,0.005063679607181218,0.9940915805022157
wikipedia,KFC_v2,static,0.005217124443762468,0.9940915805022157
wikipedia,KFC_v2,static,0.0053705692803437165,0.9940915805022157
wikipedia,KFC_v2,static,0.005524014116924966,0.9940915805022157
wikipedia,KFC_v2,static,0.005677458953506215,0.9940915805022157
wikipedia,KFC_v2,static,0.0058309037900874635,0.9940915805022157
wikipedia,KFC_v2,static,0.005984348626668713,0.9940915805022157
wikipedia,KFC_v2,static,0.006137793463249962,0.9940915805022157
wikipedia,KFC_v2,static,0.006291238299831211,0.9940915805022157
wikipedia,KFC_v2,static,0.00644468313641246,0.9940915805022157
wikipedia,KFC_v2,static,0.006598127972993709,0.9940915805022157
wikipedia,KFC_v2,static,0.006751572809574958,0.9940915805022157
wikipedia,KFC_v2,static,0.006905017646156207,0.9940915805022157
wikipedia,KFC_v2,static,0.0070584624827374565,0.9940915805022157
wikipedia,KFC_v2,static,0.007211907319318705,0.9940915805022157
wikipedia,KFC_v2,static,0.007365352155899955,0.9940915805022157
wikipedia,KFC_v2,static,0.0075187969924812035,0.9940915805022157
wikipedia,KFC_v2,static,0.007672241829062452,0.9940915805022157
wikipedia,KFC_v2,static,0.007825686665643702,0.9940915805022157
wikipedia,KFC_v2,static,0.007979131502224951,0.9940915805022157
wikipedia,KFC_v2,static,0.008132576338806199,0.9940915805022157
wikipedia,KFC_v2,static,0.008286021175387449,0.9940915805022157
wikipedia,KFC_v2,static,0.008439466011968698,0.9940915805022157
wikipedia,KFC_v2,static,0.008592910848549946,0.9940915805022157
wikipedia,KFC_v2,static,0.008746355685131196,0.9940915805022157
wikipedia,KFC_v2,static,0.008899800521712445,0.9940915805022157
wikipedia,KFC_v2,static,0.009053245358293693,0.9940915805022157
wikipedia,KFC_v2,static,0.009206690194874943,0.9940915805022157
wikipedia,KFC_v2,static,0.009360135031456192,0.9940915805022157
wikipedia,KFC_v2,static,0.009513579868037442,0.9940915805022157
wikipedia,KFC_v2,static,0.00966702470461869,0.9940915805022157
wikipedia,KFC_v2,static,0.009820469541199939,0.9940915805022157
wikipedia,KFC_v2,static,0.009973914377781189,0.9940915805022157
wikipedia,KFC_v2,static,0.010127359214362436,0.9940915805022157
wikipedia,KFC_v2,static,0.010280804050943686,0.9940915805022157
wikipedia,KFC_v2,static,0.010434248887524936,0.9940915805022157
wikipedia,KFC_v2,static,0.010587693724106185,0.9940915805022157
wikipedia,KFC_v2,static,0.010741138560687433,0.9940915805022157
wikipedia,KFC_v2,static,0.010894583397268683,0.9940915805022157
wikipedia,KFC_v2,static,0.011048028233849932,0.9940915805022157
wikipedia,KFC_v2,static,0.01120147307043118,0.9940915805022157
wikipedia,KFC_v2,static,0.01135491790701243,0.9940915805022157
wikipedia,KFC_v2,static,0.011508362743593679,0.9940915805022157
wikipedia,KFC_v2,static,0.011661807580174927,0.9940915805022157
wikipedia,KFC_v2,static,0.011815252416756176,0.9940915805022157
wikipedia,KFC_v2,static,0.011968697253337426,0.9940915805022157
wikipedia,KFC_v2,static,0.012122142089918676,0.9940915805022157
wikipedia,KFC_v2,static,0.012275586926499923,0.9940915805022157
wikipedia,KFC_v2,static,0.012429031763081173,0.9940915805022157
wikipedia,KFC_v2,static,0.012582476599662423,0.9940915805022157
wikipedia,KFC_v2,static,0.01273592143624367,0.9940915805022157
wikipedia,KFC_v2,static,0.01288936627282492,0.9940915805022157
wikipedia,KFC_v2,static,0.01304281110940617,0.9940915805022157
wikipedia,KFC_v2,static,0.013196255945987417,0.9940915805022157
wikipedia,KFC_v2,static,0.013349700782568667,0.9940915805022157
wikipedia,KFC_v2,static,0.013503145619149916,0.9940915805022157
wikipedia,KFC_v2,static,0.013656590455731166,0.9940915805022157
wikipedia,KFC_v2,static,0.013810035292312414,0.9940915805022157
wikipedia,KFC_v2,static,0.013963480128893663,0.9940915805022157
wikipedia,KFC_v2,static,0.014116924965474913,0.9940915805022157
wikipedia,KFC_v2,static,0.01427036980205616,0.9940915805022157
wikipedia,KFC_v2,static,0.01442381463863741,0.9940915805022157
wikipedia,KFC_v2,static,0.01457725947521866,0.9940915805022157
wikipedia,KFC_v2,static,0.01473070431179991,0.9940915805022157
wikipedia,KFC_v2,static,0.014884149148381157,0.9940915805022157
wikipedia,KFC_v2,static,0.015037593984962407,0.9940915805022157
wikipedia,KFC_v2,static,0.015191038821543656,0.9940915805022157
wikipedia,KFC_v2,static,0.015344483658124904,0.9940915805022157
wikipedia,KFC_v2,static,0.015497928494706154,0.9940915805022157
wikipedia,KFC_v2,static,0.015651373331287403,0.9940915805022157
wikipedia,KFC_v2,static,0.01580481816786865,0.9940915805022157
wikipedia,KFC_v2,static,0.015958263004449903,0.9940915805022157
wikipedia,KFC_v2,static,0.01611170784103115,0.9940915805022157
wikipedia,KFC_v2,static,0.016265152677612398,0.9940915805022157
wikipedia,KFC_v2,static,0.01641859751419365,0.9940915805022157
wikipedia,KFC_v2,static,0.016572042350774897,0.9940915805022157
wikipedia,KFC_v2,static,0.016725487187356145,0.9940915805022157
wikipedia,KFC_v2,static,0.016878932023937396,0.9940915805022157
wikipedia,KFC_v2,static,0.017032376860518644,0.9940915805022157
wikipedia,KFC_v2,static,0.017185821697099892,0.9940915805022157
wikipedia,KFC_v2,static,0.017339266533681143,0.9940915805022157
wikipedia,KFC_v2,static,0.01749271137026239,0.9940915805022157
wikipedia,KFC_v2,static,0.01764615620684364,0.9940915805022157
wikipedia,KFC_v2,static,0.01779960104342489,0.9940915805022157
wikipedia,KFC_v2,static,0.017953045880006138,0.9940915805022157
wikipedia,KFC_v2,static,0.018106490716587386,0.9940915805022157
wikipedia,KFC_v2,static,0.018259935553168637,0.9940915805022157
wikipedia,KFC_v2,static,0.018413380389749885,0.9940915805022157
wikipedia,KFC_v2,static,0.018566825226331136,0.9940915805022157
wikipedia,KFC_v2,static,0.018720270062912384,0.9940915805022157
wikipedia,KFC_v2,static,0.018873714899493632,0.9940915805022157
wikipedia,KFC_v2,static,0.019027159736074883,0.9940915805022157
wikipedia,KFC_v2,static,0.01918060457265613,0.9940915805022157
wikipedia,KFC_v2,static,0.01933404940923738,0.9940915805022157
wikipedia,KFC_v2,static,0.01948749424581863,0.9940915805022157
wikipedia,KFC_v2,static,0.019640939082399878,0.9940915805022157
wikipedia,KFC_v2,static,0.019794383918981126,0.9940915805022157
wikipedia,KFC_v2,static,0.019947828755562377,0.9940915805022157
wikipedia,KFC_v2,static,0.020101273592143625,0.9940915805022157
wikipedia,KFC_v2,static,0.020254718428724873,0.9940915805022157
wikipedia,KFC_v2,static,0.020408163265306124,0.9940915805022157
wikipedia,KFC_v2,static,0.020561608101887372,0.9940915805022157
wikipedia,KFC_v2,static,0.02071505293846862,0.9940915805022157
wikipedia,KFC_v2,static,0.02086849777504987,0.9940915805022157
wikipedia,KFC_v2,static,0.02102194261163112,0.9940915805022157
wikipedia,KFC_v2,static,0.02117538744821237,0.9940915805022157
wikipedia,KFC_v2,static,0.021328832284793618,0.9940915805022157
wikipedia,KFC_v2,static,0.021482277121374866,0.9940915805022157
wikipedia,KFC_v2,static,0.021635721957956117,0.9940915805022157
wikipedia,KFC_v2,static,0.021789166794537365,0.9940915805022157
wikipedia,KFC_v2,static,0.021942611631118613,0.9940915805022157
wikipedia,KFC_v2,static,0.022096056467699864,0.9940915805022157
wikipedia,KFC_v2,static,0.022249501304281112,0.9940915805022157
wikipedia,KFC_v2,static,0.02240294614086236,0.9940915805022157
wikipedia,KFC_v2,static,0.02255639097744361,0.9940915805022157
wikipedia,KFC_v2,static,0.02270983581402486,0.9940915805022157
wikipedia,KFC_v2,static,0.022863280650606107,0.9940915805022157
wikipedia,KFC_v2,static,0.023016725487187358,0.9940915805022157
wikipedia,KFC_v2,static,0.023170170323768606,0.9940915805022157
wikipedia,KFC_v2,static,0.023323615160349854,0.9940915805022157
wikipedia,KFC_v2,static,0.023477059996931105,0.9940915805022157
wikipedia,KFC_v2,static,0.023630504833512353,0.9940915805022157
wikipedia,KFC_v2,static,0.0237839496700936,0.9940915805022157
wikipedia,KFC_v2,static,0.023937394506674852,0.9940915805022157
wikipedia,KFC_v2,static,0.0240908393432561,0.96602658788774
wikipedia,KFC_v2,static,0.02424428417983735,0.96602658788774
wikipedia,KFC_v2,static,0.0243977290164186,0.96602658788774
wikipedia,KFC_v2,static,0.024551173852999847,0.96602658788774
wikipedia,KFC_v2,static,0.024704618689581098,0.96602658788774
wikipedia,KFC_v2,static,0.024858063526162346,0.96602658788774
wikipedia,KFC_v2,static,0.025011508362743594,0.96602658788774
wikipedia,KFC_v2,static,0.025164953199324845,0.96602658788774
wikipedia,KFC_v2,static,0.025318398035906093,0.96602658788774
wikipedia,KFC_v2,static,0.02547184287248734,0.96602658788774
wikipedia,KFC_v2,static,0.025625287709068592,0.96602658788774
wikipedia,KFC_v2,static,0.02577873254564984,0.96602658788774
wikipedia,KFC_v2,static,0.025932177382231088,0.96602658788774
wikipedia,KFC_v2,static,0.02608562221881234,0.96602658788774
wikipedia,KFC_v2,static,0.026239067055393587,0.96602658788774
wikipedia,KFC_v2,static,0.026392511891974835,0.96602658788774
wikipedia,KFC_v2,static,0.026545956728556086,0.96602658788774
wikipedia,KFC_v2,static,0.026699401565137334,0.96602658788774
wikipedia,KFC_v2,static,0.026852846401718585,0.96602658788774
wikipedia,KFC_v2,static,0.027006291238299833,0.96602658788774
wikipedia,KFC_v2,static,0.02715973607488108,0.96602658788774
wikipedia,KFC_v2,static,0.027313180911462332,0.96602658788774
wikipedia,KFC_v2,static,0.02746662574804358,0.96602658788774
wikipedia,KFC_v2,static,0.027620070584624828,0.96602658788774
wikipedia,KFC_v2,static,0.02777351542120608,0.96602658788774
wikipedia,KFC_v2,static,0.027926960257787327,0.96602658788774
wikipedia,KFC_v2,static,0.028080405094368575,0.96602658788774
wikipedia,KFC_v2,static,0.028233849930949826,0.96602658788774
wikipedia,KFC_v2,static,0.028387294767531074,0.96602658788774
wikipedia,KFC_v2,static,0.02854073960411232,0.96602658788774
wikipedia,KFC_v2,static,0.028694184440693573,0.96602658788774
wikipedia,KFC_v2,static,0.02884762927727482,0.96602658788774
wikipedia,KFC_v2,static,0.02900107411385607,0.96602658788774
wikipedia,KFC_v2,static,0.02915451895043732,0.96602658788774
wikipedia,KFC_v2,static,0.029307963787018568,0.96602658788774
wikipedia,KFC_v2,static,0.02946140862359982,0.96602658788774
wikipedia,KFC_v2,static,0.029614853460181067,0.96602658788774
wikipedia,KFC_v2,static,0.029768298296762315,0.96602658788774
wikipedia,KFC_v2,static,0.029921743133343566,0.96602658788774
wikipedia,KFC_v2,static,0.030075187969924814,0.96602658788774
wikipedia,KFC_v2,static,0.03022863280650606,0.96602658788774
wikipedia,KFC_v2,static,0.030382077643087313,0.96602658788774
wikipedia,KFC_v2,static,0.03053552247966856,0.96602658788774
wikipedia,KFC_v2,static,0.03068896731624981,0.96602658788774
wikipedia,KFC_v2,static,0.03084241215283106,0.96602658788774
wikipedia,KFC_v2,static,0.030995856989412308,0.96602658788774
wikipedia,KFC_v2,static,0.031149301825993556,0.96602658788774
wikipedia,KFC_v2,static,0.03130274666257481,0.96602658788774
wikipedia,KFC_v2,static,0.03145619149915606,0.96602658788774
wikipedia,KFC_v2,static,0.0316096363357373,0.96602658788774
wikipedia,KFC_v2,static,0.031763081172318554,0.96602658788774
wikipedia,KFC_v2,static,0.031916526008899805,0.96602658788774
wikipedia,KFC_v2,static,0.03206997084548105,0.96602658788774
wikipedia,KFC_v2,static,0.0322234156820623,0.96602658788774
wikipedia,KFC_v2,static,0.03237686051864355,0.96602658788774
wikipedia,KFC_v2,static,0.032530305355224796,0.96602658788774
wikipedia,KFC_v2,static,0.03268375019180605,0.96602658788774
wikipedia,KFC_v2,static,0.0328371950283873,0.96602658788774
wikipedia,KFC_v2,static,0.03299063986496854,0.96602658788774
wikipedia,KFC_v2,static,0.033144084701549795,0.96602658788774
wikipedia,KFC_v2,static,0.033297529538131046,0.96602658788774
wikipedia,KFC_v2,static,0.03345097437471229,0.96602658788774
wikipedia,KFC_v2,static,0.03360441921129354,0.96602658788774
wikipedia,KFC_v2,static,0.03375786404787479,0.96602658788774
wikipedia,KFC_v2,static,0.03391130888445604,0.96602658788774
wikipedia,KFC_v2,static,0.03406475372103729,0.96602658788774
wikipedia,KFC_v2,static,0.03421819855761854,0.96602658788774
wikipedia,KFC_v2,static,0.034371643394199784,0.96602658788774
wikipedia,KFC_v2,static,0.034525088230781036,0.96602658788774
wikipedia,KFC_v2,static,0.03467853306736229,0.96602658788774
wikipedia,KFC_v2,static,0.03483197790394353,0.96602658788774
wikipedia,KFC_v2,static,0.03498542274052478,0.96602658788774
wikipedia,KFC_v2,static,0.035138867577106034,0.96602658788774
wikipedia,KFC_v2,static,0.03529231241368728,0.96602658788774
wikipedia,KFC_v2,static,0.03544575725026853,0.96602658788774
wikipedia,KFC_v2,static,0.03559920208684978,0.96602658788774
wikipedia,KFC_v2,static,0.035752646923431025,0.96602658788774
wikipedia,KFC_v2,static,0.035906091760012276,0.96602658788774
wikipedia,KFC_v2,static,0.03605953659659353,0.96602658788774
wikipedia,KFC_v2,static,0.03621298143317477,0.96602658788774
wikipedia,KFC_v2,static,0.03636642626975602,0.96602658788774
wikipedia,KFC_v2,static,0.036519871106337275,0.96602658788774
wikipedia,KFC_v2,static,0.036673315942918526,0.96602658788774
wikipedia,KFC_v2,static,0.03682676077949977,0.96602658788774
wikipedia,KFC_v2,static,0.03698020561608102,0.96602658788774
wikipedia,KFC_v2,static,0.03713365045266227,0.96602658788774
wikipedia,KFC_v2,static,0.03728709528924352,0.96602658788774
wikipedia,KFC_v2,static,0.03744054012582477,0.96602658788774
wikipedia,KFC_v2,static,0.03759398496240602,0.96602658788774
wikipedia,KFC_v2,static,0.037747429798987264,0.96602658788774
wikipedia,KFC_v2,static,0.037900874635568516,0.96602658788774
wikipedia,KFC_v2,static,0.03805431947214977,0.96602658788774
wikipedia,KFC_v2,static,0.03820776430873101,0.96602658788774
wikipedia,KFC_v2,static,0.03836120914531226,0.96602658788774
wikipedia,KFC_v2,static,0.038514653981893514,0.96602658788774
wikipedia,KFC_v2,static,0.03866809881847476,0.96602658788774
wikipedia,KFC_v2,static,0.03882154365505601,0.96602658788774
wikipedia,KFC_v2,static,0.03897498849163726,0.96602658788774
wikipedia,KFC_v2,static,0.039128433328218505,0.96602658788774
wikipedia,KFC_v2,static,0.039281878164799756,0.96602658788774
wikipedia,KFC_v2,static,0.03943532300138101,0.96602658788774
wikipedia,KFC_v2,static,0.03958876783796225,0.96602658788774
wikipedia,KFC_v2,static,0.0397422126745435,0.96602658788774
wikipedia,KFC_v2,static,0.039895657511124755,0.96602658788774
wikipedia,KFC_v2,static,0.040049102347706,0.96602658788774
wikipedia,KFC_v2,static,0.04020254718428725,0.96602658788774
wikipedia,KFC_v2,static,0.0403559920208685,0.96602658788774
wikipedia,KFC_v2,static,0.040509436857449746,0.96602658788774
wikipedia,KFC_v2,static,0.040662881694031,0.96602658788774
wikipedia,KFC_v2,static,0.04081632653061225,0.96602658788774
wikipedia,KFC_v2,static,0.04096977136719349,0.96602658788774
wikipedia,KFC_v2,static,0.041123216203774744,0.96602658788774
wikipedia,KFC_v2,static,0.041276661040355996,0.96602658788774
wikipedia,KFC_v2,static,0.04143010587693724,0.96602658788774
wikipedia,KFC_v2,static,0.04158355071351849,0.96602658788774
wikipedia,KFC_v2,static,0.04173699555009974,0.96602658788774
wikipedia,KFC_v2,static,0.04189044038668099,0.96602658788774
wikipedia,KFC_v2,static,0.04204388522326224,0.96602658788774
wikipedia,KFC_v2,static,0.04219733005984349,0.96602658788774
wikipedia,KFC_v2,static,0.04235077489642474,0.96602658788774
wikipedia,KFC_v2,static,0.042504219733005985,0.96602658788774
wikipedia,KFC_v2,static,0.042657664569587236,0.96602658788774
wikipedia,KFC_v2,static,0.04281110940616849,0.96602658788774
wikipedia,KFC_v2,static,0.04296455424274973,0.96602658788774
wikipedia,KFC_v2,static,0.04311799907933098,0.96602658788774
wikipedia,KFC_v2,static,0.043271443915912235,0.96602658788774
wikipedia,KFC_v2,static,0.04342488875249348,0.96602658788774
wikipedia,KFC_v2,static,0.04357833358907473,0.96602658788774
wikipedia,KFC_v2,static,0.04373177842565598,0.96602658788774
wikipedia,KFC_v2,static,0.043885223262237226,0.96602658788774
wikipedia,KFC_v2,static,0.04403866809881848,0.96602658788774
wikipedia,KFC_v2,static,0.04419211293539973,0.96602658788774
wikipedia,KFC_v2,static,0.04434555777198097,0.96602658788774
wikipedia,KFC_v2,static,0.044499002608562224,0.96602658788774
wikipedia,KFC_v2,static,0.044652447445143476,0.96602658788774
wikipedia,KFC_v2,static,0.04480589228172472,0.96602658788774
wikipedia,KFC_v2,static,0.04495933711830597,0.96602658788774
wikipedia,KFC_v2,static,0.04511278195488722,0.96602658788774
wikipedia,KFC_v2,static,0.04526622679146847,0.96602658788774
wikipedia,KFC_v2,static,0.04541967162804972,0.96602658788774
wikipedia,KFC_v2,static,0.04557311646463097,0.96602658788774
wikipedia,KFC_v2,static,0.045726561301212214,0.96602658788774
wikipedia,KFC_v2,static,0.045880006137793465,0.96602658788774
wikipedia,KFC_v2,static,0.046033450974374716,0.96602658788774
wikipedia,KFC_v2,static,0.04618689581095596,0.96602658788774
wikipedia,KFC_v2,static,0.04634034064753721,0.96602658788774
wikipedia,KFC_v2,static,0.04649378548411846,0.96602658788774
wikipedia,KFC_v2,static,0.04664723032069971,0.96602658788774
wikipedia,KFC_v2,static,0.04680067515728096,0.96602658788774
wikipedia,KFC_v2,static,0.04695411999386221,0.96602658788774
wikipedia,KFC_v2,static,0.047107564830443455,0.96602658788774
wikipedia,KFC_v2,static,0.047261009667024706,0.96602658788774
wikipedia,KFC_v2,static,0.04741445450360596,0.96602658788774
wikipedia,KFC_v2,static,0.0475678993401872,0.96602658788774
wikipedia,KFC_v2,static,0.04772134417676845,0.96602658788774
wikipedia,KFC_v2,static,0.047874789013349704,0.96602658788774
wikipedia,KFC_v2,static,0.048028233849930956,0.96602658788774
wikipedia,KFC_v2,static,0.0481816786865122,0.96602658788774
wikipedia,KFC_v2,static,0.04833512352309345,0.96602658788774
wikipedia,KFC_v2,static,0.0484885683596747,0.96602658788774
wikipedia,KFC_v2,static,0.04864201319625595,0.96602658788774
wikipedia,KFC_v2,static,0.0487954580328372,0.96602658788774
wikipedia,KFC_v2,static,0.04894890286941845,0.96602658788774
wikipedia,KFC_v2,static,0.049102347705999694,0.96602658788774
wikipedia,KFC_v2,static,0.049255792542580945,0.96602658788774
wikipedia,KFC_v2,static,0.049409237379162196,0.96602658788774
wikipedia,KFC_v2,static,0.04956268221574344,0.96602658788774
wikipedia,KFC_v2,static,0.04971612705232469,0.96602658788774
wikipedia,KFC_v2,static,0.04986957188890594,0.96602658788774
wikipedia,KFC_v2,static,0.05002301672548719,0.96602658788774
wikipedia,KFC_v2,static,0.05017646156206844,0.96602658788774
wikipedia,KFC_v2,static,0.05032990639864969,0.96602658788774
wikipedia,KFC_v2,static,0.050483351235230935,0.96602658788774
wikipedia,KFC_v2,static,0.050636796071812186,0.96602658788774
wikipedia,KFC_v2,static,0.05079024090839344,0.96602658788774
wikipedia,KFC_v2,static,0.05094368574497468,0.96602658788774
wikipedia,KFC_v2,static,0.05109713058155593,0.96602658788774
wikipedia,KFC_v2,static,0.051250575418137184,0.96602658788774
wikipedia,KFC_v2,static,0.05140402025471843,0.96602658788774
wikipedia,KFC_v2,static,0.05155746509129968,0.96602658788774
wikipedia,KFC_v2,static,0.05171090992788093,0.96602658788774
wikipedia,KFC_v2,static,0.051864354764462176,0.96602658788774
wikipedia,KFC_v2,static,0.05201779960104343,0.96602658788774
wikipedia,KFC_v2,static,0.05217124443762468,0.96602658788774
wikipedia,KFC_v2,static,0.05232468927420592,0.96602658788774
wikipedia,KFC_v2,static,0.052478134110787174,0.96602658788774
wikipedia,KFC_v2,static,0.052631578947368425,0.96602658788774
wikipedia,KFC_v2,static,0.05278502378394967,0.96602658788774
wikipedia,KFC_v2,static,0.05293846862053092,0.96602658788774
wikipedia,KFC_v2,static,0.05309191345711217,0.96602658788774
wikipedia,KFC_v2,static,0.053245358293693416,0.96602658788774
wikipedia,KFC_v2,static,0.05339880313027467,0.96602658788774
wikipedia,KFC_v2,static,0.05355224796685592,0.96602658788774
wikipedia,KFC_v2,static,0.05370569280343717,0.96602658788774
wikipedia,KFC_v2,static,0.053859137640018415,0.96602658788774
wikipedia,KFC_v2,static,0.054012582476599666,0.96602658788774
wikipedia,KFC_v2,static,0.05416602731318092,0.96602658788774
wikipedia,KFC_v2,static,0.05431947214976216,0.96602658788774
wikipedia,KFC_v2,static,0.05447291698634341,0.96602658788774
wikipedia,KFC_v2,static,0.054626361822924664,0.96602658788774
wikipedia,KFC_v2,static,0.05477980665950591,0.96602658788774
wikipedia,KFC_v2,static,0.05493325149608716,0.96602658788774
wikipedia,KFC_v2,static,0.05508669633266841,0.96602658788774
wikipedia,KFC_v2,static,0.055240141169249656,0.96602658788774
wikipedia,KFC_v2,static,0.05539358600583091,0.96602658788774
wikipedia,KFC_v2,static,0.05554703084241216,0.96602658788774
wikipedia,KFC_v2,static,0.0557004756789934,0.96602658788774
wikipedia,KFC_v2,static,0.055853920515574654,0.96602658788774
wikipedia,KFC_v2,static,0.056007365352155905,0.96602658788774
wikipedia,KFC_v2,static,0.05616081018873715,0.96602658788774
wikipedia,KFC_v2,static,0.0563142550253184,0.96602658788774
wikipedia,KFC_v2,static,0.05646769986189965,0.96602658788774
wikipedia,KFC_v2,static,0.056621144698480896,0.96602658788774
wikipedia,KFC_v2,static,0.05677458953506215,0.96602658788774
wikipedia,KFC_v2,static,0.0569280343716434,0.96602658788774
wikipedia,KFC_v2,static,0.05708147920822464,0.96602658788774
wikipedia,KFC_v2,static,0.057234924044805895,0.96602658788774
wikipedia,KFC_v2,static,0.057388368881387146,0.96602658788774
wikipedia,KFC_v2,static,0.05754181371796839,0.96602658788774
wikipedia,KFC_v2,static,0.05769525855454964,0.96602658788774
wikipedia,KFC_v2,static,0.05784870339113089,0.96602658788774
wikipedia,KFC_v2,static,0.05800214822771214,0.96602658788774
wikipedia,KFC_v2,static,0.05815559306429339,0.96602658788774
wikipedia,KFC_v2,static,0.05830903790087464,0.96602658788774
wikipedia,KFC_v2,static,0.058462482737455884,0.96602658788774
wikipedia,KFC_v2,static,0.058615927574037135,0.96602658788774
wikipedia,KFC_v2,static,0.05876937241061839,0.96602658788774
wikipedia,KFC_v2,static,0.05892281724719964,0.96602658788774
wikipedia,KFC_v2,static,0.05907626208378088,0.96602658788774
wikipedia,KFC_v2,static,0.059229706920362134,0.96602658788774
wikipedia,KFC_v2,static,0.059383151756943385,0.96602658788774
wikipedia,KFC_v2,static,0.05953659659352463,0.96602658788774
wikipedia,KFC_v2,static,0.05969004143010588,0.96602658788774
wikipedia,KFC_v2,static,0.05984348626668713,0.96602658788774
wikipedia,KFC_v2,static,0.059996931103268376,0.96602658788774
wikipedia,KFC_v2,static,0.06015037593984963,0.96602658788774
wikipedia,KFC_v2,static,0.06030382077643088,0.96602658788774
wikipedia,KFC_v2,static,0.06045726561301212,0.96602658788774
wikipedia,KFC_v2,static,0.060610710449593375,0.96602658788774
wikipedia,KFC_v2,static,0.060764155286174626,0.96602658788774
wikipedia,KFC_v2,static,0.06091760012275587,0.96602658788774
wikipedia,KFC_v2,static,0.06107104495933712,0.96602658788774
wikipedia,KFC_v2,static,0.06122448979591837,0.96602658788774
wikipedia,KFC_v2,static,0.06137793463249962,0.96602658788774
wikipedia,KFC_v2,static,0.06153137946908087,0.96602658788774
wikipedia,KFC_v2,static,0.06168482430566212,0.96602658788774
wikipedia,KFC_v2,static,0.061838269142243364,0.96602658788774
wikipedia,KFC_v2,static,0.061991713978824615,0.96602658788774
wikipedia,KFC_v2,static,0.06214515881540587,0.96602658788774
wikipedia,KFC_v2,static,0.06229860365198711,0.96602658788774
wikipedia,KFC_v2,static,0.06245204848856836,0.96602658788774
wikipedia,KFC_v2,static,0.06260549332514961,0.96602658788774
wikipedia,KFC_v2,static,0.06275893816173087,0.96602658788774
wikipedia,KFC_v2,static,0.06291238299831212,0.96602658788774
wikipedia,KFC_v2,static,0.06306582783489335,0.96602658788774
wikipedia,KFC_v2,static,0.0632192726714746,0.96602658788774
wikipedia,KFC_v2,static,0.06337271750805586,0.96602658788774
wikipedia,KFC_v2,static,0.06352616234463711,0.96602658788774
wikipedia,KFC_v2,static,0.06367960718121836,0.96602658788774
wikipedia,KFC_v2,static,0.06383305201779961,0.96602658788774
wikipedia,KFC_v2,static,0.06398649685438085,0.96602658788774
wikipedia,KFC_v2,static,0.0641399416909621,0.96602658788774
wikipedia,KFC_v2,static,0.06429338652754335,0.96602658788774
wikipedia,KFC_v2,static,0.0644468313641246,0.96602658788774
wikipedia,KFC_v2,static,0.06460027620070585,0.96602658788774
wikipedia,KFC_v2,static,0.0647537210372871,0.96602658788774
wikipedia,KFC_v2,static,0.06490716587386834,0.96602658788774
wikipedia,KFC_v2,static,0.06506061071044959,0.96602658788774
wikipedia,KFC_v2,static,0.06521405554703084,0.96602658788774
wikipedia,KFC_v2,static,0.0653675003836121,0.96602658788774
wikipedia,KFC_v2,static,0.06552094522019335,0.96602658788774
wikipedia,KFC_v2,static,0.0656743900567746,0.96602658788774
wikipedia,KFC_v2,static,0.06582783489335584,0.96602658788774
wikipedia,KFC_v2,static,0.06598127972993709,0.96602658788774
wikipedia,KFC_v2,static,0.06613472456651834,0.96602658788774
wikipedia,KFC_v2,static,0.06628816940309959,0.96602658788774
wikipedia,KFC_v2,static,0.06644161423968084,0.96602658788774
wikipedia,KFC_v2,static,0.06659505907626209,0.96602658788774
wikipedia,KFC_v2,static,0.06674850391284333,0.96602658788774
wikipedia,KFC_v2,static,0.06690194874942458,0.96602658788774
wikipedia,KFC_v2,static,0.06705539358600583,0.96602658788774
wikipedia,KFC_v2,static,0.06720883842258708,0.96602658788774
wikipedia,KFC_v2,static,0.06736228325916833,0.96602658788774
wikipedia,KFC_v2,static,0.06751572809574959,0.96602658788774
wikipedia,KFC_v2,static,0.06766917293233084,0.96602658788774
wikipedia,KFC_v2,static,0.06782261776891207,0.96602658788774
wikipedia,KFC_v2,static,0.06797606260549333,0.96602658788774
wikipedia,KFC_v2,static,0.06812950744207458,0.96602658788774
wikipedia,KFC_v2,static,0.06828295227865583,0.96602658788774
wikipedia,KFC_v2,static,0.06843639711523708,0.96602658788774
wikipedia,KFC_v2,static,0.06858984195181833,0.96602658788774
wikipedia,KFC_v2,static,0.06874328678839957,0.96602658788774
wikipedia,KFC_v2,static,0.06889673162498082,0.96602658788774
wikipedia,KFC_v2,static,0.06905017646156207,0.96602658788774
wikipedia,KFC_v2,static,0.06920362129814332,0.96602658788774
wikipedia,KFC_v2,static,0.06935706613472457,0.96602658788774
wikipedia,KFC_v2,static,0.06951051097130583,0.96602658788774
wikipedia,KFC_v2,static,0.06966395580788706,0.96602658788774
wikipedia,KFC_v2,static,0.06981740064446831,0.96602658788774
wikipedia,KFC_v2,static,0.06997084548104957,0.96602658788774
wikipedia,KFC_v2,static,0.07012429031763082,0.96602658788774
wikipedia,KFC_v2,static,0.07027773515421207,0.96602658788774
wikipedia,KFC_v2,static,0.07043117999079332,0.96602658788774
wikipedia,KFC_v2,static,0.07058462482737456,0.96602658788774
wikipedia,KFC_v2,static,0.07073806966395581,0.96602658788774
wikipedia,KFC_v2,static,0.07089151450053706,0.96602658788774
wikipedia,KFC_v2,static,0.07104495933711831,0.96602658788774
wikipedia,KFC_v2,static,0.07119840417369956,0.96602658788774
wikipedia,KFC_v2,static,0.07135184901028081,0.96602658788774
wikipedia,KFC_v2,static,0.07150529384686205,0.96602658788774
wikipedia,KFC_v2,static,0.0716587386834433,0.96602658788774
wikipedia,KFC_v2,static,0.07181218352002455,0.96602658788774
wikipedia,KFC_v2,static,0.0719656283566058,0.96602658788774
wikipedia,KFC_v2,static,0.07211907319318706,0.96602658788774
wikipedia,KFC_v2,static,0.0722725180297683,0.96602658788774
wikipedia,KFC_v2,static,0.07242596286634954,0.96602658788774
wikipedia,KFC_v2,static,0.0725794077029308,0.96602658788774
wikipedia,KFC_v2,static,0.07273285253951205,0.96602658788774
wikipedia,KFC_v2,static,0.0728862973760933,0.96602658788774
wikipedia,KFC_v2,static,0.07303974221267455,0.96602658788774
wikipedia,KFC_v2,static,0.0731931870492558,0.96602658788774
wikipedia,KFC_v2,static,0.07334663188583705,0.96602658788774
wikipedia,KFC_v2,static,0.07350007672241829,0.96602658788774
wikipedia,KFC_v2,static,0.07365352155899954,0.96602658788774
wikipedia,KFC_v2,static,0.07380696639558079,0.96602658788774
wikipedia,KFC_v2,static,0.07396041123216204,0.96602658788774
wikipedia,KFC_v2,static,0.0741138560687433,0.96602658788774
wikipedia,KFC_v2,static,0.07426730090532455,0.96602658788774
wikipedia,KFC_v2,static,0.07442074574190578,0.96602658788774
wikipedia,KFC_v2,static,0.07457419057848703,0.96602658788774
wikipedia,KFC_v2,static,0.07472763541506829,0.96602658788774
wikipedia,KFC_v2,static,0.07488108025164954,0.96602658788774
wikipedia,KFC_v2,static,0.07503452508823079,0.96602658788774
wikipedia,KFC_v2,static,0.07518796992481204,0.96602658788774
wikipedia,KFC_v2,static,0.07534141476139328,0.96602658788774
wikipedia,KFC_v2,static,0.07549485959797453,0.96602658788774
wikipedia,KFC_v2,static,0.07564830443455578,0.96602658788774
wikipedia,KFC_v2,static,0.07580174927113703,0.96602658788774
wikipedia,KFC_v2,static,0.07595519410771828,0.96602658788774
wikipedia,KFC_v2,static,0.07610863894429953,0.96602658788774
wikipedia,KFC_v2,static,0.07626208378088077,0.96602658788774
wikipedia,KFC_v2,static,0.07641552861746202,0.96602658788774
wikipedia,KFC_v2,static,0.07656897345404327,0.96602658788774
wikipedia,KFC_v2,static,0.07672241829062453,0.96602658788774
wikipedia,KFC_v2,static,0.07687586312720578,0.96602658788774
wikipedia,KFC_v2,static,0.07702930796378703,0.96602658788774
wikipedia,KFC_v2,static,0.07718275280036827,0.96602658788774
wikipedia,KFC_v2,static,0.07733619763694952,0.96602658788774
wikipedia,KFC_v2,static,0.07748964247353077,0.96602658788774
wikipedia,KFC_v2,static,0.07764308731011202,0.96602658788774
wikipedia,KFC_v2,static,0.07779653214669327,0.96602658788774
wikipedia,KFC_v2,static,0.07794997698327452,0.96602658788774
wikipedia,KFC_v2,static,0.07810342181985576,0.96602658788774
wikipedia,KFC_v2,static,0.07825686665643701,0.96602658788774
wikipedia,KFC_v2,static,0.07841031149301826,0.96602658788774
wikipedia,KFC_v2,static,0.07856375632959951,0.96602658788774
wikipedia,KFC_v2,static,0.07871720116618076,0.96602658788774
wikipedia,KFC_v2,static,0.07887064600276202,0.96602658788774
wikipedia,KFC_v2,static,0.07902409083934327,0.96602658788774
wikipedia,KFC_v2,static,0.0791775356759245,0.96602658788774
wikipedia,KFC_v2,static,0.07933098051250576,0.96602658788774
wikipedia,KFC_v2,static,0.079484425349087,0.96602658788774
wikipedia,KFC_v2,static,0.07963787018566826,0.96602658788774
wikipedia,KFC_v2,static,0.07979131502224951,0.96602658788774
wikipedia,KFC_v2,static,0.07994475985883076,0.96602658788774
wikipedia,KFC_v2,static,0.080098204695412,0.96602658788774
wikipedia,KFC_v2,static,0.08025164953199325,0.96602658788774
wikipedia,KFC_v2,static,0.0804050943685745,0.96602658788774
wikipedia,KFC_v2,static,0.08055853920515575,0.96602658788774
wikipedia,KFC_v2,static,0.080711984041737,0.96602658788774
wikipedia,KFC_v2,static,0.08086542887831825,0.96602658788774
wikipedia,KFC_v2,static,0.08101887371489949,0.96602658788774
wikipedia,KFC_v2,static,0.08117231855148074,0.96602658788774
wikipedia,KFC_v2,static,0.081325763388062,0.96602658788774
wikipedia,KFC_v2,static,0.08147920822464325,0.96602658788774
wikipedia,KFC_v2,static,0.0816326530612245,0.96602658788774
wikipedia,KFC_v2,static,0.08178609789780575,0.96602658788774
wikipedia,KFC_v2,static,0.08193954273438699,0.96602658788774
wikipedia,KFC_v2,static,0.08209298757096824,0.96602658788774
wikipedia,KFC_v2,static,0.08224643240754949,0.96602658788774
wikipedia,KFC_v2,static,0.08239987724413074,0.96602658788774
wikipedia,KFC_v2,static,0.08255332208071199,0.96602658788774
wikipedia,KFC_v2,static,0.08270676691729324,0.96602658788774
wikipedia,KFC_v2,static,0.08286021175387448,0.96602658788774
wikipedia,KFC_v2,static,0.08301365659045573,0.96602658788774
wikipedia,KFC_v2,static,0.08316710142703698,0.96602658788774
wikipedia,KFC_v2,static,0.08332054626361823,0.96602658788774
wikipedia,KFC_v2,static,0.08347399110019948,0.96602658788774
wikipedia,KFC_v2,static,0.08362743593678074,0.96602658788774
wikipedia,KFC_v2,static,0.08378088077336197,0.96602658788774
wikipedia,KFC_v2,static,0.08393432560994322,0.96602658788774
wikipedia,KFC_v2,static,0.08408777044652448,0.96602658788774
wikipedia,KFC_v2,static,0.08424121528310573,0.96602658788774
wikipedia,KFC_v2,static,0.08439466011968698,0.96602658788774
wikipedia,KFC_v2,static,0.08454810495626823,0.96602658788774
wikipedia,KFC_v2,static,0.08470154979284948,0.96602658788774
wikipedia,KFC_v2,static,0.08485499462943072,0.96602658788774
wikipedia,KFC_v2,static,0.08500843946601197,0.96602658788774
wikipedia,KFC_v2,static,0.08516188430259322,0.96602658788774
wikipedia,KFC_v2,static,0.08531532913917447,0.96602658788774
wikipedia,KFC_v2,static,0.08546877397575572,0.96602658788774
wikipedia,KFC_v2,static,0.08562221881233698,0.96602658788774
wikipedia,KFC_v2,static,0.08577566364891821,0.96602658788774
wikipedia,KFC_v2,static,0.08592910848549946,0.96602658788774
wikipedia,KFC_v2,static,0.08608255332208072,0.96602658788774
wikipedia,KFC_v2,static,0.08623599815866197,0.96602658788774
wikipedia,KFC_v2,static,0.08638944299524322,0.96602658788774
wikipedia,KFC_v2,static,0.08654288783182447,0.96602658788774
wikipedia,KFC_v2,static,0.0866963326684057,0.96602658788774
wikipedia,KFC_v2,static,0.08684977750498696,0.96602658788774
wikipedia,KFC_v2,static,0.08700322234156821,0.96602658788774
wikipedia,KFC_v2,static,0.08715666717814946,0.96602658788774
wikipedia,KFC_v2,static,0.08731011201473071,0.96602658788774
wikipedia,KFC_v2,static,0.08746355685131196,0.96602658788774
wikipedia,KFC_v2,static,0.0876170016878932,0.96602658788774
wikipedia,KFC_v2,static,0.08777044652447445,0.96602658788774
wikipedia,KFC_v2,static,0.0879238913610557,0.96602658788774
wikipedia,KFC_v2,static,0.08807733619763695,0.96602658788774
wikipedia,KFC_v2,static,0.0882307810342182,0.96602658788774
wikipedia,KFC_v2,static,0.08838422587079946,0.96602658788774
wikipedia,KFC_v2,static,0.0885376707073807,0.96602658788774
wikipedia,KFC_v2,static,0.08869111554396195,0.96602658788774
wikipedia,KFC_v2,static,0.0888445603805432,0.96602658788774
wikipedia,KFC_v2,static,0.08899800521712445,0.96602658788774
wikipedia,KFC_v2,static,0.0891514500537057,0.96602658788774
wikipedia,KFC_v2,static,0.08930489489028695,0.96602658788774
wikipedia,KFC_v2,static,0.08945833972686819,0.96602658788774
wikipedia,KFC_v2,static,0.08961178456344944,0.96602658788774
wikipedia,KFC_v2,static,0.08976522940003069,0.96602658788774
wikipedia,KFC_v2,static,0.08991867423661194,0.96602658788774
wikipedia,KFC_v2,static,0.0900721190731932,0.96602658788774
wikipedia,KFC_v2,static,0.09022556390977444,0.96602658788774
wikipedia,KFC_v2,static,0.0903790087463557,0.96602658788774
wikipedia,KFC_v2,static,0.09053245358293693,0.96602658788774
wikipedia,KFC_v2,static,0.09068589841951818,0.96602658788774
wikipedia,KFC_v2,static,0.09083934325609944,0.96602658788774
wikipedia,KFC_v2,static,0.09099278809268069,0.96602658788774
wikipedia,KFC_v2,static,0.09114623292926194,0.96602658788774
wikipedia,KFC_v2,static,0.09129967776584319,0.96602658788774
wikipedia,KFC_v2,static,0.09145312260242443,0.96602658788774
wikipedia,KFC_v2,static,0.09160656743900568,0.96602658788774
wikipedia,KFC_v2,static,0.09176001227558693,0.96602658788774
wikipedia,KFC_v2,static,0.09191345711216818,0.96602658788774
wikipedia,KFC_v2,static,0.09206690194874943,0.96602658788774
wikipedia,KFC_v2,static,0.09222034678533068,0.96602658788774
wikipedia,KFC_v2,static,0.09237379162191192,0.96602658788774
wikipedia,KFC_v2,static,0.09252723645849317,0.96602658788774
wikipedia,KFC_v2,static,0.09268068129507442,0.96602658788774
wikipedia,KFC_v2,static,0.09283412613165568,0.96602658788774
wikipedia,KFC_v2,static,0.09298757096823693,0.96602658788774
wikipedia,KFC_v2,static,0.09314101580481818,0.96602658788774
wikipedia,KFC_v2,static,0.09329446064139942,0.96602658788774
wikipedia,KFC_v2,static,0.09344790547798067,0.96602658788774
wikipedia,KFC_v2,static,0.09360135031456192,0.96602658788774
wikipedia,KFC_v2,static,0.09375479515114317,0.96602658788774
wikipedia,KFC_v2,static,0.09390823998772442,0.96602658788774
wikipedia,KFC_v2,static,0.09406168482430567,0.96602658788774
wikipedia,KFC_v2,static,0.09421512966088691,0.96602658788774
wikipedia,KFC_v2,static,0.09436857449746816,0.96602658788774
wikipedia,KFC_v2,static,0.09452201933404941,0.96602658788774
wikipedia,KFC_v2,static,0.09467546417063066,0.96602658788774
wikipedia,KFC_v2,static,0.09482890900721191,0.96602658788774
wikipedia,KFC_v2,static,0.09498235384379317,0.96602658788774
wikipedia,KFC_v2,static,0.0951357986803744,0.96602658788774
wikipedia,KFC_v2,static,0.09528924351695565,0.96602658788774
wikipedia,KFC_v2,static,0.0954426883535369,0.96602658788774
wikipedia,KFC_v2,static,0.09559613319011816,0.96602658788774
wikipedia,KFC_v2,static,0.09574957802669941,0.96602658788774
wikipedia,KFC_v2,static,0.09590302286328066,0.96602658788774
wikipedia,KFC_v2,static,0.09605646769986191,0.96602658788774
wikipedia,KFC_v2,static,0.09620991253644315,0.96602658788774
wikipedia,KFC_v2,static,0.0963633573730244,0.96602658788774
wikipedia,KFC_v2,static,0.09651680220960565,0.96602658788774
wikipedia,KFC_v2,static,0.0966702470461869,0.96602658788774
wikipedia,KFC_v2,static,0.09682369188276815,0.96602658788774
wikipedia,KFC_v2,static,0.0969771367193494,0.96602658788774
wikipedia,KFC_v2,static,0.09713058155593064,0.96602658788774
wikipedia,KFC_v2,static,0.0972840263925119,0.96602658788774
wikipedia,KFC_v2,static,0.09743747122909314,0.96602658788774
wikipedia,KFC_v2,static,0.0975909160656744,0.96602658788774
wikipedia,KFC_v2,static,0.09774436090225565,0.96602658788774
wikipedia,KFC_v2,static,0.0978978057388369,0.96602658788774
wikipedia,KFC_v2,static,0.09805125057541814,0.96602658788774
wikipedia,KFC_v2,static,0.09820469541199939,0.96602658788774
wikipedia,KFC_v2,static,0.09835814024858064,0.96602658788774
wikipedia,KFC_v2,static,0.09851158508516189,0.96602658788774
wikipedia,KFC_v2,static,0.09866502992174314,0.96602658788774
wikipedia,KFC_v2,static,0.09881847475832439,0.96602658788774
wikipedia,KFC_v2,static,0.09897191959490563,0.96602658788774
wikipedia,KFC_v2,static,0.09912536443148688,0.96602658788774
wikipedia,KFC_v2,static,0.09927880926806813,0.96602658788774
wikipedia,KFC_v2,static,0.09943225410464938,0.96602658788774
wikipedia,KFC_v2,static,0.09958569894123064,0.96602658788774
wikipedia,KFC_v2,static,0.09973914377781189,0.96602658788774
wikipedia,KFC_v2,static,0.09989258861439312,0.96602658788774
wikipedia,KFC_v2,static,0.10004603345097438,0.96602658788774
wikipedia,KFC_v2,static,0.10019947828755563,0.96602658788774
wikipedia,KFC_v2,static,0.10035292312413688,0.96602658788774
wikipedia,KFC_v2,static,0.10050636796071813,0.96602658788774
wikipedia,KFC_v2,static,0.10065981279729938,0.96602658788774
wikipedia,KFC_v2,static,0.10081325763388062,0.96602658788774
wikipedia,KFC_v2,static,0.10096670247046187,0.96602658788774
wikipedia,KFC_v2,static,0.10112014730704312,0.96602658788774
wikipedia,KFC_v2,static,0.10127359214362437,0.96602658788774
wikipedia,KFC_v2,static,0.10142703698020562,0.96602658788774
wikipedia,KFC_v2,static,0.10158048181678687,0.96602658788774
wikipedia,KFC_v2,static,0.10173392665336813,0.96602658788774
wikipedia,KFC_v2,static,0.10188737148994936,0.96602658788774
wikipedia,KFC_v2,static,0.10204081632653061,0.96602658788774
wikipedia,KFC_v2,static,0.10219426116311187,0.96602658788774
wikipedia,KFC_v2,static,0.10234770599969312,0.96602658788774
wikipedia,KFC_v2,static,0.10250115083627437,0.96602658788774
wikipedia,KFC_v2,static,0.10265459567285562,0.96602658788774
wikipedia,KFC_v2,static,0.10280804050943686,0.96602658788774
wikipedia,KFC_v2,static,0.10296148534601811,0.96602658788774
wikipedia,KFC_v2,static,0.10311493018259936,0.96602658788774
wikipedia,KFC_v2,static,0.10326837501918061,0.96602658788774
wikipedia,KFC_v2,static,0.10342181985576186,0.96602658788774
wikipedia,KFC_v2,static,0.10357526469234311,0.96602658788774
wikipedia,KFC_v2,static,0.10372870952892435,0.96602658788774
wikipedia,KFC_v2,static,0.1038821543655056,0.96602658788774
wikipedia,KFC_v2,static,0.10403559920208685,0.96602658788774
wikipedia,KFC_v2,static,0.1041890440386681,0.96602658788774
wikipedia,KFC_v2,static,0.10434248887524936,0.96602658788774
wikipedia,KFC_v2,static,0.10449593371183061,0.96602658788774
wikipedia,KFC_v2,static,0.10464937854841184,0.96602658788774
wikipedia,KFC_v2,static,0.1048028233849931,0.96602658788774
wikipedia,KFC_v2,static,0.10495626822157435,0.96602658788774
wikipedia,KFC_v2,static,0.1051097130581556,0.96602658788774
wikipedia,KFC_v2,static,0.10526315789473685,0.96602658788774
wikipedia,KFC_v2,static,0.1054166027313181,0.96602658788774
wikipedia,KFC_v2,static,0.10557004756789934,0.96602658788774
wikipedia,KFC_v2,static,0.10572349240448059,0.96602658788774
wikipedia,KFC_v2,static,0.10587693724106184,0.96602658788774
wikipedia,KFC_v2,static,0.10603038207764309,0.96602658788774
wikipedia,KFC_v2,static,0.10618382691422434,0.96602658788774
wikipedia,KFC_v2,static,0.1063372717508056,0.96602658788774
wikipedia,KFC_v2,static,0.10649071658738683,0.96602658788774
wikipedia,KFC_v2,static,0.10664416142396808,0.96602658788774
wikipedia,KFC_v2,static,0.10679760626054934,0.96602658788774
wikipedia,KFC_v2,static,0.10695105109713059,0.96602658788774
wikipedia,KFC_v2,static,0.10710449593371184,0.96602658788774
wikipedia,KFC_v2,static,0.10725794077029309,0.96602658788774
wikipedia,KFC_v2,static,0.10741138560687434,0.96602658788774
wikipedia,KFC_v2,static,0.10756483044345558,0.96602658788774
wikipedia,KFC_v2,static,0.10771827528003683,0.96602658788774
wikipedia,KFC_v2,static,0.10787172011661808,0.96602658788774
wikipedia,KFC_v2,static,0.10802516495319933,0.96602658788774
wikipedia,KFC_v2,static,0.10817860978978058,0.96602658788774
wikipedia,KFC_v2,static,0.10833205462636183,0.96602658788774
wikipedia,KFC_v2,static,0.10848549946294307,0.96602658788774
wikipedia,KFC_v2,static,0.10863894429952432,0.96602658788774
wikipedia,KFC_v2,static,0.10879238913610557,0.96602658788774
wikipedia,KFC_v2,static,0.10894583397268683,0.96602658788774
wikipedia,KFC_v2,static,0.10909927880926808,0.96602658788774
wikipedia,KFC_v2,static,0.10925272364584933,0.96602658788774
wikipedia,KFC_v2,static,0.10940616848243057,0.96602658788774
wikipedia,KFC_v2,static,0.10955961331901182,0.96602658788774
wikipedia,KFC_v2,static,0.10971305815559307,0.96602658788774
wikipedia,KFC_v2,static,0.10986650299217432,0.96602658788774
wikipedia,KFC_v2,static,0.11001994782875557,0.948301329394387
wikipedia,KFC_v2,static,0.11017339266533682,0.948301329394387
wikipedia,KFC_v2,static,0.11032683750191806,0.948301329394387
wikipedia,KFC_v2,static,0.11048028233849931,0.948301329394387
wikipedia,KFC_v2,static,0.11063372717508056,0.948301329394387
wikipedia,KFC_v2,static,0.11078717201166181,0.948301329394387
wikipedia,KFC_v2,static,0.11094061684824306,0.948301329394387
wikipedia,KFC_v2,static,0.11109406168482432,0.948301329394387
wikipedia,KFC_v2,static,0.11124750652140555,0.948301329394387
wikipedia,KFC_v2,static,0.1114009513579868,0.948301329394387
wikipedia,KFC_v2,static,0.11155439619456806,0.948301329394387
wikipedia,KFC_v2,static,0.11170784103114931,0.948301329394387
wikipedia,KFC_v2,static,0.11186128586773056,0.948301329394387
wikipedia,KFC_v2,static,0.11201473070431181,0.948301329394387
wikipedia,KFC_v2,static,0.11216817554089305,0.948301329394387
wikipedia,KFC_v2,static,0.1123216203774743,0.948301329394387
wikipedia,KFC_v2,static,0.11247506521405555,0.948301329394387
wikipedia,KFC_v2,static,0.1126285100506368,0.948301329394387
wikipedia,KFC_v2,static,0.11278195488721805,0.948301329394387
wikipedia,KFC_v2,static,0.1129353997237993,0.948301329394387
wikipedia,KFC_v2,static,0.11308884456038056,0.948301329394387
wikipedia,KFC_v2,static,0.11324228939696179,0.948301329394387
wikipedia,KFC_v2,static,0.11339573423354304,0.948301329394387
wikipedia,KFC_v2,static,0.1135491790701243,0.948301329394387
wikipedia,KFC_v2,static,0.11370262390670555,0.948301329394387
wikipedia,KFC_v2,static,0.1138560687432868,0.948301329394387
wikipedia,KFC_v2,static,0.11400951357986805,0.948301329394387
wikipedia,KFC_v2,static,0.11416295841644929,0.948301329394387
wikipedia,KFC_v2,static,0.11431640325303054,0.948301329394387
wikipedia,KFC_v2,static,0.11446984808961179,0.948301329394387
wikipedia,KFC_v2,static,0.11462329292619304,0.948301329394387
wikipedia,KFC_v2,static,0.11477673776277429,0.948301329394387
wikipedia,KFC_v2,static,0.11493018259935554,0.948301329394387
wikipedia,KFC_v2,static,0.11508362743593678,0.948301329394387
wikipedia,KFC_v2,static,0.11523707227251803,0.948301329394387
wikipedia,KFC_v2,static,0.11539051710909928,0.948301329394387
wikipedia,KFC_v2,static,0.11554396194568053,0.948301329394387
wikipedia,KFC_v2,static,0.11569740678226179,0.948301329394387
wikipedia,KFC_v2,static,0.11585085161884304,0.948301329394387
wikipedia,KFC_v2,static,0.11600429645542427,0.948301329394387
wikipedia,KFC_v2,static,0.11615774129200553,0.948301329394387
wikipedia,KFC_v2,static,0.11631118612858678,0.948301329394387
wikipedia,KFC_v2,static,0.11646463096516803,0.948301329394387
wikipedia,KFC_v2,static,0.11661807580174928,0.948301329394387
wikipedia,KFC_v2,static,0.11677152063833053,0.948301329394387
wikipedia,KFC_v2,static,0.11692496547491177,0.948301329394387
wikipedia,KFC_v2,static,0.11707841031149302,0.948301329394387
wikipedia,KFC_v2,static,0.11723185514807427,0.948301329394387
wikipedia,KFC_v2,static,0.11738529998465552,0.948301329394387
wikipedia,KFC_v2,static,0.11753874482123677,0.948301329394387
wikipedia,KFC_v2,static,0.11769218965781802,0.948301329394387
wikipedia,KFC_v2,static,0.11784563449439928,0.948301329394387
wikipedia,KFC_v2,static,0.11799907933098051,0.948301329394387
wikipedia,KFC_v2,static,0.11815252416756176,0.948301329394387
wikipedia,KFC_v2,static,0.11830596900414302,0.948301329394387
wikipedia,KFC_v2,static,0.11845941384072427,0.948301329394387
wikipedia,KFC_v2,static,0.11861285867730552,0.948301329394387
wikipedia,KFC_v2,static,0.11876630351388677,0.948301329394387
wikipedia,KFC_v2,static,0.11891974835046801,0.948301329394387
wikipedia,KFC_v2,static,0.11907319318704926,0.948301329394387
wikipedia,KFC_v2,static,0.11922663802363051,0.948301329394387
wikipedia,KFC_v2,static,0.11938008286021176,0.948301329394387
wikipedia,KFC_v2,static,0.11953352769679301,0.948301329394387
wikipedia,KFC_v2,static,0.11968697253337426,0.948301329394387
wikipedia,KFC_v2,static,0.1198404173699555,0.948301329394387
wikipedia,KFC_v2,static,0.11999386220653675,0.948301329394387
wikipedia,KFC_v2,static,0.120147307043118,0.948301329394387
wikipedia,KFC_v2,static,0.12030075187969926,0.948301329394387
wikipedia,KFC_v2,static,0.1204541967162805,0.948301329394387
wikipedia,KFC_v2,static,0.12060764155286176,0.948301329394387
wikipedia,KFC_v2,static,0.120761086389443,0.948301329394387
wikipedia,KFC_v2,static,0.12091453122602425,0.948301329394387
wikipedia,KFC_v2,static,0.1210679760626055,0.948301329394387
wikipedia,KFC_v2,static,0.12122142089918675,0.948301329394387
wikipedia,KFC_v2,static,0.121374865735768,0.948301329394387
wikipedia,KFC_v2,static,0.12152831057234925,0.948301329394387
wikipedia,KFC_v2,static,0.12168175540893049,0.948301329394387
wikipedia,KFC_v2,static,0.12183520024551174,0.948301329394387
wikipedia,KFC_v2,static,0.12198864508209299,0.948301329394387
wikipedia,KFC_v2,static,0.12214208991867424,0.948301329394387
wikipedia,KFC_v2,static,0.1222955347552555,0.948301329394387
wikipedia,KFC_v2,static,0.12244897959183675,0.948301329394387
wikipedia,KFC_v2,static,0.12260242442841798,0.948301329394387
wikipedia,KFC_v2,static,0.12275586926499923,0.948301329394387
wikipedia,KFC_v2,static,0.12290931410158049,0.948301329394387
wikipedia,KFC_v2,static,0.12306275893816174,0.948301329394387
wikipedia,KFC_v2,static,0.12321620377474299,0.948301329394387
wikipedia,KFC_v2,static,0.12336964861132424,0.948301329394387
wikipedia,KFC_v2,static,0.12352309344790549,0.948301329394387
wikipedia,KFC_v2,static,0.12367653828448673,0.948301329394387
wikipedia,KFC_v2,static,0.12382998312106798,0.948301329394387
wikipedia,KFC_v2,static,0.12398342795764923,0.948301329394387
wikipedia,KFC_v2,static,0.12413687279423048,0.948301329394387
wikipedia,KFC_v2,static,0.12429031763081173,0.948301329394387
wikipedia,KFC_v2,static,0.12444376246739298,0.948301329394387
wikipedia,KFC_v2,static,0.12459720730397422,0.948301329394387
wikipedia,KFC_v2,static,0.12475065214055547,0.948301329394387
wikipedia,KFC_v2,static,0.12490409697713672,0.948301329394387
wikipedia,KFC_v2,static,0.12505754181371798,0.948301329394387
wikipedia,KFC_v2,static,0.12521098665029923,0.948301329394387
wikipedia,KFC_v2,static,0.12536443148688048,0.948301329394387
wikipedia,KFC_v2,static,0.12551787632346173,0.948301329394387
wikipedia,KFC_v2,static,0.12567132116004298,0.948301329394387
wikipedia,KFC_v2,static,0.12582476599662423,0.948301329394387
wikipedia,KFC_v2,static,0.12597821083320546,0.948301329394387
wikipedia,KFC_v2,static,0.1261316556697867,0.948301329394387
wikipedia,KFC_v2,static,0.12628510050636796,0.948301329394387
wikipedia,KFC_v2,static,0.1264385453429492,0.948301329394387
wikipedia,KFC_v2,static,0.12659199017953046,0.948301329394387
wikipedia,KFC_v2,static,0.1267454350161117,0.948301329394387
wikipedia,KFC_v2,static,0.12689887985269296,0.948301329394387
wikipedia,KFC_v2,static,0.12705232468927422,0.7474150664697193
wikipedia,KFC_v2,static,0.12720576952585547,0.7474150664697193
wikipedia,KFC_v2,static,0.12735921436243672,0.7474150664697193
wikipedia,KFC_v2,static,0.12751265919901797,0.7474150664697193
wikipedia,KFC_v2,static,0.12766610403559922,0.7474150664697193
wikipedia,KFC_v2,static,0.12781954887218044,0.7474150664697193
wikipedia,KFC_v2,static,0.1279729937087617,0.7474150664697193
wikipedia,KFC_v2,static,0.12812643854534295,0.7474150664697193
wikipedia,KFC_v2,static,0.1282798833819242,0.7474150664697193
wikipedia,KFC_v2,static,0.12843332821850545,0.7474150664697193
wikipedia,KFC_v2,static,0.1285867730550867,0.7474150664697193
wikipedia,KFC_v2,static,0.12874021789166795,0.7474150664697193
wikipedia,KFC_v2,static,0.1288936627282492,0.7474150664697193
wikipedia,KFC_v2,static,0.12904710756483045,0.7474150664697193
wikipedia,KFC_v2,static,0.1292005524014117,0.7474150664697193
wikipedia,KFC_v2,static,0.12935399723799296,0.7474150664697193
wikipedia,KFC_v2,static,0.1295074420745742,0.7474150664697193
wikipedia,KFC_v2,static,0.12966088691115546,0.7474150664697193
wikipedia,KFC_v2,static,0.12981433174773668,0.7474150664697193
wikipedia,KFC_v2,static,0.12996777658431793,0.7474150664697193
wikipedia,KFC_v2,static,0.13012122142089919,0.7474150664697193
wikipedia,KFC_v2,static,0.13027466625748044,0.7474150664697193
wikipedia,KFC_v2,static,0.1304281110940617,0.7474150664697193
wikipedia,KFC_v2,static,0.13058155593064294,0.7474150664697193
wikipedia,KFC_v2,static,0.1307350007672242,0.7474150664697193
wikipedia,KFC_v2,static,0.13088844560380544,0.7474150664697193
wikipedia,KFC_v2,static,0.1310418904403867,0.7474150664697193
wikipedia,KFC_v2,static,0.13119533527696794,0.7474150664697193
wikipedia,KFC_v2,static,0.1313487801135492,0.7474150664697193
wikipedia,KFC_v2,static,0.13150222495013045,0.7474150664697193
wikipedia,KFC_v2,static,0.13165566978671167,0.7474150664697193
wikipedia,KFC_v2,static,0.13180911462329292,0.7474150664697193
wikipedia,KFC_v2,static,0.13196255945987417,0.7474150664697193
wikipedia,KFC_v2,static,0.13211600429645542,0.7474150664697193
wikipedia,KFC_v2,static,0.13226944913303668,0.7474150664697193
wikipedia,KFC_v2,static,0.13242289396961793,0.7474150664697193
wikipedia,KFC_v2,static,0.13257633880619918,0.7474150664697193
wikipedia,KFC_v2,static,0.13272978364278043,0.7474150664697193
wikipedia,KFC_v2,static,0.13288322847936168,0.7474150664697193
wikipedia,KFC_v2,static,0.13303667331594293,0.7474150664697193
wikipedia,KFC_v2,static,0.13319011815252418,0.7474150664697193
wikipedia,KFC_v2,static,0.13334356298910544,0.7474150664697193
wikipedia,KFC_v2,static,0.13349700782568666,0.7474150664697193
wikipedia,KFC_v2,static,0.1336504526622679,0.7474150664697193
wikipedia,KFC_v2,static,0.13380389749884916,0.7474150664697193
wikipedia,KFC_v2,static,0.1339573423354304,0.7474150664697193
wikipedia,KFC_v2,static,0.13411078717201166,0.7474150664697193
wikipedia,KFC_v2,static,0.13426423200859292,0.7474150664697193
wikipedia,KFC_v2,static,0.13441767684517417,0.7474150664697193
wikipedia,KFC_v2,static,0.13457112168175542,0.7474150664697193
wikipedia,KFC_v2,static,0.13472456651833667,0.7474150664697193
wikipedia,KFC_v2,static,0.13487801135491792,0.7474150664697193
wikipedia,KFC_v2,static,0.13503145619149917,0.7474150664697193
wikipedia,KFC_v2,static,0.13518490102808042,0.7474150664697193
wikipedia,KFC_v2,static,0.13533834586466167,0.7474150664697193
wikipedia,KFC_v2,static,0.1354917907012429,0.7474150664697193
wikipedia,KFC_v2,static,0.13564523553782415,0.7474150664697193
wikipedia,KFC_v2,static,0.1357986803744054,0.7474150664697193
wikipedia,KFC_v2,static,0.13595212521098665,0.7474150664697193
wikipedia,KFC_v2,static,0.1361055700475679,0.7474150664697193
wikipedia,KFC_v2,static,0.13625901488414915,0.7474150664697193
wikipedia,KFC_v2,static,0.1364124597207304,0.7474150664697193
wikipedia,KFC_v2,static,0.13656590455731166,0.7474150664697193
wikipedia,KFC_v2,static,0.1367193493938929,0.7474150664697193
wikipedia,KFC_v2,static,0.13687279423047416,0.7474150664697193
wikipedia,KFC_v2,static,0.1370262390670554,0.7474150664697193
wikipedia,KFC_v2,static,0.13717968390363666,0.7474150664697193
wikipedia,KFC_v2,static,0.13733312874021789,0.7474150664697193
wikipedia,KFC_v2,static,0.13748657357679914,0.7474150664697193
wikipedia,KFC_v2,static,0.1376400184133804,0.7474150664697193
wikipedia,KFC_v2,static,0.13779346324996164,0.7474150664697193
wikipedia,KFC_v2,static,0.1379469080865429,0.7474150664697193
wikipedia,KFC_v2,static,0.13810035292312414,0.7474150664697193
wikipedia,KFC_v2,static,0.1382537977597054,0.7474150664697193
wikipedia,KFC_v2,static,0.13840724259628664,0.7474150664697193
wikipedia,KFC_v2,static,0.1385606874328679,0.7474150664697193
wikipedia,KFC_v2,static,0.13871413226944915,0.7474150664697193
wikipedia,KFC_v2,static,0.1388675771060304,0.7474150664697193
wikipedia,KFC_v2,static,0.13902102194261165,0.7474150664697193
wikipedia,KFC_v2,static,0.13917446677919287,0.7474150664697193
wikipedia,KFC_v2,static,0.13932791161577412,0.7474150664697193
wikipedia,KFC_v2,static,0.13948135645235538,0.7474150664697193
wikipedia,KFC_v2,static,0.13963480128893663,0.7474150664697193
wikipedia,KFC_v2,static,0.13978824612551788,0.7474150664697193
wikipedia,KFC_v2,static,0.13994169096209913,0.7474150664697193
wikipedia,KFC_v2,static,0.14009513579868038,0.7474150664697193
wikipedia,KFC_v2,static,0.14024858063526163,0.7474150664697193
wikipedia,KFC_v2,static,0.14040202547184288,0.7474150664697193
wikipedia,KFC_v2,static,0.14055547030842414,0.7474150664697193
wikipedia,KFC_v2,static,0.1407089151450054,0.7474150664697193
wikipedia,KFC_v2,static,0.14086235998158664,0.7474150664697193
wikipedia,KFC_v2,static,0.1410158048181679,0.7474150664697193
wikipedia,KFC_v2,static,0.1411692496547491,0.7474150664697193
wikipedia,KFC_v2,static,0.14132269449133036,0.7474150664697193
wikipedia,KFC_v2,static,0.14147613932791162,0.7474150664697193
wikipedia,KFC_v2,static,0.14162958416449287,0.7474150664697193
wikipedia,KFC_v2,static,0.14178302900107412,0.7474150664697193
wikipedia,KFC_v2,static,0.14193647383765537,0.7474150664697193
wikipedia,KFC_v2,static,0.14208991867423662,0.7474150664697193
wikipedia,KFC_v2,static,0.14224336351081787,0.7474150664697193
wikipedia,KFC_v2,static,0.14239680834739912,0.7474150664697193
wikipedia,KFC_v2,static,0.14255025318398037,0.7474150664697193
wikipedia,KFC_v2,static,0.14270369802056163,0.7474150664697193
wikipedia,KFC_v2,static,0.14285714285714288,0.7474150664697193
wikipedia,KFC_v2,static,0.1430105876937241,0.7474150664697193
wikipedia,KFC_v2,static,0.14316403253030535,0.7474150664697193
wikipedia,KFC_v2,static,0.1433174773668866,0.7474150664697193
wikipedia,KFC_v2,static,0.14347092220346785,0.7474150664697193
wikipedia,KFC_v2,static,0.1436243670400491,0.7474150664697193
wikipedia,KFC_v2,static,0.14377781187663036,0.7474150664697193
wikipedia,KFC_v2,static,0.1439312567132116,0.7474150664697193
wikipedia,KFC_v2,static,0.14408470154979286,0.7474150664697193
wikipedia,KFC_v2,static,0.1442381463863741,0.7474150664697193
wikipedia,KFC_v2,static,0.14439159122295536,0.7474150664697193
wikipedia,KFC_v2,static,0.1445450360595366,0.7474150664697193
wikipedia,KFC_v2,static,0.14469848089611786,0.7474150664697193
wikipedia,KFC_v2,static,0.1448519257326991,0.7474150664697193
wikipedia,KFC_v2,static,0.14500537056928034,0.7474150664697193
wikipedia,KFC_v2,static,0.1451588154058616,0.7474150664697193
wikipedia,KFC_v2,static,0.14531226024244284,0.7474150664697193
wikipedia,KFC_v2,static,0.1454657050790241,0.7474150664697193
wikipedia,KFC_v2,static,0.14561914991560534,0.7474150664697193
wikipedia,KFC_v2,static,0.1457725947521866,0.7474150664697193
wikipedia,KFC_v2,static,0.14592603958876785,0.7474150664697193
wikipedia,KFC_v2,static,0.1460794844253491,0.7474150664697193
wikipedia,KFC_v2,static,0.14623292926193035,0.7474150664697193
wikipedia,KFC_v2,static,0.1463863740985116,0.7474150664697193
wikipedia,KFC_v2,static,0.14653981893509285,0.7474150664697193
wikipedia,KFC_v2,static,0.1466932637716741,0.7474150664697193
wikipedia,KFC_v2,static,0.14684670860825533,0.7474150664697193
wikipedia,KFC_v2,static,0.14700015344483658,0.7474150664697193
wikipedia,KFC_v2,static,0.14715359828141783,0.7474150664697193
wikipedia,KFC_v2,static,0.14730704311799908,0.7474150664697193
wikipedia,KFC_v2,static,0.14746048795458033,0.7474150664697193
wikipedia,KFC_v2,static,0.14761393279116158,0.7474150664697193
wikipedia,KFC_v2,static,0.14776737762774284,0.7474150664697193
wikipedia,KFC_v2,static,0.1479208224643241,0.7474150664697193
wikipedia,KFC_v2,static,0.14807426730090534,0.7474150664697193
wikipedia,KFC_v2,static,0.1482277121374866,0.7474150664697193
wikipedia,KFC_v2,static,0.14838115697406784,0.7474150664697193
wikipedia,KFC_v2,static,0.1485346018106491,0.7474150664697193
wikipedia,KFC_v2,static,0.14868804664723032,0.7474150664697193
wikipedia,KFC_v2,static,0.14884149148381157,0.7474150664697193
wikipedia,KFC_v2,static,0.14899493632039282,0.7474150664697193
wikipedia,KFC_v2,static,0.14914838115697407,0.7474150664697193
wikipedia,KFC_v2,static,0.14930182599355532,0.7474150664697193
wikipedia,KFC_v2,static,0.14945527083013657,0.7474150664697193
wikipedia,KFC_v2,static,0.14960871566671782,0.7474150664697193
wikipedia,KFC_v2,static,0.14976216050329907,0.7474150664697193
wikipedia,KFC_v2,static,0.14991560533988033,0.7474150664697193
wikipedia,KFC_v2,static,0.15006905017646158,0.7474150664697193
wikipedia,KFC_v2,static,0.15022249501304283,0.7474150664697193
wikipedia,KFC_v2,static,0.15037593984962408,0.7474150664697193
wikipedia,KFC_v2,static,0.1505293846862053,0.7474150664697193
wikipedia,KFC_v2,static,0.15068282952278655,0.7474150664697193
wikipedia,KFC_v2,static,0.1508362743593678,0.7474150664697193
wikipedia,KFC_v2,static,0.15098971919594906,0.7474150664697193
wikipedia,KFC_v2,static,0.1511431640325303,0.7474150664697193
wikipedia,KFC_v2,static,0.15129660886911156,0.7474150664697193
wikipedia,KFC_v2,static,0.1514500537056928,0.7474150664697193
wikipedia,KFC_v2,static,0.15160349854227406,0.7474150664697193
wikipedia,KFC_v2,static,0.1517569433788553,0.7474150664697193
wikipedia,KFC_v2,static,0.15191038821543656,0.7474150664697193
wikipedia,KFC_v2,static,0.15206383305201782,0.7474150664697193
wikipedia,KFC_v2,static,0.15221727788859907,0.7474150664697193
wikipedia,KFC_v2,static,0.15237072272518032,0.7474150664697193
wikipedia,KFC_v2,static,0.15252416756176154,0.7474150664697193
wikipedia,KFC_v2,static,0.1526776123983428,0.7474150664697193
wikipedia,KFC_v2,static,0.15283105723492404,0.7474150664697193
wikipedia,KFC_v2,static,0.1529845020715053,0.7474150664697193
wikipedia,KFC_v2,static,0.15313794690808655,0.7474150664697193
wikipedia,KFC_v2,static,0.1532913917446678,0.7474150664697193
wikipedia,KFC_v2,static,0.15344483658124905,0.7474150664697193
wikipedia,KFC_v2,static,0.1535982814178303,0.7474150664697193
wikipedia,KFC_v2,static,0.15375172625441155,0.7474150664697193
wikipedia,KFC_v2,static,0.1539051710909928,0.7474150664697193
wikipedia,KFC_v2,static,0.15405861592757406,0.7474150664697193
wikipedia,KFC_v2,static,0.1542120607641553,0.7474150664697193
wikipedia,KFC_v2,static,0.15436550560073653,0.7474150664697193
wikipedia,KFC_v2,static,0.15451895043731778,0.7474150664697193
wikipedia,KFC_v2,static,0.15467239527389903,0.7474150664697193
wikipedia,KFC_v2,static,0.15482584011048028,0.7474150664697193
wikipedia,KFC_v2,static,0.15497928494706154,0.7474150664697193
wikipedia,KFC_v2,static,0.1551327297836428,0.7474150664697193
wikipedia,KFC_v2,static,0.15528617462022404,0.7474150664697193
wikipedia,KFC_v2,static,0.1554396194568053,0.7474150664697193
wikipedia,KFC_v2,static,0.15559306429338654,0.7474150664697193
wikipedia,KFC_v2,static,0.1557465091299678,0.7474150664697193
wikipedia,KFC_v2,static,0.15589995396654904,0.7474150664697193
wikipedia,KFC_v2,static,0.1560533988031303,0.7474150664697193
wikipedia,KFC_v2,static,0.15620684363971152,0.7474150664697193
wikipedia,KFC_v2,static,0.15636028847629277,0.7474150664697193
wikipedia,KFC_v2,static,0.15651373331287402,0.7474150664697193
wikipedia,KFC_v2,static,0.15666717814945527,0.7474150664697193
wikipedia,KFC_v2,static,0.15682062298603652,0.7474150664697193
wikipedia,KFC_v2,static,0.15697406782261777,0.7474150664697193
wikipedia,KFC_v2,static,0.15712751265919903,0.7474150664697193
wikipedia,KFC_v2,static,0.15728095749578028,0.7474150664697193
wikipedia,KFC_v2,static,0.15743440233236153,0.7474150664697193
wikipedia,KFC_v2,static,0.15758784716894278,0.7474150664697193
wikipedia,KFC_v2,static,0.15774129200552403,0.7474150664697193
wikipedia,KFC_v2,static,0.15789473684210528,0.7474150664697193
wikipedia,KFC_v2,static,0.15804818167868653,0.7474150664697193
wikipedia,KFC_v2,static,0.15820162651526776,0.7474150664697193
wikipedia,KFC_v2,static,0.158355071351849,0.7474150664697193
wikipedia,KFC_v2,static,0.15850851618843026,0.7474150664697193
wikipedia,KFC_v2,static,0.1586619610250115,0.7474150664697193
wikipedia,KFC_v2,static,0.15881540586159276,0.7474150664697193
wikipedia,KFC_v2,static,0.158968850698174,0.7474150664697193
wikipedia,KFC_v2,static,0.15912229553475526,0.7474150664697193
wikipedia,KFC_v2,static,0.15927574037133652,0.7474150664697193
wikipedia,KFC_v2,static,0.15942918520791777,0.7474150664697193
wikipedia,KFC_v2,static,0.15958263004449902,0.7474150664697193
wikipedia,KFC_v2,static,0.15973607488108027,0.7474150664697193
wikipedia,KFC_v2,static,0.15988951971766152,0.7474150664697193
wikipedia,KFC_v2,static,0.16004296455424274,0.7474150664697193
wikipedia,KFC_v2,static,0.160196409390824,0.7474150664697193
wikipedia,KFC_v2,static,0.16034985422740525,0.7474150664697193
wikipedia,KFC_v2,static,0.1605032990639865,0.7474150664697193
wikipedia,KFC_v2,static,0.16065674390056775,0.7474150664697193
wikipedia,KFC_v2,static,0.160810188737149,0.7474150664697193
wikipedia,KFC_v2,static,0.16096363357373025,0.7474150664697193
wikipedia,KFC_v2,static,0.1611170784103115,0.7474150664697193
wikipedia,KFC_v2,static,0.16127052324689276,0.7474150664697193
wikipedia,KFC_v2,static,0.161423968083474,0.7474150664697193
wikipedia,KFC_v2,static,0.16157741292005526,0.7474150664697193
wikipedia,KFC_v2,static,0.1617308577566365,0.7474150664697193
wikipedia,KFC_v2,static,0.16188430259321773,0.7474150664697193
wikipedia,KFC_v2,static,0.16203774742979898,0.7474150664697193
wikipedia,KFC_v2,static,0.16219119226638024,0.7474150664697193
wikipedia,KFC_v2,static,0.1623446371029615,0.7474150664697193
wikipedia,KFC_v2,static,0.16249808193954274,0.7474150664697193
wikipedia,KFC_v2,static,0.162651526776124,0.7474150664697193
wikipedia,KFC_v2,static,0.16280497161270524,0.7045790251107829
wikipedia,KFC_v2,static,0.1629584164492865,0.7045790251107829
wikipedia,KFC_v2,static,0.16311186128586774,0.7045790251107829
wikipedia,KFC_v2,static,0.163265306122449,0.7045790251107829
wikipedia,KFC_v2,static,0.16341875095903025,0.7045790251107829
wikipedia,KFC_v2,static,0.1635721957956115,0.7045790251107829
wikipedia,KFC_v2,static,0.16372564063219275,0.7045790251107829
wikipedia,KFC_v2,static,0.16387908546877397,0.7045790251107829
wikipedia,KFC_v2,static,0.16403253030535522,0.7045790251107829
wikipedia,KFC_v2,static,0.16418597514193647,0.7045790251107829
wikipedia,KFC_v2,static,0.16433941997851773,0.7045790251107829
wikipedia,KFC_v2,static,0.16449286481509898,0.7045790251107829
wikipedia,KFC_v2,static,0.16464630965168023,0.7045790251107829
wikipedia,KFC_v2,static,0.16479975448826148,0.7045790251107829
wikipedia,KFC_v2,static,0.16495319932484273,0.7045790251107829
wikipedia,KFC_v2,static,0.16510664416142398,0.7045790251107829
wikipedia,KFC_v2,static,0.16526008899800523,0.7045790251107829
wikipedia,KFC_v2,static,0.16541353383458648,0.7045790251107829
wikipedia,KFC_v2,static,0.16556697867116774,0.7045790251107829
wikipedia,KFC_v2,static,0.16572042350774896,0.7045790251107829
wikipedia,KFC_v2,static,0.1658738683443302,0.7045790251107829
wikipedia,KFC_v2,static,0.16602731318091146,0.7045790251107829
wikipedia,KFC_v2,static,0.1661807580174927,0.7045790251107829
wikipedia,KFC_v2,static,0.16633420285407396,0.7045790251107829
wikipedia,KFC_v2,static,0.16648764769065522,0.7045790251107829
wikipedia,KFC_v2,static,0.16664109252723647,0.7045790251107829
wikipedia,KFC_v2,static,0.16679453736381772,0.7045790251107829
wikipedia,KFC_v2,static,0.16694798220039897,0.7045790251107829
wikipedia,KFC_v2,static,0.16710142703698022,0.7045790251107829
wikipedia,KFC_v2,static,0.16725487187356147,0.7045790251107829
wikipedia,KFC_v2,static,0.16740831671014272,0.7045790251107829
wikipedia,KFC_v2,static,0.16756176154672395,0.7045790251107829
wikipedia,KFC_v2,static,0.1677152063833052,0.7045790251107829
wikipedia,KFC_v2,static,0.16786865121988645,0.7045790251107829
wikipedia,KFC_v2,static,0.1680220960564677,0.7045790251107829
wikipedia,KFC_v2,static,0.16817554089304895,0.7045790251107829
wikipedia,KFC_v2,static,0.1683289857296302,0.7045790251107829
wikipedia,KFC_v2,static,0.16848243056621146,0.7045790251107829
wikipedia,KFC_v2,static,0.1686358754027927,0.7045790251107829
wikipedia,KFC_v2,static,0.16878932023937396,0.7045790251107829
wikipedia,KFC_v2,static,0.1689427650759552,0.7045790251107829
wikipedia,KFC_v2,static,0.16909620991253646,0.7045790251107829
wikipedia,KFC_v2,static,0.1692496547491177,0.7045790251107829
wikipedia,KFC_v2,static,0.16940309958569896,0.7045790251107829
wikipedia,KFC_v2,static,0.1695565444222802,0.7045790251107829
wikipedia,KFC_v2,static,0.16970998925886144,0.7045790251107829
wikipedia,KFC_v2,static,0.1698634340954427,0.7045790251107829
wikipedia,KFC_v2,static,0.17001687893202394,0.7045790251107829
wikipedia,KFC_v2,static,0.1701703237686052,0.7045790251107829
wikipedia,KFC_v2,static,0.17032376860518644,0.7045790251107829
wikipedia,KFC_v2,static,0.1704772134417677,0.7045790251107829
wikipedia,KFC_v2,static,0.17063065827834895,0.7045790251107829
wikipedia,KFC_v2,static,0.1707841031149302,0.7045790251107829
wikipedia,KFC_v2,static,0.17093754795151145,0.7045790251107829
wikipedia,KFC_v2,static,0.1710909927880927,0.6632200886262924
wikipedia,KFC_v2,static,0.17124443762467395,0.6632200886262924
wikipedia,KFC_v2,static,0.17139788246125517,0.6632200886262924
wikipedia,KFC_v2,static,0.17155132729783643,0.6632200886262924
wikipedia,KFC_v2,static,0.17170477213441768,0.6632200886262924
wikipedia,KFC_v2,static,0.17185821697099893,0.6632200886262924
wikipedia,KFC_v2,static,0.17201166180758018,0.6632200886262924
wikipedia,KFC_v2,static,0.17216510664416143,0.6632200886262924
wikipedia,KFC_v2,static,0.17231855148074268,0.6632200886262924
wikipedia,KFC_v2,static,0.17247199631732393,0.6632200886262924
wikipedia,KFC_v2,static,0.17262544115390518,0.6632200886262924
wikipedia,KFC_v2,static,0.17277888599048644,0.6632200886262924
wikipedia,KFC_v2,static,0.1729323308270677,0.6632200886262924
wikipedia,KFC_v2,static,0.17308577566364894,0.6632200886262924
wikipedia,KFC_v2,static,0.17323922050023016,0.6632200886262924
wikipedia,KFC_v2,static,0.1733926653368114,0.6632200886262924
wikipedia,KFC_v2,static,0.17354611017339266,0.6632200886262924
wikipedia,KFC_v2,static,0.17369955500997392,0.6632200886262924
wikipedia,KFC_v2,static,0.17385299984655517,0.6632200886262924
wikipedia,KFC_v2,static,0.17400644468313642,0.6632200886262924
wikipedia,KFC_v2,static,0.17415988951971767,0.6632200886262924
wikipedia,KFC_v2,static,0.17431333435629892,0.6632200886262924
wikipedia,KFC_v2,static,0.17446677919288017,0.6632200886262924
wikipedia,KFC_v2,static,0.17462022402946142,0.6632200886262924
wikipedia,KFC_v2,static,0.17477366886604268,0.6632200886262924
wikipedia,KFC_v2,static,0.17492711370262393,0.6632200886262924
wikipedia,KFC_v2,static,0.17508055853920518,0.6632200886262924
wikipedia,KFC_v2,static,0.1752340033757864,0.6632200886262924
wikipedia,KFC_v2,static,0.17538744821236765,0.6632200886262924
wikipedia,KFC_v2,static,0.1755408930489489,0.6632200886262924
wikipedia,KFC_v2,static,0.17569433788553016,0.6632200886262924
wikipedia,KFC_v2,static,0.1758477827221114,0.6632200886262924
wikipedia,KFC_v2,static,0.17600122755869266,0.5864106351550961
wikipedia,KFC_v2,static,0.1761546723952739,0.5864106351550961
wikipedia,KFC_v2,static,0.17630811723185516,0.5864106351550961
wikipedia,KFC_v2,static,0.1764615620684364,0.5864106351550961
wikipedia,KFC_v2,static,0.17661500690501766,0.5864106351550961
wikipedia,KFC_v2,static,0.17676845174159891,0.5864106351550961
wikipedia,KFC_v2,static,0.17692189657818017,0.5864106351550961
wikipedia,KFC_v2,static,0.1770753414147614,0.5864106351550961
wikipedia,KFC_v2,static,0.17722878625134264,0.5864106351550961
wikipedia,KFC_v2,static,0.1773822310879239,0.5864106351550961
wikipedia,KFC_v2,static,0.17753567592450514,0.5864106351550961
wikipedia,KFC_v2,static,0.1776891207610864,0.5864106351550961
wikipedia,KFC_v2,static,0.17784256559766765,0.5864106351550961
wikipedia,KFC_v2,static,0.1779960104342489,0.5864106351550961
wikipedia,KFC_v2,static,0.17814945527083015,0.5864106351550961
wikipedia,KFC_v2,static,0.1783029001074114,0.5864106351550961
wikipedia,KFC_v2,static,0.17845634494399265,0.5864106351550961
wikipedia,KFC_v2,static,0.1786097897805739,0.5864106351550961
wikipedia,KFC_v2,static,0.17876323461715515,0.5864106351550961
wikipedia,KFC_v2,static,0.17891667945373638,0.5864106351550961
wikipedia,KFC_v2,static,0.17907012429031763,0.5864106351550961
wikipedia,KFC_v2,static,0.17922356912689888,0.5864106351550961
wikipedia,KFC_v2,static,0.17937701396348013,0.5864106351550961
wikipedia,KFC_v2,static,0.17953045880006138,0.5864106351550961
wikipedia,KFC_v2,static,0.17968390363664263,0.5864106351550961
wikipedia,KFC_v2,static,0.17983734847322388,0.5864106351550961
wikipedia,KFC_v2,static,0.17999079330980514,0.5864106351550961
wikipedia,KFC_v2,static,0.1801442381463864,0.5864106351550961
wikipedia,KFC_v2,static,0.18029768298296764,0.5864106351550961
wikipedia,KFC_v2,static,0.1804511278195489,0.5864106351550961
wikipedia,KFC_v2,static,0.18060457265613014,0.5864106351550961
wikipedia,KFC_v2,static,0.1807580174927114,0.5864106351550961
wikipedia,KFC_v2,static,0.18091146232929262,0.5864106351550961
wikipedia,KFC_v2,static,0.18106490716587387,0.5864106351550961
wikipedia,KFC_v2,static,0.18121835200245512,0.5864106351550961
wikipedia,KFC_v2,static,0.18137179683903637,0.5864106351550961
wikipedia,KFC_v2,static,0.18152524167561762,0.5864106351550961
wikipedia,KFC_v2,static,0.18167868651219887,0.5864106351550961
wikipedia,KFC_v2,static,0.18183213134878012,0.5864106351550961
wikipedia,KFC_v2,static,0.18198557618536138,0.5864106351550961
wikipedia,KFC_v2,static,0.18213902102194263,0.5864106351550961
wikipedia,KFC_v2,static,0.18229246585852388,0.5864106351550961
wikipedia,KFC_v2,static,0.18244591069510513,0.5864106351550961
wikipedia,KFC_v2,static,0.18259935553168638,0.5864106351550961
wikipedia,KFC_v2,static,0.1827528003682676,0.5864106351550961
wikipedia,KFC_v2,static,0.18290624520484886,0.5864106351550961
wikipedia,KFC_v2,static,0.1830596900414301,0.5864106351550961
wikipedia,KFC_v2,static,0.18321313487801136,0.5864106351550961
wikipedia,KFC_v2,static,0.1833665797145926,0.5864106351550961
wikipedia,KFC_v2,static,0.18352002455117386,0.5864106351550961
wikipedia,KFC_v2,static,0.1836734693877551,0.5864106351550961
wikipedia,KFC_v2,static,0.18382691422433636,0.5864106351550961
wikipedia,KFC_v2,static,0.18398035906091761,0.5864106351550961
wikipedia,KFC_v2,static,0.18413380389749887,0.5864106351550961
wikipedia,KFC_v2,static,0.18428724873408012,0.5864106351550961
wikipedia,KFC_v2,static,0.18444069357066137,0.5864106351550961
wikipedia,KFC_v2,static,0.1845941384072426,0.5864106351550961
wikipedia,KFC_v2,static,0.18474758324382384,0.5864106351550961
wikipedia,KFC_v2,static,0.1849010280804051,0.5864106351550961
wikipedia,KFC_v2,static,0.18505447291698635,0.5864106351550961
wikipedia,KFC_v2,static,0.1852079177535676,0.5864106351550961
wikipedia,KFC_v2,static,0.18536136259014885,0.5864106351550961
wikipedia,KFC_v2,static,0.1855148074267301,0.5864106351550961
wikipedia,KFC_v2,static,0.18566825226331135,0.5864106351550961
wikipedia,KFC_v2,static,0.1858216970998926,0.5864106351550961
wikipedia,KFC_v2,static,0.18597514193647385,0.5864106351550961
wikipedia,KFC_v2,static,0.1861285867730551,0.5864106351550961
wikipedia,KFC_v2,static,0.18628203160963636,0.5864106351550961
wikipedia,KFC_v2,static,0.1864354764462176,0.5864106351550961
wikipedia,KFC_v2,static,0.18658892128279883,0.5864106351550961
wikipedia,KFC_v2,static,0.18674236611938008,0.5864106351550961
wikipedia,KFC_v2,static,0.18689581095596133,0.5864106351550961
wikipedia,KFC_v2,static,0.18704925579254258,0.5864106351550961
wikipedia,KFC_v2,static,0.18720270062912384,0.5864106351550961
wikipedia,KFC_v2,static,0.1873561454657051,0.5864106351550961
wikipedia,KFC_v2,static,0.18750959030228634,0.5864106351550961
wikipedia,KFC_v2,static,0.1876630351388676,0.5864106351550961
wikipedia,KFC_v2,static,0.18781647997544884,0.5864106351550961
wikipedia,KFC_v2,static,0.1879699248120301,0.5864106351550961
wikipedia,KFC_v2,static,0.18812336964861134,0.5864106351550961
wikipedia,KFC_v2,static,0.1882768144851926,0.5864106351550961
wikipedia,KFC_v2,static,0.18843025932177382,0.5864106351550961
wikipedia,KFC_v2,static,0.18858370415835507,0.5864106351550961
wikipedia,KFC_v2,static,0.18873714899493632,0.5864106351550961
wikipedia,KFC_v2,static,0.18889059383151757,0.5864106351550961
wikipedia,KFC_v2,static,0.18904403866809882,0.5864106351550961
wikipedia,KFC_v2,static,0.18919748350468008,0.5864106351550961
wikipedia,KFC_v2,static,0.18935092834126133,0.5864106351550961
wikipedia,KFC_v2,static,0.18950437317784258,0.5864106351550961
wikipedia,KFC_v2,static,0.18965781801442383,0.5864106351550961
wikipedia,KFC_v2,static,0.18981126285100508,0.5864106351550961
wikipedia,KFC_v2,static,0.18996470768758633,0.5864106351550961
wikipedia,KFC_v2,static,0.19011815252416758,0.5864106351550961
wikipedia,KFC_v2,static,0.1902715973607488,0.5864106351550961
wikipedia,KFC_v2,static,0.19042504219733006,0.5864106351550961
wikipedia,KFC_v2,static,0.1905784870339113,0.5864106351550961
wikipedia,KFC_v2,static,0.19073193187049256,0.5864106351550961
wikipedia,KFC_v2,static,0.1908853767070738,0.5864106351550961
wikipedia,KFC_v2,static,0.19103882154365506,0.5864106351550961
wikipedia,KFC_v2,static,0.19119226638023631,0.5864106351550961
wikipedia,KFC_v2,static,0.19134571121681757,0.5864106351550961
wikipedia,KFC_v2,static,0.19149915605339882,0.5864106351550961
wikipedia,KFC_v2,static,0.19165260088998007,0.5864106351550961
wikipedia,KFC_v2,static,0.19180604572656132,0.5864106351550961
wikipedia,KFC_v2,static,0.19195949056314257,0.5864106351550961
wikipedia,KFC_v2,static,0.19211293539972382,0.5864106351550961
wikipedia,KFC_v2,static,0.19226638023630505,0.5864106351550961
wikipedia,KFC_v2,static,0.1924198250728863,0.5864106351550961
wikipedia,KFC_v2,static,0.19257326990946755,0.5864106351550961
wikipedia,KFC_v2,static,0.1927267147460488,0.5864106351550961
wikipedia,KFC_v2,static,0.19288015958263005,0.5864106351550961
wikipedia,KFC_v2,static,0.1930336044192113,0.5864106351550961
wikipedia,KFC_v2,static,0.19318704925579255,0.5864106351550961
wikipedia,KFC_v2,static,0.1933404940923738,0.5864106351550961
wikipedia,KFC_v2,static,0.19349393892895506,0.5864106351550961
wikipedia,KFC_v2,static,0.1936473837655363,0.5864106351550961
wikipedia,KFC_v2,static,0.19380082860211756,0.5864106351550961
wikipedia,KFC_v2,static,0.1939542734386988,0.5864106351550961
wikipedia,KFC_v2,static,0.19410771827528003,0.5864106351550961
wikipedia,KFC_v2,static,0.19426116311186128,0.5864106351550961
wikipedia,KFC_v2,static,0.19441460794844254,0.5864106351550961
wikipedia,KFC_v2,static,0.1945680527850238,0.5864106351550961
wikipedia,KFC_v2,static,0.19472149762160504,0.5864106351550961
wikipedia,KFC_v2,static,0.1948749424581863,0.5864106351550961
wikipedia,KFC_v2,static,0.19502838729476754,0.5864106351550961
wikipedia,KFC_v2,static,0.1951818321313488,0.5864106351550961
wikipedia,KFC_v2,static,0.19533527696793004,0.5864106351550961
wikipedia,KFC_v2,static,0.1954887218045113,0.5864106351550961
wikipedia,KFC_v2,static,0.19564216664109255,0.5864106351550961
wikipedia,KFC_v2,static,0.1957956114776738,0.5864106351550961
wikipedia,KFC_v2,static,0.19594905631425502,0.5864106351550961
wikipedia,KFC_v2,static,0.19610250115083627,0.5864106351550961
wikipedia,KFC_v2,static,0.19625594598741752,0.5864106351550961
wikipedia,KFC_v2,static,0.19640939082399878,0.5864106351550961
wikipedia,KFC_v2,static,0.19656283566058003,0.5864106351550961
wikipedia,KFC_v2,static,0.19671628049716128,0.5864106351550961
wikipedia,KFC_v2,static,0.19686972533374253,0.5864106351550961
wikipedia,KFC_v2,static,0.19702317017032378,0.5864106351550961
wikipedia,KFC_v2,static,0.19717661500690503,0.5864106351550961
wikipedia,KFC_v2,static,0.19733005984348628,0.5864106351550961
wikipedia,KFC_v2,static,0.19748350468006753,0.5864106351550961
wikipedia,KFC_v2,static,0.19763694951664879,0.5864106351550961
wikipedia,KFC_v2,static,0.19779039435323004,0.5864106351550961
wikipedia,KFC_v2,static,0.19794383918981126,0.5864106351550961
wikipedia,KFC_v2,static,0.1980972840263925,0.5864106351550961
wikipedia,KFC_v2,static,0.19825072886297376,0.5864106351550961
wikipedia,KFC_v2,static,0.19840417369955501,0.5864106351550961
wikipedia,KFC_v2,static,0.19855761853613627,0.5864106351550961
wikipedia,KFC_v2,static,0.19871106337271752,0.5864106351550961
wikipedia,KFC_v2,static,0.19886450820929877,0.5864106351550961
wikipedia,KFC_v2,static,0.19901795304588002,0.5864106351550961
wikipedia,KFC_v2,static,0.19917139788246127,0.5864106351550961
wikipedia,KFC_v2,static,0.19932484271904252,0.5864106351550961
wikipedia,KFC_v2,static,0.19947828755562377,0.5864106351550961
wikipedia,KFC_v2,static,0.19963173239220502,0.5864106351550961
wikipedia,KFC_v2,static,0.19978517722878625,0.5864106351550961
wikipedia,KFC_v2,static,0.1999386220653675,0.5864106351550961
wikipedia,KFC_v2,static,0.20009206690194875,0.5864106351550961
wikipedia,KFC_v2,static,0.20024551173853,0.5864106351550961
wikipedia,KFC_v2,static,0.20039895657511125,0.5864106351550961
wikipedia,KFC_v2,static,0.2005524014116925,0.5864106351550961
wikipedia,KFC_v2,static,0.20070584624827376,0.5864106351550961
wikipedia,KFC_v2,static,0.200859291084855,0.5864106351550961
wikipedia,KFC_v2,static,0.20101273592143626,0.5864106351550961
wikipedia,KFC_v2,static,0.2011661807580175,0.5480059084194978
wikipedia,KFC_v2,static,0.20131962559459876,0.5480059084194978
wikipedia,KFC_v2,static,0.20147307043118,0.5480059084194978
wikipedia,KFC_v2,static,0.20162651526776124,0.5480059084194978
wikipedia,KFC_v2,static,0.2017799601043425,0.5480059084194978
wikipedia,KFC_v2,static,0.20193340494092374,0.5480059084194978
wikipedia,KFC_v2,static,0.202086849777505,0.5480059084194978
wikipedia,KFC_v2,static,0.20224029461408624,0.5480059084194978
wikipedia,KFC_v2,static,0.2023937394506675,0.5480059084194978
wikipedia,KFC_v2,static,0.20254718428724874,0.5480059084194978
wikipedia,KFC_v2,static,0.20270062912383,0.5480059084194978
wikipedia,KFC_v2,static,0.20285407396041125,0.5480059084194978
wikipedia,KFC_v2,static,0.2030075187969925,0.5480059084194978
wikipedia,KFC_v2,static,0.20316096363357375,0.5480059084194978
wikipedia,KFC_v2,static,0.203314408470155,0.5480059084194978
wikipedia,KFC_v2,static,0.20346785330673625,0.5480059084194978
wikipedia,KFC_v2,static,0.20362129814331748,0.5480059084194978
wikipedia,KFC_v2,static,0.20377474297989873,0.5480059084194978
wikipedia,KFC_v2,static,0.20392818781647998,0.5480059084194978
wikipedia,KFC_v2,static,0.20408163265306123,0.5480059084194978
wikipedia,KFC_v2,static,0.20423507748964248,0.5480059084194978
wikipedia,KFC_v2,static,0.20438852232622373,0.5480059084194978
wikipedia,KFC_v2,static,0.20454196716280498,0.5480059084194978
wikipedia,KFC_v2,static,0.20469541199938623,0.5480059084194978
wikipedia,KFC_v2,static,0.20484885683596749,0.5480059084194978
wikipedia,KFC_v2,static,0.20500230167254874,0.5480059084194978
wikipedia,KFC_v2,static,0.20515574650913,0.5480059084194978
wikipedia,KFC_v2,static,0.20530919134571124,0.5480059084194978
wikipedia,KFC_v2,static,0.20546263618229246,0.5480059084194978
wikipedia,KFC_v2,static,0.20561608101887371,0.5480059084194978
wikipedia,KFC_v2,static,0.20576952585545497,0.5480059084194978
wikipedia,KFC_v2,static,0.20592297069203622,0.5480059084194978
wikipedia,KFC_v2,static,0.20607641552861747,0.5480059084194978
wikipedia,KFC_v2,static,0.20622986036519872,0.5480059084194978
wikipedia,KFC_v2,static,0.20638330520177997,0.5480059084194978
wikipedia,KFC_v2,static,0.20653675003836122,0.5480059084194978
wikipedia,KFC_v2,static,0.20669019487494247,0.5480059084194978
wikipedia,KFC_v2,static,0.20684363971152372,0.5480059084194978
wikipedia,KFC_v2,static,0.20699708454810498,0.5480059084194978
wikipedia,KFC_v2,static,0.20715052938468623,0.5480059084194978
wikipedia,KFC_v2,static,0.20730397422126745,0.5480059084194978
wikipedia,KFC_v2,static,0.2074574190578487,0.5480059084194978
wikipedia,KFC_v2,static,0.20761086389442995,0.5480059084194978
wikipedia,KFC_v2,static,0.2077643087310112,0.5480059084194978
wikipedia,KFC_v2,static,0.20791775356759246,0.5480059084194978
wikipedia,KFC_v2,static,0.2080711984041737,0.5480059084194978
wikipedia,KFC_v2,static,0.20822464324075496,0.5480059084194978
wikipedia,KFC_v2,static,0.2083780880773362,0.5480059084194978
wikipedia,KFC_v2,static,0.20853153291391746,0.5480059084194978
wikipedia,KFC_v2,static,0.2086849777504987,0.5480059084194978
wikipedia,KFC_v2,static,0.20883842258707996,0.5480059084194978
wikipedia,KFC_v2,static,0.20899186742366122,0.5480059084194978
wikipedia,KFC_v2,static,0.20914531226024247,0.5480059084194978
wikipedia,KFC_v2,static,0.2092987570968237,0.5480059084194978
wikipedia,KFC_v2,static,0.20945220193340494,0.5480059084194978
wikipedia,KFC_v2,static,0.2096056467699862,0.5480059084194978
wikipedia,KFC_v2,static,0.20975909160656744,0.5480059084194978
wikipedia,KFC_v2,static,0.2099125364431487,0.5480059084194978
wikipedia,KFC_v2,static,0.21006598127972995,0.5480059084194978
wikipedia,KFC_v2,static,0.2102194261163112,0.5480059084194978
wikipedia,KFC_v2,static,0.21037287095289245,0.5480059084194978
wikipedia,KFC_v2,static,0.2105263157894737,0.5480059084194978
wikipedia,KFC_v2,static,0.21067976062605495,0.5480059084194978
wikipedia,KFC_v2,static,0.2108332054626362,0.5480059084194978
wikipedia,KFC_v2,static,0.21098665029921745,0.5480059084194978
wikipedia,KFC_v2,static,0.21114009513579868,0.28508124076809455
wikipedia,KFC_v2,static,0.21129353997237993,0.28508124076809455
wikipedia,KFC_v2,static,0.21144698480896118,0.28508124076809455
wikipedia,KFC_v2,static,0.21160042964554243,0.28508124076809455
wikipedia,KFC_v2,static,0.21175387448212368,0.28508124076809455
wikipedia,KFC_v2,static,0.21190731931870493,0.28508124076809455
wikipedia,KFC_v2,static,0.21206076415528619,0.28508124076809455
wikipedia,KFC_v2,static,0.21221420899186744,0.26292466765140327
wikipedia,KFC_v2,static,0.2123676538284487,0.20088626292466766
wikipedia,KFC_v2,static,0.21252109866502994,0.1964549483013294
wikipedia,KFC_v2,static,0.2126745435016112,0.1964549483013294
wikipedia,KFC_v2,static,0.21282798833819244,0.1964549483013294
wikipedia,KFC_v2,static,0.21298143317477367,0.1964549483013294
wikipedia,KFC_v2,static,0.21313487801135492,0.1964549483013294
wikipedia,KFC_v2,static,0.21328832284793617,0.1964549483013294
wikipedia,KFC_v2,static,0.21344176768451742,0.19497784342688332
wikipedia,KFC_v2,static,0.21359521252109867,0.19497784342688332
wikipedia,KFC_v2,static,0.21374865735767992,0.1935007385524372
wikipedia,KFC_v2,static,0.21390210219426117,0.1935007385524372
wikipedia,KFC_v2,static,0.21405554703084242,0.19202363367799113
wikipedia,KFC_v2,static,0.21420899186742368,0.19054652880354506
wikipedia,KFC_v2,static,0.21436243670400493,0.19054652880354506
wikipedia,KFC_v2,static,0.21451588154058618,0.18906942392909898
wikipedia,KFC_v2,static,0.21466932637716743,0.18906942392909898
wikipedia,KFC_v2,static,0.21482277121374868,0.18906942392909898
wikipedia,KFC_v2,static,0.2149762160503299,0.18906942392909898
wikipedia,KFC_v2,static,0.21512966088691116,0.18906942392909898
wikipedia,KFC_v2,static,0.2152831057234924,0.18759231905465287
wikipedia,KFC_v2,static,0.21543655056007366,0.18759231905465287
wikipedia,KFC_v2,static,0.2155899953966549,0.18759231905465287
wikipedia,KFC_v2,static,0.21574344023323616,0.18759231905465287
wikipedia,KFC_v2,static,0.2158968850698174,0.18759231905465287
wikipedia,KFC_v2,static,0.21605032990639866,0.18759231905465287
wikipedia,KFC_v2,static,0.21620377474297992,0.18759231905465287
wikipedia,KFC_v2,static,0.21635721957956117,0.18759231905465287
wikipedia,KFC_v2,static,0.21651066441614242,0.18759231905465287
wikipedia,KFC_v2,static,0.21666410925272367,0.18759231905465287
wikipedia,KFC_v2,static,0.2168175540893049,0.1861152141802068
wikipedia,KFC_v2,static,0.21697099892588614,0.1861152141802068
wikipedia,KFC_v2,static,0.2171244437624674,0.1861152141802068
wikipedia,KFC_v2,static,0.21727788859904865,0.1861152141802068
wikipedia,KFC_v2,static,0.2174313334356299,0.1861152141802068
wikipedia,KFC_v2,static,0.21758477827221115,0.1861152141802068
wikipedia,KFC_v2,static,0.2177382231087924,0.1861152141802068
wikipedia,KFC_v2,static,0.21789166794537365,0.1861152141802068
wikipedia,KFC_v2,static,0.2180451127819549,0.1861152141802068
wikipedia,KFC_v2,static,0.21819855761853615,0.18463810930576072
wikipedia,KFC_v2,static,0.2183520024551174,0.18463810930576072
wikipedia,KFC_v2,static,0.21850544729169866,0.18463810930576072
wikipedia,KFC_v2,static,0.21865889212827988,0.1831610044313146
wikipedia,KFC_v2,static,0.21881233696486113,0.1831610044313146
wikipedia,KFC_v2,static,0.21896578180144238,0.1831610044313146
wikipedia,KFC_v2,static,0.21911922663802363,0.1831610044313146
wikipedia,KFC_v2,static,0.21927267147460489,0.1831610044313146
wikipedia,KFC_v2,static,0.21942611631118614,0.1831610044313146
wikipedia,KFC_v2,static,0.2195795611477674,0.1831610044313146
wikipedia,KFC_v2,static,0.21973300598434864,0.1831610044313146
wikipedia,KFC_v2,static,0.2198864508209299,0.1831610044313146
wikipedia,KFC_v2,static,0.22003989565751114,0.1831610044313146
wikipedia,KFC_v2,static,0.2201933404940924,0.1831610044313146
wikipedia,KFC_v2,static,0.22034678533067364,0.1831610044313146
wikipedia,KFC_v2,static,0.2205002301672549,0.1831610044313146
wikipedia,KFC_v2,static,0.22065367500383612,0.1831610044313146
wikipedia,KFC_v2,static,0.22080711984041737,0.1831610044313146
wikipedia,KFC_v2,static,0.22096056467699862,0.1831610044313146
wikipedia,KFC_v2,static,0.22111400951357987,0.1831610044313146
wikipedia,KFC_v2,static,0.22126745435016112,0.1831610044313146
wikipedia,KFC_v2,static,0.22142089918674238,0.1831610044313146
wikipedia,KFC_v2,static,0.22157434402332363,0.1831610044313146
wikipedia,KFC_v2,static,0.22172778885990488,0.1831610044313146
wikipedia,KFC_v2,static,0.22188123369648613,0.1831610044313146
wikipedia,KFC_v2,static,0.22203467853306738,0.1831610044313146
wikipedia,KFC_v2,static,0.22218812336964863,0.1831610044313146
wikipedia,KFC_v2,static,0.22234156820622988,0.1831610044313146
wikipedia,KFC_v2,static,0.2224950130428111,0.1831610044313146
wikipedia,KFC_v2,static,0.22264845787939236,0.1831610044313146
wikipedia,KFC_v2,static,0.2228019027159736,0.1831610044313146
wikipedia,KFC_v2,static,0.22295534755255486,0.1831610044313146
wikipedia,KFC_v2,static,0.2231087923891361,0.1831610044313146
wikipedia,KFC_v2,static,0.22326223722571736,0.1831610044313146
wikipedia,KFC_v2,static,0.22341568206229862,0.1831610044313146
wikipedia,KFC_v2,static,0.22356912689887987,0.1831610044313146
wikipedia,KFC_v2,static,0.22372257173546112,0.1831610044313146
wikipedia,KFC_v2,static,0.22387601657204237,0.1831610044313146
wikipedia,KFC_v2,static,0.22402946140862362,0.1831610044313146
wikipedia,KFC_v2,static,0.22418290624520487,0.1831610044313146
wikipedia,KFC_v2,static,0.2243363510817861,0.18168389955686853
wikipedia,KFC_v2,static,0.22448979591836735,0.18168389955686853
wikipedia,KFC_v2,static,0.2246432407549486,0.18168389955686853
wikipedia,KFC_v2,static,0.22479668559152985,0.18168389955686853
wikipedia,KFC_v2,static,0.2249501304281111,0.18168389955686853
wikipedia,KFC_v2,static,0.22510357526469235,0.18168389955686853
wikipedia,KFC_v2,static,0.2252570201012736,0.18168389955686853
wikipedia,KFC_v2,static,0.22541046493785485,0.18168389955686853
wikipedia,KFC_v2,static,0.2255639097744361,0.18168389955686853
wikipedia,KFC_v2,static,0.22571735461101736,0.18168389955686853
wikipedia,KFC_v2,static,0.2258707994475986,0.18168389955686853
wikipedia,KFC_v2,static,0.22602424428417986,0.18168389955686853
wikipedia,KFC_v2,static,0.2261776891207611,0.18168389955686853
wikipedia,KFC_v2,static,0.22633113395734233,0.18168389955686853
wikipedia,KFC_v2,static,0.22648457879392359,0.18168389955686853
wikipedia,KFC_v2,static,0.22663802363050484,0.18168389955686853
wikipedia,KFC_v2,static,0.2267914684670861,0.18168389955686853
wikipedia,KFC_v2,static,0.22694491330366734,0.18168389955686853
wikipedia,KFC_v2,static,0.2270983581402486,0.18168389955686853
wikipedia,KFC_v2,static,0.22725180297682984,0.18168389955686853
wikipedia,KFC_v2,static,0.2274052478134111,0.18168389955686853
wikipedia,KFC_v2,static,0.22755869264999234,0.18168389955686853
wikipedia,KFC_v2,static,0.2277121374865736,0.18168389955686853
wikipedia,KFC_v2,static,0.22786558232315485,0.18168389955686853
wikipedia,KFC_v2,static,0.2280190271597361,0.18168389955686853
wikipedia,KFC_v2,static,0.22817247199631732,0.18168389955686853
wikipedia,KFC_v2,static,0.22832591683289857,0.18168389955686853
wikipedia,KFC_v2,static,0.22847936166947982,0.18168389955686853
wikipedia,KFC_v2,static,0.22863280650606108,0.18168389955686853
wikipedia,KFC_v2,static,0.22878625134264233,0.18168389955686853
wikipedia,KFC_v2,static,0.22893969617922358,0.18168389955686853
wikipedia,KFC_v2,static,0.22909314101580483,0.18168389955686853
wikipedia,KFC_v2,static,0.22924658585238608,0.18020679468242246
wikipedia,KFC_v2,static,0.22940003068896733,0.18020679468242246
wikipedia,KFC_v2,static,0.22955347552554858,0.18020679468242246
wikipedia,KFC_v2,static,0.22970692036212984,0.18020679468242246
wikipedia,KFC_v2,static,0.2298603651987111,0.18020679468242246
wikipedia,KFC_v2,static,0.2300138100352923,0.18020679468242246
wikipedia,KFC_v2,static,0.23016725487187356,0.18020679468242246
wikipedia,KFC_v2,static,0.2303206997084548,0.18020679468242246
wikipedia,KFC_v2,static,0.23047414454503606,0.18020679468242246
wikipedia,KFC_v2,static,0.23062758938161732,0.18020679468242246
wikipedia,KFC_v2,static,0.23078103421819857,0.18020679468242246
wikipedia,KFC_v2,static,0.23093447905477982,0.18020679468242246
wikipedia,KFC_v2,static,0.23108792389136107,0.18020679468242246
wikipedia,KFC_v2,static,0.23124136872794232,0.18020679468242246
wikipedia,KFC_v2,static,0.23139481356452357,0.18020679468242246
wikipedia,KFC_v2,static,0.23154825840110482,0.18020679468242246
wikipedia,KFC_v2,static,0.23170170323768607,0.18020679468242246
wikipedia,KFC_v2,static,0.23185514807426733,0.18020679468242246
wikipedia,KFC_v2,static,0.23200859291084855,0.18020679468242246
wikipedia,KFC_v2,static,0.2321620377474298,0.18020679468242246
wikipedia,KFC_v2,static,0.23231548258401105,0.18020679468242246
wikipedia,KFC_v2,static,0.2324689274205923,0.18020679468242246
wikipedia,KFC_v2,static,0.23262237225717355,0.18020679468242246
wikipedia,KFC_v2,static,0.2327758170937548,0.18020679468242246
wikipedia,KFC_v2,static,0.23292926193033606,0.18020679468242246
wikipedia,KFC_v2,static,0.2330827067669173,0.18020679468242246
wikipedia,KFC_v2,static,0.23323615160349856,0.18020679468242246
wikipedia,KFC_v2,static,0.2333895964400798,0.18020679468242246
wikipedia,KFC_v2,static,0.23354304127666106,0.18020679468242246
wikipedia,KFC_v2,static,0.2336964861132423,0.18020679468242246
wikipedia,KFC_v2,static,0.23384993094982354,0.18020679468242246
wikipedia,KFC_v2,static,0.2340033757864048,0.18020679468242246
wikipedia,KFC_v2,static,0.23415682062298604,0.18020679468242246
wikipedia,KFC_v2,static,0.2343102654595673,0.18020679468242246
wikipedia,KFC_v2,static,0.23446371029614854,0.18020679468242246
wikipedia,KFC_v2,static,0.2346171551327298,0.18020679468242246
wikipedia,KFC_v2,static,0.23477059996931104,0.18020679468242246
wikipedia,KFC_v2,static,0.2349240448058923,0.18020679468242246
wikipedia,KFC_v2,static,0.23507748964247355,0.18020679468242246
wikipedia,KFC_v2,static,0.2352309344790548,0.18020679468242246
wikipedia,KFC_v2,static,0.23538437931563605,0.18020679468242246
wikipedia,KFC_v2,static,0.2355378241522173,0.18020679468242246
wikipedia,KFC_v2,static,0.23569126898879855,0.18020679468242246
wikipedia,KFC_v2,static,0.23584471382537978,0.18020679468242246
wikipedia,KFC_v2,static,0.23599815866196103,0.18020679468242246
wikipedia,KFC_v2,static,0.23615160349854228,0.18020679468242246
wikipedia,KFC_v2,static,0.23630504833512353,0.18020679468242246
wikipedia,KFC_v2,static,0.23645849317170478,0.18020679468242246
wikipedia,KFC_v2,static,0.23661193800828603,0.18020679468242246
wikipedia,KFC_v2,static,0.23676538284486728,0.18020679468242246
wikipedia,KFC_v2,static,0.23691882768144853,0.18020679468242246
wikipedia,KFC_v2,static,0.2370722725180298,0.18020679468242246
wikipedia,KFC_v2,static,0.23722571735461104,0.18020679468242246
wikipedia,KFC_v2,static,0.2373791621911923,0.18020679468242246
wikipedia,KFC_v2,static,0.23753260702777354,0.18020679468242246
wikipedia,KFC_v2,static,0.23768605186435476,0.18020679468242246
wikipedia,KFC_v2,static,0.23783949670093602,0.18020679468242246
wikipedia,KFC_v2,static,0.23799294153751727,0.18020679468242246
wikipedia,KFC_v2,static,0.23814638637409852,0.18020679468242246
wikipedia,KFC_v2,static,0.23829983121067977,0.18020679468242246
wikipedia,KFC_v2,static,0.23845327604726102,0.18020679468242246
wikipedia,KFC_v2,static,0.23860672088384227,0.18020679468242246
wikipedia,KFC_v2,static,0.23876016572042352,0.18020679468242246
wikipedia,KFC_v2,static,0.23891361055700477,0.18020679468242246
wikipedia,KFC_v2,static,0.23906705539358603,0.18020679468242246
wikipedia,KFC_v2,static,0.23922050023016728,0.18020679468242246
wikipedia,KFC_v2,static,0.23937394506674853,0.18020679468242246
wikipedia,KFC_v2,static,0.23952738990332975,0.18020679468242246
wikipedia,KFC_v2,static,0.239680834739911,0.18020679468242246
wikipedia,KFC_v2,static,0.23983427957649225,0.18020679468242246
wikipedia,KFC_v2,static,0.2399877244130735,0.18020679468242246
wikipedia,KFC_v2,static,0.24014116924965476,0.18020679468242246
wikipedia,KFC_v2,static,0.240294614086236,0.18020679468242246
wikipedia,KFC_v2,static,0.24044805892281726,0.18020679468242246
wikipedia,KFC_v2,static,0.2406015037593985,0.18020679468242246
wikipedia,KFC_v2,static,0.24075494859597976,0.18020679468242246
wikipedia,KFC_v2,static,0.240908393432561,0.18020679468242246
wikipedia,KFC_v2,static,0.24106183826914226,0.18020679468242246
wikipedia,KFC_v2,static,0.24121528310572352,0.18020679468242246
wikipedia,KFC_v2,static,0.24136872794230477,0.18020679468242246
wikipedia,KFC_v2,static,0.241522172778886,0.18020679468242246
wikipedia,KFC_v2,static,0.24167561761546724,0.18020679468242246
wikipedia,KFC_v2,static,0.2418290624520485,0.18020679468242246
wikipedia,KFC_v2,static,0.24198250728862974,0.18020679468242246
wikipedia,KFC_v2,static,0.242135952125211,0.18020679468242246
wikipedia,KFC_v2,static,0.24228939696179225,0.18020679468242246
wikipedia,KFC_v2,static,0.2424428417983735,0.18020679468242246
wikipedia,KFC_v2,static,0.24259628663495475,0.18020679468242246
wikipedia,KFC_v2,static,0.242749731471536,0.18020679468242246
wikipedia,KFC_v2,static,0.24290317630811725,0.18020679468242246
wikipedia,KFC_v2,static,0.2430566211446985,0.18020679468242246
wikipedia,KFC_v2,static,0.24321006598127975,0.18020679468242246
wikipedia,KFC_v2,static,0.24336351081786098,0.18020679468242246
wikipedia,KFC_v2,static,0.24351695565444223,0.18020679468242246
wikipedia,KFC_v2,static,0.24367040049102348,0.17872968980797638
wikipedia,KFC_v2,static,0.24382384532760473,0.17872968980797638
wikipedia,KFC_v2,static,0.24397729016418598,0.17872968980797638
wikipedia,KFC_v2,static,0.24413073500076723,0.17872968980797638
wikipedia,KFC_v2,static,0.2442841798373485,0.17872968980797638
wikipedia,KFC_v2,static,0.24443762467392974,0.17872968980797638
wikipedia,KFC_v2,static,0.244591069510511,0.17872968980797638
wikipedia,KFC_v2,static,0.24474451434709224,0.17872968980797638
wikipedia,KFC_v2,static,0.2448979591836735,0.17872968980797638
wikipedia,KFC_v2,static,0.24505140402025474,0.17725258493353027
wikipedia,KFC_v2,static,0.24520484885683597,0.17725258493353027
wikipedia,KFC_v2,static,0.24535829369341722,0.17725258493353027
wikipedia,KFC_v2,static,0.24551173852999847,0.17725258493353027
wikipedia,KFC_v2,static,0.24566518336657972,0.17725258493353027
wikipedia,KFC_v2,static,0.24581862820316097,0.17725258493353027
wikipedia,KFC_v2,static,0.24597207303974222,0.17725258493353027
wikipedia,KFC_v2,static,0.24612551787632347,0.17725258493353027
wikipedia,KFC_v2,static,0.24627896271290473,0.17725258493353027
wikipedia,KFC_v2,static,0.24643240754948598,0.17725258493353027
wikipedia,KFC_v2,static,0.24658585238606723,0.17725258493353027
wikipedia,KFC_v2,static,0.24673929722264848,0.17725258493353027
wikipedia,KFC_v2,static,0.24689274205922973,0.17725258493353027
wikipedia,KFC_v2,static,0.24704618689581098,0.17725258493353027
wikipedia,KFC_v2,static,0.2471996317323922,0.17725258493353027
wikipedia,KFC_v2,static,0.24735307656897346,0.17725258493353027
wikipedia,KFC_v2,static,0.2475065214055547,0.17725258493353027
wikipedia,KFC_v2,static,0.24765996624213596,0.17725258493353027
wikipedia,KFC_v2,static,0.2478134110787172,0.17725258493353027
wikipedia,KFC_v2,static,0.24796685591529846,0.17725258493353027
wikipedia,KFC_v2,static,0.2481203007518797,0.17725258493353027
wikipedia,KFC_v2,static,0.24827374558846096,0.17725258493353027
wikipedia,KFC_v2,static,0.24842719042504222,0.17725258493353027
wikipedia,KFC_v2,static,0.24858063526162347,0.17725258493353027
wikipedia,KFC_v2,static,0.24873408009820472,0.17725258493353027
wikipedia,KFC_v2,static,0.24888752493478597,0.17725258493353027
wikipedia,KFC_v2,static,0.2490409697713672,0.17725258493353027
wikipedia,KFC_v2,static,0.24919441460794844,0.17725258493353027
wikipedia,KFC_v2,static,0.2493478594445297,0.17725258493353027
wikipedia,KFC_v2,static,0.24950130428111095,0.17725258493353027
wikipedia,KFC_v2,static,0.2496547491176922,0.17725258493353027
wikipedia,KFC_v2,static,0.24980819395427345,0.17725258493353027
wikipedia,KFC_v2,static,0.2499616387908547,0.17725258493353027
wikipedia,KFC_v2,static,0.25011508362743595,0.17725258493353027
wikipedia,KFC_v2,static,0.2502685284640172,0.17725258493353027
wikipedia,KFC_v2,static,0.25042197330059845,0.17725258493353027
wikipedia,KFC_v2,static,0.2505754181371797,0.17725258493353027
wikipedia,KFC_v2,static,0.25072886297376096,0.17725258493353027
wikipedia,KFC_v2,static,0.2508823078103422,0.17725258493353027
wikipedia,KFC_v2,static,0.25103575264692346,0.17725258493353027
wikipedia,KFC_v2,static,0.2511891974835047,0.17725258493353027
wikipedia,KFC_v2,static,0.25134264232008596,0.17725258493353027
wikipedia,KFC_v2,static,0.2514960871566672,0.17725258493353027
wikipedia,KFC_v2,static,0.25164953199324847,0.17725258493353027
wikipedia,KFC_v2,static,0.25180297682982966,0.17725258493353027
wikipedia,KFC_v2,static,0.2519564216664109,0.17725258493353027
wikipedia,KFC_v2,static,0.25210986650299216,0.17725258493353027
wikipedia,KFC_v2,static,0.2522633113395734,0.17725258493353027
wikipedia,KFC_v2,static,0.25241675617615467,0.17725258493353027
wikipedia,KFC_v2,static,0.2525702010127359,0.17725258493353027
wikipedia,KFC_v2,static,0.25272364584931717,0.17725258493353027
wikipedia,KFC_v2,static,0.2528770906858984,0.17725258493353027
wikipedia,KFC_v2,static,0.25303053552247967,0.17725258493353027
wikipedia,KFC_v2,static,0.2531839803590609,0.17725258493353027
wikipedia,KFC_v2,static,0.2533374251956422,0.17725258493353027
wikipedia,KFC_v2,static,0.2534908700322234,0.17725258493353027
wikipedia,KFC_v2,static,0.2536443148688047,0.17725258493353027
wikipedia,KFC_v2,static,0.25379775970538593,0.17725258493353027
wikipedia,KFC_v2,static,0.2539512045419672,0.17725258493353027
wikipedia,KFC_v2,static,0.25410464937854843,0.17725258493353027
wikipedia,KFC_v2,static,0.2542580942151297,0.17725258493353027
wikipedia,KFC_v2,static,0.25441153905171093,0.17725258493353027
wikipedia,KFC_v2,static,0.2545649838882922,0.17725258493353027
wikipedia,KFC_v2,static,0.25471842872487344,0.17725258493353027
wikipedia,KFC_v2,static,0.2548718735614547,0.1757754800590842
wikipedia,KFC_v2,static,0.25502531839803594,0.1757754800590842
wikipedia,KFC_v2,static,0.2551787632346172,0.1757754800590842
wikipedia,KFC_v2,static,0.25533220807119844,0.1757754800590842
wikipedia,KFC_v2,static,0.2554856529077797,0.1757754800590842
wikipedia,KFC_v2,static,0.2556390977443609,0.1757754800590842
wikipedia,KFC_v2,static,0.25579254258094214,0.1757754800590842
wikipedia,KFC_v2,static,0.2559459874175234,0.1757754800590842
wikipedia,KFC_v2,static,0.25609943225410464,0.1757754800590842
wikipedia,KFC_v2,static,0.2562528770906859,0.1757754800590842
wikipedia,KFC_v2,static,0.25640632192726714,0.1757754800590842
wikipedia,KFC_v2,static,0.2565597667638484,0.1757754800590842
wikipedia,KFC_v2,static,0.25671321160042965,0.1757754800590842
wikipedia,KFC_v2,static,0.2568666564370109,0.1757754800590842
wikipedia,KFC_v2,static,0.25702010127359215,0.1757754800590842
wikipedia,KFC_v2,static,0.2571735461101734,0.1757754800590842
wikipedia,KFC_v2,static,0.25732699094675465,0.1757754800590842
wikipedia,KFC_v2,static,0.2574804357833359,0.1757754800590842
wikipedia,KFC_v2,static,0.25763388061991715,0.1757754800590842
wikipedia,KFC_v2,static,0.2577873254564984,0.1757754800590842
wikipedia,KFC_v2,static,0.25794077029307966,0.1757754800590842
wikipedia,KFC_v2,static,0.2580942151296609,0.1757754800590842
wikipedia,KFC_v2,static,0.25824765996624216,0.1757754800590842
wikipedia,KFC_v2,static,0.2584011048028234,0.1757754800590842
wikipedia,KFC_v2,static,0.25855454963940466,0.1757754800590842
wikipedia,KFC_v2,static,0.2587079944759859,0.1757754800590842
wikipedia,KFC_v2,static,0.25886143931256717,0.1757754800590842
wikipedia,KFC_v2,static,0.2590148841491484,0.1757754800590842
wikipedia,KFC_v2,static,0.25916832898572967,0.1757754800590842
wikipedia,KFC_v2,static,0.2593217738223109,0.1757754800590842
wikipedia,KFC_v2,static,0.2594752186588921,0.1757754800590842
wikipedia,KFC_v2,static,0.25962866349547337,0.1757754800590842
wikipedia,KFC_v2,static,0.2597821083320546,0.1757754800590842
wikipedia,KFC_v2,static,0.25993555316863587,0.1757754800590842
wikipedia,KFC_v2,static,0.2600889980052171,0.1757754800590842
wikipedia,KFC_v2,static,0.26024244284179837,0.1757754800590842
wikipedia,KFC_v2,static,0.2603958876783796,0.1757754800590842
wikipedia,KFC_v2,static,0.2605493325149609,0.1757754800590842
wikipedia,KFC_v2,static,0.2607027773515421,0.1757754800590842
wikipedia,KFC_v2,static,0.2608562221881234,0.1757754800590842
wikipedia,KFC_v2,static,0.26100966702470463,0.1757754800590842
wikipedia,KFC_v2,static,0.2611631118612859,0.1757754800590842
wikipedia,KFC_v2,static,0.26131655669786713,0.1757754800590842
wikipedia,KFC_v2,static,0.2614700015344484,0.1757754800590842
wikipedia,KFC_v2,static,0.26162344637102963,0.1757754800590842
wikipedia,KFC_v2,static,0.2617768912076109,0.1757754800590842
wikipedia,KFC_v2,static,0.26193033604419214,0.1757754800590842
wikipedia,KFC_v2,static,0.2620837808807734,0.1757754800590842
wikipedia,KFC_v2,static,0.26223722571735464,0.1757754800590842
wikipedia,KFC_v2,static,0.2623906705539359,0.1757754800590842
wikipedia,KFC_v2,static,0.26254411539051714,0.1757754800590842
wikipedia,KFC_v2,static,0.2626975602270984,0.1757754800590842
wikipedia,KFC_v2,static,0.26285100506367964,0.1757754800590842
wikipedia,KFC_v2,static,0.2630044499002609,0.1757754800590842
wikipedia,KFC_v2,static,0.2631578947368421,0.1757754800590842
wikipedia,KFC_v2,static,0.26331133957342334,0.1757754800590842
wikipedia,KFC_v2,static,0.2634647844100046,0.1757754800590842
wikipedia,KFC_v2,static,0.26361822924658584,0.1757754800590842
wikipedia,KFC_v2,static,0.2637716740831671,0.17429837518463812
wikipedia,KFC_v2,static,0.26392511891974835,0.17429837518463812
wikipedia,KFC_v2,static,0.2640785637563296,0.17429837518463812
wikipedia,KFC_v2,static,0.26423200859291085,0.17429837518463812
wikipedia,KFC_v2,static,0.2643854534294921,0.17429837518463812
wikipedia,KFC_v2,static,0.26453889826607335,0.17429837518463812
wikipedia,KFC_v2,static,0.2646923431026546,0.17429837518463812
wikipedia,KFC_v2,static,0.26484578793923585,0.17429837518463812
wikipedia,KFC_v2,static,0.2649992327758171,0.17429837518463812
wikipedia,KFC_v2,static,0.26515267761239836,0.17429837518463812
wikipedia,KFC_v2,static,0.2653061224489796,0.17429837518463812
wikipedia,KFC_v2,static,0.26545956728556086,0.17429837518463812
wikipedia,KFC_v2,static,0.2656130121221421,0.17429837518463812
wikipedia,KFC_v2,static,0.26576645695872336,0.17429837518463812
wikipedia,KFC_v2,static,0.2659199017953046,0.17429837518463812
wikipedia,KFC_v2,static,0.26607334663188587,0.17429837518463812
wikipedia,KFC_v2,static,0.2662267914684671,0.17429837518463812
wikipedia,KFC_v2,static,0.26638023630504837,0.17429837518463812
wikipedia,KFC_v2,static,0.2665336811416296,0.17429837518463812
wikipedia,KFC_v2,static,0.26668712597821087,0.17429837518463812
wikipedia,KFC_v2,static,0.2668405708147921,0.17429837518463812
wikipedia,KFC_v2,static,0.2669940156513733,0.17429837518463812
wikipedia,KFC_v2,static,0.26714746048795457,0.17429837518463812
wikipedia,KFC_v2,static,0.2673009053245358,0.17429837518463812
wikipedia,KFC_v2,static,0.26745435016111707,0.17429837518463812
wikipedia,KFC_v2,static,0.2676077949976983,0.17429837518463812
wikipedia,KFC_v2,static,0.2677612398342796,0.17429837518463812
wikipedia,KFC_v2,static,0.2679146846708608,0.172821270310192
wikipedia,KFC_v2,static,0.2680681295074421,0.172821270310192
wikipedia,KFC_v2,static,0.26822157434402333,0.172821270310192
wikipedia,KFC_v2,static,0.2683750191806046,0.172821270310192
wikipedia,KFC_v2,static,0.26852846401718583,0.172821270310192
wikipedia,KFC_v2,static,0.2686819088537671,0.172821270310192
wikipedia,KFC_v2,static,0.26883535369034833,0.172821270310192
wikipedia,KFC_v2,static,0.2689887985269296,0.172821270310192
wikipedia,KFC_v2,static,0.26914224336351084,0.172821270310192
wikipedia,KFC_v2,static,0.2692956882000921,0.17134416543574593
wikipedia,KFC_v2,static,0.26944913303667334,0.17134416543574593
wikipedia,KFC_v2,static,0.2696025778732546,0.17134416543574593
wikipedia,KFC_v2,static,0.26975602270983584,0.17134416543574593
wikipedia,KFC_v2,static,0.2699094675464171,0.17134416543574593
wikipedia,KFC_v2,static,0.27006291238299834,0.17134416543574593
wikipedia,KFC_v2,static,0.2702163572195796,0.17134416543574593
wikipedia,KFC_v2,static,0.27036980205616085,0.17134416543574593
wikipedia,KFC_v2,static,0.2705232468927421,0.17134416543574593
wikipedia,KFC_v2,static,0.27067669172932335,0.17134416543574593
wikipedia,KFC_v2,static,0.27083013656590454,0.17134416543574593
wikipedia,KFC_v2,static,0.2709835814024858,0.17134416543574593
wikipedia,KFC_v2,static,0.27113702623906705,0.17134416543574593
wikipedia,KFC_v2,static,0.2712904710756483,0.17134416543574593
wikipedia,KFC_v2,static,0.27144391591222955,0.17134416543574593
wikipedia,KFC_v2,static,0.2715973607488108,0.17134416543574593
wikipedia,KFC_v2,static,0.27175080558539205,0.17134416543574593
wikipedia,KFC_v2,static,0.2719042504219733,0.17134416543574593
wikipedia,KFC_v2,static,0.27205769525855455,0.17134416543574593
wikipedia,KFC_v2,static,0.2722111400951358,0.17134416543574593
wikipedia,KFC_v2,static,0.27236458493171706,0.17134416543574593
wikipedia,KFC_v2,static,0.2725180297682983,0.17134416543574593
wikipedia,KFC_v2,static,0.27267147460487956,0.17134416543574593
wikipedia,KFC_v2,static,0.2728249194414608,0.17134416543574593
wikipedia,KFC_v2,static,0.27297836427804206,0.17134416543574593
wikipedia,KFC_v2,static,0.2731318091146233,0.17134416543574593
wikipedia,KFC_v2,static,0.27328525395120457,0.17134416543574593
wikipedia,KFC_v2,static,0.2734386987877858,0.17134416543574593
wikipedia,KFC_v2,static,0.27359214362436707,0.17134416543574593
wikipedia,KFC_v2,static,0.2737455884609483,0.17134416543574593
wikipedia,KFC_v2,static,0.27389903329752957,0.17134416543574593
wikipedia,KFC_v2,static,0.2740524781341108,0.17134416543574593
wikipedia,KFC_v2,static,0.2742059229706921,0.17134416543574593
wikipedia,KFC_v2,static,0.2743593678072733,0.17134416543574593
wikipedia,KFC_v2,static,0.2745128126438545,0.17134416543574593
wikipedia,KFC_v2,static,0.27466625748043577,0.17134416543574593
wikipedia,KFC_v2,static,0.274819702317017,0.16986706056129985
wikipedia,KFC_v2,static,0.2749731471535983,0.16986706056129985
wikipedia,KFC_v2,static,0.2751265919901795,0.16986706056129985
wikipedia,KFC_v2,static,0.2752800368267608,0.16986706056129985
wikipedia,KFC_v2,static,0.27543348166334203,0.16986706056129985
wikipedia,KFC_v2,static,0.2755869264999233,0.16986706056129985
wikipedia,KFC_v2,static,0.27574037133650453,0.16986706056129985
wikipedia,KFC_v2,static,0.2758938161730858,0.16986706056129985
wikipedia,KFC_v2,static,0.27604726100966703,0.16986706056129985
wikipedia,KFC_v2,static,0.2762007058462483,0.16986706056129985
wikipedia,KFC_v2,static,0.27635415068282954,0.16986706056129985
wikipedia,KFC_v2,static,0.2765075955194108,0.16986706056129985
wikipedia,KFC_v2,static,0.27666104035599204,0.16986706056129985
wikipedia,KFC_v2,static,0.2768144851925733,0.16986706056129985
wikipedia,KFC_v2,static,0.27696793002915454,0.16986706056129985
wikipedia,KFC_v2,static,0.2771213748657358,0.16986706056129985
wikipedia,KFC_v2,static,0.27727481970231704,0.16986706056129985
wikipedia,KFC_v2,static,0.2774282645388983,0.16986706056129985
wikipedia,KFC_v2,static,0.27758170937547955,0.16986706056129985
wikipedia,KFC_v2,static,0.2777351542120608,0.16986706056129985
wikipedia,KFC_v2,static,0.27788859904864205,0.16986706056129985
wikipedia,KFC_v2,static,0.2780420438852233,0.16986706056129985
wikipedia,KFC_v2,static,0.27819548872180455,0.16986706056129985
wikipedia,KFC_v2,static,0.27834893355838575,0.16986706056129985
wikipedia,KFC_v2,static,0.278502378394967,0.16986706056129985
wikipedia,KFC_v2,static,0.27865582323154825,0.16986706056129985
wikipedia,KFC_v2,static,0.2788092680681295,0.16986706056129985
wikipedia,KFC_v2,static,0.27896271290471075,0.16986706056129985
wikipedia,KFC_v2,static,0.279116157741292,0.16986706056129985
wikipedia,KFC_v2,static,0.27926960257787325,0.16986706056129985
wikipedia,KFC_v2,static,0.2794230474144545,0.16986706056129985
wikipedia,KFC_v2,static,0.27957649225103576,0.16986706056129985
wikipedia,KFC_v2,static,0.279729937087617,0.16986706056129985
wikipedia,KFC_v2,static,0.27988338192419826,0.16986706056129985
wikipedia,KFC_v2,static,0.2800368267607795,0.16986706056129985
wikipedia,KFC_v2,static,0.28019027159736076,0.16986706056129985
wikipedia,KFC_v2,static,0.280343716433942,0.16986706056129985
wikipedia,KFC_v2,static,0.28049716127052327,0.16986706056129985
wikipedia,KFC_v2,static,0.2806506061071045,0.16986706056129985
wikipedia,KFC_v2,static,0.28080405094368577,0.16986706056129985
wikipedia,KFC_v2,static,0.280957495780267,0.16986706056129985
wikipedia,KFC_v2,static,0.28111094061684827,0.16986706056129985
wikipedia,KFC_v2,static,0.2812643854534295,0.16986706056129985
wikipedia,KFC_v2,static,0.2814178302900108,0.16986706056129985
wikipedia,KFC_v2,static,0.281571275126592,0.16986706056129985
wikipedia,KFC_v2,static,0.2817247199631733,0.16986706056129985
wikipedia,KFC_v2,static,0.2818781647997545,0.16986706056129985
wikipedia,KFC_v2,static,0.2820316096363358,0.16986706056129985
wikipedia,KFC_v2,static,0.282185054472917,0.16986706056129985
wikipedia,KFC_v2,static,0.2823384993094982,0.16986706056129985
wikipedia,KFC_v2,static,0.2824919441460795,0.16986706056129985
wikipedia,KFC_v2,static,0.28264538898266073,0.16986706056129985
wikipedia,KFC_v2,static,0.282798833819242,0.16986706056129985
wikipedia,KFC_v2,static,0.28295227865582323,0.16986706056129985
wikipedia,KFC_v2,static,0.2831057234924045,0.16986706056129985
wikipedia,KFC_v2,static,0.28325916832898573,0.16986706056129985
wikipedia,KFC_v2,static,0.283412613165567,0.16986706056129985
wikipedia,KFC_v2,static,0.28356605800214824,0.16986706056129985
wikipedia,KFC_v2,static,0.2837195028387295,0.16986706056129985
wikipedia,KFC_v2,static,0.28387294767531074,0.16986706056129985
wikipedia,KFC_v2,static,0.284026392511892,0.16986706056129985
wikipedia,KFC_v2,static,0.28417983734847324,0.16986706056129985
wikipedia,KFC_v2,static,0.2843332821850545,0.16986706056129985
wikipedia,KFC_v2,static,0.28448672702163574,0.16986706056129985
wikipedia,KFC_v2,static,0.284640171858217,0.16986706056129985
wikipedia,KFC_v2,static,0.28479361669479825,0.16986706056129985
wikipedia,KFC_v2,static,0.2849470615313795,0.16986706056129985
wikipedia,KFC_v2,static,0.28510050636796075,0.16986706056129985
wikipedia,KFC_v2,static,0.285253951204542,0.16986706056129985
wikipedia,KFC_v2,static,0.28540739604112325,0.16986706056129985
wikipedia,KFC_v2,static,0.2855608408777045,0.16986706056129985
wikipedia,KFC_v2,static,0.28571428571428575,0.16986706056129985
wikipedia,KFC_v2,static,0.28586773055086695,0.16986706056129985
wikipedia,KFC_v2,static,0.2860211753874482,0.16838995568685378
wikipedia,KFC_v2,static,0.28617462022402945,0.16838995568685378
wikipedia,KFC_v2,static,0.2863280650606107,0.16838995568685378
wikipedia,KFC_v2,static,0.28648150989719195,0.16838995568685378
wikipedia,KFC_v2,static,0.2866349547337732,0.16838995568685378
wikipedia,KFC_v2,static,0.28678839957035446,0.16838995568685378
wikipedia,KFC_v2,static,0.2869418444069357,0.16838995568685378
wikipedia,KFC_v2,static,0.28709528924351696,0.16838995568685378
wikipedia,KFC_v2,static,0.2872487340800982,0.16838995568685378
wikipedia,KFC_v2,static,0.28740217891667946,0.16838995568685378
wikipedia,KFC_v2,static,0.2875556237532607,0.16838995568685378
wikipedia,KFC_v2,static,0.28770906858984197,0.16838995568685378
wikipedia,KFC_v2,static,0.2878625134264232,0.16838995568685378
wikipedia,KFC_v2,static,0.28801595826300447,0.16838995568685378
wikipedia,KFC_v2,static,0.2881694030995857,0.16838995568685378
wikipedia,KFC_v2,static,0.28832284793616697,0.16838995568685378
wikipedia,KFC_v2,static,0.2884762927727482,0.16838995568685378
wikipedia,KFC_v2,static,0.2886297376093295,0.16838995568685378
wikipedia,KFC_v2,static,0.2887831824459107,0.16838995568685378
wikipedia,KFC_v2,static,0.288936627282492,0.16838995568685378
wikipedia,KFC_v2,static,0.2890900721190732,0.16838995568685378
wikipedia,KFC_v2,static,0.2892435169556545,0.16838995568685378
wikipedia,KFC_v2,static,0.28939696179223573,0.16838995568685378
wikipedia,KFC_v2,static,0.289550406628817,0.16838995568685378
wikipedia,KFC_v2,static,0.2897038514653982,0.16838995568685378
wikipedia,KFC_v2,static,0.28985729630197943,0.16838995568685378
wikipedia,KFC_v2,static,0.2900107411385607,0.16838995568685378
wikipedia,KFC_v2,static,0.29016418597514193,0.16838995568685378
wikipedia,KFC_v2,static,0.2903176308117232,0.16838995568685378
wikipedia,KFC_v2,static,0.29047107564830443,0.16838995568685378
wikipedia,KFC_v2,static,0.2906245204848857,0.16838995568685378
wikipedia,KFC_v2,static,0.29077796532146694,0.16838995568685378
wikipedia,KFC_v2,static,0.2909314101580482,0.16838995568685378
wikipedia,KFC_v2,static,0.29108485499462944,0.16838995568685378
wikipedia,KFC_v2,static,0.2912382998312107,0.16838995568685378
wikipedia,KFC_v2,static,0.29139174466779194,0.16838995568685378
wikipedia,KFC_v2,static,0.2915451895043732,0.16838995568685378
wikipedia,KFC_v2,static,0.29169863434095444,0.16838995568685378
wikipedia,KFC_v2,static,0.2918520791775357,0.16838995568685378
wikipedia,KFC_v2,static,0.29200552401411695,0.16838995568685378
wikipedia,KFC_v2,static,0.2921589688506982,0.16838995568685378
wikipedia,KFC_v2,static,0.29231241368727945,0.16838995568685378
wikipedia,KFC_v2,static,0.2924658585238607,0.16838995568685378
wikipedia,KFC_v2,static,0.29261930336044195,0.16838995568685378
wikipedia,KFC_v2,static,0.2927727481970232,0.16838995568685378
wikipedia,KFC_v2,static,0.29292619303360445,0.16838995568685378
wikipedia,KFC_v2,static,0.2930796378701857,0.16838995568685378
wikipedia,KFC_v2,static,0.29323308270676696,0.16838995568685378
wikipedia,KFC_v2,static,0.2933865275433482,0.16838995568685378
wikipedia,KFC_v2,static,0.2935399723799294,0.16838995568685378
wikipedia,KFC_v2,static,0.29369341721651065,0.16838995568685378
wikipedia,KFC_v2,static,0.2938468620530919,0.16838995568685378
wikipedia,KFC_v2,static,0.29400030688967316,0.16838995568685378
wikipedia,KFC_v2,static,0.2941537517262544,0.16838995568685378
wikipedia,KFC_v2,static,0.29430719656283566,0.16838995568685378
wikipedia,KFC_v2,static,0.2944606413994169,0.16838995568685378
wikipedia,KFC_v2,static,0.29461408623599816,0.16838995568685378
wikipedia,KFC_v2,static,0.2947675310725794,0.16838995568685378
wikipedia,KFC_v2,static,0.29492097590916067,0.16838995568685378
wikipedia,KFC_v2,static,0.2950744207457419,0.16838995568685378
wikipedia,KFC_v2,static,0.29522786558232317,0.16838995568685378
wikipedia,KFC_v2,static,0.2953813104189044,0.16838995568685378
wikipedia,KFC_v2,static,0.29553475525548567,0.16838995568685378
wikipedia,KFC_v2,static,0.2956882000920669,0.16838995568685378
wikipedia,KFC_v2,static,0.2958416449286482,0.16838995568685378
wikipedia,KFC_v2,static,0.2959950897652294,0.16838995568685378
wikipedia,KFC_v2,static,0.2961485346018107,0.16838995568685378
wikipedia,KFC_v2,static,0.2963019794383919,0.16838995568685378
wikipedia,KFC_v2,static,0.2964554242749732,0.16838995568685378
wikipedia,KFC_v2,static,0.29660886911155443,0.16838995568685378
wikipedia,KFC_v2,static,0.2967623139481357,0.16838995568685378
wikipedia,KFC_v2,static,0.29691575878471693,0.16838995568685378
wikipedia,KFC_v2,static,0.2970692036212982,0.16838995568685378
wikipedia,KFC_v2,static,0.2972226484578794,0.16838995568685378
wikipedia,KFC_v2,static,0.29737609329446063,0.16838995568685378
wikipedia,KFC_v2,static,0.2975295381310419,0.16838995568685378
wikipedia,KFC_v2,static,0.29768298296762313,0.16838995568685378
wikipedia,KFC_v2,static,0.2978364278042044,0.16838995568685378
wikipedia,KFC_v2,static,0.29798987264078564,0.16838995568685378
wikipedia,KFC_v2,static,0.2981433174773669,0.16838995568685378
wikipedia,KFC_v2,static,0.29829676231394814,0.16838995568685378
wikipedia,KFC_v2,static,0.2984502071505294,0.16838995568685378
wikipedia,KFC_v2,static,0.29860365198711064,0.16838995568685378
wikipedia,KFC_v2,static,0.2987570968236919,0.16838995568685378
wikipedia,KFC_v2,static,0.29891054166027314,0.16838995568685378
wikipedia,KFC_v2,static,0.2990639864968544,0.16838995568685378
wikipedia,KFC_v2,static,0.29921743133343565,0.16838995568685378
wikipedia,KFC_v2,static,0.2993708761700169,0.16838995568685378
wikipedia,KFC_v2,static,0.29952432100659815,0.16838995568685378
wikipedia,KFC_v2,static,0.2996777658431794,0.16838995568685378
wikipedia,KFC_v2,static,0.29983121067976065,0.16838995568685378
wikipedia,KFC_v2,static,0.2999846555163419,0.16838995568685378
wikipedia,KFC_v2,static,0.30013810035292315,0.16838995568685378
wikipedia,KFC_v2,static,0.3002915451895044,0.16838995568685378
wikipedia,KFC_v2,static,0.30044499002608566,0.16838995568685378
wikipedia,KFC_v2,static,0.3005984348626669,0.16691285081240767
wikipedia,KFC_v2,static,0.30075187969924816,0.16691285081240767
wikipedia,KFC_v2,static,0.3009053245358294,0.16691285081240767
wikipedia,KFC_v2,static,0.3010587693724106,0.16691285081240767
wikipedia,KFC_v2,static,0.30121221420899186,0.16691285081240767
wikipedia,KFC_v2,static,0.3013656590455731,0.16691285081240767
wikipedia,KFC_v2,static,0.30151910388215436,0.16691285081240767
wikipedia,KFC_v2,static,0.3016725487187356,0.16691285081240767
wikipedia,KFC_v2,static,0.30182599355531686,0.16691285081240767
wikipedia,KFC_v2,static,0.3019794383918981,0.16691285081240767
wikipedia,KFC_v2,static,0.30213288322847937,0.16691285081240767
wikipedia,KFC_v2,static,0.3022863280650606,0.16691285081240767
wikipedia,KFC_v2,static,0.30243977290164187,0.16691285081240767
wikipedia,KFC_v2,static,0.3025932177382231,0.16691285081240767
wikipedia,KFC_v2,static,0.30274666257480437,0.16691285081240767
wikipedia,KFC_v2,static,0.3029001074113856,0.16691285081240767
wikipedia,KFC_v2,static,0.3030535522479669,0.16691285081240767
wikipedia,KFC_v2,static,0.3032069970845481,0.16691285081240767
wikipedia,KFC_v2,static,0.3033604419211294,0.16691285081240767
wikipedia,KFC_v2,static,0.3035138867577106,0.16691285081240767
wikipedia,KFC_v2,static,0.3036673315942919,0.16691285081240767
wikipedia,KFC_v2,static,0.30382077643087313,0.16691285081240767
wikipedia,KFC_v2,static,0.3039742212674544,0.16691285081240767
wikipedia,KFC_v2,static,0.30412766610403563,0.16691285081240767
wikipedia,KFC_v2,static,0.3042811109406169,0.16691285081240767
wikipedia,KFC_v2,static,0.30443455577719813,0.16691285081240767
wikipedia,KFC_v2,static,0.3045880006137794,0.16691285081240767
wikipedia,KFC_v2,static,0.30474144545036064,0.16691285081240767
wikipedia,KFC_v2,static,0.30489489028694183,0.16691285081240767
wikipedia,KFC_v2,static,0.3050483351235231,0.16691285081240767
wikipedia,KFC_v2,static,0.30520177996010434,0.16691285081240767
wikipedia,KFC_v2,static,0.3053552247966856,0.16691285081240767
wikipedia,KFC_v2,static,0.30550866963326684,0.16691285081240767
wikipedia,KFC_v2,static,0.3056621144698481,0.16691285081240767
wikipedia,KFC_v2,static,0.30581555930642934,0.16691285081240767
wikipedia,KFC_v2,static,0.3059690041430106,0.16691285081240767
wikipedia,KFC_v2,static,0.30612244897959184,0.16691285081240767
wikipedia,KFC_v2,static,0.3062758938161731,0.16691285081240767
wikipedia,KFC_v2,static,0.30642933865275435,0.16691285081240767
wikipedia,KFC_v2,static,0.3065827834893356,0.16691285081240767
wikipedia,KFC_v2,static,0.30673622832591685,0.16691285081240767
wikipedia,KFC_v2,static,0.3068896731624981,0.16691285081240767
wikipedia,KFC_v2,static,0.30704311799907935,0.16691285081240767
wikipedia,KFC_v2,static,0.3071965628356606,0.16691285081240767
wikipedia,KFC_v2,static,0.30735000767224185,0.16691285081240767
wikipedia,KFC_v2,static,0.3075034525088231,0.16691285081240767
wikipedia,KFC_v2,static,0.30765689734540436,0.16691285081240767
wikipedia,KFC_v2,static,0.3078103421819856,0.16691285081240767
wikipedia,KFC_v2,static,0.30796378701856686,0.16691285081240767
wikipedia,KFC_v2,static,0.3081172318551481,0.16691285081240767
wikipedia,KFC_v2,static,0.30827067669172936,0.16691285081240767
wikipedia,KFC_v2,static,0.3084241215283106,0.16691285081240767
wikipedia,KFC_v2,static,0.3085775663648918,0.16691285081240767
wikipedia,KFC_v2,static,0.30873101120147306,0.16691285081240767
wikipedia,KFC_v2,static,0.3088844560380543,0.16691285081240767
wikipedia,KFC_v2,static,0.30903790087463556,0.16691285081240767
wikipedia,KFC_v2,static,0.3091913457112168,0.16691285081240767
wikipedia,KFC_v2,static,0.30934479054779807,0.16691285081240767
wikipedia,KFC_v2,static,0.3094982353843793,0.16691285081240767
wikipedia,KFC_v2,static,0.30965168022096057,0.16691285081240767
wikipedia,KFC_v2,static,0.3098051250575418,0.16691285081240767
wikipedia,KFC_v2,static,0.30995856989412307,0.16691285081240767
wikipedia,KFC_v2,static,0.3101120147307043,0.16691285081240767
wikipedia,KFC_v2,static,0.3102654595672856,0.16691285081240767
wikipedia,KFC_v2,static,0.3104189044038668,0.16691285081240767
wikipedia,KFC_v2,static,0.3105723492404481,0.16691285081240767
wikipedia,KFC_v2,static,0.3107257940770293,0.16691285081240767
wikipedia,KFC_v2,static,0.3108792389136106,0.16691285081240767
wikipedia,KFC_v2,static,0.31103268375019183,0.16691285081240767
wikipedia,KFC_v2,static,0.3111861285867731,0.16691285081240767
wikipedia,KFC_v2,static,0.31133957342335433,0.16691285081240767
wikipedia,KFC_v2,static,0.3114930182599356,0.16691285081240767
wikipedia,KFC_v2,static,0.31164646309651683,0.16691285081240767
wikipedia,KFC_v2,static,0.3117999079330981,0.16691285081240767
wikipedia,KFC_v2,static,0.31195335276967934,0.16691285081240767
wikipedia,KFC_v2,static,0.3121067976062606,0.16691285081240767
wikipedia,KFC_v2,static,0.31226024244284184,0.16691285081240767
wikipedia,KFC_v2,static,0.31241368727942304,0.16691285081240767
wikipedia,KFC_v2,static,0.3125671321160043,0.1654357459379616
wikipedia,KFC_v2,static,0.31272057695258554,0.1654357459379616
wikipedia,KFC_v2,static,0.3128740217891668,0.1654357459379616
wikipedia,KFC_v2,static,0.31302746662574804,0.1654357459379616
wikipedia,KFC_v2,static,0.3131809114623293,0.1654357459379616
wikipedia,KFC_v2,static,0.31333435629891054,0.1654357459379616
wikipedia,KFC_v2,static,0.3134878011354918,0.1654357459379616
wikipedia,KFC_v2,static,0.31364124597207305,0.1654357459379616
wikipedia,KFC_v2,static,0.3137946908086543,0.1654357459379616
wikipedia,KFC_v2,static,0.31394813564523555,0.1654357459379616
wikipedia,KFC_v2,static,0.3141015804818168,0.1654357459379616
wikipedia,KFC_v2,static,0.31425502531839805,0.1654357459379616
wikipedia,KFC_v2,static,0.3144084701549793,0.1654357459379616
wikipedia,KFC_v2,static,0.31456191499156055,0.1654357459379616
wikipedia,KFC_v2,static,0.3147153598281418,0.1654357459379616
wikipedia,KFC_v2,static,0.31486880466472306,0.1654357459379616
wikipedia,KFC_v2,static,0.3150222495013043,0.1654357459379616
wikipedia,KFC_v2,static,0.31517569433788556,0.1654357459379616
wikipedia,KFC_v2,static,0.3153291391744668,0.1654357459379616
wikipedia,KFC_v2,static,0.31548258401104806,0.1654357459379616
wikipedia,KFC_v2,static,0.3156360288476293,0.1654357459379616
wikipedia,KFC_v2,static,0.31578947368421056,0.1654357459379616
wikipedia,KFC_v2,static,0.3159429185207918,0.1654357459379616
wikipedia,KFC_v2,static,0.31609636335737307,0.1654357459379616
wikipedia,KFC_v2,static,0.31624980819395426,0.1654357459379616
wikipedia,KFC_v2,static,0.3164032530305355,0.1654357459379616
wikipedia,KFC_v2,static,0.31655669786711677,0.1654357459379616
wikipedia,KFC_v2,static,0.316710142703698,0.1654357459379616
wikipedia,KFC_v2,static,0.31686358754027927,0.1654357459379616
wikipedia,KFC_v2,static,0.3170170323768605,0.1654357459379616
wikipedia,KFC_v2,static,0.31717047721344177,0.1654357459379616
wikipedia,KFC_v2,static,0.317323922050023,0.1654357459379616
wikipedia,KFC_v2,static,0.3174773668866043,0.1654357459379616
wikipedia,KFC_v2,static,0.3176308117231855,0.1654357459379616
wikipedia,KFC_v2,static,0.3177842565597668,0.1654357459379616
wikipedia,KFC_v2,static,0.317937701396348,0.1654357459379616
wikipedia,KFC_v2,static,0.3180911462329293,0.1654357459379616
wikipedia,KFC_v2,static,0.31824459106951053,0.1654357459379616
wikipedia,KFC_v2,static,0.3183980359060918,0.1654357459379616
wikipedia,KFC_v2,static,0.31855148074267303,0.1654357459379616
wikipedia,KFC_v2,static,0.3187049255792543,0.1654357459379616
wikipedia,KFC_v2,static,0.31885837041583553,0.1654357459379616
wikipedia,KFC_v2,static,0.3190118152524168,0.1654357459379616
wikipedia,KFC_v2,static,0.31916526008899804,0.1654357459379616
wikipedia,KFC_v2,static,0.3193187049255793,0.1654357459379616
wikipedia,KFC_v2,static,0.31947214976216054,0.1654357459379616
wikipedia,KFC_v2,static,0.3196255945987418,0.1654357459379616
wikipedia,KFC_v2,static,0.31977903943532304,0.1654357459379616
wikipedia,KFC_v2,static,0.3199324842719043,0.1654357459379616
wikipedia,KFC_v2,static,0.3200859291084855,0.1654357459379616
wikipedia,KFC_v2,static,0.32023937394506674,0.1654357459379616
wikipedia,KFC_v2,static,0.320392818781648,0.1654357459379616
wikipedia,KFC_v2,static,0.32054626361822924,0.1654357459379616
wikipedia,KFC_v2,static,0.3206997084548105,0.1654357459379616
wikipedia,KFC_v2,static,0.32085315329139175,0.1654357459379616
wikipedia,KFC_v2,static,0.321006598127973,0.1654357459379616
wikipedia,KFC_v2,static,0.32116004296455425,0.1654357459379616
wikipedia,KFC_v2,static,0.3213134878011355,0.1654357459379616
wikipedia,KFC_v2,static,0.32146693263771675,0.1654357459379616
wikipedia,KFC_v2,static,0.321620377474298,0.1654357459379616
wikipedia,KFC_v2,static,0.32177382231087925,0.1654357459379616
wikipedia,KFC_v2,static,0.3219272671474605,0.1654357459379616
wikipedia,KFC_v2,static,0.32208071198404176,0.1654357459379616
wikipedia,KFC_v2,static,0.322234156820623,0.1654357459379616
wikipedia,KFC_v2,static,0.32238760165720426,0.1654357459379616
wikipedia,KFC_v2,static,0.3225410464937855,0.1654357459379616
wikipedia,KFC_v2,static,0.32269449133036676,0.1654357459379616
wikipedia,KFC_v2,static,0.322847936166948,0.1654357459379616
wikipedia,KFC_v2,static,0.32300138100352926,0.1654357459379616
wikipedia,KFC_v2,static,0.3231548258401105,0.1654357459379616
wikipedia,KFC_v2,static,0.32330827067669177,0.1654357459379616
wikipedia,KFC_v2,static,0.323461715513273,0.1654357459379616
wikipedia,KFC_v2,static,0.32361516034985427,0.1654357459379616
wikipedia,KFC_v2,static,0.32376860518643547,0.1654357459379616
wikipedia,KFC_v2,static,0.3239220500230167,0.1654357459379616
wikipedia,KFC_v2,static,0.32407549485959797,0.1654357459379616
wikipedia,KFC_v2,static,0.3242289396961792,0.1654357459379616
wikipedia,KFC_v2,static,0.32438238453276047,0.1654357459379616
wikipedia,KFC_v2,static,0.3245358293693417,0.1654357459379616
wikipedia,KFC_v2,static,0.324689274205923,0.1654357459379616
wikipedia,KFC_v2,static,0.3248427190425042,0.1654357459379616
wikipedia,KFC_v2,static,0.3249961638790855,0.1654357459379616
wikipedia,KFC_v2,static,0.3251496087156667,0.1654357459379616
wikipedia,KFC_v2,static,0.325303053552248,0.1654357459379616
wikipedia,KFC_v2,static,0.32545649838882923,0.1654357459379616
wikipedia,KFC_v2,static,0.3256099432254105,0.1654357459379616
wikipedia,KFC_v2,static,0.32576338806199173,0.1654357459379616
wikipedia,KFC_v2,static,0.325916832898573,0.1654357459379616
wikipedia,KFC_v2,static,0.32607027773515423,0.1654357459379616
wikipedia,KFC_v2,static,0.3262237225717355,0.1654357459379616
wikipedia,KFC_v2,static,0.32637716740831674,0.1654357459379616
wikipedia,KFC_v2,static,0.326530612244898,0.1654357459379616
wikipedia,KFC_v2,static,0.32668405708147924,0.1654357459379616
wikipedia,KFC_v2,static,0.3268375019180605,0.1654357459379616
wikipedia,KFC_v2,static,0.32699094675464174,0.1654357459379616
wikipedia,KFC_v2,static,0.327144391591223,0.1654357459379616
wikipedia,KFC_v2,static,0.32729783642780425,0.1654357459379616
wikipedia,KFC_v2,static,0.3274512812643855,0.1654357459379616
wikipedia,KFC_v2,static,0.3276047261009667,0.1654357459379616
wikipedia,KFC_v2,static,0.32775817093754794,0.1654357459379616
wikipedia,KFC_v2,static,0.3279116157741292,0.1654357459379616
wikipedia,KFC_v2,static,0.32806506061071045,0.1654357459379616
wikipedia,KFC_v2,static,0.3282185054472917,0.1654357459379616
wikipedia,KFC_v2,static,0.32837195028387295,0.1654357459379616
wikipedia,KFC_v2,static,0.3285253951204542,0.1654357459379616
wikipedia,KFC_v2,static,0.32867883995703545,0.1654357459379616
wikipedia,KFC_v2,static,0.3288322847936167,0.1654357459379616
wikipedia,KFC_v2,static,0.32898572963019795,0.1654357459379616
wikipedia,KFC_v2,static,0.3291391744667792,0.1654357459379616
wikipedia,KFC_v2,static,0.32929261930336046,0.1654357459379616
wikipedia,KFC_v2,static,0.3294460641399417,0.1654357459379616
wikipedia,KFC_v2,static,0.32959950897652296,0.1654357459379616
wikipedia,KFC_v2,static,0.3297529538131042,0.1654357459379616
wikipedia,KFC_v2,static,0.32990639864968546,0.1654357459379616
wikipedia,KFC_v2,static,0.3300598434862667,0.1654357459379616
wikipedia,KFC_v2,static,0.33021328832284796,0.1654357459379616
wikipedia,KFC_v2,static,0.3303667331594292,0.1654357459379616
wikipedia,KFC_v2,static,0.33052017799601047,0.1654357459379616
wikipedia,KFC_v2,static,0.3306736228325917,0.1654357459379616
wikipedia,KFC_v2,static,0.33082706766917297,0.1654357459379616
wikipedia,KFC_v2,static,0.3309805125057542,0.1654357459379616
wikipedia,KFC_v2,static,0.33113395734233547,0.1654357459379616
wikipedia,KFC_v2,static,0.3312874021789167,0.1654357459379616
wikipedia,KFC_v2,static,0.3314408470154979,0.1654357459379616
wikipedia,KFC_v2,static,0.33159429185207917,0.1654357459379616
wikipedia,KFC_v2,static,0.3317477366886604,0.1654357459379616
wikipedia,KFC_v2,static,0.3319011815252417,0.1654357459379616
wikipedia,KFC_v2,static,0.3320546263618229,0.1654357459379616
wikipedia,KFC_v2,static,0.3322080711984042,0.16395864106351551
wikipedia,KFC_v2,static,0.3323615160349854,0.16395864106351551
wikipedia,KFC_v2,static,0.3325149608715667,0.16395864106351551
wikipedia,KFC_v2,static,0.33266840570814793,0.16395864106351551
wikipedia,KFC_v2,static,0.3328218505447292,0.16395864106351551
wikipedia,KFC_v2,static,0.33297529538131043,0.16395864106351551
wikipedia,KFC_v2,static,0.3331287402178917,0.16248153618906944
wikipedia,KFC_v2,static,0.33328218505447293,0.16248153618906944
wikipedia,KFC_v2,static,0.3334356298910542,0.16248153618906944
wikipedia,KFC_v2,static,0.33358907472763544,0.16248153618906944
wikipedia,KFC_v2,static,0.3337425195642167,0.16248153618906944
wikipedia,KFC_v2,static,0.33389596440079794,0.15952732644017725
wikipedia,KFC_v2,static,0.3340494092373792,0.15952732644017725
wikipedia,KFC_v2,static,0.33420285407396044,0.15952732644017725
wikipedia,KFC_v2,static,0.3343562989105417,0.15952732644017725
wikipedia,KFC_v2,static,0.33450974374712295,0.15952732644017725
wikipedia,KFC_v2,static,0.3346631885837042,0.15952732644017725
wikipedia,KFC_v2,static,0.33481663342028545,0.15952732644017725
wikipedia,KFC_v2,static,0.3349700782568667,0.15952732644017725
wikipedia,KFC_v2,static,0.3351235230934479,0.15952732644017725
wikipedia,KFC_v2,static,0.33527696793002915,0.15952732644017725
wikipedia,KFC_v2,static,0.3354304127666104,0.15805022156573117
wikipedia,KFC_v2,static,0.33558385760319165,0.15805022156573117
wikipedia,KFC_v2,static,0.3357373024397729,0.15805022156573117
wikipedia,KFC_v2,static,0.33589074727635415,0.15805022156573117
wikipedia,KFC_v2,static,0.3360441921129354,0.15805022156573117
wikipedia,KFC_v2,static,0.33619763694951665,0.15805022156573117
wikipedia,KFC_v2,static,0.3363510817860979,0.15805022156573117
wikipedia,KFC_v2,static,0.33650452662267916,0.15805022156573117
wikipedia,KFC_v2,static,0.3366579714592604,0.15805022156573117
wikipedia,KFC_v2,static,0.33681141629584166,0.15805022156573117
wikipedia,KFC_v2,static,0.3369648611324229,0.15805022156573117
wikipedia,KFC_v2,static,0.33711830596900416,0.15805022156573117
wikipedia,KFC_v2,static,0.3372717508055854,0.15805022156573117
wikipedia,KFC_v2,static,0.33742519564216666,0.15805022156573117
wikipedia,KFC_v2,static,0.3375786404787479,0.15805022156573117
wikipedia,KFC_v2,static,0.33773208531532917,0.15805022156573117
wikipedia,KFC_v2,static,0.3378855301519104,0.15805022156573117
wikipedia,KFC_v2,static,0.33803897498849167,0.15805022156573117
wikipedia,KFC_v2,static,0.3381924198250729,0.15805022156573117
wikipedia,KFC_v2,static,0.33834586466165417,0.15805022156573117
wikipedia,KFC_v2,static,0.3384993094982354,0.15805022156573117
wikipedia,KFC_v2,static,0.3386527543348167,0.15805022156573117
wikipedia,KFC_v2,static,0.3388061991713979,0.15805022156573117
wikipedia,KFC_v2,static,0.3389596440079791,0.15805022156573117
wikipedia,KFC_v2,static,0.3391130888445604,0.15805022156573117
wikipedia,KFC_v2,static,0.3392665336811416,0.15805022156573117
wikipedia,KFC_v2,static,0.3394199785177229,0.15805022156573117
wikipedia,KFC_v2,static,0.3395734233543041,0.15805022156573117
wikipedia,KFC_v2,static,0.3397268681908854,0.15805022156573117
wikipedia,KFC_v2,static,0.33988031302746663,0.15805022156573117
wikipedia,KFC_v2,static,0.3400337578640479,0.15805022156573117
wikipedia,KFC_v2,static,0.34018720270062913,0.15805022156573117
wikipedia,KFC_v2,static,0.3403406475372104,0.15805022156573117
wikipedia,KFC_v2,static,0.34049409237379163,0.15805022156573117
wikipedia,KFC_v2,static,0.3406475372103729,0.15805022156573117
wikipedia,KFC_v2,static,0.34080098204695414,0.15805022156573117
wikipedia,KFC_v2,static,0.3409544268835354,0.15805022156573117
wikipedia,KFC_v2,static,0.34110787172011664,0.15805022156573117
wikipedia,KFC_v2,static,0.3412613165566979,0.15805022156573117
wikipedia,KFC_v2,static,0.34141476139327914,0.15805022156573117
wikipedia,KFC_v2,static,0.3415682062298604,0.15805022156573117
wikipedia,KFC_v2,static,0.34172165106644165,0.15805022156573117
wikipedia,KFC_v2,static,0.3418750959030229,0.15805022156573117
wikipedia,KFC_v2,static,0.34202854073960415,0.15805022156573117
wikipedia,KFC_v2,static,0.3421819855761854,0.15805022156573117
wikipedia,KFC_v2,static,0.34233543041276665,0.15805022156573117
wikipedia,KFC_v2,static,0.3424888752493479,0.15805022156573117
wikipedia,KFC_v2,static,0.34264232008592915,0.15805022156573117
wikipedia,KFC_v2,static,0.34279576492251035,0.15805022156573117
wikipedia,KFC_v2,static,0.3429492097590916,0.15805022156573117
wikipedia,KFC_v2,static,0.34310265459567285,0.15805022156573117
wikipedia,KFC_v2,static,0.3432560994322541,0.15805022156573117
wikipedia,KFC_v2,static,0.34340954426883535,0.15805022156573117
wikipedia,KFC_v2,static,0.3435629891054166,0.15805022156573117
wikipedia,KFC_v2,static,0.34371643394199786,0.15805022156573117
wikipedia,KFC_v2,static,0.3438698787785791,0.15805022156573117
wikipedia,KFC_v2,static,0.34402332361516036,0.15805022156573117
wikipedia,KFC_v2,static,0.3441767684517416,0.15805022156573117
wikipedia,KFC_v2,static,0.34433021328832286,0.15805022156573117
wikipedia,KFC_v2,static,0.3444836581249041,0.15805022156573117
wikipedia,KFC_v2,static,0.34463710296148536,0.15805022156573117
wikipedia,KFC_v2,static,0.3447905477980666,0.15805022156573117
wikipedia,KFC_v2,static,0.34494399263464787,0.15805022156573117
wikipedia,KFC_v2,static,0.3450974374712291,0.15805022156573117
wikipedia,KFC_v2,static,0.34525088230781037,0.15805022156573117
wikipedia,KFC_v2,static,0.3454043271443916,0.15805022156573117
wikipedia,KFC_v2,static,0.34555777198097287,0.15805022156573117
wikipedia,KFC_v2,static,0.3457112168175541,0.15805022156573117
wikipedia,KFC_v2,static,0.3458646616541354,0.15805022156573117
wikipedia,KFC_v2,static,0.3460181064907166,0.15805022156573117
wikipedia,KFC_v2,static,0.3461715513272979,0.15805022156573117
wikipedia,KFC_v2,static,0.34632499616387913,0.15657311669128507
wikipedia,KFC_v2,static,0.3464784410004603,0.15657311669128507
wikipedia,KFC_v2,static,0.3466318858370416,0.15657311669128507
wikipedia,KFC_v2,static,0.3467853306736228,0.15657311669128507
wikipedia,KFC_v2,static,0.3469387755102041,0.15657311669128507
wikipedia,KFC_v2,static,0.34709222034678533,0.15657311669128507
wikipedia,KFC_v2,static,0.3472456651833666,0.15657311669128507
wikipedia,KFC_v2,static,0.34739911001994783,0.15657311669128507
wikipedia,KFC_v2,static,0.3475525548565291,0.15657311669128507
wikipedia,KFC_v2,static,0.34770599969311033,0.15657311669128507
wikipedia,KFC_v2,static,0.3478594445296916,0.15657311669128507
wikipedia,KFC_v2,static,0.34801288936627284,0.15657311669128507
wikipedia,KFC_v2,static,0.3481663342028541,0.15657311669128507
wikipedia,KFC_v2,static,0.34831977903943534,0.15657311669128507
wikipedia,KFC_v2,static,0.3484732238760166,0.15657311669128507
wikipedia,KFC_v2,static,0.34862666871259784,0.15657311669128507
wikipedia,KFC_v2,static,0.3487801135491791,0.15657311669128507
wikipedia,KFC_v2,static,0.34893355838576035,0.15657311669128507
wikipedia,KFC_v2,static,0.3490870032223416,0.15657311669128507
wikipedia,KFC_v2,static,0.34924044805892285,0.1536189069423929
wikipedia,KFC_v2,static,0.3493938928955041,0.1536189069423929
wikipedia,KFC_v2,static,0.34954733773208535,0.1536189069423929
wikipedia,KFC_v2,static,0.3497007825686666,0.1536189069423929
wikipedia,KFC_v2,static,0.34985422740524785,0.1536189069423929
wikipedia,KFC_v2,static,0.3500076722418291,0.1536189069423929
wikipedia,KFC_v2,static,0.35016111707841036,0.1536189069423929
wikipedia,KFC_v2,static,0.35031456191499155,0.1536189069423929
wikipedia,KFC_v2,static,0.3504680067515728,0.1536189069423929
wikipedia,KFC_v2,static,0.35062145158815405,0.1536189069423929
wikipedia,KFC_v2,static,0.3507748964247353,0.1536189069423929
wikipedia,KFC_v2,static,0.35092834126131656,0.1536189069423929
wikipedia,KFC_v2,static,0.3510817860978978,0.1536189069423929
wikipedia,KFC_v2,static,0.35123523093447906,0.1536189069423929
wikipedia,KFC_v2,static,0.3513886757710603,0.1536189069423929
wikipedia,KFC_v2,static,0.35154212060764156,0.1536189069423929
wikipedia,KFC_v2,static,0.3516955654442228,0.1536189069423929
wikipedia,KFC_v2,static,0.35184901028080406,0.1536189069423929
wikipedia,KFC_v2,static,0.3520024551173853,0.1536189069423929
wikipedia,KFC_v2,static,0.35215589995396657,0.1536189069423929
wikipedia,KFC_v2,static,0.3523093447905478,0.1536189069423929
wikipedia,KFC_v2,static,0.35246278962712907,0.1536189069423929
wikipedia,KFC_v2,static,0.3526162344637103,0.1536189069423929
wikipedia,KFC_v2,static,0.35276967930029157,0.1536189069423929
wikipedia,KFC_v2,static,0.3529231241368728,0.1536189069423929
wikipedia,KFC_v2,static,0.3530765689734541,0.1536189069423929
wikipedia,KFC_v2,static,0.3532300138100353,0.1536189069423929
wikipedia,KFC_v2,static,0.3533834586466166,0.1536189069423929
wikipedia,KFC_v2,static,0.35353690348319783,0.1536189069423929
wikipedia,KFC_v2,static,0.3536903483197791,0.1536189069423929
wikipedia,KFC_v2,static,0.35384379315636033,0.1536189069423929
wikipedia,KFC_v2,static,0.3539972379929416,0.1536189069423929
wikipedia,KFC_v2,static,0.3541506828295228,0.1536189069423929
wikipedia,KFC_v2,static,0.35430412766610403,0.1536189069423929
wikipedia,KFC_v2,static,0.3544575725026853,0.1536189069423929
wikipedia,KFC_v2,static,0.35461101733926653,0.1536189069423929
wikipedia,KFC_v2,static,0.3547644621758478,0.1536189069423929
wikipedia,KFC_v2,static,0.35491790701242903,0.1536189069423929
wikipedia,KFC_v2,static,0.3550713518490103,0.1536189069423929
wikipedia,KFC_v2,static,0.35522479668559154,0.1536189069423929
wikipedia,KFC_v2,static,0.3553782415221728,0.1536189069423929
wikipedia,KFC_v2,static,0.35553168635875404,0.1536189069423929
wikipedia,KFC_v2,static,0.3556851311953353,0.1536189069423929
wikipedia,KFC_v2,static,0.35583857603191654,0.1536189069423929
wikipedia,KFC_v2,static,0.3559920208684978,0.1536189069423929
wikipedia,KFC_v2,static,0.35614546570507905,0.1536189069423929
wikipedia,KFC_v2,static,0.3562989105416603,0.1536189069423929
wikipedia,KFC_v2,static,0.35645235537824155,0.1536189069423929
wikipedia,KFC_v2,static,0.3566058002148228,0.1536189069423929
wikipedia,KFC_v2,static,0.35675924505140405,0.1536189069423929
wikipedia,KFC_v2,static,0.3569126898879853,0.1536189069423929
wikipedia,KFC_v2,static,0.35706613472456655,0.1536189069423929
wikipedia,KFC_v2,static,0.3572195795611478,0.1536189069423929
wikipedia,KFC_v2,static,0.35737302439772906,0.1536189069423929
wikipedia,KFC_v2,static,0.3575264692343103,0.1536189069423929
wikipedia,KFC_v2,static,0.35767991407089156,0.1536189069423929
wikipedia,KFC_v2,static,0.35783335890747275,0.1536189069423929
wikipedia,KFC_v2,static,0.357986803744054,0.1536189069423929
wikipedia,KFC_v2,static,0.35814024858063526,0.1536189069423929
wikipedia,KFC_v2,static,0.3582936934172165,0.1536189069423929
wikipedia,KFC_v2,static,0.35844713825379776,0.1536189069423929
wikipedia,KFC_v2,static,0.358600583090379,0.1536189069423929
wikipedia,KFC_v2,static,0.35875402792696026,0.1536189069423929
wikipedia,KFC_v2,static,0.3589074727635415,0.1536189069423929
wikipedia,KFC_v2,static,0.35906091760012276,0.1536189069423929
wikipedia,KFC_v2,static,0.359214362436704,0.1536189069423929
wikipedia,KFC_v2,static,0.35936780727328527,0.1536189069423929
wikipedia,KFC_v2,static,0.3595212521098665,0.1536189069423929
wikipedia,KFC_v2,static,0.35967469694644777,0.1536189069423929
wikipedia,KFC_v2,static,0.359828141783029,0.1536189069423929
wikipedia,KFC_v2,static,0.35998158661961027,0.1536189069423929
wikipedia,KFC_v2,static,0.3601350314561915,0.1536189069423929
wikipedia,KFC_v2,static,0.3602884762927728,0.1536189069423929
wikipedia,KFC_v2,static,0.360441921129354,0.1536189069423929
wikipedia,KFC_v2,static,0.3605953659659353,0.1536189069423929
wikipedia,KFC_v2,static,0.36074881080251653,0.1536189069423929
wikipedia,KFC_v2,static,0.3609022556390978,0.1536189069423929
wikipedia,KFC_v2,static,0.36105570047567903,0.1536189069423929
wikipedia,KFC_v2,static,0.3612091453122603,0.1536189069423929
wikipedia,KFC_v2,static,0.36136259014884153,0.15214180206794684
wikipedia,KFC_v2,static,0.3615160349854228,0.15214180206794684
wikipedia,KFC_v2,static,0.361669479822004,0.15214180206794684
wikipedia,KFC_v2,static,0.36182292465858523,0.15214180206794684
wikipedia,KFC_v2,static,0.3619763694951665,0.15214180206794684
wikipedia,KFC_v2,static,0.36212981433174773,0.15214180206794684
wikipedia,KFC_v2,static,0.362283259168329,0.15214180206794684
wikipedia,KFC_v2,static,0.36243670400491024,0.15214180206794684
wikipedia,KFC_v2,static,0.3625901488414915,0.15214180206794684
wikipedia,KFC_v2,static,0.36274359367807274,0.15214180206794684
wikipedia,KFC_v2,static,0.362897038514654,0.15214180206794684
wikipedia,KFC_v2,static,0.36305048335123524,0.15214180206794684
wikipedia,KFC_v2,static,0.3632039281878165,0.15214180206794684
wikipedia,KFC_v2,static,0.36335737302439775,0.15214180206794684
wikipedia,KFC_v2,static,0.363510817860979,0.15214180206794684
wikipedia,KFC_v2,static,0.36366426269756025,0.15214180206794684
wikipedia,KFC_v2,static,0.3638177075341415,0.15214180206794684
wikipedia,KFC_v2,static,0.36397115237072275,0.15214180206794684
wikipedia,KFC_v2,static,0.364124597207304,0.15214180206794684
wikipedia,KFC_v2,static,0.36427804204388525,0.15214180206794684
wikipedia,KFC_v2,static,0.3644314868804665,0.15214180206794684
wikipedia,KFC_v2,static,0.36458493171704776,0.15214180206794684
wikipedia,KFC_v2,static,0.364738376553629,0.15214180206794684
wikipedia,KFC_v2,static,0.36489182139021026,0.15214180206794684
wikipedia,KFC_v2,static,0.3650452662267915,0.15214180206794684
wikipedia,KFC_v2,static,0.36519871106337276,0.15214180206794684
wikipedia,KFC_v2,static,0.365352155899954,0.15214180206794684
wikipedia,KFC_v2,static,0.3655056007365352,0.15214180206794684
wikipedia,KFC_v2,static,0.36565904557311646,0.15214180206794684
wikipedia,KFC_v2,static,0.3658124904096977,0.15214180206794684
wikipedia,KFC_v2,static,0.36596593524627896,0.15214180206794684
wikipedia,KFC_v2,static,0.3661193800828602,0.15214180206794684
wikipedia,KFC_v2,static,0.36627282491944146,0.15214180206794684
wikipedia,KFC_v2,static,0.3664262697560227,0.15214180206794684
wikipedia,KFC_v2,static,0.36657971459260397,0.15214180206794684
wikipedia,KFC_v2,static,0.3667331594291852,0.15214180206794684
wikipedia,KFC_v2,static,0.36688660426576647,0.15214180206794684
wikipedia,KFC_v2,static,0.3670400491023477,0.15214180206794684
wikipedia,KFC_v2,static,0.36719349393892897,0.15214180206794684
wikipedia,KFC_v2,static,0.3673469387755102,0.15214180206794684
wikipedia,KFC_v2,static,0.3675003836120915,0.15214180206794684
wikipedia,KFC_v2,static,0.3676538284486727,0.15214180206794684
wikipedia,KFC_v2,static,0.367807273285254,0.15214180206794684
wikipedia,KFC_v2,static,0.36796071812183523,0.15214180206794684
wikipedia,KFC_v2,static,0.3681141629584165,0.15214180206794684
wikipedia,KFC_v2,static,0.36826760779499773,0.15214180206794684
wikipedia,KFC_v2,static,0.368421052631579,0.15214180206794684
wikipedia,KFC_v2,static,0.36857449746816023,0.15214180206794684
wikipedia,KFC_v2,static,0.3687279423047415,0.15214180206794684
wikipedia,KFC_v2,static,0.36888138714132274,0.15214180206794684
wikipedia,KFC_v2,static,0.369034831977904,0.15214180206794684
wikipedia,KFC_v2,static,0.3691882768144852,0.15214180206794684
wikipedia,KFC_v2,static,0.36934172165106643,0.15214180206794684
wikipedia,KFC_v2,static,0.3694951664876477,0.15214180206794684
wikipedia,KFC_v2,static,0.36964861132422894,0.15214180206794684
wikipedia,KFC_v2,static,0.3698020561608102,0.15214180206794684
wikipedia,KFC_v2,static,0.36995550099739144,0.15214180206794684
wikipedia,KFC_v2,static,0.3701089458339727,0.15214180206794684
wikipedia,KFC_v2,static,0.37026239067055394,0.15214180206794684
wikipedia,KFC_v2,static,0.3704158355071352,0.15214180206794684
wikipedia,KFC_v2,static,0.37056928034371645,0.15214180206794684
wikipedia,KFC_v2,static,0.3707227251802977,0.15214180206794684
wikipedia,KFC_v2,static,0.37087617001687895,0.15214180206794684
wikipedia,KFC_v2,static,0.3710296148534602,0.15214180206794684
wikipedia,KFC_v2,static,0.37118305969004145,0.15214180206794684
wikipedia,KFC_v2,static,0.3713365045266227,0.15214180206794684
wikipedia,KFC_v2,static,0.37148994936320395,0.15214180206794684
wikipedia,KFC_v2,static,0.3716433941997852,0.15214180206794684
wikipedia,KFC_v2,static,0.37179683903636646,0.15214180206794684
wikipedia,KFC_v2,static,0.3719502838729477,0.15214180206794684
wikipedia,KFC_v2,static,0.37210372870952896,0.15214180206794684
wikipedia,KFC_v2,static,0.3722571735461102,0.15214180206794684
wikipedia,KFC_v2,static,0.37241061838269146,0.15214180206794684
wikipedia,KFC_v2,static,0.3725640632192727,0.15214180206794684
wikipedia,KFC_v2,static,0.37271750805585396,0.15214180206794684
wikipedia,KFC_v2,static,0.3728709528924352,0.15214180206794684
wikipedia,KFC_v2,static,0.3730243977290164,0.15214180206794684
wikipedia,KFC_v2,static,0.37317784256559766,0.15214180206794684
wikipedia,KFC_v2,static,0.3733312874021789,0.15214180206794684
wikipedia,KFC_v2,static,0.37348473223876016,0.15214180206794684
wikipedia,KFC_v2,static,0.3736381770753414,0.15066469719350073
wikipedia,KFC_v2,static,0.37379162191192267,0.15066469719350073
wikipedia,KFC_v2,static,0.3739450667485039,0.15066469719350073
wikipedia,KFC_v2,static,0.37409851158508517,0.14918759231905465
wikipedia,KFC_v2,static,0.3742519564216664,0.14918759231905465
wikipedia,KFC_v2,static,0.37440540125824767,0.14918759231905465
wikipedia,KFC_v2,static,0.3745588460948289,0.14918759231905465
wikipedia,KFC_v2,static,0.3747122909314102,0.14918759231905465
wikipedia,KFC_v2,static,0.3748657357679914,0.14918759231905465
wikipedia,KFC_v2,static,0.3750191806045727,0.14918759231905465
wikipedia,KFC_v2,static,0.37517262544115393,0.14918759231905465
wikipedia,KFC_v2,static,0.3753260702777352,0.14918759231905465
wikipedia,KFC_v2,static,0.37547951511431643,0.14918759231905465
wikipedia,KFC_v2,static,0.3756329599508977,0.14918759231905465
wikipedia,KFC_v2,static,0.37578640478747893,0.14918759231905465
wikipedia,KFC_v2,static,0.3759398496240602,0.14918759231905465
wikipedia,KFC_v2,static,0.37609329446064144,0.14918759231905465
wikipedia,KFC_v2,static,0.3762467392972227,0.14918759231905465
wikipedia,KFC_v2,static,0.37640018413380394,0.14918759231905465
wikipedia,KFC_v2,static,0.3765536289703852,0.14918759231905465
wikipedia,KFC_v2,static,0.37670707380696644,0.14918759231905465
wikipedia,KFC_v2,static,0.37686051864354764,0.14918759231905465
wikipedia,KFC_v2,static,0.3770139634801289,0.14918759231905465
wikipedia,KFC_v2,static,0.37716740831671014,0.14918759231905465
wikipedia,KFC_v2,static,0.3773208531532914,0.14918759231905465
wikipedia,KFC_v2,static,0.37747429798987264,0.14918759231905465
wikipedia,KFC_v2,static,0.3776277428264539,0.14918759231905465
wikipedia,KFC_v2,static,0.37778118766303515,0.14918759231905465
wikipedia,KFC_v2,static,0.3779346324996164,0.14918759231905465
wikipedia,KFC_v2,static,0.37808807733619765,0.14918759231905465
wikipedia,KFC_v2,static,0.3782415221727789,0.14918759231905465
wikipedia,KFC_v2,static,0.37839496700936015,0.14918759231905465
wikipedia,KFC_v2,static,0.3785484118459414,0.14918759231905465
wikipedia,KFC_v2,static,0.37870185668252265,0.14918759231905465
wikipedia,KFC_v2,static,0.3788553015191039,0.14918759231905465
wikipedia,KFC_v2,static,0.37900874635568516,0.14918759231905465
wikipedia,KFC_v2,static,0.3791621911922664,0.14918759231905465
wikipedia,KFC_v2,static,0.37931563602884766,0.14918759231905465
wikipedia,KFC_v2,static,0.3794690808654289,0.14918759231905465
wikipedia,KFC_v2,static,0.37962252570201016,0.14918759231905465
wikipedia,KFC_v2,static,0.3797759705385914,0.14918759231905465
wikipedia,KFC_v2,static,0.37992941537517266,0.14918759231905465
wikipedia,KFC_v2,static,0.3800828602117539,0.14918759231905465
wikipedia,KFC_v2,static,0.38023630504833517,0.14918759231905465
wikipedia,KFC_v2,static,0.3803897498849164,0.14918759231905465
wikipedia,KFC_v2,static,0.3805431947214976,0.14918759231905465
wikipedia,KFC_v2,static,0.38069663955807886,0.14771048744460857
wikipedia,KFC_v2,static,0.3808500843946601,0.14771048744460857
wikipedia,KFC_v2,static,0.38100352923124137,0.14771048744460857
wikipedia,KFC_v2,static,0.3811569740678226,0.14771048744460857
wikipedia,KFC_v2,static,0.38131041890440387,0.14771048744460857
wikipedia,KFC_v2,static,0.3814638637409851,0.14771048744460857
wikipedia,KFC_v2,static,0.38161730857756637,0.14771048744460857
wikipedia,KFC_v2,static,0.3817707534141476,0.14771048744460857
wikipedia,KFC_v2,static,0.3819241982507289,0.14771048744460857
wikipedia,KFC_v2,static,0.3820776430873101,0.14771048744460857
wikipedia,KFC_v2,static,0.3822310879238914,0.14771048744460857
wikipedia,KFC_v2,static,0.38238453276047263,0.14771048744460857
wikipedia,KFC_v2,static,0.3825379775970539,0.14771048744460857
wikipedia,KFC_v2,static,0.38269142243363513,0.14771048744460857
wikipedia,KFC_v2,static,0.3828448672702164,0.14771048744460857
wikipedia,KFC_v2,static,0.38299831210679763,0.14771048744460857
wikipedia,KFC_v2,static,0.3831517569433789,0.14771048744460857
wikipedia,KFC_v2,static,0.38330520177996014,0.14771048744460857
wikipedia,KFC_v2,static,0.3834586466165414,0.14771048744460857
wikipedia,KFC_v2,static,0.38361209145312264,0.14771048744460857
wikipedia,KFC_v2,static,0.3837655362897039,0.14771048744460857
wikipedia,KFC_v2,static,0.38391898112628514,0.14771048744460857
wikipedia,KFC_v2,static,0.3840724259628664,0.14771048744460857
wikipedia,KFC_v2,static,0.38422587079944764,0.14771048744460857
wikipedia,KFC_v2,static,0.38437931563602884,0.14771048744460857
wikipedia,KFC_v2,static,0.3845327604726101,0.14771048744460857
wikipedia,KFC_v2,static,0.38468620530919134,0.14771048744460857
wikipedia,KFC_v2,static,0.3848396501457726,0.14771048744460857
wikipedia,KFC_v2,static,0.38499309498235385,0.14771048744460857
wikipedia,KFC_v2,static,0.3851465398189351,0.14771048744460857
wikipedia,KFC_v2,static,0.38529998465551635,0.14771048744460857
wikipedia,KFC_v2,static,0.3854534294920976,0.14771048744460857
wikipedia,KFC_v2,static,0.38560687432867885,0.14771048744460857
wikipedia,KFC_v2,static,0.3857603191652601,0.14771048744460857
wikipedia,KFC_v2,static,0.38591376400184135,0.14771048744460857
wikipedia,KFC_v2,static,0.3860672088384226,0.14623338257016247
wikipedia,KFC_v2,static,0.38622065367500386,0.14623338257016247
wikipedia,KFC_v2,static,0.3863740985115851,0.14623338257016247
wikipedia,KFC_v2,static,0.38652754334816636,0.14623338257016247
wikipedia,KFC_v2,static,0.3866809881847476,0.14623338257016247
wikipedia,KFC_v2,static,0.38683443302132886,0.14623338257016247
wikipedia,KFC_v2,static,0.3869878778579101,0.14623338257016247
wikipedia,KFC_v2,static,0.38714132269449136,0.14623338257016247
wikipedia,KFC_v2,static,0.3872947675310726,0.14623338257016247
wikipedia,KFC_v2,static,0.38744821236765387,0.14623338257016247
wikipedia,KFC_v2,static,0.3876016572042351,0.14623338257016247
wikipedia,KFC_v2,static,0.38775510204081637,0.14623338257016247
wikipedia,KFC_v2,static,0.3879085468773976,0.14623338257016247
wikipedia,KFC_v2,static,0.38806199171397887,0.14623338257016247
wikipedia,KFC_v2,static,0.38821543655056007,0.14623338257016247
wikipedia,KFC_v2,static,0.3883688813871413,0.14623338257016247
wikipedia,KFC_v2,static,0.38852232622372257,0.14623338257016247
wikipedia,KFC_v2,static,0.3886757710603038,0.14623338257016247
wikipedia,KFC_v2,static,0.38882921589688507,0.14623338257016247
wikipedia,KFC_v2,static,0.3889826607334663,0.14623338257016247
wikipedia,KFC_v2,static,0.3891361055700476,0.14623338257016247
wikipedia,KFC_v2,static,0.3892895504066288,0.14623338257016247
wikipedia,KFC_v2,static,0.3894429952432101,0.14623338257016247
wikipedia,KFC_v2,static,0.38959644007979133,0.14623338257016247
wikipedia,KFC_v2,static,0.3897498849163726,0.14623338257016247
wikipedia,KFC_v2,static,0.38990332975295383,0.14623338257016247
wikipedia,KFC_v2,static,0.3900567745895351,0.14623338257016247
wikipedia,KFC_v2,static,0.39021021942611633,0.14623338257016247
wikipedia,KFC_v2,static,0.3903636642626976,0.14623338257016247
wikipedia,KFC_v2,static,0.39051710909927884,0.14623338257016247
wikipedia,KFC_v2,static,0.3906705539358601,0.14623338257016247
wikipedia,KFC_v2,static,0.39082399877244134,0.14623338257016247
wikipedia,KFC_v2,static,0.3909774436090226,0.14623338257016247
wikipedia,KFC_v2,static,0.39113088844560384,0.14623338257016247
wikipedia,KFC_v2,static,0.3912843332821851,0.14623338257016247
wikipedia,KFC_v2,static,0.39143777811876634,0.14623338257016247
wikipedia,KFC_v2,static,0.3915912229553476,0.14623338257016247
wikipedia,KFC_v2,static,0.39174466779192885,0.14623338257016247
wikipedia,KFC_v2,static,0.39189811262851004,0.14623338257016247
wikipedia,KFC_v2,static,0.3920515574650913,0.14623338257016247
wikipedia,KFC_v2,static,0.39220500230167255,0.14623338257016247
wikipedia,KFC_v2,static,0.3923584471382538,0.14623338257016247
wikipedia,KFC_v2,static,0.39251189197483505,0.14623338257016247
wikipedia,KFC_v2,static,0.3926653368114163,0.14623338257016247
wikipedia,KFC_v2,static,0.39281878164799755,0.14623338257016247
wikipedia,KFC_v2,static,0.3929722264845788,0.14623338257016247
wikipedia,KFC_v2,static,0.39312567132116005,0.14623338257016247
wikipedia,KFC_v2,static,0.3932791161577413,0.14623338257016247
wikipedia,KFC_v2,static,0.39343256099432256,0.14623338257016247
wikipedia,KFC_v2,static,0.3935860058309038,0.14623338257016247
wikipedia,KFC_v2,static,0.39373945066748506,0.14623338257016247
wikipedia,KFC_v2,static,0.3938928955040663,0.14623338257016247
wikipedia,KFC_v2,static,0.39404634034064756,0.14623338257016247
wikipedia,KFC_v2,static,0.3941997851772288,0.14623338257016247
wikipedia,KFC_v2,static,0.39435323001381006,0.14623338257016247
wikipedia,KFC_v2,static,0.3945066748503913,0.14623338257016247
wikipedia,KFC_v2,static,0.39466011968697257,0.14623338257016247
wikipedia,KFC_v2,static,0.3948135645235538,0.14623338257016247
wikipedia,KFC_v2,static,0.39496700936013507,0.14623338257016247
wikipedia,KFC_v2,static,0.3951204541967163,0.14623338257016247
wikipedia,KFC_v2,static,0.39527389903329757,0.14623338257016247
wikipedia,KFC_v2,static,0.3954273438698788,0.14623338257016247
wikipedia,KFC_v2,static,0.3955807887064601,0.14623338257016247
wikipedia,KFC_v2,static,0.39573423354304127,0.14623338257016247
wikipedia,KFC_v2,static,0.3958876783796225,0.14623338257016247
wikipedia,KFC_v2,static,0.39604112321620377,0.14623338257016247
wikipedia,KFC_v2,static,0.396194568052785,0.14623338257016247
wikipedia,KFC_v2,static,0.3963480128893663,0.14623338257016247
wikipedia,KFC_v2,static,0.3965014577259475,0.14623338257016247
wikipedia,KFC_v2,static,0.3966549025625288,0.14623338257016247
wikipedia,KFC_v2,static,0.39680834739911003,0.14623338257016247
wikipedia,KFC_v2,static,0.3969617922356913,0.14623338257016247
wikipedia,KFC_v2,static,0.39711523707227253,0.14623338257016247
wikipedia,KFC_v2,static,0.3972686819088538,0.14623338257016247
wikipedia,KFC_v2,static,0.39742212674543503,0.14623338257016247
wikipedia,KFC_v2,static,0.3975755715820163,0.14623338257016247
wikipedia,KFC_v2,static,0.39772901641859754,0.14623338257016247
wikipedia,KFC_v2,static,0.3978824612551788,0.14623338257016247
wikipedia,KFC_v2,static,0.39803590609176004,0.14623338257016247
wikipedia,KFC_v2,static,0.3981893509283413,0.14623338257016247
wikipedia,KFC_v2,static,0.39834279576492254,0.14623338257016247
wikipedia,KFC_v2,static,0.3984962406015038,0.14623338257016247
wikipedia,KFC_v2,static,0.39864968543808504,0.14623338257016247
wikipedia,KFC_v2,static,0.3988031302746663,0.14623338257016247
wikipedia,KFC_v2,static,0.39895657511124755,0.14623338257016247
wikipedia,KFC_v2,static,0.3991100199478288,0.14623338257016247
wikipedia,KFC_v2,static,0.39926346478441005,0.14623338257016247
wikipedia,KFC_v2,static,0.3994169096209913,0.14623338257016247
wikipedia,KFC_v2,static,0.3995703544575725,0.14623338257016247
wikipedia,KFC_v2,static,0.39972379929415375,0.14623338257016247
wikipedia,KFC_v2,static,0.399877244130735,0.14623338257016247
wikipedia,KFC_v2,static,0.40003068896731625,0.14623338257016247
wikipedia,KFC_v2,static,0.4001841338038975,0.14623338257016247
wikipedia,KFC_v2,static,0.40033757864047875,0.14623338257016247
wikipedia,KFC_v2,static,0.40049102347706,0.14623338257016247
wikipedia,KFC_v2,static,0.40064446831364126,0.14623338257016247
wikipedia,KFC_v2,static,0.4007979131502225,0.14623338257016247
wikipedia,KFC_v2,static,0.40095135798680376,0.14623338257016247
wikipedia,KFC_v2,static,0.401104802823385,0.14623338257016247
wikipedia,KFC_v2,static,0.40125824765996626,0.14623338257016247
wikipedia,KFC_v2,static,0.4014116924965475,0.14623338257016247
wikipedia,KFC_v2,static,0.40156513733312876,0.14623338257016247
wikipedia,KFC_v2,static,0.40171858216971,0.14623338257016247
wikipedia,KFC_v2,static,0.40187202700629127,0.14623338257016247
wikipedia,KFC_v2,static,0.4020254718428725,0.14623338257016247
wikipedia,KFC_v2,static,0.40217891667945377,0.14623338257016247
wikipedia,KFC_v2,static,0.402332361516035,0.14623338257016247
wikipedia,KFC_v2,static,0.40248580635261627,0.14623338257016247
wikipedia,KFC_v2,static,0.4026392511891975,0.14623338257016247
wikipedia,KFC_v2,static,0.4027926960257788,0.14623338257016247
wikipedia,KFC_v2,static,0.40294614086236,0.14623338257016247
wikipedia,KFC_v2,static,0.4030995856989413,0.14623338257016247
wikipedia,KFC_v2,static,0.40325303053552247,0.14623338257016247
wikipedia,KFC_v2,static,0.4034064753721037,0.14623338257016247
wikipedia,KFC_v2,static,0.403559920208685,0.14623338257016247
wikipedia,KFC_v2,static,0.4037133650452662,0.14623338257016247
wikipedia,KFC_v2,static,0.4038668098818475,0.14623338257016247
wikipedia,KFC_v2,static,0.40402025471842873,0.14623338257016247
wikipedia,KFC_v2,static,0.40417369955501,0.14623338257016247
wikipedia,KFC_v2,static,0.40432714439159123,0.14623338257016247
wikipedia,KFC_v2,static,0.4044805892281725,0.14623338257016247
wikipedia,KFC_v2,static,0.40463403406475373,0.14623338257016247
wikipedia,KFC_v2,static,0.404787478901335,0.14623338257016247
wikipedia,KFC_v2,static,0.40494092373791624,0.14623338257016247
wikipedia,KFC_v2,static,0.4050943685744975,0.14623338257016247
wikipedia,KFC_v2,static,0.40524781341107874,0.14623338257016247
wikipedia,KFC_v2,static,0.40540125824766,0.14623338257016247
wikipedia,KFC_v2,static,0.40555470308424124,0.14623338257016247
wikipedia,KFC_v2,static,0.4057081479208225,0.14623338257016247
wikipedia,KFC_v2,static,0.40586159275740374,0.14623338257016247
wikipedia,KFC_v2,static,0.406015037593985,0.14623338257016247
wikipedia,KFC_v2,static,0.40616848243056625,0.14623338257016247
wikipedia,KFC_v2,static,0.4063219272671475,0.14623338257016247
wikipedia,KFC_v2,static,0.40647537210372875,0.14623338257016247
wikipedia,KFC_v2,static,0.40662881694031,0.14623338257016247
wikipedia,KFC_v2,static,0.40678226177689125,0.14623338257016247
wikipedia,KFC_v2,static,0.4069357066134725,0.14623338257016247
wikipedia,KFC_v2,static,0.4070891514500537,0.14623338257016247
wikipedia,KFC_v2,static,0.40724259628663495,0.14623338257016247
wikipedia,KFC_v2,static,0.4073960411232162,0.14623338257016247
wikipedia,KFC_v2,static,0.40754948595979745,0.14623338257016247
wikipedia,KFC_v2,static,0.4077029307963787,0.14623338257016247
wikipedia,KFC_v2,static,0.40785637563295996,0.14623338257016247
wikipedia,KFC_v2,static,0.4080098204695412,0.14623338257016247
wikipedia,KFC_v2,static,0.40816326530612246,0.14623338257016247
wikipedia,KFC_v2,static,0.4083167101427037,0.14623338257016247
wikipedia,KFC_v2,static,0.40847015497928496,0.14623338257016247
wikipedia,KFC_v2,static,0.4086235998158662,0.14623338257016247
wikipedia,KFC_v2,static,0.40877704465244746,0.14623338257016247
wikipedia,KFC_v2,static,0.4089304894890287,0.14623338257016247
wikipedia,KFC_v2,static,0.40908393432560997,0.14623338257016247
wikipedia,KFC_v2,static,0.4092373791621912,0.14623338257016247
wikipedia,KFC_v2,static,0.40939082399877247,0.14623338257016247
wikipedia,KFC_v2,static,0.4095442688353537,0.14623338257016247
wikipedia,KFC_v2,static,0.40969771367193497,0.14623338257016247
wikipedia,KFC_v2,static,0.4098511585085162,0.14623338257016247
wikipedia,KFC_v2,static,0.4100046033450975,0.14623338257016247
wikipedia,KFC_v2,static,0.4101580481816787,0.14623338257016247
wikipedia,KFC_v2,static,0.41031149301826,0.14623338257016247
wikipedia,KFC_v2,static,0.4104649378548412,0.14623338257016247
wikipedia,KFC_v2,static,0.4106183826914225,0.14623338257016247
wikipedia,KFC_v2,static,0.41077182752800373,0.14623338257016247
wikipedia,KFC_v2,static,0.4109252723645849,0.14623338257016247
wikipedia,KFC_v2,static,0.4110787172011662,0.14623338257016247
wikipedia,KFC_v2,static,0.41123216203774743,0.14623338257016247
wikipedia,KFC_v2,static,0.4113856068743287,0.14623338257016247
wikipedia,KFC_v2,static,0.41153905171090993,0.14623338257016247
wikipedia,KFC_v2,static,0.4116924965474912,0.14623338257016247
wikipedia,KFC_v2,static,0.41184594138407243,0.14623338257016247
wikipedia,KFC_v2,static,0.4119993862206537,0.14623338257016247
wikipedia,KFC_v2,static,0.41215283105723494,0.14623338257016247
wikipedia,KFC_v2,static,0.4123062758938162,0.14623338257016247
wikipedia,KFC_v2,static,0.41245972073039744,0.14623338257016247
wikipedia,KFC_v2,static,0.4126131655669787,0.14623338257016247
wikipedia,KFC_v2,static,0.41276661040355994,0.14623338257016247
wikipedia,KFC_v2,static,0.4129200552401412,0.14623338257016247
wikipedia,KFC_v2,static,0.41307350007672244,0.14623338257016247
wikipedia,KFC_v2,static,0.4132269449133037,0.14623338257016247
wikipedia,KFC_v2,static,0.41338038974988495,0.14623338257016247
wikipedia,KFC_v2,static,0.4135338345864662,0.14623338257016247
wikipedia,KFC_v2,static,0.41368727942304745,0.14623338257016247
wikipedia,KFC_v2,static,0.4138407242596287,0.14623338257016247
wikipedia,KFC_v2,static,0.41399416909620995,0.14623338257016247
wikipedia,KFC_v2,static,0.4141476139327912,0.14623338257016247
wikipedia,KFC_v2,static,0.41430105876937245,0.14623338257016247
wikipedia,KFC_v2,static,0.4144545036059537,0.14623338257016247
wikipedia,KFC_v2,static,0.4146079484425349,0.14623338257016247
wikipedia,KFC_v2,static,0.41476139327911615,0.14623338257016247
wikipedia,KFC_v2,static,0.4149148381156974,0.14623338257016247
wikipedia,KFC_v2,static,0.41506828295227866,0.14623338257016247
wikipedia,KFC_v2,static,0.4152217277888599,0.14623338257016247
wikipedia,KFC_v2,static,0.41537517262544116,0.14623338257016247
wikipedia,KFC_v2,static,0.4155286174620224,0.14623338257016247
wikipedia,KFC_v2,static,0.41568206229860366,0.14623338257016247
wikipedia,KFC_v2,static,0.4158355071351849,0.14623338257016247
wikipedia,KFC_v2,static,0.41598895197176616,0.14623338257016247
wikipedia,KFC_v2,static,0.4161423968083474,0.14623338257016247
wikipedia,KFC_v2,static,0.41629584164492867,0.14623338257016247
wikipedia,KFC_v2,static,0.4164492864815099,0.14623338257016247
wikipedia,KFC_v2,static,0.41660273131809117,0.14623338257016247
wikipedia,KFC_v2,static,0.4167561761546724,0.14623338257016247
wikipedia,KFC_v2,static,0.41690962099125367,0.14623338257016247
wikipedia,KFC_v2,static,0.4170630658278349,0.14623338257016247
wikipedia,KFC_v2,static,0.4172165106644162,0.14623338257016247
wikipedia,KFC_v2,static,0.4173699555009974,0.14623338257016247
wikipedia,KFC_v2,static,0.4175234003375787,0.14623338257016247
wikipedia,KFC_v2,static,0.4176768451741599,0.14623338257016247
wikipedia,KFC_v2,static,0.4178302900107412,0.14623338257016247
wikipedia,KFC_v2,static,0.41798373484732243,0.14623338257016247
wikipedia,KFC_v2,static,0.4181371796839037,0.14623338257016247
wikipedia,KFC_v2,static,0.41829062452048493,0.14623338257016247
wikipedia,KFC_v2,static,0.41844406935706613,0.14623338257016247
wikipedia,KFC_v2,static,0.4185975141936474,0.14623338257016247
wikipedia,KFC_v2,static,0.41875095903022863,0.14623338257016247
wikipedia,KFC_v2,static,0.4189044038668099,0.14623338257016247
wikipedia,KFC_v2,static,0.41905784870339113,0.14623338257016247
wikipedia,KFC_v2,static,0.4192112935399724,0.14623338257016247
wikipedia,KFC_v2,static,0.41936473837655364,0.14623338257016247
wikipedia,KFC_v2,static,0.4195181832131349,0.14623338257016247
wikipedia,KFC_v2,static,0.41967162804971614,0.14623338257016247
wikipedia,KFC_v2,static,0.4198250728862974,0.14623338257016247
wikipedia,KFC_v2,static,0.41997851772287864,0.14623338257016247
wikipedia,KFC_v2,static,0.4201319625594599,0.14623338257016247
wikipedia,KFC_v2,static,0.42028540739604114,0.14623338257016247
wikipedia,KFC_v2,static,0.4204388522326224,0.14623338257016247
wikipedia,KFC_v2,static,0.42059229706920365,0.14623338257016247
wikipedia,KFC_v2,static,0.4207457419057849,0.14623338257016247
wikipedia,KFC_v2,static,0.42089918674236615,0.14623338257016247
wikipedia,KFC_v2,static,0.4210526315789474,0.14623338257016247
wikipedia,KFC_v2,static,0.42120607641552865,0.14623338257016247
wikipedia,KFC_v2,static,0.4213595212521099,0.14623338257016247
wikipedia,KFC_v2,static,0.42151296608869115,0.14623338257016247
wikipedia,KFC_v2,static,0.4216664109252724,0.14623338257016247
wikipedia,KFC_v2,static,0.42181985576185366,0.14623338257016247
wikipedia,KFC_v2,static,0.4219733005984349,0.14623338257016247
wikipedia,KFC_v2,static,0.42212674543501616,0.14623338257016247
wikipedia,KFC_v2,static,0.42228019027159736,0.14623338257016247
wikipedia,KFC_v2,static,0.4224336351081786,0.14623338257016247
wikipedia,KFC_v2,static,0.42258707994475986,0.14623338257016247
wikipedia,KFC_v2,static,0.4227405247813411,0.14623338257016247
wikipedia,KFC_v2,static,0.42289396961792236,0.14623338257016247
wikipedia,KFC_v2,static,0.4230474144545036,0.14623338257016247
wikipedia,KFC_v2,static,0.42320085929108486,0.14623338257016247
wikipedia,KFC_v2,static,0.4233543041276661,0.14623338257016247
wikipedia,KFC_v2,static,0.42350774896424737,0.14623338257016247
wikipedia,KFC_v2,static,0.4236611938008286,0.14623338257016247
wikipedia,KFC_v2,static,0.42381463863740987,0.14623338257016247
wikipedia,KFC_v2,static,0.4239680834739911,0.14623338257016247
wikipedia,KFC_v2,static,0.42412152831057237,0.14623338257016247
wikipedia,KFC_v2,static,0.4242749731471536,0.14623338257016247
wikipedia,KFC_v2,static,0.4244284179837349,0.14623338257016247
wikipedia,KFC_v2,static,0.4245818628203161,0.14623338257016247
wikipedia,KFC_v2,static,0.4247353076568974,0.14623338257016247
wikipedia,KFC_v2,static,0.4248887524934786,0.14623338257016247
wikipedia,KFC_v2,static,0.4250421973300599,0.14623338257016247
wikipedia,KFC_v2,static,0.42519564216664113,0.14623338257016247
wikipedia,KFC_v2,static,0.4253490870032224,0.14623338257016247
wikipedia,KFC_v2,static,0.42550253183980363,0.14623338257016247
wikipedia,KFC_v2,static,0.4256559766763849,0.14623338257016247
wikipedia,KFC_v2,static,0.42580942151296614,0.14623338257016247
wikipedia,KFC_v2,static,0.42596286634954733,0.14623338257016247
wikipedia,KFC_v2,static,0.4261163111861286,0.14623338257016247
wikipedia,KFC_v2,static,0.42626975602270983,0.14623338257016247
wikipedia,KFC_v2,static,0.4264232008592911,0.14623338257016247
wikipedia,KFC_v2,static,0.42657664569587234,0.14623338257016247
wikipedia,KFC_v2,static,0.4267300905324536,0.14623338257016247
wikipedia,KFC_v2,static,0.42688353536903484,0.14623338257016247
wikipedia,KFC_v2,static,0.4270369802056161,0.14623338257016247
wikipedia,KFC_v2,static,0.42719042504219734,0.14623338257016247
wikipedia,KFC_v2,static,0.4273438698787786,0.14623338257016247
wikipedia,KFC_v2,static,0.42749731471535984,0.14623338257016247
wikipedia,KFC_v2,static,0.4276507595519411,0.14623338257016247
wikipedia,KFC_v2,static,0.42780420438852235,0.14623338257016247
wikipedia,KFC_v2,static,0.4279576492251036,0.14623338257016247
wikipedia,KFC_v2,static,0.42811109406168485,0.14623338257016247
wikipedia,KFC_v2,static,0.4282645388982661,0.14623338257016247
wikipedia,KFC_v2,static,0.42841798373484735,0.1447562776957164
wikipedia,KFC_v2,static,0.4285714285714286,0.1447562776957164
wikipedia,KFC_v2,static,0.42872487340800985,0.1447562776957164
wikipedia,KFC_v2,static,0.4288783182445911,0.1447562776957164
wikipedia,KFC_v2,static,0.42903176308117236,0.1447562776957164
wikipedia,KFC_v2,static,0.4291852079177536,0.1447562776957164
wikipedia,KFC_v2,static,0.42933865275433486,0.1447562776957164
wikipedia,KFC_v2,static,0.4294920975909161,0.1447562776957164
wikipedia,KFC_v2,static,0.42964554242749736,0.1447562776957164
wikipedia,KFC_v2,static,0.42979898726407856,0.1447562776957164
wikipedia,KFC_v2,static,0.4299524321006598,0.1447562776957164
wikipedia,KFC_v2,static,0.43010587693724106,0.1447562776957164
wikipedia,KFC_v2,static,0.4302593217738223,0.1447562776957164
wikipedia,KFC_v2,static,0.43041276661040356,0.1447562776957164
wikipedia,KFC_v2,static,0.4305662114469848,0.1447562776957164
wikipedia,KFC_v2,static,0.43071965628356607,0.1447562776957164
wikipedia,KFC_v2,static,0.4308731011201473,0.1447562776957164
wikipedia,KFC_v2,static,0.43102654595672857,0.1447562776957164
wikipedia,KFC_v2,static,0.4311799907933098,0.1447562776957164
wikipedia,KFC_v2,static,0.43133343562989107,0.1447562776957164
wikipedia,KFC_v2,static,0.4314868804664723,0.1447562776957164
wikipedia,KFC_v2,static,0.4316403253030536,0.1447562776957164
wikipedia,KFC_v2,static,0.4317937701396348,0.1447562776957164
wikipedia,KFC_v2,static,0.4319472149762161,0.1447562776957164
wikipedia,KFC_v2,static,0.4321006598127973,0.1447562776957164
wikipedia,KFC_v2,static,0.4322541046493786,0.1447562776957164
wikipedia,KFC_v2,static,0.43240754948595983,0.1447562776957164
wikipedia,KFC_v2,static,0.4325609943225411,0.1447562776957164
wikipedia,KFC_v2,static,0.43271443915912233,0.1447562776957164
wikipedia,KFC_v2,static,0.4328678839957036,0.1447562776957164
wikipedia,KFC_v2,static,0.43302132883228484,0.1447562776957164
wikipedia,KFC_v2,static,0.4331747736688661,0.1447562776957164
wikipedia,KFC_v2,static,0.43332821850544734,0.1447562776957164
wikipedia,KFC_v2,static,0.4334816633420286,0.1447562776957164
wikipedia,KFC_v2,static,0.4336351081786098,0.1447562776957164
wikipedia,KFC_v2,static,0.43378855301519104,0.1447562776957164
wikipedia,KFC_v2,static,0.4339419978517723,0.1447562776957164
wikipedia,KFC_v2,static,0.43409544268835354,0.1447562776957164
wikipedia,KFC_v2,static,0.4342488875249348,0.1447562776957164
wikipedia,KFC_v2,static,0.43440233236151604,0.1447562776957164
wikipedia,KFC_v2,static,0.4345557771980973,0.1447562776957164
wikipedia,KFC_v2,static,0.43470922203467854,0.1447562776957164
wikipedia,KFC_v2,static,0.4348626668712598,0.1447562776957164
wikipedia,KFC_v2,static,0.43501611170784105,0.1447562776957164
wikipedia,KFC_v2,static,0.4351695565444223,0.1447562776957164
wikipedia,KFC_v2,static,0.43532300138100355,0.1447562776957164
wikipedia,KFC_v2,static,0.4354764462175848,0.1447562776957164
wikipedia,KFC_v2,static,0.43562989105416605,0.1447562776957164
wikipedia,KFC_v2,static,0.4357833358907473,0.1447562776957164
wikipedia,KFC_v2,static,0.43593678072732855,0.1447562776957164
wikipedia,KFC_v2,static,0.4360902255639098,0.1447562776957164
wikipedia,KFC_v2,static,0.43624367040049106,0.1447562776957164
wikipedia,KFC_v2,static,0.4363971152370723,0.1447562776957164
wikipedia,KFC_v2,static,0.43655056007365356,0.1447562776957164
wikipedia,KFC_v2,static,0.4367040049102348,0.1447562776957164
wikipedia,KFC_v2,static,0.43685744974681606,0.1447562776957164
wikipedia,KFC_v2,static,0.4370108945833973,0.1447562776957164
wikipedia,KFC_v2,static,0.43716433941997856,0.1447562776957164
wikipedia,KFC_v2,static,0.43731778425655976,0.1447562776957164
wikipedia,KFC_v2,static,0.437471229093141,0.1447562776957164
wikipedia,KFC_v2,static,0.43762467392972226,0.1447562776957164
wikipedia,KFC_v2,static,0.4377781187663035,0.1447562776957164
wikipedia,KFC_v2,static,0.43793156360288477,0.1447562776957164
wikipedia,KFC_v2,static,0.438085008439466,0.1447562776957164
wikipedia,KFC_v2,static,0.43823845327604727,0.1447562776957164
wikipedia,KFC_v2,static,0.4383918981126285,0.1447562776957164
wikipedia,KFC_v2,static,0.43854534294920977,0.1432791728212703
wikipedia,KFC_v2,static,0.438698787785791,0.1432791728212703
wikipedia,KFC_v2,static,0.4388522326223723,0.1432791728212703
wikipedia,KFC_v2,static,0.4390056774589535,0.1432791728212703
wikipedia,KFC_v2,static,0.4391591222955348,0.1432791728212703
wikipedia,KFC_v2,static,0.439312567132116,0.1432791728212703
wikipedia,KFC_v2,static,0.4394660119686973,0.1432791728212703
wikipedia,KFC_v2,static,0.43961945680527853,0.1432791728212703
wikipedia,KFC_v2,static,0.4397729016418598,0.1432791728212703
wikipedia,KFC_v2,static,0.43992634647844103,0.1432791728212703
wikipedia,KFC_v2,static,0.4400797913150223,0.1432791728212703
wikipedia,KFC_v2,static,0.44023323615160354,0.1432791728212703
wikipedia,KFC_v2,static,0.4403866809881848,0.1432791728212703
wikipedia,KFC_v2,static,0.44054012582476604,0.1432791728212703
wikipedia,KFC_v2,static,0.4406935706613473,0.1432791728212703
wikipedia,KFC_v2,static,0.44084701549792854,0.1432791728212703
wikipedia,KFC_v2,static,0.4410004603345098,0.1432791728212703
wikipedia,KFC_v2,static,0.441153905171091,0.1432791728212703
wikipedia,KFC_v2,static,0.44130735000767224,0.1432791728212703
wikipedia,KFC_v2,static,0.4414607948442535,0.1432791728212703
wikipedia,KFC_v2,static,0.44161423968083474,0.1432791728212703
wikipedia,KFC_v2,static,0.441767684517416,0.1432791728212703
wikipedia,KFC_v2,static,0.44192112935399724,0.1432791728212703
wikipedia,KFC_v2,static,0.4420745741905785,0.1432791728212703
wikipedia,KFC_v2,static,0.44222801902715975,0.1432791728212703
wikipedia,KFC_v2,static,0.442381463863741,0.1432791728212703
wikipedia,KFC_v2,static,0.44253490870032225,0.1432791728212703
wikipedia,KFC_v2,static,0.4426883535369035,0.1432791728212703
wikipedia,KFC_v2,static,0.44284179837348475,0.1432791728212703
wikipedia,KFC_v2,static,0.442995243210066,0.1432791728212703
wikipedia,KFC_v2,static,0.44314868804664725,0.1432791728212703
wikipedia,KFC_v2,static,0.4433021328832285,0.1432791728212703
wikipedia,KFC_v2,static,0.44345557771980976,0.1432791728212703
wikipedia,KFC_v2,static,0.443609022556391,0.1432791728212703
wikipedia,KFC_v2,static,0.44376246739297226,0.1432791728212703
wikipedia,KFC_v2,static,0.4439159122295535,0.1432791728212703
wikipedia,KFC_v2,static,0.44406935706613476,0.1432791728212703
wikipedia,KFC_v2,static,0.444222801902716,0.1432791728212703
wikipedia,KFC_v2,static,0.44437624673929726,0.1432791728212703
wikipedia,KFC_v2,static,0.4445296915758785,0.1432791728212703
wikipedia,KFC_v2,static,0.44468313641245977,0.1432791728212703
wikipedia,KFC_v2,static,0.444836581249041,0.1432791728212703
wikipedia,KFC_v2,static,0.4449900260856222,0.1432791728212703
wikipedia,KFC_v2,static,0.44514347092220347,0.1432791728212703
wikipedia,KFC_v2,static,0.4452969157587847,0.1432791728212703
wikipedia,KFC_v2,static,0.44545036059536597,0.1432791728212703
wikipedia,KFC_v2,static,0.4456038054319472,0.1432791728212703
wikipedia,KFC_v2,static,0.44575725026852847,0.1432791728212703
wikipedia,KFC_v2,static,0.4459106951051097,0.1432791728212703
wikipedia,KFC_v2,static,0.446064139941691,0.1432791728212703
wikipedia,KFC_v2,static,0.4462175847782722,0.1432791728212703
wikipedia,KFC_v2,static,0.4463710296148535,0.1432791728212703
wikipedia,KFC_v2,static,0.4465244744514347,0.1432791728212703
wikipedia,KFC_v2,static,0.446677919288016,0.1432791728212703
wikipedia,KFC_v2,static,0.44683136412459723,0.1432791728212703
wikipedia,KFC_v2,static,0.4469848089611785,0.1432791728212703
wikipedia,KFC_v2,static,0.44713825379775973,0.1432791728212703
wikipedia,KFC_v2,static,0.447291698634341,0.1432791728212703
wikipedia,KFC_v2,static,0.44744514347092224,0.1432791728212703
wikipedia,KFC_v2,static,0.4475985883075035,0.1432791728212703
wikipedia,KFC_v2,static,0.44775203314408474,0.1432791728212703
wikipedia,KFC_v2,static,0.447905477980666,0.1432791728212703
wikipedia,KFC_v2,static,0.44805892281724724,0.1432791728212703
wikipedia,KFC_v2,static,0.4482123676538285,0.1432791728212703
wikipedia,KFC_v2,static,0.44836581249040974,0.1432791728212703
wikipedia,KFC_v2,static,0.448519257326991,0.1432791728212703
wikipedia,KFC_v2,static,0.4486727021635722,0.1432791728212703
wikipedia,KFC_v2,static,0.44882614700015344,0.1432791728212703
wikipedia,KFC_v2,static,0.4489795918367347,0.1432791728212703
wikipedia,KFC_v2,static,0.44913303667331594,0.1432791728212703
wikipedia,KFC_v2,static,0.4492864815098972,0.1432791728212703
wikipedia,KFC_v2,static,0.44943992634647845,0.1432791728212703
wikipedia,KFC_v2,static,0.4495933711830597,0.1432791728212703
wikipedia,KFC_v2,static,0.44974681601964095,0.1432791728212703
wikipedia,KFC_v2,static,0.4499002608562222,0.1432791728212703
wikipedia,KFC_v2,static,0.45005370569280345,0.1432791728212703
wikipedia,KFC_v2,static,0.4502071505293847,0.1432791728212703
wikipedia,KFC_v2,static,0.45036059536596595,0.1432791728212703
wikipedia,KFC_v2,static,0.4505140402025472,0.1432791728212703
wikipedia,KFC_v2,static,0.45066748503912846,0.1432791728212703
wikipedia,KFC_v2,static,0.4508209298757097,0.1432791728212703
wikipedia,KFC_v2,static,0.45097437471229096,0.1432791728212703
wikipedia,KFC_v2,static,0.4511278195488722,0.1432791728212703
wikipedia,KFC_v2,static,0.45128126438545346,0.1432791728212703
wikipedia,KFC_v2,static,0.4514347092220347,0.1432791728212703
wikipedia,KFC_v2,static,0.45158815405861596,0.1432791728212703
wikipedia,KFC_v2,static,0.4517415988951972,0.1432791728212703
wikipedia,KFC_v2,static,0.45189504373177847,0.1432791728212703
wikipedia,KFC_v2,static,0.4520484885683597,0.1432791728212703
wikipedia,KFC_v2,static,0.45220193340494097,0.1432791728212703
wikipedia,KFC_v2,static,0.4523553782415222,0.1432791728212703
wikipedia,KFC_v2,static,0.4525088230781034,0.1432791728212703
wikipedia,KFC_v2,static,0.45266226791468467,0.1432791728212703
wikipedia,KFC_v2,static,0.4528157127512659,0.1432791728212703
wikipedia,KFC_v2,static,0.45296915758784717,0.1432791728212703
wikipedia,KFC_v2,static,0.4531226024244284,0.1432791728212703
wikipedia,KFC_v2,static,0.4532760472610097,0.1432791728212703
wikipedia,KFC_v2,static,0.4534294920975909,0.1432791728212703
wikipedia,KFC_v2,static,0.4535829369341722,0.1432791728212703
wikipedia,KFC_v2,static,0.4537363817707534,0.1432791728212703
wikipedia,KFC_v2,static,0.4538898266073347,0.1432791728212703
wikipedia,KFC_v2,static,0.45404327144391593,0.1432791728212703
wikipedia,KFC_v2,static,0.4541967162804972,0.1432791728212703
wikipedia,KFC_v2,static,0.45435016111707843,0.1432791728212703
wikipedia,KFC_v2,static,0.4545036059536597,0.1432791728212703
wikipedia,KFC_v2,static,0.45465705079024094,0.1432791728212703
wikipedia,KFC_v2,static,0.4548104956268222,0.1432791728212703
wikipedia,KFC_v2,static,0.45496394046340344,0.1432791728212703
wikipedia,KFC_v2,static,0.4551173852999847,0.1432791728212703
wikipedia,KFC_v2,static,0.45527083013656594,0.1432791728212703
wikipedia,KFC_v2,static,0.4554242749731472,0.1432791728212703
wikipedia,KFC_v2,static,0.45557771980972844,0.1432791728212703
wikipedia,KFC_v2,static,0.4557311646463097,0.1432791728212703
wikipedia,KFC_v2,static,0.45588460948289095,0.1432791728212703
wikipedia,KFC_v2,static,0.4560380543194722,0.1432791728212703
wikipedia,KFC_v2,static,0.45619149915605345,0.1432791728212703
wikipedia,KFC_v2,static,0.45634494399263464,0.1432791728212703
wikipedia,KFC_v2,static,0.4564983888292159,0.1432791728212703
wikipedia,KFC_v2,static,0.45665183366579715,0.1432791728212703
wikipedia,KFC_v2,static,0.4568052785023784,0.1432791728212703
wikipedia,KFC_v2,static,0.45695872333895965,0.1432791728212703
wikipedia,KFC_v2,static,0.4571121681755409,0.1432791728212703
wikipedia,KFC_v2,static,0.45726561301212215,0.1432791728212703
wikipedia,KFC_v2,static,0.4574190578487034,0.1432791728212703
wikipedia,KFC_v2,static,0.45757250268528465,0.1432791728212703
wikipedia,KFC_v2,static,0.4577259475218659,0.1432791728212703
wikipedia,KFC_v2,static,0.45787939235844716,0.1432791728212703
wikipedia,KFC_v2,static,0.4580328371950284,0.1432791728212703
wikipedia,KFC_v2,static,0.45818628203160966,0.1432791728212703
wikipedia,KFC_v2,static,0.4583397268681909,0.1432791728212703
wikipedia,KFC_v2,static,0.45849317170477216,0.1432791728212703
wikipedia,KFC_v2,static,0.4586466165413534,0.1432791728212703
wikipedia,KFC_v2,static,0.45880006137793466,0.1432791728212703
wikipedia,KFC_v2,static,0.4589535062145159,0.1432791728212703
wikipedia,KFC_v2,static,0.45910695105109717,0.1432791728212703
wikipedia,KFC_v2,static,0.4592603958876784,0.1432791728212703
wikipedia,KFC_v2,static,0.45941384072425967,0.1432791728212703
wikipedia,KFC_v2,static,0.4595672855608409,0.1432791728212703
wikipedia,KFC_v2,static,0.4597207303974222,0.1432791728212703
wikipedia,KFC_v2,static,0.4598741752340034,0.1432791728212703
wikipedia,KFC_v2,static,0.4600276200705846,0.1432791728212703
wikipedia,KFC_v2,static,0.46018106490716587,0.1432791728212703
wikipedia,KFC_v2,static,0.4603345097437471,0.1432791728212703
wikipedia,KFC_v2,static,0.4604879545803284,0.1432791728212703
wikipedia,KFC_v2,static,0.4606413994169096,0.1432791728212703
wikipedia,KFC_v2,static,0.4607948442534909,0.1432791728212703
wikipedia,KFC_v2,static,0.4609482890900721,0.1432791728212703
wikipedia,KFC_v2,static,0.4611017339266534,0.1432791728212703
wikipedia,KFC_v2,static,0.46125517876323463,0.1432791728212703
wikipedia,KFC_v2,static,0.4614086235998159,0.1432791728212703
wikipedia,KFC_v2,static,0.46156206843639713,0.1432791728212703
wikipedia,KFC_v2,static,0.4617155132729784,0.1432791728212703
wikipedia,KFC_v2,static,0.46186895810955964,0.1432791728212703
wikipedia,KFC_v2,static,0.4620224029461409,0.1432791728212703
wikipedia,KFC_v2,static,0.46217584778272214,0.1432791728212703
wikipedia,KFC_v2,static,0.4623292926193034,0.1432791728212703
wikipedia,KFC_v2,static,0.46248273745588464,0.1432791728212703
wikipedia,KFC_v2,static,0.4626361822924659,0.1432791728212703
wikipedia,KFC_v2,static,0.46278962712904714,0.1432791728212703
wikipedia,KFC_v2,static,0.4629430719656284,0.1432791728212703
wikipedia,KFC_v2,static,0.46309651680220965,0.1432791728212703
wikipedia,KFC_v2,static,0.4632499616387909,0.1432791728212703
wikipedia,KFC_v2,static,0.46340340647537215,0.1432791728212703
wikipedia,KFC_v2,static,0.4635568513119534,0.1432791728212703
wikipedia,KFC_v2,static,0.46371029614853465,0.1432791728212703
wikipedia,KFC_v2,static,0.46386374098511585,0.1432791728212703
wikipedia,KFC_v2,static,0.4640171858216971,0.1432791728212703
wikipedia,KFC_v2,static,0.46417063065827835,0.1432791728212703
wikipedia,KFC_v2,static,0.4643240754948596,0.1432791728212703
wikipedia,KFC_v2,static,0.46447752033144085,0.1432791728212703
wikipedia,KFC_v2,static,0.4646309651680221,0.1432791728212703
wikipedia,KFC_v2,static,0.46478441000460335,0.1432791728212703
wikipedia,KFC_v2,static,0.4649378548411846,0.1432791728212703
wikipedia,KFC_v2,static,0.46509129967776586,0.1432791728212703
wikipedia,KFC_v2,static,0.4652447445143471,0.1432791728212703
wikipedia,KFC_v2,static,0.46539818935092836,0.1432791728212703
wikipedia,KFC_v2,static,0.4655516341875096,0.1432791728212703
wikipedia,KFC_v2,static,0.46570507902409086,0.1432791728212703
wikipedia,KFC_v2,static,0.4658585238606721,0.1432791728212703
wikipedia,KFC_v2,static,0.46601196869725336,0.1432791728212703
wikipedia,KFC_v2,static,0.4661654135338346,0.1432791728212703
wikipedia,KFC_v2,static,0.46631885837041587,0.1432791728212703
wikipedia,KFC_v2,static,0.4664723032069971,0.1432791728212703
wikipedia,KFC_v2,static,0.46662574804357837,0.1432791728212703
wikipedia,KFC_v2,static,0.4667791928801596,0.1432791728212703
wikipedia,KFC_v2,static,0.4669326377167409,0.1432791728212703
wikipedia,KFC_v2,static,0.4670860825533221,0.1432791728212703
wikipedia,KFC_v2,static,0.4672395273899034,0.1432791728212703
wikipedia,KFC_v2,static,0.4673929722264846,0.1432791728212703
wikipedia,KFC_v2,static,0.4675464170630659,0.1432791728212703
wikipedia,KFC_v2,static,0.4676998618996471,0.1432791728212703
wikipedia,KFC_v2,static,0.4678533067362283,0.1432791728212703
wikipedia,KFC_v2,static,0.4680067515728096,0.1432791728212703
wikipedia,KFC_v2,static,0.4681601964093908,0.1432791728212703
wikipedia,KFC_v2,static,0.4683136412459721,0.1432791728212703
wikipedia,KFC_v2,static,0.46846708608255333,0.1432791728212703
wikipedia,KFC_v2,static,0.4686205309191346,0.1432791728212703
wikipedia,KFC_v2,static,0.46877397575571583,0.1432791728212703
wikipedia,KFC_v2,static,0.4689274205922971,0.1432791728212703
wikipedia,KFC_v2,static,0.46908086542887834,0.1432791728212703
wikipedia,KFC_v2,static,0.4692343102654596,0.1432791728212703
wikipedia,KFC_v2,static,0.46938775510204084,0.1432791728212703
wikipedia,KFC_v2,static,0.4695411999386221,0.1432791728212703
wikipedia,KFC_v2,static,0.46969464477520334,0.1432791728212703
wikipedia,KFC_v2,static,0.4698480896117846,0.1432791728212703
wikipedia,KFC_v2,static,0.47000153444836584,0.1432791728212703
wikipedia,KFC_v2,static,0.4701549792849471,0.1432791728212703
wikipedia,KFC_v2,static,0.47030842412152835,0.1432791728212703
wikipedia,KFC_v2,static,0.4704618689581096,0.1432791728212703
wikipedia,KFC_v2,static,0.47061531379469085,0.1432791728212703
wikipedia,KFC_v2,static,0.4707687586312721,0.1432791728212703
wikipedia,KFC_v2,static,0.47092220346785335,0.1432791728212703
wikipedia,KFC_v2,static,0.4710756483044346,0.1432791728212703
wikipedia,KFC_v2,static,0.47122909314101585,0.14180206794682423
wikipedia,KFC_v2,static,0.4713825379775971,0.14180206794682423
wikipedia,KFC_v2,static,0.4715359828141783,0.14180206794682423
wikipedia,KFC_v2,static,0.47168942765075955,0.14180206794682423
wikipedia,KFC_v2,static,0.4718428724873408,0.14180206794682423
wikipedia,KFC_v2,static,0.47199631732392205,0.14180206794682423
wikipedia,KFC_v2,static,0.4721497621605033,0.14180206794682423
wikipedia,KFC_v2,static,0.47230320699708456,0.14180206794682423
wikipedia,KFC_v2,static,0.4724566518336658,0.14180206794682423
wikipedia,KFC_v2,static,0.47261009667024706,0.14180206794682423
wikipedia,KFC_v2,static,0.4727635415068283,0.14180206794682423
wikipedia,KFC_v2,static,0.47291698634340956,0.14180206794682423
wikipedia,KFC_v2,static,0.4730704311799908,0.14180206794682423
wikipedia,KFC_v2,static,0.47322387601657206,0.14180206794682423
wikipedia,KFC_v2,static,0.4733773208531533,0.14180206794682423
wikipedia,KFC_v2,static,0.47353076568973457,0.14180206794682423
wikipedia,KFC_v2,static,0.4736842105263158,0.14180206794682423
wikipedia,KFC_v2,static,0.47383765536289707,0.14180206794682423
wikipedia,KFC_v2,static,0.4739911001994783,0.14180206794682423
wikipedia,KFC_v2,static,0.4741445450360596,0.14180206794682423
wikipedia,KFC_v2,static,0.4742979898726408,0.14180206794682423
wikipedia,KFC_v2,static,0.4744514347092221,0.14180206794682423
wikipedia,KFC_v2,static,0.4746048795458033,0.14180206794682423
wikipedia,KFC_v2,static,0.4747583243823846,0.14180206794682423
wikipedia,KFC_v2,static,0.47491176921896583,0.14180206794682423
wikipedia,KFC_v2,static,0.4750652140555471,0.14180206794682423
wikipedia,KFC_v2,static,0.4752186588921283,0.14180206794682423
wikipedia,KFC_v2,static,0.4753721037287095,0.14180206794682423
wikipedia,KFC_v2,static,0.4755255485652908,0.14180206794682423
wikipedia,KFC_v2,static,0.47567899340187203,0.14180206794682423
wikipedia,KFC_v2,static,0.4758324382384533,0.14180206794682423
wikipedia,KFC_v2,static,0.47598588307503453,0.14180206794682423
wikipedia,KFC_v2,static,0.4761393279116158,0.14180206794682423
wikipedia,KFC_v2,static,0.47629277274819704,0.14180206794682423
wikipedia,KFC_v2,static,0.4764462175847783,0.14180206794682423
wikipedia,KFC_v2,static,0.47659966242135954,0.14180206794682423
wikipedia,KFC_v2,static,0.4767531072579408,0.14180206794682423
wikipedia,KFC_v2,static,0.47690655209452204,0.14180206794682423
wikipedia,KFC_v2,static,0.4770599969311033,0.14180206794682423
wikipedia,KFC_v2,static,0.47721344176768454,0.14180206794682423
wikipedia,KFC_v2,static,0.4773668866042658,0.14180206794682423
wikipedia,KFC_v2,static,0.47752033144084705,0.14180206794682423
wikipedia,KFC_v2,static,0.4776737762774283,0.14180206794682423
wikipedia,KFC_v2,static,0.47782722111400955,0.14180206794682423
wikipedia,KFC_v2,static,0.4779806659505908,0.14180206794682423
wikipedia,KFC_v2,static,0.47813411078717205,0.14180206794682423
wikipedia,KFC_v2,static,0.4782875556237533,0.14180206794682423
wikipedia,KFC_v2,static,0.47844100046033455,0.14180206794682423
wikipedia,KFC_v2,static,0.4785944452969158,0.14180206794682423
wikipedia,KFC_v2,static,0.47874789013349706,0.14180206794682423
wikipedia,KFC_v2,static,0.4789013349700783,0.14180206794682423
wikipedia,KFC_v2,static,0.4790547798066595,0.14180206794682423
wikipedia,KFC_v2,static,0.47920822464324075,0.14180206794682423
wikipedia,KFC_v2,static,0.479361669479822,0.14180206794682423
wikipedia,KFC_v2,static,0.47951511431640326,0.14180206794682423
wikipedia,KFC_v2,static,0.4796685591529845,0.14180206794682423
wikipedia,KFC_v2,static,0.47982200398956576,0.14180206794682423
wikipedia,KFC_v2,static,0.479975448826147,0.14180206794682423
wikipedia,KFC_v2,static,0.48012889366272826,0.14180206794682423
wikipedia,KFC_v2,static,0.4802823384993095,0.14180206794682423
wikipedia,KFC_v2,static,0.48043578333589076,0.14180206794682423
wikipedia,KFC_v2,static,0.480589228172472,0.14180206794682423
wikipedia,KFC_v2,static,0.48074267300905327,0.14180206794682423
wikipedia,KFC_v2,static,0.4808961178456345,0.14180206794682423
wikipedia,KFC_v2,static,0.48104956268221577,0.14180206794682423
wikipedia,KFC_v2,static,0.481203007518797,0.14180206794682423
wikipedia,KFC_v2,static,0.4813564523553783,0.14180206794682423
wikipedia,KFC_v2,static,0.4815098971919595,0.14180206794682423
wikipedia,KFC_v2,static,0.4816633420285408,0.14180206794682423
wikipedia,KFC_v2,static,0.481816786865122,0.14180206794682423
wikipedia,KFC_v2,static,0.4819702317017033,0.14180206794682423
wikipedia,KFC_v2,static,0.48212367653828453,0.14180206794682423
wikipedia,KFC_v2,static,0.4822771213748658,0.14180206794682423
wikipedia,KFC_v2,static,0.48243056621144703,0.14180206794682423
wikipedia,KFC_v2,static,0.4825840110480283,0.14180206794682423
wikipedia,KFC_v2,static,0.48273745588460953,0.14180206794682423
wikipedia,KFC_v2,static,0.48289090072119073,0.14180206794682423
wikipedia,KFC_v2,static,0.483044345557772,0.14180206794682423
wikipedia,KFC_v2,static,0.48319779039435323,0.14180206794682423
wikipedia,KFC_v2,static,0.4833512352309345,0.14180206794682423
wikipedia,KFC_v2,static,0.48350468006751574,0.14180206794682423
wikipedia,KFC_v2,static,0.483658124904097,0.14180206794682423
wikipedia,KFC_v2,static,0.48381156974067824,0.14180206794682423
wikipedia,KFC_v2,static,0.4839650145772595,0.14180206794682423
wikipedia,KFC_v2,static,0.48411845941384074,0.14180206794682423
wikipedia,KFC_v2,static,0.484271904250422,0.14180206794682423
wikipedia,KFC_v2,static,0.48442534908700324,0.14180206794682423
wikipedia,KFC_v2,static,0.4845787939235845,0.14180206794682423
wikipedia,KFC_v2,static,0.48473223876016575,0.14180206794682423
wikipedia,KFC_v2,static,0.484885683596747,0.14180206794682423
wikipedia,KFC_v2,static,0.48503912843332825,0.14180206794682423
wikipedia,KFC_v2,static,0.4851925732699095,0.14180206794682423
wikipedia,KFC_v2,static,0.48534601810649075,0.14180206794682423
wikipedia,KFC_v2,static,0.485499462943072,0.14180206794682423
wikipedia,KFC_v2,static,0.48565290777965325,0.14180206794682423
wikipedia,KFC_v2,static,0.4858063526162345,0.14180206794682423
wikipedia,KFC_v2,static,0.48595979745281576,0.14180206794682423
wikipedia,KFC_v2,static,0.486113242289397,0.14180206794682423
wikipedia,KFC_v2,static,0.48626668712597826,0.14180206794682423
wikipedia,KFC_v2,static,0.4864201319625595,0.14180206794682423
wikipedia,KFC_v2,static,0.4865735767991407,0.14180206794682423
wikipedia,KFC_v2,static,0.48672702163572196,0.14180206794682423
wikipedia,KFC_v2,static,0.4868804664723032,0.14180206794682423
wikipedia,KFC_v2,static,0.48703391130888446,0.14180206794682423
wikipedia,KFC_v2,static,0.4871873561454657,0.14180206794682423
wikipedia,KFC_v2,static,0.48734080098204696,0.14180206794682423
wikipedia,KFC_v2,static,0.4874942458186282,0.14180206794682423
wikipedia,KFC_v2,static,0.48764769065520946,0.14180206794682423
wikipedia,KFC_v2,static,0.4878011354917907,0.14180206794682423
wikipedia,KFC_v2,static,0.48795458032837197,0.14180206794682423
wikipedia,KFC_v2,static,0.4881080251649532,0.14180206794682423
wikipedia,KFC_v2,static,0.48826147000153447,0.14180206794682423
wikipedia,KFC_v2,static,0.4884149148381157,0.14180206794682423
wikipedia,KFC_v2,static,0.488568359674697,0.14180206794682423
wikipedia,KFC_v2,static,0.4887218045112782,0.14180206794682423
wikipedia,KFC_v2,static,0.4888752493478595,0.14180206794682423
wikipedia,KFC_v2,static,0.4890286941844407,0.14180206794682423
wikipedia,KFC_v2,static,0.489182139021022,0.14180206794682423
wikipedia,KFC_v2,static,0.48933558385760323,0.14180206794682423
wikipedia,KFC_v2,static,0.4894890286941845,0.14180206794682423
wikipedia,KFC_v2,static,0.48964247353076573,0.14180206794682423
wikipedia,KFC_v2,static,0.489795918367347,0.14180206794682423
wikipedia,KFC_v2,static,0.48994936320392823,0.14180206794682423
wikipedia,KFC_v2,static,0.4901028080405095,0.14180206794682423
wikipedia,KFC_v2,static,0.49025625287709074,0.14180206794682423
wikipedia,KFC_v2,static,0.49040969771367193,0.14180206794682423
wikipedia,KFC_v2,static,0.4905631425502532,0.14180206794682423
wikipedia,KFC_v2,static,0.49071658738683444,0.14180206794682423
wikipedia,KFC_v2,static,0.4908700322234157,0.14180206794682423
wikipedia,KFC_v2,static,0.49102347705999694,0.14180206794682423
wikipedia,KFC_v2,static,0.4911769218965782,0.14180206794682423
wikipedia,KFC_v2,static,0.49133036673315944,0.14180206794682423
wikipedia,KFC_v2,static,0.4914838115697407,0.14180206794682423
wikipedia,KFC_v2,static,0.49163725640632194,0.14180206794682423
wikipedia,KFC_v2,static,0.4917907012429032,0.14180206794682423
wikipedia,KFC_v2,static,0.49194414607948445,0.14180206794682423
wikipedia,KFC_v2,static,0.4920975909160657,0.14180206794682423
wikipedia,KFC_v2,static,0.49225103575264695,0.14180206794682423
wikipedia,KFC_v2,static,0.4924044805892282,0.14180206794682423
wikipedia,KFC_v2,static,0.49255792542580945,0.14180206794682423
wikipedia,KFC_v2,static,0.4927113702623907,0.14180206794682423
wikipedia,KFC_v2,static,0.49286481509897195,0.14180206794682423
wikipedia,KFC_v2,static,0.4930182599355532,0.14180206794682423
wikipedia,KFC_v2,static,0.49317170477213446,0.14180206794682423
wikipedia,KFC_v2,static,0.4933251496087157,0.14180206794682423
wikipedia,KFC_v2,static,0.49347859444529696,0.14180206794682423
wikipedia,KFC_v2,static,0.4936320392818782,0.14180206794682423
wikipedia,KFC_v2,static,0.49378548411845946,0.14180206794682423
wikipedia,KFC_v2,static,0.4939389289550407,0.14180206794682423
wikipedia,KFC_v2,static,0.49409237379162196,0.14180206794682423
wikipedia,KFC_v2,static,0.49424581862820316,0.14180206794682423
wikipedia,KFC_v2,static,0.4943992634647844,0.14180206794682423
wikipedia,KFC_v2,static,0.49455270830136566,0.14180206794682423
wikipedia,KFC_v2,static,0.4947061531379469,0.14180206794682423
wikipedia,KFC_v2,static,0.49485959797452816,0.14180206794682423
wikipedia,KFC_v2,static,0.4950130428111094,0.14180206794682423
wikipedia,KFC_v2,static,0.49516648764769067,0.14180206794682423
wikipedia,KFC_v2,static,0.4953199324842719,0.14180206794682423
wikipedia,KFC_v2,static,0.49547337732085317,0.14180206794682423
wikipedia,KFC_v2,static,0.4956268221574344,0.14180206794682423
wikipedia,KFC_v2,static,0.4957802669940157,0.14180206794682423
wikipedia,KFC_v2,static,0.4959337118305969,0.14180206794682423
wikipedia,KFC_v2,static,0.4960871566671782,0.14180206794682423
wikipedia,KFC_v2,static,0.4962406015037594,0.14180206794682423
wikipedia,KFC_v2,static,0.4963940463403407,0.14180206794682423
wikipedia,KFC_v2,static,0.49654749117692193,0.14180206794682423
wikipedia,KFC_v2,static,0.4967009360135032,0.14180206794682423
wikipedia,KFC_v2,static,0.49685438085008443,0.14180206794682423
wikipedia,KFC_v2,static,0.4970078256866657,0.14180206794682423
wikipedia,KFC_v2,static,0.49716127052324693,0.14180206794682423
wikipedia,KFC_v2,static,0.4973147153598282,0.14180206794682423
wikipedia,KFC_v2,static,0.49746816019640944,0.14180206794682423
wikipedia,KFC_v2,static,0.4976216050329907,0.14180206794682423
wikipedia,KFC_v2,static,0.49777504986957194,0.14180206794682423
wikipedia,KFC_v2,static,0.49792849470615314,0.14180206794682423
wikipedia,KFC_v2,static,0.4980819395427344,0.14180206794682423
wikipedia,KFC_v2,static,0.49823538437931564,0.14180206794682423
wikipedia,KFC_v2,static,0.4983888292158969,0.14180206794682423
wikipedia,KFC_v2,static,0.49854227405247814,0.14180206794682423
wikipedia,KFC_v2,static,0.4986957188890594,0.14180206794682423
wikipedia,KFC_v2,static,0.49884916372564064,0.14180206794682423
wikipedia,KFC_v2,static,0.4990026085622219,0.14180206794682423
wikipedia,KFC_v2,static,0.49915605339880315,0.14180206794682423
wikipedia,KFC_v2,static,0.4993094982353844,0.14180206794682423
wikipedia,KFC_v2,static,0.49946294307196565,0.14180206794682423
wikipedia,KFC_v2,static,0.4996163879085469,0.14180206794682423
wikipedia,KFC_v2,static,0.49976983274512815,0.14180206794682423
wikipedia,KFC_v2,static,0.4999232775817094,0.14180206794682423
wikipedia,KFC_v2,static,0.5000767224182906,0.14180206794682423
wikipedia,KFC_v2,static,0.5002301672548719,0.14180206794682423
wikipedia,KFC_v2,static,0.5003836120914531,0.14180206794682423
wikipedia,KFC_v2,static,0.5005370569280344,0.14180206794682423
wikipedia,KFC_v2,static,0.5006905017646156,0.14180206794682423
wikipedia,KFC_v2,static,0.5008439466011969,0.14180206794682423
wikipedia,KFC_v2,static,0.5009973914377781,0.14180206794682423
wikipedia,KFC_v2,static,0.5011508362743594,0.14180206794682423
wikipedia,KFC_v2,static,0.5013042811109406,0.14180206794682423
wikipedia,KFC_v2,static,0.5014577259475219,0.14180206794682423
wikipedia,KFC_v2,static,0.5016111707841031,0.14180206794682423
wikipedia,KFC_v2,static,0.5017646156206844,0.14180206794682423
wikipedia,KFC_v2,static,0.5019180604572656,0.14180206794682423
wikipedia,KFC_v2,static,0.5020715052938469,0.14180206794682423
wikipedia,KFC_v2,static,0.5022249501304281,0.14180206794682423
wikipedia,KFC_v2,static,0.5023783949670094,0.14180206794682423
wikipedia,KFC_v2,static,0.5025318398035906,0.14180206794682423
wikipedia,KFC_v2,static,0.5026852846401719,0.14180206794682423
wikipedia,KFC_v2,static,0.5028387294767531,0.14180206794682423
wikipedia,KFC_v2,static,0.5029921743133344,0.14180206794682423
wikipedia,KFC_v2,static,0.5031456191499156,0.14180206794682423
wikipedia,KFC_v2,static,0.5032990639864969,0.14180206794682423
wikipedia,KFC_v2,static,0.5034525088230781,0.14180206794682423
wikipedia,KFC_v2,static,0.5036059536596593,0.14032496307237813
wikipedia,KFC_v2,static,0.5037593984962406,0.14032496307237813
wikipedia,KFC_v2,static,0.5039128433328218,0.14032496307237813
wikipedia,KFC_v2,static,0.5040662881694031,0.14032496307237813
wikipedia,KFC_v2,static,0.5042197330059843,0.14032496307237813
wikipedia,KFC_v2,static,0.5043731778425656,0.14032496307237813
wikipedia,KFC_v2,static,0.5045266226791468,0.14032496307237813
wikipedia,KFC_v2,static,0.5046800675157281,0.14032496307237813
wikipedia,KFC_v2,static,0.5048335123523093,0.14032496307237813
wikipedia,KFC_v2,static,0.5049869571888906,0.14032496307237813
wikipedia,KFC_v2,static,0.5051404020254718,0.14032496307237813
wikipedia,KFC_v2,static,0.5052938468620531,0.14032496307237813
wikipedia,KFC_v2,static,0.5054472916986343,0.14032496307237813
wikipedia,KFC_v2,static,0.5056007365352156,0.14032496307237813
wikipedia,KFC_v2,static,0.5057541813717968,0.14032496307237813
wikipedia,KFC_v2,static,0.5059076262083781,0.14032496307237813
wikipedia,KFC_v2,static,0.5060610710449593,0.14032496307237813
wikipedia,KFC_v2,static,0.5062145158815406,0.14032496307237813
wikipedia,KFC_v2,static,0.5063679607181218,0.14032496307237813
wikipedia,KFC_v2,static,0.5065214055547032,0.14032496307237813
wikipedia,KFC_v2,static,0.5066748503912843,0.14032496307237813
wikipedia,KFC_v2,static,0.5068282952278657,0.14032496307237813
wikipedia,KFC_v2,static,0.5069817400644469,0.13884785819793205
wikipedia,KFC_v2,static,0.5071351849010282,0.13884785819793205
wikipedia,KFC_v2,static,0.5072886297376094,0.13884785819793205
wikipedia,KFC_v2,static,0.5074420745741905,0.13884785819793205
wikipedia,KFC_v2,static,0.5075955194107719,0.13884785819793205
wikipedia,KFC_v2,static,0.507748964247353,0.13884785819793205
wikipedia,KFC_v2,static,0.5079024090839344,0.13884785819793205
wikipedia,KFC_v2,static,0.5080558539205156,0.13884785819793205
wikipedia,KFC_v2,static,0.5082092987570969,0.13884785819793205
wikipedia,KFC_v2,static,0.5083627435936781,0.13884785819793205
wikipedia,KFC_v2,static,0.5085161884302594,0.13884785819793205
wikipedia,KFC_v2,static,0.5086696332668406,0.13884785819793205
wikipedia,KFC_v2,static,0.5088230781034219,0.13884785819793205
wikipedia,KFC_v2,static,0.5089765229400031,0.13884785819793205
wikipedia,KFC_v2,static,0.5091299677765844,0.13884785819793205
wikipedia,KFC_v2,static,0.5092834126131656,0.13884785819793205
wikipedia,KFC_v2,static,0.5094368574497469,0.13884785819793205
wikipedia,KFC_v2,static,0.5095903022863281,0.13884785819793205
wikipedia,KFC_v2,static,0.5097437471229094,0.13884785819793205
wikipedia,KFC_v2,static,0.5098971919594906,0.13884785819793205
wikipedia,KFC_v2,static,0.5100506367960719,0.13884785819793205
wikipedia,KFC_v2,static,0.5102040816326531,0.13884785819793205
wikipedia,KFC_v2,static,0.5103575264692344,0.13884785819793205
wikipedia,KFC_v2,static,0.5105109713058156,0.13884785819793205
wikipedia,KFC_v2,static,0.5106644161423969,0.13884785819793205
wikipedia,KFC_v2,static,0.5108178609789781,0.13884785819793205
wikipedia,KFC_v2,static,0.5109713058155594,0.13884785819793205
wikipedia,KFC_v2,static,0.5111247506521406,0.13884785819793205
wikipedia,KFC_v2,static,0.5112781954887218,0.13884785819793205
wikipedia,KFC_v2,static,0.5114316403253031,0.13884785819793205
wikipedia,KFC_v2,static,0.5115850851618843,0.13884785819793205
wikipedia,KFC_v2,static,0.5117385299984656,0.13884785819793205
wikipedia,KFC_v2,static,0.5118919748350468,0.13884785819793205
wikipedia,KFC_v2,static,0.5120454196716281,0.13884785819793205
wikipedia,KFC_v2,static,0.5121988645082093,0.13884785819793205
wikipedia,KFC_v2,static,0.5123523093447906,0.13884785819793205
wikipedia,KFC_v2,static,0.5125057541813718,0.13884785819793205
wikipedia,KFC_v2,static,0.5126591990179531,0.13884785819793205
wikipedia,KFC_v2,static,0.5128126438545343,0.13884785819793205
wikipedia,KFC_v2,static,0.5129660886911156,0.13884785819793205
wikipedia,KFC_v2,static,0.5131195335276968,0.13884785819793205
wikipedia,KFC_v2,static,0.5132729783642781,0.13884785819793205
wikipedia,KFC_v2,static,0.5134264232008593,0.13884785819793205
wikipedia,KFC_v2,static,0.5135798680374406,0.13884785819793205
wikipedia,KFC_v2,static,0.5137333128740218,0.13884785819793205
wikipedia,KFC_v2,static,0.5138867577106031,0.13884785819793205
wikipedia,KFC_v2,static,0.5140402025471843,0.13884785819793205
wikipedia,KFC_v2,static,0.5141936473837656,0.13884785819793205
wikipedia,KFC_v2,static,0.5143470922203468,0.13884785819793205
wikipedia,KFC_v2,static,0.5145005370569281,0.13884785819793205
wikipedia,KFC_v2,static,0.5146539818935093,0.13884785819793205
wikipedia,KFC_v2,static,0.5148074267300906,0.13884785819793205
wikipedia,KFC_v2,static,0.5149608715666718,0.13884785819793205
wikipedia,KFC_v2,static,0.515114316403253,0.13884785819793205
wikipedia,KFC_v2,static,0.5152677612398343,0.13884785819793205
wikipedia,KFC_v2,static,0.5154212060764155,0.13884785819793205
wikipedia,KFC_v2,static,0.5155746509129968,0.13737075332348597
wikipedia,KFC_v2,static,0.515728095749578,0.13737075332348597
wikipedia,KFC_v2,static,0.5158815405861593,0.1344165435745938
wikipedia,KFC_v2,static,0.5160349854227405,0.1344165435745938
wikipedia,KFC_v2,static,0.5161884302593218,0.1344165435745938
wikipedia,KFC_v2,static,0.516341875095903,0.1344165435745938
wikipedia,KFC_v2,static,0.5164953199324843,0.1344165435745938
wikipedia,KFC_v2,static,0.5166487647690655,0.1344165435745938
wikipedia,KFC_v2,static,0.5168022096056468,0.1344165435745938
wikipedia,KFC_v2,static,0.516955654442228,0.1344165435745938
wikipedia,KFC_v2,static,0.5171090992788093,0.1344165435745938
wikipedia,KFC_v2,static,0.5172625441153905,0.1344165435745938
wikipedia,KFC_v2,static,0.5174159889519718,0.1344165435745938
wikipedia,KFC_v2,static,0.517569433788553,0.1344165435745938
wikipedia,KFC_v2,static,0.5177228786251343,0.1344165435745938
wikipedia,KFC_v2,static,0.5178763234617155,0.1344165435745938
wikipedia,KFC_v2,static,0.5180297682982968,0.1344165435745938
wikipedia,KFC_v2,static,0.518183213134878,0.1344165435745938
wikipedia,KFC_v2,static,0.5183366579714593,0.1344165435745938
wikipedia,KFC_v2,static,0.5184901028080405,0.1344165435745938
wikipedia,KFC_v2,static,0.5186435476446218,0.1344165435745938
wikipedia,KFC_v2,static,0.518796992481203,0.1344165435745938
wikipedia,KFC_v2,static,0.5189504373177842,0.1344165435745938
wikipedia,KFC_v2,static,0.5191038821543655,0.1344165435745938
wikipedia,KFC_v2,static,0.5192573269909467,0.1344165435745938
wikipedia,KFC_v2,static,0.519410771827528,0.1344165435745938
wikipedia,KFC_v2,static,0.5195642166641092,0.1344165435745938
wikipedia,KFC_v2,static,0.5197176615006905,0.1344165435745938
wikipedia,KFC_v2,static,0.5198711063372717,0.1344165435745938
wikipedia,KFC_v2,static,0.520024551173853,0.1344165435745938
wikipedia,KFC_v2,static,0.5201779960104342,0.1344165435745938
wikipedia,KFC_v2,static,0.5203314408470155,0.1344165435745938
wikipedia,KFC_v2,static,0.5204848856835967,0.1344165435745938
wikipedia,KFC_v2,static,0.520638330520178,0.1344165435745938
wikipedia,KFC_v2,static,0.5207917753567592,0.1344165435745938
wikipedia,KFC_v2,static,0.5209452201933406,0.1344165435745938
wikipedia,KFC_v2,static,0.5210986650299217,0.1344165435745938
wikipedia,KFC_v2,static,0.521252109866503,0.1344165435745938
wikipedia,KFC_v2,static,0.5214055547030843,0.1344165435745938
wikipedia,KFC_v2,static,0.5215589995396656,0.1344165435745938
wikipedia,KFC_v2,static,0.5217124443762468,0.1344165435745938
wikipedia,KFC_v2,static,0.5218658892128281,0.1344165435745938
wikipedia,KFC_v2,static,0.5220193340494093,0.1344165435745938
wikipedia,KFC_v2,static,0.5221727788859906,0.1344165435745938
wikipedia,KFC_v2,static,0.5223262237225718,0.1344165435745938
wikipedia,KFC_v2,static,0.5224796685591531,0.1344165435745938
wikipedia,KFC_v2,static,0.5226331133957343,0.1344165435745938
wikipedia,KFC_v2,static,0.5227865582323155,0.1344165435745938
wikipedia,KFC_v2,static,0.5229400030688968,0.1344165435745938
wikipedia,KFC_v2,static,0.523093447905478,0.1344165435745938
wikipedia,KFC_v2,static,0.5232468927420593,0.1344165435745938
wikipedia,KFC_v2,static,0.5234003375786405,0.1344165435745938
wikipedia,KFC_v2,static,0.5235537824152218,0.1344165435745938
wikipedia,KFC_v2,static,0.523707227251803,0.1344165435745938
wikipedia,KFC_v2,static,0.5238606720883843,0.1344165435745938
wikipedia,KFC_v2,static,0.5240141169249655,0.1344165435745938
wikipedia,KFC_v2,static,0.5241675617615468,0.1344165435745938
wikipedia,KFC_v2,static,0.524321006598128,0.1344165435745938
wikipedia,KFC_v2,static,0.5244744514347093,0.1344165435745938
wikipedia,KFC_v2,static,0.5246278962712905,0.1344165435745938
wikipedia,KFC_v2,static,0.5247813411078718,0.1344165435745938
wikipedia,KFC_v2,static,0.524934785944453,0.1344165435745938
wikipedia,KFC_v2,static,0.5250882307810343,0.1344165435745938
wikipedia,KFC_v2,static,0.5252416756176155,0.1344165435745938
wikipedia,KFC_v2,static,0.5253951204541968,0.1344165435745938
wikipedia,KFC_v2,static,0.525548565290778,0.1344165435745938
wikipedia,KFC_v2,static,0.5257020101273593,0.1344165435745938
wikipedia,KFC_v2,static,0.5258554549639405,0.1344165435745938
wikipedia,KFC_v2,static,0.5260088998005218,0.1344165435745938
wikipedia,KFC_v2,static,0.526162344637103,0.1344165435745938
wikipedia,KFC_v2,static,0.5263157894736842,0.1344165435745938
wikipedia,KFC_v2,static,0.5264692343102655,0.1344165435745938
wikipedia,KFC_v2,static,0.5266226791468467,0.1344165435745938
wikipedia,KFC_v2,static,0.526776123983428,0.1344165435745938
wikipedia,KFC_v2,static,0.5269295688200092,0.1344165435745938
wikipedia,KFC_v2,static,0.5270830136565905,0.1344165435745938
wikipedia,KFC_v2,static,0.5272364584931717,0.1344165435745938
wikipedia,KFC_v2,static,0.527389903329753,0.1344165435745938
wikipedia,KFC_v2,static,0.5275433481663342,0.1344165435745938
wikipedia,KFC_v2,static,0.5276967930029155,0.1344165435745938
wikipedia,KFC_v2,static,0.5278502378394967,0.1344165435745938
wikipedia,KFC_v2,static,0.528003682676078,0.1344165435745938
wikipedia,KFC_v2,static,0.5281571275126592,0.1344165435745938
wikipedia,KFC_v2,static,0.5283105723492405,0.1329394387001477
wikipedia,KFC_v2,static,0.5284640171858217,0.1329394387001477
wikipedia,KFC_v2,static,0.528617462022403,0.1329394387001477
wikipedia,KFC_v2,static,0.5287709068589842,0.1329394387001477
wikipedia,KFC_v2,static,0.5289243516955655,0.1329394387001477
wikipedia,KFC_v2,static,0.5290777965321467,0.1329394387001477
wikipedia,KFC_v2,static,0.529231241368728,0.1329394387001477
wikipedia,KFC_v2,static,0.5293846862053092,0.1329394387001477
wikipedia,KFC_v2,static,0.5295381310418905,0.1329394387001477
wikipedia,KFC_v2,static,0.5296915758784717,0.1329394387001477
wikipedia,KFC_v2,static,0.529845020715053,0.1329394387001477
wikipedia,KFC_v2,static,0.5299984655516342,0.1329394387001477
wikipedia,KFC_v2,static,0.5301519103882154,0.1329394387001477
wikipedia,KFC_v2,static,0.5303053552247967,0.1329394387001477
wikipedia,KFC_v2,static,0.5304588000613779,0.1329394387001477
wikipedia,KFC_v2,static,0.5306122448979592,0.1329394387001477
wikipedia,KFC_v2,static,0.5307656897345404,0.1329394387001477
wikipedia,KFC_v2,static,0.5309191345711217,0.1329394387001477
wikipedia,KFC_v2,static,0.5310725794077029,0.1329394387001477
wikipedia,KFC_v2,static,0.5312260242442842,0.1329394387001477
wikipedia,KFC_v2,static,0.5313794690808654,0.1329394387001477
wikipedia,KFC_v2,static,0.5315329139174467,0.1329394387001477
wikipedia,KFC_v2,static,0.5316863587540279,0.1329394387001477
wikipedia,KFC_v2,static,0.5318398035906092,0.1329394387001477
wikipedia,KFC_v2,static,0.5319932484271904,0.1329394387001477
wikipedia,KFC_v2,static,0.5321466932637717,0.1329394387001477
wikipedia,KFC_v2,static,0.5323001381003529,0.1329394387001477
wikipedia,KFC_v2,static,0.5324535829369342,0.1329394387001477
wikipedia,KFC_v2,static,0.5326070277735154,0.1329394387001477
wikipedia,KFC_v2,static,0.5327604726100967,0.1329394387001477
wikipedia,KFC_v2,static,0.5329139174466779,0.1329394387001477
wikipedia,KFC_v2,static,0.5330673622832592,0.1329394387001477
wikipedia,KFC_v2,static,0.5332208071198404,0.1329394387001477
wikipedia,KFC_v2,static,0.5333742519564217,0.1329394387001477
wikipedia,KFC_v2,static,0.5335276967930029,0.1329394387001477
wikipedia,KFC_v2,static,0.5336811416295842,0.1329394387001477
wikipedia,KFC_v2,static,0.5338345864661654,0.1329394387001477
wikipedia,KFC_v2,static,0.5339880313027466,0.1329394387001477
wikipedia,KFC_v2,static,0.5341414761393279,0.1329394387001477
wikipedia,KFC_v2,static,0.5342949209759091,0.1329394387001477
wikipedia,KFC_v2,static,0.5344483658124904,0.1329394387001477
wikipedia,KFC_v2,static,0.5346018106490716,0.1329394387001477
wikipedia,KFC_v2,static,0.534755255485653,0.1329394387001477
wikipedia,KFC_v2,static,0.5349087003222341,0.1329394387001477
wikipedia,KFC_v2,static,0.5350621451588154,0.1329394387001477
wikipedia,KFC_v2,static,0.5352155899953966,0.1329394387001477
wikipedia,KFC_v2,static,0.535369034831978,0.1329394387001477
wikipedia,KFC_v2,static,0.5355224796685591,0.1329394387001477
wikipedia,KFC_v2,static,0.5356759245051405,0.1329394387001477
wikipedia,KFC_v2,static,0.5358293693417217,0.1329394387001477
wikipedia,KFC_v2,static,0.535982814178303,0.1329394387001477
wikipedia,KFC_v2,static,0.5361362590148842,0.1329394387001477
wikipedia,KFC_v2,static,0.5362897038514655,0.1329394387001477
wikipedia,KFC_v2,static,0.5364431486880467,0.1329394387001477
wikipedia,KFC_v2,static,0.536596593524628,0.1329394387001477
wikipedia,KFC_v2,static,0.5367500383612092,0.1329394387001477
wikipedia,KFC_v2,static,0.5369034831977905,0.1329394387001477
wikipedia,KFC_v2,static,0.5370569280343717,0.1329394387001477
wikipedia,KFC_v2,static,0.537210372870953,0.1329394387001477
wikipedia,KFC_v2,static,0.5373638177075342,0.1329394387001477
wikipedia,KFC_v2,static,0.5375172625441155,0.1329394387001477
wikipedia,KFC_v2,static,0.5376707073806967,0.1329394387001477
wikipedia,KFC_v2,static,0.5378241522172779,0.1329394387001477
wikipedia,KFC_v2,static,0.5379775970538592,0.1329394387001477
wikipedia,KFC_v2,static,0.5381310418904404,0.1329394387001477
wikipedia,KFC_v2,static,0.5382844867270217,0.1329394387001477
wikipedia,KFC_v2,static,0.5384379315636029,0.1329394387001477
wikipedia,KFC_v2,static,0.5385913764001842,0.1329394387001477
wikipedia,KFC_v2,static,0.5387448212367654,0.1329394387001477
wikipedia,KFC_v2,static,0.5388982660733467,0.1329394387001477
wikipedia,KFC_v2,static,0.5390517109099279,0.1329394387001477
wikipedia,KFC_v2,static,0.5392051557465092,0.1329394387001477
wikipedia,KFC_v2,static,0.5393586005830904,0.1329394387001477
wikipedia,KFC_v2,static,0.5395120454196717,0.1329394387001477
wikipedia,KFC_v2,static,0.5396654902562529,0.1329394387001477
wikipedia,KFC_v2,static,0.5398189350928342,0.1329394387001477
wikipedia,KFC_v2,static,0.5399723799294154,0.1329394387001477
wikipedia,KFC_v2,static,0.5401258247659967,0.1329394387001477
wikipedia,KFC_v2,static,0.5402792696025779,0.1329394387001477
wikipedia,KFC_v2,static,0.5404327144391592,0.1329394387001477
wikipedia,KFC_v2,static,0.5405861592757404,0.1329394387001477
wikipedia,KFC_v2,static,0.5407396041123217,0.1329394387001477
wikipedia,KFC_v2,static,0.5408930489489029,0.1329394387001477
wikipedia,KFC_v2,static,0.5410464937854842,0.1329394387001477
wikipedia,KFC_v2,static,0.5411999386220654,0.1329394387001477
wikipedia,KFC_v2,static,0.5413533834586467,0.1329394387001477
wikipedia,KFC_v2,static,0.5415068282952279,0.1329394387001477
wikipedia,KFC_v2,static,0.5416602731318091,0.1329394387001477
wikipedia,KFC_v2,static,0.5418137179683904,0.1329394387001477
wikipedia,KFC_v2,static,0.5419671628049716,0.1329394387001477
wikipedia,KFC_v2,static,0.5421206076415529,0.1329394387001477
wikipedia,KFC_v2,static,0.5422740524781341,0.1329394387001477
wikipedia,KFC_v2,static,0.5424274973147154,0.1329394387001477
wikipedia,KFC_v2,static,0.5425809421512966,0.1329394387001477
wikipedia,KFC_v2,static,0.5427343869878779,0.1329394387001477
wikipedia,KFC_v2,static,0.5428878318244591,0.13146233382570163
wikipedia,KFC_v2,static,0.5430412766610404,0.13146233382570163
wikipedia,KFC_v2,static,0.5431947214976216,0.13146233382570163
wikipedia,KFC_v2,static,0.5433481663342029,0.13146233382570163
wikipedia,KFC_v2,static,0.5435016111707841,0.13146233382570163
wikipedia,KFC_v2,static,0.5436550560073654,0.13146233382570163
wikipedia,KFC_v2,static,0.5438085008439466,0.13146233382570163
wikipedia,KFC_v2,static,0.5439619456805279,0.13146233382570163
wikipedia,KFC_v2,static,0.5441153905171091,0.13146233382570163
wikipedia,KFC_v2,static,0.5442688353536904,0.13146233382570163
wikipedia,KFC_v2,static,0.5444222801902716,0.13146233382570163
wikipedia,KFC_v2,static,0.5445757250268529,0.13146233382570163
wikipedia,KFC_v2,static,0.5447291698634341,0.13146233382570163
wikipedia,KFC_v2,static,0.5448826147000154,0.13146233382570163
wikipedia,KFC_v2,static,0.5450360595365966,0.12998522895125553
wikipedia,KFC_v2,static,0.5451895043731779,0.12998522895125553
wikipedia,KFC_v2,static,0.5453429492097591,0.12998522895125553
wikipedia,KFC_v2,static,0.5454963940463403,0.12998522895125553
wikipedia,KFC_v2,static,0.5456498388829216,0.12998522895125553
wikipedia,KFC_v2,static,0.5458032837195028,0.12998522895125553
wikipedia,KFC_v2,static,0.5459567285560841,0.12998522895125553
wikipedia,KFC_v2,static,0.5461101733926653,0.12998522895125553
wikipedia,KFC_v2,static,0.5462636182292466,0.12998522895125553
wikipedia,KFC_v2,static,0.5464170630658278,0.12998522895125553
wikipedia,KFC_v2,static,0.5465705079024091,0.12998522895125553
wikipedia,KFC_v2,static,0.5467239527389903,0.12998522895125553
wikipedia,KFC_v2,static,0.5468773975755716,0.12998522895125553
wikipedia,KFC_v2,static,0.5470308424121528,0.12998522895125553
wikipedia,KFC_v2,static,0.5471842872487341,0.12998522895125553
wikipedia,KFC_v2,static,0.5473377320853153,0.12998522895125553
wikipedia,KFC_v2,static,0.5474911769218966,0.12998522895125553
wikipedia,KFC_v2,static,0.5476446217584778,0.12998522895125553
wikipedia,KFC_v2,static,0.5477980665950591,0.12998522895125553
wikipedia,KFC_v2,static,0.5479515114316403,0.12998522895125553
wikipedia,KFC_v2,static,0.5481049562682216,0.12998522895125553
wikipedia,KFC_v2,static,0.5482584011048028,0.12998522895125553
wikipedia,KFC_v2,static,0.5484118459413841,0.12998522895125553
wikipedia,KFC_v2,static,0.5485652907779653,0.12998522895125553
wikipedia,KFC_v2,static,0.5487187356145466,0.12998522895125553
wikipedia,KFC_v2,static,0.5488721804511278,0.12998522895125553
wikipedia,KFC_v2,static,0.549025625287709,0.12998522895125553
wikipedia,KFC_v2,static,0.5491790701242903,0.12998522895125553
wikipedia,KFC_v2,static,0.5493325149608715,0.12998522895125553
wikipedia,KFC_v2,static,0.5494859597974528,0.12998522895125553
wikipedia,KFC_v2,static,0.549639404634034,0.12998522895125553
wikipedia,KFC_v2,static,0.5497928494706154,0.12998522895125553
wikipedia,KFC_v2,static,0.5499462943071965,0.12998522895125553
wikipedia,KFC_v2,static,0.5500997391437779,0.12998522895125553
wikipedia,KFC_v2,static,0.550253183980359,0.12998522895125553
wikipedia,KFC_v2,static,0.5504066288169404,0.12998522895125553
wikipedia,KFC_v2,static,0.5505600736535216,0.12998522895125553
wikipedia,KFC_v2,static,0.5507135184901029,0.12998522895125553
wikipedia,KFC_v2,static,0.5508669633266841,0.12998522895125553
wikipedia,KFC_v2,static,0.5510204081632654,0.12998522895125553
wikipedia,KFC_v2,static,0.5511738529998466,0.12998522895125553
wikipedia,KFC_v2,static,0.5513272978364279,0.12998522895125553
wikipedia,KFC_v2,static,0.5514807426730091,0.12998522895125553
wikipedia,KFC_v2,static,0.5516341875095904,0.12998522895125553
wikipedia,KFC_v2,static,0.5517876323461716,0.12998522895125553
wikipedia,KFC_v2,static,0.5519410771827529,0.12998522895125553
wikipedia,KFC_v2,static,0.5520945220193341,0.12998522895125553
wikipedia,KFC_v2,static,0.5522479668559154,0.12998522895125553
wikipedia,KFC_v2,static,0.5524014116924966,0.12998522895125553
wikipedia,KFC_v2,static,0.5525548565290779,0.12998522895125553
wikipedia,KFC_v2,static,0.5527083013656591,0.12998522895125553
wikipedia,KFC_v2,static,0.5528617462022403,0.12998522895125553
wikipedia,KFC_v2,static,0.5530151910388216,0.12998522895125553
wikipedia,KFC_v2,static,0.5531686358754028,0.12998522895125553
wikipedia,KFC_v2,static,0.5533220807119841,0.12998522895125553
wikipedia,KFC_v2,static,0.5534755255485653,0.12998522895125553
wikipedia,KFC_v2,static,0.5536289703851466,0.12998522895125553
wikipedia,KFC_v2,static,0.5537824152217278,0.12998522895125553
wikipedia,KFC_v2,static,0.5539358600583091,0.12998522895125553
wikipedia,KFC_v2,static,0.5540893048948903,0.12998522895125553
wikipedia,KFC_v2,static,0.5542427497314716,0.12998522895125553
wikipedia,KFC_v2,static,0.5543961945680528,0.12998522895125553
wikipedia,KFC_v2,static,0.5545496394046341,0.12998522895125553
wikipedia,KFC_v2,static,0.5547030842412153,0.12998522895125553
wikipedia,KFC_v2,static,0.5548565290777966,0.12998522895125553
wikipedia,KFC_v2,static,0.5550099739143778,0.12998522895125553
wikipedia,KFC_v2,static,0.5551634187509591,0.12998522895125553
wikipedia,KFC_v2,static,0.5553168635875403,0.12998522895125553
wikipedia,KFC_v2,static,0.5554703084241216,0.12998522895125553
wikipedia,KFC_v2,static,0.5556237532607028,0.12998522895125553
wikipedia,KFC_v2,static,0.5557771980972841,0.12998522895125553
wikipedia,KFC_v2,static,0.5559306429338653,0.12998522895125553
wikipedia,KFC_v2,static,0.5560840877704466,0.12998522895125553
wikipedia,KFC_v2,static,0.5562375326070278,0.12998522895125553
wikipedia,KFC_v2,static,0.5563909774436091,0.12998522895125553
wikipedia,KFC_v2,static,0.5565444222801903,0.12998522895125553
wikipedia,KFC_v2,static,0.5566978671167715,0.12998522895125553
wikipedia,KFC_v2,static,0.5568513119533528,0.12998522895125553
wikipedia,KFC_v2,static,0.557004756789934,0.12998522895125553
wikipedia,KFC_v2,static,0.5571582016265153,0.12998522895125553
wikipedia,KFC_v2,static,0.5573116464630965,0.12998522895125553
wikipedia,KFC_v2,static,0.5574650912996778,0.12998522895125553
wikipedia,KFC_v2,static,0.557618536136259,0.12998522895125553
wikipedia,KFC_v2,static,0.5577719809728403,0.12998522895125553
wikipedia,KFC_v2,static,0.5579254258094215,0.12998522895125553
wikipedia,KFC_v2,static,0.5580788706460028,0.12998522895125553
wikipedia,KFC_v2,static,0.558232315482584,0.12998522895125553
wikipedia,KFC_v2,static,0.5583857603191653,0.12998522895125553
wikipedia,KFC_v2,static,0.5585392051557465,0.12998522895125553
wikipedia,KFC_v2,static,0.5586926499923278,0.12998522895125553
wikipedia,KFC_v2,static,0.558846094828909,0.12998522895125553
wikipedia,KFC_v2,static,0.5589995396654903,0.12998522895125553
wikipedia,KFC_v2,static,0.5591529845020715,0.12998522895125553
wikipedia,KFC_v2,static,0.5593064293386528,0.12998522895125553
wikipedia,KFC_v2,static,0.559459874175234,0.12998522895125553
wikipedia,KFC_v2,static,0.5596133190118153,0.12998522895125553
wikipedia,KFC_v2,static,0.5597667638483965,0.12998522895125553
wikipedia,KFC_v2,static,0.5599202086849778,0.12998522895125553
wikipedia,KFC_v2,static,0.560073653521559,0.12998522895125553
wikipedia,KFC_v2,static,0.5602270983581403,0.12998522895125553
wikipedia,KFC_v2,static,0.5603805431947215,0.12998522895125553
wikipedia,KFC_v2,static,0.5605339880313027,0.12998522895125553
wikipedia,KFC_v2,static,0.560687432867884,0.12998522895125553
wikipedia,KFC_v2,static,0.5608408777044652,0.12998522895125553
wikipedia,KFC_v2,static,0.5609943225410465,0.12998522895125553
wikipedia,KFC_v2,static,0.5611477673776277,0.12998522895125553
wikipedia,KFC_v2,static,0.561301212214209,0.12998522895125553
wikipedia,KFC_v2,static,0.5614546570507902,0.12998522895125553
wikipedia,KFC_v2,static,0.5616081018873715,0.12998522895125553
wikipedia,KFC_v2,static,0.5617615467239527,0.12998522895125553
wikipedia,KFC_v2,static,0.561914991560534,0.12998522895125553
wikipedia,KFC_v2,static,0.5620684363971152,0.12998522895125553
wikipedia,KFC_v2,static,0.5622218812336965,0.12998522895125553
wikipedia,KFC_v2,static,0.5623753260702777,0.12703101920236337
wikipedia,KFC_v2,static,0.562528770906859,0.12703101920236337
wikipedia,KFC_v2,static,0.5626822157434402,0.12703101920236337
wikipedia,KFC_v2,static,0.5628356605800215,0.12703101920236337
wikipedia,KFC_v2,static,0.5629891054166027,0.12703101920236337
wikipedia,KFC_v2,static,0.563142550253184,0.12703101920236337
wikipedia,KFC_v2,static,0.5632959950897652,0.12703101920236337
wikipedia,KFC_v2,static,0.5634494399263466,0.12703101920236337
wikipedia,KFC_v2,static,0.5636028847629277,0.12703101920236337
wikipedia,KFC_v2,static,0.563756329599509,0.12703101920236337
wikipedia,KFC_v2,static,0.5639097744360902,0.12703101920236337
wikipedia,KFC_v2,static,0.5640632192726716,0.12703101920236337
wikipedia,KFC_v2,static,0.5642166641092528,0.12703101920236337
wikipedia,KFC_v2,static,0.564370108945834,0.12703101920236337
wikipedia,KFC_v2,static,0.5645235537824153,0.12703101920236337
wikipedia,KFC_v2,static,0.5646769986189965,0.12703101920236337
wikipedia,KFC_v2,static,0.5648304434555778,0.12703101920236337
wikipedia,KFC_v2,static,0.564983888292159,0.12703101920236337
wikipedia,KFC_v2,static,0.5651373331287403,0.12703101920236337
wikipedia,KFC_v2,static,0.5652907779653215,0.12703101920236337
wikipedia,KFC_v2,static,0.5654442228019028,0.12703101920236337
wikipedia,KFC_v2,static,0.565597667638484,0.12703101920236337
wikipedia,KFC_v2,static,0.5657511124750653,0.12703101920236337
wikipedia,KFC_v2,static,0.5659045573116465,0.12703101920236337
wikipedia,KFC_v2,static,0.5660580021482278,0.12703101920236337
wikipedia,KFC_v2,static,0.566211446984809,0.12703101920236337
wikipedia,KFC_v2,static,0.5663648918213903,0.12703101920236337
wikipedia,KFC_v2,static,0.5665183366579715,0.12703101920236337
wikipedia,KFC_v2,static,0.5666717814945528,0.12703101920236337
wikipedia,KFC_v2,static,0.566825226331134,0.12703101920236337
wikipedia,KFC_v2,static,0.5669786711677153,0.12703101920236337
wikipedia,KFC_v2,static,0.5671321160042965,0.12703101920236337
wikipedia,KFC_v2,static,0.5672855608408778,0.12703101920236337
wikipedia,KFC_v2,static,0.567439005677459,0.12703101920236337
wikipedia,KFC_v2,static,0.5675924505140403,0.12703101920236337
wikipedia,KFC_v2,static,0.5677458953506215,0.12703101920236337
wikipedia,KFC_v2,static,0.5678993401872028,0.12703101920236337
wikipedia,KFC_v2,static,0.568052785023784,0.12703101920236337
wikipedia,KFC_v2,static,0.5682062298603652,0.12703101920236337
wikipedia,KFC_v2,static,0.5683596746969465,0.12703101920236337
wikipedia,KFC_v2,static,0.5685131195335277,0.12703101920236337
wikipedia,KFC_v2,static,0.568666564370109,0.12703101920236337
wikipedia,KFC_v2,static,0.5688200092066902,0.12703101920236337
wikipedia,KFC_v2,static,0.5689734540432715,0.12703101920236337
wikipedia,KFC_v2,static,0.5691268988798527,0.12703101920236337
wikipedia,KFC_v2,static,0.569280343716434,0.12703101920236337
wikipedia,KFC_v2,static,0.5694337885530152,0.12703101920236337
wikipedia,KFC_v2,static,0.5695872333895965,0.12703101920236337
wikipedia,KFC_v2,static,0.5697406782261777,0.12703101920236337
wikipedia,KFC_v2,static,0.569894123062759,0.12703101920236337
wikipedia,KFC_v2,static,0.5700475678993402,0.12703101920236337
wikipedia,KFC_v2,static,0.5702010127359215,0.12703101920236337
wikipedia,KFC_v2,static,0.5703544575725027,0.12703101920236337
wikipedia,KFC_v2,static,0.570507902409084,0.12703101920236337
wikipedia,KFC_v2,static,0.5706613472456652,0.12703101920236337
wikipedia,KFC_v2,static,0.5708147920822465,0.12703101920236337
wikipedia,KFC_v2,static,0.5709682369188277,0.12703101920236337
wikipedia,KFC_v2,static,0.571121681755409,0.12703101920236337
wikipedia,KFC_v2,static,0.5712751265919902,0.12703101920236337
wikipedia,KFC_v2,static,0.5714285714285715,0.12703101920236337
wikipedia,KFC_v2,static,0.5715820162651527,0.12703101920236337
wikipedia,KFC_v2,static,0.5717354611017339,0.1255539143279173
wikipedia,KFC_v2,static,0.5718889059383152,0.1255539143279173
wikipedia,KFC_v2,static,0.5720423507748964,0.1255539143279173
wikipedia,KFC_v2,static,0.5721957956114777,0.1255539143279173
wikipedia,KFC_v2,static,0.5723492404480589,0.1255539143279173
wikipedia,KFC_v2,static,0.5725026852846402,0.1255539143279173
wikipedia,KFC_v2,static,0.5726561301212214,0.1255539143279173
wikipedia,KFC_v2,static,0.5728095749578027,0.1255539143279173
wikipedia,KFC_v2,static,0.5729630197943839,0.1255539143279173
wikipedia,KFC_v2,static,0.5731164646309652,0.1255539143279173
wikipedia,KFC_v2,static,0.5732699094675464,0.1255539143279173
wikipedia,KFC_v2,static,0.5734233543041277,0.1255539143279173
wikipedia,KFC_v2,static,0.5735767991407089,0.1255539143279173
wikipedia,KFC_v2,static,0.5737302439772902,0.1255539143279173
wikipedia,KFC_v2,static,0.5738836888138714,0.1255539143279173
wikipedia,KFC_v2,static,0.5740371336504527,0.1255539143279173
wikipedia,KFC_v2,static,0.5741905784870339,0.1255539143279173
wikipedia,KFC_v2,static,0.5743440233236152,0.1255539143279173
wikipedia,KFC_v2,static,0.5744974681601964,0.1255539143279173
wikipedia,KFC_v2,static,0.5746509129967777,0.1255539143279173
wikipedia,KFC_v2,static,0.5748043578333589,0.1255539143279173
wikipedia,KFC_v2,static,0.5749578026699402,0.1255539143279173
wikipedia,KFC_v2,static,0.5751112475065214,0.1255539143279173
wikipedia,KFC_v2,static,0.5752646923431027,0.1255539143279173
wikipedia,KFC_v2,static,0.5754181371796839,0.1255539143279173
wikipedia,KFC_v2,static,0.5755715820162651,0.1255539143279173
wikipedia,KFC_v2,static,0.5757250268528464,0.1255539143279173
wikipedia,KFC_v2,static,0.5758784716894276,0.1255539143279173
wikipedia,KFC_v2,static,0.5760319165260089,0.1255539143279173
wikipedia,KFC_v2,static,0.5761853613625901,0.1255539143279173
wikipedia,KFC_v2,static,0.5763388061991714,0.1255539143279173
wikipedia,KFC_v2,static,0.5764922510357526,0.1255539143279173
wikipedia,KFC_v2,static,0.5766456958723339,0.1255539143279173
wikipedia,KFC_v2,static,0.5767991407089151,0.1255539143279173
wikipedia,KFC_v2,static,0.5769525855454964,0.1255539143279173
wikipedia,KFC_v2,static,0.5771060303820776,0.1255539143279173
wikipedia,KFC_v2,static,0.577259475218659,0.1255539143279173
wikipedia,KFC_v2,static,0.5774129200552401,0.1255539143279173
wikipedia,KFC_v2,static,0.5775663648918214,0.1255539143279173
wikipedia,KFC_v2,static,0.5777198097284026,0.1255539143279173
wikipedia,KFC_v2,static,0.577873254564984,0.1255539143279173
wikipedia,KFC_v2,static,0.5780266994015651,0.1255539143279173
wikipedia,KFC_v2,static,0.5781801442381465,0.1255539143279173
wikipedia,KFC_v2,static,0.5783335890747276,0.1255539143279173
wikipedia,KFC_v2,static,0.578487033911309,0.1255539143279173
wikipedia,KFC_v2,static,0.5786404787478902,0.1255539143279173
wikipedia,KFC_v2,static,0.5787939235844715,0.1255539143279173
wikipedia,KFC_v2,static,0.5789473684210527,0.1255539143279173
wikipedia,KFC_v2,static,0.579100813257634,0.1255539143279173
wikipedia,KFC_v2,static,0.5792542580942152,0.1255539143279173
wikipedia,KFC_v2,static,0.5794077029307964,0.1240768094534712
wikipedia,KFC_v2,static,0.5795611477673777,0.1240768094534712
wikipedia,KFC_v2,static,0.5797145926039589,0.1240768094534712
wikipedia,KFC_v2,static,0.5798680374405402,0.1240768094534712
wikipedia,KFC_v2,static,0.5800214822771214,0.1240768094534712
wikipedia,KFC_v2,static,0.5801749271137027,0.1240768094534712
wikipedia,KFC_v2,static,0.5803283719502839,0.1240768094534712
wikipedia,KFC_v2,static,0.5804818167868652,0.1240768094534712
wikipedia,KFC_v2,static,0.5806352616234464,0.1240768094534712
wikipedia,KFC_v2,static,0.5807887064600277,0.1240768094534712
wikipedia,KFC_v2,static,0.5809421512966089,0.1240768094534712
wikipedia,KFC_v2,static,0.5810955961331902,0.1240768094534712
wikipedia,KFC_v2,static,0.5812490409697714,0.1240768094534712
wikipedia,KFC_v2,static,0.5814024858063527,0.1240768094534712
wikipedia,KFC_v2,static,0.5815559306429339,0.1240768094534712
wikipedia,KFC_v2,static,0.5817093754795152,0.1240768094534712
wikipedia,KFC_v2,static,0.5818628203160964,0.1240768094534712
wikipedia,KFC_v2,static,0.5820162651526777,0.1240768094534712
wikipedia,KFC_v2,static,0.5821697099892589,0.1240768094534712
wikipedia,KFC_v2,static,0.5823231548258402,0.1240768094534712
wikipedia,KFC_v2,static,0.5824765996624214,0.1240768094534712
wikipedia,KFC_v2,static,0.5826300444990027,0.1240768094534712
wikipedia,KFC_v2,static,0.5827834893355839,0.1240768094534712
wikipedia,KFC_v2,static,0.5829369341721652,0.1240768094534712
wikipedia,KFC_v2,static,0.5830903790087464,0.1240768094534712
wikipedia,KFC_v2,static,0.5832438238453276,0.1240768094534712
wikipedia,KFC_v2,static,0.5833972686819089,0.1240768094534712
wikipedia,KFC_v2,static,0.5835507135184901,0.1240768094534712
wikipedia,KFC_v2,static,0.5837041583550714,0.1240768094534712
wikipedia,KFC_v2,static,0.5838576031916526,0.1240768094534712
wikipedia,KFC_v2,static,0.5840110480282339,0.1240768094534712
wikipedia,KFC_v2,static,0.5841644928648151,0.1240768094534712
wikipedia,KFC_v2,static,0.5843179377013964,0.1240768094534712
wikipedia,KFC_v2,static,0.5844713825379776,0.1240768094534712
wikipedia,KFC_v2,static,0.5846248273745589,0.1240768094534712
wikipedia,KFC_v2,static,0.5847782722111401,0.1240768094534712
wikipedia,KFC_v2,static,0.5849317170477214,0.1240768094534712
wikipedia,KFC_v2,static,0.5850851618843026,0.1240768094534712
wikipedia,KFC_v2,static,0.5852386067208839,0.1240768094534712
wikipedia,KFC_v2,static,0.5853920515574651,0.1240768094534712
wikipedia,KFC_v2,static,0.5855454963940464,0.1240768094534712
wikipedia,KFC_v2,static,0.5856989412306276,0.1240768094534712
wikipedia,KFC_v2,static,0.5858523860672089,0.1240768094534712
wikipedia,KFC_v2,static,0.5860058309037901,0.1240768094534712
wikipedia,KFC_v2,static,0.5861592757403714,0.1240768094534712
wikipedia,KFC_v2,static,0.5863127205769526,0.1240768094534712
wikipedia,KFC_v2,static,0.5864661654135339,0.1240768094534712
wikipedia,KFC_v2,static,0.5866196102501151,0.1240768094534712
wikipedia,KFC_v2,static,0.5867730550866964,0.1240768094534712
wikipedia,KFC_v2,static,0.5869264999232776,0.1240768094534712
wikipedia,KFC_v2,static,0.5870799447598588,0.1240768094534712
wikipedia,KFC_v2,static,0.5872333895964401,0.1240768094534712
wikipedia,KFC_v2,static,0.5873868344330213,0.1240768094534712
wikipedia,KFC_v2,static,0.5875402792696026,0.1240768094534712
wikipedia,KFC_v2,static,0.5876937241061838,0.1240768094534712
wikipedia,KFC_v2,static,0.5878471689427651,0.1240768094534712
wikipedia,KFC_v2,static,0.5880006137793463,0.1240768094534712
wikipedia,KFC_v2,static,0.5881540586159276,0.12259970457902511
wikipedia,KFC_v2,static,0.5883075034525088,0.12259970457902511
wikipedia,KFC_v2,static,0.5884609482890901,0.12259970457902511
wikipedia,KFC_v2,static,0.5886143931256713,0.12259970457902511
wikipedia,KFC_v2,static,0.5887678379622526,0.12259970457902511
wikipedia,KFC_v2,static,0.5889212827988338,0.12259970457902511
wikipedia,KFC_v2,static,0.5890747276354151,0.12259970457902511
wikipedia,KFC_v2,static,0.5892281724719963,0.12259970457902511
wikipedia,KFC_v2,static,0.5893816173085776,0.12259970457902511
wikipedia,KFC_v2,static,0.5895350621451588,0.12259970457902511
wikipedia,KFC_v2,static,0.5896885069817401,0.12259970457902511
wikipedia,KFC_v2,static,0.5898419518183213,0.12259970457902511
wikipedia,KFC_v2,static,0.5899953966549026,0.12259970457902511
wikipedia,KFC_v2,static,0.5901488414914838,0.12259970457902511
wikipedia,KFC_v2,static,0.5903022863280651,0.12259970457902511
wikipedia,KFC_v2,static,0.5904557311646463,0.12259970457902511
wikipedia,KFC_v2,static,0.5906091760012276,0.12259970457902511
wikipedia,KFC_v2,static,0.5907626208378088,0.12259970457902511
wikipedia,KFC_v2,static,0.59091606567439,0.12259970457902511
wikipedia,KFC_v2,static,0.5910695105109713,0.12259970457902511
wikipedia,KFC_v2,static,0.5912229553475525,0.12259970457902511
wikipedia,KFC_v2,static,0.5913764001841338,0.12259970457902511
wikipedia,KFC_v2,static,0.591529845020715,0.12259970457902511
wikipedia,KFC_v2,static,0.5916832898572963,0.12259970457902511
wikipedia,KFC_v2,static,0.5918367346938775,0.12259970457902511
wikipedia,KFC_v2,static,0.5919901795304588,0.12259970457902511
wikipedia,KFC_v2,static,0.59214362436704,0.12259970457902511
wikipedia,KFC_v2,static,0.5922970692036214,0.12259970457902511
wikipedia,KFC_v2,static,0.5924505140402025,0.12259970457902511
wikipedia,KFC_v2,static,0.5926039588767839,0.12259970457902511
wikipedia,KFC_v2,static,0.592757403713365,0.12259970457902511
wikipedia,KFC_v2,static,0.5929108485499464,0.12259970457902511
wikipedia,KFC_v2,static,0.5930642933865276,0.12259970457902511
wikipedia,KFC_v2,static,0.5932177382231089,0.12259970457902511
wikipedia,KFC_v2,static,0.59337118305969,0.12259970457902511
wikipedia,KFC_v2,static,0.5935246278962714,0.12259970457902511
wikipedia,KFC_v2,static,0.5936780727328526,0.12259970457902511
wikipedia,KFC_v2,static,0.5938315175694339,0.12259970457902511
wikipedia,KFC_v2,static,0.5939849624060151,0.12259970457902511
wikipedia,KFC_v2,static,0.5941384072425964,0.12259970457902511
wikipedia,KFC_v2,static,0.5942918520791776,0.12259970457902511
wikipedia,KFC_v2,static,0.5944452969157588,0.12259970457902511
wikipedia,KFC_v2,static,0.5945987417523401,0.12259970457902511
wikipedia,KFC_v2,static,0.5947521865889213,0.12259970457902511
wikipedia,KFC_v2,static,0.5949056314255026,0.12259970457902511
wikipedia,KFC_v2,static,0.5950590762620838,0.12259970457902511
wikipedia,KFC_v2,static,0.5952125210986651,0.12259970457902511
wikipedia,KFC_v2,static,0.5953659659352463,0.12259970457902511
wikipedia,KFC_v2,static,0.5955194107718276,0.12259970457902511
wikipedia,KFC_v2,static,0.5956728556084088,0.12259970457902511
wikipedia,KFC_v2,static,0.5958263004449901,0.12259970457902511
wikipedia,KFC_v2,static,0.5959797452815713,0.12259970457902511
wikipedia,KFC_v2,static,0.5961331901181526,0.12259970457902511
wikipedia,KFC_v2,static,0.5962866349547338,0.12259970457902511
wikipedia,KFC_v2,static,0.5964400797913151,0.12259970457902511
wikipedia,KFC_v2,static,0.5965935246278963,0.12259970457902511
wikipedia,KFC_v2,static,0.5967469694644776,0.12259970457902511
wikipedia,KFC_v2,static,0.5969004143010588,0.12259970457902511
wikipedia,KFC_v2,static,0.5970538591376401,0.12259970457902511
wikipedia,KFC_v2,static,0.5972073039742213,0.12259970457902511
wikipedia,KFC_v2,static,0.5973607488108026,0.12259970457902511
wikipedia,KFC_v2,static,0.5975141936473838,0.12259970457902511
wikipedia,KFC_v2,static,0.5976676384839651,0.12259970457902511
wikipedia,KFC_v2,static,0.5978210833205463,0.12259970457902511
wikipedia,KFC_v2,static,0.5979745281571276,0.12259970457902511
wikipedia,KFC_v2,static,0.5981279729937088,0.12259970457902511
wikipedia,KFC_v2,static,0.59828141783029,0.12259970457902511
wikipedia,KFC_v2,static,0.5984348626668713,0.12259970457902511
wikipedia,KFC_v2,static,0.5985883075034525,0.12259970457902511
wikipedia,KFC_v2,static,0.5987417523400338,0.12259970457902511
wikipedia,KFC_v2,static,0.598895197176615,0.12259970457902511
wikipedia,KFC_v2,static,0.5990486420131963,0.12259970457902511
wikipedia,KFC_v2,static,0.5992020868497775,0.12259970457902511
wikipedia,KFC_v2,static,0.5993555316863588,0.12259970457902511
wikipedia,KFC_v2,static,0.59950897652294,0.12259970457902511
wikipedia,KFC_v2,static,0.5996624213595213,0.12259970457902511
wikipedia,KFC_v2,static,0.5998158661961025,0.12259970457902511
wikipedia,KFC_v2,static,0.5999693110326838,0.12259970457902511
wikipedia,KFC_v2,static,0.600122755869265,0.12259970457902511
wikipedia,KFC_v2,static,0.6002762007058463,0.12259970457902511
wikipedia,KFC_v2,static,0.6004296455424275,0.12259970457902511
wikipedia,KFC_v2,static,0.6005830903790088,0.12259970457902511
wikipedia,KFC_v2,static,0.60073653521559,0.12259970457902511
wikipedia,KFC_v2,static,0.6008899800521713,0.12259970457902511
wikipedia,KFC_v2,static,0.6010434248887525,0.12259970457902511
wikipedia,KFC_v2,static,0.6011968697253338,0.12259970457902511
wikipedia,KFC_v2,static,0.601350314561915,0.12259970457902511
wikipedia,KFC_v2,static,0.6015037593984963,0.12259970457902511
wikipedia,KFC_v2,static,0.6016572042350775,0.12259970457902511
wikipedia,KFC_v2,static,0.6018106490716588,0.12259970457902511
wikipedia,KFC_v2,static,0.60196409390824,0.12259970457902511
wikipedia,KFC_v2,static,0.6021175387448212,0.12259970457902511
wikipedia,KFC_v2,static,0.6022709835814025,0.12259970457902511
wikipedia,KFC_v2,static,0.6024244284179837,0.12259970457902511
wikipedia,KFC_v2,static,0.602577873254565,0.12259970457902511
wikipedia,KFC_v2,static,0.6027313180911462,0.12259970457902511
wikipedia,KFC_v2,static,0.6028847629277275,0.12259970457902511
wikipedia,KFC_v2,static,0.6030382077643087,0.12259970457902511
wikipedia,KFC_v2,static,0.60319165260089,0.12259970457902511
wikipedia,KFC_v2,static,0.6033450974374712,0.12259970457902511
wikipedia,KFC_v2,static,0.6034985422740525,0.12259970457902511
wikipedia,KFC_v2,static,0.6036519871106337,0.12259970457902511
wikipedia,KFC_v2,static,0.603805431947215,0.12259970457902511
wikipedia,KFC_v2,static,0.6039588767837962,0.12259970457902511
wikipedia,KFC_v2,static,0.6041123216203775,0.12112259970457903
wikipedia,KFC_v2,static,0.6042657664569587,0.12112259970457903
wikipedia,KFC_v2,static,0.60441921129354,0.12112259970457903
wikipedia,KFC_v2,static,0.6045726561301212,0.12112259970457903
wikipedia,KFC_v2,static,0.6047261009667025,0.12112259970457903
wikipedia,KFC_v2,static,0.6048795458032837,0.12112259970457903
wikipedia,KFC_v2,static,0.605032990639865,0.12112259970457903
wikipedia,KFC_v2,static,0.6051864354764462,0.12112259970457903
wikipedia,KFC_v2,static,0.6053398803130275,0.12112259970457903
wikipedia,KFC_v2,static,0.6054933251496087,0.12112259970457903
wikipedia,KFC_v2,static,0.60564676998619,0.12112259970457903
wikipedia,KFC_v2,static,0.6058002148227712,0.11964549483013294
wikipedia,KFC_v2,static,0.6059536596593524,0.11964549483013294
wikipedia,KFC_v2,static,0.6061071044959337,0.11964549483013294
wikipedia,KFC_v2,static,0.6062605493325149,0.11964549483013294
wikipedia,KFC_v2,static,0.6064139941690962,0.11964549483013294
wikipedia,KFC_v2,static,0.6065674390056774,0.11964549483013294
wikipedia,KFC_v2,static,0.6067208838422588,0.11964549483013294
wikipedia,KFC_v2,static,0.60687432867884,0.11964549483013294
wikipedia,KFC_v2,static,0.6070277735154213,0.11964549483013294
wikipedia,KFC_v2,static,0.6071812183520024,0.11964549483013294
wikipedia,KFC_v2,static,0.6073346631885838,0.11964549483013294
wikipedia,KFC_v2,static,0.607488108025165,0.11964549483013294
wikipedia,KFC_v2,static,0.6076415528617463,0.11964549483013294
wikipedia,KFC_v2,static,0.6077949976983275,0.11964549483013294
wikipedia,KFC_v2,static,0.6079484425349088,0.11964549483013294
wikipedia,KFC_v2,static,0.60810188737149,0.11964549483013294
wikipedia,KFC_v2,static,0.6082553322080713,0.11964549483013294
wikipedia,KFC_v2,static,0.6084087770446525,0.11964549483013294
wikipedia,KFC_v2,static,0.6085622218812338,0.11964549483013294
wikipedia,KFC_v2,static,0.608715666717815,0.11964549483013294
wikipedia,KFC_v2,static,0.6088691115543963,0.11964549483013294
wikipedia,KFC_v2,static,0.6090225563909775,0.11964549483013294
wikipedia,KFC_v2,static,0.6091760012275588,0.11964549483013294
wikipedia,KFC_v2,static,0.60932944606414,0.11964549483013294
wikipedia,KFC_v2,static,0.6094828909007213,0.11964549483013294
wikipedia,KFC_v2,static,0.6096363357373025,0.11964549483013294
wikipedia,KFC_v2,static,0.6097897805738837,0.11964549483013294
wikipedia,KFC_v2,static,0.609943225410465,0.11964549483013294
wikipedia,KFC_v2,static,0.6100966702470462,0.11964549483013294
wikipedia,KFC_v2,static,0.6102501150836275,0.11964549483013294
wikipedia,KFC_v2,static,0.6104035599202087,0.11964549483013294
wikipedia,KFC_v2,static,0.61055700475679,0.11964549483013294
wikipedia,KFC_v2,static,0.6107104495933712,0.11964549483013294
wikipedia,KFC_v2,static,0.6108638944299525,0.11964549483013294
wikipedia,KFC_v2,static,0.6110173392665337,0.11964549483013294
wikipedia,KFC_v2,static,0.611170784103115,0.11964549483013294
wikipedia,KFC_v2,static,0.6113242289396962,0.11964549483013294
wikipedia,KFC_v2,static,0.6114776737762775,0.11964549483013294
wikipedia,KFC_v2,static,0.6116311186128587,0.11964549483013294
wikipedia,KFC_v2,static,0.61178456344944,0.11964549483013294
wikipedia,KFC_v2,static,0.6119380082860212,0.11964549483013294
wikipedia,KFC_v2,static,0.6120914531226025,0.11964549483013294
wikipedia,KFC_v2,static,0.6122448979591837,0.11964549483013294
wikipedia,KFC_v2,static,0.612398342795765,0.11964549483013294
wikipedia,KFC_v2,static,0.6125517876323462,0.11964549483013294
wikipedia,KFC_v2,static,0.6127052324689275,0.11964549483013294
wikipedia,KFC_v2,static,0.6128586773055087,0.11964549483013294
wikipedia,KFC_v2,static,0.61301212214209,0.11964549483013294
wikipedia,KFC_v2,static,0.6131655669786712,0.11964549483013294
wikipedia,KFC_v2,static,0.6133190118152525,0.11964549483013294
wikipedia,KFC_v2,static,0.6134724566518337,0.11964549483013294
wikipedia,KFC_v2,static,0.6136259014884149,0.11964549483013294
wikipedia,KFC_v2,static,0.6137793463249962,0.11964549483013294
wikipedia,KFC_v2,static,0.6139327911615774,0.11964549483013294
wikipedia,KFC_v2,static,0.6140862359981587,0.11964549483013294
wikipedia,KFC_v2,static,0.6142396808347399,0.11964549483013294
wikipedia,KFC_v2,static,0.6143931256713212,0.11964549483013294
wikipedia,KFC_v2,static,0.6145465705079024,0.11964549483013294
wikipedia,KFC_v2,static,0.6147000153444837,0.11964549483013294
wikipedia,KFC_v2,static,0.6148534601810649,0.11964549483013294
wikipedia,KFC_v2,static,0.6150069050176462,0.11964549483013294
wikipedia,KFC_v2,static,0.6151603498542274,0.11964549483013294
wikipedia,KFC_v2,static,0.6153137946908087,0.11964549483013294
wikipedia,KFC_v2,static,0.6154672395273899,0.11964549483013294
wikipedia,KFC_v2,static,0.6156206843639712,0.11964549483013294
wikipedia,KFC_v2,static,0.6157741292005524,0.11964549483013294
wikipedia,KFC_v2,static,0.6159275740371337,0.11964549483013294
wikipedia,KFC_v2,static,0.6160810188737149,0.11964549483013294
wikipedia,KFC_v2,static,0.6162344637102962,0.11964549483013294
wikipedia,KFC_v2,static,0.6163879085468774,0.11964549483013294
wikipedia,KFC_v2,static,0.6165413533834587,0.11964549483013294
wikipedia,KFC_v2,static,0.6166947982200399,0.11964549483013294
wikipedia,KFC_v2,static,0.6168482430566212,0.11964549483013294
wikipedia,KFC_v2,static,0.6170016878932024,0.11964549483013294
wikipedia,KFC_v2,static,0.6171551327297836,0.11964549483013294
wikipedia,KFC_v2,static,0.6173085775663649,0.11964549483013294
wikipedia,KFC_v2,static,0.6174620224029461,0.11964549483013294
wikipedia,KFC_v2,static,0.6176154672395274,0.11964549483013294
wikipedia,KFC_v2,static,0.6177689120761086,0.11964549483013294
wikipedia,KFC_v2,static,0.6179223569126899,0.11964549483013294
wikipedia,KFC_v2,static,0.6180758017492711,0.11964549483013294
wikipedia,KFC_v2,static,0.6182292465858524,0.11964549483013294
wikipedia,KFC_v2,static,0.6183826914224336,0.11964549483013294
wikipedia,KFC_v2,static,0.6185361362590149,0.11964549483013294
wikipedia,KFC_v2,static,0.6186895810955961,0.11964549483013294
wikipedia,KFC_v2,static,0.6188430259321774,0.11964549483013294
wikipedia,KFC_v2,static,0.6189964707687586,0.11964549483013294
wikipedia,KFC_v2,static,0.6191499156053399,0.11964549483013294
wikipedia,KFC_v2,static,0.6193033604419211,0.11964549483013294
wikipedia,KFC_v2,static,0.6194568052785024,0.11964549483013294
wikipedia,KFC_v2,static,0.6196102501150836,0.11964549483013294
wikipedia,KFC_v2,static,0.619763694951665,0.11964549483013294
wikipedia,KFC_v2,static,0.6199171397882461,0.11964549483013294
wikipedia,KFC_v2,static,0.6200705846248274,0.11964549483013294
wikipedia,KFC_v2,static,0.6202240294614086,0.11964549483013294
wikipedia,KFC_v2,static,0.62037747429799,0.11964549483013294
wikipedia,KFC_v2,static,0.6205309191345711,0.11964549483013294
wikipedia,KFC_v2,static,0.6206843639711525,0.11964549483013294
wikipedia,KFC_v2,static,0.6208378088077336,0.11964549483013294
wikipedia,KFC_v2,static,0.6209912536443148,0.11964549483013294
wikipedia,KFC_v2,static,0.6211446984808962,0.11964549483013294
wikipedia,KFC_v2,static,0.6212981433174773,0.11964549483013294
wikipedia,KFC_v2,static,0.6214515881540587,0.11964549483013294
wikipedia,KFC_v2,static,0.6216050329906398,0.11964549483013294
wikipedia,KFC_v2,static,0.6217584778272212,0.11964549483013294
wikipedia,KFC_v2,static,0.6219119226638024,0.11964549483013294
wikipedia,KFC_v2,static,0.6220653675003837,0.11964549483013294
wikipedia,KFC_v2,static,0.6222188123369649,0.11964549483013294
wikipedia,KFC_v2,static,0.6223722571735462,0.11964549483013294
wikipedia,KFC_v2,static,0.6225257020101274,0.11964549483013294
wikipedia,KFC_v2,static,0.6226791468467087,0.11964549483013294
wikipedia,KFC_v2,static,0.6228325916832899,0.11964549483013294
wikipedia,KFC_v2,static,0.6229860365198712,0.11964549483013294
wikipedia,KFC_v2,static,0.6231394813564524,0.11964549483013294
wikipedia,KFC_v2,static,0.6232929261930337,0.11964549483013294
wikipedia,KFC_v2,static,0.6234463710296149,0.11964549483013294
wikipedia,KFC_v2,static,0.6235998158661962,0.11964549483013294
wikipedia,KFC_v2,static,0.6237532607027774,0.11964549483013294
wikipedia,KFC_v2,static,0.6239067055393587,0.11964549483013294
wikipedia,KFC_v2,static,0.6240601503759399,0.11964549483013294
wikipedia,KFC_v2,static,0.6242135952125212,0.11964549483013294
wikipedia,KFC_v2,static,0.6243670400491024,0.11964549483013294
wikipedia,KFC_v2,static,0.6245204848856837,0.11964549483013294
wikipedia,KFC_v2,static,0.6246739297222649,0.11964549483013294
wikipedia,KFC_v2,static,0.6248273745588461,0.11964549483013294
wikipedia,KFC_v2,static,0.6249808193954274,0.11964549483013294
wikipedia,KFC_v2,static,0.6251342642320086,0.11964549483013294
wikipedia,KFC_v2,static,0.6252877090685899,0.11964549483013294
wikipedia,KFC_v2,static,0.6254411539051711,0.11964549483013294
wikipedia,KFC_v2,static,0.6255945987417524,0.11964549483013294
wikipedia,KFC_v2,static,0.6257480435783336,0.11964549483013294
wikipedia,KFC_v2,static,0.6259014884149149,0.11964549483013294
wikipedia,KFC_v2,static,0.6260549332514961,0.11964549483013294
wikipedia,KFC_v2,static,0.6262083780880774,0.11964549483013294
wikipedia,KFC_v2,static,0.6263618229246586,0.11964549483013294
wikipedia,KFC_v2,static,0.6265152677612399,0.11964549483013294
wikipedia,KFC_v2,static,0.6266687125978211,0.11964549483013294
wikipedia,KFC_v2,static,0.6268221574344024,0.11964549483013294
wikipedia,KFC_v2,static,0.6269756022709836,0.11964549483013294
wikipedia,KFC_v2,static,0.6271290471075649,0.11964549483013294
wikipedia,KFC_v2,static,0.6272824919441461,0.11964549483013294
wikipedia,KFC_v2,static,0.6274359367807274,0.11964549483013294
wikipedia,KFC_v2,static,0.6275893816173086,0.11964549483013294
wikipedia,KFC_v2,static,0.6277428264538899,0.11964549483013294
wikipedia,KFC_v2,static,0.6278962712904711,0.11964549483013294
wikipedia,KFC_v2,static,0.6280497161270524,0.11964549483013294
wikipedia,KFC_v2,static,0.6282031609636336,0.11964549483013294
wikipedia,KFC_v2,static,0.6283566058002149,0.11964549483013294
wikipedia,KFC_v2,static,0.6285100506367961,0.11964549483013294
wikipedia,KFC_v2,static,0.6286634954733773,0.11964549483013294
wikipedia,KFC_v2,static,0.6288169403099586,0.11964549483013294
wikipedia,KFC_v2,static,0.6289703851465398,0.11964549483013294
wikipedia,KFC_v2,static,0.6291238299831211,0.11964549483013294
wikipedia,KFC_v2,static,0.6292772748197023,0.11964549483013294
wikipedia,KFC_v2,static,0.6294307196562836,0.11964549483013294
wikipedia,KFC_v2,static,0.6295841644928648,0.11964549483013294
wikipedia,KFC_v2,static,0.6297376093294461,0.11964549483013294
wikipedia,KFC_v2,static,0.6298910541660273,0.11964549483013294
wikipedia,KFC_v2,static,0.6300444990026086,0.11964549483013294
wikipedia,KFC_v2,static,0.6301979438391898,0.11964549483013294
wikipedia,KFC_v2,static,0.6303513886757711,0.11964549483013294
wikipedia,KFC_v2,static,0.6305048335123523,0.11964549483013294
wikipedia,KFC_v2,static,0.6306582783489336,0.11964549483013294
wikipedia,KFC_v2,static,0.6308117231855148,0.11964549483013294
wikipedia,KFC_v2,static,0.6309651680220961,0.11964549483013294
wikipedia,KFC_v2,static,0.6311186128586773,0.11964549483013294
wikipedia,KFC_v2,static,0.6312720576952586,0.11964549483013294
wikipedia,KFC_v2,static,0.6314255025318398,0.11964549483013294
wikipedia,KFC_v2,static,0.6315789473684211,0.11964549483013294
wikipedia,KFC_v2,static,0.6317323922050023,0.11964549483013294
wikipedia,KFC_v2,static,0.6318858370415836,0.11964549483013294
wikipedia,KFC_v2,static,0.6320392818781648,0.11964549483013294
wikipedia,KFC_v2,static,0.6321927267147461,0.11964549483013294
wikipedia,KFC_v2,static,0.6323461715513273,0.11964549483013294
wikipedia,KFC_v2,static,0.6324996163879085,0.11964549483013294
wikipedia,KFC_v2,static,0.6326530612244898,0.11964549483013294
wikipedia,KFC_v2,static,0.632806506061071,0.11964549483013294
wikipedia,KFC_v2,static,0.6329599508976523,0.11964549483013294
wikipedia,KFC_v2,static,0.6331133957342335,0.11964549483013294
wikipedia,KFC_v2,static,0.6332668405708148,0.11964549483013294
wikipedia,KFC_v2,static,0.633420285407396,0.11964549483013294
wikipedia,KFC_v2,static,0.6335737302439773,0.11964549483013294
wikipedia,KFC_v2,static,0.6337271750805585,0.11964549483013294
wikipedia,KFC_v2,static,0.6338806199171398,0.11964549483013294
wikipedia,KFC_v2,static,0.634034064753721,0.11964549483013294
wikipedia,KFC_v2,static,0.6341875095903023,0.11964549483013294
wikipedia,KFC_v2,static,0.6343409544268835,0.11964549483013294
wikipedia,KFC_v2,static,0.6344943992634648,0.11964549483013294
wikipedia,KFC_v2,static,0.634647844100046,0.11964549483013294
wikipedia,KFC_v2,static,0.6348012889366274,0.11964549483013294
wikipedia,KFC_v2,static,0.6349547337732085,0.11964549483013294
wikipedia,KFC_v2,static,0.6351081786097899,0.11964549483013294
wikipedia,KFC_v2,static,0.635261623446371,0.11964549483013294
wikipedia,KFC_v2,static,0.6354150682829524,0.11964549483013294
wikipedia,KFC_v2,static,0.6355685131195336,0.11964549483013294
wikipedia,KFC_v2,static,0.6357219579561149,0.11964549483013294
wikipedia,KFC_v2,static,0.635875402792696,0.11964549483013294
wikipedia,KFC_v2,static,0.6360288476292774,0.11964549483013294
wikipedia,KFC_v2,static,0.6361822924658586,0.11964549483013294
wikipedia,KFC_v2,static,0.6363357373024398,0.11964549483013294
wikipedia,KFC_v2,static,0.6364891821390211,0.11964549483013294
wikipedia,KFC_v2,static,0.6366426269756023,0.11816838995568685
wikipedia,KFC_v2,static,0.6367960718121836,0.11816838995568685
wikipedia,KFC_v2,static,0.6369495166487648,0.11816838995568685
wikipedia,KFC_v2,static,0.6371029614853461,0.11816838995568685
wikipedia,KFC_v2,static,0.6372564063219273,0.11816838995568685
wikipedia,KFC_v2,static,0.6374098511585086,0.11816838995568685
wikipedia,KFC_v2,static,0.6375632959950898,0.11816838995568685
wikipedia,KFC_v2,static,0.6377167408316711,0.11816838995568685
wikipedia,KFC_v2,static,0.6378701856682523,0.11816838995568685
wikipedia,KFC_v2,static,0.6380236305048336,0.11816838995568685
wikipedia,KFC_v2,static,0.6381770753414148,0.11816838995568685
wikipedia,KFC_v2,static,0.6383305201779961,0.11816838995568685
wikipedia,KFC_v2,static,0.6384839650145773,0.11816838995568685
wikipedia,KFC_v2,static,0.6386374098511586,0.11816838995568685
wikipedia,KFC_v2,static,0.6387908546877398,0.11816838995568685
wikipedia,KFC_v2,static,0.6389442995243211,0.11816838995568685
wikipedia,KFC_v2,static,0.6390977443609023,0.11816838995568685
wikipedia,KFC_v2,static,0.6392511891974836,0.11816838995568685
wikipedia,KFC_v2,static,0.6394046340340648,0.11816838995568685
wikipedia,KFC_v2,static,0.6395580788706461,0.11816838995568685
wikipedia,KFC_v2,static,0.6397115237072273,0.11816838995568685
wikipedia,KFC_v2,static,0.6398649685438086,0.11816838995568685
wikipedia,KFC_v2,static,0.6400184133803898,0.11816838995568685
wikipedia,KFC_v2,static,0.640171858216971,0.11816838995568685
wikipedia,KFC_v2,static,0.6403253030535523,0.11816838995568685
wikipedia,KFC_v2,static,0.6404787478901335,0.11816838995568685
wikipedia,KFC_v2,static,0.6406321927267148,0.11816838995568685
wikipedia,KFC_v2,static,0.640785637563296,0.11816838995568685
wikipedia,KFC_v2,static,0.6409390823998773,0.11816838995568685
wikipedia,KFC_v2,static,0.6410925272364585,0.11816838995568685
wikipedia,KFC_v2,static,0.6412459720730398,0.11816838995568685
wikipedia,KFC_v2,static,0.641399416909621,0.11816838995568685
wikipedia,KFC_v2,static,0.6415528617462023,0.11816838995568685
wikipedia,KFC_v2,static,0.6417063065827835,0.11816838995568685
wikipedia,KFC_v2,static,0.6418597514193648,0.11816838995568685
wikipedia,KFC_v2,static,0.642013196255946,0.11816838995568685
wikipedia,KFC_v2,static,0.6421666410925273,0.11816838995568685
wikipedia,KFC_v2,static,0.6423200859291085,0.11816838995568685
wikipedia,KFC_v2,static,0.6424735307656898,0.11816838995568685
wikipedia,KFC_v2,static,0.642626975602271,0.11816838995568685
wikipedia,KFC_v2,static,0.6427804204388523,0.11816838995568685
wikipedia,KFC_v2,static,0.6429338652754335,0.11816838995568685
wikipedia,KFC_v2,static,0.6430873101120148,0.11816838995568685
wikipedia,KFC_v2,static,0.643240754948596,0.11816838995568685
wikipedia,KFC_v2,static,0.6433941997851773,0.11816838995568685
wikipedia,KFC_v2,static,0.6435476446217585,0.11816838995568685
wikipedia,KFC_v2,static,0.6437010894583397,0.11816838995568685
wikipedia,KFC_v2,static,0.643854534294921,0.11816838995568685
wikipedia,KFC_v2,static,0.6440079791315022,0.11816838995568685
wikipedia,KFC_v2,static,0.6441614239680835,0.11816838995568685
wikipedia,KFC_v2,static,0.6443148688046647,0.11816838995568685
wikipedia,KFC_v2,static,0.644468313641246,0.11816838995568685
wikipedia,KFC_v2,static,0.6446217584778272,0.11816838995568685
wikipedia,KFC_v2,static,0.6447752033144085,0.11816838995568685
wikipedia,KFC_v2,static,0.6449286481509897,0.11816838995568685
wikipedia,KFC_v2,static,0.645082092987571,0.11816838995568685
wikipedia,KFC_v2,static,0.6452355378241522,0.11816838995568685
wikipedia,KFC_v2,static,0.6453889826607335,0.11816838995568685
wikipedia,KFC_v2,static,0.6455424274973147,0.11816838995568685
wikipedia,KFC_v2,static,0.645695872333896,0.11816838995568685
wikipedia,KFC_v2,static,0.6458493171704772,0.11816838995568685
wikipedia,KFC_v2,static,0.6460027620070585,0.11816838995568685
wikipedia,KFC_v2,static,0.6461562068436397,0.11816838995568685
wikipedia,KFC_v2,static,0.646309651680221,0.11816838995568685
wikipedia,KFC_v2,static,0.6464630965168022,0.11816838995568685
wikipedia,KFC_v2,static,0.6466165413533835,0.11816838995568685
wikipedia,KFC_v2,static,0.6467699861899647,0.11816838995568685
wikipedia,KFC_v2,static,0.646923431026546,0.11816838995568685
wikipedia,KFC_v2,static,0.6470768758631272,0.11816838995568685
wikipedia,KFC_v2,static,0.6472303206997085,0.11816838995568685
wikipedia,KFC_v2,static,0.6473837655362897,0.11816838995568685
wikipedia,KFC_v2,static,0.6475372103728709,0.11816838995568685
wikipedia,KFC_v2,static,0.6476906552094522,0.11816838995568685
wikipedia,KFC_v2,static,0.6478441000460334,0.11816838995568685
wikipedia,KFC_v2,static,0.6479975448826147,0.11816838995568685
wikipedia,KFC_v2,static,0.6481509897191959,0.11816838995568685
wikipedia,KFC_v2,static,0.6483044345557772,0.11816838995568685
wikipedia,KFC_v2,static,0.6484578793923584,0.11816838995568685
wikipedia,KFC_v2,static,0.6486113242289397,0.11816838995568685
wikipedia,KFC_v2,static,0.6487647690655209,0.11816838995568685
wikipedia,KFC_v2,static,0.6489182139021022,0.11816838995568685
wikipedia,KFC_v2,static,0.6490716587386834,0.11816838995568685
wikipedia,KFC_v2,static,0.6492251035752648,0.11816838995568685
wikipedia,KFC_v2,static,0.649378548411846,0.11816838995568685
wikipedia,KFC_v2,static,0.6495319932484273,0.11816838995568685
wikipedia,KFC_v2,static,0.6496854380850084,0.11816838995568685
wikipedia,KFC_v2,static,0.6498388829215898,0.11816838995568685
wikipedia,KFC_v2,static,0.649992327758171,0.11816838995568685
wikipedia,KFC_v2,static,0.6501457725947523,0.11816838995568685
wikipedia,KFC_v2,static,0.6502992174313335,0.11816838995568685
wikipedia,KFC_v2,static,0.6504526622679148,0.11816838995568685
wikipedia,KFC_v2,static,0.650606107104496,0.11816838995568685
wikipedia,KFC_v2,static,0.6507595519410773,0.11816838995568685
wikipedia,KFC_v2,static,0.6509129967776585,0.11816838995568685
wikipedia,KFC_v2,static,0.6510664416142398,0.11816838995568685
wikipedia,KFC_v2,static,0.651219886450821,0.11816838995568685
wikipedia,KFC_v2,static,0.6513733312874022,0.11816838995568685
wikipedia,KFC_v2,static,0.6515267761239835,0.11816838995568685
wikipedia,KFC_v2,static,0.6516802209605647,0.11816838995568685
wikipedia,KFC_v2,static,0.651833665797146,0.11816838995568685
wikipedia,KFC_v2,static,0.6519871106337272,0.11816838995568685
wikipedia,KFC_v2,static,0.6521405554703085,0.11816838995568685
wikipedia,KFC_v2,static,0.6522940003068897,0.11816838995568685
wikipedia,KFC_v2,static,0.652447445143471,0.11816838995568685
wikipedia,KFC_v2,static,0.6526008899800522,0.11816838995568685
wikipedia,KFC_v2,static,0.6527543348166335,0.11816838995568685
wikipedia,KFC_v2,static,0.6529077796532147,0.11816838995568685
wikipedia,KFC_v2,static,0.653061224489796,0.11816838995568685
wikipedia,KFC_v2,static,0.6532146693263772,0.11816838995568685
wikipedia,KFC_v2,static,0.6533681141629585,0.11816838995568685
wikipedia,KFC_v2,static,0.6535215589995397,0.11816838995568685
wikipedia,KFC_v2,static,0.653675003836121,0.11816838995568685
wikipedia,KFC_v2,static,0.6538284486727022,0.11816838995568685
wikipedia,KFC_v2,static,0.6539818935092835,0.11816838995568685
wikipedia,KFC_v2,static,0.6541353383458647,0.11816838995568685
wikipedia,KFC_v2,static,0.654288783182446,0.11816838995568685
wikipedia,KFC_v2,static,0.6544422280190272,0.11816838995568685
wikipedia,KFC_v2,static,0.6545956728556085,0.11816838995568685
wikipedia,KFC_v2,static,0.6547491176921897,0.11816838995568685
wikipedia,KFC_v2,static,0.654902562528771,0.11816838995568685
wikipedia,KFC_v2,static,0.6550560073653522,0.11816838995568685
wikipedia,KFC_v2,static,0.6552094522019334,0.11816838995568685
wikipedia,KFC_v2,static,0.6553628970385147,0.11816838995568685
wikipedia,KFC_v2,static,0.6555163418750959,0.11816838995568685
wikipedia,KFC_v2,static,0.6556697867116772,0.11816838995568685
wikipedia,KFC_v2,static,0.6558232315482584,0.11816838995568685
wikipedia,KFC_v2,static,0.6559766763848397,0.11816838995568685
wikipedia,KFC_v2,static,0.6561301212214209,0.11816838995568685
wikipedia,KFC_v2,static,0.6562835660580022,0.11816838995568685
wikipedia,KFC_v2,static,0.6564370108945834,0.11816838995568685
wikipedia,KFC_v2,static,0.6565904557311647,0.11816838995568685
wikipedia,KFC_v2,static,0.6567439005677459,0.11816838995568685
wikipedia,KFC_v2,static,0.6568973454043272,0.11816838995568685
wikipedia,KFC_v2,static,0.6570507902409084,0.11816838995568685
wikipedia,KFC_v2,static,0.6572042350774897,0.11816838995568685
wikipedia,KFC_v2,static,0.6573576799140709,0.11816838995568685
wikipedia,KFC_v2,static,0.6575111247506522,0.11816838995568685
wikipedia,KFC_v2,static,0.6576645695872334,0.11816838995568685
wikipedia,KFC_v2,static,0.6578180144238147,0.11816838995568685
wikipedia,KFC_v2,static,0.6579714592603959,0.11816838995568685
wikipedia,KFC_v2,static,0.6581249040969772,0.11816838995568685
wikipedia,KFC_v2,static,0.6582783489335584,0.11816838995568685
wikipedia,KFC_v2,static,0.6584317937701397,0.11816838995568685
wikipedia,KFC_v2,static,0.6585852386067209,0.11816838995568685
wikipedia,KFC_v2,static,0.6587386834433022,0.11816838995568685
wikipedia,KFC_v2,static,0.6588921282798834,0.11816838995568685
wikipedia,KFC_v2,static,0.6590455731164646,0.11816838995568685
wikipedia,KFC_v2,static,0.6591990179530459,0.11816838995568685
wikipedia,KFC_v2,static,0.6593524627896271,0.11816838995568685
wikipedia,KFC_v2,static,0.6595059076262084,0.11816838995568685
wikipedia,KFC_v2,static,0.6596593524627896,0.11816838995568685
wikipedia,KFC_v2,static,0.6598127972993709,0.11816838995568685
wikipedia,KFC_v2,static,0.6599662421359521,0.11816838995568685
wikipedia,KFC_v2,static,0.6601196869725334,0.11816838995568685
wikipedia,KFC_v2,static,0.6602731318091146,0.11816838995568685
wikipedia,KFC_v2,static,0.6604265766456959,0.11816838995568685
wikipedia,KFC_v2,static,0.6605800214822771,0.11816838995568685
wikipedia,KFC_v2,static,0.6607334663188584,0.11816838995568685
wikipedia,KFC_v2,static,0.6608869111554396,0.11816838995568685
wikipedia,KFC_v2,static,0.6610403559920209,0.11816838995568685
wikipedia,KFC_v2,static,0.6611938008286021,0.11816838995568685
wikipedia,KFC_v2,static,0.6613472456651834,0.11816838995568685
wikipedia,KFC_v2,static,0.6615006905017646,0.11816838995568685
wikipedia,KFC_v2,static,0.6616541353383459,0.11816838995568685
wikipedia,KFC_v2,static,0.6618075801749271,0.11816838995568685
wikipedia,KFC_v2,static,0.6619610250115084,0.11816838995568685
wikipedia,KFC_v2,static,0.6621144698480896,0.11816838995568685
wikipedia,KFC_v2,static,0.6622679146846709,0.11816838995568685
wikipedia,KFC_v2,static,0.6624213595212521,0.11816838995568685
wikipedia,KFC_v2,static,0.6625748043578334,0.11816838995568685
wikipedia,KFC_v2,static,0.6627282491944146,0.11816838995568685
wikipedia,KFC_v2,static,0.6628816940309958,0.11816838995568685
wikipedia,KFC_v2,static,0.6630351388675771,0.11816838995568685
wikipedia,KFC_v2,static,0.6631885837041583,0.11816838995568685
wikipedia,KFC_v2,static,0.6633420285407396,0.11816838995568685
wikipedia,KFC_v2,static,0.6634954733773208,0.11816838995568685
wikipedia,KFC_v2,static,0.6636489182139022,0.11816838995568685
wikipedia,KFC_v2,static,0.6638023630504833,0.11816838995568685
wikipedia,KFC_v2,static,0.6639558078870647,0.11816838995568685
wikipedia,KFC_v2,static,0.6641092527236458,0.11816838995568685
wikipedia,KFC_v2,static,0.6642626975602272,0.11669128508124077
wikipedia,KFC_v2,static,0.6644161423968084,0.11669128508124077
wikipedia,KFC_v2,static,0.6645695872333897,0.11225997045790251
wikipedia,KFC_v2,static,0.6647230320699709,0.11225997045790251
wikipedia,KFC_v2,static,0.6648764769065522,0.11225997045790251
wikipedia,KFC_v2,static,0.6650299217431334,0.11225997045790251
wikipedia,KFC_v2,static,0.6651833665797147,0.11225997045790251
wikipedia,KFC_v2,static,0.6653368114162959,0.11225997045790251
wikipedia,KFC_v2,static,0.6654902562528772,0.11225997045790251
wikipedia,KFC_v2,static,0.6656437010894584,0.11225997045790251
wikipedia,KFC_v2,static,0.6657971459260397,0.11225997045790251
wikipedia,KFC_v2,static,0.6659505907626209,0.11225997045790251
wikipedia,KFC_v2,static,0.6661040355992022,0.11225997045790251
wikipedia,KFC_v2,static,0.6662574804357834,0.11225997045790251
wikipedia,KFC_v2,static,0.6664109252723646,0.11225997045790251
wikipedia,KFC_v2,static,0.6665643701089459,0.11225997045790251
wikipedia,KFC_v2,static,0.6667178149455271,0.11225997045790251
wikipedia,KFC_v2,static,0.6668712597821084,0.11225997045790251
wikipedia,KFC_v2,static,0.6670247046186896,0.11225997045790251
wikipedia,KFC_v2,static,0.6671781494552709,0.11225997045790251
wikipedia,KFC_v2,static,0.6673315942918521,0.11225997045790251
wikipedia,KFC_v2,static,0.6674850391284334,0.11225997045790251
wikipedia,KFC_v2,static,0.6676384839650146,0.11225997045790251
wikipedia,KFC_v2,static,0.6677919288015959,0.11225997045790251
wikipedia,KFC_v2,static,0.6679453736381771,0.11225997045790251
wikipedia,KFC_v2,static,0.6680988184747584,0.11225997045790251
wikipedia,KFC_v2,static,0.6682522633113396,0.11225997045790251
wikipedia,KFC_v2,static,0.6684057081479209,0.11225997045790251
wikipedia,KFC_v2,static,0.6685591529845021,0.11225997045790251
wikipedia,KFC_v2,static,0.6687125978210834,0.11225997045790251
wikipedia,KFC_v2,static,0.6688660426576646,0.11225997045790251
wikipedia,KFC_v2,static,0.6690194874942459,0.11225997045790251
wikipedia,KFC_v2,static,0.6691729323308271,0.11225997045790251
wikipedia,KFC_v2,static,0.6693263771674084,0.11225997045790251
wikipedia,KFC_v2,static,0.6694798220039896,0.11225997045790251
wikipedia,KFC_v2,static,0.6696332668405709,0.11225997045790251
wikipedia,KFC_v2,static,0.6697867116771521,0.11225997045790251
wikipedia,KFC_v2,static,0.6699401565137334,0.11225997045790251
wikipedia,KFC_v2,static,0.6700936013503146,0.11225997045790251
wikipedia,KFC_v2,static,0.6702470461868958,0.11225997045790251
wikipedia,KFC_v2,static,0.6704004910234771,0.11225997045790251
wikipedia,KFC_v2,static,0.6705539358600583,0.11225997045790251
wikipedia,KFC_v2,static,0.6707073806966396,0.11225997045790251
wikipedia,KFC_v2,static,0.6708608255332208,0.11225997045790251
wikipedia,KFC_v2,static,0.6710142703698021,0.11225997045790251
wikipedia,KFC_v2,static,0.6711677152063833,0.11225997045790251
wikipedia,KFC_v2,static,0.6713211600429646,0.11225997045790251
wikipedia,KFC_v2,static,0.6714746048795458,0.11225997045790251
wikipedia,KFC_v2,static,0.6716280497161271,0.11225997045790251
wikipedia,KFC_v2,static,0.6717814945527083,0.11225997045790251
wikipedia,KFC_v2,static,0.6719349393892896,0.11225997045790251
wikipedia,KFC_v2,static,0.6720883842258708,0.11225997045790251
wikipedia,KFC_v2,static,0.6722418290624521,0.11225997045790251
wikipedia,KFC_v2,static,0.6723952738990333,0.11225997045790251
wikipedia,KFC_v2,static,0.6725487187356146,0.11225997045790251
wikipedia,KFC_v2,static,0.6727021635721958,0.11225997045790251
wikipedia,KFC_v2,static,0.6728556084087771,0.11225997045790251
wikipedia,KFC_v2,static,0.6730090532453583,0.11225997045790251
wikipedia,KFC_v2,static,0.6731624980819396,0.11225997045790251
wikipedia,KFC_v2,static,0.6733159429185208,0.11225997045790251
wikipedia,KFC_v2,static,0.6734693877551021,0.11225997045790251
wikipedia,KFC_v2,static,0.6736228325916833,0.11225997045790251
wikipedia,KFC_v2,static,0.6737762774282646,0.11225997045790251
wikipedia,KFC_v2,static,0.6739297222648458,0.11225997045790251
wikipedia,KFC_v2,static,0.674083167101427,0.11225997045790251
wikipedia,KFC_v2,static,0.6742366119380083,0.11225997045790251
wikipedia,KFC_v2,static,0.6743900567745895,0.11225997045790251
wikipedia,KFC_v2,static,0.6745435016111708,0.11225997045790251
wikipedia,KFC_v2,static,0.674696946447752,0.11225997045790251
wikipedia,KFC_v2,static,0.6748503912843333,0.11225997045790251
wikipedia,KFC_v2,static,0.6750038361209145,0.11225997045790251
wikipedia,KFC_v2,static,0.6751572809574958,0.11225997045790251
wikipedia,KFC_v2,static,0.675310725794077,0.11225997045790251
wikipedia,KFC_v2,static,0.6754641706306583,0.11225997045790251
wikipedia,KFC_v2,static,0.6756176154672395,0.11225997045790251
wikipedia,KFC_v2,static,0.6757710603038208,0.11225997045790251
wikipedia,KFC_v2,static,0.675924505140402,0.11225997045790251
wikipedia,KFC_v2,static,0.6760779499769833,0.11225997045790251
wikipedia,KFC_v2,static,0.6762313948135645,0.11225997045790251
wikipedia,KFC_v2,static,0.6763848396501458,0.11225997045790251
wikipedia,KFC_v2,static,0.676538284486727,0.11225997045790251
wikipedia,KFC_v2,static,0.6766917293233083,0.11225997045790251
wikipedia,KFC_v2,static,0.6768451741598895,0.11225997045790251
wikipedia,KFC_v2,static,0.6769986189964708,0.11225997045790251
wikipedia,KFC_v2,static,0.677152063833052,0.11225997045790251
wikipedia,KFC_v2,static,0.6773055086696333,0.10635155096011817
wikipedia,KFC_v2,static,0.6774589535062145,0.10635155096011817
wikipedia,KFC_v2,static,0.6776123983427959,0.10635155096011817
wikipedia,KFC_v2,static,0.677765843179377,0.10635155096011817
wikipedia,KFC_v2,static,0.6779192880159582,0.10635155096011817
wikipedia,KFC_v2,static,0.6780727328525396,0.10635155096011817
wikipedia,KFC_v2,static,0.6782261776891207,0.10635155096011817
wikipedia,KFC_v2,static,0.678379622525702,0.10635155096011817
wikipedia,KFC_v2,static,0.6785330673622832,0.10635155096011817
wikipedia,KFC_v2,static,0.6786865121988646,0.10635155096011817
wikipedia,KFC_v2,static,0.6788399570354458,0.10635155096011817
wikipedia,KFC_v2,static,0.6789934018720271,0.10635155096011817
wikipedia,KFC_v2,static,0.6791468467086083,0.10635155096011817
wikipedia,KFC_v2,static,0.6793002915451896,0.10635155096011817
wikipedia,KFC_v2,static,0.6794537363817708,0.10635155096011817
wikipedia,KFC_v2,static,0.6796071812183521,0.10635155096011817
wikipedia,KFC_v2,static,0.6797606260549333,0.10635155096011817
wikipedia,KFC_v2,static,0.6799140708915146,0.10635155096011817
wikipedia,KFC_v2,static,0.6800675157280958,0.10635155096011817
wikipedia,KFC_v2,static,0.6802209605646771,0.10635155096011817
wikipedia,KFC_v2,static,0.6803744054012583,0.10635155096011817
wikipedia,KFC_v2,static,0.6805278502378396,0.10635155096011817
wikipedia,KFC_v2,static,0.6806812950744208,0.10635155096011817
wikipedia,KFC_v2,static,0.6808347399110021,0.10635155096011817
wikipedia,KFC_v2,static,0.6809881847475833,0.10635155096011817
wikipedia,KFC_v2,static,0.6811416295841646,0.10635155096011817
wikipedia,KFC_v2,static,0.6812950744207458,0.10635155096011817
wikipedia,KFC_v2,static,0.6814485192573271,0.10635155096011817
wikipedia,KFC_v2,static,0.6816019640939083,0.10635155096011817
wikipedia,KFC_v2,static,0.6817554089304895,0.10635155096011817
wikipedia,KFC_v2,static,0.6819088537670708,0.10635155096011817
wikipedia,KFC_v2,static,0.682062298603652,0.10635155096011817
wikipedia,KFC_v2,static,0.6822157434402333,0.10635155096011817
wikipedia,KFC_v2,static,0.6823691882768145,0.10635155096011817
wikipedia,KFC_v2,static,0.6825226331133958,0.10635155096011817
wikipedia,KFC_v2,static,0.682676077949977,0.10635155096011817
wikipedia,KFC_v2,static,0.6828295227865583,0.10635155096011817
wikipedia,KFC_v2,static,0.6829829676231395,0.10635155096011817
wikipedia,KFC_v2,static,0.6831364124597208,0.10635155096011817
wikipedia,KFC_v2,static,0.683289857296302,0.1019202363367799
wikipedia,KFC_v2,static,0.6834433021328833,0.1019202363367799
wikipedia,KFC_v2,static,0.6835967469694645,0.1019202363367799
wikipedia,KFC_v2,static,0.6837501918060458,0.1019202363367799
wikipedia,KFC_v2,static,0.683903636642627,0.1019202363367799
wikipedia,KFC_v2,static,0.6840570814792083,0.1019202363367799
wikipedia,KFC_v2,static,0.6842105263157895,0.1019202363367799
wikipedia,KFC_v2,static,0.6843639711523708,0.1019202363367799
wikipedia,KFC_v2,static,0.684517415988952,0.1019202363367799
wikipedia,KFC_v2,static,0.6846708608255333,0.1019202363367799
wikipedia,KFC_v2,static,0.6848243056621145,0.1019202363367799
wikipedia,KFC_v2,static,0.6849777504986958,0.10044313146233383
wikipedia,KFC_v2,static,0.685131195335277,0.10044313146233383
wikipedia,KFC_v2,static,0.6852846401718583,0.10044313146233383
wikipedia,KFC_v2,static,0.6854380850084395,0.10044313146233383
wikipedia,KFC_v2,static,0.6855915298450207,0.10044313146233383
wikipedia,KFC_v2,static,0.685744974681602,0.10044313146233383
wikipedia,KFC_v2,static,0.6858984195181832,0.10044313146233383
wikipedia,KFC_v2,static,0.6860518643547645,0.10044313146233383
wikipedia,KFC_v2,static,0.6862053091913457,0.10044313146233383
wikipedia,KFC_v2,static,0.686358754027927,0.10044313146233383
wikipedia,KFC_v2,static,0.6865121988645082,0.10044313146233383
wikipedia,KFC_v2,static,0.6866656437010895,0.10044313146233383
wikipedia,KFC_v2,static,0.6868190885376707,0.10044313146233383
wikipedia,KFC_v2,static,0.686972533374252,0.10044313146233383
wikipedia,KFC_v2,static,0.6871259782108332,0.10044313146233383
wikipedia,KFC_v2,static,0.6872794230474145,0.10044313146233383
wikipedia,KFC_v2,static,0.6874328678839957,0.10044313146233383
wikipedia,KFC_v2,static,0.687586312720577,0.10044313146233383
wikipedia,KFC_v2,static,0.6877397575571582,0.10044313146233383
wikipedia,KFC_v2,static,0.6878932023937395,0.10044313146233383
wikipedia,KFC_v2,static,0.6880466472303207,0.10044313146233383
wikipedia,KFC_v2,static,0.688200092066902,0.10044313146233383
wikipedia,KFC_v2,static,0.6883535369034832,0.10044313146233383
wikipedia,KFC_v2,static,0.6885069817400645,0.10044313146233383
wikipedia,KFC_v2,static,0.6886604265766457,0.10044313146233383
wikipedia,KFC_v2,static,0.688813871413227,0.10044313146233383
wikipedia,KFC_v2,static,0.6889673162498082,0.10044313146233383
wikipedia,KFC_v2,static,0.6891207610863894,0.10044313146233383
wikipedia,KFC_v2,static,0.6892742059229707,0.10044313146233383
wikipedia,KFC_v2,static,0.6894276507595519,0.10044313146233383
wikipedia,KFC_v2,static,0.6895810955961332,0.09896602658788774
wikipedia,KFC_v2,static,0.6897345404327144,0.09896602658788774
wikipedia,KFC_v2,static,0.6898879852692957,0.09896602658788774
wikipedia,KFC_v2,static,0.6900414301058769,0.09896602658788774
wikipedia,KFC_v2,static,0.6901948749424582,0.09896602658788774
wikipedia,KFC_v2,static,0.6903483197790394,0.09896602658788774
wikipedia,KFC_v2,static,0.6905017646156207,0.09896602658788774
wikipedia,KFC_v2,static,0.6906552094522019,0.09896602658788774
wikipedia,KFC_v2,static,0.6908086542887832,0.09896602658788774
wikipedia,KFC_v2,static,0.6909620991253644,0.09896602658788774
wikipedia,KFC_v2,static,0.6911155439619457,0.09896602658788774
wikipedia,KFC_v2,static,0.6912689887985269,0.09896602658788774
wikipedia,KFC_v2,static,0.6914224336351082,0.09896602658788774
wikipedia,KFC_v2,static,0.6915758784716894,0.09896602658788774
wikipedia,KFC_v2,static,0.6917293233082707,0.09896602658788774
wikipedia,KFC_v2,static,0.691882768144852,0.09896602658788774
wikipedia,KFC_v2,static,0.6920362129814333,0.09896602658788774
wikipedia,KFC_v2,static,0.6921896578180144,0.09896602658788774
wikipedia,KFC_v2,static,0.6923431026545958,0.09896602658788774
wikipedia,KFC_v2,static,0.692496547491177,0.09896602658788774
wikipedia,KFC_v2,static,0.6926499923277583,0.09896602658788774
wikipedia,KFC_v2,static,0.6928034371643395,0.09896602658788774
wikipedia,KFC_v2,static,0.6929568820009206,0.09896602658788774
wikipedia,KFC_v2,static,0.693110326837502,0.09896602658788774
wikipedia,KFC_v2,static,0.6932637716740832,0.09896602658788774
wikipedia,KFC_v2,static,0.6934172165106645,0.09896602658788774
wikipedia,KFC_v2,static,0.6935706613472457,0.09896602658788774
wikipedia,KFC_v2,static,0.693724106183827,0.09896602658788774
wikipedia,KFC_v2,static,0.6938775510204082,0.09896602658788774
wikipedia,KFC_v2,static,0.6940309958569895,0.09896602658788774
wikipedia,KFC_v2,static,0.6941844406935707,0.09896602658788774
wikipedia,KFC_v2,static,0.694337885530152,0.09896602658788774
wikipedia,KFC_v2,static,0.6944913303667332,0.09896602658788774
wikipedia,KFC_v2,static,0.6946447752033145,0.09896602658788774
wikipedia,KFC_v2,static,0.6947982200398957,0.09896602658788774
wikipedia,KFC_v2,static,0.694951664876477,0.09896602658788774
wikipedia,KFC_v2,static,0.6951051097130582,0.09896602658788774
wikipedia,KFC_v2,static,0.6952585545496395,0.09896602658788774
wikipedia,KFC_v2,static,0.6954119993862207,0.09896602658788774
wikipedia,KFC_v2,static,0.695565444222802,0.09896602658788774
wikipedia,KFC_v2,static,0.6957188890593832,0.09896602658788774
wikipedia,KFC_v2,static,0.6958723338959645,0.09896602658788774
wikipedia,KFC_v2,static,0.6960257787325457,0.09896602658788774
wikipedia,KFC_v2,static,0.696179223569127,0.09896602658788774
wikipedia,KFC_v2,static,0.6963326684057082,0.09896602658788774
wikipedia,KFC_v2,static,0.6964861132422895,0.09896602658788774
wikipedia,KFC_v2,static,0.6966395580788707,0.09896602658788774
wikipedia,KFC_v2,static,0.6967930029154519,0.09896602658788774
wikipedia,KFC_v2,static,0.6969464477520332,0.09896602658788774
wikipedia,KFC_v2,static,0.6970998925886144,0.09896602658788774
wikipedia,KFC_v2,static,0.6972533374251957,0.09896602658788774
wikipedia,KFC_v2,static,0.6974067822617769,0.09896602658788774
wikipedia,KFC_v2,static,0.6975602270983582,0.09896602658788774
wikipedia,KFC_v2,static,0.6977136719349394,0.09896602658788774
wikipedia,KFC_v2,static,0.6978671167715207,0.09896602658788774
wikipedia,KFC_v2,static,0.6980205616081019,0.09896602658788774
wikipedia,KFC_v2,static,0.6981740064446832,0.09896602658788774
wikipedia,KFC_v2,static,0.6983274512812644,0.09896602658788774
wikipedia,KFC_v2,static,0.6984808961178457,0.09896602658788774
wikipedia,KFC_v2,static,0.6986343409544269,0.09896602658788774
wikipedia,KFC_v2,static,0.6987877857910082,0.09896602658788774
wikipedia,KFC_v2,static,0.6989412306275894,0.09896602658788774
wikipedia,KFC_v2,static,0.6990946754641707,0.09896602658788774
wikipedia,KFC_v2,static,0.6992481203007519,0.09896602658788774
wikipedia,KFC_v2,static,0.6994015651373332,0.09896602658788774
wikipedia,KFC_v2,static,0.6995550099739144,0.09896602658788774
wikipedia,KFC_v2,static,0.6997084548104957,0.09896602658788774
wikipedia,KFC_v2,static,0.6998618996470769,0.09896602658788774
wikipedia,KFC_v2,static,0.7000153444836582,0.09896602658788774
wikipedia,KFC_v2,static,0.7001687893202394,0.09896602658788774
wikipedia,KFC_v2,static,0.7003222341568207,0.09896602658788774
wikipedia,KFC_v2,static,0.7004756789934019,0.09896602658788774
wikipedia,KFC_v2,static,0.7006291238299831,0.09896602658788774
wikipedia,KFC_v2,static,0.7007825686665644,0.09896602658788774
wikipedia,KFC_v2,static,0.7009360135031456,0.09896602658788774
wikipedia,KFC_v2,static,0.7010894583397269,0.09896602658788774
wikipedia,KFC_v2,static,0.7012429031763081,0.09896602658788774
wikipedia,KFC_v2,static,0.7013963480128894,0.09896602658788774
wikipedia,KFC_v2,static,0.7015497928494706,0.09896602658788774
wikipedia,KFC_v2,static,0.7017032376860519,0.09896602658788774
wikipedia,KFC_v2,static,0.7018566825226331,0.09896602658788774
wikipedia,KFC_v2,static,0.7020101273592144,0.09896602658788774
wikipedia,KFC_v2,static,0.7021635721957956,0.09896602658788774
wikipedia,KFC_v2,static,0.7023170170323769,0.09896602658788774
wikipedia,KFC_v2,static,0.7024704618689581,0.09896602658788774
wikipedia,KFC_v2,static,0.7026239067055394,0.09896602658788774
wikipedia,KFC_v2,static,0.7027773515421206,0.09748892171344166
wikipedia,KFC_v2,static,0.7029307963787019,0.09748892171344166
wikipedia,KFC_v2,static,0.7030842412152831,0.09748892171344166
wikipedia,KFC_v2,static,0.7032376860518644,0.09748892171344166
wikipedia,KFC_v2,static,0.7033911308884456,0.09748892171344166
wikipedia,KFC_v2,static,0.7035445757250269,0.09748892171344166
wikipedia,KFC_v2,static,0.7036980205616081,0.09748892171344166
wikipedia,KFC_v2,static,0.7038514653981894,0.09748892171344166
wikipedia,KFC_v2,static,0.7040049102347706,0.09748892171344166
wikipedia,KFC_v2,static,0.7041583550713519,0.09748892171344166
wikipedia,KFC_v2,static,0.7043117999079331,0.09748892171344166
wikipedia,KFC_v2,static,0.7044652447445143,0.09748892171344166
wikipedia,KFC_v2,static,0.7046186895810956,0.09748892171344166
wikipedia,KFC_v2,static,0.7047721344176768,0.09748892171344166
wikipedia,KFC_v2,static,0.7049255792542581,0.09748892171344166
wikipedia,KFC_v2,static,0.7050790240908393,0.09748892171344166
wikipedia,KFC_v2,static,0.7052324689274206,0.09748892171344166
wikipedia,KFC_v2,static,0.7053859137640018,0.09748892171344166
wikipedia,KFC_v2,static,0.7055393586005831,0.09748892171344166
wikipedia,KFC_v2,static,0.7056928034371643,0.09748892171344166
wikipedia,KFC_v2,static,0.7058462482737456,0.09748892171344166
wikipedia,KFC_v2,static,0.7059996931103268,0.09748892171344166
wikipedia,KFC_v2,static,0.7061531379469081,0.09748892171344166
wikipedia,KFC_v2,static,0.7063065827834893,0.09748892171344166
wikipedia,KFC_v2,static,0.7064600276200707,0.09748892171344166
wikipedia,KFC_v2,static,0.7066134724566518,0.09748892171344166
wikipedia,KFC_v2,static,0.7067669172932332,0.09748892171344166
wikipedia,KFC_v2,static,0.7069203621298144,0.09748892171344166
wikipedia,KFC_v2,static,0.7070738069663957,0.09748892171344166
wikipedia,KFC_v2,static,0.7072272518029769,0.09748892171344166
wikipedia,KFC_v2,static,0.7073806966395582,0.09748892171344166
wikipedia,KFC_v2,static,0.7075341414761394,0.09453471196454949
wikipedia,KFC_v2,static,0.7076875863127207,0.09453471196454949
wikipedia,KFC_v2,static,0.7078410311493019,0.09453471196454949
wikipedia,KFC_v2,static,0.7079944759858832,0.09453471196454949
wikipedia,KFC_v2,static,0.7081479208224644,0.09453471196454949
wikipedia,KFC_v2,static,0.7083013656590456,0.09453471196454949
wikipedia,KFC_v2,static,0.7084548104956269,0.09453471196454949
wikipedia,KFC_v2,static,0.7086082553322081,0.09453471196454949
wikipedia,KFC_v2,static,0.7087617001687894,0.09453471196454949
wikipedia,KFC_v2,static,0.7089151450053706,0.09453471196454949
wikipedia,KFC_v2,static,0.7090685898419519,0.09453471196454949
wikipedia,KFC_v2,static,0.7092220346785331,0.09453471196454949
wikipedia,KFC_v2,static,0.7093754795151144,0.09453471196454949
wikipedia,KFC_v2,static,0.7095289243516956,0.0930576070901034
wikipedia,KFC_v2,static,0.7096823691882769,0.0930576070901034
wikipedia,KFC_v2,static,0.7098358140248581,0.0930576070901034
wikipedia,KFC_v2,static,0.7099892588614394,0.0930576070901034
wikipedia,KFC_v2,static,0.7101427036980206,0.0930576070901034
wikipedia,KFC_v2,static,0.7102961485346019,0.0930576070901034
wikipedia,KFC_v2,static,0.7104495933711831,0.0930576070901034
wikipedia,KFC_v2,static,0.7106030382077644,0.0930576070901034
wikipedia,KFC_v2,static,0.7107564830443456,0.0930576070901034
wikipedia,KFC_v2,static,0.7109099278809269,0.0930576070901034
wikipedia,KFC_v2,static,0.7110633727175081,0.0930576070901034
wikipedia,KFC_v2,static,0.7112168175540894,0.0930576070901034
wikipedia,KFC_v2,static,0.7113702623906706,0.0930576070901034
wikipedia,KFC_v2,static,0.7115237072272519,0.0930576070901034
wikipedia,KFC_v2,static,0.7116771520638331,0.0930576070901034
wikipedia,KFC_v2,static,0.7118305969004143,0.0930576070901034
wikipedia,KFC_v2,static,0.7119840417369956,0.0930576070901034
wikipedia,KFC_v2,static,0.7121374865735768,0.0930576070901034
wikipedia,KFC_v2,static,0.7122909314101581,0.0930576070901034
wikipedia,KFC_v2,static,0.7124443762467393,0.0930576070901034
wikipedia,KFC_v2,static,0.7125978210833206,0.0930576070901034
wikipedia,KFC_v2,static,0.7127512659199018,0.0930576070901034
wikipedia,KFC_v2,static,0.7129047107564831,0.0930576070901034
wikipedia,KFC_v2,static,0.7130581555930643,0.0930576070901034
wikipedia,KFC_v2,static,0.7132116004296456,0.0930576070901034
wikipedia,KFC_v2,static,0.7133650452662268,0.0930576070901034
wikipedia,KFC_v2,static,0.7135184901028081,0.0930576070901034
wikipedia,KFC_v2,static,0.7136719349393893,0.0930576070901034
wikipedia,KFC_v2,static,0.7138253797759706,0.0930576070901034
wikipedia,KFC_v2,static,0.7139788246125518,0.0930576070901034
wikipedia,KFC_v2,static,0.7141322694491331,0.0930576070901034
wikipedia,KFC_v2,static,0.7142857142857143,0.0930576070901034
wikipedia,KFC_v2,static,0.7144391591222956,0.0930576070901034
wikipedia,KFC_v2,static,0.7145926039588768,0.0930576070901034
wikipedia,KFC_v2,static,0.7147460487954581,0.0930576070901034
wikipedia,KFC_v2,static,0.7148994936320393,0.0930576070901034
wikipedia,KFC_v2,static,0.7150529384686206,0.0930576070901034
wikipedia,KFC_v2,static,0.7152063833052018,0.0930576070901034
wikipedia,KFC_v2,static,0.7153598281417831,0.0930576070901034
wikipedia,KFC_v2,static,0.7155132729783643,0.0930576070901034
wikipedia,KFC_v2,static,0.7156667178149455,0.0930576070901034
wikipedia,KFC_v2,static,0.7158201626515268,0.0930576070901034
wikipedia,KFC_v2,static,0.715973607488108,0.0930576070901034
wikipedia,KFC_v2,static,0.7161270523246893,0.0930576070901034
wikipedia,KFC_v2,static,0.7162804971612705,0.0930576070901034
wikipedia,KFC_v2,static,0.7164339419978518,0.0930576070901034
wikipedia,KFC_v2,static,0.716587386834433,0.0930576070901034
wikipedia,KFC_v2,static,0.7167408316710143,0.0930576070901034
wikipedia,KFC_v2,static,0.7168942765075955,0.0930576070901034
wikipedia,KFC_v2,static,0.7170477213441768,0.0930576070901034
wikipedia,KFC_v2,static,0.717201166180758,0.0930576070901034
wikipedia,KFC_v2,static,0.7173546110173393,0.0930576070901034
wikipedia,KFC_v2,static,0.7175080558539205,0.0930576070901034
wikipedia,KFC_v2,static,0.7176615006905018,0.0930576070901034
wikipedia,KFC_v2,static,0.717814945527083,0.0930576070901034
wikipedia,KFC_v2,static,0.7179683903636643,0.0930576070901034
wikipedia,KFC_v2,static,0.7181218352002455,0.0930576070901034
wikipedia,KFC_v2,static,0.7182752800368268,0.0930576070901034
wikipedia,KFC_v2,static,0.718428724873408,0.0930576070901034
wikipedia,KFC_v2,static,0.7185821697099893,0.0930576070901034
wikipedia,KFC_v2,static,0.7187356145465705,0.0930576070901034
wikipedia,KFC_v2,static,0.7188890593831518,0.0930576070901034
wikipedia,KFC_v2,static,0.719042504219733,0.0930576070901034
wikipedia,KFC_v2,static,0.7191959490563143,0.0930576070901034
wikipedia,KFC_v2,static,0.7193493938928955,0.0930576070901034
wikipedia,KFC_v2,static,0.7195028387294767,0.0930576070901034
wikipedia,KFC_v2,static,0.719656283566058,0.0930576070901034
wikipedia,KFC_v2,static,0.7198097284026392,0.0930576070901034
wikipedia,KFC_v2,static,0.7199631732392205,0.0930576070901034
wikipedia,KFC_v2,static,0.7201166180758017,0.0930576070901034
wikipedia,KFC_v2,static,0.720270062912383,0.0930576070901034
wikipedia,KFC_v2,static,0.7204235077489642,0.0930576070901034
wikipedia,KFC_v2,static,0.7205769525855455,0.0930576070901034
wikipedia,KFC_v2,static,0.7207303974221267,0.0930576070901034
wikipedia,KFC_v2,static,0.720883842258708,0.0930576070901034
wikipedia,KFC_v2,static,0.7210372870952892,0.0930576070901034
wikipedia,KFC_v2,static,0.7211907319318706,0.0930576070901034
wikipedia,KFC_v2,static,0.7213441767684518,0.0930576070901034
wikipedia,KFC_v2,static,0.7214976216050331,0.0930576070901034
wikipedia,KFC_v2,static,0.7216510664416143,0.0930576070901034
wikipedia,KFC_v2,static,0.7218045112781956,0.0915805022156573
wikipedia,KFC_v2,static,0.7219579561147768,0.0915805022156573
wikipedia,KFC_v2,static,0.7221114009513581,0.0915805022156573
wikipedia,KFC_v2,static,0.7222648457879393,0.0915805022156573
wikipedia,KFC_v2,static,0.7224182906245206,0.0915805022156573
wikipedia,KFC_v2,static,0.7225717354611018,0.0915805022156573
wikipedia,KFC_v2,static,0.7227251802976831,0.0915805022156573
wikipedia,KFC_v2,static,0.7228786251342643,0.0915805022156573
wikipedia,KFC_v2,static,0.7230320699708456,0.0915805022156573
wikipedia,KFC_v2,static,0.7231855148074268,0.0915805022156573
wikipedia,KFC_v2,static,0.723338959644008,0.0915805022156573
wikipedia,KFC_v2,static,0.7234924044805893,0.0915805022156573
wikipedia,KFC_v2,static,0.7236458493171705,0.0915805022156573
wikipedia,KFC_v2,static,0.7237992941537518,0.0915805022156573
wikipedia,KFC_v2,static,0.723952738990333,0.0915805022156573
wikipedia,KFC_v2,static,0.7241061838269143,0.0915805022156573
wikipedia,KFC_v2,static,0.7242596286634955,0.0915805022156573
wikipedia,KFC_v2,static,0.7244130735000768,0.0915805022156573
wikipedia,KFC_v2,static,0.724566518336658,0.0915805022156573
wikipedia,KFC_v2,static,0.7247199631732393,0.0915805022156573
wikipedia,KFC_v2,static,0.7248734080098205,0.0915805022156573
wikipedia,KFC_v2,static,0.7250268528464018,0.0915805022156573
wikipedia,KFC_v2,static,0.725180297682983,0.0915805022156573
wikipedia,KFC_v2,static,0.7253337425195643,0.0915805022156573
wikipedia,KFC_v2,static,0.7254871873561455,0.0915805022156573
wikipedia,KFC_v2,static,0.7256406321927268,0.0915805022156573
wikipedia,KFC_v2,static,0.725794077029308,0.0915805022156573
wikipedia,KFC_v2,static,0.7259475218658893,0.0915805022156573
wikipedia,KFC_v2,static,0.7261009667024705,0.0915805022156573
wikipedia,KFC_v2,static,0.7262544115390518,0.0915805022156573
wikipedia,KFC_v2,static,0.726407856375633,0.0915805022156573
wikipedia,KFC_v2,static,0.7265613012122143,0.0915805022156573
wikipedia,KFC_v2,static,0.7267147460487955,0.0915805022156573
wikipedia,KFC_v2,static,0.7268681908853768,0.0915805022156573
wikipedia,KFC_v2,static,0.727021635721958,0.0915805022156573
wikipedia,KFC_v2,static,0.7271750805585392,0.0915805022156573
wikipedia,KFC_v2,static,0.7273285253951205,0.0915805022156573
wikipedia,KFC_v2,static,0.7274819702317017,0.0915805022156573
wikipedia,KFC_v2,static,0.727635415068283,0.0915805022156573
wikipedia,KFC_v2,static,0.7277888599048642,0.0915805022156573
wikipedia,KFC_v2,static,0.7279423047414455,0.0915805022156573
wikipedia,KFC_v2,static,0.7280957495780267,0.0915805022156573
wikipedia,KFC_v2,static,0.728249194414608,0.0915805022156573
wikipedia,KFC_v2,static,0.7284026392511892,0.0915805022156573
wikipedia,KFC_v2,static,0.7285560840877705,0.0915805022156573
wikipedia,KFC_v2,static,0.7287095289243517,0.0915805022156573
wikipedia,KFC_v2,static,0.728862973760933,0.0915805022156573
wikipedia,KFC_v2,static,0.7290164185975142,0.0915805022156573
wikipedia,KFC_v2,static,0.7291698634340955,0.0915805022156573
wikipedia,KFC_v2,static,0.7293233082706767,0.0915805022156573
wikipedia,KFC_v2,static,0.729476753107258,0.0915805022156573
wikipedia,KFC_v2,static,0.7296301979438392,0.0915805022156573
wikipedia,KFC_v2,static,0.7297836427804205,0.0915805022156573
wikipedia,KFC_v2,static,0.7299370876170017,0.0915805022156573
wikipedia,KFC_v2,static,0.730090532453583,0.0915805022156573
wikipedia,KFC_v2,static,0.7302439772901642,0.0915805022156573
wikipedia,KFC_v2,static,0.7303974221267455,0.0915805022156573
wikipedia,KFC_v2,static,0.7305508669633267,0.09010339734121123
wikipedia,KFC_v2,static,0.730704311799908,0.09010339734121123
wikipedia,KFC_v2,static,0.7308577566364892,0.09010339734121123
wikipedia,KFC_v2,static,0.7310112014730704,0.09010339734121123
wikipedia,KFC_v2,static,0.7311646463096517,0.09010339734121123
wikipedia,KFC_v2,static,0.7313180911462329,0.09010339734121123
wikipedia,KFC_v2,static,0.7314715359828142,0.09010339734121123
wikipedia,KFC_v2,static,0.7316249808193954,0.09010339734121123
wikipedia,KFC_v2,static,0.7317784256559767,0.09010339734121123
wikipedia,KFC_v2,static,0.7319318704925579,0.09010339734121123
wikipedia,KFC_v2,static,0.7320853153291392,0.09010339734121123
wikipedia,KFC_v2,static,0.7322387601657204,0.09010339734121123
wikipedia,KFC_v2,static,0.7323922050023017,0.09010339734121123
wikipedia,KFC_v2,static,0.7325456498388829,0.09010339734121123
wikipedia,KFC_v2,static,0.7326990946754642,0.09010339734121123
wikipedia,KFC_v2,static,0.7328525395120454,0.09010339734121123
wikipedia,KFC_v2,static,0.7330059843486267,0.09010339734121123
wikipedia,KFC_v2,static,0.7331594291852079,0.09010339734121123
wikipedia,KFC_v2,static,0.7333128740217892,0.09010339734121123
wikipedia,KFC_v2,static,0.7334663188583704,0.09010339734121123
wikipedia,KFC_v2,static,0.7336197636949517,0.09010339734121123
wikipedia,KFC_v2,static,0.7337732085315329,0.09010339734121123
wikipedia,KFC_v2,static,0.7339266533681142,0.09010339734121123
wikipedia,KFC_v2,static,0.7340800982046954,0.09010339734121123
wikipedia,KFC_v2,static,0.7342335430412767,0.09010339734121123
wikipedia,KFC_v2,static,0.7343869878778579,0.09010339734121123
wikipedia,KFC_v2,static,0.7345404327144391,0.09010339734121123
wikipedia,KFC_v2,static,0.7346938775510204,0.09010339734121123
wikipedia,KFC_v2,static,0.7348473223876016,0.09010339734121123
wikipedia,KFC_v2,static,0.735000767224183,0.09010339734121123
wikipedia,KFC_v2,static,0.7351542120607641,0.09010339734121123
wikipedia,KFC_v2,static,0.7353076568973455,0.09010339734121123
wikipedia,KFC_v2,static,0.7354611017339266,0.09010339734121123
wikipedia,KFC_v2,static,0.735614546570508,0.09010339734121123
wikipedia,KFC_v2,static,0.7357679914070892,0.09010339734121123
wikipedia,KFC_v2,static,0.7359214362436705,0.09010339734121123
wikipedia,KFC_v2,static,0.7360748810802517,0.09010339734121123
wikipedia,KFC_v2,static,0.736228325916833,0.09010339734121123
wikipedia,KFC_v2,static,0.7363817707534142,0.09010339734121123
wikipedia,KFC_v2,static,0.7365352155899955,0.09010339734121123
wikipedia,KFC_v2,static,0.7366886604265767,0.09010339734121123
wikipedia,KFC_v2,static,0.736842105263158,0.09010339734121123
wikipedia,KFC_v2,static,0.7369955500997392,0.09010339734121123
wikipedia,KFC_v2,static,0.7371489949363205,0.09010339734121123
wikipedia,KFC_v2,static,0.7373024397729017,0.09010339734121123
wikipedia,KFC_v2,static,0.737455884609483,0.09010339734121123
wikipedia,KFC_v2,static,0.7376093294460642,0.09010339734121123
wikipedia,KFC_v2,static,0.7377627742826455,0.09010339734121123
wikipedia,KFC_v2,static,0.7379162191192267,0.09010339734121123
wikipedia,KFC_v2,static,0.738069663955808,0.09010339734121123
wikipedia,KFC_v2,static,0.7382231087923892,0.09010339734121123
wikipedia,KFC_v2,static,0.7383765536289704,0.09010339734121123
wikipedia,KFC_v2,static,0.7385299984655517,0.09010339734121123
wikipedia,KFC_v2,static,0.7386834433021329,0.09010339734121123
wikipedia,KFC_v2,static,0.7388368881387142,0.09010339734121123
wikipedia,KFC_v2,static,0.7389903329752954,0.09010339734121123
wikipedia,KFC_v2,static,0.7391437778118767,0.09010339734121123
wikipedia,KFC_v2,static,0.7392972226484579,0.09010339734121123
wikipedia,KFC_v2,static,0.7394506674850392,0.09010339734121123
wikipedia,KFC_v2,static,0.7396041123216204,0.09010339734121123
wikipedia,KFC_v2,static,0.7397575571582017,0.09010339734121123
wikipedia,KFC_v2,static,0.7399110019947829,0.09010339734121123
wikipedia,KFC_v2,static,0.7400644468313642,0.09010339734121123
wikipedia,KFC_v2,static,0.7402178916679454,0.09010339734121123
wikipedia,KFC_v2,static,0.7403713365045267,0.09010339734121123
wikipedia,KFC_v2,static,0.7405247813411079,0.09010339734121123
wikipedia,KFC_v2,static,0.7406782261776892,0.09010339734121123
wikipedia,KFC_v2,static,0.7408316710142704,0.09010339734121123
wikipedia,KFC_v2,static,0.7409851158508517,0.09010339734121123
wikipedia,KFC_v2,static,0.7411385606874329,0.09010339734121123
wikipedia,KFC_v2,static,0.7412920055240142,0.09010339734121123
wikipedia,KFC_v2,static,0.7414454503605954,0.09010339734121123
wikipedia,KFC_v2,static,0.7415988951971767,0.09010339734121123
wikipedia,KFC_v2,static,0.7417523400337579,0.09010339734121123
wikipedia,KFC_v2,static,0.7419057848703392,0.09010339734121123
wikipedia,KFC_v2,static,0.7420592297069204,0.09010339734121123
wikipedia,KFC_v2,static,0.7422126745435016,0.09010339734121123
wikipedia,KFC_v2,static,0.7423661193800829,0.09010339734121123
wikipedia,KFC_v2,static,0.7425195642166641,0.09010339734121123
wikipedia,KFC_v2,static,0.7426730090532454,0.09010339734121123
wikipedia,KFC_v2,static,0.7428264538898266,0.09010339734121123
wikipedia,KFC_v2,static,0.7429798987264079,0.09010339734121123
wikipedia,KFC_v2,static,0.7431333435629891,0.09010339734121123
wikipedia,KFC_v2,static,0.7432867883995704,0.09010339734121123
wikipedia,KFC_v2,static,0.7434402332361516,0.09010339734121123
wikipedia,KFC_v2,static,0.7435936780727329,0.09010339734121123
wikipedia,KFC_v2,static,0.7437471229093141,0.09010339734121123
wikipedia,KFC_v2,static,0.7439005677458954,0.09010339734121123
wikipedia,KFC_v2,static,0.7440540125824766,0.09010339734121123
wikipedia,KFC_v2,static,0.7442074574190579,0.09010339734121123
wikipedia,KFC_v2,static,0.7443609022556391,0.09010339734121123
wikipedia,KFC_v2,static,0.7445143470922204,0.09010339734121123
wikipedia,KFC_v2,static,0.7446677919288016,0.09010339734121123
wikipedia,KFC_v2,static,0.7448212367653829,0.09010339734121123
wikipedia,KFC_v2,static,0.7449746816019641,0.09010339734121123
wikipedia,KFC_v2,static,0.7451281264385454,0.09010339734121123
wikipedia,KFC_v2,static,0.7452815712751266,0.09010339734121123
wikipedia,KFC_v2,static,0.7454350161117079,0.09010339734121123
wikipedia,KFC_v2,static,0.7455884609482891,0.09010339734121123
wikipedia,KFC_v2,static,0.7457419057848704,0.09010339734121123
wikipedia,KFC_v2,static,0.7458953506214516,0.09010339734121123
wikipedia,KFC_v2,static,0.7460487954580328,0.09010339734121123
wikipedia,KFC_v2,static,0.7462022402946141,0.09010339734121123
wikipedia,KFC_v2,static,0.7463556851311953,0.09010339734121123
wikipedia,KFC_v2,static,0.7465091299677766,0.09010339734121123
wikipedia,KFC_v2,static,0.7466625748043578,0.09010339734121123
wikipedia,KFC_v2,static,0.7468160196409391,0.09010339734121123
wikipedia,KFC_v2,static,0.7469694644775203,0.09010339734121123
wikipedia,KFC_v2,static,0.7471229093141016,0.09010339734121123
wikipedia,KFC_v2,static,0.7472763541506828,0.09010339734121123
wikipedia,KFC_v2,static,0.7474297989872641,0.09010339734121123
wikipedia,KFC_v2,static,0.7475832438238453,0.09010339734121123
wikipedia,KFC_v2,static,0.7477366886604266,0.09010339734121123
wikipedia,KFC_v2,static,0.7478901334970078,0.09010339734121123
wikipedia,KFC_v2,static,0.7480435783335891,0.09010339734121123
wikipedia,KFC_v2,static,0.7481970231701703,0.09010339734121123
wikipedia,KFC_v2,static,0.7483504680067516,0.09010339734121123
wikipedia,KFC_v2,static,0.7485039128433328,0.09010339734121123
wikipedia,KFC_v2,static,0.7486573576799141,0.09010339734121123
wikipedia,KFC_v2,static,0.7488108025164953,0.09010339734121123
wikipedia,KFC_v2,static,0.7489642473530767,0.09010339734121123
wikipedia,KFC_v2,static,0.7491176921896578,0.09010339734121123
wikipedia,KFC_v2,static,0.7492711370262392,0.09010339734121123
wikipedia,KFC_v2,static,0.7494245818628203,0.09010339734121123
wikipedia,KFC_v2,static,0.7495780266994017,0.09010339734121123
wikipedia,KFC_v2,static,0.7497314715359829,0.09010339734121123
wikipedia,KFC_v2,static,0.749884916372564,0.09010339734121123
wikipedia,KFC_v2,static,0.7500383612091454,0.09010339734121123
wikipedia,KFC_v2,static,0.7501918060457266,0.09010339734121123
wikipedia,KFC_v2,static,0.7503452508823079,0.09010339734121123
wikipedia,KFC_v2,static,0.750498695718889,0.09010339734121123
wikipedia,KFC_v2,static,0.7506521405554704,0.09010339734121123
wikipedia,KFC_v2,static,0.7508055853920516,0.09010339734121123
wikipedia,KFC_v2,static,0.7509590302286329,0.09010339734121123
wikipedia,KFC_v2,static,0.7511124750652141,0.09010339734121123
wikipedia,KFC_v2,static,0.7512659199017954,0.09010339734121123
wikipedia,KFC_v2,static,0.7514193647383766,0.09010339734121123
wikipedia,KFC_v2,static,0.7515728095749579,0.09010339734121123
wikipedia,KFC_v2,static,0.7517262544115391,0.09010339734121123
wikipedia,KFC_v2,static,0.7518796992481204,0.09010339734121123
wikipedia,KFC_v2,static,0.7520331440847016,0.09010339734121123
wikipedia,KFC_v2,static,0.7521865889212829,0.09010339734121123
wikipedia,KFC_v2,static,0.7523400337578641,0.09010339734121123
wikipedia,KFC_v2,static,0.7524934785944454,0.09010339734121123
wikipedia,KFC_v2,static,0.7526469234310266,0.09010339734121123
wikipedia,KFC_v2,static,0.7528003682676079,0.09010339734121123
wikipedia,KFC_v2,static,0.7529538131041891,0.09010339734121123
wikipedia,KFC_v2,static,0.7531072579407704,0.09010339734121123
wikipedia,KFC_v2,static,0.7532607027773516,0.09010339734121123
wikipedia,KFC_v2,static,0.7534141476139329,0.09010339734121123
wikipedia,KFC_v2,static,0.7535675924505141,0.09010339734121123
wikipedia,KFC_v2,static,0.7537210372870953,0.09010339734121123
wikipedia,KFC_v2,static,0.7538744821236766,0.09010339734121123
wikipedia,KFC_v2,static,0.7540279269602578,0.09010339734121123
wikipedia,KFC_v2,static,0.7541813717968391,0.09010339734121123
wikipedia,KFC_v2,static,0.7543348166334203,0.09010339734121123
wikipedia,KFC_v2,static,0.7544882614700016,0.09010339734121123
wikipedia,KFC_v2,static,0.7546417063065828,0.09010339734121123
wikipedia,KFC_v2,static,0.7547951511431641,0.09010339734121123
wikipedia,KFC_v2,static,0.7549485959797453,0.09010339734121123
wikipedia,KFC_v2,static,0.7551020408163266,0.09010339734121123
wikipedia,KFC_v2,static,0.7552554856529078,0.09010339734121123
wikipedia,KFC_v2,static,0.7554089304894891,0.09010339734121123
wikipedia,KFC_v2,static,0.7555623753260703,0.09010339734121123
wikipedia,KFC_v2,static,0.7557158201626516,0.09010339734121123
wikipedia,KFC_v2,static,0.7558692649992328,0.09010339734121123
wikipedia,KFC_v2,static,0.7560227098358141,0.09010339734121123
wikipedia,KFC_v2,static,0.7561761546723953,0.09010339734121123
wikipedia,KFC_v2,static,0.7563295995089766,0.09010339734121123
wikipedia,KFC_v2,static,0.7564830443455578,0.09010339734121123
wikipedia,KFC_v2,static,0.7566364891821391,0.09010339734121123
wikipedia,KFC_v2,static,0.7567899340187203,0.09010339734121123
wikipedia,KFC_v2,static,0.7569433788553016,0.09010339734121123
wikipedia,KFC_v2,static,0.7570968236918828,0.09010339734121123
wikipedia,KFC_v2,static,0.757250268528464,0.09010339734121123
wikipedia,KFC_v2,static,0.7574037133650453,0.09010339734121123
wikipedia,KFC_v2,static,0.7575571582016265,0.09010339734121123
wikipedia,KFC_v2,static,0.7577106030382078,0.08862629246676514
wikipedia,KFC_v2,static,0.757864047874789,0.08862629246676514
wikipedia,KFC_v2,static,0.7580174927113703,0.08862629246676514
wikipedia,KFC_v2,static,0.7581709375479515,0.08862629246676514
wikipedia,KFC_v2,static,0.7583243823845328,0.08862629246676514
wikipedia,KFC_v2,static,0.758477827221114,0.08862629246676514
wikipedia,KFC_v2,static,0.7586312720576953,0.08862629246676514
wikipedia,KFC_v2,static,0.7587847168942765,0.08862629246676514
wikipedia,KFC_v2,static,0.7589381617308578,0.08862629246676514
wikipedia,KFC_v2,static,0.759091606567439,0.08862629246676514
wikipedia,KFC_v2,static,0.7592450514040203,0.08862629246676514
wikipedia,KFC_v2,static,0.7593984962406015,0.08862629246676514
wikipedia,KFC_v2,static,0.7595519410771828,0.08862629246676514
wikipedia,KFC_v2,static,0.759705385913764,0.08862629246676514
wikipedia,KFC_v2,static,0.7598588307503453,0.08862629246676514
wikipedia,KFC_v2,static,0.7600122755869265,0.08862629246676514
wikipedia,KFC_v2,static,0.7601657204235078,0.08862629246676514
wikipedia,KFC_v2,static,0.760319165260089,0.08862629246676514
wikipedia,KFC_v2,static,0.7604726100966703,0.08862629246676514
wikipedia,KFC_v2,static,0.7606260549332515,0.08714918759231906
wikipedia,KFC_v2,static,0.7607794997698328,0.08714918759231906
wikipedia,KFC_v2,static,0.760932944606414,0.08714918759231906
wikipedia,KFC_v2,static,0.7610863894429952,0.08714918759231906
wikipedia,KFC_v2,static,0.7612398342795765,0.08714918759231906
wikipedia,KFC_v2,static,0.7613932791161577,0.08714918759231906
wikipedia,KFC_v2,static,0.761546723952739,0.08714918759231906
wikipedia,KFC_v2,static,0.7617001687893202,0.08714918759231906
wikipedia,KFC_v2,static,0.7618536136259015,0.08714918759231906
wikipedia,KFC_v2,static,0.7620070584624827,0.08714918759231906
wikipedia,KFC_v2,static,0.762160503299064,0.08714918759231906
wikipedia,KFC_v2,static,0.7623139481356452,0.08714918759231906
wikipedia,KFC_v2,static,0.7624673929722265,0.08714918759231906
wikipedia,KFC_v2,static,0.7626208378088077,0.08714918759231906
wikipedia,KFC_v2,static,0.762774282645389,0.08714918759231906
wikipedia,KFC_v2,static,0.7629277274819702,0.08714918759231906
wikipedia,KFC_v2,static,0.7630811723185515,0.08714918759231906
wikipedia,KFC_v2,static,0.7632346171551327,0.08714918759231906
wikipedia,KFC_v2,static,0.763388061991714,0.08714918759231906
wikipedia,KFC_v2,static,0.7635415068282952,0.08714918759231906
wikipedia,KFC_v2,static,0.7636949516648766,0.08714918759231906
wikipedia,KFC_v2,static,0.7638483965014577,0.08714918759231906
wikipedia,KFC_v2,static,0.7640018413380391,0.08714918759231906
wikipedia,KFC_v2,static,0.7641552861746203,0.08714918759231906
wikipedia,KFC_v2,static,0.7643087310112016,0.08714918759231906
wikipedia,KFC_v2,static,0.7644621758477828,0.08714918759231906
wikipedia,KFC_v2,static,0.7646156206843641,0.08714918759231906
wikipedia,KFC_v2,static,0.7647690655209453,0.08714918759231906
wikipedia,KFC_v2,static,0.7649225103575265,0.08714918759231906
wikipedia,KFC_v2,static,0.7650759551941078,0.08714918759231906
wikipedia,KFC_v2,static,0.765229400030689,0.08714918759231906
wikipedia,KFC_v2,static,0.7653828448672703,0.08567208271787297
wikipedia,KFC_v2,static,0.7655362897038515,0.08567208271787297
wikipedia,KFC_v2,static,0.7656897345404328,0.08567208271787297
wikipedia,KFC_v2,static,0.765843179377014,0.08567208271787297
wikipedia,KFC_v2,static,0.7659966242135953,0.08567208271787297
wikipedia,KFC_v2,static,0.7661500690501765,0.08567208271787297
wikipedia,KFC_v2,static,0.7663035138867578,0.08567208271787297
wikipedia,KFC_v2,static,0.766456958723339,0.08567208271787297
wikipedia,KFC_v2,static,0.7666104035599203,0.08567208271787297
wikipedia,KFC_v2,static,0.7667638483965015,0.08567208271787297
wikipedia,KFC_v2,static,0.7669172932330828,0.08567208271787297
wikipedia,KFC_v2,static,0.767070738069664,0.08567208271787297
wikipedia,KFC_v2,static,0.7672241829062453,0.08567208271787297
wikipedia,KFC_v2,static,0.7673776277428265,0.08567208271787297
wikipedia,KFC_v2,static,0.7675310725794078,0.08567208271787297
wikipedia,KFC_v2,static,0.767684517415989,0.08567208271787297
wikipedia,KFC_v2,static,0.7678379622525703,0.08567208271787297
wikipedia,KFC_v2,static,0.7679914070891515,0.08419497784342689
wikipedia,KFC_v2,static,0.7681448519257328,0.08419497784342689
wikipedia,KFC_v2,static,0.768298296762314,0.08419497784342689
wikipedia,KFC_v2,static,0.7684517415988953,0.08419497784342689
wikipedia,KFC_v2,static,0.7686051864354765,0.08419497784342689
wikipedia,KFC_v2,static,0.7687586312720577,0.08419497784342689
wikipedia,KFC_v2,static,0.768912076108639,0.08419497784342689
wikipedia,KFC_v2,static,0.7690655209452202,0.08419497784342689
wikipedia,KFC_v2,static,0.7692189657818015,0.08419497784342689
wikipedia,KFC_v2,static,0.7693724106183827,0.08419497784342689
wikipedia,KFC_v2,static,0.769525855454964,0.08419497784342689
wikipedia,KFC_v2,static,0.7696793002915452,0.08419497784342689
wikipedia,KFC_v2,static,0.7698327451281265,0.08419497784342689
wikipedia,KFC_v2,static,0.7699861899647077,0.08419497784342689
wikipedia,KFC_v2,static,0.770139634801289,0.08419497784342689
wikipedia,KFC_v2,static,0.7702930796378702,0.08419497784342689
wikipedia,KFC_v2,static,0.7704465244744515,0.08419497784342689
wikipedia,KFC_v2,static,0.7705999693110327,0.08419497784342689
wikipedia,KFC_v2,static,0.770753414147614,0.08419497784342689
wikipedia,KFC_v2,static,0.7709068589841952,0.08419497784342689
wikipedia,KFC_v2,static,0.7710603038207765,0.08419497784342689
wikipedia,KFC_v2,static,0.7712137486573577,0.08419497784342689
wikipedia,KFC_v2,static,0.771367193493939,0.08419497784342689
wikipedia,KFC_v2,static,0.7715206383305202,0.08419497784342689
wikipedia,KFC_v2,static,0.7716740831671015,0.08419497784342689
wikipedia,KFC_v2,static,0.7718275280036827,0.08419497784342689
wikipedia,KFC_v2,static,0.771980972840264,0.08419497784342689
wikipedia,KFC_v2,static,0.7721344176768452,0.08419497784342689
wikipedia,KFC_v2,static,0.7722878625134265,0.08419497784342689
wikipedia,KFC_v2,static,0.7724413073500077,0.08419497784342689
wikipedia,KFC_v2,static,0.7725947521865889,0.08419497784342689
wikipedia,KFC_v2,static,0.7727481970231702,0.08419497784342689
wikipedia,KFC_v2,static,0.7729016418597514,0.08419497784342689
wikipedia,KFC_v2,static,0.7730550866963327,0.08419497784342689
wikipedia,KFC_v2,static,0.7732085315329139,0.08419497784342689
wikipedia,KFC_v2,static,0.7733619763694952,0.08419497784342689
wikipedia,KFC_v2,static,0.7735154212060764,0.08419497784342689
wikipedia,KFC_v2,static,0.7736688660426577,0.08419497784342689
wikipedia,KFC_v2,static,0.7738223108792389,0.0827178729689808
wikipedia,KFC_v2,static,0.7739757557158202,0.0827178729689808
wikipedia,KFC_v2,static,0.7741292005524014,0.0827178729689808
wikipedia,KFC_v2,static,0.7742826453889827,0.0827178729689808
wikipedia,KFC_v2,static,0.7744360902255639,0.0827178729689808
wikipedia,KFC_v2,static,0.7745895350621452,0.0827178729689808
wikipedia,KFC_v2,static,0.7747429798987264,0.0827178729689808
wikipedia,KFC_v2,static,0.7748964247353077,0.0827178729689808
wikipedia,KFC_v2,static,0.7750498695718889,0.0827178729689808
wikipedia,KFC_v2,static,0.7752033144084702,0.0827178729689808
wikipedia,KFC_v2,static,0.7753567592450514,0.0827178729689808
wikipedia,KFC_v2,static,0.7755102040816327,0.0827178729689808
wikipedia,KFC_v2,static,0.7756636489182139,0.0827178729689808
wikipedia,KFC_v2,static,0.7758170937547952,0.0827178729689808
wikipedia,KFC_v2,static,0.7759705385913764,0.0827178729689808
wikipedia,KFC_v2,static,0.7761239834279577,0.0827178729689808
wikipedia,KFC_v2,static,0.7762774282645389,0.0827178729689808
wikipedia,KFC_v2,static,0.7764308731011201,0.0827178729689808
wikipedia,KFC_v2,static,0.7765843179377014,0.0827178729689808
wikipedia,KFC_v2,static,0.7767377627742826,0.0827178729689808
wikipedia,KFC_v2,static,0.7768912076108639,0.0827178729689808
wikipedia,KFC_v2,static,0.7770446524474451,0.0827178729689808
wikipedia,KFC_v2,static,0.7771980972840264,0.0827178729689808
wikipedia,KFC_v2,static,0.7773515421206076,0.0827178729689808
wikipedia,KFC_v2,static,0.777504986957189,0.0827178729689808
wikipedia,KFC_v2,static,0.7776584317937701,0.0827178729689808
wikipedia,KFC_v2,static,0.7778118766303515,0.0827178729689808
wikipedia,KFC_v2,static,0.7779653214669326,0.0827178729689808
wikipedia,KFC_v2,static,0.778118766303514,0.0827178729689808
wikipedia,KFC_v2,static,0.7782722111400951,0.0827178729689808
wikipedia,KFC_v2,static,0.7784256559766765,0.0827178729689808
wikipedia,KFC_v2,static,0.7785791008132577,0.0827178729689808
wikipedia,KFC_v2,static,0.778732545649839,0.0827178729689808
wikipedia,KFC_v2,static,0.7788859904864202,0.0827178729689808
wikipedia,KFC_v2,static,0.7790394353230015,0.0827178729689808
wikipedia,KFC_v2,static,0.7791928801595827,0.0827178729689808
wikipedia,KFC_v2,static,0.779346324996164,0.0827178729689808
wikipedia,KFC_v2,static,0.7794997698327452,0.0827178729689808
wikipedia,KFC_v2,static,0.7796532146693265,0.0827178729689808
wikipedia,KFC_v2,static,0.7798066595059077,0.0827178729689808
wikipedia,KFC_v2,static,0.7799601043424889,0.0827178729689808
wikipedia,KFC_v2,static,0.7801135491790702,0.0827178729689808
wikipedia,KFC_v2,static,0.7802669940156514,0.0827178729689808
wikipedia,KFC_v2,static,0.7804204388522327,0.0827178729689808
wikipedia,KFC_v2,static,0.7805738836888139,0.0827178729689808
wikipedia,KFC_v2,static,0.7807273285253952,0.0827178729689808
wikipedia,KFC_v2,static,0.7808807733619764,0.0827178729689808
wikipedia,KFC_v2,static,0.7810342181985577,0.0827178729689808
wikipedia,KFC_v2,static,0.7811876630351389,0.0827178729689808
wikipedia,KFC_v2,static,0.7813411078717202,0.0827178729689808
wikipedia,KFC_v2,static,0.7814945527083014,0.0827178729689808
wikipedia,KFC_v2,static,0.7816479975448827,0.0827178729689808
wikipedia,KFC_v2,static,0.7818014423814639,0.0827178729689808
wikipedia,KFC_v2,static,0.7819548872180452,0.0827178729689808
wikipedia,KFC_v2,static,0.7821083320546264,0.0827178729689808
wikipedia,KFC_v2,static,0.7822617768912077,0.0827178729689808
wikipedia,KFC_v2,static,0.7824152217277889,0.0827178729689808
wikipedia,KFC_v2,static,0.7825686665643702,0.0827178729689808
wikipedia,KFC_v2,static,0.7827221114009514,0.0827178729689808
wikipedia,KFC_v2,static,0.7828755562375327,0.0827178729689808
wikipedia,KFC_v2,static,0.7830290010741139,0.0827178729689808
wikipedia,KFC_v2,static,0.7831824459106952,0.0827178729689808
wikipedia,KFC_v2,static,0.7833358907472764,0.0827178729689808
wikipedia,KFC_v2,static,0.7834893355838577,0.0827178729689808
wikipedia,KFC_v2,static,0.7836427804204389,0.0827178729689808
wikipedia,KFC_v2,static,0.7837962252570201,0.0827178729689808
wikipedia,KFC_v2,static,0.7839496700936014,0.0827178729689808
wikipedia,KFC_v2,static,0.7841031149301826,0.0827178729689808
wikipedia,KFC_v2,static,0.7842565597667639,0.0827178729689808
wikipedia,KFC_v2,static,0.7844100046033451,0.0827178729689808
wikipedia,KFC_v2,static,0.7845634494399264,0.0827178729689808
wikipedia,KFC_v2,static,0.7847168942765076,0.0827178729689808
wikipedia,KFC_v2,static,0.7848703391130889,0.0827178729689808
wikipedia,KFC_v2,static,0.7850237839496701,0.0827178729689808
wikipedia,KFC_v2,static,0.7851772287862514,0.0827178729689808
wikipedia,KFC_v2,static,0.7853306736228326,0.0827178729689808
wikipedia,KFC_v2,static,0.7854841184594139,0.0827178729689808
wikipedia,KFC_v2,static,0.7856375632959951,0.0827178729689808
wikipedia,KFC_v2,static,0.7857910081325764,0.08124076809453472
wikipedia,KFC_v2,static,0.7859444529691576,0.08124076809453472
wikipedia,KFC_v2,static,0.7860978978057389,0.08124076809453472
wikipedia,KFC_v2,static,0.7862513426423201,0.08124076809453472
wikipedia,KFC_v2,static,0.7864047874789014,0.07976366322008863
wikipedia,KFC_v2,static,0.7865582323154826,0.07976366322008863
wikipedia,KFC_v2,static,0.7867116771520639,0.07976366322008863
wikipedia,KFC_v2,static,0.7868651219886451,0.07976366322008863
wikipedia,KFC_v2,static,0.7870185668252264,0.07976366322008863
wikipedia,KFC_v2,static,0.7871720116618076,0.07976366322008863
wikipedia,KFC_v2,static,0.7873254564983889,0.07976366322008863
wikipedia,KFC_v2,static,0.7874789013349701,0.07976366322008863
wikipedia,KFC_v2,static,0.7876323461715513,0.07976366322008863
wikipedia,KFC_v2,static,0.7877857910081326,0.07976366322008863
wikipedia,KFC_v2,static,0.7879392358447138,0.07976366322008863
wikipedia,KFC_v2,static,0.7880926806812951,0.07976366322008863
wikipedia,KFC_v2,static,0.7882461255178763,0.07976366322008863
wikipedia,KFC_v2,static,0.7883995703544576,0.07976366322008863
wikipedia,KFC_v2,static,0.7885530151910388,0.07976366322008863
wikipedia,KFC_v2,static,0.7887064600276201,0.07976366322008863
wikipedia,KFC_v2,static,0.7888599048642013,0.07976366322008863
wikipedia,KFC_v2,static,0.7890133497007826,0.07976366322008863
wikipedia,KFC_v2,static,0.7891667945373638,0.07976366322008863
wikipedia,KFC_v2,static,0.7893202393739451,0.07976366322008863
wikipedia,KFC_v2,static,0.7894736842105263,0.07976366322008863
wikipedia,KFC_v2,static,0.7896271290471076,0.07976366322008863
wikipedia,KFC_v2,static,0.7897805738836888,0.07976366322008863
wikipedia,KFC_v2,static,0.7899340187202701,0.07976366322008863
wikipedia,KFC_v2,static,0.7900874635568513,0.07976366322008863
wikipedia,KFC_v2,static,0.7902409083934326,0.07976366322008863
wikipedia,KFC_v2,static,0.7903943532300138,0.07976366322008863
wikipedia,KFC_v2,static,0.7905477980665951,0.07976366322008863
wikipedia,KFC_v2,static,0.7907012429031763,0.07976366322008863
wikipedia,KFC_v2,static,0.7908546877397576,0.07976366322008863
wikipedia,KFC_v2,static,0.7910081325763388,0.07976366322008863
wikipedia,KFC_v2,static,0.7911615774129201,0.07976366322008863
wikipedia,KFC_v2,static,0.7913150222495013,0.07976366322008863
wikipedia,KFC_v2,static,0.7914684670860825,0.07976366322008863
wikipedia,KFC_v2,static,0.7916219119226638,0.07976366322008863
wikipedia,KFC_v2,static,0.791775356759245,0.07976366322008863
wikipedia,KFC_v2,static,0.7919288015958263,0.07976366322008863
wikipedia,KFC_v2,static,0.7920822464324075,0.07976366322008863
wikipedia,KFC_v2,static,0.7922356912689889,0.07976366322008863
wikipedia,KFC_v2,static,0.79238913610557,0.07976366322008863
wikipedia,KFC_v2,static,0.7925425809421514,0.07828655834564253
wikipedia,KFC_v2,static,0.7926960257787325,0.07828655834564253
wikipedia,KFC_v2,static,0.7928494706153139,0.07828655834564253
wikipedia,KFC_v2,static,0.793002915451895,0.07828655834564253
wikipedia,KFC_v2,static,0.7931563602884764,0.07828655834564253
wikipedia,KFC_v2,static,0.7933098051250576,0.07828655834564253
wikipedia,KFC_v2,static,0.7934632499616389,0.07828655834564253
wikipedia,KFC_v2,static,0.7936166947982201,0.07828655834564253
wikipedia,KFC_v2,static,0.7937701396348014,0.07828655834564253
wikipedia,KFC_v2,static,0.7939235844713826,0.07828655834564253
wikipedia,KFC_v2,static,0.7940770293079639,0.07828655834564253
wikipedia,KFC_v2,static,0.7942304741445451,0.07828655834564253
wikipedia,KFC_v2,static,0.7943839189811264,0.07828655834564253
wikipedia,KFC_v2,static,0.7945373638177076,0.07828655834564253
wikipedia,KFC_v2,static,0.7946908086542889,0.07828655834564253
wikipedia,KFC_v2,static,0.7948442534908701,0.07828655834564253
wikipedia,KFC_v2,static,0.7949976983274514,0.07828655834564253
wikipedia,KFC_v2,static,0.7951511431640326,0.07828655834564253
wikipedia,KFC_v2,static,0.7953045880006138,0.07828655834564253
wikipedia,KFC_v2,static,0.7954580328371951,0.07828655834564253
wikipedia,KFC_v2,static,0.7956114776737763,0.07828655834564253
wikipedia,KFC_v2,static,0.7957649225103576,0.07828655834564253
wikipedia,KFC_v2,static,0.7959183673469388,0.07828655834564253
wikipedia,KFC_v2,static,0.7960718121835201,0.07828655834564253
wikipedia,KFC_v2,static,0.7962252570201013,0.07828655834564253
wikipedia,KFC_v2,static,0.7963787018566826,0.07828655834564253
wikipedia,KFC_v2,static,0.7965321466932638,0.07828655834564253
wikipedia,KFC_v2,static,0.7966855915298451,0.07828655834564253
wikipedia,KFC_v2,static,0.7968390363664263,0.07828655834564253
wikipedia,KFC_v2,static,0.7969924812030076,0.07828655834564253
wikipedia,KFC_v2,static,0.7971459260395888,0.07828655834564253
wikipedia,KFC_v2,static,0.7972993708761701,0.07828655834564253
wikipedia,KFC_v2,static,0.7974528157127513,0.07828655834564253
wikipedia,KFC_v2,static,0.7976062605493326,0.07828655834564253
wikipedia,KFC_v2,static,0.7977597053859138,0.07828655834564253
wikipedia,KFC_v2,static,0.7979131502224951,0.07828655834564253
wikipedia,KFC_v2,static,0.7980665950590763,0.07828655834564253
wikipedia,KFC_v2,static,0.7982200398956576,0.07828655834564253
wikipedia,KFC_v2,static,0.7983734847322388,0.07828655834564253
wikipedia,KFC_v2,static,0.7985269295688201,0.07828655834564253
wikipedia,KFC_v2,static,0.7986803744054013,0.07828655834564253
wikipedia,KFC_v2,static,0.7988338192419826,0.07828655834564253
wikipedia,KFC_v2,static,0.7989872640785638,0.07828655834564253
wikipedia,KFC_v2,static,0.799140708915145,0.07828655834564253
wikipedia,KFC_v2,static,0.7992941537517263,0.07828655834564253
wikipedia,KFC_v2,static,0.7994475985883075,0.07828655834564253
wikipedia,KFC_v2,static,0.7996010434248888,0.07828655834564253
wikipedia,KFC_v2,static,0.79975448826147,0.07828655834564253
wikipedia,KFC_v2,static,0.7999079330980513,0.07828655834564253
wikipedia,KFC_v2,static,0.8000613779346325,0.07828655834564253
wikipedia,KFC_v2,static,0.8002148227712138,0.07828655834564253
wikipedia,KFC_v2,static,0.800368267607795,0.07828655834564253
wikipedia,KFC_v2,static,0.8005217124443763,0.07828655834564253
wikipedia,KFC_v2,static,0.8006751572809575,0.07828655834564253
wikipedia,KFC_v2,static,0.8008286021175388,0.07828655834564253
wikipedia,KFC_v2,static,0.80098204695412,0.07828655834564253
wikipedia,KFC_v2,static,0.8011354917907013,0.07828655834564253
wikipedia,KFC_v2,static,0.8012889366272825,0.07828655834564253
wikipedia,KFC_v2,static,0.8014423814638638,0.07828655834564253
wikipedia,KFC_v2,static,0.801595826300445,0.07828655834564253
wikipedia,KFC_v2,static,0.8017492711370263,0.07828655834564253
wikipedia,KFC_v2,static,0.8019027159736075,0.07828655834564253
wikipedia,KFC_v2,static,0.8020561608101888,0.07828655834564253
wikipedia,KFC_v2,static,0.80220960564677,0.07828655834564253
wikipedia,KFC_v2,static,0.8023630504833513,0.07828655834564253
wikipedia,KFC_v2,static,0.8025164953199325,0.07828655834564253
wikipedia,KFC_v2,static,0.8026699401565138,0.07828655834564253
wikipedia,KFC_v2,static,0.802823384993095,0.07828655834564253
wikipedia,KFC_v2,static,0.8029768298296762,0.07828655834564253
wikipedia,KFC_v2,static,0.8031302746662575,0.07828655834564253
wikipedia,KFC_v2,static,0.8032837195028387,0.07828655834564253
wikipedia,KFC_v2,static,0.80343716433942,0.07828655834564253
wikipedia,KFC_v2,static,0.8035906091760012,0.07828655834564253
wikipedia,KFC_v2,static,0.8037440540125825,0.07828655834564253
wikipedia,KFC_v2,static,0.8038974988491637,0.07828655834564253
wikipedia,KFC_v2,static,0.804050943685745,0.07680945347119646
wikipedia,KFC_v2,static,0.8042043885223262,0.07680945347119646
wikipedia,KFC_v2,static,0.8043578333589075,0.07680945347119646
wikipedia,KFC_v2,static,0.8045112781954887,0.07680945347119646
wikipedia,KFC_v2,static,0.80466472303207,0.07680945347119646
wikipedia,KFC_v2,static,0.8048181678686512,0.07680945347119646
wikipedia,KFC_v2,static,0.8049716127052325,0.07680945347119646
wikipedia,KFC_v2,static,0.8051250575418137,0.07680945347119646
wikipedia,KFC_v2,static,0.805278502378395,0.07680945347119646
wikipedia,KFC_v2,static,0.8054319472149762,0.07680945347119646
wikipedia,KFC_v2,static,0.8055853920515575,0.07680945347119646
wikipedia,KFC_v2,static,0.8057388368881387,0.07680945347119646
wikipedia,KFC_v2,static,0.80589228172472,0.07680945347119646
wikipedia,KFC_v2,static,0.8060457265613012,0.07680945347119646
wikipedia,KFC_v2,static,0.8061991713978826,0.07680945347119646
wikipedia,KFC_v2,static,0.8063526162344637,0.07680945347119646
wikipedia,KFC_v2,static,0.8065060610710449,0.07680945347119646
wikipedia,KFC_v2,static,0.8066595059076263,0.07680945347119646
wikipedia,KFC_v2,static,0.8068129507442074,0.07680945347119646
wikipedia,KFC_v2,static,0.8069663955807888,0.07680945347119646
wikipedia,KFC_v2,static,0.80711984041737,0.07680945347119646
wikipedia,KFC_v2,static,0.8072732852539513,0.07680945347119646
wikipedia,KFC_v2,static,0.8074267300905325,0.07680945347119646
wikipedia,KFC_v2,static,0.8075801749271138,0.07680945347119646
wikipedia,KFC_v2,static,0.807733619763695,0.07533234859675036
wikipedia,KFC_v2,static,0.8078870646002763,0.07533234859675036
wikipedia,KFC_v2,static,0.8080405094368575,0.07533234859675036
wikipedia,KFC_v2,static,0.8081939542734388,0.07533234859675036
wikipedia,KFC_v2,static,0.80834739911002,0.07533234859675036
wikipedia,KFC_v2,static,0.8085008439466013,0.07533234859675036
wikipedia,KFC_v2,static,0.8086542887831825,0.07533234859675036
wikipedia,KFC_v2,static,0.8088077336197638,0.07533234859675036
wikipedia,KFC_v2,static,0.808961178456345,0.07533234859675036
wikipedia,KFC_v2,static,0.8091146232929263,0.07533234859675036
wikipedia,KFC_v2,static,0.8092680681295075,0.07533234859675036
wikipedia,KFC_v2,static,0.8094215129660888,0.07533234859675036
wikipedia,KFC_v2,static,0.80957495780267,0.07533234859675036
wikipedia,KFC_v2,static,0.8097284026392513,0.07533234859675036
wikipedia,KFC_v2,static,0.8098818474758325,0.07533234859675036
wikipedia,KFC_v2,static,0.8100352923124138,0.07533234859675036
wikipedia,KFC_v2,static,0.810188737148995,0.07533234859675036
wikipedia,KFC_v2,static,0.8103421819855762,0.07533234859675036
wikipedia,KFC_v2,static,0.8104956268221575,0.07533234859675036
wikipedia,KFC_v2,static,0.8106490716587387,0.07533234859675036
wikipedia,KFC_v2,static,0.81080251649532,0.07533234859675036
wikipedia,KFC_v2,static,0.8109559613319012,0.07533234859675036
wikipedia,KFC_v2,static,0.8111094061684825,0.07533234859675036
wikipedia,KFC_v2,static,0.8112628510050637,0.07533234859675036
wikipedia,KFC_v2,static,0.811416295841645,0.07533234859675036
wikipedia,KFC_v2,static,0.8115697406782262,0.07533234859675036
wikipedia,KFC_v2,static,0.8117231855148075,0.07533234859675036
wikipedia,KFC_v2,static,0.8118766303513887,0.07533234859675036
wikipedia,KFC_v2,static,0.81203007518797,0.07533234859675036
wikipedia,KFC_v2,static,0.8121835200245512,0.07533234859675036
wikipedia,KFC_v2,static,0.8123369648611325,0.07533234859675036
wikipedia,KFC_v2,static,0.8124904096977137,0.07533234859675036
wikipedia,KFC_v2,static,0.812643854534295,0.07533234859675036
wikipedia,KFC_v2,static,0.8127972993708762,0.07533234859675036
wikipedia,KFC_v2,static,0.8129507442074575,0.07533234859675036
wikipedia,KFC_v2,static,0.8131041890440387,0.07533234859675036
wikipedia,KFC_v2,static,0.81325763388062,0.07533234859675036
wikipedia,KFC_v2,static,0.8134110787172012,0.07533234859675036
wikipedia,KFC_v2,static,0.8135645235537825,0.07533234859675036
wikipedia,KFC_v2,static,0.8137179683903637,0.07533234859675036
wikipedia,KFC_v2,static,0.813871413226945,0.07533234859675036
wikipedia,KFC_v2,static,0.8140248580635262,0.07533234859675036
wikipedia,KFC_v2,static,0.8141783029001074,0.07533234859675036
wikipedia,KFC_v2,static,0.8143317477366887,0.07533234859675036
wikipedia,KFC_v2,static,0.8144851925732699,0.07533234859675036
wikipedia,KFC_v2,static,0.8146386374098512,0.07533234859675036
wikipedia,KFC_v2,static,0.8147920822464324,0.07533234859675036
wikipedia,KFC_v2,static,0.8149455270830137,0.07533234859675036
wikipedia,KFC_v2,static,0.8150989719195949,0.07533234859675036
wikipedia,KFC_v2,static,0.8152524167561762,0.07533234859675036
wikipedia,KFC_v2,static,0.8154058615927574,0.07533234859675036
wikipedia,KFC_v2,static,0.8155593064293387,0.07533234859675036
wikipedia,KFC_v2,static,0.8157127512659199,0.07533234859675036
wikipedia,KFC_v2,static,0.8158661961025012,0.07533234859675036
wikipedia,KFC_v2,static,0.8160196409390824,0.07533234859675036
wikipedia,KFC_v2,static,0.8161730857756637,0.07533234859675036
wikipedia,KFC_v2,static,0.8163265306122449,0.07533234859675036
wikipedia,KFC_v2,static,0.8164799754488262,0.07533234859675036
wikipedia,KFC_v2,static,0.8166334202854074,0.07533234859675036
wikipedia,KFC_v2,static,0.8167868651219887,0.07533234859675036
wikipedia,KFC_v2,static,0.8169403099585699,0.07533234859675036
wikipedia,KFC_v2,static,0.8170937547951512,0.07533234859675036
wikipedia,KFC_v2,static,0.8172471996317324,0.07533234859675036
wikipedia,KFC_v2,static,0.8174006444683137,0.07533234859675036
wikipedia,KFC_v2,static,0.8175540893048949,0.07533234859675036
wikipedia,KFC_v2,static,0.8177075341414762,0.07533234859675036
wikipedia,KFC_v2,static,0.8178609789780574,0.07533234859675036
wikipedia,KFC_v2,static,0.8180144238146386,0.07385524372230429
wikipedia,KFC_v2,static,0.8181678686512199,0.07385524372230429
wikipedia,KFC_v2,static,0.8183213134878011,0.07385524372230429
wikipedia,KFC_v2,static,0.8184747583243824,0.0723781388478582
wikipedia,KFC_v2,static,0.8186282031609636,0.0723781388478582
wikipedia,KFC_v2,static,0.8187816479975449,0.0723781388478582
wikipedia,KFC_v2,static,0.8189350928341261,0.0723781388478582
wikipedia,KFC_v2,static,0.8190885376707074,0.0723781388478582
wikipedia,KFC_v2,static,0.8192419825072886,0.0723781388478582
wikipedia,KFC_v2,static,0.8193954273438699,0.0723781388478582
wikipedia,KFC_v2,static,0.8195488721804511,0.0723781388478582
wikipedia,KFC_v2,static,0.8197023170170324,0.0723781388478582
wikipedia,KFC_v2,static,0.8198557618536136,0.0723781388478582
wikipedia,KFC_v2,static,0.820009206690195,0.0723781388478582
wikipedia,KFC_v2,static,0.8201626515267761,0.0723781388478582
wikipedia,KFC_v2,static,0.8203160963633574,0.0723781388478582
wikipedia,KFC_v2,static,0.8204695411999386,0.0723781388478582
wikipedia,KFC_v2,static,0.82062298603652,0.0723781388478582
wikipedia,KFC_v2,static,0.8207764308731011,0.0723781388478582
wikipedia,KFC_v2,static,0.8209298757096825,0.0723781388478582
wikipedia,KFC_v2,static,0.8210833205462637,0.0723781388478582
wikipedia,KFC_v2,static,0.821236765382845,0.0723781388478582
wikipedia,KFC_v2,static,0.8213902102194262,0.0723781388478582
wikipedia,KFC_v2,static,0.8215436550560075,0.0723781388478582
wikipedia,KFC_v2,static,0.8216970998925887,0.0723781388478582
wikipedia,KFC_v2,static,0.8218505447291699,0.0723781388478582
wikipedia,KFC_v2,static,0.8220039895657512,0.0723781388478582
wikipedia,KFC_v2,static,0.8221574344023324,0.0723781388478582
wikipedia,KFC_v2,static,0.8223108792389137,0.0723781388478582
wikipedia,KFC_v2,static,0.8224643240754949,0.0723781388478582
wikipedia,KFC_v2,static,0.8226177689120762,0.0723781388478582
wikipedia,KFC_v2,static,0.8227712137486574,0.0723781388478582
wikipedia,KFC_v2,static,0.8229246585852387,0.0723781388478582
wikipedia,KFC_v2,static,0.8230781034218199,0.0723781388478582
wikipedia,KFC_v2,static,0.8232315482584012,0.0723781388478582
wikipedia,KFC_v2,static,0.8233849930949824,0.0723781388478582
wikipedia,KFC_v2,static,0.8235384379315637,0.0723781388478582
wikipedia,KFC_v2,static,0.8236918827681449,0.0723781388478582
wikipedia,KFC_v2,static,0.8238453276047262,0.0723781388478582
wikipedia,KFC_v2,static,0.8239987724413074,0.0723781388478582
wikipedia,KFC_v2,static,0.8241522172778887,0.0723781388478582
wikipedia,KFC_v2,static,0.8243056621144699,0.0723781388478582
wikipedia,KFC_v2,static,0.8244591069510512,0.0723781388478582
wikipedia,KFC_v2,static,0.8246125517876324,0.0723781388478582
wikipedia,KFC_v2,static,0.8247659966242137,0.0723781388478582
wikipedia,KFC_v2,static,0.8249194414607949,0.0723781388478582
wikipedia,KFC_v2,static,0.8250728862973762,0.0723781388478582
wikipedia,KFC_v2,static,0.8252263311339574,0.0723781388478582
wikipedia,KFC_v2,static,0.8253797759705387,0.0723781388478582
wikipedia,KFC_v2,static,0.8255332208071199,0.0723781388478582
wikipedia,KFC_v2,static,0.8256866656437011,0.0723781388478582
wikipedia,KFC_v2,static,0.8258401104802824,0.0723781388478582
wikipedia,KFC_v2,static,0.8259935553168636,0.0723781388478582
wikipedia,KFC_v2,static,0.8261470001534449,0.0723781388478582
wikipedia,KFC_v2,static,0.8263004449900261,0.0723781388478582
wikipedia,KFC_v2,static,0.8264538898266074,0.0723781388478582
wikipedia,KFC_v2,static,0.8266073346631886,0.0723781388478582
wikipedia,KFC_v2,static,0.8267607794997699,0.0723781388478582
wikipedia,KFC_v2,static,0.8269142243363511,0.0723781388478582
wikipedia,KFC_v2,static,0.8270676691729324,0.0723781388478582
wikipedia,KFC_v2,static,0.8272211140095136,0.0723781388478582
wikipedia,KFC_v2,static,0.8273745588460949,0.0723781388478582
wikipedia,KFC_v2,static,0.8275280036826761,0.0723781388478582
wikipedia,KFC_v2,static,0.8276814485192574,0.0723781388478582
wikipedia,KFC_v2,static,0.8278348933558386,0.0723781388478582
wikipedia,KFC_v2,static,0.8279883381924199,0.0723781388478582
wikipedia,KFC_v2,static,0.8281417830290011,0.0723781388478582
wikipedia,KFC_v2,static,0.8282952278655824,0.0723781388478582
wikipedia,KFC_v2,static,0.8284486727021636,0.0723781388478582
wikipedia,KFC_v2,static,0.8286021175387449,0.0723781388478582
wikipedia,KFC_v2,static,0.8287555623753261,0.0723781388478582
wikipedia,KFC_v2,static,0.8289090072119074,0.0723781388478582
wikipedia,KFC_v2,static,0.8290624520484886,0.0723781388478582
wikipedia,KFC_v2,static,0.8292158968850698,0.0723781388478582
wikipedia,KFC_v2,static,0.8293693417216511,0.0723781388478582
wikipedia,KFC_v2,static,0.8295227865582323,0.0723781388478582
wikipedia,KFC_v2,static,0.8296762313948136,0.0723781388478582
wikipedia,KFC_v2,static,0.8298296762313948,0.0723781388478582
wikipedia,KFC_v2,static,0.8299831210679761,0.0723781388478582
wikipedia,KFC_v2,static,0.8301365659045573,0.0723781388478582
wikipedia,KFC_v2,static,0.8302900107411386,0.0723781388478582
wikipedia,KFC_v2,static,0.8304434555777198,0.0723781388478582
wikipedia,KFC_v2,static,0.8305969004143011,0.0723781388478582
wikipedia,KFC_v2,static,0.8307503452508823,0.0723781388478582
wikipedia,KFC_v2,static,0.8309037900874636,0.0723781388478582
wikipedia,KFC_v2,static,0.8310572349240448,0.0723781388478582
wikipedia,KFC_v2,static,0.8312106797606261,0.0723781388478582
wikipedia,KFC_v2,static,0.8313641245972073,0.0723781388478582
wikipedia,KFC_v2,static,0.8315175694337886,0.0723781388478582
wikipedia,KFC_v2,static,0.8316710142703698,0.0723781388478582
wikipedia,KFC_v2,static,0.8318244591069511,0.0723781388478582
wikipedia,KFC_v2,static,0.8319779039435323,0.0723781388478582
wikipedia,KFC_v2,static,0.8321313487801136,0.0723781388478582
wikipedia,KFC_v2,static,0.8322847936166948,0.0723781388478582
wikipedia,KFC_v2,static,0.8324382384532761,0.0723781388478582
wikipedia,KFC_v2,static,0.8325916832898573,0.0723781388478582
wikipedia,KFC_v2,static,0.8327451281264386,0.0723781388478582
wikipedia,KFC_v2,static,0.8328985729630198,0.0723781388478582
wikipedia,KFC_v2,static,0.833052017799601,0.0723781388478582
wikipedia,KFC_v2,static,0.8332054626361823,0.0723781388478582
wikipedia,KFC_v2,static,0.8333589074727635,0.0723781388478582
wikipedia,KFC_v2,static,0.8335123523093448,0.0723781388478582
wikipedia,KFC_v2,static,0.833665797145926,0.0723781388478582
wikipedia,KFC_v2,static,0.8338192419825073,0.0723781388478582
wikipedia,KFC_v2,static,0.8339726868190885,0.0723781388478582
wikipedia,KFC_v2,static,0.8341261316556698,0.0723781388478582
wikipedia,KFC_v2,static,0.834279576492251,0.0723781388478582
wikipedia,KFC_v2,static,0.8344330213288323,0.0723781388478582
wikipedia,KFC_v2,static,0.8345864661654135,0.0723781388478582
wikipedia,KFC_v2,static,0.8347399110019948,0.0723781388478582
wikipedia,KFC_v2,static,0.834893355838576,0.0723781388478582
wikipedia,KFC_v2,static,0.8350468006751574,0.0723781388478582
wikipedia,KFC_v2,static,0.8352002455117385,0.0723781388478582
wikipedia,KFC_v2,static,0.8353536903483199,0.0723781388478582
wikipedia,KFC_v2,static,0.835507135184901,0.0723781388478582
wikipedia,KFC_v2,static,0.8356605800214824,0.0723781388478582
wikipedia,KFC_v2,static,0.8358140248580636,0.0723781388478582
wikipedia,KFC_v2,static,0.8359674696946449,0.0723781388478582
wikipedia,KFC_v2,static,0.8361209145312261,0.0723781388478582
wikipedia,KFC_v2,static,0.8362743593678074,0.0723781388478582
wikipedia,KFC_v2,static,0.8364278042043886,0.0723781388478582
wikipedia,KFC_v2,static,0.8365812490409699,0.0723781388478582
wikipedia,KFC_v2,static,0.8367346938775511,0.0723781388478582
wikipedia,KFC_v2,static,0.8368881387141323,0.0723781388478582
wikipedia,KFC_v2,static,0.8370415835507136,0.0723781388478582
wikipedia,KFC_v2,static,0.8371950283872948,0.0723781388478582
wikipedia,KFC_v2,static,0.8373484732238761,0.0723781388478582
wikipedia,KFC_v2,static,0.8375019180604573,0.0723781388478582
wikipedia,KFC_v2,static,0.8376553628970386,0.07090103397341212
wikipedia,KFC_v2,static,0.8378088077336198,0.07090103397341212
wikipedia,KFC_v2,static,0.8379622525702011,0.07090103397341212
wikipedia,KFC_v2,static,0.8381156974067823,0.07090103397341212
wikipedia,KFC_v2,static,0.8382691422433636,0.07090103397341212
wikipedia,KFC_v2,static,0.8384225870799448,0.07090103397341212
wikipedia,KFC_v2,static,0.8385760319165261,0.07090103397341212
wikipedia,KFC_v2,static,0.8387294767531073,0.07090103397341212
wikipedia,KFC_v2,static,0.8388829215896886,0.07090103397341212
wikipedia,KFC_v2,static,0.8390363664262698,0.07090103397341212
wikipedia,KFC_v2,static,0.8391898112628511,0.07090103397341212
wikipedia,KFC_v2,static,0.8393432560994323,0.07090103397341212
wikipedia,KFC_v2,static,0.8394967009360136,0.07090103397341212
wikipedia,KFC_v2,static,0.8396501457725948,0.07090103397341212
wikipedia,KFC_v2,static,0.8398035906091761,0.06942392909896603
wikipedia,KFC_v2,static,0.8399570354457573,0.06942392909896603
wikipedia,KFC_v2,static,0.8401104802823386,0.06942392909896603
wikipedia,KFC_v2,static,0.8402639251189198,0.06942392909896603
wikipedia,KFC_v2,static,0.8404173699555011,0.06942392909896603
wikipedia,KFC_v2,static,0.8405708147920823,0.06942392909896603
wikipedia,KFC_v2,static,0.8407242596286635,0.06942392909896603
wikipedia,KFC_v2,static,0.8408777044652448,0.06942392909896603
wikipedia,KFC_v2,static,0.841031149301826,0.06942392909896603
wikipedia,KFC_v2,static,0.8411845941384073,0.06942392909896603
wikipedia,KFC_v2,static,0.8413380389749885,0.06942392909896603
wikipedia,KFC_v2,static,0.8414914838115698,0.06942392909896603
wikipedia,KFC_v2,static,0.841644928648151,0.06942392909896603
wikipedia,KFC_v2,static,0.8417983734847323,0.06942392909896603
wikipedia,KFC_v2,static,0.8419518183213135,0.06942392909896603
wikipedia,KFC_v2,static,0.8421052631578948,0.06942392909896603
wikipedia,KFC_v2,static,0.842258707994476,0.06942392909896603
wikipedia,KFC_v2,static,0.8424121528310573,0.06942392909896603
wikipedia,KFC_v2,static,0.8425655976676385,0.06942392909896603
wikipedia,KFC_v2,static,0.8427190425042198,0.06942392909896603
wikipedia,KFC_v2,static,0.842872487340801,0.06942392909896603
wikipedia,KFC_v2,static,0.8430259321773823,0.06942392909896603
wikipedia,KFC_v2,static,0.8431793770139635,0.06942392909896603
wikipedia,KFC_v2,static,0.8433328218505448,0.06942392909896603
wikipedia,KFC_v2,static,0.843486266687126,0.06942392909896603
wikipedia,KFC_v2,static,0.8436397115237073,0.06942392909896603
wikipedia,KFC_v2,static,0.8437931563602885,0.06942392909896603
wikipedia,KFC_v2,static,0.8439466011968698,0.06942392909896603
wikipedia,KFC_v2,static,0.844100046033451,0.06942392909896603
wikipedia,KFC_v2,static,0.8442534908700323,0.06942392909896603
wikipedia,KFC_v2,static,0.8444069357066135,0.06942392909896603
wikipedia,KFC_v2,static,0.8445603805431947,0.06942392909896603
wikipedia,KFC_v2,static,0.844713825379776,0.06942392909896603
wikipedia,KFC_v2,static,0.8448672702163572,0.06942392909896603
wikipedia,KFC_v2,static,0.8450207150529385,0.06942392909896603
wikipedia,KFC_v2,static,0.8451741598895197,0.06942392909896603
wikipedia,KFC_v2,static,0.845327604726101,0.06942392909896603
wikipedia,KFC_v2,static,0.8454810495626822,0.06942392909896603
wikipedia,KFC_v2,static,0.8456344943992635,0.06942392909896603
wikipedia,KFC_v2,static,0.8457879392358447,0.06942392909896603
wikipedia,KFC_v2,static,0.845941384072426,0.06942392909896603
wikipedia,KFC_v2,static,0.8460948289090072,0.06942392909896603
wikipedia,KFC_v2,static,0.8462482737455885,0.06942392909896603
wikipedia,KFC_v2,static,0.8464017185821697,0.06942392909896603
wikipedia,KFC_v2,static,0.846555163418751,0.06942392909896603
wikipedia,KFC_v2,static,0.8467086082553322,0.06942392909896603
wikipedia,KFC_v2,static,0.8468620530919135,0.06942392909896603
wikipedia,KFC_v2,static,0.8470154979284947,0.06942392909896603
wikipedia,KFC_v2,static,0.847168942765076,0.06942392909896603
wikipedia,KFC_v2,static,0.8473223876016572,0.06942392909896603
wikipedia,KFC_v2,static,0.8474758324382385,0.06942392909896603
wikipedia,KFC_v2,static,0.8476292772748197,0.06942392909896603
wikipedia,KFC_v2,static,0.847782722111401,0.06942392909896603
wikipedia,KFC_v2,static,0.8479361669479822,0.06942392909896603
wikipedia,KFC_v2,static,0.8480896117845635,0.06942392909896603
wikipedia,KFC_v2,static,0.8482430566211447,0.06942392909896603
wikipedia,KFC_v2,static,0.8483965014577259,0.06942392909896603
wikipedia,KFC_v2,static,0.8485499462943072,0.06942392909896603
wikipedia,KFC_v2,static,0.8487033911308884,0.06942392909896603
wikipedia,KFC_v2,static,0.8488568359674697,0.06942392909896603
wikipedia,KFC_v2,static,0.8490102808040509,0.06942392909896603
wikipedia,KFC_v2,static,0.8491637256406322,0.06942392909896603
wikipedia,KFC_v2,static,0.8493171704772134,0.06942392909896603
wikipedia,KFC_v2,static,0.8494706153137948,0.06942392909896603
wikipedia,KFC_v2,static,0.849624060150376,0.06942392909896603
wikipedia,KFC_v2,static,0.8497775049869573,0.06942392909896603
wikipedia,KFC_v2,static,0.8499309498235385,0.06942392909896603
wikipedia,KFC_v2,static,0.8500843946601198,0.06942392909896603
wikipedia,KFC_v2,static,0.850237839496701,0.06942392909896603
wikipedia,KFC_v2,static,0.8503912843332823,0.06942392909896603
wikipedia,KFC_v2,static,0.8505447291698635,0.06942392909896603
wikipedia,KFC_v2,static,0.8506981740064448,0.06942392909896603
wikipedia,KFC_v2,static,0.850851618843026,0.06942392909896603
wikipedia,KFC_v2,static,0.8510050636796073,0.06942392909896603
wikipedia,KFC_v2,static,0.8511585085161885,0.06942392909896603
wikipedia,KFC_v2,static,0.8513119533527698,0.06942392909896603
wikipedia,KFC_v2,static,0.851465398189351,0.06942392909896603
wikipedia,KFC_v2,static,0.8516188430259323,0.06942392909896603
wikipedia,KFC_v2,static,0.8517722878625135,0.06942392909896603
wikipedia,KFC_v2,static,0.8519257326990947,0.06942392909896603
wikipedia,KFC_v2,static,0.852079177535676,0.06942392909896603
wikipedia,KFC_v2,static,0.8522326223722572,0.06942392909896603
wikipedia,KFC_v2,static,0.8523860672088385,0.06942392909896603
wikipedia,KFC_v2,static,0.8525395120454197,0.06942392909896603
wikipedia,KFC_v2,static,0.852692956882001,0.06942392909896603
wikipedia,KFC_v2,static,0.8528464017185822,0.06942392909896603
wikipedia,KFC_v2,static,0.8529998465551635,0.06942392909896603
wikipedia,KFC_v2,static,0.8531532913917447,0.06942392909896603
wikipedia,KFC_v2,static,0.853306736228326,0.06942392909896603
wikipedia,KFC_v2,static,0.8534601810649072,0.06942392909896603
wikipedia,KFC_v2,static,0.8536136259014885,0.06942392909896603
wikipedia,KFC_v2,static,0.8537670707380697,0.06942392909896603
wikipedia,KFC_v2,static,0.853920515574651,0.06942392909896603
wikipedia,KFC_v2,static,0.8540739604112322,0.06942392909896603
wikipedia,KFC_v2,static,0.8542274052478135,0.06942392909896603
wikipedia,KFC_v2,static,0.8543808500843947,0.06942392909896603
wikipedia,KFC_v2,static,0.854534294920976,0.06942392909896603
wikipedia,KFC_v2,static,0.8546877397575572,0.06942392909896603
wikipedia,KFC_v2,static,0.8548411845941385,0.06942392909896603
wikipedia,KFC_v2,static,0.8549946294307197,0.06942392909896603
wikipedia,KFC_v2,static,0.855148074267301,0.06942392909896603
wikipedia,KFC_v2,static,0.8553015191038822,0.06942392909896603
wikipedia,KFC_v2,static,0.8554549639404635,0.06942392909896603
wikipedia,KFC_v2,static,0.8556084087770447,0.06942392909896603
wikipedia,KFC_v2,static,0.8557618536136259,0.06942392909896603
wikipedia,KFC_v2,static,0.8559152984502072,0.06942392909896603
wikipedia,KFC_v2,static,0.8560687432867884,0.06942392909896603
wikipedia,KFC_v2,static,0.8562221881233697,0.06942392909896603
wikipedia,KFC_v2,static,0.8563756329599509,0.06942392909896603
wikipedia,KFC_v2,static,0.8565290777965322,0.06942392909896603
wikipedia,KFC_v2,static,0.8566825226331134,0.06942392909896603
wikipedia,KFC_v2,static,0.8568359674696947,0.06942392909896603
wikipedia,KFC_v2,static,0.8569894123062759,0.06942392909896603
wikipedia,KFC_v2,static,0.8571428571428572,0.06942392909896603
wikipedia,KFC_v2,static,0.8572963019794384,0.06942392909896603
wikipedia,KFC_v2,static,0.8574497468160197,0.06942392909896603
wikipedia,KFC_v2,static,0.8576031916526009,0.06942392909896603
wikipedia,KFC_v2,static,0.8577566364891822,0.06942392909896603
wikipedia,KFC_v2,static,0.8579100813257634,0.06942392909896603
wikipedia,KFC_v2,static,0.8580635261623447,0.06942392909896603
wikipedia,KFC_v2,static,0.8582169709989259,0.06942392909896603
wikipedia,KFC_v2,static,0.8583704158355072,0.06942392909896603
wikipedia,KFC_v2,static,0.8585238606720884,0.06942392909896603
wikipedia,KFC_v2,static,0.8586773055086697,0.06942392909896603
wikipedia,KFC_v2,static,0.8588307503452509,0.06942392909896603
wikipedia,KFC_v2,static,0.8589841951818322,0.06942392909896603
wikipedia,KFC_v2,static,0.8591376400184134,0.06942392909896603
wikipedia,KFC_v2,static,0.8592910848549947,0.06942392909896603
wikipedia,KFC_v2,static,0.8594445296915759,0.06942392909896603
wikipedia,KFC_v2,static,0.8595979745281571,0.06942392909896603
wikipedia,KFC_v2,static,0.8597514193647384,0.06942392909896603
wikipedia,KFC_v2,static,0.8599048642013196,0.06942392909896603
wikipedia,KFC_v2,static,0.8600583090379009,0.06942392909896603
wikipedia,KFC_v2,static,0.8602117538744821,0.06942392909896603
wikipedia,KFC_v2,static,0.8603651987110634,0.06942392909896603
wikipedia,KFC_v2,static,0.8605186435476446,0.06942392909896603
wikipedia,KFC_v2,static,0.8606720883842259,0.06942392909896603
wikipedia,KFC_v2,static,0.8608255332208071,0.06942392909896603
wikipedia,KFC_v2,static,0.8609789780573884,0.06942392909896603
wikipedia,KFC_v2,static,0.8611324228939696,0.06942392909896603
wikipedia,KFC_v2,static,0.8612858677305509,0.06942392909896603
wikipedia,KFC_v2,static,0.8614393125671321,0.06942392909896603
wikipedia,KFC_v2,static,0.8615927574037134,0.06942392909896603
wikipedia,KFC_v2,static,0.8617462022402946,0.06942392909896603
wikipedia,KFC_v2,static,0.8618996470768759,0.06942392909896603
wikipedia,KFC_v2,static,0.8620530919134571,0.06942392909896603
wikipedia,KFC_v2,static,0.8622065367500384,0.06942392909896603
wikipedia,KFC_v2,static,0.8623599815866196,0.06942392909896603
wikipedia,KFC_v2,static,0.862513426423201,0.06942392909896603
wikipedia,KFC_v2,static,0.8626668712597821,0.06942392909896603
wikipedia,KFC_v2,static,0.8628203160963634,0.06942392909896603
wikipedia,KFC_v2,static,0.8629737609329446,0.06942392909896603
wikipedia,KFC_v2,static,0.863127205769526,0.06942392909896603
wikipedia,KFC_v2,static,0.8632806506061071,0.06942392909896603
wikipedia,KFC_v2,static,0.8634340954426883,0.06942392909896603
wikipedia,KFC_v2,static,0.8635875402792696,0.06942392909896603
wikipedia,KFC_v2,static,0.8637409851158508,0.06942392909896603
wikipedia,KFC_v2,static,0.8638944299524322,0.06942392909896603
wikipedia,KFC_v2,static,0.8640478747890133,0.06942392909896603
wikipedia,KFC_v2,static,0.8642013196255947,0.06942392909896603
wikipedia,KFC_v2,static,0.8643547644621759,0.06942392909896603
wikipedia,KFC_v2,static,0.8645082092987572,0.06942392909896603
wikipedia,KFC_v2,static,0.8646616541353384,0.06942392909896603
wikipedia,KFC_v2,static,0.8648150989719197,0.06942392909896603
wikipedia,KFC_v2,static,0.8649685438085009,0.06942392909896603
wikipedia,KFC_v2,static,0.8651219886450822,0.06942392909896603
wikipedia,KFC_v2,static,0.8652754334816634,0.06942392909896603
wikipedia,KFC_v2,static,0.8654288783182447,0.06942392909896603
wikipedia,KFC_v2,static,0.8655823231548259,0.06794682422451995
wikipedia,KFC_v2,static,0.8657357679914072,0.06794682422451995
wikipedia,KFC_v2,static,0.8658892128279884,0.06794682422451995
wikipedia,KFC_v2,static,0.8660426576645697,0.06794682422451995
wikipedia,KFC_v2,static,0.8661961025011509,0.06794682422451995
wikipedia,KFC_v2,static,0.8663495473377322,0.06794682422451995
wikipedia,KFC_v2,static,0.8665029921743134,0.06794682422451995
wikipedia,KFC_v2,static,0.8666564370108947,0.06794682422451995
wikipedia,KFC_v2,static,0.8668098818474759,0.06794682422451995
wikipedia,KFC_v2,static,0.8669633266840572,0.06794682422451995
wikipedia,KFC_v2,static,0.8671167715206384,0.06794682422451995
wikipedia,KFC_v2,static,0.8672702163572196,0.06794682422451995
wikipedia,KFC_v2,static,0.8674236611938009,0.06794682422451995
wikipedia,KFC_v2,static,0.8675771060303821,0.06794682422451995
wikipedia,KFC_v2,static,0.8677305508669634,0.06794682422451995
wikipedia,KFC_v2,static,0.8678839957035446,0.06794682422451995
wikipedia,KFC_v2,static,0.8680374405401259,0.06794682422451995
wikipedia,KFC_v2,static,0.8681908853767071,0.06794682422451995
wikipedia,KFC_v2,static,0.8683443302132884,0.06794682422451995
wikipedia,KFC_v2,static,0.8684977750498696,0.06794682422451995
wikipedia,KFC_v2,static,0.8686512198864509,0.06794682422451995
wikipedia,KFC_v2,static,0.8688046647230321,0.06794682422451995
wikipedia,KFC_v2,static,0.8689581095596134,0.06499261447562776
wikipedia,KFC_v2,static,0.8691115543961946,0.06499261447562776
wikipedia,KFC_v2,static,0.8692649992327759,0.06499261447562776
wikipedia,KFC_v2,static,0.8694184440693571,0.06499261447562776
wikipedia,KFC_v2,static,0.8695718889059384,0.06499261447562776
wikipedia,KFC_v2,static,0.8697253337425196,0.06499261447562776
wikipedia,KFC_v2,static,0.8698787785791009,0.06499261447562776
wikipedia,KFC_v2,static,0.8700322234156821,0.06499261447562776
wikipedia,KFC_v2,static,0.8701856682522634,0.06499261447562776
wikipedia,KFC_v2,static,0.8703391130888446,0.06499261447562776
wikipedia,KFC_v2,static,0.8704925579254259,0.06499261447562776
wikipedia,KFC_v2,static,0.8706460027620071,0.06499261447562776
wikipedia,KFC_v2,static,0.8707994475985884,0.06499261447562776
wikipedia,KFC_v2,static,0.8709528924351696,0.06499261447562776
wikipedia,KFC_v2,static,0.8711063372717508,0.06499261447562776
wikipedia,KFC_v2,static,0.8712597821083321,0.06499261447562776
wikipedia,KFC_v2,static,0.8714132269449133,0.06499261447562776
wikipedia,KFC_v2,static,0.8715666717814946,0.06499261447562776
wikipedia,KFC_v2,static,0.8717201166180758,0.06499261447562776
wikipedia,KFC_v2,static,0.8718735614546571,0.06499261447562776
wikipedia,KFC_v2,static,0.8720270062912383,0.06499261447562776
wikipedia,KFC_v2,static,0.8721804511278196,0.06499261447562776
wikipedia,KFC_v2,static,0.8723338959644008,0.06499261447562776
wikipedia,KFC_v2,static,0.8724873408009821,0.06499261447562776
wikipedia,KFC_v2,static,0.8726407856375633,0.06499261447562776
wikipedia,KFC_v2,static,0.8727942304741446,0.06499261447562776
wikipedia,KFC_v2,static,0.8729476753107258,0.06499261447562776
wikipedia,KFC_v2,static,0.8731011201473071,0.06499261447562776
wikipedia,KFC_v2,static,0.8732545649838883,0.06499261447562776
wikipedia,KFC_v2,static,0.8734080098204696,0.06499261447562776
wikipedia,KFC_v2,static,0.8735614546570508,0.06499261447562776
wikipedia,KFC_v2,static,0.8737148994936321,0.06499261447562776
wikipedia,KFC_v2,static,0.8738683443302133,0.06499261447562776
wikipedia,KFC_v2,static,0.8740217891667946,0.06499261447562776
wikipedia,KFC_v2,static,0.8741752340033758,0.06499261447562776
wikipedia,KFC_v2,static,0.8743286788399571,0.06499261447562776
wikipedia,KFC_v2,static,0.8744821236765383,0.06499261447562776
wikipedia,KFC_v2,static,0.8746355685131195,0.06499261447562776
wikipedia,KFC_v2,static,0.8747890133497008,0.06499261447562776
wikipedia,KFC_v2,static,0.874942458186282,0.06499261447562776
wikipedia,KFC_v2,static,0.8750959030228633,0.06499261447562776
wikipedia,KFC_v2,static,0.8752493478594445,0.06499261447562776
wikipedia,KFC_v2,static,0.8754027926960258,0.06499261447562776
wikipedia,KFC_v2,static,0.875556237532607,0.06499261447562776
wikipedia,KFC_v2,static,0.8757096823691883,0.06499261447562776
wikipedia,KFC_v2,static,0.8758631272057695,0.06499261447562776
wikipedia,KFC_v2,static,0.8760165720423508,0.06499261447562776
wikipedia,KFC_v2,static,0.876170016878932,0.06499261447562776
wikipedia,KFC_v2,static,0.8763234617155133,0.06499261447562776
wikipedia,KFC_v2,static,0.8764769065520945,0.06351550960118169
wikipedia,KFC_v2,static,0.8766303513886758,0.06351550960118169
wikipedia,KFC_v2,static,0.876783796225257,0.06351550960118169
wikipedia,KFC_v2,static,0.8769372410618383,0.06351550960118169
wikipedia,KFC_v2,static,0.8770906858984195,0.06351550960118169
wikipedia,KFC_v2,static,0.8772441307350008,0.06351550960118169
wikipedia,KFC_v2,static,0.877397575571582,0.06351550960118169
wikipedia,KFC_v2,static,0.8775510204081634,0.06351550960118169
wikipedia,KFC_v2,static,0.8777044652447445,0.06351550960118169
wikipedia,KFC_v2,static,0.8778579100813259,0.06351550960118169
wikipedia,KFC_v2,static,0.878011354917907,0.06351550960118169
wikipedia,KFC_v2,static,0.8781647997544884,0.06351550960118169
wikipedia,KFC_v2,static,0.8783182445910696,0.06351550960118169
wikipedia,KFC_v2,static,0.8784716894276507,0.06351550960118169
wikipedia,KFC_v2,static,0.878625134264232,0.06351550960118169
wikipedia,KFC_v2,static,0.8787785791008133,0.06351550960118169
wikipedia,KFC_v2,static,0.8789320239373946,0.06351550960118169
wikipedia,KFC_v2,static,0.8790854687739758,0.06351550960118169
wikipedia,KFC_v2,static,0.8792389136105571,0.06351550960118169
wikipedia,KFC_v2,static,0.8793923584471383,0.06351550960118169
wikipedia,KFC_v2,static,0.8795458032837196,0.06351550960118169
wikipedia,KFC_v2,static,0.8796992481203008,0.06351550960118169
wikipedia,KFC_v2,static,0.8798526929568821,0.06351550960118169
wikipedia,KFC_v2,static,0.8800061377934633,0.06351550960118169
wikipedia,KFC_v2,static,0.8801595826300446,0.06351550960118169
wikipedia,KFC_v2,static,0.8803130274666258,0.06351550960118169
wikipedia,KFC_v2,static,0.8804664723032071,0.06351550960118169
wikipedia,KFC_v2,static,0.8806199171397883,0.06351550960118169
wikipedia,KFC_v2,static,0.8807733619763696,0.06351550960118169
wikipedia,KFC_v2,static,0.8809268068129508,0.06351550960118169
wikipedia,KFC_v2,static,0.8810802516495321,0.06351550960118169
wikipedia,KFC_v2,static,0.8812336964861133,0.06351550960118169
wikipedia,KFC_v2,static,0.8813871413226946,0.06351550960118169
wikipedia,KFC_v2,static,0.8815405861592758,0.06351550960118169
wikipedia,KFC_v2,static,0.8816940309958571,0.06351550960118169
wikipedia,KFC_v2,static,0.8818474758324383,0.06351550960118169
wikipedia,KFC_v2,static,0.8820009206690196,0.06351550960118169
wikipedia,KFC_v2,static,0.8821543655056008,0.06351550960118169
wikipedia,KFC_v2,static,0.882307810342182,0.06351550960118169
wikipedia,KFC_v2,static,0.8824612551787633,0.06351550960118169
wikipedia,KFC_v2,static,0.8826147000153445,0.06351550960118169
wikipedia,KFC_v2,static,0.8827681448519258,0.06351550960118169
wikipedia,KFC_v2,static,0.882921589688507,0.06351550960118169
wikipedia,KFC_v2,static,0.8830750345250883,0.06351550960118169
wikipedia,KFC_v2,static,0.8832284793616695,0.06351550960118169
wikipedia,KFC_v2,static,0.8833819241982508,0.06351550960118169
wikipedia,KFC_v2,static,0.883535369034832,0.06351550960118169
wikipedia,KFC_v2,static,0.8836888138714133,0.06351550960118169
wikipedia,KFC_v2,static,0.8838422587079945,0.06351550960118169
wikipedia,KFC_v2,static,0.8839957035445758,0.06351550960118169
wikipedia,KFC_v2,static,0.884149148381157,0.06351550960118169
wikipedia,KFC_v2,static,0.8843025932177383,0.06351550960118169
wikipedia,KFC_v2,static,0.8844560380543195,0.06351550960118169
wikipedia,KFC_v2,static,0.8846094828909008,0.06351550960118169
wikipedia,KFC_v2,static,0.884762927727482,0.06351550960118169
wikipedia,KFC_v2,static,0.8849163725640633,0.06351550960118169
wikipedia,KFC_v2,static,0.8850698174006445,0.06351550960118169
wikipedia,KFC_v2,static,0.8852232622372258,0.06351550960118169
wikipedia,KFC_v2,static,0.885376707073807,0.06351550960118169
wikipedia,KFC_v2,static,0.8855301519103883,0.06351550960118169
wikipedia,KFC_v2,static,0.8856835967469695,0.06351550960118169
wikipedia,KFC_v2,static,0.8858370415835508,0.06351550960118169
wikipedia,KFC_v2,static,0.885990486420132,0.06351550960118169
wikipedia,KFC_v2,static,0.8861439312567132,0.06351550960118169
wikipedia,KFC_v2,static,0.8862973760932945,0.06351550960118169
wikipedia,KFC_v2,static,0.8864508209298757,0.06351550960118169
wikipedia,KFC_v2,static,0.886604265766457,0.06351550960118169
wikipedia,KFC_v2,static,0.8867577106030382,0.06351550960118169
wikipedia,KFC_v2,static,0.8869111554396195,0.06351550960118169
wikipedia,KFC_v2,static,0.8870646002762007,0.06351550960118169
wikipedia,KFC_v2,static,0.887218045112782,0.06351550960118169
wikipedia,KFC_v2,static,0.8873714899493632,0.06351550960118169
wikipedia,KFC_v2,static,0.8875249347859445,0.06351550960118169
wikipedia,KFC_v2,static,0.8876783796225257,0.06351550960118169
wikipedia,KFC_v2,static,0.887831824459107,0.06351550960118169
wikipedia,KFC_v2,static,0.8879852692956882,0.06351550960118169
wikipedia,KFC_v2,static,0.8881387141322695,0.06351550960118169
wikipedia,KFC_v2,static,0.8882921589688507,0.06351550960118169
wikipedia,KFC_v2,static,0.888445603805432,0.06351550960118169
wikipedia,KFC_v2,static,0.8885990486420132,0.06351550960118169
wikipedia,KFC_v2,static,0.8887524934785945,0.06351550960118169
wikipedia,KFC_v2,static,0.8889059383151757,0.06351550960118169
wikipedia,KFC_v2,static,0.889059383151757,0.06351550960118169
wikipedia,KFC_v2,static,0.8892128279883382,0.06351550960118169
wikipedia,KFC_v2,static,0.8893662728249195,0.06351550960118169
wikipedia,KFC_v2,static,0.8895197176615007,0.06351550960118169
wikipedia,KFC_v2,static,0.889673162498082,0.06351550960118169
wikipedia,KFC_v2,static,0.8898266073346632,0.06351550960118169
wikipedia,KFC_v2,static,0.8899800521712444,0.06351550960118169
wikipedia,KFC_v2,static,0.8901334970078257,0.06351550960118169
wikipedia,KFC_v2,static,0.8902869418444069,0.06351550960118169
wikipedia,KFC_v2,static,0.8904403866809882,0.06351550960118169
wikipedia,KFC_v2,static,0.8905938315175694,0.06351550960118169
wikipedia,KFC_v2,static,0.8907472763541507,0.06351550960118169
wikipedia,KFC_v2,static,0.8909007211907319,0.06351550960118169
wikipedia,KFC_v2,static,0.8910541660273132,0.06351550960118169
wikipedia,KFC_v2,static,0.8912076108638944,0.06351550960118169
wikipedia,KFC_v2,static,0.8913610557004757,0.06351550960118169
wikipedia,KFC_v2,static,0.8915145005370569,0.06351550960118169
wikipedia,KFC_v2,static,0.8916679453736382,0.06351550960118169
wikipedia,KFC_v2,static,0.8918213902102194,0.06351550960118169
wikipedia,KFC_v2,static,0.8919748350468008,0.06351550960118169
wikipedia,KFC_v2,static,0.892128279883382,0.06351550960118169
wikipedia,KFC_v2,static,0.8922817247199633,0.0620384047267356
wikipedia,KFC_v2,static,0.8924351695565444,0.0620384047267356
wikipedia,KFC_v2,static,0.8925886143931258,0.0620384047267356
wikipedia,KFC_v2,static,0.892742059229707,0.0620384047267356
wikipedia,KFC_v2,static,0.8928955040662883,0.0620384047267356
wikipedia,KFC_v2,static,0.8930489489028695,0.0620384047267356
wikipedia,KFC_v2,static,0.8932023937394508,0.0620384047267356
wikipedia,KFC_v2,static,0.893355838576032,0.0620384047267356
wikipedia,KFC_v2,static,0.8935092834126133,0.0620384047267356
wikipedia,KFC_v2,static,0.8936627282491945,0.0620384047267356
wikipedia,KFC_v2,static,0.8938161730857757,0.0620384047267356
wikipedia,KFC_v2,static,0.893969617922357,0.0620384047267356
wikipedia,KFC_v2,static,0.8941230627589382,0.0620384047267356
wikipedia,KFC_v2,static,0.8942765075955195,0.0620384047267356
wikipedia,KFC_v2,static,0.8944299524321007,0.060561299852289516
wikipedia,KFC_v2,static,0.894583397268682,0.060561299852289516
wikipedia,KFC_v2,static,0.8947368421052632,0.060561299852289516
wikipedia,KFC_v2,static,0.8948902869418445,0.060561299852289516
wikipedia,KFC_v2,static,0.8950437317784257,0.060561299852289516
wikipedia,KFC_v2,static,0.895197176615007,0.060561299852289516
wikipedia,KFC_v2,static,0.8953506214515882,0.060561299852289516
wikipedia,KFC_v2,static,0.8955040662881695,0.060561299852289516
wikipedia,KFC_v2,static,0.8956575111247507,0.060561299852289516
wikipedia,KFC_v2,static,0.895810955961332,0.060561299852289516
wikipedia,KFC_v2,static,0.8959644007979132,0.060561299852289516
wikipedia,KFC_v2,static,0.8961178456344945,0.060561299852289516
wikipedia,KFC_v2,static,0.8962712904710757,0.060561299852289516
wikipedia,KFC_v2,static,0.896424735307657,0.060561299852289516
wikipedia,KFC_v2,static,0.8965781801442382,0.060561299852289516
wikipedia,KFC_v2,static,0.8967316249808195,0.060561299852289516
wikipedia,KFC_v2,static,0.8968850698174007,0.060561299852289516
wikipedia,KFC_v2,static,0.897038514653982,0.060561299852289516
wikipedia,KFC_v2,static,0.8971919594905632,0.060561299852289516
wikipedia,KFC_v2,static,0.8973454043271444,0.060561299852289516
wikipedia,KFC_v2,static,0.8974988491637257,0.060561299852289516
wikipedia,KFC_v2,static,0.8976522940003069,0.060561299852289516
wikipedia,KFC_v2,static,0.8978057388368882,0.060561299852289516
wikipedia,KFC_v2,static,0.8979591836734694,0.060561299852289516
wikipedia,KFC_v2,static,0.8981126285100507,0.060561299852289516
wikipedia,KFC_v2,static,0.8982660733466319,0.060561299852289516
wikipedia,KFC_v2,static,0.8984195181832132,0.060561299852289516
wikipedia,KFC_v2,static,0.8985729630197944,0.060561299852289516
wikipedia,KFC_v2,static,0.8987264078563757,0.060561299852289516
wikipedia,KFC_v2,static,0.8988798526929569,0.060561299852289516
wikipedia,KFC_v2,static,0.8990332975295382,0.060561299852289516
wikipedia,KFC_v2,static,0.8991867423661194,0.060561299852289516
wikipedia,KFC_v2,static,0.8993401872027007,0.060561299852289516
wikipedia,KFC_v2,static,0.8994936320392819,0.060561299852289516
wikipedia,KFC_v2,static,0.8996470768758632,0.060561299852289516
wikipedia,KFC_v2,static,0.8998005217124444,0.060561299852289516
wikipedia,KFC_v2,static,0.8999539665490257,0.060561299852289516
wikipedia,KFC_v2,static,0.9001074113856069,0.060561299852289516
wikipedia,KFC_v2,static,0.9002608562221882,0.060561299852289516
wikipedia,KFC_v2,static,0.9004143010587694,0.060561299852289516
wikipedia,KFC_v2,static,0.9005677458953507,0.060561299852289516
wikipedia,KFC_v2,static,0.9007211907319319,0.060561299852289516
wikipedia,KFC_v2,static,0.9008746355685132,0.060561299852289516
wikipedia,KFC_v2,static,0.9010280804050944,0.060561299852289516
wikipedia,KFC_v2,static,0.9011815252416756,0.060561299852289516
wikipedia,KFC_v2,static,0.9013349700782569,0.060561299852289516
wikipedia,KFC_v2,static,0.9014884149148381,0.060561299852289516
wikipedia,KFC_v2,static,0.9016418597514194,0.060561299852289516
wikipedia,KFC_v2,static,0.9017953045880006,0.060561299852289516
wikipedia,KFC_v2,static,0.9019487494245819,0.060561299852289516
wikipedia,KFC_v2,static,0.9021021942611631,0.060561299852289516
wikipedia,KFC_v2,static,0.9022556390977444,0.060561299852289516
wikipedia,KFC_v2,static,0.9024090839343256,0.060561299852289516
wikipedia,KFC_v2,static,0.9025625287709069,0.060561299852289516
wikipedia,KFC_v2,static,0.9027159736074881,0.060561299852289516
wikipedia,KFC_v2,static,0.9028694184440694,0.060561299852289516
wikipedia,KFC_v2,static,0.9030228632806506,0.060561299852289516
wikipedia,KFC_v2,static,0.9031763081172319,0.060561299852289516
wikipedia,KFC_v2,static,0.9033297529538131,0.060561299852289516
wikipedia,KFC_v2,static,0.9034831977903944,0.060561299852289516
wikipedia,KFC_v2,static,0.9036366426269756,0.060561299852289516
wikipedia,KFC_v2,static,0.9037900874635569,0.060561299852289516
wikipedia,KFC_v2,static,0.9039435323001381,0.060561299852289516
wikipedia,KFC_v2,static,0.9040969771367194,0.060561299852289516
wikipedia,KFC_v2,static,0.9042504219733006,0.060561299852289516
wikipedia,KFC_v2,static,0.9044038668098819,0.060561299852289516
wikipedia,KFC_v2,static,0.9045573116464631,0.060561299852289516
wikipedia,KFC_v2,static,0.9047107564830444,0.060561299852289516
wikipedia,KFC_v2,static,0.9048642013196256,0.060561299852289516
wikipedia,KFC_v2,static,0.9050176461562068,0.060561299852289516
wikipedia,KFC_v2,static,0.9051710909927881,0.060561299852289516
wikipedia,KFC_v2,static,0.9053245358293693,0.060561299852289516
wikipedia,KFC_v2,static,0.9054779806659506,0.060561299852289516
wikipedia,KFC_v2,static,0.9056314255025318,0.060561299852289516
wikipedia,KFC_v2,static,0.9057848703391131,0.060561299852289516
wikipedia,KFC_v2,static,0.9059383151756943,0.060561299852289516
wikipedia,KFC_v2,static,0.9060917600122756,0.060561299852289516
wikipedia,KFC_v2,static,0.9062452048488568,0.060561299852289516
wikipedia,KFC_v2,static,0.9063986496854382,0.060561299852289516
wikipedia,KFC_v2,static,0.9065520945220193,0.060561299852289516
wikipedia,KFC_v2,static,0.9067055393586007,0.060561299852289516
wikipedia,KFC_v2,static,0.9068589841951818,0.060561299852289516
wikipedia,KFC_v2,static,0.9070124290317632,0.060561299852289516
wikipedia,KFC_v2,static,0.9071658738683444,0.060561299852289516
wikipedia,KFC_v2,static,0.9073193187049257,0.060561299852289516
wikipedia,KFC_v2,static,0.9074727635415069,0.060561299852289516
wikipedia,KFC_v2,static,0.9076262083780882,0.060561299852289516
wikipedia,KFC_v2,static,0.9077796532146694,0.060561299852289516
wikipedia,KFC_v2,static,0.9079330980512507,0.060561299852289516
wikipedia,KFC_v2,static,0.9080865428878319,0.060561299852289516
wikipedia,KFC_v2,static,0.9082399877244132,0.060561299852289516
wikipedia,KFC_v2,static,0.9083934325609944,0.060561299852289516
wikipedia,KFC_v2,static,0.9085468773975757,0.060561299852289516
wikipedia,KFC_v2,static,0.9087003222341569,0.060561299852289516
wikipedia,KFC_v2,static,0.9088537670707381,0.059084194977843424
wikipedia,KFC_v2,static,0.9090072119073194,0.059084194977843424
wikipedia,KFC_v2,static,0.9091606567439006,0.059084194977843424
wikipedia,KFC_v2,static,0.9093141015804819,0.059084194977843424
wikipedia,KFC_v2,static,0.9094675464170631,0.059084194977843424
wikipedia,KFC_v2,static,0.9096209912536444,0.059084194977843424
wikipedia,KFC_v2,static,0.9097744360902256,0.059084194977843424
wikipedia,KFC_v2,static,0.9099278809268069,0.059084194977843424
wikipedia,KFC_v2,static,0.9100813257633881,0.059084194977843424
wikipedia,KFC_v2,static,0.9102347705999694,0.059084194977843424
wikipedia,KFC_v2,static,0.9103882154365506,0.059084194977843424
wikipedia,KFC_v2,static,0.9105416602731319,0.059084194977843424
wikipedia,KFC_v2,static,0.9106951051097131,0.059084194977843424
wikipedia,KFC_v2,static,0.9108485499462944,0.059084194977843424
wikipedia,KFC_v2,static,0.9110019947828756,0.059084194977843424
wikipedia,KFC_v2,static,0.9111554396194569,0.059084194977843424
wikipedia,KFC_v2,static,0.9113088844560381,0.059084194977843424
wikipedia,KFC_v2,static,0.9114623292926194,0.059084194977843424
wikipedia,KFC_v2,static,0.9116157741292006,0.059084194977843424
wikipedia,KFC_v2,static,0.9117692189657819,0.059084194977843424
wikipedia,KFC_v2,static,0.9119226638023631,0.059084194977843424
wikipedia,KFC_v2,static,0.9120761086389444,0.059084194977843424
wikipedia,KFC_v2,static,0.9122295534755256,0.059084194977843424
wikipedia,KFC_v2,static,0.9123829983121069,0.059084194977843424
wikipedia,KFC_v2,static,0.9125364431486881,0.059084194977843424
wikipedia,KFC_v2,static,0.9126898879852693,0.059084194977843424
wikipedia,KFC_v2,static,0.9128433328218506,0.059084194977843424
wikipedia,KFC_v2,static,0.9129967776584318,0.059084194977843424
wikipedia,KFC_v2,static,0.9131502224950131,0.059084194977843424
wikipedia,KFC_v2,static,0.9133036673315943,0.059084194977843424
wikipedia,KFC_v2,static,0.9134571121681756,0.05760709010339734
wikipedia,KFC_v2,static,0.9136105570047568,0.05760709010339734
wikipedia,KFC_v2,static,0.9137640018413381,0.05760709010339734
wikipedia,KFC_v2,static,0.9139174466779193,0.05760709010339734
wikipedia,KFC_v2,static,0.9140708915145006,0.05760709010339734
wikipedia,KFC_v2,static,0.9142243363510818,0.05760709010339734
wikipedia,KFC_v2,static,0.9143777811876631,0.05760709010339734
wikipedia,KFC_v2,static,0.9145312260242443,0.05760709010339734
wikipedia,KFC_v2,static,0.9146846708608256,0.05760709010339734
wikipedia,KFC_v2,static,0.9148381156974068,0.05760709010339734
wikipedia,KFC_v2,static,0.9149915605339881,0.05760709010339734
wikipedia,KFC_v2,static,0.9151450053705693,0.05760709010339734
wikipedia,KFC_v2,static,0.9152984502071506,0.05760709010339734
wikipedia,KFC_v2,static,0.9154518950437318,0.05760709010339734
wikipedia,KFC_v2,static,0.9156053398803131,0.05760709010339734
wikipedia,KFC_v2,static,0.9157587847168943,0.05760709010339734
wikipedia,KFC_v2,static,0.9159122295534756,0.05760709010339734
wikipedia,KFC_v2,static,0.9160656743900568,0.05760709010339734
wikipedia,KFC_v2,static,0.9162191192266381,0.05760709010339734
wikipedia,KFC_v2,static,0.9163725640632193,0.05760709010339734
wikipedia,KFC_v2,static,0.9165260088998005,0.05760709010339734
wikipedia,KFC_v2,static,0.9166794537363818,0.05760709010339734
wikipedia,KFC_v2,static,0.916832898572963,0.05760709010339734
wikipedia,KFC_v2,static,0.9169863434095443,0.05760709010339734
wikipedia,KFC_v2,static,0.9171397882461255,0.05760709010339734
wikipedia,KFC_v2,static,0.9172932330827068,0.05760709010339734
wikipedia,KFC_v2,static,0.917446677919288,0.05760709010339734
wikipedia,KFC_v2,static,0.9176001227558693,0.05760709010339734
wikipedia,KFC_v2,static,0.9177535675924505,0.05760709010339734
wikipedia,KFC_v2,static,0.9179070124290318,0.05760709010339734
wikipedia,KFC_v2,static,0.918060457265613,0.05760709010339734
wikipedia,KFC_v2,static,0.9182139021021943,0.05760709010339734
wikipedia,KFC_v2,static,0.9183673469387755,0.05760709010339734
wikipedia,KFC_v2,static,0.9185207917753568,0.05760709010339734
wikipedia,KFC_v2,static,0.918674236611938,0.05760709010339734
wikipedia,KFC_v2,static,0.9188276814485193,0.05760709010339734
wikipedia,KFC_v2,static,0.9189811262851005,0.05760709010339734
wikipedia,KFC_v2,static,0.9191345711216818,0.05760709010339734
wikipedia,KFC_v2,static,0.919288015958263,0.05760709010339734
wikipedia,KFC_v2,static,0.9194414607948443,0.05760709010339734
wikipedia,KFC_v2,static,0.9195949056314255,0.05760709010339734
wikipedia,KFC_v2,static,0.9197483504680068,0.05760709010339734
wikipedia,KFC_v2,static,0.919901795304588,0.05760709010339734
wikipedia,KFC_v2,static,0.9200552401411692,0.05760709010339734
wikipedia,KFC_v2,static,0.9202086849777505,0.05760709010339734
wikipedia,KFC_v2,static,0.9203621298143317,0.05760709010339734
wikipedia,KFC_v2,static,0.920515574650913,0.05760709010339734
wikipedia,KFC_v2,static,0.9206690194874942,0.05760709010339734
wikipedia,KFC_v2,static,0.9208224643240756,0.05760709010339734
wikipedia,KFC_v2,static,0.9209759091606567,0.05760709010339734
wikipedia,KFC_v2,static,0.921129353997238,0.05760709010339734
wikipedia,KFC_v2,static,0.9212827988338192,0.05760709010339734
wikipedia,KFC_v2,static,0.9214362436704006,0.05760709010339734
wikipedia,KFC_v2,static,0.9215896885069818,0.05760709010339734
wikipedia,KFC_v2,static,0.9217431333435631,0.056129985228951254
wikipedia,KFC_v2,static,0.9218965781801443,0.056129985228951254
wikipedia,KFC_v2,static,0.9220500230167256,0.056129985228951254
wikipedia,KFC_v2,static,0.9222034678533068,0.056129985228951254
wikipedia,KFC_v2,static,0.9223569126898881,0.056129985228951254
wikipedia,KFC_v2,static,0.9225103575264693,0.056129985228951254
wikipedia,KFC_v2,static,0.9226638023630506,0.056129985228951254
wikipedia,KFC_v2,static,0.9228172471996318,0.05465288035450517
wikipedia,KFC_v2,static,0.9229706920362131,0.05465288035450517
wikipedia,KFC_v2,static,0.9231241368727943,0.05465288035450517
wikipedia,KFC_v2,static,0.9232775817093756,0.05465288035450517
wikipedia,KFC_v2,static,0.9234310265459568,0.05465288035450517
wikipedia,KFC_v2,static,0.9235844713825381,0.05465288035450517
wikipedia,KFC_v2,static,0.9237379162191193,0.05465288035450517
wikipedia,KFC_v2,static,0.9238913610557005,0.05465288035450517
wikipedia,KFC_v2,static,0.9240448058922818,0.05465288035450517
wikipedia,KFC_v2,static,0.924198250728863,0.05465288035450517
wikipedia,KFC_v2,static,0.9243516955654443,0.05465288035450517
wikipedia,KFC_v2,static,0.9245051404020255,0.05465288035450517
wikipedia,KFC_v2,static,0.9246585852386068,0.05465288035450517
wikipedia,KFC_v2,static,0.924812030075188,0.05465288035450517
wikipedia,KFC_v2,static,0.9249654749117693,0.05465288035450517
wikipedia,KFC_v2,static,0.9251189197483505,0.05465288035450517
wikipedia,KFC_v2,static,0.9252723645849318,0.05465288035450517
wikipedia,KFC_v2,static,0.925425809421513,0.05465288035450517
wikipedia,KFC_v2,static,0.9255792542580943,0.05465288035450517
wikipedia,KFC_v2,static,0.9257326990946755,0.05465288035450517
wikipedia,KFC_v2,static,0.9258861439312568,0.05465288035450517
wikipedia,KFC_v2,static,0.926039588767838,0.05465288035450517
wikipedia,KFC_v2,static,0.9261930336044193,0.05465288035450517
wikipedia,KFC_v2,static,0.9263464784410005,0.05465288035450517
wikipedia,KFC_v2,static,0.9264999232775818,0.05465288035450517
wikipedia,KFC_v2,static,0.926653368114163,0.05465288035450517
wikipedia,KFC_v2,static,0.9268068129507443,0.05465288035450517
wikipedia,KFC_v2,static,0.9269602577873255,0.05465288035450517
wikipedia,KFC_v2,static,0.9271137026239068,0.05465288035450517
wikipedia,KFC_v2,static,0.927267147460488,0.05465288035450517
wikipedia,KFC_v2,static,0.9274205922970693,0.05465288035450517
wikipedia,KFC_v2,static,0.9275740371336505,0.053175775480059084
wikipedia,KFC_v2,static,0.9277274819702317,0.053175775480059084
wikipedia,KFC_v2,static,0.927880926806813,0.053175775480059084
wikipedia,KFC_v2,static,0.9280343716433942,0.053175775480059084
wikipedia,KFC_v2,static,0.9281878164799755,0.053175775480059084
wikipedia,KFC_v2,static,0.9283412613165567,0.053175775480059084
wikipedia,KFC_v2,static,0.928494706153138,0.053175775480059084
wikipedia,KFC_v2,static,0.9286481509897192,0.053175775480059084
wikipedia,KFC_v2,static,0.9288015958263005,0.053175775480059084
wikipedia,KFC_v2,static,0.9289550406628817,0.053175775480059084
wikipedia,KFC_v2,static,0.929108485499463,0.053175775480059084
wikipedia,KFC_v2,static,0.9292619303360442,0.053175775480059084
wikipedia,KFC_v2,static,0.9294153751726255,0.053175775480059084
wikipedia,KFC_v2,static,0.9295688200092067,0.053175775480059084
wikipedia,KFC_v2,static,0.929722264845788,0.053175775480059084
wikipedia,KFC_v2,static,0.9298757096823692,0.053175775480059084
wikipedia,KFC_v2,static,0.9300291545189505,0.053175775480059084
wikipedia,KFC_v2,static,0.9301825993555317,0.053175775480059084
wikipedia,KFC_v2,static,0.930336044192113,0.053175775480059084
wikipedia,KFC_v2,static,0.9304894890286942,0.053175775480059084
wikipedia,KFC_v2,static,0.9306429338652755,0.053175775480059084
wikipedia,KFC_v2,static,0.9307963787018567,0.053175775480059084
wikipedia,KFC_v2,static,0.930949823538438,0.053175775480059084
wikipedia,KFC_v2,static,0.9311032683750192,0.053175775480059084
wikipedia,KFC_v2,static,0.9312567132116005,0.053175775480059084
wikipedia,KFC_v2,static,0.9314101580481817,0.053175775480059084
wikipedia,KFC_v2,static,0.9315636028847629,0.053175775480059084
wikipedia,KFC_v2,static,0.9317170477213442,0.051698670605613
wikipedia,KFC_v2,static,0.9318704925579254,0.051698670605613
wikipedia,KFC_v2,static,0.9320239373945067,0.051698670605613
wikipedia,KFC_v2,static,0.9321773822310879,0.051698670605613
wikipedia,KFC_v2,static,0.9323308270676692,0.051698670605613
wikipedia,KFC_v2,static,0.9324842719042504,0.051698670605613
wikipedia,KFC_v2,static,0.9326377167408317,0.051698670605613
wikipedia,KFC_v2,static,0.9327911615774129,0.050221565731166914
wikipedia,KFC_v2,static,0.9329446064139942,0.050221565731166914
wikipedia,KFC_v2,static,0.9330980512505754,0.050221565731166914
wikipedia,KFC_v2,static,0.9332514960871567,0.050221565731166914
wikipedia,KFC_v2,static,0.9334049409237379,0.050221565731166914
wikipedia,KFC_v2,static,0.9335583857603192,0.050221565731166914
wikipedia,KFC_v2,static,0.9337118305969004,0.050221565731166914
wikipedia,KFC_v2,static,0.9338652754334817,0.050221565731166914
wikipedia,KFC_v2,static,0.9340187202700629,0.050221565731166914
wikipedia,KFC_v2,static,0.9341721651066442,0.050221565731166914
wikipedia,KFC_v2,static,0.9343256099432254,0.050221565731166914
wikipedia,KFC_v2,static,0.9344790547798068,0.04874446085672083
wikipedia,KFC_v2,static,0.934632499616388,0.04874446085672083
wikipedia,KFC_v2,static,0.9347859444529693,0.04874446085672083
wikipedia,KFC_v2,static,0.9349393892895504,0.04874446085672083
wikipedia,KFC_v2,static,0.9350928341261318,0.04874446085672083
wikipedia,KFC_v2,static,0.935246278962713,0.04874446085672083
wikipedia,KFC_v2,static,0.9353997237992941,0.04874446085672083
wikipedia,KFC_v2,static,0.9355531686358755,0.04874446085672083
wikipedia,KFC_v2,static,0.9357066134724566,0.04874446085672083
wikipedia,KFC_v2,static,0.935860058309038,0.04874446085672083
wikipedia,KFC_v2,static,0.9360135031456192,0.04874446085672083
wikipedia,KFC_v2,static,0.9361669479822005,0.04874446085672083
wikipedia,KFC_v2,static,0.9363203928187817,0.04874446085672083
wikipedia,KFC_v2,static,0.936473837655363,0.04874446085672083
wikipedia,KFC_v2,static,0.9366272824919442,0.04874446085672083
wikipedia,KFC_v2,static,0.9367807273285255,0.04874446085672083
wikipedia,KFC_v2,static,0.9369341721651067,0.04874446085672083
wikipedia,KFC_v2,static,0.937087617001688,0.04874446085672083
wikipedia,KFC_v2,static,0.9372410618382692,0.04874446085672083
wikipedia,KFC_v2,static,0.9373945066748505,0.04874446085672083
wikipedia,KFC_v2,static,0.9375479515114317,0.04874446085672083
wikipedia,KFC_v2,static,0.937701396348013,0.04874446085672083
wikipedia,KFC_v2,static,0.9378548411845942,0.04874446085672083
wikipedia,KFC_v2,static,0.9380082860211755,0.04874446085672083
wikipedia,KFC_v2,static,0.9381617308577567,0.04874446085672083
wikipedia,KFC_v2,static,0.938315175694338,0.04874446085672083
wikipedia,KFC_v2,static,0.9384686205309192,0.04874446085672083
wikipedia,KFC_v2,static,0.9386220653675005,0.04874446085672083
wikipedia,KFC_v2,static,0.9387755102040817,0.04874446085672083
wikipedia,KFC_v2,static,0.938928955040663,0.04874446085672083
wikipedia,KFC_v2,static,0.9390823998772442,0.04874446085672083
wikipedia,KFC_v2,static,0.9392358447138254,0.04874446085672083
wikipedia,KFC_v2,static,0.9393892895504067,0.04874446085672083
wikipedia,KFC_v2,static,0.9395427343869879,0.04874446085672083
wikipedia,KFC_v2,static,0.9396961792235692,0.04874446085672083
wikipedia,KFC_v2,static,0.9398496240601504,0.04874446085672083
wikipedia,KFC_v2,static,0.9400030688967317,0.04874446085672083
wikipedia,KFC_v2,static,0.9401565137333129,0.04874446085672083
wikipedia,KFC_v2,static,0.9403099585698942,0.04874446085672083
wikipedia,KFC_v2,static,0.9404634034064754,0.04874446085672083
wikipedia,KFC_v2,static,0.9406168482430567,0.04874446085672083
wikipedia,KFC_v2,static,0.9407702930796379,0.04874446085672083
wikipedia,KFC_v2,static,0.9409237379162192,0.04874446085672083
wikipedia,KFC_v2,static,0.9410771827528004,0.04874446085672083
wikipedia,KFC_v2,static,0.9412306275893817,0.04874446085672083
wikipedia,KFC_v2,static,0.9413840724259629,0.04874446085672083
wikipedia,KFC_v2,static,0.9415375172625442,0.04874446085672083
wikipedia,KFC_v2,static,0.9416909620991254,0.047267355982274745
wikipedia,KFC_v2,static,0.9418444069357067,0.047267355982274745
wikipedia,KFC_v2,static,0.9419978517722879,0.047267355982274745
wikipedia,KFC_v2,static,0.9421512966088692,0.047267355982274745
wikipedia,KFC_v2,static,0.9423047414454504,0.047267355982274745
wikipedia,KFC_v2,static,0.9424581862820317,0.047267355982274745
wikipedia,KFC_v2,static,0.9426116311186129,0.047267355982274745
wikipedia,KFC_v2,static,0.9427650759551942,0.047267355982274745
wikipedia,KFC_v2,static,0.9429185207917754,0.047267355982274745
wikipedia,KFC_v2,static,0.9430719656283566,0.047267355982274745
wikipedia,KFC_v2,static,0.9432254104649379,0.047267355982274745
wikipedia,KFC_v2,static,0.9433788553015191,0.047267355982274745
wikipedia,KFC_v2,static,0.9435323001381004,0.047267355982274745
wikipedia,KFC_v2,static,0.9436857449746816,0.047267355982274745
wikipedia,KFC_v2,static,0.9438391898112629,0.047267355982274745
wikipedia,KFC_v2,static,0.9439926346478441,0.04579025110782865
wikipedia,KFC_v2,static,0.9441460794844254,0.04579025110782865
wikipedia,KFC_v2,static,0.9442995243210066,0.04579025110782865
wikipedia,KFC_v2,static,0.9444529691575879,0.04579025110782865
wikipedia,KFC_v2,static,0.9446064139941691,0.04579025110782865
wikipedia,KFC_v2,static,0.9447598588307504,0.04579025110782865
wikipedia,KFC_v2,static,0.9449133036673316,0.04579025110782865
wikipedia,KFC_v2,static,0.9450667485039129,0.04579025110782865
wikipedia,KFC_v2,static,0.9452201933404941,0.04579025110782865
wikipedia,KFC_v2,static,0.9453736381770754,0.04579025110782865
wikipedia,KFC_v2,static,0.9455270830136566,0.04579025110782865
wikipedia,KFC_v2,static,0.9456805278502379,0.04579025110782865
wikipedia,KFC_v2,static,0.9458339726868191,0.04579025110782865
wikipedia,KFC_v2,static,0.9459874175234004,0.04579025110782865
wikipedia,KFC_v2,static,0.9461408623599816,0.04579025110782865
wikipedia,KFC_v2,static,0.9462943071965629,0.04579025110782865
wikipedia,KFC_v2,static,0.9464477520331441,0.04579025110782865
wikipedia,KFC_v2,static,0.9466011968697253,0.04579025110782865
wikipedia,KFC_v2,static,0.9467546417063066,0.04579025110782865
wikipedia,KFC_v2,static,0.9469080865428878,0.04579025110782865
wikipedia,KFC_v2,static,0.9470615313794691,0.04579025110782865
wikipedia,KFC_v2,static,0.9472149762160503,0.04579025110782865
wikipedia,KFC_v2,static,0.9473684210526316,0.04579025110782865
wikipedia,KFC_v2,static,0.9475218658892128,0.04579025110782865
wikipedia,KFC_v2,static,0.9476753107257941,0.04579025110782865
wikipedia,KFC_v2,static,0.9478287555623753,0.04579025110782865
wikipedia,KFC_v2,static,0.9479822003989566,0.04579025110782865
wikipedia,KFC_v2,static,0.9481356452355378,0.04579025110782865
wikipedia,KFC_v2,static,0.9482890900721191,0.04579025110782865
wikipedia,KFC_v2,static,0.9484425349087003,0.04579025110782865
wikipedia,KFC_v2,static,0.9485959797452816,0.04579025110782865
wikipedia,KFC_v2,static,0.9487494245818628,0.04579025110782865
wikipedia,KFC_v2,static,0.9489028694184442,0.04579025110782865
wikipedia,KFC_v2,static,0.9490563142550253,0.04579025110782865
wikipedia,KFC_v2,static,0.9492097590916067,0.04579025110782865
wikipedia,KFC_v2,static,0.9493632039281878,0.04579025110782865
wikipedia,KFC_v2,static,0.9495166487647692,0.04579025110782865
wikipedia,KFC_v2,static,0.9496700936013504,0.04579025110782865
wikipedia,KFC_v2,static,0.9498235384379317,0.04579025110782865
wikipedia,KFC_v2,static,0.9499769832745129,0.04579025110782865
wikipedia,KFC_v2,static,0.9501304281110942,0.04579025110782865
wikipedia,KFC_v2,static,0.9502838729476754,0.04579025110782865
wikipedia,KFC_v2,static,0.9504373177842566,0.04579025110782865
wikipedia,KFC_v2,static,0.9505907626208379,0.04579025110782865
wikipedia,KFC_v2,static,0.950744207457419,0.04579025110782865
wikipedia,KFC_v2,static,0.9508976522940004,0.04431314623338257
wikipedia,KFC_v2,static,0.9510510971305816,0.04431314623338257
wikipedia,KFC_v2,static,0.9512045419671629,0.04431314623338257
wikipedia,KFC_v2,static,0.9513579868037441,0.04431314623338257
wikipedia,KFC_v2,static,0.9515114316403254,0.04431314623338257
wikipedia,KFC_v2,static,0.9516648764769066,0.04431314623338257
wikipedia,KFC_v2,static,0.9518183213134879,0.04431314623338257
wikipedia,KFC_v2,static,0.9519717661500691,0.04431314623338257
wikipedia,KFC_v2,static,0.9521252109866504,0.04431314623338257
wikipedia,KFC_v2,static,0.9522786558232316,0.04431314623338257
wikipedia,KFC_v2,static,0.9524321006598129,0.04431314623338257
wikipedia,KFC_v2,static,0.9525855454963941,0.04431314623338257
wikipedia,KFC_v2,static,0.9527389903329754,0.04431314623338257
wikipedia,KFC_v2,static,0.9528924351695566,0.04431314623338257
wikipedia,KFC_v2,static,0.9530458800061379,0.04431314623338257
wikipedia,KFC_v2,static,0.9531993248427191,0.04431314623338257
wikipedia,KFC_v2,static,0.9533527696793004,0.04431314623338257
wikipedia,KFC_v2,static,0.9535062145158816,0.04431314623338257
wikipedia,KFC_v2,static,0.9536596593524629,0.04431314623338257
wikipedia,KFC_v2,static,0.9538131041890441,0.04283604135893648
wikipedia,KFC_v2,static,0.9539665490256254,0.04283604135893648
wikipedia,KFC_v2,static,0.9541199938622066,0.04283604135893648
wikipedia,KFC_v2,static,0.9542734386987878,0.04283604135893648
wikipedia,KFC_v2,static,0.9544268835353691,0.04283604135893648
wikipedia,KFC_v2,static,0.9545803283719503,0.0413589364844904
wikipedia,KFC_v2,static,0.9547337732085316,0.0413589364844904
wikipedia,KFC_v2,static,0.9548872180451128,0.0413589364844904
wikipedia,KFC_v2,static,0.9550406628816941,0.0413589364844904
wikipedia,KFC_v2,static,0.9551941077182753,0.0413589364844904
wikipedia,KFC_v2,static,0.9553475525548566,0.0413589364844904
wikipedia,KFC_v2,static,0.9555009973914378,0.0413589364844904
wikipedia,KFC_v2,static,0.9556544422280191,0.0413589364844904
wikipedia,KFC_v2,static,0.9558078870646003,0.0413589364844904
wikipedia,KFC_v2,static,0.9559613319011816,0.0413589364844904
wikipedia,KFC_v2,static,0.9561147767377628,0.0413589364844904
wikipedia,KFC_v2,static,0.9562682215743441,0.0413589364844904
wikipedia,KFC_v2,static,0.9564216664109253,0.0413589364844904
wikipedia,KFC_v2,static,0.9565751112475066,0.0413589364844904
wikipedia,KFC_v2,static,0.9567285560840878,0.0413589364844904
wikipedia,KFC_v2,static,0.9568820009206691,0.0413589364844904
wikipedia,KFC_v2,static,0.9570354457572503,0.03988183161004431
wikipedia,KFC_v2,static,0.9571888905938316,0.03988183161004431
wikipedia,KFC_v2,static,0.9573423354304128,0.03988183161004431
wikipedia,KFC_v2,static,0.9574957802669941,0.03988183161004431
wikipedia,KFC_v2,static,0.9576492251035753,0.03840472673559823
wikipedia,KFC_v2,static,0.9578026699401566,0.03840472673559823
wikipedia,KFC_v2,static,0.9579561147767378,0.03840472673559823
wikipedia,KFC_v2,static,0.958109559613319,0.03840472673559823
wikipedia,KFC_v2,static,0.9582630044499003,0.03840472673559823
wikipedia,KFC_v2,static,0.9584164492864815,0.03840472673559823
wikipedia,KFC_v2,static,0.9585698941230628,0.03840472673559823
wikipedia,KFC_v2,static,0.958723338959644,0.03840472673559823
wikipedia,KFC_v2,static,0.9588767837962253,0.03840472673559823
wikipedia,KFC_v2,static,0.9590302286328065,0.03840472673559823
wikipedia,KFC_v2,static,0.9591836734693878,0.03840472673559823
wikipedia,KFC_v2,static,0.959337118305969,0.03840472673559823
wikipedia,KFC_v2,static,0.9594905631425503,0.03840472673559823
wikipedia,KFC_v2,static,0.9596440079791315,0.03840472673559823
wikipedia,KFC_v2,static,0.9597974528157128,0.03840472673559823
wikipedia,KFC_v2,static,0.959950897652294,0.03692762186115214
wikipedia,KFC_v2,static,0.9601043424888753,0.03692762186115214
wikipedia,KFC_v2,static,0.9602577873254565,0.03692762186115214
wikipedia,KFC_v2,static,0.9604112321620378,0.03692762186115214
wikipedia,KFC_v2,static,0.960564676998619,0.03692762186115214
wikipedia,KFC_v2,static,0.9607181218352003,0.03692762186115214
wikipedia,KFC_v2,static,0.9608715666717815,0.03692762186115214
wikipedia,KFC_v2,static,0.9610250115083628,0.03692762186115214
wikipedia,KFC_v2,static,0.961178456344944,0.03692762186115214
wikipedia,KFC_v2,static,0.9613319011815253,0.03692762186115214
wikipedia,KFC_v2,static,0.9614853460181065,0.03692762186115214
wikipedia,KFC_v2,static,0.9616387908546878,0.03545051698670606
wikipedia,KFC_v2,static,0.961792235691269,0.03545051698670606
wikipedia,KFC_v2,static,0.9619456805278502,0.03545051698670606
wikipedia,KFC_v2,static,0.9620991253644315,0.03545051698670606
wikipedia,KFC_v2,static,0.9622525702010127,0.03545051698670606
wikipedia,KFC_v2,static,0.962406015037594,0.03545051698670606
wikipedia,KFC_v2,static,0.9625594598741752,0.03545051698670606
wikipedia,KFC_v2,static,0.9627129047107565,0.03545051698670606
wikipedia,KFC_v2,static,0.9628663495473377,0.03545051698670606
wikipedia,KFC_v2,static,0.963019794383919,0.03545051698670606
wikipedia,KFC_v2,static,0.9631732392205002,0.03545051698670606
wikipedia,KFC_v2,static,0.9633266840570816,0.03545051698670606
wikipedia,KFC_v2,static,0.9634801288936627,0.03545051698670606
wikipedia,KFC_v2,static,0.963633573730244,0.03545051698670606
wikipedia,KFC_v2,static,0.9637870185668252,0.03545051698670606
wikipedia,KFC_v2,static,0.9639404634034066,0.03545051698670606
wikipedia,KFC_v2,static,0.9640939082399878,0.03545051698670606
wikipedia,KFC_v2,static,0.9642473530765691,0.03545051698670606
wikipedia,KFC_v2,static,0.9644007979131503,0.03545051698670606
wikipedia,KFC_v2,static,0.9645542427497316,0.033973412112259974
wikipedia,KFC_v2,static,0.9647076875863128,0.033973412112259974
wikipedia,KFC_v2,static,0.9648611324228941,0.033973412112259974
wikipedia,KFC_v2,static,0.9650145772594753,0.033973412112259974
wikipedia,KFC_v2,static,0.9651680220960566,0.033973412112259974
wikipedia,KFC_v2,static,0.9653214669326378,0.033973412112259974
wikipedia,KFC_v2,static,0.9654749117692191,0.033973412112259974
wikipedia,KFC_v2,static,0.9656283566058003,0.033973412112259974
wikipedia,KFC_v2,static,0.9657818014423815,0.033973412112259974
wikipedia,KFC_v2,static,0.9659352462789628,0.033973412112259974
wikipedia,KFC_v2,static,0.966088691115544,0.03249630723781388
wikipedia,KFC_v2,static,0.9662421359521253,0.03249630723781388
wikipedia,KFC_v2,static,0.9663955807887065,0.03249630723781388
wikipedia,KFC_v2,static,0.9665490256252878,0.0310192023633678
wikipedia,KFC_v2,static,0.966702470461869,0.0310192023633678
wikipedia,KFC_v2,static,0.9668559152984503,0.0310192023633678
wikipedia,KFC_v2,static,0.9670093601350315,0.0310192023633678
wikipedia,KFC_v2,static,0.9671628049716128,0.0310192023633678
wikipedia,KFC_v2,static,0.967316249808194,0.0310192023633678
wikipedia,KFC_v2,static,0.9674696946447753,0.0310192023633678
wikipedia,KFC_v2,static,0.9676231394813565,0.0310192023633678
wikipedia,KFC_v2,static,0.9677765843179378,0.0310192023633678
wikipedia,KFC_v2,static,0.967930029154519,0.0310192023633678
wikipedia,KFC_v2,static,0.9680834739911003,0.0310192023633678
wikipedia,KFC_v2,static,0.9682369188276815,0.0310192023633678
wikipedia,KFC_v2,static,0.9683903636642628,0.0310192023633678
wikipedia,KFC_v2,static,0.968543808500844,0.028064992614475627
wikipedia,KFC_v2,static,0.9686972533374253,0.028064992614475627
wikipedia,KFC_v2,static,0.9688506981740065,0.028064992614475627
wikipedia,KFC_v2,static,0.9690041430105878,0.028064992614475627
wikipedia,KFC_v2,static,0.969157587847169,0.028064992614475627
wikipedia,KFC_v2,static,0.9693110326837502,0.028064992614475627
wikipedia,KFC_v2,static,0.9694644775203315,0.028064992614475627
wikipedia,KFC_v2,static,0.9696179223569127,0.028064992614475627
wikipedia,KFC_v2,static,0.969771367193494,0.028064992614475627
wikipedia,KFC_v2,static,0.9699248120300752,0.028064992614475627
wikipedia,KFC_v2,static,0.9700782568666565,0.028064992614475627
wikipedia,KFC_v2,static,0.9702317017032377,0.028064992614475627
wikipedia,KFC_v2,static,0.970385146539819,0.028064992614475627
wikipedia,KFC_v2,static,0.9705385913764002,0.028064992614475627
wikipedia,KFC_v2,static,0.9706920362129815,0.028064992614475627
wikipedia,KFC_v2,static,0.9708454810495627,0.028064992614475627
wikipedia,KFC_v2,static,0.970998925886144,0.028064992614475627
wikipedia,KFC_v2,static,0.9711523707227252,0.028064992614475627
wikipedia,KFC_v2,static,0.9713058155593065,0.028064992614475627
wikipedia,KFC_v2,static,0.9714592603958877,0.028064992614475627
wikipedia,KFC_v2,static,0.971612705232469,0.028064992614475627
wikipedia,KFC_v2,static,0.9717661500690502,0.028064992614475627
wikipedia,KFC_v2,static,0.9719195949056315,0.026587887740029542
wikipedia,KFC_v2,static,0.9720730397422127,0.026587887740029542
wikipedia,KFC_v2,static,0.972226484578794,0.025110782865583457
wikipedia,KFC_v2,static,0.9723799294153752,0.025110782865583457
wikipedia,KFC_v2,static,0.9725333742519565,0.025110782865583457
wikipedia,KFC_v2,static,0.9726868190885377,0.025110782865583457
wikipedia,KFC_v2,static,0.972840263925119,0.025110782865583457
wikipedia,KFC_v2,static,0.9729937087617002,0.025110782865583457
wikipedia,KFC_v2,static,0.9731471535982814,0.023633677991137372
wikipedia,KFC_v2,static,0.9733005984348627,0.023633677991137372
wikipedia,KFC_v2,static,0.9734540432714439,0.023633677991137372
wikipedia,KFC_v2,static,0.9736074881080252,0.023633677991137372
wikipedia,KFC_v2,static,0.9737609329446064,0.023633677991137372
wikipedia,KFC_v2,static,0.9739143777811877,0.023633677991137372
wikipedia,KFC_v2,static,0.9740678226177689,0.023633677991137372
wikipedia,KFC_v2,static,0.9742212674543502,0.023633677991137372
wikipedia,KFC_v2,static,0.9743747122909314,0.023633677991137372
wikipedia,KFC_v2,static,0.9745281571275127,0.023633677991137372
wikipedia,KFC_v2,static,0.9746816019640939,0.023633677991137372
wikipedia,KFC_v2,static,0.9748350468006752,0.023633677991137372
wikipedia,KFC_v2,static,0.9749884916372564,0.023633677991137372
wikipedia,KFC_v2,static,0.9751419364738377,0.023633677991137372
wikipedia,KFC_v2,static,0.9752953813104189,0.023633677991137372
wikipedia,KFC_v2,static,0.9754488261470002,0.023633677991137372
wikipedia,KFC_v2,static,0.9756022709835814,0.023633677991137372
wikipedia,KFC_v2,static,0.9757557158201627,0.023633677991137372
wikipedia,KFC_v2,static,0.9759091606567439,0.023633677991137372
wikipedia,KFC_v2,static,0.9760626054933252,0.023633677991137372
wikipedia,KFC_v2,static,0.9762160503299064,0.023633677991137372
wikipedia,KFC_v2,static,0.9763694951664877,0.023633677991137372
wikipedia,KFC_v2,static,0.9765229400030689,0.023633677991137372
wikipedia,KFC_v2,static,0.9766763848396502,0.023633677991137372
wikipedia,KFC_v2,static,0.9768298296762314,0.023633677991137372
wikipedia,KFC_v2,static,0.9769832745128126,0.023633677991137372
wikipedia,KFC_v2,static,0.977136719349394,0.023633677991137372
wikipedia,KFC_v2,static,0.9772901641859751,0.023633677991137372
wikipedia,KFC_v2,static,0.9774436090225564,0.023633677991137372
wikipedia,KFC_v2,static,0.9775970538591376,0.023633677991137372
wikipedia,KFC_v2,static,0.977750498695719,0.023633677991137372
wikipedia,KFC_v2,static,0.9779039435323001,0.023633677991137372
wikipedia,KFC_v2,static,0.9780573883688815,0.023633677991137372
wikipedia,KFC_v2,static,0.9782108332054626,0.023633677991137372
wikipedia,KFC_v2,static,0.978364278042044,0.023633677991137372
wikipedia,KFC_v2,static,0.9785177228786252,0.023633677991137372
wikipedia,KFC_v2,static,0.9786711677152065,0.022156573116691284
wikipedia,KFC_v2,static,0.9788246125517877,0.022156573116691284
wikipedia,KFC_v2,static,0.978978057388369,0.022156573116691284
wikipedia,KFC_v2,static,0.9791315022249502,0.022156573116691284
wikipedia,KFC_v2,static,0.9792849470615315,0.022156573116691284
wikipedia,KFC_v2,static,0.9794383918981127,0.022156573116691284
wikipedia,KFC_v2,static,0.979591836734694,0.022156573116691284
wikipedia,KFC_v2,static,0.9797452815712752,0.022156573116691284
wikipedia,KFC_v2,static,0.9798987264078565,0.022156573116691284
wikipedia,KFC_v2,static,0.9800521712444377,0.022156573116691284
wikipedia,KFC_v2,static,0.980205616081019,0.022156573116691284
wikipedia,KFC_v2,static,0.9803590609176002,0.022156573116691284
wikipedia,KFC_v2,static,0.9805125057541815,0.022156573116691284
wikipedia,KFC_v2,static,0.9806659505907627,0.022156573116691284
wikipedia,KFC_v2,static,0.9808193954273439,0.022156573116691284
wikipedia,KFC_v2,static,0.9809728402639252,0.022156573116691284
wikipedia,KFC_v2,static,0.9811262851005064,0.022156573116691284
wikipedia,KFC_v2,static,0.9812797299370877,0.022156573116691284
wikipedia,KFC_v2,static,0.9814331747736689,0.022156573116691284
wikipedia,KFC_v2,static,0.9815866196102502,0.022156573116691284
wikipedia,KFC_v2,static,0.9817400644468314,0.022156573116691284
wikipedia,KFC_v2,static,0.9818935092834127,0.022156573116691284
wikipedia,KFC_v2,static,0.9820469541199939,0.022156573116691284
wikipedia,KFC_v2,static,0.9822003989565752,0.0206794682422452
wikipedia,KFC_v2,static,0.9823538437931564,0.0206794682422452
wikipedia,KFC_v2,static,0.9825072886297377,0.0206794682422452
wikipedia,KFC_v2,static,0.9826607334663189,0.0206794682422452
wikipedia,KFC_v2,static,0.9828141783029002,0.0206794682422452
wikipedia,KFC_v2,static,0.9829676231394814,0.0206794682422452
wikipedia,KFC_v2,static,0.9831210679760627,0.014771048744460856
wikipedia,KFC_v2,static,0.9832745128126439,0.014771048744460856
wikipedia,KFC_v2,static,0.9834279576492252,0.014771048744460856
wikipedia,KFC_v2,static,0.9835814024858064,0.014771048744460856
wikipedia,KFC_v2,static,0.9837348473223877,0.014771048744460856
wikipedia,KFC_v2,static,0.9838882921589689,0.014771048744460856
wikipedia,KFC_v2,static,0.9840417369955502,0.014771048744460856
wikipedia,KFC_v2,static,0.9841951818321314,0.014771048744460856
wikipedia,KFC_v2,static,0.9843486266687127,0.014771048744460856
wikipedia,KFC_v2,static,0.9845020715052939,0.014771048744460856
wikipedia,KFC_v2,static,0.9846555163418751,0.013293943870014771
wikipedia,KFC_v2,static,0.9848089611784564,0.013293943870014771
wikipedia,KFC_v2,static,0.9849624060150376,0.013293943870014771
wikipedia,KFC_v2,static,0.9851158508516189,0.013293943870014771
wikipedia,KFC_v2,static,0.9852692956882001,0.013293943870014771
wikipedia,KFC_v2,static,0.9854227405247814,0.013293943870014771
wikipedia,KFC_v2,static,0.9855761853613626,0.013293943870014771
wikipedia,KFC_v2,static,0.9857296301979439,0.013293943870014771
wikipedia,KFC_v2,static,0.9858830750345251,0.013293943870014771
wikipedia,KFC_v2,static,0.9860365198711064,0.013293943870014771
wikipedia,KFC_v2,static,0.9861899647076876,0.013293943870014771
wikipedia,KFC_v2,static,0.9863434095442689,0.013293943870014771
wikipedia,KFC_v2,static,0.9864968543808501,0.013293943870014771
wikipedia,KFC_v2,static,0.9866502992174314,0.013293943870014771
wikipedia,KFC_v2,static,0.9868037440540126,0.013293943870014771
wikipedia,KFC_v2,static,0.9869571888905939,0.013293943870014771
wikipedia,KFC_v2,static,0.9871106337271751,0.013293943870014771
wikipedia,KFC_v2,static,0.9872640785637564,0.013293943870014771
wikipedia,KFC_v2,static,0.9874175234003376,0.013293943870014771
wikipedia,KFC_v2,static,0.9875709682369189,0.013293943870014771
wikipedia,KFC_v2,static,0.9877244130735001,0.013293943870014771
wikipedia,KFC_v2,static,0.9878778579100814,0.013293943870014771
wikipedia,KFC_v2,static,0.9880313027466626,0.013293943870014771
wikipedia,KFC_v2,static,0.9881847475832439,0.013293943870014771
wikipedia,KFC_v2,static,0.9883381924198251,0.013293943870014771
wikipedia,KFC_v2,static,0.9884916372564063,0.013293943870014771
wikipedia,KFC_v2,static,0.9886450820929876,0.013293943870014771
wikipedia,KFC_v2,static,0.9887985269295688,0.013293943870014771
wikipedia,KFC_v2,static,0.9889519717661501,0.013293943870014771
wikipedia,KFC_v2,static,0.9891054166027313,0.013293943870014771
wikipedia,KFC_v2,static,0.9892588614393126,0.013293943870014771
wikipedia,KFC_v2,static,0.9894123062758938,0.013293943870014771
wikipedia,KFC_v2,static,0.9895657511124751,0.013293943870014771
wikipedia,KFC_v2,static,0.9897191959490563,0.013293943870014771
wikipedia,KFC_v2,static,0.9898726407856376,0.013293943870014771
wikipedia,KFC_v2,static,0.9900260856222188,0.013293943870014771
wikipedia,KFC_v2,static,0.9901795304588001,0.013293943870014771
wikipedia,KFC_v2,static,0.9903329752953813,0.013293943870014771
wikipedia,KFC_v2,static,0.9904864201319626,0.013293943870014771
wikipedia,KFC_v2,static,0.9906398649685438,0.013293943870014771
wikipedia,KFC_v2,static,0.9907933098051251,0.013293943870014771
wikipedia,KFC_v2,static,0.9909467546417063,0.013293943870014771
wikipedia,KFC_v2,static,0.9911001994782876,0.013293943870014771
wikipedia,KFC_v2,static,0.9912536443148688,0.013293943870014771
wikipedia,KFC_v2,static,0.9914070891514501,0.013293943870014771
wikipedia,KFC_v2,static,0.9915605339880313,0.013293943870014771
wikipedia,KFC_v2,static,0.9917139788246127,0.013293943870014771
wikipedia,KFC_v2,static,0.9918674236611938,0.013293943870014771
wikipedia,KFC_v2,static,0.992020868497775,0.013293943870014771
wikipedia,KFC_v2,static,0.9921743133343564,0.013293943870014771
wikipedia,KFC_v2,static,0.9923277581709375,0.013293943870014771
wikipedia,KFC_v2,static,0.9924812030075189,0.013293943870014771
wikipedia,KFC_v2,static,0.9926346478441,0.013293943870014771
wikipedia,KFC_v2,static,0.9927880926806814,0.013293943870014771
wikipedia,KFC_v2,static,0.9929415375172626,0.013293943870014771
wikipedia,KFC_v2,static,0.9930949823538439,0.013293943870014771
wikipedia,KFC_v2,static,0.993248427190425,0.013293943870014771
wikipedia,KFC_v2,static,0.9934018720270064,0.013293943870014771
wikipedia,KFC_v2,static,0.9935553168635876,0.013293943870014771
wikipedia,KFC_v2,static,0.9937087617001689,0.013293943870014771
wikipedia,KFC_v2,static,0.9938622065367501,0.013293943870014771
wikipedia,KFC_v2,static,0.9940156513733314,0.013293943870014771
wikipedia,KFC_v2,static,0.9941690962099126,0.011816838995568686
wikipedia,KFC_v2,static,0.9943225410464939,0.011816838995568686
wikipedia,KFC_v2,static,0.9944759858830751,0.011816838995568686
wikipedia,KFC_v2,static,0.9946294307196564,0.011816838995568686
wikipedia,KFC_v2,static,0.9947828755562376,0.0103397341211226
wikipedia,KFC_v2,static,0.9949363203928189,0.0103397341211226
wikipedia,KFC_v2,static,0.9950897652294001,0.0103397341211226
wikipedia,KFC_v2,static,0.9952432100659814,0.0103397341211226
wikipedia,KFC_v2,static,0.9953966549025626,0.0103397341211226
wikipedia,KFC_v2,static,0.9955500997391439,0.0103397341211226
wikipedia,KFC_v2,static,0.9957035445757251,0.0103397341211226
wikipedia,KFC_v2,static,0.9958569894123063,0.0103397341211226
wikipedia,KFC_v2,static,0.9960104342488876,0.0103397341211226
wikipedia,KFC_v2,static,0.9961638790854688,0.0103397341211226
wikipedia,KFC_v2,static,0.9963173239220501,0.0103397341211226
wikipedia,KFC_v2,static,0.9964707687586313,0.0103397341211226
wikipedia,KFC_v2,static,0.9966242135952126,0.0103397341211226
wikipedia,KFC_v2,static,0.9967776584317938,0.0103397341211226
wikipedia,KFC_v2,static,0.9969311032683751,0.0103397341211226
wikipedia,KFC_v2,static,0.9970845481049563,0.0103397341211226
wikipedia,KFC_v2,static,0.9972379929415376,0.0103397341211226
wikipedia,KFC_v2,static,0.9973914377781188,0.008862629246676515
wikipedia,KFC_v2,static,0.9975448826147001,0.008862629246676515
wikipedia,KFC_v2,static,0.9976983274512813,0.007385524372230428
wikipedia,KFC_v2,static,0.9978517722878626,0.007385524372230428
wikipedia,KFC_v2,static,0.9980052171244438,0.007385524372230428
wikipedia,KFC_v2,static,0.9981586619610251,0.007385524372230428
wikipedia,KFC_v2,static,0.9983121067976063,0.007385524372230428
wikipedia,KFC_v2,static,0.9984655516341876,0.007385524372230428
wikipedia,KFC_v2,static,0.9986189964707688,0.005908419497784343
wikipedia,KFC_v2,static,0.9987724413073501,0.005908419497784343
wikipedia,KFC_v2,static,0.9989258861439313,0.004431314623338257
wikipedia,KFC_v2,static,0.9990793309805126,0.0029542097488921715
wikipedia,KFC_v2,static,0.9992327758170938,0.0029542097488921715
wikipedia,KFC_v2,static,0.9993862206536751,0.0029542097488921715
wikipedia,KFC_v2,static,0.9995396654902563,0.0029542097488921715
wikipedia,KFC_v2,static,0.9996931103268375,0.0029542097488921715
wikipedia,KFC_v2,static,0.9998465551634188,0.0029542097488921715
wikipedia,KFC_v2,static,1.0,0.0014771048744460858
wikipedia,KFC_v2,iterative,0.0,1.0
wikipedia,KFC_v2,iterative,0.00015344483658124905,1.0
wikipedia,KFC_v2,iterative,0.0003068896731624981,1.0
wikipedia,KFC_v2,iterative,0.00046033450974374717,1.0
wikipedia,KFC_v2,iterative,0.0006137793463249962,1.0
wikipedia,KFC_v2,iterative,0.0007672241829062452,1.0
wikipedia,KFC_v2,iterative,0.0009206690194874943,1.0
wikipedia,KFC_v2,iterative,0.0010741138560687433,1.0
wikipedia,KFC_v2,iterative,0.0012275586926499924,1.0
wikipedia,KFC_v2,iterative,0.0013810035292312415,1.0
wikipedia,KFC_v2,iterative,0.0015344483658124904,1.0
wikipedia,KFC_v2,iterative,0.0016878932023937396,1.0
wikipedia,KFC_v2,iterative,0.0018413380389749887,0.9940915805022157
wikipedia,KFC_v2,iterative,0.001994782875556238,0.9940915805022157
wikipedia,KFC_v2,iterative,0.0021482277121374865,0.9940915805022157
wikipedia,KFC_v2,iterative,0.0023016725487187356,0.9940915805022157
wikipedia,KFC_v2,iterative,0.0024551173852999848,0.9734121122599705
wikipedia,KFC_v2,iterative,0.002608562221881234,0.9734121122599705
wikipedia,KFC_v2,iterative,0.002762007058462483,0.9734121122599705
wikipedia,KFC_v2,iterative,0.0029154518950437317,0.9734121122599705
wikipedia,KFC_v2,iterative,0.003068896731624981,0.9734121122599705
wikipedia,KFC_v2,iterative,0.00322234156820623,0.9734121122599705
wikipedia,KFC_v2,iterative,0.003375786404787479,0.9734121122599705
wikipedia,KFC_v2,iterative,0.0035292312413687283,0.9734121122599705
wikipedia,KFC_v2,iterative,0.0036826760779499774,0.9734121122599705
wikipedia,KFC_v2,iterative,0.003836120914531226,0.9734121122599705
wikipedia,KFC_v2,iterative,0.003989565751112476,0.9734121122599705
wikipedia,KFC_v2,iterative,0.004143010587693724,0.9734121122599705
wikipedia,KFC_v2,iterative,0.004296455424274973,0.9734121122599705
wikipedia,KFC_v2,iterative,0.004449900260856223,0.9734121122599705
wikipedia,KFC_v2,iterative,0.004603345097437471,0.9734121122599705
wikipedia,KFC_v2,iterative,0.004756789934018721,0.9734121122599705
wikipedia,KFC_v2,iterative,0.0049102347705999696,0.9734121122599705
wikipedia,KFC_v2,iterative,0.005063679607181218,0.9734121122599705
wikipedia,KFC_v2,iterative,0.005217124443762468,0.9734121122599705
wikipedia,KFC_v2,iterative,0.0053705692803437165,0.9734121122599705
wikipedia,KFC_v2,iterative,0.005524014116924966,0.9734121122599705
wikipedia,KFC_v2,iterative,0.005677458953506215,0.9734121122599705
wikipedia,KFC_v2,iterative,0.0058309037900874635,0.9734121122599705
wikipedia,KFC_v2,iterative,0.005984348626668713,0.9734121122599705
wikipedia,KFC_v2,iterative,0.006137793463249962,0.9734121122599705
wikipedia,KFC_v2,iterative,0.006291238299831211,0.9734121122599705
wikipedia,KFC_v2,iterative,0.00644468313641246,0.9734121122599705
wikipedia,KFC_v2,iterative,0.006598127972993709,0.9734121122599705
wikipedia,KFC_v2,iterative,0.006751572809574958,0.9734121122599705
wikipedia,KFC_v2,iterative,0.006905017646156207,0.9734121122599705
wikipedia,KFC_v2,iterative,0.0070584624827374565,0.9734121122599705
wikipedia,KFC_v2,iterative,0.007211907319318705,0.9734121122599705
wikipedia,KFC_v2,iterative,0.007365352155899955,0.9734121122599705
wikipedia,KFC_v2,iterative,0.0075187969924812035,0.9734121122599705
wikipedia,KFC_v2,iterative,0.007672241829062452,0.9734121122599705
wikipedia,KFC_v2,iterative,0.007825686665643702,0.9734121122599705
wikipedia,KFC_v2,iterative,0.007979131502224951,0.9734121122599705
wikipedia,KFC_v2,iterative,0.008132576338806199,0.9734121122599705
wikipedia,KFC_v2,iterative,0.008286021175387449,0.9734121122599705
wikipedia,KFC_v2,iterative,0.008439466011968698,0.9734121122599705
wikipedia,KFC_v2,iterative,0.008592910848549946,0.9734121122599705
wikipedia,KFC_v2,iterative,0.008746355685131196,0.9734121122599705
wikipedia,KFC_v2,iterative,0.008899800521712445,0.9734121122599705
wikipedia,KFC_v2,iterative,0.009053245358293693,0.9734121122599705
wikipedia,KFC_v2,iterative,0.009206690194874943,0.9734121122599705
wikipedia,KFC_v2,iterative,0.009360135031456192,0.9734121122599705
wikipedia,KFC_v2,iterative,0.009513579868037442,0.9734121122599705
wikipedia,KFC_v2,iterative,0.00966702470461869,0.9734121122599705
wikipedia,KFC_v2,iterative,0.009820469541199939,0.9734121122599705
wikipedia,KFC_v2,iterative,0.009973914377781189,0.9734121122599705
wikipedia,KFC_v2,iterative,0.010127359214362436,0.9734121122599705
wikipedia,KFC_v2,iterative,0.010280804050943686,0.9734121122599705
wikipedia,KFC_v2,iterative,0.010434248887524936,0.9734121122599705
wikipedia,KFC_v2,iterative,0.010587693724106185,0.9734121122599705
wikipedia,KFC_v2,iterative,0.010741138560687433,0.9734121122599705
wikipedia,KFC_v2,iterative,0.010894583397268683,0.9734121122599705
wikipedia,KFC_v2,iterative,0.011048028233849932,0.9734121122599705
wikipedia,KFC_v2,iterative,0.01120147307043118,0.9734121122599705
wikipedia,KFC_v2,iterative,0.01135491790701243,0.9734121122599705
wikipedia,KFC_v2,iterative,0.011508362743593679,0.9734121122599705
wikipedia,KFC_v2,iterative,0.011661807580174927,0.9734121122599705
wikipedia,KFC_v2,iterative,0.011815252416756176,0.9734121122599705
wikipedia,KFC_v2,iterative,0.011968697253337426,0.9734121122599705
wikipedia,KFC_v2,iterative,0.012122142089918676,0.9734121122599705
wikipedia,KFC_v2,iterative,0.012275586926499923,0.9734121122599705
wikipedia,KFC_v2,iterative,0.012429031763081173,0.9734121122599705
wikipedia,KFC_v2,iterative,0.012582476599662423,0.9734121122599705
wikipedia,KFC_v2,iterative,0.01273592143624367,0.9734121122599705
wikipedia,KFC_v2,iterative,0.01288936627282492,0.9734121122599705
wikipedia,KFC_v2,iterative,0.01304281110940617,0.9734121122599705
wikipedia,KFC_v2,iterative,0.013196255945987417,0.9734121122599705
wikipedia,KFC_v2,iterative,0.013349700782568667,0.9734121122599705
wikipedia,KFC_v2,iterative,0.013503145619149916,0.9734121122599705
wikipedia,KFC_v2,iterative,0.013656590455731166,0.9734121122599705
wikipedia,KFC_v2,iterative,0.013810035292312414,0.9734121122599705
wikipedia,KFC_v2,iterative,0.013963480128893663,0.9734121122599705
wikipedia,KFC_v2,iterative,0.014116924965474913,0.9734121122599705
wikipedia,KFC_v2,iterative,0.01427036980205616,0.9734121122599705
wikipedia,KFC_v2,iterative,0.01442381463863741,0.9734121122599705
wikipedia,KFC_v2,iterative,0.01457725947521866,0.9734121122599705
wikipedia,KFC_v2,iterative,0.01473070431179991,0.9734121122599705
wikipedia,KFC_v2,iterative,0.014884149148381157,0.9734121122599705
wikipedia,KFC_v2,iterative,0.015037593984962407,0.9734121122599705
wikipedia,KFC_v2,iterative,0.015191038821543656,0.9734121122599705
wikipedia,KFC_v2,iterative,0.015344483658124904,0.9734121122599705
wikipedia,KFC_v2,iterative,0.015497928494706154,0.9734121122599705
wikipedia,KFC_v2,iterative,0.015651373331287403,0.9734121122599705
wikipedia,KFC_v2,iterative,0.01580481816786865,0.9734121122599705
wikipedia,KFC_v2,iterative,0.015958263004449903,0.9734121122599705
wikipedia,KFC_v2,iterative,0.01611170784103115,0.9734121122599705
wikipedia,KFC_v2,iterative,0.016265152677612398,0.9734121122599705
wikipedia,KFC_v2,iterative,0.01641859751419365,0.9734121122599705
wikipedia,KFC_v2,iterative,0.016572042350774897,0.9734121122599705
wikipedia,KFC_v2,iterative,0.016725487187356145,0.9734121122599705
wikipedia,KFC_v2,iterative,0.016878932023937396,0.9734121122599705
wikipedia,KFC_v2,iterative,0.017032376860518644,0.9734121122599705
wikipedia,KFC_v2,iterative,0.017185821697099892,0.9734121122599705
wikipedia,KFC_v2,iterative,0.017339266533681143,0.9734121122599705
wikipedia,KFC_v2,iterative,0.01749271137026239,0.9734121122599705
wikipedia,KFC_v2,iterative,0.01764615620684364,0.9734121122599705
wikipedia,KFC_v2,iterative,0.01779960104342489,0.9734121122599705
wikipedia,KFC_v2,iterative,0.017953045880006138,0.9734121122599705
wikipedia,KFC_v2,iterative,0.018106490716587386,0.9734121122599705
wikipedia,KFC_v2,iterative,0.018259935553168637,0.9734121122599705
wikipedia,KFC_v2,iterative,0.018413380389749885,0.9734121122599705
wikipedia,KFC_v2,iterative,0.018566825226331136,0.9734121122599705
wikipedia,KFC_v2,iterative,0.018720270062912384,0.9734121122599705
wikipedia,KFC_v2,iterative,0.018873714899493632,0.9734121122599705
wikipedia,KFC_v2,iterative,0.019027159736074883,0.9734121122599705
wikipedia,KFC_v2,iterative,0.01918060457265613,0.9734121122599705
wikipedia,KFC_v2,iterative,0.01933404940923738,0.9734121122599705
wikipedia,KFC_v2,iterative,0.01948749424581863,0.9734121122599705
wikipedia,KFC_v2,iterative,0.019640939082399878,0.9734121122599705
wikipedia,KFC_v2,iterative,0.019794383918981126,0.9734121122599705
wikipedia,KFC_v2,iterative,0.019947828755562377,0.9734121122599705
wikipedia,KFC_v2,iterative,0.020101273592143625,0.9734121122599705
wikipedia,KFC_v2,iterative,0.020254718428724873,0.9734121122599705
wikipedia,KFC_v2,iterative,0.020408163265306124,0.9734121122599705
wikipedia,KFC_v2,iterative,0.020561608101887372,0.9734121122599705
wikipedia,KFC_v2,iterative,0.02071505293846862,0.9734121122599705
wikipedia,KFC_v2,iterative,0.02086849777504987,0.9734121122599705
wikipedia,KFC_v2,iterative,0.02102194261163112,0.9734121122599705
wikipedia,KFC_v2,iterative,0.02117538744821237,0.9734121122599705
wikipedia,KFC_v2,iterative,0.021328832284793618,0.9734121122599705
wikipedia,KFC_v2,iterative,0.021482277121374866,0.9734121122599705
wikipedia,KFC_v2,iterative,0.021635721957956117,0.9734121122599705
wikipedia,KFC_v2,iterative,0.021789166794537365,0.9734121122599705
wikipedia,KFC_v2,iterative,0.021942611631118613,0.9734121122599705
wikipedia,KFC_v2,iterative,0.022096056467699864,0.9734121122599705
wikipedia,KFC_v2,iterative,0.022249501304281112,0.9734121122599705
wikipedia,KFC_v2,iterative,0.02240294614086236,0.9734121122599705
wikipedia,KFC_v2,iterative,0.02255639097744361,0.9734121122599705
wikipedia,KFC_v2,iterative,0.02270983581402486,0.9734121122599705
wikipedia,KFC_v2,iterative,0.022863280650606107,0.9734121122599705
wikipedia,KFC_v2,iterative,0.023016725487187358,0.9734121122599705
wikipedia,KFC_v2,iterative,0.023170170323768606,0.9734121122599705
wikipedia,KFC_v2,iterative,0.023323615160349854,0.9734121122599705
wikipedia,KFC_v2,iterative,0.023477059996931105,0.9734121122599705
wikipedia,KFC_v2,iterative,0.023630504833512353,0.9734121122599705
wikipedia,KFC_v2,iterative,0.0237839496700936,0.9734121122599705
wikipedia,KFC_v2,iterative,0.023937394506674852,0.9734121122599705
wikipedia,KFC_v2,iterative,0.0240908393432561,0.9734121122599705
wikipedia,KFC_v2,iterative,0.02424428417983735,0.9734121122599705
wikipedia,KFC_v2,iterative,0.0243977290164186,0.9734121122599705
wikipedia,KFC_v2,iterative,0.024551173852999847,0.9734121122599705
wikipedia,KFC_v2,iterative,0.024704618689581098,0.9734121122599705
wikipedia,KFC_v2,iterative,0.024858063526162346,0.9734121122599705
wikipedia,KFC_v2,iterative,0.025011508362743594,0.9734121122599705
wikipedia,KFC_v2,iterative,0.025164953199324845,0.9734121122599705
wikipedia,KFC_v2,iterative,0.025318398035906093,0.9734121122599705
wikipedia,KFC_v2,iterative,0.02547184287248734,0.9734121122599705
wikipedia,KFC_v2,iterative,0.025625287709068592,0.9734121122599705
wikipedia,KFC_v2,iterative,0.02577873254564984,0.9734121122599705
wikipedia,KFC_v2,iterative,0.025932177382231088,0.9734121122599705
wikipedia,KFC_v2,iterative,0.02608562221881234,0.9734121122599705
wikipedia,KFC_v2,iterative,0.026239067055393587,0.9734121122599705
wikipedia,KFC_v2,iterative,0.026392511891974835,0.9734121122599705
wikipedia,KFC_v2,iterative,0.026545956728556086,0.9734121122599705
wikipedia,KFC_v2,iterative,0.026699401565137334,0.9734121122599705
wikipedia,KFC_v2,iterative,0.026852846401718585,0.9734121122599705
wikipedia,KFC_v2,iterative,0.027006291238299833,0.9734121122599705
wikipedia,KFC_v2,iterative,0.02715973607488108,0.9734121122599705
wikipedia,KFC_v2,iterative,0.027313180911462332,0.9734121122599705
wikipedia,KFC_v2,iterative,0.02746662574804358,0.9734121122599705
wikipedia,KFC_v2,iterative,0.027620070584624828,0.9734121122599705
wikipedia,KFC_v2,iterative,0.02777351542120608,0.9734121122599705
wikipedia,KFC_v2,iterative,0.027926960257787327,0.9734121122599705
wikipedia,KFC_v2,iterative,0.028080405094368575,0.9734121122599705
wikipedia,KFC_v2,iterative,0.028233849930949826,0.9734121122599705
wikipedia,KFC_v2,iterative,0.028387294767531074,0.9734121122599705
wikipedia,KFC_v2,iterative,0.02854073960411232,0.9734121122599705
wikipedia,KFC_v2,iterative,0.028694184440693573,0.9734121122599705
wikipedia,KFC_v2,iterative,0.02884762927727482,0.9734121122599705
wikipedia,KFC_v2,iterative,0.02900107411385607,0.9734121122599705
wikipedia,KFC_v2,iterative,0.02915451895043732,0.9734121122599705
wikipedia,KFC_v2,iterative,0.029307963787018568,0.9734121122599705
wikipedia,KFC_v2,iterative,0.02946140862359982,0.9734121122599705
wikipedia,KFC_v2,iterative,0.029614853460181067,0.9734121122599705
wikipedia,KFC_v2,iterative,0.029768298296762315,0.9734121122599705
wikipedia,KFC_v2,iterative,0.029921743133343566,0.9734121122599705
wikipedia,KFC_v2,iterative,0.030075187969924814,0.9734121122599705
wikipedia,KFC_v2,iterative,0.03022863280650606,0.9734121122599705
wikipedia,KFC_v2,iterative,0.030382077643087313,0.9734121122599705
wikipedia,KFC_v2,iterative,0.03053552247966856,0.9734121122599705
wikipedia,KFC_v2,iterative,0.03068896731624981,0.9734121122599705
wikipedia,KFC_v2,iterative,0.03084241215283106,0.9734121122599705
wikipedia,KFC_v2,iterative,0.030995856989412308,0.9734121122599705
wikipedia,KFC_v2,iterative,0.031149301825993556,0.9734121122599705
wikipedia,KFC_v2,iterative,0.03130274666257481,0.9734121122599705
wikipedia,KFC_v2,iterative,0.03145619149915606,0.9734121122599705
wikipedia,KFC_v2,iterative,0.0316096363357373,0.9734121122599705
wikipedia,KFC_v2,iterative,0.031763081172318554,0.9734121122599705
wikipedia,KFC_v2,iterative,0.031916526008899805,0.9734121122599705
wikipedia,KFC_v2,iterative,0.03206997084548105,0.9734121122599705
wikipedia,KFC_v2,iterative,0.0322234156820623,0.9734121122599705
wikipedia,KFC_v2,iterative,0.03237686051864355,0.9734121122599705
wikipedia,KFC_v2,iterative,0.032530305355224796,0.9734121122599705
wikipedia,KFC_v2,iterative,0.03268375019180605,0.9734121122599705
wikipedia,KFC_v2,iterative,0.0328371950283873,0.9734121122599705
wikipedia,KFC_v2,iterative,0.03299063986496854,0.9734121122599705
wikipedia,KFC_v2,iterative,0.033144084701549795,0.9734121122599705
wikipedia,KFC_v2,iterative,0.033297529538131046,0.9734121122599705
wikipedia,KFC_v2,iterative,0.03345097437471229,0.9734121122599705
wikipedia,KFC_v2,iterative,0.03360441921129354,0.9734121122599705
wikipedia,KFC_v2,iterative,0.03375786404787479,0.9734121122599705
wikipedia,KFC_v2,iterative,0.03391130888445604,0.9734121122599705
wikipedia,KFC_v2,iterative,0.03406475372103729,0.9734121122599705
wikipedia,KFC_v2,iterative,0.03421819855761854,0.9734121122599705
wikipedia,KFC_v2,iterative,0.034371643394199784,0.9734121122599705
wikipedia,KFC_v2,iterative,0.034525088230781036,0.9734121122599705
wikipedia,KFC_v2,iterative,0.03467853306736229,0.9734121122599705
wikipedia,KFC_v2,iterative,0.03483197790394353,0.9734121122599705
wikipedia,KFC_v2,iterative,0.03498542274052478,0.9734121122599705
wikipedia,KFC_v2,iterative,0.035138867577106034,0.9734121122599705
wikipedia,KFC_v2,iterative,0.03529231241368728,0.9734121122599705
wikipedia,KFC_v2,iterative,0.03544575725026853,0.9734121122599705
wikipedia,KFC_v2,iterative,0.03559920208684978,0.9734121122599705
wikipedia,KFC_v2,iterative,0.035752646923431025,0.9734121122599705
wikipedia,KFC_v2,iterative,0.035906091760012276,0.9734121122599705
wikipedia,KFC_v2,iterative,0.03605953659659353,0.9734121122599705
wikipedia,KFC_v2,iterative,0.03621298143317477,0.9734121122599705
wikipedia,KFC_v2,iterative,0.03636642626975602,0.9734121122599705
wikipedia,KFC_v2,iterative,0.036519871106337275,0.9734121122599705
wikipedia,KFC_v2,iterative,0.036673315942918526,0.9734121122599705
wikipedia,KFC_v2,iterative,0.03682676077949977,0.9734121122599705
wikipedia,KFC_v2,iterative,0.03698020561608102,0.9734121122599705
wikipedia,KFC_v2,iterative,0.03713365045266227,0.9734121122599705
wikipedia,KFC_v2,iterative,0.03728709528924352,0.9734121122599705
wikipedia,KFC_v2,iterative,0.03744054012582477,0.9734121122599705
wikipedia,KFC_v2,iterative,0.03759398496240602,0.9734121122599705
wikipedia,KFC_v2,iterative,0.037747429798987264,0.9734121122599705
wikipedia,KFC_v2,iterative,0.037900874635568516,0.9734121122599705
wikipedia,KFC_v2,iterative,0.03805431947214977,0.9734121122599705
wikipedia,KFC_v2,iterative,0.03820776430873101,0.9734121122599705
wikipedia,KFC_v2,iterative,0.03836120914531226,0.9734121122599705
wikipedia,KFC_v2,iterative,0.038514653981893514,0.9734121122599705
wikipedia,KFC_v2,iterative,0.03866809881847476,0.9734121122599705
wikipedia,KFC_v2,iterative,0.03882154365505601,0.9734121122599705
wikipedia,KFC_v2,iterative,0.03897498849163726,0.9734121122599705
wikipedia,KFC_v2,iterative,0.039128433328218505,0.9734121122599705
wikipedia,KFC_v2,iterative,0.039281878164799756,0.9734121122599705
wikipedia,KFC_v2,iterative,0.03943532300138101,0.9734121122599705
wikipedia,KFC_v2,iterative,0.03958876783796225,0.9734121122599705
wikipedia,KFC_v2,iterative,0.0397422126745435,0.9734121122599705
wikipedia,KFC_v2,iterative,0.039895657511124755,0.9734121122599705
wikipedia,KFC_v2,iterative,0.040049102347706,0.9734121122599705
wikipedia,KFC_v2,iterative,0.04020254718428725,0.9734121122599705
wikipedia,KFC_v2,iterative,0.0403559920208685,0.9734121122599705
wikipedia,KFC_v2,iterative,0.040509436857449746,0.9734121122599705
wikipedia,KFC_v2,iterative,0.040662881694031,0.9734121122599705
wikipedia,KFC_v2,iterative,0.04081632653061225,0.9734121122599705
wikipedia,KFC_v2,iterative,0.04096977136719349,0.9734121122599705
wikipedia,KFC_v2,iterative,0.041123216203774744,0.9734121122599705
wikipedia,KFC_v2,iterative,0.041276661040355996,0.9734121122599705
wikipedia,KFC_v2,iterative,0.04143010587693724,0.9734121122599705
wikipedia,KFC_v2,iterative,0.04158355071351849,0.9734121122599705
wikipedia,KFC_v2,iterative,0.04173699555009974,0.9734121122599705
wikipedia,KFC_v2,iterative,0.04189044038668099,0.9734121122599705
wikipedia,KFC_v2,iterative,0.04204388522326224,0.9734121122599705
wikipedia,KFC_v2,iterative,0.04219733005984349,0.9734121122599705
wikipedia,KFC_v2,iterative,0.04235077489642474,0.9734121122599705
wikipedia,KFC_v2,iterative,0.042504219733005985,0.9734121122599705
wikipedia,KFC_v2,iterative,0.042657664569587236,0.9734121122599705
wikipedia,KFC_v2,iterative,0.04281110940616849,0.9734121122599705
wikipedia,KFC_v2,iterative,0.04296455424274973,0.9734121122599705
wikipedia,KFC_v2,iterative,0.04311799907933098,0.9734121122599705
wikipedia,KFC_v2,iterative,0.043271443915912235,0.9734121122599705
wikipedia,KFC_v2,iterative,0.04342488875249348,0.9734121122599705
wikipedia,KFC_v2,iterative,0.04357833358907473,0.9734121122599705
wikipedia,KFC_v2,iterative,0.04373177842565598,0.9734121122599705
wikipedia,KFC_v2,iterative,0.043885223262237226,0.9734121122599705
wikipedia,KFC_v2,iterative,0.04403866809881848,0.9734121122599705
wikipedia,KFC_v2,iterative,0.04419211293539973,0.9734121122599705
wikipedia,KFC_v2,iterative,0.04434555777198097,0.9734121122599705
wikipedia,KFC_v2,iterative,0.044499002608562224,0.9734121122599705
wikipedia,KFC_v2,iterative,0.044652447445143476,0.9734121122599705
wikipedia,KFC_v2,iterative,0.04480589228172472,0.9734121122599705
wikipedia,KFC_v2,iterative,0.04495933711830597,0.9734121122599705
wikipedia,KFC_v2,iterative,0.04511278195488722,0.9734121122599705
wikipedia,KFC_v2,iterative,0.04526622679146847,0.9734121122599705
wikipedia,KFC_v2,iterative,0.04541967162804972,0.9734121122599705
wikipedia,KFC_v2,iterative,0.04557311646463097,0.9734121122599705
wikipedia,KFC_v2,iterative,0.045726561301212214,0.9734121122599705
wikipedia,KFC_v2,iterative,0.045880006137793465,0.9734121122599705
wikipedia,KFC_v2,iterative,0.046033450974374716,0.9734121122599705
wikipedia,KFC_v2,iterative,0.04618689581095596,0.9734121122599705
wikipedia,KFC_v2,iterative,0.04634034064753721,0.9734121122599705
wikipedia,KFC_v2,iterative,0.04649378548411846,0.9734121122599705
wikipedia,KFC_v2,iterative,0.04664723032069971,0.9734121122599705
wikipedia,KFC_v2,iterative,0.04680067515728096,0.9734121122599705
wikipedia,KFC_v2,iterative,0.04695411999386221,0.9734121122599705
wikipedia,KFC_v2,iterative,0.047107564830443455,0.9734121122599705
wikipedia,KFC_v2,iterative,0.047261009667024706,0.9734121122599705
wikipedia,KFC_v2,iterative,0.04741445450360596,0.9734121122599705
wikipedia,KFC_v2,iterative,0.0475678993401872,0.9734121122599705
wikipedia,KFC_v2,iterative,0.04772134417676845,0.7178729689807977
wikipedia,KFC_v2,iterative,0.047874789013349704,0.7178729689807977
wikipedia,KFC_v2,iterative,0.048028233849930956,0.7178729689807977
wikipedia,KFC_v2,iterative,0.0481816786865122,0.7178729689807977
wikipedia,KFC_v2,iterative,0.04833512352309345,0.7178729689807977
wikipedia,KFC_v2,iterative,0.0484885683596747,0.7178729689807977
wikipedia,KFC_v2,iterative,0.04864201319625595,0.7178729689807977
wikipedia,KFC_v2,iterative,0.0487954580328372,0.7178729689807977
wikipedia,KFC_v2,iterative,0.04894890286941845,0.7178729689807977
wikipedia,KFC_v2,iterative,0.049102347705999694,0.7178729689807977
wikipedia,KFC_v2,iterative,0.049255792542580945,0.7178729689807977
wikipedia,KFC_v2,iterative,0.049409237379162196,0.7178729689807977
wikipedia,KFC_v2,iterative,0.04956268221574344,0.7178729689807977
wikipedia,KFC_v2,iterative,0.04971612705232469,0.7178729689807977
wikipedia,KFC_v2,iterative,0.04986957188890594,0.7178729689807977
wikipedia,KFC_v2,iterative,0.05002301672548719,0.7178729689807977
wikipedia,KFC_v2,iterative,0.05017646156206844,0.7178729689807977
wikipedia,KFC_v2,iterative,0.05032990639864969,0.7178729689807977
wikipedia,KFC_v2,iterative,0.050483351235230935,0.7178729689807977
wikipedia,KFC_v2,iterative,0.050636796071812186,0.7178729689807977
wikipedia,KFC_v2,iterative,0.05079024090839344,0.7178729689807977
wikipedia,KFC_v2,iterative,0.05094368574497468,0.7178729689807977
wikipedia,KFC_v2,iterative,0.05109713058155593,0.7178729689807977
wikipedia,KFC_v2,iterative,0.051250575418137184,0.7178729689807977
wikipedia,KFC_v2,iterative,0.05140402025471843,0.6853766617429837
wikipedia,KFC_v2,iterative,0.05155746509129968,0.6853766617429837
wikipedia,KFC_v2,iterative,0.05171090992788093,0.6853766617429837
wikipedia,KFC_v2,iterative,0.051864354764462176,0.6853766617429837
wikipedia,KFC_v2,iterative,0.05201779960104343,0.6853766617429837
wikipedia,KFC_v2,iterative,0.05217124443762468,0.6853766617429837
wikipedia,KFC_v2,iterative,0.05232468927420592,0.6853766617429837
wikipedia,KFC_v2,iterative,0.052478134110787174,0.6853766617429837
wikipedia,KFC_v2,iterative,0.052631578947368425,0.6853766617429837
wikipedia,KFC_v2,iterative,0.05278502378394967,0.6853766617429837
wikipedia,KFC_v2,iterative,0.05293846862053092,0.6853766617429837
wikipedia,KFC_v2,iterative,0.05309191345711217,0.6853766617429837
wikipedia,KFC_v2,iterative,0.053245358293693416,0.6853766617429837
wikipedia,KFC_v2,iterative,0.05339880313027467,0.6853766617429837
wikipedia,KFC_v2,iterative,0.05355224796685592,0.6853766617429837
wikipedia,KFC_v2,iterative,0.05370569280343717,0.6853766617429837
wikipedia,KFC_v2,iterative,0.053859137640018415,0.6853766617429837
wikipedia,KFC_v2,iterative,0.054012582476599666,0.6853766617429837
wikipedia,KFC_v2,iterative,0.05416602731318092,0.6853766617429837
wikipedia,KFC_v2,iterative,0.05431947214976216,0.6853766617429837
wikipedia,KFC_v2,iterative,0.05447291698634341,0.6853766617429837
wikipedia,KFC_v2,iterative,0.054626361822924664,0.6853766617429837
wikipedia,KFC_v2,iterative,0.05477980665950591,0.6853766617429837
wikipedia,KFC_v2,iterative,0.05493325149608716,0.6853766617429837
wikipedia,KFC_v2,iterative,0.05508669633266841,0.6853766617429837
wikipedia,KFC_v2,iterative,0.055240141169249656,0.6853766617429837
wikipedia,KFC_v2,iterative,0.05539358600583091,0.6853766617429837
wikipedia,KFC_v2,iterative,0.05554703084241216,0.6853766617429837
wikipedia,KFC_v2,iterative,0.0557004756789934,0.6853766617429837
wikipedia,KFC_v2,iterative,0.055853920515574654,0.6853766617429837
wikipedia,KFC_v2,iterative,0.056007365352155905,0.6853766617429837
wikipedia,KFC_v2,iterative,0.05616081018873715,0.6853766617429837
wikipedia,KFC_v2,iterative,0.0563142550253184,0.6853766617429837
wikipedia,KFC_v2,iterative,0.05646769986189965,0.6853766617429837
wikipedia,KFC_v2,iterative,0.056621144698480896,0.6853766617429837
wikipedia,KFC_v2,iterative,0.05677458953506215,0.6853766617429837
wikipedia,KFC_v2,iterative,0.0569280343716434,0.6853766617429837
wikipedia,KFC_v2,iterative,0.05708147920822464,0.6853766617429837
wikipedia,KFC_v2,iterative,0.057234924044805895,0.6853766617429837
wikipedia,KFC_v2,iterative,0.057388368881387146,0.6853766617429837
wikipedia,KFC_v2,iterative,0.05754181371796839,0.6853766617429837
wikipedia,KFC_v2,iterative,0.05769525855454964,0.6853766617429837
wikipedia,KFC_v2,iterative,0.05784870339113089,0.6853766617429837
wikipedia,KFC_v2,iterative,0.05800214822771214,0.6853766617429837
wikipedia,KFC_v2,iterative,0.05815559306429339,0.6853766617429837
wikipedia,KFC_v2,iterative,0.05830903790087464,0.6853766617429837
wikipedia,KFC_v2,iterative,0.058462482737455884,0.6853766617429837
wikipedia,KFC_v2,iterative,0.058615927574037135,0.6853766617429837
wikipedia,KFC_v2,iterative,0.05876937241061839,0.6853766617429837
wikipedia,KFC_v2,iterative,0.05892281724719964,0.6853766617429837
wikipedia,KFC_v2,iterative,0.05907626208378088,0.6853766617429837
wikipedia,KFC_v2,iterative,0.059229706920362134,0.6853766617429837
wikipedia,KFC_v2,iterative,0.059383151756943385,0.6853766617429837
wikipedia,KFC_v2,iterative,0.05953659659352463,0.6853766617429837
wikipedia,KFC_v2,iterative,0.05969004143010588,0.6853766617429837
wikipedia,KFC_v2,iterative,0.05984348626668713,0.6853766617429837
wikipedia,KFC_v2,iterative,0.059996931103268376,0.6853766617429837
wikipedia,KFC_v2,iterative,0.06015037593984963,0.6853766617429837
wikipedia,KFC_v2,iterative,0.06030382077643088,0.6853766617429837
wikipedia,KFC_v2,iterative,0.06045726561301212,0.6853766617429837
wikipedia,KFC_v2,iterative,0.060610710449593375,0.6853766617429837
wikipedia,KFC_v2,iterative,0.060764155286174626,0.6853766617429837
wikipedia,KFC_v2,iterative,0.06091760012275587,0.6853766617429837
wikipedia,KFC_v2,iterative,0.06107104495933712,0.6853766617429837
wikipedia,KFC_v2,iterative,0.06122448979591837,0.6853766617429837
wikipedia,KFC_v2,iterative,0.06137793463249962,0.6853766617429837
wikipedia,KFC_v2,iterative,0.06153137946908087,0.6853766617429837
wikipedia,KFC_v2,iterative,0.06168482430566212,0.6853766617429837
wikipedia,KFC_v2,iterative,0.061838269142243364,0.6853766617429837
wikipedia,KFC_v2,iterative,0.061991713978824615,0.6853766617429837
wikipedia,KFC_v2,iterative,0.06214515881540587,0.6853766617429837
wikipedia,KFC_v2,iterative,0.06229860365198711,0.6853766617429837
wikipedia,KFC_v2,iterative,0.06245204848856836,0.6853766617429837
wikipedia,KFC_v2,iterative,0.06260549332514961,0.6853766617429837
wikipedia,KFC_v2,iterative,0.06275893816173087,0.6853766617429837
wikipedia,KFC_v2,iterative,0.06291238299831212,0.6853766617429837
wikipedia,KFC_v2,iterative,0.06306582783489335,0.6853766617429837
wikipedia,KFC_v2,iterative,0.0632192726714746,0.6853766617429837
wikipedia,KFC_v2,iterative,0.06337271750805586,0.6853766617429837
wikipedia,KFC_v2,iterative,0.06352616234463711,0.6853766617429837
wikipedia,KFC_v2,iterative,0.06367960718121836,0.6853766617429837
wikipedia,KFC_v2,iterative,0.06383305201779961,0.6853766617429837
wikipedia,KFC_v2,iterative,0.06398649685438085,0.6853766617429837
wikipedia,KFC_v2,iterative,0.0641399416909621,0.6853766617429837
wikipedia,KFC_v2,iterative,0.06429338652754335,0.6853766617429837
wikipedia,KFC_v2,iterative,0.0644468313641246,0.6853766617429837
wikipedia,KFC_v2,iterative,0.06460027620070585,0.6853766617429837
wikipedia,KFC_v2,iterative,0.0647537210372871,0.6853766617429837
wikipedia,KFC_v2,iterative,0.06490716587386834,0.6853766617429837
wikipedia,KFC_v2,iterative,0.06506061071044959,0.6853766617429837
wikipedia,KFC_v2,iterative,0.06521405554703084,0.6440177252584933
wikipedia,KFC_v2,iterative,0.0653675003836121,0.6440177252584933
wikipedia,KFC_v2,iterative,0.06552094522019335,0.6440177252584933
wikipedia,KFC_v2,iterative,0.0656743900567746,0.6440177252584933
wikipedia,KFC_v2,iterative,0.06582783489335584,0.6440177252584933
wikipedia,KFC_v2,iterative,0.06598127972993709,0.6440177252584933
wikipedia,KFC_v2,iterative,0.06613472456651834,0.6440177252584933
wikipedia,KFC_v2,iterative,0.06628816940309959,0.6440177252584933
wikipedia,KFC_v2,iterative,0.06644161423968084,0.6440177252584933
wikipedia,KFC_v2,iterative,0.06659505907626209,0.6440177252584933
wikipedia,KFC_v2,iterative,0.06674850391284333,0.6440177252584933
wikipedia,KFC_v2,iterative,0.06690194874942458,0.6440177252584933
wikipedia,KFC_v2,iterative,0.06705539358600583,0.6440177252584933
wikipedia,KFC_v2,iterative,0.06720883842258708,0.6440177252584933
wikipedia,KFC_v2,iterative,0.06736228325916833,0.6440177252584933
wikipedia,KFC_v2,iterative,0.06751572809574959,0.6440177252584933
wikipedia,KFC_v2,iterative,0.06766917293233084,0.6440177252584933
wikipedia,KFC_v2,iterative,0.06782261776891207,0.6440177252584933
wikipedia,KFC_v2,iterative,0.06797606260549333,0.6440177252584933
wikipedia,KFC_v2,iterative,0.06812950744207458,0.6440177252584933
wikipedia,KFC_v2,iterative,0.06828295227865583,0.6440177252584933
wikipedia,KFC_v2,iterative,0.06843639711523708,0.6440177252584933
wikipedia,KFC_v2,iterative,0.06858984195181833,0.6440177252584933
wikipedia,KFC_v2,iterative,0.06874328678839957,0.6440177252584933
wikipedia,KFC_v2,iterative,0.06889673162498082,0.6440177252584933
wikipedia,KFC_v2,iterative,0.06905017646156207,0.6440177252584933
wikipedia,KFC_v2,iterative,0.06920362129814332,0.6440177252584933
wikipedia,KFC_v2,iterative,0.06935706613472457,0.6440177252584933
wikipedia,KFC_v2,iterative,0.06951051097130583,0.6440177252584933
wikipedia,KFC_v2,iterative,0.06966395580788706,0.6440177252584933
wikipedia,KFC_v2,iterative,0.06981740064446831,0.6440177252584933
wikipedia,KFC_v2,iterative,0.06997084548104957,0.6440177252584933
wikipedia,KFC_v2,iterative,0.07012429031763082,0.6440177252584933
wikipedia,KFC_v2,iterative,0.07027773515421207,0.6440177252584933
wikipedia,KFC_v2,iterative,0.07043117999079332,0.6440177252584933
wikipedia,KFC_v2,iterative,0.07058462482737456,0.6440177252584933
wikipedia,KFC_v2,iterative,0.07073806966395581,0.6440177252584933
wikipedia,KFC_v2,iterative,0.07089151450053706,0.6440177252584933
wikipedia,KFC_v2,iterative,0.07104495933711831,0.6440177252584933
wikipedia,KFC_v2,iterative,0.07119840417369956,0.6440177252584933
wikipedia,KFC_v2,iterative,0.07135184901028081,0.6440177252584933
wikipedia,KFC_v2,iterative,0.07150529384686205,0.6440177252584933
wikipedia,KFC_v2,iterative,0.0716587386834433,0.6440177252584933
wikipedia,KFC_v2,iterative,0.07181218352002455,0.6440177252584933
wikipedia,KFC_v2,iterative,0.0719656283566058,0.6440177252584933
wikipedia,KFC_v2,iterative,0.07211907319318706,0.6440177252584933
wikipedia,KFC_v2,iterative,0.0722725180297683,0.6440177252584933
wikipedia,KFC_v2,iterative,0.07242596286634954,0.6440177252584933
wikipedia,KFC_v2,iterative,0.0725794077029308,0.6440177252584933
wikipedia,KFC_v2,iterative,0.07273285253951205,0.6440177252584933
wikipedia,KFC_v2,iterative,0.0728862973760933,0.6440177252584933
wikipedia,KFC_v2,iterative,0.07303974221267455,0.6440177252584933
wikipedia,KFC_v2,iterative,0.0731931870492558,0.6440177252584933
wikipedia,KFC_v2,iterative,0.07334663188583705,0.6440177252584933
wikipedia,KFC_v2,iterative,0.07350007672241829,0.6440177252584933
wikipedia,KFC_v2,iterative,0.07365352155899954,0.6440177252584933
wikipedia,KFC_v2,iterative,0.07380696639558079,0.6440177252584933
wikipedia,KFC_v2,iterative,0.07396041123216204,0.6440177252584933
wikipedia,KFC_v2,iterative,0.0741138560687433,0.6440177252584933
wikipedia,KFC_v2,iterative,0.07426730090532455,0.6440177252584933
wikipedia,KFC_v2,iterative,0.07442074574190578,0.6440177252584933
wikipedia,KFC_v2,iterative,0.07457419057848703,0.6440177252584933
wikipedia,KFC_v2,iterative,0.07472763541506829,0.6440177252584933
wikipedia,KFC_v2,iterative,0.07488108025164954,0.6440177252584933
wikipedia,KFC_v2,iterative,0.07503452508823079,0.6440177252584933
wikipedia,KFC_v2,iterative,0.07518796992481204,0.6440177252584933
wikipedia,KFC_v2,iterative,0.07534141476139328,0.6440177252584933
wikipedia,KFC_v2,iterative,0.07549485959797453,0.6440177252584933
wikipedia,KFC_v2,iterative,0.07564830443455578,0.6440177252584933
wikipedia,KFC_v2,iterative,0.07580174927113703,0.6440177252584933
wikipedia,KFC_v2,iterative,0.07595519410771828,0.6440177252584933
wikipedia,KFC_v2,iterative,0.07610863894429953,0.6440177252584933
wikipedia,KFC_v2,iterative,0.07626208378088077,0.6440177252584933
wikipedia,KFC_v2,iterative,0.07641552861746202,0.6440177252584933
wikipedia,KFC_v2,iterative,0.07656897345404327,0.6440177252584933
wikipedia,KFC_v2,iterative,0.07672241829062453,0.6440177252584933
wikipedia,KFC_v2,iterative,0.07687586312720578,0.6440177252584933
wikipedia,KFC_v2,iterative,0.07702930796378703,0.6440177252584933
wikipedia,KFC_v2,iterative,0.07718275280036827,0.6440177252584933
wikipedia,KFC_v2,iterative,0.07733619763694952,0.6440177252584933
wikipedia,KFC_v2,iterative,0.07748964247353077,0.6440177252584933
wikipedia,KFC_v2,iterative,0.07764308731011202,0.6440177252584933
wikipedia,KFC_v2,iterative,0.07779653214669327,0.6440177252584933
wikipedia,KFC_v2,iterative,0.07794997698327452,0.6440177252584933
wikipedia,KFC_v2,iterative,0.07810342181985576,0.6440177252584933
wikipedia,KFC_v2,iterative,0.07825686665643701,0.6440177252584933
wikipedia,KFC_v2,iterative,0.07841031149301826,0.6440177252584933
wikipedia,KFC_v2,iterative,0.07856375632959951,0.6440177252584933
wikipedia,KFC_v2,iterative,0.07871720116618076,0.6440177252584933
wikipedia,KFC_v2,iterative,0.07887064600276202,0.6440177252584933
wikipedia,KFC_v2,iterative,0.07902409083934327,0.6440177252584933
wikipedia,KFC_v2,iterative,0.0791775356759245,0.6440177252584933
wikipedia,KFC_v2,iterative,0.07933098051250576,0.6440177252584933
wikipedia,KFC_v2,iterative,0.079484425349087,0.6440177252584933
wikipedia,KFC_v2,iterative,0.07963787018566826,0.6440177252584933
wikipedia,KFC_v2,iterative,0.07979131502224951,0.6440177252584933
wikipedia,KFC_v2,iterative,0.07994475985883076,0.6440177252584933
wikipedia,KFC_v2,iterative,0.080098204695412,0.6440177252584933
wikipedia,KFC_v2,iterative,0.08025164953199325,0.6440177252584933
wikipedia,KFC_v2,iterative,0.0804050943685745,0.6440177252584933
wikipedia,KFC_v2,iterative,0.08055853920515575,0.6440177252584933
wikipedia,KFC_v2,iterative,0.080711984041737,0.6440177252584933
wikipedia,KFC_v2,iterative,0.08086542887831825,0.6440177252584933
wikipedia,KFC_v2,iterative,0.08101887371489949,0.6440177252584933
wikipedia,KFC_v2,iterative,0.08117231855148074,0.6440177252584933
wikipedia,KFC_v2,iterative,0.081325763388062,0.6440177252584933
wikipedia,KFC_v2,iterative,0.08147920822464325,0.6440177252584933
wikipedia,KFC_v2,iterative,0.0816326530612245,0.6440177252584933
wikipedia,KFC_v2,iterative,0.08178609789780575,0.6440177252584933
wikipedia,KFC_v2,iterative,0.08193954273438699,0.6440177252584933
wikipedia,KFC_v2,iterative,0.08209298757096824,0.6440177252584933
wikipedia,KFC_v2,iterative,0.08224643240754949,0.6440177252584933
wikipedia,KFC_v2,iterative,0.08239987724413074,0.6440177252584933
wikipedia,KFC_v2,iterative,0.08255332208071199,0.6440177252584933
wikipedia,KFC_v2,iterative,0.08270676691729324,0.6440177252584933
wikipedia,KFC_v2,iterative,0.08286021175387448,0.6440177252584933
wikipedia,KFC_v2,iterative,0.08301365659045573,0.6440177252584933
wikipedia,KFC_v2,iterative,0.08316710142703698,0.6440177252584933
wikipedia,KFC_v2,iterative,0.08332054626361823,0.6440177252584933
wikipedia,KFC_v2,iterative,0.08347399110019948,0.6440177252584933
wikipedia,KFC_v2,iterative,0.08362743593678074,0.6440177252584933
wikipedia,KFC_v2,iterative,0.08378088077336197,0.6440177252584933
wikipedia,KFC_v2,iterative,0.08393432560994322,0.6440177252584933
wikipedia,KFC_v2,iterative,0.08408777044652448,0.6440177252584933
wikipedia,KFC_v2,iterative,0.08424121528310573,0.6440177252584933
wikipedia,KFC_v2,iterative,0.08439466011968698,0.6440177252584933
wikipedia,KFC_v2,iterative,0.08454810495626823,0.6440177252584933
wikipedia,KFC_v2,iterative,0.08470154979284948,0.6440177252584933
wikipedia,KFC_v2,iterative,0.08485499462943072,0.6440177252584933
wikipedia,KFC_v2,iterative,0.08500843946601197,0.6440177252584933
wikipedia,KFC_v2,iterative,0.08516188430259322,0.6440177252584933
wikipedia,KFC_v2,iterative,0.08531532913917447,0.6440177252584933
wikipedia,KFC_v2,iterative,0.08546877397575572,0.6440177252584933
wikipedia,KFC_v2,iterative,0.08562221881233698,0.6440177252584933
wikipedia,KFC_v2,iterative,0.08577566364891821,0.6440177252584933
wikipedia,KFC_v2,iterative,0.08592910848549946,0.6440177252584933
wikipedia,KFC_v2,iterative,0.08608255332208072,0.6440177252584933
wikipedia,KFC_v2,iterative,0.08623599815866197,0.6440177252584933
wikipedia,KFC_v2,iterative,0.08638944299524322,0.6440177252584933
wikipedia,KFC_v2,iterative,0.08654288783182447,0.6440177252584933
wikipedia,KFC_v2,iterative,0.0866963326684057,0.6440177252584933
wikipedia,KFC_v2,iterative,0.08684977750498696,0.6440177252584933
wikipedia,KFC_v2,iterative,0.08700322234156821,0.6440177252584933
wikipedia,KFC_v2,iterative,0.08715666717814946,0.6440177252584933
wikipedia,KFC_v2,iterative,0.08731011201473071,0.6440177252584933
wikipedia,KFC_v2,iterative,0.08746355685131196,0.6440177252584933
wikipedia,KFC_v2,iterative,0.0876170016878932,0.6440177252584933
wikipedia,KFC_v2,iterative,0.08777044652447445,0.6440177252584933
wikipedia,KFC_v2,iterative,0.0879238913610557,0.6440177252584933
wikipedia,KFC_v2,iterative,0.08807733619763695,0.6440177252584933
wikipedia,KFC_v2,iterative,0.0882307810342182,0.6440177252584933
wikipedia,KFC_v2,iterative,0.08838422587079946,0.6440177252584933
wikipedia,KFC_v2,iterative,0.0885376707073807,0.6440177252584933
wikipedia,KFC_v2,iterative,0.08869111554396195,0.6440177252584933
wikipedia,KFC_v2,iterative,0.0888445603805432,0.6440177252584933
wikipedia,KFC_v2,iterative,0.08899800521712445,0.6440177252584933
wikipedia,KFC_v2,iterative,0.0891514500537057,0.6440177252584933
wikipedia,KFC_v2,iterative,0.08930489489028695,0.6440177252584933
wikipedia,KFC_v2,iterative,0.08945833972686819,0.6440177252584933
wikipedia,KFC_v2,iterative,0.08961178456344944,0.6440177252584933
wikipedia,KFC_v2,iterative,0.08976522940003069,0.6440177252584933
wikipedia,KFC_v2,iterative,0.08991867423661194,0.6440177252584933
wikipedia,KFC_v2,iterative,0.0900721190731932,0.6440177252584933
wikipedia,KFC_v2,iterative,0.09022556390977444,0.6440177252584933
wikipedia,KFC_v2,iterative,0.0903790087463557,0.6440177252584933
wikipedia,KFC_v2,iterative,0.09053245358293693,0.6440177252584933
wikipedia,KFC_v2,iterative,0.09068589841951818,0.6440177252584933
wikipedia,KFC_v2,iterative,0.09083934325609944,0.6440177252584933
wikipedia,KFC_v2,iterative,0.09099278809268069,0.6440177252584933
wikipedia,KFC_v2,iterative,0.09114623292926194,0.6440177252584933
wikipedia,KFC_v2,iterative,0.09129967776584319,0.6440177252584933
wikipedia,KFC_v2,iterative,0.09145312260242443,0.5406203840472673
wikipedia,KFC_v2,iterative,0.09160656743900568,0.5376661742983752
wikipedia,KFC_v2,iterative,0.09176001227558693,0.5376661742983752
wikipedia,KFC_v2,iterative,0.09191345711216818,0.5376661742983752
wikipedia,KFC_v2,iterative,0.09206690194874943,0.5376661742983752
wikipedia,KFC_v2,iterative,0.09222034678533068,0.5376661742983752
wikipedia,KFC_v2,iterative,0.09237379162191192,0.5376661742983752
wikipedia,KFC_v2,iterative,0.09252723645849317,0.5376661742983752
wikipedia,KFC_v2,iterative,0.09268068129507442,0.5288035450516987
wikipedia,KFC_v2,iterative,0.09283412613165568,0.5288035450516987
wikipedia,KFC_v2,iterative,0.09298757096823693,0.5288035450516987
wikipedia,KFC_v2,iterative,0.09314101580481818,0.5288035450516987
wikipedia,KFC_v2,iterative,0.09329446064139942,0.5288035450516987
wikipedia,KFC_v2,iterative,0.09344790547798067,0.5288035450516987
wikipedia,KFC_v2,iterative,0.09360135031456192,0.5288035450516987
wikipedia,KFC_v2,iterative,0.09375479515114317,0.5288035450516987
wikipedia,KFC_v2,iterative,0.09390823998772442,0.5288035450516987
wikipedia,KFC_v2,iterative,0.09406168482430567,0.5288035450516987
wikipedia,KFC_v2,iterative,0.09421512966088691,0.5288035450516987
wikipedia,KFC_v2,iterative,0.09436857449746816,0.5288035450516987
wikipedia,KFC_v2,iterative,0.09452201933404941,0.5288035450516987
wikipedia,KFC_v2,iterative,0.09467546417063066,0.5288035450516987
wikipedia,KFC_v2,iterative,0.09482890900721191,0.5288035450516987
wikipedia,KFC_v2,iterative,0.09498235384379317,0.5288035450516987
wikipedia,KFC_v2,iterative,0.0951357986803744,0.5288035450516987
wikipedia,KFC_v2,iterative,0.09528924351695565,0.5288035450516987
wikipedia,KFC_v2,iterative,0.0954426883535369,0.5288035450516987
wikipedia,KFC_v2,iterative,0.09559613319011816,0.5288035450516987
wikipedia,KFC_v2,iterative,0.09574957802669941,0.5288035450516987
wikipedia,KFC_v2,iterative,0.09590302286328066,0.5288035450516987
wikipedia,KFC_v2,iterative,0.09605646769986191,0.5288035450516987
wikipedia,KFC_v2,iterative,0.09620991253644315,0.5288035450516987
wikipedia,KFC_v2,iterative,0.0963633573730244,0.5288035450516987
wikipedia,KFC_v2,iterative,0.09651680220960565,0.5288035450516987
wikipedia,KFC_v2,iterative,0.0966702470461869,0.5288035450516987
wikipedia,KFC_v2,iterative,0.09682369188276815,0.5288035450516987
wikipedia,KFC_v2,iterative,0.0969771367193494,0.5288035450516987
wikipedia,KFC_v2,iterative,0.09713058155593064,0.5288035450516987
wikipedia,KFC_v2,iterative,0.0972840263925119,0.5288035450516987
wikipedia,KFC_v2,iterative,0.09743747122909314,0.5288035450516987
wikipedia,KFC_v2,iterative,0.0975909160656744,0.5288035450516987
wikipedia,KFC_v2,iterative,0.09774436090225565,0.5288035450516987
wikipedia,KFC_v2,iterative,0.0978978057388369,0.5288035450516987
wikipedia,KFC_v2,iterative,0.09805125057541814,0.5288035450516987
wikipedia,KFC_v2,iterative,0.09820469541199939,0.5288035450516987
wikipedia,KFC_v2,iterative,0.09835814024858064,0.5288035450516987
wikipedia,KFC_v2,iterative,0.09851158508516189,0.5288035450516987
wikipedia,KFC_v2,iterative,0.09866502992174314,0.5288035450516987
wikipedia,KFC_v2,iterative,0.09881847475832439,0.5288035450516987
wikipedia,KFC_v2,iterative,0.09897191959490563,0.5288035450516987
wikipedia,KFC_v2,iterative,0.09912536443148688,0.5288035450516987
wikipedia,KFC_v2,iterative,0.09927880926806813,0.5288035450516987
wikipedia,KFC_v2,iterative,0.09943225410464938,0.5288035450516987
wikipedia,KFC_v2,iterative,0.09958569894123064,0.5288035450516987
wikipedia,KFC_v2,iterative,0.09973914377781189,0.5288035450516987
wikipedia,KFC_v2,iterative,0.09989258861439312,0.5288035450516987
wikipedia,KFC_v2,iterative,0.10004603345097438,0.5288035450516987
wikipedia,KFC_v2,iterative,0.10019947828755563,0.5288035450516987
wikipedia,KFC_v2,iterative,0.10035292312413688,0.5288035450516987
wikipedia,KFC_v2,iterative,0.10050636796071813,0.5288035450516987
wikipedia,KFC_v2,iterative,0.10065981279729938,0.5288035450516987
wikipedia,KFC_v2,iterative,0.10081325763388062,0.5288035450516987
wikipedia,KFC_v2,iterative,0.10096670247046187,0.5288035450516987
wikipedia,KFC_v2,iterative,0.10112014730704312,0.5288035450516987
wikipedia,KFC_v2,iterative,0.10127359214362437,0.5288035450516987
wikipedia,KFC_v2,iterative,0.10142703698020562,0.5288035450516987
wikipedia,KFC_v2,iterative,0.10158048181678687,0.5288035450516987
wikipedia,KFC_v2,iterative,0.10173392665336813,0.5288035450516987
wikipedia,KFC_v2,iterative,0.10188737148994936,0.5288035450516987
wikipedia,KFC_v2,iterative,0.10204081632653061,0.5288035450516987
wikipedia,KFC_v2,iterative,0.10219426116311187,0.5288035450516987
wikipedia,KFC_v2,iterative,0.10234770599969312,0.5288035450516987
wikipedia,KFC_v2,iterative,0.10250115083627437,0.5288035450516987
wikipedia,KFC_v2,iterative,0.10265459567285562,0.5288035450516987
wikipedia,KFC_v2,iterative,0.10280804050943686,0.5288035450516987
wikipedia,KFC_v2,iterative,0.10296148534601811,0.5288035450516987
wikipedia,KFC_v2,iterative,0.10311493018259936,0.5288035450516987
wikipedia,KFC_v2,iterative,0.10326837501918061,0.5288035450516987
wikipedia,KFC_v2,iterative,0.10342181985576186,0.5288035450516987
wikipedia,KFC_v2,iterative,0.10357526469234311,0.5288035450516987
wikipedia,KFC_v2,iterative,0.10372870952892435,0.5288035450516987
wikipedia,KFC_v2,iterative,0.1038821543655056,0.5288035450516987
wikipedia,KFC_v2,iterative,0.10403559920208685,0.5288035450516987
wikipedia,KFC_v2,iterative,0.1041890440386681,0.5288035450516987
wikipedia,KFC_v2,iterative,0.10434248887524936,0.5288035450516987
wikipedia,KFC_v2,iterative,0.10449593371183061,0.5288035450516987
wikipedia,KFC_v2,iterative,0.10464937854841184,0.5288035450516987
wikipedia,KFC_v2,iterative,0.1048028233849931,0.5288035450516987
wikipedia,KFC_v2,iterative,0.10495626822157435,0.5288035450516987
wikipedia,KFC_v2,iterative,0.1051097130581556,0.5288035450516987
wikipedia,KFC_v2,iterative,0.10526315789473685,0.5288035450516987
wikipedia,KFC_v2,iterative,0.1054166027313181,0.5288035450516987
wikipedia,KFC_v2,iterative,0.10557004756789934,0.5288035450516987
wikipedia,KFC_v2,iterative,0.10572349240448059,0.5288035450516987
wikipedia,KFC_v2,iterative,0.10587693724106184,0.5288035450516987
wikipedia,KFC_v2,iterative,0.10603038207764309,0.5288035450516987
wikipedia,KFC_v2,iterative,0.10618382691422434,0.5288035450516987
wikipedia,KFC_v2,iterative,0.1063372717508056,0.5288035450516987
wikipedia,KFC_v2,iterative,0.10649071658738683,0.4874446085672083
wikipedia,KFC_v2,iterative,0.10664416142396808,0.4874446085672083
wikipedia,KFC_v2,iterative,0.10679760626054934,0.4874446085672083
wikipedia,KFC_v2,iterative,0.10695105109713059,0.4874446085672083
wikipedia,KFC_v2,iterative,0.10710449593371184,0.4874446085672083
wikipedia,KFC_v2,iterative,0.10725794077029309,0.4874446085672083
wikipedia,KFC_v2,iterative,0.10741138560687434,0.4874446085672083
wikipedia,KFC_v2,iterative,0.10756483044345558,0.4874446085672083
wikipedia,KFC_v2,iterative,0.10771827528003683,0.4874446085672083
wikipedia,KFC_v2,iterative,0.10787172011661808,0.4874446085672083
wikipedia,KFC_v2,iterative,0.10802516495319933,0.4874446085672083
wikipedia,KFC_v2,iterative,0.10817860978978058,0.4874446085672083
wikipedia,KFC_v2,iterative,0.10833205462636183,0.4874446085672083
wikipedia,KFC_v2,iterative,0.10848549946294307,0.4874446085672083
wikipedia,KFC_v2,iterative,0.10863894429952432,0.4874446085672083
wikipedia,KFC_v2,iterative,0.10879238913610557,0.4874446085672083
wikipedia,KFC_v2,iterative,0.10894583397268683,0.4874446085672083
wikipedia,KFC_v2,iterative,0.10909927880926808,0.4874446085672083
wikipedia,KFC_v2,iterative,0.10925272364584933,0.4874446085672083
wikipedia,KFC_v2,iterative,0.10940616848243057,0.4874446085672083
wikipedia,KFC_v2,iterative,0.10955961331901182,0.4874446085672083
wikipedia,KFC_v2,iterative,0.10971305815559307,0.4874446085672083
wikipedia,KFC_v2,iterative,0.10986650299217432,0.4874446085672083
wikipedia,KFC_v2,iterative,0.11001994782875557,0.4874446085672083
wikipedia,KFC_v2,iterative,0.11017339266533682,0.4874446085672083
wikipedia,KFC_v2,iterative,0.11032683750191806,0.4874446085672083
wikipedia,KFC_v2,iterative,0.11048028233849931,0.4874446085672083
wikipedia,KFC_v2,iterative,0.11063372717508056,0.4874446085672083
wikipedia,KFC_v2,iterative,0.11078717201166181,0.4874446085672083
wikipedia,KFC_v2,iterative,0.11094061684824306,0.4874446085672083
wikipedia,KFC_v2,iterative,0.11109406168482432,0.4874446085672083
wikipedia,KFC_v2,iterative,0.11124750652140555,0.4874446085672083
wikipedia,KFC_v2,iterative,0.1114009513579868,0.4874446085672083
wikipedia,KFC_v2,iterative,0.11155439619456806,0.4874446085672083
wikipedia,KFC_v2,iterative,0.11170784103114931,0.4874446085672083
wikipedia,KFC_v2,iterative,0.11186128586773056,0.4874446085672083
wikipedia,KFC_v2,iterative,0.11201473070431181,0.4874446085672083
wikipedia,KFC_v2,iterative,0.11216817554089305,0.4874446085672083
wikipedia,KFC_v2,iterative,0.1123216203774743,0.4874446085672083
wikipedia,KFC_v2,iterative,0.11247506521405555,0.4874446085672083
wikipedia,KFC_v2,iterative,0.1126285100506368,0.4874446085672083
wikipedia,KFC_v2,iterative,0.11278195488721805,0.4874446085672083
wikipedia,KFC_v2,iterative,0.1129353997237993,0.4874446085672083
wikipedia,KFC_v2,iterative,0.11308884456038056,0.4874446085672083
wikipedia,KFC_v2,iterative,0.11324228939696179,0.4874446085672083
wikipedia,KFC_v2,iterative,0.11339573423354304,0.4874446085672083
wikipedia,KFC_v2,iterative,0.1135491790701243,0.4874446085672083
wikipedia,KFC_v2,iterative,0.11370262390670555,0.4874446085672083
wikipedia,KFC_v2,iterative,0.1138560687432868,0.4874446085672083
wikipedia,KFC_v2,iterative,0.11400951357986805,0.4874446085672083
wikipedia,KFC_v2,iterative,0.11416295841644929,0.4874446085672083
wikipedia,KFC_v2,iterative,0.11431640325303054,0.4874446085672083
wikipedia,KFC_v2,iterative,0.11446984808961179,0.4874446085672083
wikipedia,KFC_v2,iterative,0.11462329292619304,0.4874446085672083
wikipedia,KFC_v2,iterative,0.11477673776277429,0.4874446085672083
wikipedia,KFC_v2,iterative,0.11493018259935554,0.4874446085672083
wikipedia,KFC_v2,iterative,0.11508362743593678,0.4874446085672083
wikipedia,KFC_v2,iterative,0.11523707227251803,0.4874446085672083
wikipedia,KFC_v2,iterative,0.11539051710909928,0.4874446085672083
wikipedia,KFC_v2,iterative,0.11554396194568053,0.4874446085672083
wikipedia,KFC_v2,iterative,0.11569740678226179,0.4874446085672083
wikipedia,KFC_v2,iterative,0.11585085161884304,0.4874446085672083
wikipedia,KFC_v2,iterative,0.11600429645542427,0.4874446085672083
wikipedia,KFC_v2,iterative,0.11615774129200553,0.4874446085672083
wikipedia,KFC_v2,iterative,0.11631118612858678,0.4874446085672083
wikipedia,KFC_v2,iterative,0.11646463096516803,0.4874446085672083
wikipedia,KFC_v2,iterative,0.11661807580174928,0.4874446085672083
wikipedia,KFC_v2,iterative,0.11677152063833053,0.4874446085672083
wikipedia,KFC_v2,iterative,0.11692496547491177,0.4874446085672083
wikipedia,KFC_v2,iterative,0.11707841031149302,0.4874446085672083
wikipedia,KFC_v2,iterative,0.11723185514807427,0.4874446085672083
wikipedia,KFC_v2,iterative,0.11738529998465552,0.4874446085672083
wikipedia,KFC_v2,iterative,0.11753874482123677,0.4874446085672083
wikipedia,KFC_v2,iterative,0.11769218965781802,0.4874446085672083
wikipedia,KFC_v2,iterative,0.11784563449439928,0.4874446085672083
wikipedia,KFC_v2,iterative,0.11799907933098051,0.4874446085672083
wikipedia,KFC_v2,iterative,0.11815252416756176,0.4874446085672083
wikipedia,KFC_v2,iterative,0.11830596900414302,0.4874446085672083
wikipedia,KFC_v2,iterative,0.11845941384072427,0.4874446085672083
wikipedia,KFC_v2,iterative,0.11861285867730552,0.4874446085672083
wikipedia,KFC_v2,iterative,0.11876630351388677,0.4874446085672083
wikipedia,KFC_v2,iterative,0.11891974835046801,0.45790251107828656
wikipedia,KFC_v2,iterative,0.11907319318704926,0.45790251107828656
wikipedia,KFC_v2,iterative,0.11922663802363051,0.45790251107828656
wikipedia,KFC_v2,iterative,0.11938008286021176,0.45790251107828656
wikipedia,KFC_v2,iterative,0.11953352769679301,0.45790251107828656
wikipedia,KFC_v2,iterative,0.11968697253337426,0.45790251107828656
wikipedia,KFC_v2,iterative,0.1198404173699555,0.45790251107828656
wikipedia,KFC_v2,iterative,0.11999386220653675,0.45790251107828656
wikipedia,KFC_v2,iterative,0.120147307043118,0.45790251107828656
wikipedia,KFC_v2,iterative,0.12030075187969926,0.45790251107828656
wikipedia,KFC_v2,iterative,0.1204541967162805,0.45790251107828656
wikipedia,KFC_v2,iterative,0.12060764155286176,0.45790251107828656
wikipedia,KFC_v2,iterative,0.120761086389443,0.45790251107828656
wikipedia,KFC_v2,iterative,0.12091453122602425,0.45790251107828656
wikipedia,KFC_v2,iterative,0.1210679760626055,0.45790251107828656
wikipedia,KFC_v2,iterative,0.12122142089918675,0.45790251107828656
wikipedia,KFC_v2,iterative,0.121374865735768,0.45790251107828656
wikipedia,KFC_v2,iterative,0.12152831057234925,0.45790251107828656
wikipedia,KFC_v2,iterative,0.12168175540893049,0.45790251107828656
wikipedia,KFC_v2,iterative,0.12183520024551174,0.45790251107828656
wikipedia,KFC_v2,iterative,0.12198864508209299,0.45790251107828656
wikipedia,KFC_v2,iterative,0.12214208991867424,0.45790251107828656
wikipedia,KFC_v2,iterative,0.1222955347552555,0.45790251107828656
wikipedia,KFC_v2,iterative,0.12244897959183675,0.45790251107828656
wikipedia,KFC_v2,iterative,0.12260242442841798,0.45790251107828656
wikipedia,KFC_v2,iterative,0.12275586926499923,0.45790251107828656
wikipedia,KFC_v2,iterative,0.12290931410158049,0.45790251107828656
wikipedia,KFC_v2,iterative,0.12306275893816174,0.45790251107828656
wikipedia,KFC_v2,iterative,0.12321620377474299,0.45790251107828656
wikipedia,KFC_v2,iterative,0.12336964861132424,0.45790251107828656
wikipedia,KFC_v2,iterative,0.12352309344790549,0.45790251107828656
wikipedia,KFC_v2,iterative,0.12367653828448673,0.45790251107828656
wikipedia,KFC_v2,iterative,0.12382998312106798,0.45790251107828656
wikipedia,KFC_v2,iterative,0.12398342795764923,0.45790251107828656
wikipedia,KFC_v2,iterative,0.12413687279423048,0.45790251107828656
wikipedia,KFC_v2,iterative,0.12429031763081173,0.45790251107828656
wikipedia,KFC_v2,iterative,0.12444376246739298,0.45790251107828656
wikipedia,KFC_v2,iterative,0.12459720730397422,0.45790251107828656
wikipedia,KFC_v2,iterative,0.12475065214055547,0.45790251107828656
wikipedia,KFC_v2,iterative,0.12490409697713672,0.45790251107828656
wikipedia,KFC_v2,iterative,0.12505754181371798,0.45790251107828656
wikipedia,KFC_v2,iterative,0.12521098665029923,0.45790251107828656
wikipedia,KFC_v2,iterative,0.12536443148688048,0.45790251107828656
wikipedia,KFC_v2,iterative,0.12551787632346173,0.45790251107828656
wikipedia,KFC_v2,iterative,0.12567132116004298,0.45790251107828656
wikipedia,KFC_v2,iterative,0.12582476599662423,0.45790251107828656
wikipedia,KFC_v2,iterative,0.12597821083320546,0.45790251107828656
wikipedia,KFC_v2,iterative,0.1261316556697867,0.45790251107828656
wikipedia,KFC_v2,iterative,0.12628510050636796,0.45790251107828656
wikipedia,KFC_v2,iterative,0.1264385453429492,0.45790251107828656
wikipedia,KFC_v2,iterative,0.12659199017953046,0.45790251107828656
wikipedia,KFC_v2,iterative,0.1267454350161117,0.45790251107828656
wikipedia,KFC_v2,iterative,0.12689887985269296,0.45790251107828656
wikipedia,KFC_v2,iterative,0.12705232468927422,0.45790251107828656
wikipedia,KFC_v2,iterative,0.12720576952585547,0.45790251107828656
wikipedia,KFC_v2,iterative,0.12735921436243672,0.45790251107828656
wikipedia,KFC_v2,iterative,0.12751265919901797,0.45790251107828656
wikipedia,KFC_v2,iterative,0.12766610403559922,0.45790251107828656
wikipedia,KFC_v2,iterative,0.12781954887218044,0.45790251107828656
wikipedia,KFC_v2,iterative,0.1279729937087617,0.45790251107828656
wikipedia,KFC_v2,iterative,0.12812643854534295,0.45790251107828656
wikipedia,KFC_v2,iterative,0.1282798833819242,0.45790251107828656
wikipedia,KFC_v2,iterative,0.12843332821850545,0.45790251107828656
wikipedia,KFC_v2,iterative,0.1285867730550867,0.45790251107828656
wikipedia,KFC_v2,iterative,0.12874021789166795,0.45790251107828656
wikipedia,KFC_v2,iterative,0.1288936627282492,0.45790251107828656
wikipedia,KFC_v2,iterative,0.12904710756483045,0.45790251107828656
wikipedia,KFC_v2,iterative,0.1292005524014117,0.45790251107828656
wikipedia,KFC_v2,iterative,0.12935399723799296,0.45790251107828656
wikipedia,KFC_v2,iterative,0.1295074420745742,0.45790251107828656
wikipedia,KFC_v2,iterative,0.12966088691115546,0.45790251107828656
wikipedia,KFC_v2,iterative,0.12981433174773668,0.45790251107828656
wikipedia,KFC_v2,iterative,0.12996777658431793,0.45790251107828656
wikipedia,KFC_v2,iterative,0.13012122142089919,0.45790251107828656
wikipedia,KFC_v2,iterative,0.13027466625748044,0.45790251107828656
wikipedia,KFC_v2,iterative,0.1304281110940617,0.45790251107828656
wikipedia,KFC_v2,iterative,0.13058155593064294,0.45790251107828656
wikipedia,KFC_v2,iterative,0.1307350007672242,0.45790251107828656
wikipedia,KFC_v2,iterative,0.13088844560380544,0.45790251107828656
wikipedia,KFC_v2,iterative,0.1310418904403867,0.45790251107828656
wikipedia,KFC_v2,iterative,0.13119533527696794,0.45790251107828656
wikipedia,KFC_v2,iterative,0.1313487801135492,0.45790251107828656
wikipedia,KFC_v2,iterative,0.13150222495013045,0.45790251107828656
wikipedia,KFC_v2,iterative,0.13165566978671167,0.45790251107828656
wikipedia,KFC_v2,iterative,0.13180911462329292,0.45790251107828656
wikipedia,KFC_v2,iterative,0.13196255945987417,0.45790251107828656
wikipedia,KFC_v2,iterative,0.13211600429645542,0.45790251107828656
wikipedia,KFC_v2,iterative,0.13226944913303668,0.45790251107828656
wikipedia,KFC_v2,iterative,0.13242289396961793,0.45790251107828656
wikipedia,KFC_v2,iterative,0.13257633880619918,0.45790251107828656
wikipedia,KFC_v2,iterative,0.13272978364278043,0.45790251107828656
wikipedia,KFC_v2,iterative,0.13288322847936168,0.45790251107828656
wikipedia,KFC_v2,iterative,0.13303667331594293,0.45790251107828656
wikipedia,KFC_v2,iterative,0.13319011815252418,0.45790251107828656
wikipedia,KFC_v2,iterative,0.13334356298910544,0.45790251107828656
wikipedia,KFC_v2,iterative,0.13349700782568666,0.45790251107828656
wikipedia,KFC_v2,iterative,0.1336504526622679,0.45790251107828656
wikipedia,KFC_v2,iterative,0.13380389749884916,0.45790251107828656
wikipedia,KFC_v2,iterative,0.1339573423354304,0.45790251107828656
wikipedia,KFC_v2,iterative,0.13411078717201166,0.45790251107828656
wikipedia,KFC_v2,iterative,0.13426423200859292,0.45790251107828656
wikipedia,KFC_v2,iterative,0.13441767684517417,0.45790251107828656
wikipedia,KFC_v2,iterative,0.13457112168175542,0.45790251107828656
wikipedia,KFC_v2,iterative,0.13472456651833667,0.45790251107828656
wikipedia,KFC_v2,iterative,0.13487801135491792,0.45790251107828656
wikipedia,KFC_v2,iterative,0.13503145619149917,0.45790251107828656
wikipedia,KFC_v2,iterative,0.13518490102808042,0.45790251107828656
wikipedia,KFC_v2,iterative,0.13533834586466167,0.45790251107828656
wikipedia,KFC_v2,iterative,0.1354917907012429,0.45790251107828656
wikipedia,KFC_v2,iterative,0.13564523553782415,0.45790251107828656
wikipedia,KFC_v2,iterative,0.1357986803744054,0.45790251107828656
wikipedia,KFC_v2,iterative,0.13595212521098665,0.45790251107828656
wikipedia,KFC_v2,iterative,0.1361055700475679,0.45790251107828656
wikipedia,KFC_v2,iterative,0.13625901488414915,0.45790251107828656
wikipedia,KFC_v2,iterative,0.1364124597207304,0.45790251107828656
wikipedia,KFC_v2,iterative,0.13656590455731166,0.45790251107828656
wikipedia,KFC_v2,iterative,0.1367193493938929,0.45790251107828656
wikipedia,KFC_v2,iterative,0.13687279423047416,0.45790251107828656
wikipedia,KFC_v2,iterative,0.1370262390670554,0.45790251107828656
wikipedia,KFC_v2,iterative,0.13717968390363666,0.45790251107828656
wikipedia,KFC_v2,iterative,0.13733312874021789,0.45790251107828656
wikipedia,KFC_v2,iterative,0.13748657357679914,0.45790251107828656
wikipedia,KFC_v2,iterative,0.1376400184133804,0.45790251107828656
wikipedia,KFC_v2,iterative,0.13779346324996164,0.45790251107828656
wikipedia,KFC_v2,iterative,0.1379469080865429,0.45790251107828656
wikipedia,KFC_v2,iterative,0.13810035292312414,0.45790251107828656
wikipedia,KFC_v2,iterative,0.1382537977597054,0.45790251107828656
wikipedia,KFC_v2,iterative,0.13840724259628664,0.45790251107828656
wikipedia,KFC_v2,iterative,0.1385606874328679,0.45790251107828656
wikipedia,KFC_v2,iterative,0.13871413226944915,0.45790251107828656
wikipedia,KFC_v2,iterative,0.1388675771060304,0.45790251107828656
wikipedia,KFC_v2,iterative,0.13902102194261165,0.45790251107828656
wikipedia,KFC_v2,iterative,0.13917446677919287,0.45790251107828656
wikipedia,KFC_v2,iterative,0.13932791161577412,0.45790251107828656
wikipedia,KFC_v2,iterative,0.13948135645235538,0.45790251107828656
wikipedia,KFC_v2,iterative,0.13963480128893663,0.45790251107828656
wikipedia,KFC_v2,iterative,0.13978824612551788,0.45790251107828656
wikipedia,KFC_v2,iterative,0.13994169096209913,0.45790251107828656
wikipedia,KFC_v2,iterative,0.14009513579868038,0.45790251107828656
wikipedia,KFC_v2,iterative,0.14024858063526163,0.45790251107828656
wikipedia,KFC_v2,iterative,0.14040202547184288,0.45790251107828656
wikipedia,KFC_v2,iterative,0.14055547030842414,0.45790251107828656
wikipedia,KFC_v2,iterative,0.1407089151450054,0.45790251107828656
wikipedia,KFC_v2,iterative,0.14086235998158664,0.45790251107828656
wikipedia,KFC_v2,iterative,0.1410158048181679,0.45790251107828656
wikipedia,KFC_v2,iterative,0.1411692496547491,0.45790251107828656
wikipedia,KFC_v2,iterative,0.14132269449133036,0.45790251107828656
wikipedia,KFC_v2,iterative,0.14147613932791162,0.45790251107828656
wikipedia,KFC_v2,iterative,0.14162958416449287,0.45790251107828656
wikipedia,KFC_v2,iterative,0.14178302900107412,0.45790251107828656
wikipedia,KFC_v2,iterative,0.14193647383765537,0.45790251107828656
wikipedia,KFC_v2,iterative,0.14208991867423662,0.45790251107828656
wikipedia,KFC_v2,iterative,0.14224336351081787,0.45790251107828656
wikipedia,KFC_v2,iterative,0.14239680834739912,0.45790251107828656
wikipedia,KFC_v2,iterative,0.14255025318398037,0.45790251107828656
wikipedia,KFC_v2,iterative,0.14270369802056163,0.45790251107828656
wikipedia,KFC_v2,iterative,0.14285714285714288,0.45790251107828656
wikipedia,KFC_v2,iterative,0.1430105876937241,0.45790251107828656
wikipedia,KFC_v2,iterative,0.14316403253030535,0.45790251107828656
wikipedia,KFC_v2,iterative,0.1433174773668866,0.45790251107828656
wikipedia,KFC_v2,iterative,0.14347092220346785,0.45790251107828656
wikipedia,KFC_v2,iterative,0.1436243670400491,0.45790251107828656
wikipedia,KFC_v2,iterative,0.14377781187663036,0.45790251107828656
wikipedia,KFC_v2,iterative,0.1439312567132116,0.45790251107828656
wikipedia,KFC_v2,iterative,0.14408470154979286,0.45790251107828656
wikipedia,KFC_v2,iterative,0.1442381463863741,0.45790251107828656
wikipedia,KFC_v2,iterative,0.14439159122295536,0.45790251107828656
wikipedia,KFC_v2,iterative,0.1445450360595366,0.45790251107828656
wikipedia,KFC_v2,iterative,0.14469848089611786,0.45790251107828656
wikipedia,KFC_v2,iterative,0.1448519257326991,0.45790251107828656
wikipedia,KFC_v2,iterative,0.14500537056928034,0.45790251107828656
wikipedia,KFC_v2,iterative,0.1451588154058616,0.45790251107828656
wikipedia,KFC_v2,iterative,0.14531226024244284,0.45790251107828656
wikipedia,KFC_v2,iterative,0.1454657050790241,0.45790251107828656
wikipedia,KFC_v2,iterative,0.14561914991560534,0.45790251107828656
wikipedia,KFC_v2,iterative,0.1457725947521866,0.45790251107828656
wikipedia,KFC_v2,iterative,0.14592603958876785,0.45790251107828656
wikipedia,KFC_v2,iterative,0.1460794844253491,0.45790251107828656
wikipedia,KFC_v2,iterative,0.14623292926193035,0.45790251107828656
wikipedia,KFC_v2,iterative,0.1463863740985116,0.45790251107828656
wikipedia,KFC_v2,iterative,0.14653981893509285,0.45790251107828656
wikipedia,KFC_v2,iterative,0.1466932637716741,0.45790251107828656
wikipedia,KFC_v2,iterative,0.14684670860825533,0.45790251107828656
wikipedia,KFC_v2,iterative,0.14700015344483658,0.45790251107828656
wikipedia,KFC_v2,iterative,0.14715359828141783,0.45790251107828656
wikipedia,KFC_v2,iterative,0.14730704311799908,0.45790251107828656
wikipedia,KFC_v2,iterative,0.14746048795458033,0.45790251107828656
wikipedia,KFC_v2,iterative,0.14761393279116158,0.45790251107828656
wikipedia,KFC_v2,iterative,0.14776737762774284,0.45790251107828656
wikipedia,KFC_v2,iterative,0.1479208224643241,0.45790251107828656
wikipedia,KFC_v2,iterative,0.14807426730090534,0.45790251107828656
wikipedia,KFC_v2,iterative,0.1482277121374866,0.45790251107828656
wikipedia,KFC_v2,iterative,0.14838115697406784,0.45790251107828656
wikipedia,KFC_v2,iterative,0.1485346018106491,0.45790251107828656
wikipedia,KFC_v2,iterative,0.14868804664723032,0.45790251107828656
wikipedia,KFC_v2,iterative,0.14884149148381157,0.45790251107828656
wikipedia,KFC_v2,iterative,0.14899493632039282,0.45790251107828656
wikipedia,KFC_v2,iterative,0.14914838115697407,0.45790251107828656
wikipedia,KFC_v2,iterative,0.14930182599355532,0.45790251107828656
wikipedia,KFC_v2,iterative,0.14945527083013657,0.45790251107828656
wikipedia,KFC_v2,iterative,0.14960871566671782,0.45790251107828656
wikipedia,KFC_v2,iterative,0.14976216050329907,0.45790251107828656
wikipedia,KFC_v2,iterative,0.14991560533988033,0.45790251107828656
wikipedia,KFC_v2,iterative,0.15006905017646158,0.45790251107828656
wikipedia,KFC_v2,iterative,0.15022249501304283,0.45790251107828656
wikipedia,KFC_v2,iterative,0.15037593984962408,0.45790251107828656
wikipedia,KFC_v2,iterative,0.1505293846862053,0.45790251107828656
wikipedia,KFC_v2,iterative,0.15068282952278655,0.45790251107828656
wikipedia,KFC_v2,iterative,0.1508362743593678,0.45790251107828656
wikipedia,KFC_v2,iterative,0.15098971919594906,0.45790251107828656
wikipedia,KFC_v2,iterative,0.1511431640325303,0.45790251107828656
wikipedia,KFC_v2,iterative,0.15129660886911156,0.45790251107828656
wikipedia,KFC_v2,iterative,0.1514500537056928,0.45790251107828656
wikipedia,KFC_v2,iterative,0.15160349854227406,0.45790251107828656
wikipedia,KFC_v2,iterative,0.1517569433788553,0.45790251107828656
wikipedia,KFC_v2,iterative,0.15191038821543656,0.45790251107828656
wikipedia,KFC_v2,iterative,0.15206383305201782,0.45790251107828656
wikipedia,KFC_v2,iterative,0.15221727788859907,0.45790251107828656
wikipedia,KFC_v2,iterative,0.15237072272518032,0.45790251107828656
wikipedia,KFC_v2,iterative,0.15252416756176154,0.45790251107828656
wikipedia,KFC_v2,iterative,0.1526776123983428,0.45790251107828656
wikipedia,KFC_v2,iterative,0.15283105723492404,0.45790251107828656
wikipedia,KFC_v2,iterative,0.1529845020715053,0.45790251107828656
wikipedia,KFC_v2,iterative,0.15313794690808655,0.45790251107828656
wikipedia,KFC_v2,iterative,0.1532913917446678,0.45790251107828656
wikipedia,KFC_v2,iterative,0.15344483658124905,0.45790251107828656
wikipedia,KFC_v2,iterative,0.1535982814178303,0.45790251107828656
wikipedia,KFC_v2,iterative,0.15375172625441155,0.45790251107828656
wikipedia,KFC_v2,iterative,0.1539051710909928,0.45790251107828656
wikipedia,KFC_v2,iterative,0.15405861592757406,0.45790251107828656
wikipedia,KFC_v2,iterative,0.1542120607641553,0.45790251107828656
wikipedia,KFC_v2,iterative,0.15436550560073653,0.45790251107828656
wikipedia,KFC_v2,iterative,0.15451895043731778,0.45790251107828656
wikipedia,KFC_v2,iterative,0.15467239527389903,0.45790251107828656
wikipedia,KFC_v2,iterative,0.15482584011048028,0.45790251107828656
wikipedia,KFC_v2,iterative,0.15497928494706154,0.45790251107828656
wikipedia,KFC_v2,iterative,0.1551327297836428,0.45790251107828656
wikipedia,KFC_v2,iterative,0.15528617462022404,0.45790251107828656
wikipedia,KFC_v2,iterative,0.1554396194568053,0.45790251107828656
wikipedia,KFC_v2,iterative,0.15559306429338654,0.45790251107828656
wikipedia,KFC_v2,iterative,0.1557465091299678,0.45790251107828656
wikipedia,KFC_v2,iterative,0.15589995396654904,0.45790251107828656
wikipedia,KFC_v2,iterative,0.1560533988031303,0.45790251107828656
wikipedia,KFC_v2,iterative,0.15620684363971152,0.45790251107828656
wikipedia,KFC_v2,iterative,0.15636028847629277,0.45790251107828656
wikipedia,KFC_v2,iterative,0.15651373331287402,0.45790251107828656
wikipedia,KFC_v2,iterative,0.15666717814945527,0.45790251107828656
wikipedia,KFC_v2,iterative,0.15682062298603652,0.45790251107828656
wikipedia,KFC_v2,iterative,0.15697406782261777,0.45790251107828656
wikipedia,KFC_v2,iterative,0.15712751265919903,0.45790251107828656
wikipedia,KFC_v2,iterative,0.15728095749578028,0.45790251107828656
wikipedia,KFC_v2,iterative,0.15743440233236153,0.45790251107828656
wikipedia,KFC_v2,iterative,0.15758784716894278,0.45790251107828656
wikipedia,KFC_v2,iterative,0.15774129200552403,0.45790251107828656
wikipedia,KFC_v2,iterative,0.15789473684210528,0.45790251107828656
wikipedia,KFC_v2,iterative,0.15804818167868653,0.45790251107828656
wikipedia,KFC_v2,iterative,0.15820162651526776,0.45790251107828656
wikipedia,KFC_v2,iterative,0.158355071351849,0.45790251107828656
wikipedia,KFC_v2,iterative,0.15850851618843026,0.45790251107828656
wikipedia,KFC_v2,iterative,0.1586619610250115,0.45790251107828656
wikipedia,KFC_v2,iterative,0.15881540586159276,0.45790251107828656
wikipedia,KFC_v2,iterative,0.158968850698174,0.45790251107828656
wikipedia,KFC_v2,iterative,0.15912229553475526,0.45790251107828656
wikipedia,KFC_v2,iterative,0.15927574037133652,0.45790251107828656
wikipedia,KFC_v2,iterative,0.15942918520791777,0.45790251107828656
wikipedia,KFC_v2,iterative,0.15958263004449902,0.45790251107828656
wikipedia,KFC_v2,iterative,0.15973607488108027,0.45790251107828656
wikipedia,KFC_v2,iterative,0.15988951971766152,0.45790251107828656
wikipedia,KFC_v2,iterative,0.16004296455424274,0.45790251107828656
wikipedia,KFC_v2,iterative,0.160196409390824,0.45790251107828656
wikipedia,KFC_v2,iterative,0.16034985422740525,0.45790251107828656
wikipedia,KFC_v2,iterative,0.1605032990639865,0.45790251107828656
wikipedia,KFC_v2,iterative,0.16065674390056775,0.45790251107828656
wikipedia,KFC_v2,iterative,0.160810188737149,0.45790251107828656
wikipedia,KFC_v2,iterative,0.16096363357373025,0.45790251107828656
wikipedia,KFC_v2,iterative,0.1611170784103115,0.45790251107828656
wikipedia,KFC_v2,iterative,0.16127052324689276,0.45790251107828656
wikipedia,KFC_v2,iterative,0.161423968083474,0.45790251107828656
wikipedia,KFC_v2,iterative,0.16157741292005526,0.45790251107828656
wikipedia,KFC_v2,iterative,0.1617308577566365,0.45790251107828656
wikipedia,KFC_v2,iterative,0.16188430259321773,0.45790251107828656
wikipedia,KFC_v2,iterative,0.16203774742979898,0.45790251107828656
wikipedia,KFC_v2,iterative,0.16219119226638024,0.45790251107828656
wikipedia,KFC_v2,iterative,0.1623446371029615,0.45790251107828656
wikipedia,KFC_v2,iterative,0.16249808193954274,0.45790251107828656
wikipedia,KFC_v2,iterative,0.162651526776124,0.45790251107828656
wikipedia,KFC_v2,iterative,0.16280497161270524,0.45790251107828656
wikipedia,KFC_v2,iterative,0.1629584164492865,0.45790251107828656
wikipedia,KFC_v2,iterative,0.16311186128586774,0.45790251107828656
wikipedia,KFC_v2,iterative,0.163265306122449,0.45790251107828656
wikipedia,KFC_v2,iterative,0.16341875095903025,0.45790251107828656
wikipedia,KFC_v2,iterative,0.1635721957956115,0.45790251107828656
wikipedia,KFC_v2,iterative,0.16372564063219275,0.45790251107828656
wikipedia,KFC_v2,iterative,0.16387908546877397,0.45790251107828656
wikipedia,KFC_v2,iterative,0.16403253030535522,0.45790251107828656
wikipedia,KFC_v2,iterative,0.16418597514193647,0.45790251107828656
wikipedia,KFC_v2,iterative,0.16433941997851773,0.45790251107828656
wikipedia,KFC_v2,iterative,0.16449286481509898,0.45790251107828656
wikipedia,KFC_v2,iterative,0.16464630965168023,0.45790251107828656
wikipedia,KFC_v2,iterative,0.16479975448826148,0.45790251107828656
wikipedia,KFC_v2,iterative,0.16495319932484273,0.45790251107828656
wikipedia,KFC_v2,iterative,0.16510664416142398,0.45790251107828656
wikipedia,KFC_v2,iterative,0.16526008899800523,0.45790251107828656
wikipedia,KFC_v2,iterative,0.16541353383458648,0.45790251107828656
wikipedia,KFC_v2,iterative,0.16556697867116774,0.45790251107828656
wikipedia,KFC_v2,iterative,0.16572042350774896,0.45790251107828656
wikipedia,KFC_v2,iterative,0.1658738683443302,0.45790251107828656
wikipedia,KFC_v2,iterative,0.16602731318091146,0.45790251107828656
wikipedia,KFC_v2,iterative,0.1661807580174927,0.45790251107828656
wikipedia,KFC_v2,iterative,0.16633420285407396,0.45790251107828656
wikipedia,KFC_v2,iterative,0.16648764769065522,0.45790251107828656
wikipedia,KFC_v2,iterative,0.16664109252723647,0.45790251107828656
wikipedia,KFC_v2,iterative,0.16679453736381772,0.45790251107828656
wikipedia,KFC_v2,iterative,0.16694798220039897,0.45790251107828656
wikipedia,KFC_v2,iterative,0.16710142703698022,0.45790251107828656
wikipedia,KFC_v2,iterative,0.16725487187356147,0.45790251107828656
wikipedia,KFC_v2,iterative,0.16740831671014272,0.45790251107828656
wikipedia,KFC_v2,iterative,0.16756176154672395,0.45790251107828656
wikipedia,KFC_v2,iterative,0.1677152063833052,0.45790251107828656
wikipedia,KFC_v2,iterative,0.16786865121988645,0.45790251107828656
wikipedia,KFC_v2,iterative,0.1680220960564677,0.45790251107828656
wikipedia,KFC_v2,iterative,0.16817554089304895,0.45790251107828656
wikipedia,KFC_v2,iterative,0.1683289857296302,0.45790251107828656
wikipedia,KFC_v2,iterative,0.16848243056621146,0.45790251107828656
wikipedia,KFC_v2,iterative,0.1686358754027927,0.45790251107828656
wikipedia,KFC_v2,iterative,0.16878932023937396,0.45790251107828656
wikipedia,KFC_v2,iterative,0.1689427650759552,0.45790251107828656
wikipedia,KFC_v2,iterative,0.16909620991253646,0.45790251107828656
wikipedia,KFC_v2,iterative,0.1692496547491177,0.45790251107828656
wikipedia,KFC_v2,iterative,0.16940309958569896,0.45790251107828656
wikipedia,KFC_v2,iterative,0.1695565444222802,0.45790251107828656
wikipedia,KFC_v2,iterative,0.16970998925886144,0.45790251107828656
wikipedia,KFC_v2,iterative,0.1698634340954427,0.45790251107828656
wikipedia,KFC_v2,iterative,0.17001687893202394,0.45790251107828656
wikipedia,KFC_v2,iterative,0.1701703237686052,0.45790251107828656
wikipedia,KFC_v2,iterative,0.17032376860518644,0.45790251107828656
wikipedia,KFC_v2,iterative,0.1704772134417677,0.45790251107828656
wikipedia,KFC_v2,iterative,0.17063065827834895,0.45790251107828656
wikipedia,KFC_v2,iterative,0.1707841031149302,0.45790251107828656
wikipedia,KFC_v2,iterative,0.17093754795151145,0.45790251107828656
wikipedia,KFC_v2,iterative,0.1710909927880927,0.45790251107828656
wikipedia,KFC_v2,iterative,0.17124443762467395,0.45790251107828656
wikipedia,KFC_v2,iterative,0.17139788246125517,0.45790251107828656
wikipedia,KFC_v2,iterative,0.17155132729783643,0.45790251107828656
wikipedia,KFC_v2,iterative,0.17170477213441768,0.45790251107828656
wikipedia,KFC_v2,iterative,0.17185821697099893,0.45790251107828656
wikipedia,KFC_v2,iterative,0.17201166180758018,0.45790251107828656
wikipedia,KFC_v2,iterative,0.17216510664416143,0.45790251107828656
wikipedia,KFC_v2,iterative,0.17231855148074268,0.2998522895125554
wikipedia,KFC_v2,iterative,0.17247199631732393,0.2998522895125554
wikipedia,KFC_v2,iterative,0.17262544115390518,0.2998522895125554
wikipedia,KFC_v2,iterative,0.17277888599048644,0.2998522895125554
wikipedia,KFC_v2,iterative,0.1729323308270677,0.2998522895125554
wikipedia,KFC_v2,iterative,0.17308577566364894,0.2998522895125554
wikipedia,KFC_v2,iterative,0.17323922050023016,0.2998522895125554
wikipedia,KFC_v2,iterative,0.1733926653368114,0.2998522895125554
wikipedia,KFC_v2,iterative,0.17354611017339266,0.2998522895125554
wikipedia,KFC_v2,iterative,0.17369955500997392,0.2998522895125554
wikipedia,KFC_v2,iterative,0.17385299984655517,0.2998522895125554
wikipedia,KFC_v2,iterative,0.17400644468313642,0.2998522895125554
wikipedia,KFC_v2,iterative,0.17415988951971767,0.2998522895125554
wikipedia,KFC_v2,iterative,0.17431333435629892,0.2998522895125554
wikipedia,KFC_v2,iterative,0.17446677919288017,0.2998522895125554
wikipedia,KFC_v2,iterative,0.17462022402946142,0.2998522895125554
wikipedia,KFC_v2,iterative,0.17477366886604268,0.2998522895125554
wikipedia,KFC_v2,iterative,0.17492711370262393,0.2998522895125554
wikipedia,KFC_v2,iterative,0.17508055853920518,0.2998522895125554
wikipedia,KFC_v2,iterative,0.1752340033757864,0.2998522895125554
wikipedia,KFC_v2,iterative,0.17538744821236765,0.2998522895125554
wikipedia,KFC_v2,iterative,0.1755408930489489,0.2998522895125554
wikipedia,KFC_v2,iterative,0.17569433788553016,0.2998522895125554
wikipedia,KFC_v2,iterative,0.1758477827221114,0.2998522895125554
wikipedia,KFC_v2,iterative,0.17600122755869266,0.2998522895125554
wikipedia,KFC_v2,iterative,0.1761546723952739,0.2998522895125554
wikipedia,KFC_v2,iterative,0.17630811723185516,0.2998522895125554
wikipedia,KFC_v2,iterative,0.1764615620684364,0.2998522895125554
wikipedia,KFC_v2,iterative,0.17661500690501766,0.2998522895125554
wikipedia,KFC_v2,iterative,0.17676845174159891,0.2998522895125554
wikipedia,KFC_v2,iterative,0.17692189657818017,0.2998522895125554
wikipedia,KFC_v2,iterative,0.1770753414147614,0.2998522895125554
wikipedia,KFC_v2,iterative,0.17722878625134264,0.2998522895125554
wikipedia,KFC_v2,iterative,0.1773822310879239,0.2998522895125554
wikipedia,KFC_v2,iterative,0.17753567592450514,0.2998522895125554
wikipedia,KFC_v2,iterative,0.1776891207610864,0.2998522895125554
wikipedia,KFC_v2,iterative,0.17784256559766765,0.2998522895125554
wikipedia,KFC_v2,iterative,0.1779960104342489,0.2998522895125554
wikipedia,KFC_v2,iterative,0.17814945527083015,0.2998522895125554
wikipedia,KFC_v2,iterative,0.1783029001074114,0.2998522895125554
wikipedia,KFC_v2,iterative,0.17845634494399265,0.2998522895125554
wikipedia,KFC_v2,iterative,0.1786097897805739,0.2998522895125554
wikipedia,KFC_v2,iterative,0.17876323461715515,0.2998522895125554
wikipedia,KFC_v2,iterative,0.17891667945373638,0.2998522895125554
wikipedia,KFC_v2,iterative,0.17907012429031763,0.2998522895125554
wikipedia,KFC_v2,iterative,0.17922356912689888,0.2998522895125554
wikipedia,KFC_v2,iterative,0.17937701396348013,0.2998522895125554
wikipedia,KFC_v2,iterative,0.17953045880006138,0.2998522895125554
wikipedia,KFC_v2,iterative,0.17968390363664263,0.2998522895125554
wikipedia,KFC_v2,iterative,0.17983734847322388,0.2998522895125554
wikipedia,KFC_v2,iterative,0.17999079330980514,0.2998522895125554
wikipedia,KFC_v2,iterative,0.1801442381463864,0.2998522895125554
wikipedia,KFC_v2,iterative,0.18029768298296764,0.2998522895125554
wikipedia,KFC_v2,iterative,0.1804511278195489,0.2998522895125554
wikipedia,KFC_v2,iterative,0.18060457265613014,0.2998522895125554
wikipedia,KFC_v2,iterative,0.1807580174927114,0.2998522895125554
wikipedia,KFC_v2,iterative,0.18091146232929262,0.2998522895125554
wikipedia,KFC_v2,iterative,0.18106490716587387,0.2998522895125554
wikipedia,KFC_v2,iterative,0.18121835200245512,0.2998522895125554
wikipedia,KFC_v2,iterative,0.18137179683903637,0.2998522895125554
wikipedia,KFC_v2,iterative,0.18152524167561762,0.2998522895125554
wikipedia,KFC_v2,iterative,0.18167868651219887,0.2998522895125554
wikipedia,KFC_v2,iterative,0.18183213134878012,0.2998522895125554
wikipedia,KFC_v2,iterative,0.18198557618536138,0.2998522895125554
wikipedia,KFC_v2,iterative,0.18213902102194263,0.2998522895125554
wikipedia,KFC_v2,iterative,0.18229246585852388,0.2998522895125554
wikipedia,KFC_v2,iterative,0.18244591069510513,0.2998522895125554
wikipedia,KFC_v2,iterative,0.18259935553168638,0.2998522895125554
wikipedia,KFC_v2,iterative,0.1827528003682676,0.2998522895125554
wikipedia,KFC_v2,iterative,0.18290624520484886,0.2998522895125554
wikipedia,KFC_v2,iterative,0.1830596900414301,0.2998522895125554
wikipedia,KFC_v2,iterative,0.18321313487801136,0.2998522895125554
wikipedia,KFC_v2,iterative,0.1833665797145926,0.2998522895125554
wikipedia,KFC_v2,iterative,0.18352002455117386,0.2998522895125554
wikipedia,KFC_v2,iterative,0.1836734693877551,0.2998522895125554
wikipedia,KFC_v2,iterative,0.18382691422433636,0.2998522895125554
wikipedia,KFC_v2,iterative,0.18398035906091761,0.2998522895125554
wikipedia,KFC_v2,iterative,0.18413380389749887,0.2998522895125554
wikipedia,KFC_v2,iterative,0.18428724873408012,0.2998522895125554
wikipedia,KFC_v2,iterative,0.18444069357066137,0.2998522895125554
wikipedia,KFC_v2,iterative,0.1845941384072426,0.2998522895125554
wikipedia,KFC_v2,iterative,0.18474758324382384,0.2998522895125554
wikipedia,KFC_v2,iterative,0.1849010280804051,0.2998522895125554
wikipedia,KFC_v2,iterative,0.18505447291698635,0.2998522895125554
wikipedia,KFC_v2,iterative,0.1852079177535676,0.2998522895125554
wikipedia,KFC_v2,iterative,0.18536136259014885,0.2998522895125554
wikipedia,KFC_v2,iterative,0.1855148074267301,0.2998522895125554
wikipedia,KFC_v2,iterative,0.18566825226331135,0.2998522895125554
wikipedia,KFC_v2,iterative,0.1858216970998926,0.2998522895125554
wikipedia,KFC_v2,iterative,0.18597514193647385,0.2998522895125554
wikipedia,KFC_v2,iterative,0.1861285867730551,0.2998522895125554
wikipedia,KFC_v2,iterative,0.18628203160963636,0.2998522895125554
wikipedia,KFC_v2,iterative,0.1864354764462176,0.2998522895125554
wikipedia,KFC_v2,iterative,0.18658892128279883,0.2998522895125554
wikipedia,KFC_v2,iterative,0.18674236611938008,0.2998522895125554
wikipedia,KFC_v2,iterative,0.18689581095596133,0.2998522895125554
wikipedia,KFC_v2,iterative,0.18704925579254258,0.2998522895125554
wikipedia,KFC_v2,iterative,0.18720270062912384,0.2998522895125554
wikipedia,KFC_v2,iterative,0.1873561454657051,0.2998522895125554
wikipedia,KFC_v2,iterative,0.18750959030228634,0.2998522895125554
wikipedia,KFC_v2,iterative,0.1876630351388676,0.2998522895125554
wikipedia,KFC_v2,iterative,0.18781647997544884,0.2998522895125554
wikipedia,KFC_v2,iterative,0.1879699248120301,0.2998522895125554
wikipedia,KFC_v2,iterative,0.18812336964861134,0.2998522895125554
wikipedia,KFC_v2,iterative,0.1882768144851926,0.2998522895125554
wikipedia,KFC_v2,iterative,0.18843025932177382,0.2998522895125554
wikipedia,KFC_v2,iterative,0.18858370415835507,0.2998522895125554
wikipedia,KFC_v2,iterative,0.18873714899493632,0.2998522895125554
wikipedia,KFC_v2,iterative,0.18889059383151757,0.2998522895125554
wikipedia,KFC_v2,iterative,0.18904403866809882,0.2998522895125554
wikipedia,KFC_v2,iterative,0.18919748350468008,0.2998522895125554
wikipedia,KFC_v2,iterative,0.18935092834126133,0.2998522895125554
wikipedia,KFC_v2,iterative,0.18950437317784258,0.2998522895125554
wikipedia,KFC_v2,iterative,0.18965781801442383,0.2998522895125554
wikipedia,KFC_v2,iterative,0.18981126285100508,0.2998522895125554
wikipedia,KFC_v2,iterative,0.18996470768758633,0.2998522895125554
wikipedia,KFC_v2,iterative,0.19011815252416758,0.2998522895125554
wikipedia,KFC_v2,iterative,0.1902715973607488,0.2998522895125554
wikipedia,KFC_v2,iterative,0.19042504219733006,0.258493353028065
wikipedia,KFC_v2,iterative,0.1905784870339113,0.258493353028065
wikipedia,KFC_v2,iterative,0.19073193187049256,0.258493353028065
wikipedia,KFC_v2,iterative,0.1908853767070738,0.258493353028065
wikipedia,KFC_v2,iterative,0.19103882154365506,0.258493353028065
wikipedia,KFC_v2,iterative,0.19119226638023631,0.258493353028065
wikipedia,KFC_v2,iterative,0.19134571121681757,0.258493353028065
wikipedia,KFC_v2,iterative,0.19149915605339882,0.258493353028065
wikipedia,KFC_v2,iterative,0.19165260088998007,0.258493353028065
wikipedia,KFC_v2,iterative,0.19180604572656132,0.258493353028065
wikipedia,KFC_v2,iterative,0.19195949056314257,0.258493353028065
wikipedia,KFC_v2,iterative,0.19211293539972382,0.258493353028065
wikipedia,KFC_v2,iterative,0.19226638023630505,0.258493353028065
wikipedia,KFC_v2,iterative,0.1924198250728863,0.258493353028065
wikipedia,KFC_v2,iterative,0.19257326990946755,0.258493353028065
wikipedia,KFC_v2,iterative,0.1927267147460488,0.258493353028065
wikipedia,KFC_v2,iterative,0.19288015958263005,0.258493353028065
wikipedia,KFC_v2,iterative,0.1930336044192113,0.258493353028065
wikipedia,KFC_v2,iterative,0.19318704925579255,0.258493353028065
wikipedia,KFC_v2,iterative,0.1933404940923738,0.258493353028065
wikipedia,KFC_v2,iterative,0.19349393892895506,0.258493353028065
wikipedia,KFC_v2,iterative,0.1936473837655363,0.258493353028065
wikipedia,KFC_v2,iterative,0.19380082860211756,0.258493353028065
wikipedia,KFC_v2,iterative,0.1939542734386988,0.258493353028065
wikipedia,KFC_v2,iterative,0.19410771827528003,0.258493353028065
wikipedia,KFC_v2,iterative,0.19426116311186128,0.258493353028065
wikipedia,KFC_v2,iterative,0.19441460794844254,0.258493353028065
wikipedia,KFC_v2,iterative,0.1945680527850238,0.258493353028065
wikipedia,KFC_v2,iterative,0.19472149762160504,0.258493353028065
wikipedia,KFC_v2,iterative,0.1948749424581863,0.258493353028065
wikipedia,KFC_v2,iterative,0.19502838729476754,0.258493353028065
wikipedia,KFC_v2,iterative,0.1951818321313488,0.258493353028065
wikipedia,KFC_v2,iterative,0.19533527696793004,0.258493353028065
wikipedia,KFC_v2,iterative,0.1954887218045113,0.258493353028065
wikipedia,KFC_v2,iterative,0.19564216664109255,0.258493353028065
wikipedia,KFC_v2,iterative,0.1957956114776738,0.258493353028065
wikipedia,KFC_v2,iterative,0.19594905631425502,0.258493353028065
wikipedia,KFC_v2,iterative,0.19610250115083627,0.258493353028065
wikipedia,KFC_v2,iterative,0.19625594598741752,0.258493353028065
wikipedia,KFC_v2,iterative,0.19640939082399878,0.258493353028065
wikipedia,KFC_v2,iterative,0.19656283566058003,0.258493353028065
wikipedia,KFC_v2,iterative,0.19671628049716128,0.258493353028065
wikipedia,KFC_v2,iterative,0.19686972533374253,0.258493353028065
wikipedia,KFC_v2,iterative,0.19702317017032378,0.258493353028065
wikipedia,KFC_v2,iterative,0.19717661500690503,0.258493353028065
wikipedia,KFC_v2,iterative,0.19733005984348628,0.258493353028065
wikipedia,KFC_v2,iterative,0.19748350468006753,0.258493353028065
wikipedia,KFC_v2,iterative,0.19763694951664879,0.258493353028065
wikipedia,KFC_v2,iterative,0.19779039435323004,0.258493353028065
wikipedia,KFC_v2,iterative,0.19794383918981126,0.258493353028065
wikipedia,KFC_v2,iterative,0.1980972840263925,0.258493353028065
wikipedia,KFC_v2,iterative,0.19825072886297376,0.258493353028065
wikipedia,KFC_v2,iterative,0.19840417369955501,0.258493353028065
wikipedia,KFC_v2,iterative,0.19855761853613627,0.258493353028065
wikipedia,KFC_v2,iterative,0.19871106337271752,0.258493353028065
wikipedia,KFC_v2,iterative,0.19886450820929877,0.258493353028065
wikipedia,KFC_v2,iterative,0.19901795304588002,0.258493353028065
wikipedia,KFC_v2,iterative,0.19917139788246127,0.258493353028065
wikipedia,KFC_v2,iterative,0.19932484271904252,0.258493353028065
wikipedia,KFC_v2,iterative,0.19947828755562377,0.258493353028065
wikipedia,KFC_v2,iterative,0.19963173239220502,0.258493353028065
wikipedia,KFC_v2,iterative,0.19978517722878625,0.258493353028065
wikipedia,KFC_v2,iterative,0.1999386220653675,0.258493353028065
wikipedia,KFC_v2,iterative,0.20009206690194875,0.258493353028065
wikipedia,KFC_v2,iterative,0.20024551173853,0.258493353028065
wikipedia,KFC_v2,iterative,0.20039895657511125,0.258493353028065
wikipedia,KFC_v2,iterative,0.2005524014116925,0.258493353028065
wikipedia,KFC_v2,iterative,0.20070584624827376,0.258493353028065
wikipedia,KFC_v2,iterative,0.200859291084855,0.258493353028065
wikipedia,KFC_v2,iterative,0.20101273592143626,0.258493353028065
wikipedia,KFC_v2,iterative,0.2011661807580175,0.258493353028065
wikipedia,KFC_v2,iterative,0.20131962559459876,0.258493353028065
wikipedia,KFC_v2,iterative,0.20147307043118,0.258493353028065
wikipedia,KFC_v2,iterative,0.20162651526776124,0.258493353028065
wikipedia,KFC_v2,iterative,0.2017799601043425,0.258493353028065
wikipedia,KFC_v2,iterative,0.20193340494092374,0.258493353028065
wikipedia,KFC_v2,iterative,0.202086849777505,0.258493353028065
wikipedia,KFC_v2,iterative,0.20224029461408624,0.258493353028065
wikipedia,KFC_v2,iterative,0.2023937394506675,0.258493353028065
wikipedia,KFC_v2,iterative,0.20254718428724874,0.258493353028065
wikipedia,KFC_v2,iterative,0.20270062912383,0.258493353028065
wikipedia,KFC_v2,iterative,0.20285407396041125,0.258493353028065
wikipedia,KFC_v2,iterative,0.2030075187969925,0.258493353028065
wikipedia,KFC_v2,iterative,0.20316096363357375,0.258493353028065
wikipedia,KFC_v2,iterative,0.203314408470155,0.258493353028065
wikipedia,KFC_v2,iterative,0.20346785330673625,0.258493353028065
wikipedia,KFC_v2,iterative,0.20362129814331748,0.258493353028065
wikipedia,KFC_v2,iterative,0.20377474297989873,0.258493353028065
wikipedia,KFC_v2,iterative,0.20392818781647998,0.258493353028065
wikipedia,KFC_v2,iterative,0.20408163265306123,0.258493353028065
wikipedia,KFC_v2,iterative,0.20423507748964248,0.258493353028065
wikipedia,KFC_v2,iterative,0.20438852232622373,0.258493353028065
wikipedia,KFC_v2,iterative,0.20454196716280498,0.258493353028065
wikipedia,KFC_v2,iterative,0.20469541199938623,0.258493353028065
wikipedia,KFC_v2,iterative,0.20484885683596749,0.258493353028065
wikipedia,KFC_v2,iterative,0.20500230167254874,0.258493353028065
wikipedia,KFC_v2,iterative,0.20515574650913,0.258493353028065
wikipedia,KFC_v2,iterative,0.20530919134571124,0.258493353028065
wikipedia,KFC_v2,iterative,0.20546263618229246,0.258493353028065
wikipedia,KFC_v2,iterative,0.20561608101887371,0.258493353028065
wikipedia,KFC_v2,iterative,0.20576952585545497,0.258493353028065
wikipedia,KFC_v2,iterative,0.20592297069203622,0.258493353028065
wikipedia,KFC_v2,iterative,0.20607641552861747,0.258493353028065
wikipedia,KFC_v2,iterative,0.20622986036519872,0.258493353028065
wikipedia,KFC_v2,iterative,0.20638330520177997,0.258493353028065
wikipedia,KFC_v2,iterative,0.20653675003836122,0.258493353028065
wikipedia,KFC_v2,iterative,0.20669019487494247,0.258493353028065
wikipedia,KFC_v2,iterative,0.20684363971152372,0.258493353028065
wikipedia,KFC_v2,iterative,0.20699708454810498,0.258493353028065
wikipedia,KFC_v2,iterative,0.20715052938468623,0.258493353028065
wikipedia,KFC_v2,iterative,0.20730397422126745,0.258493353028065
wikipedia,KFC_v2,iterative,0.2074574190578487,0.258493353028065
wikipedia,KFC_v2,iterative,0.20761086389442995,0.258493353028065
wikipedia,KFC_v2,iterative,0.2077643087310112,0.258493353028065
wikipedia,KFC_v2,iterative,0.20791775356759246,0.258493353028065
wikipedia,KFC_v2,iterative,0.2080711984041737,0.258493353028065
wikipedia,KFC_v2,iterative,0.20822464324075496,0.258493353028065
wikipedia,KFC_v2,iterative,0.2083780880773362,0.258493353028065
wikipedia,KFC_v2,iterative,0.20853153291391746,0.258493353028065
wikipedia,KFC_v2,iterative,0.2086849777504987,0.258493353028065
wikipedia,KFC_v2,iterative,0.20883842258707996,0.258493353028065
wikipedia,KFC_v2,iterative,0.20899186742366122,0.258493353028065
wikipedia,KFC_v2,iterative,0.20914531226024247,0.258493353028065
wikipedia,KFC_v2,iterative,0.2092987570968237,0.258493353028065
wikipedia,KFC_v2,iterative,0.20945220193340494,0.258493353028065
wikipedia,KFC_v2,iterative,0.2096056467699862,0.258493353028065
wikipedia,KFC_v2,iterative,0.20975909160656744,0.258493353028065
wikipedia,KFC_v2,iterative,0.2099125364431487,0.258493353028065
wikipedia,KFC_v2,iterative,0.21006598127972995,0.258493353028065
wikipedia,KFC_v2,iterative,0.2102194261163112,0.258493353028065
wikipedia,KFC_v2,iterative,0.21037287095289245,0.258493353028065
wikipedia,KFC_v2,iterative,0.2105263157894737,0.258493353028065
wikipedia,KFC_v2,iterative,0.21067976062605495,0.258493353028065
wikipedia,KFC_v2,iterative,0.2108332054626362,0.258493353028065
wikipedia,KFC_v2,iterative,0.21098665029921745,0.258493353028065
wikipedia,KFC_v2,iterative,0.21114009513579868,0.258493353028065
wikipedia,KFC_v2,iterative,0.21129353997237993,0.258493353028065
wikipedia,KFC_v2,iterative,0.21144698480896118,0.258493353028065
wikipedia,KFC_v2,iterative,0.21160042964554243,0.258493353028065
wikipedia,KFC_v2,iterative,0.21175387448212368,0.258493353028065
wikipedia,KFC_v2,iterative,0.21190731931870493,0.258493353028065
wikipedia,KFC_v2,iterative,0.21206076415528619,0.258493353028065
wikipedia,KFC_v2,iterative,0.21221420899186744,0.258493353028065
wikipedia,KFC_v2,iterative,0.2123676538284487,0.258493353028065
wikipedia,KFC_v2,iterative,0.21252109866502994,0.258493353028065
wikipedia,KFC_v2,iterative,0.2126745435016112,0.258493353028065
wikipedia,KFC_v2,iterative,0.21282798833819244,0.258493353028065
wikipedia,KFC_v2,iterative,0.21298143317477367,0.258493353028065
wikipedia,KFC_v2,iterative,0.21313487801135492,0.258493353028065
wikipedia,KFC_v2,iterative,0.21328832284793617,0.258493353028065
wikipedia,KFC_v2,iterative,0.21344176768451742,0.258493353028065
wikipedia,KFC_v2,iterative,0.21359521252109867,0.258493353028065
wikipedia,KFC_v2,iterative,0.21374865735767992,0.258493353028065
wikipedia,KFC_v2,iterative,0.21390210219426117,0.258493353028065
wikipedia,KFC_v2,iterative,0.21405554703084242,0.258493353028065
wikipedia,KFC_v2,iterative,0.21420899186742368,0.258493353028065
wikipedia,KFC_v2,iterative,0.21436243670400493,0.258493353028065
wikipedia,KFC_v2,iterative,0.21451588154058618,0.258493353028065
wikipedia,KFC_v2,iterative,0.21466932637716743,0.258493353028065
wikipedia,KFC_v2,iterative,0.21482277121374868,0.258493353028065
wikipedia,KFC_v2,iterative,0.2149762160503299,0.258493353028065
wikipedia,KFC_v2,iterative,0.21512966088691116,0.258493353028065
wikipedia,KFC_v2,iterative,0.2152831057234924,0.258493353028065
wikipedia,KFC_v2,iterative,0.21543655056007366,0.258493353028065
wikipedia,KFC_v2,iterative,0.2155899953966549,0.258493353028065
wikipedia,KFC_v2,iterative,0.21574344023323616,0.258493353028065
wikipedia,KFC_v2,iterative,0.2158968850698174,0.258493353028065
wikipedia,KFC_v2,iterative,0.21605032990639866,0.258493353028065
wikipedia,KFC_v2,iterative,0.21620377474297992,0.258493353028065
wikipedia,KFC_v2,iterative,0.21635721957956117,0.258493353028065
wikipedia,KFC_v2,iterative,0.21651066441614242,0.258493353028065
wikipedia,KFC_v2,iterative,0.21666410925272367,0.258493353028065
wikipedia,KFC_v2,iterative,0.2168175540893049,0.258493353028065
wikipedia,KFC_v2,iterative,0.21697099892588614,0.258493353028065
wikipedia,KFC_v2,iterative,0.2171244437624674,0.258493353028065
wikipedia,KFC_v2,iterative,0.21727788859904865,0.258493353028065
wikipedia,KFC_v2,iterative,0.2174313334356299,0.258493353028065
wikipedia,KFC_v2,iterative,0.21758477827221115,0.258493353028065
wikipedia,KFC_v2,iterative,0.2177382231087924,0.258493353028065
wikipedia,KFC_v2,iterative,0.21789166794537365,0.258493353028065
wikipedia,KFC_v2,iterative,0.2180451127819549,0.258493353028065
wikipedia,KFC_v2,iterative,0.21819855761853615,0.258493353028065
wikipedia,KFC_v2,iterative,0.2183520024551174,0.258493353028065
wikipedia,KFC_v2,iterative,0.21850544729169866,0.258493353028065
wikipedia,KFC_v2,iterative,0.21865889212827988,0.258493353028065
wikipedia,KFC_v2,iterative,0.21881233696486113,0.258493353028065
wikipedia,KFC_v2,iterative,0.21896578180144238,0.258493353028065
wikipedia,KFC_v2,iterative,0.21911922663802363,0.258493353028065
wikipedia,KFC_v2,iterative,0.21927267147460489,0.258493353028065
wikipedia,KFC_v2,iterative,0.21942611631118614,0.258493353028065
wikipedia,KFC_v2,iterative,0.2195795611477674,0.258493353028065
wikipedia,KFC_v2,iterative,0.21973300598434864,0.258493353028065
wikipedia,KFC_v2,iterative,0.2198864508209299,0.258493353028065
wikipedia,KFC_v2,iterative,0.22003989565751114,0.258493353028065
wikipedia,KFC_v2,iterative,0.2201933404940924,0.258493353028065
wikipedia,KFC_v2,iterative,0.22034678533067364,0.258493353028065
wikipedia,KFC_v2,iterative,0.2205002301672549,0.258493353028065
wikipedia,KFC_v2,iterative,0.22065367500383612,0.258493353028065
wikipedia,KFC_v2,iterative,0.22080711984041737,0.258493353028065
wikipedia,KFC_v2,iterative,0.22096056467699862,0.258493353028065
wikipedia,KFC_v2,iterative,0.22111400951357987,0.258493353028065
wikipedia,KFC_v2,iterative,0.22126745435016112,0.258493353028065
wikipedia,KFC_v2,iterative,0.22142089918674238,0.258493353028065
wikipedia,KFC_v2,iterative,0.22157434402332363,0.258493353028065
wikipedia,KFC_v2,iterative,0.22172778885990488,0.258493353028065
wikipedia,KFC_v2,iterative,0.22188123369648613,0.258493353028065
wikipedia,KFC_v2,iterative,0.22203467853306738,0.258493353028065
wikipedia,KFC_v2,iterative,0.22218812336964863,0.258493353028065
wikipedia,KFC_v2,iterative,0.22234156820622988,0.258493353028065
wikipedia,KFC_v2,iterative,0.2224950130428111,0.258493353028065
wikipedia,KFC_v2,iterative,0.22264845787939236,0.258493353028065
wikipedia,KFC_v2,iterative,0.2228019027159736,0.258493353028065
wikipedia,KFC_v2,iterative,0.22295534755255486,0.258493353028065
wikipedia,KFC_v2,iterative,0.2231087923891361,0.258493353028065
wikipedia,KFC_v2,iterative,0.22326223722571736,0.258493353028065
wikipedia,KFC_v2,iterative,0.22341568206229862,0.258493353028065
wikipedia,KFC_v2,iterative,0.22356912689887987,0.258493353028065
wikipedia,KFC_v2,iterative,0.22372257173546112,0.258493353028065
wikipedia,KFC_v2,iterative,0.22387601657204237,0.258493353028065
wikipedia,KFC_v2,iterative,0.22402946140862362,0.258493353028065
wikipedia,KFC_v2,iterative,0.22418290624520487,0.258493353028065
wikipedia,KFC_v2,iterative,0.2243363510817861,0.258493353028065
wikipedia,KFC_v2,iterative,0.22448979591836735,0.258493353028065
wikipedia,KFC_v2,iterative,0.2246432407549486,0.2555391432791728
wikipedia,KFC_v2,iterative,0.22479668559152985,0.2555391432791728
wikipedia,KFC_v2,iterative,0.2249501304281111,0.2511078286558346
wikipedia,KFC_v2,iterative,0.22510357526469235,0.2466765140324963
wikipedia,KFC_v2,iterative,0.2252570201012736,0.2466765140324963
wikipedia,KFC_v2,iterative,0.22541046493785485,0.2466765140324963
wikipedia,KFC_v2,iterative,0.2255639097744361,0.2466765140324963
wikipedia,KFC_v2,iterative,0.22571735461101736,0.2466765140324963
wikipedia,KFC_v2,iterative,0.2258707994475986,0.2466765140324963
wikipedia,KFC_v2,iterative,0.22602424428417986,0.2466765140324963
wikipedia,KFC_v2,iterative,0.2261776891207611,0.2466765140324963
wikipedia,KFC_v2,iterative,0.22633113395734233,0.23042836041358936
wikipedia,KFC_v2,iterative,0.22648457879392359,0.23042836041358936
wikipedia,KFC_v2,iterative,0.22663802363050484,0.23042836041358936
wikipedia,KFC_v2,iterative,0.2267914684670861,0.23042836041358936
wikipedia,KFC_v2,iterative,0.22694491330366734,0.23042836041358936
wikipedia,KFC_v2,iterative,0.2270983581402486,0.23042836041358936
wikipedia,KFC_v2,iterative,0.22725180297682984,0.23042836041358936
wikipedia,KFC_v2,iterative,0.2274052478134111,0.23042836041358936
wikipedia,KFC_v2,iterative,0.22755869264999234,0.23042836041358936
wikipedia,KFC_v2,iterative,0.2277121374865736,0.23042836041358936
wikipedia,KFC_v2,iterative,0.22786558232315485,0.23042836041358936
wikipedia,KFC_v2,iterative,0.2280190271597361,0.23042836041358936
wikipedia,KFC_v2,iterative,0.22817247199631732,0.23042836041358936
wikipedia,KFC_v2,iterative,0.22832591683289857,0.23042836041358936
wikipedia,KFC_v2,iterative,0.22847936166947982,0.23042836041358936
wikipedia,KFC_v2,iterative,0.22863280650606108,0.23042836041358936
wikipedia,KFC_v2,iterative,0.22878625134264233,0.23042836041358936
wikipedia,KFC_v2,iterative,0.22893969617922358,0.23042836041358936
wikipedia,KFC_v2,iterative,0.22909314101580483,0.23042836041358936
wikipedia,KFC_v2,iterative,0.22924658585238608,0.23042836041358936
wikipedia,KFC_v2,iterative,0.22940003068896733,0.23042836041358936
wikipedia,KFC_v2,iterative,0.22955347552554858,0.23042836041358936
wikipedia,KFC_v2,iterative,0.22970692036212984,0.23042836041358936
wikipedia,KFC_v2,iterative,0.2298603651987111,0.23042836041358936
wikipedia,KFC_v2,iterative,0.2300138100352923,0.23042836041358936
wikipedia,KFC_v2,iterative,0.23016725487187356,0.23042836041358936
wikipedia,KFC_v2,iterative,0.2303206997084548,0.23042836041358936
wikipedia,KFC_v2,iterative,0.23047414454503606,0.23042836041358936
wikipedia,KFC_v2,iterative,0.23062758938161732,0.23042836041358936
wikipedia,KFC_v2,iterative,0.23078103421819857,0.23042836041358936
wikipedia,KFC_v2,iterative,0.23093447905477982,0.23042836041358936
wikipedia,KFC_v2,iterative,0.23108792389136107,0.23042836041358936
wikipedia,KFC_v2,iterative,0.23124136872794232,0.23042836041358936
wikipedia,KFC_v2,iterative,0.23139481356452357,0.23042836041358936
wikipedia,KFC_v2,iterative,0.23154825840110482,0.23042836041358936
wikipedia,KFC_v2,iterative,0.23170170323768607,0.23042836041358936
wikipedia,KFC_v2,iterative,0.23185514807426733,0.23042836041358936
wikipedia,KFC_v2,iterative,0.23200859291084855,0.23042836041358936
wikipedia,KFC_v2,iterative,0.2321620377474298,0.23042836041358936
wikipedia,KFC_v2,iterative,0.23231548258401105,0.23042836041358936
wikipedia,KFC_v2,iterative,0.2324689274205923,0.23042836041358936
wikipedia,KFC_v2,iterative,0.23262237225717355,0.23042836041358936
wikipedia,KFC_v2,iterative,0.2327758170937548,0.23042836041358936
wikipedia,KFC_v2,iterative,0.23292926193033606,0.23042836041358936
wikipedia,KFC_v2,iterative,0.2330827067669173,0.23042836041358936
wikipedia,KFC_v2,iterative,0.23323615160349856,0.23042836041358936
wikipedia,KFC_v2,iterative,0.2333895964400798,0.23042836041358936
wikipedia,KFC_v2,iterative,0.23354304127666106,0.23042836041358936
wikipedia,KFC_v2,iterative,0.2336964861132423,0.23042836041358936
wikipedia,KFC_v2,iterative,0.23384993094982354,0.23042836041358936
wikipedia,KFC_v2,iterative,0.2340033757864048,0.23042836041358936
wikipedia,KFC_v2,iterative,0.23415682062298604,0.17429837518463812
wikipedia,KFC_v2,iterative,0.2343102654595673,0.17429837518463812
wikipedia,KFC_v2,iterative,0.23446371029614854,0.17429837518463812
wikipedia,KFC_v2,iterative,0.2346171551327298,0.17429837518463812
wikipedia,KFC_v2,iterative,0.23477059996931104,0.17429837518463812
wikipedia,KFC_v2,iterative,0.2349240448058923,0.17429837518463812
wikipedia,KFC_v2,iterative,0.23507748964247355,0.17429837518463812
wikipedia,KFC_v2,iterative,0.2352309344790548,0.17429837518463812
wikipedia,KFC_v2,iterative,0.23538437931563605,0.17429837518463812
wikipedia,KFC_v2,iterative,0.2355378241522173,0.17429837518463812
wikipedia,KFC_v2,iterative,0.23569126898879855,0.17429837518463812
wikipedia,KFC_v2,iterative,0.23584471382537978,0.17429837518463812
wikipedia,KFC_v2,iterative,0.23599815866196103,0.17429837518463812
wikipedia,KFC_v2,iterative,0.23615160349854228,0.17429837518463812
wikipedia,KFC_v2,iterative,0.23630504833512353,0.17429837518463812
wikipedia,KFC_v2,iterative,0.23645849317170478,0.17429837518463812
wikipedia,KFC_v2,iterative,0.23661193800828603,0.17429837518463812
wikipedia,KFC_v2,iterative,0.23676538284486728,0.17429837518463812
wikipedia,KFC_v2,iterative,0.23691882768144853,0.17429837518463812
wikipedia,KFC_v2,iterative,0.2370722725180298,0.17429837518463812
wikipedia,KFC_v2,iterative,0.23722571735461104,0.17429837518463812
wikipedia,KFC_v2,iterative,0.2373791621911923,0.17429837518463812
wikipedia,KFC_v2,iterative,0.23753260702777354,0.17429837518463812
wikipedia,KFC_v2,iterative,0.23768605186435476,0.17429837518463812
wikipedia,KFC_v2,iterative,0.23783949670093602,0.17429837518463812
wikipedia,KFC_v2,iterative,0.23799294153751727,0.17429837518463812
wikipedia,KFC_v2,iterative,0.23814638637409852,0.17429837518463812
wikipedia,KFC_v2,iterative,0.23829983121067977,0.17429837518463812
wikipedia,KFC_v2,iterative,0.23845327604726102,0.17429837518463812
wikipedia,KFC_v2,iterative,0.23860672088384227,0.17429837518463812
wikipedia,KFC_v2,iterative,0.23876016572042352,0.17429837518463812
wikipedia,KFC_v2,iterative,0.23891361055700477,0.17429837518463812
wikipedia,KFC_v2,iterative,0.23906705539358603,0.17429837518463812
wikipedia,KFC_v2,iterative,0.23922050023016728,0.17429837518463812
wikipedia,KFC_v2,iterative,0.23937394506674853,0.17429837518463812
wikipedia,KFC_v2,iterative,0.23952738990332975,0.17429837518463812
wikipedia,KFC_v2,iterative,0.239680834739911,0.15952732644017725
wikipedia,KFC_v2,iterative,0.23983427957649225,0.15952732644017725
wikipedia,KFC_v2,iterative,0.2399877244130735,0.15952732644017725
wikipedia,KFC_v2,iterative,0.24014116924965476,0.15952732644017725
wikipedia,KFC_v2,iterative,0.240294614086236,0.15952732644017725
wikipedia,KFC_v2,iterative,0.24044805892281726,0.15952732644017725
wikipedia,KFC_v2,iterative,0.2406015037593985,0.15952732644017725
wikipedia,KFC_v2,iterative,0.24075494859597976,0.15952732644017725
wikipedia,KFC_v2,iterative,0.240908393432561,0.15952732644017725
wikipedia,KFC_v2,iterative,0.24106183826914226,0.15952732644017725
wikipedia,KFC_v2,iterative,0.24121528310572352,0.15952732644017725
wikipedia,KFC_v2,iterative,0.24136872794230477,0.15952732644017725
wikipedia,KFC_v2,iterative,0.241522172778886,0.15952732644017725
wikipedia,KFC_v2,iterative,0.24167561761546724,0.15952732644017725
wikipedia,KFC_v2,iterative,0.2418290624520485,0.15952732644017725
wikipedia,KFC_v2,iterative,0.24198250728862974,0.15952732644017725
wikipedia,KFC_v2,iterative,0.242135952125211,0.15952732644017725
wikipedia,KFC_v2,iterative,0.24228939696179225,0.15952732644017725
wikipedia,KFC_v2,iterative,0.2424428417983735,0.15952732644017725
wikipedia,KFC_v2,iterative,0.24259628663495475,0.15952732644017725
wikipedia,KFC_v2,iterative,0.242749731471536,0.15952732644017725
wikipedia,KFC_v2,iterative,0.24290317630811725,0.15952732644017725
wikipedia,KFC_v2,iterative,0.2430566211446985,0.15952732644017725
wikipedia,KFC_v2,iterative,0.24321006598127975,0.15952732644017725
wikipedia,KFC_v2,iterative,0.24336351081786098,0.15952732644017725
wikipedia,KFC_v2,iterative,0.24351695565444223,0.15952732644017725
wikipedia,KFC_v2,iterative,0.24367040049102348,0.15952732644017725
wikipedia,KFC_v2,iterative,0.24382384532760473,0.15952732644017725
wikipedia,KFC_v2,iterative,0.24397729016418598,0.15952732644017725
wikipedia,KFC_v2,iterative,0.24413073500076723,0.15952732644017725
wikipedia,KFC_v2,iterative,0.2442841798373485,0.15952732644017725
wikipedia,KFC_v2,iterative,0.24443762467392974,0.15952732644017725
wikipedia,KFC_v2,iterative,0.244591069510511,0.15952732644017725
wikipedia,KFC_v2,iterative,0.24474451434709224,0.15952732644017725
wikipedia,KFC_v2,iterative,0.2448979591836735,0.15952732644017725
wikipedia,KFC_v2,iterative,0.24505140402025474,0.15952732644017725
wikipedia,KFC_v2,iterative,0.24520484885683597,0.15952732644017725
wikipedia,KFC_v2,iterative,0.24535829369341722,0.15952732644017725
wikipedia,KFC_v2,iterative,0.24551173852999847,0.15952732644017725
wikipedia,KFC_v2,iterative,0.24566518336657972,0.15952732644017725
wikipedia,KFC_v2,iterative,0.24581862820316097,0.15952732644017725
wikipedia,KFC_v2,iterative,0.24597207303974222,0.15952732644017725
wikipedia,KFC_v2,iterative,0.24612551787632347,0.15952732644017725
wikipedia,KFC_v2,iterative,0.24627896271290473,0.15952732644017725
wikipedia,KFC_v2,iterative,0.24643240754948598,0.15952732644017725
wikipedia,KFC_v2,iterative,0.24658585238606723,0.15952732644017725
wikipedia,KFC_v2,iterative,0.24673929722264848,0.15952732644017725
wikipedia,KFC_v2,iterative,0.24689274205922973,0.15952732644017725
wikipedia,KFC_v2,iterative,0.24704618689581098,0.15952732644017725
wikipedia,KFC_v2,iterative,0.2471996317323922,0.15952732644017725
wikipedia,KFC_v2,iterative,0.24735307656897346,0.15952732644017725
wikipedia,KFC_v2,iterative,0.2475065214055547,0.15952732644017725
wikipedia,KFC_v2,iterative,0.24765996624213596,0.15952732644017725
wikipedia,KFC_v2,iterative,0.2478134110787172,0.15952732644017725
wikipedia,KFC_v2,iterative,0.24796685591529846,0.15952732644017725
wikipedia,KFC_v2,iterative,0.2481203007518797,0.15952732644017725
wikipedia,KFC_v2,iterative,0.24827374558846096,0.15952732644017725
wikipedia,KFC_v2,iterative,0.24842719042504222,0.15952732644017725
wikipedia,KFC_v2,iterative,0.24858063526162347,0.15952732644017725
wikipedia,KFC_v2,iterative,0.24873408009820472,0.15952732644017725
wikipedia,KFC_v2,iterative,0.24888752493478597,0.15952732644017725
wikipedia,KFC_v2,iterative,0.2490409697713672,0.15952732644017725
wikipedia,KFC_v2,iterative,0.24919441460794844,0.15952732644017725
wikipedia,KFC_v2,iterative,0.2493478594445297,0.15952732644017725
wikipedia,KFC_v2,iterative,0.24950130428111095,0.15952732644017725
wikipedia,KFC_v2,iterative,0.2496547491176922,0.15952732644017725
wikipedia,KFC_v2,iterative,0.24980819395427345,0.15952732644017725
wikipedia,KFC_v2,iterative,0.2499616387908547,0.15952732644017725
wikipedia,KFC_v2,iterative,0.25011508362743595,0.15952732644017725
wikipedia,KFC_v2,iterative,0.2502685284640172,0.15952732644017725
wikipedia,KFC_v2,iterative,0.25042197330059845,0.15952732644017725
wikipedia,KFC_v2,iterative,0.2505754181371797,0.15952732644017725
wikipedia,KFC_v2,iterative,0.25072886297376096,0.15952732644017725
wikipedia,KFC_v2,iterative,0.2508823078103422,0.15952732644017725
wikipedia,KFC_v2,iterative,0.25103575264692346,0.15952732644017725
wikipedia,KFC_v2,iterative,0.2511891974835047,0.15952732644017725
wikipedia,KFC_v2,iterative,0.25134264232008596,0.15952732644017725
wikipedia,KFC_v2,iterative,0.2514960871566672,0.15952732644017725
wikipedia,KFC_v2,iterative,0.25164953199324847,0.15952732644017725
wikipedia,KFC_v2,iterative,0.25180297682982966,0.15952732644017725
wikipedia,KFC_v2,iterative,0.2519564216664109,0.15952732644017725
wikipedia,KFC_v2,iterative,0.25210986650299216,0.15952732644017725
wikipedia,KFC_v2,iterative,0.2522633113395734,0.15952732644017725
wikipedia,KFC_v2,iterative,0.25241675617615467,0.15952732644017725
wikipedia,KFC_v2,iterative,0.2525702010127359,0.15952732644017725
wikipedia,KFC_v2,iterative,0.25272364584931717,0.15952732644017725
wikipedia,KFC_v2,iterative,0.2528770906858984,0.15952732644017725
wikipedia,KFC_v2,iterative,0.25303053552247967,0.15952732644017725
wikipedia,KFC_v2,iterative,0.2531839803590609,0.15952732644017725
wikipedia,KFC_v2,iterative,0.2533374251956422,0.15952732644017725
wikipedia,KFC_v2,iterative,0.2534908700322234,0.15952732644017725
wikipedia,KFC_v2,iterative,0.2536443148688047,0.15952732644017725
wikipedia,KFC_v2,iterative,0.25379775970538593,0.15952732644017725
wikipedia,KFC_v2,iterative,0.2539512045419672,0.15952732644017725
wikipedia,KFC_v2,iterative,0.25410464937854843,0.15952732644017725
wikipedia,KFC_v2,iterative,0.2542580942151297,0.15952732644017725
wikipedia,KFC_v2,iterative,0.25441153905171093,0.15952732644017725
wikipedia,KFC_v2,iterative,0.2545649838882922,0.15952732644017725
wikipedia,KFC_v2,iterative,0.25471842872487344,0.15952732644017725
wikipedia,KFC_v2,iterative,0.2548718735614547,0.15952732644017725
wikipedia,KFC_v2,iterative,0.25502531839803594,0.15952732644017725
wikipedia,KFC_v2,iterative,0.2551787632346172,0.15952732644017725
wikipedia,KFC_v2,iterative,0.25533220807119844,0.15952732644017725
wikipedia,KFC_v2,iterative,0.2554856529077797,0.15952732644017725
wikipedia,KFC_v2,iterative,0.2556390977443609,0.15952732644017725
wikipedia,KFC_v2,iterative,0.25579254258094214,0.15952732644017725
wikipedia,KFC_v2,iterative,0.2559459874175234,0.15952732644017725
wikipedia,KFC_v2,iterative,0.25609943225410464,0.15952732644017725
wikipedia,KFC_v2,iterative,0.2562528770906859,0.15952732644017725
wikipedia,KFC_v2,iterative,0.25640632192726714,0.15952732644017725
wikipedia,KFC_v2,iterative,0.2565597667638484,0.15952732644017725
wikipedia,KFC_v2,iterative,0.25671321160042965,0.15952732644017725
wikipedia,KFC_v2,iterative,0.2568666564370109,0.15952732644017725
wikipedia,KFC_v2,iterative,0.25702010127359215,0.15952732644017725
wikipedia,KFC_v2,iterative,0.2571735461101734,0.15952732644017725
wikipedia,KFC_v2,iterative,0.25732699094675465,0.15952732644017725
wikipedia,KFC_v2,iterative,0.2574804357833359,0.15952732644017725
wikipedia,KFC_v2,iterative,0.25763388061991715,0.15952732644017725
wikipedia,KFC_v2,iterative,0.2577873254564984,0.15952732644017725
wikipedia,KFC_v2,iterative,0.25794077029307966,0.15952732644017725
wikipedia,KFC_v2,iterative,0.2580942151296609,0.15952732644017725
wikipedia,KFC_v2,iterative,0.25824765996624216,0.15952732644017725
wikipedia,KFC_v2,iterative,0.2584011048028234,0.15952732644017725
wikipedia,KFC_v2,iterative,0.25855454963940466,0.15952732644017725
wikipedia,KFC_v2,iterative,0.2587079944759859,0.15952732644017725
wikipedia,KFC_v2,iterative,0.25886143931256717,0.15952732644017725
wikipedia,KFC_v2,iterative,0.2590148841491484,0.15952732644017725
wikipedia,KFC_v2,iterative,0.25916832898572967,0.15952732644017725
wikipedia,KFC_v2,iterative,0.2593217738223109,0.15952732644017725
wikipedia,KFC_v2,iterative,0.2594752186588921,0.15952732644017725
wikipedia,KFC_v2,iterative,0.25962866349547337,0.15952732644017725
wikipedia,KFC_v2,iterative,0.2597821083320546,0.15952732644017725
wikipedia,KFC_v2,iterative,0.25993555316863587,0.15952732644017725
wikipedia,KFC_v2,iterative,0.2600889980052171,0.15952732644017725
wikipedia,KFC_v2,iterative,0.26024244284179837,0.15952732644017725
wikipedia,KFC_v2,iterative,0.2603958876783796,0.15952732644017725
wikipedia,KFC_v2,iterative,0.2605493325149609,0.15952732644017725
wikipedia,KFC_v2,iterative,0.2607027773515421,0.15952732644017725
wikipedia,KFC_v2,iterative,0.2608562221881234,0.15952732644017725
wikipedia,KFC_v2,iterative,0.26100966702470463,0.15952732644017725
wikipedia,KFC_v2,iterative,0.2611631118612859,0.15952732644017725
wikipedia,KFC_v2,iterative,0.26131655669786713,0.15952732644017725
wikipedia,KFC_v2,iterative,0.2614700015344484,0.15952732644017725
wikipedia,KFC_v2,iterative,0.26162344637102963,0.15952732644017725
wikipedia,KFC_v2,iterative,0.2617768912076109,0.15952732644017725
wikipedia,KFC_v2,iterative,0.26193033604419214,0.15952732644017725
wikipedia,KFC_v2,iterative,0.2620837808807734,0.15952732644017725
wikipedia,KFC_v2,iterative,0.26223722571735464,0.15952732644017725
wikipedia,KFC_v2,iterative,0.2623906705539359,0.15952732644017725
wikipedia,KFC_v2,iterative,0.26254411539051714,0.15952732644017725
wikipedia,KFC_v2,iterative,0.2626975602270984,0.15952732644017725
wikipedia,KFC_v2,iterative,0.26285100506367964,0.15952732644017725
wikipedia,KFC_v2,iterative,0.2630044499002609,0.15952732644017725
wikipedia,KFC_v2,iterative,0.2631578947368421,0.15952732644017725
wikipedia,KFC_v2,iterative,0.26331133957342334,0.15952732644017725
wikipedia,KFC_v2,iterative,0.2634647844100046,0.15952732644017725
wikipedia,KFC_v2,iterative,0.26361822924658584,0.15952732644017725
wikipedia,KFC_v2,iterative,0.2637716740831671,0.15952732644017725
wikipedia,KFC_v2,iterative,0.26392511891974835,0.15952732644017725
wikipedia,KFC_v2,iterative,0.2640785637563296,0.15952732644017725
wikipedia,KFC_v2,iterative,0.26423200859291085,0.15952732644017725
wikipedia,KFC_v2,iterative,0.2643854534294921,0.15952732644017725
wikipedia,KFC_v2,iterative,0.26453889826607335,0.15952732644017725
wikipedia,KFC_v2,iterative,0.2646923431026546,0.15952732644017725
wikipedia,KFC_v2,iterative,0.26484578793923585,0.15952732644017725
wikipedia,KFC_v2,iterative,0.2649992327758171,0.15952732644017725
wikipedia,KFC_v2,iterative,0.26515267761239836,0.15952732644017725
wikipedia,KFC_v2,iterative,0.2653061224489796,0.15952732644017725
wikipedia,KFC_v2,iterative,0.26545956728556086,0.15952732644017725
wikipedia,KFC_v2,iterative,0.2656130121221421,0.15952732644017725
wikipedia,KFC_v2,iterative,0.26576645695872336,0.15952732644017725
wikipedia,KFC_v2,iterative,0.2659199017953046,0.15952732644017725
wikipedia,KFC_v2,iterative,0.26607334663188587,0.15952732644017725
wikipedia,KFC_v2,iterative,0.2662267914684671,0.15952732644017725
wikipedia,KFC_v2,iterative,0.26638023630504837,0.15805022156573117
wikipedia,KFC_v2,iterative,0.2665336811416296,0.15805022156573117
wikipedia,KFC_v2,iterative,0.26668712597821087,0.15805022156573117
wikipedia,KFC_v2,iterative,0.2668405708147921,0.15805022156573117
wikipedia,KFC_v2,iterative,0.2669940156513733,0.15805022156573117
wikipedia,KFC_v2,iterative,0.26714746048795457,0.15805022156573117
wikipedia,KFC_v2,iterative,0.2673009053245358,0.15805022156573117
wikipedia,KFC_v2,iterative,0.26745435016111707,0.15214180206794684
wikipedia,KFC_v2,iterative,0.2676077949976983,0.15214180206794684
wikipedia,KFC_v2,iterative,0.2677612398342796,0.15214180206794684
wikipedia,KFC_v2,iterative,0.2679146846708608,0.15214180206794684
wikipedia,KFC_v2,iterative,0.2680681295074421,0.15214180206794684
wikipedia,KFC_v2,iterative,0.26822157434402333,0.15214180206794684
wikipedia,KFC_v2,iterative,0.2683750191806046,0.15214180206794684
wikipedia,KFC_v2,iterative,0.26852846401718583,0.15214180206794684
wikipedia,KFC_v2,iterative,0.2686819088537671,0.15214180206794684
wikipedia,KFC_v2,iterative,0.26883535369034833,0.15214180206794684
wikipedia,KFC_v2,iterative,0.2689887985269296,0.15214180206794684
wikipedia,KFC_v2,iterative,0.26914224336351084,0.15214180206794684
wikipedia,KFC_v2,iterative,0.2692956882000921,0.15214180206794684
wikipedia,KFC_v2,iterative,0.26944913303667334,0.15214180206794684
wikipedia,KFC_v2,iterative,0.2696025778732546,0.15214180206794684
wikipedia,KFC_v2,iterative,0.26975602270983584,0.15214180206794684
wikipedia,KFC_v2,iterative,0.2699094675464171,0.15214180206794684
wikipedia,KFC_v2,iterative,0.27006291238299834,0.15214180206794684
wikipedia,KFC_v2,iterative,0.2702163572195796,0.15214180206794684
wikipedia,KFC_v2,iterative,0.27036980205616085,0.15214180206794684
wikipedia,KFC_v2,iterative,0.2705232468927421,0.15214180206794684
wikipedia,KFC_v2,iterative,0.27067669172932335,0.15214180206794684
wikipedia,KFC_v2,iterative,0.27083013656590454,0.15214180206794684
wikipedia,KFC_v2,iterative,0.2709835814024858,0.15214180206794684
wikipedia,KFC_v2,iterative,0.27113702623906705,0.15214180206794684
wikipedia,KFC_v2,iterative,0.2712904710756483,0.15214180206794684
wikipedia,KFC_v2,iterative,0.27144391591222955,0.15214180206794684
wikipedia,KFC_v2,iterative,0.2715973607488108,0.15214180206794684
wikipedia,KFC_v2,iterative,0.27175080558539205,0.15214180206794684
wikipedia,KFC_v2,iterative,0.2719042504219733,0.15214180206794684
wikipedia,KFC_v2,iterative,0.27205769525855455,0.15214180206794684
wikipedia,KFC_v2,iterative,0.2722111400951358,0.15214180206794684
wikipedia,KFC_v2,iterative,0.27236458493171706,0.15214180206794684
wikipedia,KFC_v2,iterative,0.2725180297682983,0.15214180206794684
wikipedia,KFC_v2,iterative,0.27267147460487956,0.15214180206794684
wikipedia,KFC_v2,iterative,0.2728249194414608,0.15214180206794684
wikipedia,KFC_v2,iterative,0.27297836427804206,0.15214180206794684
wikipedia,KFC_v2,iterative,0.2731318091146233,0.15214180206794684
wikipedia,KFC_v2,iterative,0.27328525395120457,0.15214180206794684
wikipedia,KFC_v2,iterative,0.2734386987877858,0.15214180206794684
wikipedia,KFC_v2,iterative,0.27359214362436707,0.15214180206794684
wikipedia,KFC_v2,iterative,0.2737455884609483,0.15214180206794684
wikipedia,KFC_v2,iterative,0.27389903329752957,0.15214180206794684
wikipedia,KFC_v2,iterative,0.2740524781341108,0.15214180206794684
wikipedia,KFC_v2,iterative,0.2742059229706921,0.15214180206794684
wikipedia,KFC_v2,iterative,0.2743593678072733,0.15214180206794684
wikipedia,KFC_v2,iterative,0.2745128126438545,0.15214180206794684
wikipedia,KFC_v2,iterative,0.27466625748043577,0.15214180206794684
wikipedia,KFC_v2,iterative,0.274819702317017,0.15214180206794684
wikipedia,KFC_v2,iterative,0.2749731471535983,0.15214180206794684
wikipedia,KFC_v2,iterative,0.2751265919901795,0.15214180206794684
wikipedia,KFC_v2,iterative,0.2752800368267608,0.15214180206794684
wikipedia,KFC_v2,iterative,0.27543348166334203,0.15214180206794684
wikipedia,KFC_v2,iterative,0.2755869264999233,0.15214180206794684
wikipedia,KFC_v2,iterative,0.27574037133650453,0.15214180206794684
wikipedia,KFC_v2,iterative,0.2758938161730858,0.15214180206794684
wikipedia,KFC_v2,iterative,0.27604726100966703,0.15214180206794684
wikipedia,KFC_v2,iterative,0.2762007058462483,0.15214180206794684
wikipedia,KFC_v2,iterative,0.27635415068282954,0.15214180206794684
wikipedia,KFC_v2,iterative,0.2765075955194108,0.15214180206794684
wikipedia,KFC_v2,iterative,0.27666104035599204,0.15214180206794684
wikipedia,KFC_v2,iterative,0.2768144851925733,0.15214180206794684
wikipedia,KFC_v2,iterative,0.27696793002915454,0.15214180206794684
wikipedia,KFC_v2,iterative,0.2771213748657358,0.15214180206794684
wikipedia,KFC_v2,iterative,0.27727481970231704,0.15214180206794684
wikipedia,KFC_v2,iterative,0.2774282645388983,0.15214180206794684
wikipedia,KFC_v2,iterative,0.27758170937547955,0.15214180206794684
wikipedia,KFC_v2,iterative,0.2777351542120608,0.15214180206794684
wikipedia,KFC_v2,iterative,0.27788859904864205,0.15214180206794684
wikipedia,KFC_v2,iterative,0.2780420438852233,0.15214180206794684
wikipedia,KFC_v2,iterative,0.27819548872180455,0.15214180206794684
wikipedia,KFC_v2,iterative,0.27834893355838575,0.15214180206794684
wikipedia,KFC_v2,iterative,0.278502378394967,0.15214180206794684
wikipedia,KFC_v2,iterative,0.27865582323154825,0.15214180206794684
wikipedia,KFC_v2,iterative,0.2788092680681295,0.15214180206794684
wikipedia,KFC_v2,iterative,0.27896271290471075,0.15214180206794684
wikipedia,KFC_v2,iterative,0.279116157741292,0.15214180206794684
wikipedia,KFC_v2,iterative,0.27926960257787325,0.15214180206794684
wikipedia,KFC_v2,iterative,0.2794230474144545,0.15214180206794684
wikipedia,KFC_v2,iterative,0.27957649225103576,0.15214180206794684
wikipedia,KFC_v2,iterative,0.279729937087617,0.15214180206794684
wikipedia,KFC_v2,iterative,0.27988338192419826,0.15214180206794684
wikipedia,KFC_v2,iterative,0.2800368267607795,0.15214180206794684
wikipedia,KFC_v2,iterative,0.28019027159736076,0.15214180206794684
wikipedia,KFC_v2,iterative,0.280343716433942,0.15214180206794684
wikipedia,KFC_v2,iterative,0.28049716127052327,0.15214180206794684
wikipedia,KFC_v2,iterative,0.2806506061071045,0.15214180206794684
wikipedia,KFC_v2,iterative,0.28080405094368577,0.15214180206794684
wikipedia,KFC_v2,iterative,0.280957495780267,0.15214180206794684
wikipedia,KFC_v2,iterative,0.28111094061684827,0.15214180206794684
wikipedia,KFC_v2,iterative,0.2812643854534295,0.15214180206794684
wikipedia,KFC_v2,iterative,0.2814178302900108,0.15214180206794684
wikipedia,KFC_v2,iterative,0.281571275126592,0.15214180206794684
wikipedia,KFC_v2,iterative,0.2817247199631733,0.15214180206794684
wikipedia,KFC_v2,iterative,0.2818781647997545,0.15214180206794684
wikipedia,KFC_v2,iterative,0.2820316096363358,0.15214180206794684
wikipedia,KFC_v2,iterative,0.282185054472917,0.15214180206794684
wikipedia,KFC_v2,iterative,0.2823384993094982,0.15214180206794684
wikipedia,KFC_v2,iterative,0.2824919441460795,0.15214180206794684
wikipedia,KFC_v2,iterative,0.28264538898266073,0.15214180206794684
wikipedia,KFC_v2,iterative,0.282798833819242,0.15214180206794684
wikipedia,KFC_v2,iterative,0.28295227865582323,0.15214180206794684
wikipedia,KFC_v2,iterative,0.2831057234924045,0.15214180206794684
wikipedia,KFC_v2,iterative,0.28325916832898573,0.15214180206794684
wikipedia,KFC_v2,iterative,0.283412613165567,0.15214180206794684
wikipedia,KFC_v2,iterative,0.28356605800214824,0.15214180206794684
wikipedia,KFC_v2,iterative,0.2837195028387295,0.15214180206794684
wikipedia,KFC_v2,iterative,0.28387294767531074,0.15214180206794684
wikipedia,KFC_v2,iterative,0.284026392511892,0.15214180206794684
wikipedia,KFC_v2,iterative,0.28417983734847324,0.15214180206794684
wikipedia,KFC_v2,iterative,0.2843332821850545,0.15214180206794684
wikipedia,KFC_v2,iterative,0.28448672702163574,0.15214180206794684
wikipedia,KFC_v2,iterative,0.284640171858217,0.15214180206794684
wikipedia,KFC_v2,iterative,0.28479361669479825,0.15214180206794684
wikipedia,KFC_v2,iterative,0.2849470615313795,0.15214180206794684
wikipedia,KFC_v2,iterative,0.28510050636796075,0.15214180206794684
wikipedia,KFC_v2,iterative,0.285253951204542,0.15214180206794684
wikipedia,KFC_v2,iterative,0.28540739604112325,0.15214180206794684
wikipedia,KFC_v2,iterative,0.2855608408777045,0.15214180206794684
wikipedia,KFC_v2,iterative,0.28571428571428575,0.15214180206794684
wikipedia,KFC_v2,iterative,0.28586773055086695,0.15214180206794684
wikipedia,KFC_v2,iterative,0.2860211753874482,0.15214180206794684
wikipedia,KFC_v2,iterative,0.28617462022402945,0.15214180206794684
wikipedia,KFC_v2,iterative,0.2863280650606107,0.15214180206794684
wikipedia,KFC_v2,iterative,0.28648150989719195,0.15214180206794684
wikipedia,KFC_v2,iterative,0.2866349547337732,0.15214180206794684
wikipedia,KFC_v2,iterative,0.28678839957035446,0.15214180206794684
wikipedia,KFC_v2,iterative,0.2869418444069357,0.15214180206794684
wikipedia,KFC_v2,iterative,0.28709528924351696,0.15214180206794684
wikipedia,KFC_v2,iterative,0.2872487340800982,0.15214180206794684
wikipedia,KFC_v2,iterative,0.28740217891667946,0.15214180206794684
wikipedia,KFC_v2,iterative,0.2875556237532607,0.15214180206794684
wikipedia,KFC_v2,iterative,0.28770906858984197,0.15214180206794684
wikipedia,KFC_v2,iterative,0.2878625134264232,0.15214180206794684
wikipedia,KFC_v2,iterative,0.28801595826300447,0.15214180206794684
wikipedia,KFC_v2,iterative,0.2881694030995857,0.15214180206794684
wikipedia,KFC_v2,iterative,0.28832284793616697,0.15214180206794684
wikipedia,KFC_v2,iterative,0.2884762927727482,0.15214180206794684
wikipedia,KFC_v2,iterative,0.2886297376093295,0.15214180206794684
wikipedia,KFC_v2,iterative,0.2887831824459107,0.15214180206794684
wikipedia,KFC_v2,iterative,0.288936627282492,0.15214180206794684
wikipedia,KFC_v2,iterative,0.2890900721190732,0.15214180206794684
wikipedia,KFC_v2,iterative,0.2892435169556545,0.15214180206794684
wikipedia,KFC_v2,iterative,0.28939696179223573,0.15214180206794684
wikipedia,KFC_v2,iterative,0.289550406628817,0.15214180206794684
wikipedia,KFC_v2,iterative,0.2897038514653982,0.15214180206794684
wikipedia,KFC_v2,iterative,0.28985729630197943,0.15214180206794684
wikipedia,KFC_v2,iterative,0.2900107411385607,0.15214180206794684
wikipedia,KFC_v2,iterative,0.29016418597514193,0.15214180206794684
wikipedia,KFC_v2,iterative,0.2903176308117232,0.15214180206794684
wikipedia,KFC_v2,iterative,0.29047107564830443,0.15214180206794684
wikipedia,KFC_v2,iterative,0.2906245204848857,0.15214180206794684
wikipedia,KFC_v2,iterative,0.29077796532146694,0.15214180206794684
wikipedia,KFC_v2,iterative,0.2909314101580482,0.15214180206794684
wikipedia,KFC_v2,iterative,0.29108485499462944,0.15214180206794684
wikipedia,KFC_v2,iterative,0.2912382998312107,0.15214180206794684
wikipedia,KFC_v2,iterative,0.29139174466779194,0.15214180206794684
wikipedia,KFC_v2,iterative,0.2915451895043732,0.15214180206794684
wikipedia,KFC_v2,iterative,0.29169863434095444,0.15214180206794684
wikipedia,KFC_v2,iterative,0.2918520791775357,0.15214180206794684
wikipedia,KFC_v2,iterative,0.29200552401411695,0.15214180206794684
wikipedia,KFC_v2,iterative,0.2921589688506982,0.15214180206794684
wikipedia,KFC_v2,iterative,0.29231241368727945,0.15214180206794684
wikipedia,KFC_v2,iterative,0.2924658585238607,0.15214180206794684
wikipedia,KFC_v2,iterative,0.29261930336044195,0.15214180206794684
wikipedia,KFC_v2,iterative,0.2927727481970232,0.13737075332348597
wikipedia,KFC_v2,iterative,0.29292619303360445,0.13737075332348597
wikipedia,KFC_v2,iterative,0.2930796378701857,0.13737075332348597
wikipedia,KFC_v2,iterative,0.29323308270676696,0.13737075332348597
wikipedia,KFC_v2,iterative,0.2933865275433482,0.13737075332348597
wikipedia,KFC_v2,iterative,0.2935399723799294,0.13737075332348597
wikipedia,KFC_v2,iterative,0.29369341721651065,0.13737075332348597
wikipedia,KFC_v2,iterative,0.2938468620530919,0.13737075332348597
wikipedia,KFC_v2,iterative,0.29400030688967316,0.13737075332348597
wikipedia,KFC_v2,iterative,0.2941537517262544,0.13737075332348597
wikipedia,KFC_v2,iterative,0.29430719656283566,0.13737075332348597
wikipedia,KFC_v2,iterative,0.2944606413994169,0.13737075332348597
wikipedia,KFC_v2,iterative,0.29461408623599816,0.13737075332348597
wikipedia,KFC_v2,iterative,0.2947675310725794,0.13737075332348597
wikipedia,KFC_v2,iterative,0.29492097590916067,0.13737075332348597
wikipedia,KFC_v2,iterative,0.2950744207457419,0.13737075332348597
wikipedia,KFC_v2,iterative,0.29522786558232317,0.13737075332348597
wikipedia,KFC_v2,iterative,0.2953813104189044,0.13737075332348597
wikipedia,KFC_v2,iterative,0.29553475525548567,0.13737075332348597
wikipedia,KFC_v2,iterative,0.2956882000920669,0.13737075332348597
wikipedia,KFC_v2,iterative,0.2958416449286482,0.13737075332348597
wikipedia,KFC_v2,iterative,0.2959950897652294,0.13737075332348597
wikipedia,KFC_v2,iterative,0.2961485346018107,0.13737075332348597
wikipedia,KFC_v2,iterative,0.2963019794383919,0.13737075332348597
wikipedia,KFC_v2,iterative,0.2964554242749732,0.13737075332348597
wikipedia,KFC_v2,iterative,0.29660886911155443,0.13737075332348597
wikipedia,KFC_v2,iterative,0.2967623139481357,0.13737075332348597
wikipedia,KFC_v2,iterative,0.29691575878471693,0.13737075332348597
wikipedia,KFC_v2,iterative,0.2970692036212982,0.13737075332348597
wikipedia,KFC_v2,iterative,0.2972226484578794,0.13737075332348597
wikipedia,KFC_v2,iterative,0.29737609329446063,0.13737075332348597
wikipedia,KFC_v2,iterative,0.2975295381310419,0.13737075332348597
wikipedia,KFC_v2,iterative,0.29768298296762313,0.13737075332348597
wikipedia,KFC_v2,iterative,0.2978364278042044,0.13737075332348597
wikipedia,KFC_v2,iterative,0.29798987264078564,0.13737075332348597
wikipedia,KFC_v2,iterative,0.2981433174773669,0.13737075332348597
wikipedia,KFC_v2,iterative,0.29829676231394814,0.13737075332348597
wikipedia,KFC_v2,iterative,0.2984502071505294,0.13737075332348597
wikipedia,KFC_v2,iterative,0.29860365198711064,0.13737075332348597
wikipedia,KFC_v2,iterative,0.2987570968236919,0.13737075332348597
wikipedia,KFC_v2,iterative,0.29891054166027314,0.13737075332348597
wikipedia,KFC_v2,iterative,0.2990639864968544,0.13737075332348597
wikipedia,KFC_v2,iterative,0.29921743133343565,0.13737075332348597
wikipedia,KFC_v2,iterative,0.2993708761700169,0.13737075332348597
wikipedia,KFC_v2,iterative,0.29952432100659815,0.13737075332348597
wikipedia,KFC_v2,iterative,0.2996777658431794,0.13737075332348597
wikipedia,KFC_v2,iterative,0.29983121067976065,0.13737075332348597
wikipedia,KFC_v2,iterative,0.2999846555163419,0.13737075332348597
wikipedia,KFC_v2,iterative,0.30013810035292315,0.13737075332348597
wikipedia,KFC_v2,iterative,0.3002915451895044,0.13737075332348597
wikipedia,KFC_v2,iterative,0.30044499002608566,0.13737075332348597
wikipedia,KFC_v2,iterative,0.3005984348626669,0.13737075332348597
wikipedia,KFC_v2,iterative,0.30075187969924816,0.13737075332348597
wikipedia,KFC_v2,iterative,0.3009053245358294,0.13737075332348597
wikipedia,KFC_v2,iterative,0.3010587693724106,0.13737075332348597
wikipedia,KFC_v2,iterative,0.30121221420899186,0.13737075332348597
wikipedia,KFC_v2,iterative,0.3013656590455731,0.13737075332348597
wikipedia,KFC_v2,iterative,0.30151910388215436,0.13737075332348597
wikipedia,KFC_v2,iterative,0.3016725487187356,0.13737075332348597
wikipedia,KFC_v2,iterative,0.30182599355531686,0.13737075332348597
wikipedia,KFC_v2,iterative,0.3019794383918981,0.13737075332348597
wikipedia,KFC_v2,iterative,0.30213288322847937,0.13737075332348597
wikipedia,KFC_v2,iterative,0.3022863280650606,0.13737075332348597
wikipedia,KFC_v2,iterative,0.30243977290164187,0.13737075332348597
wikipedia,KFC_v2,iterative,0.3025932177382231,0.13737075332348597
wikipedia,KFC_v2,iterative,0.30274666257480437,0.13737075332348597
wikipedia,KFC_v2,iterative,0.3029001074113856,0.13737075332348597
wikipedia,KFC_v2,iterative,0.3030535522479669,0.13737075332348597
wikipedia,KFC_v2,iterative,0.3032069970845481,0.13737075332348597
wikipedia,KFC_v2,iterative,0.3033604419211294,0.13737075332348597
wikipedia,KFC_v2,iterative,0.3035138867577106,0.13737075332348597
wikipedia,KFC_v2,iterative,0.3036673315942919,0.13737075332348597
wikipedia,KFC_v2,iterative,0.30382077643087313,0.13737075332348597
wikipedia,KFC_v2,iterative,0.3039742212674544,0.13737075332348597
wikipedia,KFC_v2,iterative,0.30412766610403563,0.13737075332348597
wikipedia,KFC_v2,iterative,0.3042811109406169,0.13737075332348597
wikipedia,KFC_v2,iterative,0.30443455577719813,0.13737075332348597
wikipedia,KFC_v2,iterative,0.3045880006137794,0.13737075332348597
wikipedia,KFC_v2,iterative,0.30474144545036064,0.13737075332348597
wikipedia,KFC_v2,iterative,0.30489489028694183,0.13737075332348597
wikipedia,KFC_v2,iterative,0.3050483351235231,0.13737075332348597
wikipedia,KFC_v2,iterative,0.30520177996010434,0.13737075332348597
wikipedia,KFC_v2,iterative,0.3053552247966856,0.13737075332348597
wikipedia,KFC_v2,iterative,0.30550866963326684,0.13737075332348597
wikipedia,KFC_v2,iterative,0.3056621144698481,0.13737075332348597
wikipedia,KFC_v2,iterative,0.30581555930642934,0.13737075332348597
wikipedia,KFC_v2,iterative,0.3059690041430106,0.13737075332348597
wikipedia,KFC_v2,iterative,0.30612244897959184,0.13737075332348597
wikipedia,KFC_v2,iterative,0.3062758938161731,0.12112259970457903
wikipedia,KFC_v2,iterative,0.30642933865275435,0.12112259970457903
wikipedia,KFC_v2,iterative,0.3065827834893356,0.12112259970457903
wikipedia,KFC_v2,iterative,0.30673622832591685,0.11669128508124077
wikipedia,KFC_v2,iterative,0.3068896731624981,0.11669128508124077
wikipedia,KFC_v2,iterative,0.30704311799907935,0.11669128508124077
wikipedia,KFC_v2,iterative,0.3071965628356606,0.11669128508124077
wikipedia,KFC_v2,iterative,0.30735000767224185,0.11669128508124077
wikipedia,KFC_v2,iterative,0.3075034525088231,0.11669128508124077
wikipedia,KFC_v2,iterative,0.30765689734540436,0.11669128508124077
wikipedia,KFC_v2,iterative,0.3078103421819856,0.11669128508124077
wikipedia,KFC_v2,iterative,0.30796378701856686,0.11669128508124077
wikipedia,KFC_v2,iterative,0.3081172318551481,0.11669128508124077
wikipedia,KFC_v2,iterative,0.30827067669172936,0.11669128508124077
wikipedia,KFC_v2,iterative,0.3084241215283106,0.11669128508124077
wikipedia,KFC_v2,iterative,0.3085775663648918,0.11669128508124077
wikipedia,KFC_v2,iterative,0.30873101120147306,0.11669128508124077
wikipedia,KFC_v2,iterative,0.3088844560380543,0.11669128508124077
wikipedia,KFC_v2,iterative,0.30903790087463556,0.11669128508124077
wikipedia,KFC_v2,iterative,0.3091913457112168,0.11669128508124077
wikipedia,KFC_v2,iterative,0.30934479054779807,0.11669128508124077
wikipedia,KFC_v2,iterative,0.3094982353843793,0.11669128508124077
wikipedia,KFC_v2,iterative,0.30965168022096057,0.11669128508124077
wikipedia,KFC_v2,iterative,0.3098051250575418,0.11669128508124077
wikipedia,KFC_v2,iterative,0.30995856989412307,0.11669128508124077
wikipedia,KFC_v2,iterative,0.3101120147307043,0.11669128508124077
wikipedia,KFC_v2,iterative,0.3102654595672856,0.11669128508124077
wikipedia,KFC_v2,iterative,0.3104189044038668,0.11669128508124077
wikipedia,KFC_v2,iterative,0.3105723492404481,0.11669128508124077
wikipedia,KFC_v2,iterative,0.3107257940770293,0.11669128508124077
wikipedia,KFC_v2,iterative,0.3108792389136106,0.11669128508124077
wikipedia,KFC_v2,iterative,0.31103268375019183,0.11669128508124077
wikipedia,KFC_v2,iterative,0.3111861285867731,0.11669128508124077
wikipedia,KFC_v2,iterative,0.31133957342335433,0.11669128508124077
wikipedia,KFC_v2,iterative,0.3114930182599356,0.11669128508124077
wikipedia,KFC_v2,iterative,0.31164646309651683,0.11669128508124077
wikipedia,KFC_v2,iterative,0.3117999079330981,0.11669128508124077
wikipedia,KFC_v2,iterative,0.31195335276967934,0.11669128508124077
wikipedia,KFC_v2,iterative,0.3121067976062606,0.11669128508124077
wikipedia,KFC_v2,iterative,0.31226024244284184,0.11669128508124077
wikipedia,KFC_v2,iterative,0.31241368727942304,0.11669128508124077
wikipedia,KFC_v2,iterative,0.3125671321160043,0.11669128508124077
wikipedia,KFC_v2,iterative,0.31272057695258554,0.11669128508124077
wikipedia,KFC_v2,iterative,0.3128740217891668,0.11669128508124077
wikipedia,KFC_v2,iterative,0.31302746662574804,0.11669128508124077
wikipedia,KFC_v2,iterative,0.3131809114623293,0.11669128508124077
wikipedia,KFC_v2,iterative,0.31333435629891054,0.11669128508124077
wikipedia,KFC_v2,iterative,0.3134878011354918,0.11669128508124077
wikipedia,KFC_v2,iterative,0.31364124597207305,0.11669128508124077
wikipedia,KFC_v2,iterative,0.3137946908086543,0.11669128508124077
wikipedia,KFC_v2,iterative,0.31394813564523555,0.11669128508124077
wikipedia,KFC_v2,iterative,0.3141015804818168,0.11669128508124077
wikipedia,KFC_v2,iterative,0.31425502531839805,0.11669128508124077
wikipedia,KFC_v2,iterative,0.3144084701549793,0.11669128508124077
wikipedia,KFC_v2,iterative,0.31456191499156055,0.11669128508124077
wikipedia,KFC_v2,iterative,0.3147153598281418,0.11669128508124077
wikipedia,KFC_v2,iterative,0.31486880466472306,0.11669128508124077
wikipedia,KFC_v2,iterative,0.3150222495013043,0.11669128508124077
wikipedia,KFC_v2,iterative,0.31517569433788556,0.11669128508124077
wikipedia,KFC_v2,iterative,0.3153291391744668,0.11669128508124077
wikipedia,KFC_v2,iterative,0.31548258401104806,0.11669128508124077
wikipedia,KFC_v2,iterative,0.3156360288476293,0.11669128508124077
wikipedia,KFC_v2,iterative,0.31578947368421056,0.11669128508124077
wikipedia,KFC_v2,iterative,0.3159429185207918,0.11669128508124077
wikipedia,KFC_v2,iterative,0.31609636335737307,0.11669128508124077
wikipedia,KFC_v2,iterative,0.31624980819395426,0.11669128508124077
wikipedia,KFC_v2,iterative,0.3164032530305355,0.11669128508124077
wikipedia,KFC_v2,iterative,0.31655669786711677,0.11669128508124077
wikipedia,KFC_v2,iterative,0.316710142703698,0.11669128508124077
wikipedia,KFC_v2,iterative,0.31686358754027927,0.11669128508124077
wikipedia,KFC_v2,iterative,0.3170170323768605,0.11669128508124077
wikipedia,KFC_v2,iterative,0.31717047721344177,0.11669128508124077
wikipedia,KFC_v2,iterative,0.317323922050023,0.11669128508124077
wikipedia,KFC_v2,iterative,0.3174773668866043,0.11669128508124077
wikipedia,KFC_v2,iterative,0.3176308117231855,0.11669128508124077
wikipedia,KFC_v2,iterative,0.3177842565597668,0.11669128508124077
wikipedia,KFC_v2,iterative,0.317937701396348,0.11669128508124077
wikipedia,KFC_v2,iterative,0.3180911462329293,0.11669128508124077
wikipedia,KFC_v2,iterative,0.31824459106951053,0.11669128508124077
wikipedia,KFC_v2,iterative,0.3183980359060918,0.11669128508124077
wikipedia,KFC_v2,iterative,0.31855148074267303,0.11669128508124077
wikipedia,KFC_v2,iterative,0.3187049255792543,0.11669128508124077
wikipedia,KFC_v2,iterative,0.31885837041583553,0.11669128508124077
wikipedia,KFC_v2,iterative,0.3190118152524168,0.11669128508124077
wikipedia,KFC_v2,iterative,0.31916526008899804,0.11669128508124077
wikipedia,KFC_v2,iterative,0.3193187049255793,0.11669128508124077
wikipedia,KFC_v2,iterative,0.31947214976216054,0.11669128508124077
wikipedia,KFC_v2,iterative,0.3196255945987418,0.11669128508124077
wikipedia,KFC_v2,iterative,0.31977903943532304,0.11669128508124077
wikipedia,KFC_v2,iterative,0.3199324842719043,0.11669128508124077
wikipedia,KFC_v2,iterative,0.3200859291084855,0.11669128508124077
wikipedia,KFC_v2,iterative,0.32023937394506674,0.11669128508124077
wikipedia,KFC_v2,iterative,0.320392818781648,0.11669128508124077
wikipedia,KFC_v2,iterative,0.32054626361822924,0.11669128508124077
wikipedia,KFC_v2,iterative,0.3206997084548105,0.11669128508124077
wikipedia,KFC_v2,iterative,0.32085315329139175,0.11669128508124077
wikipedia,KFC_v2,iterative,0.321006598127973,0.11669128508124077
wikipedia,KFC_v2,iterative,0.32116004296455425,0.11669128508124077
wikipedia,KFC_v2,iterative,0.3213134878011355,0.11669128508124077
wikipedia,KFC_v2,iterative,0.32146693263771675,0.11669128508124077
wikipedia,KFC_v2,iterative,0.321620377474298,0.11669128508124077
wikipedia,KFC_v2,iterative,0.32177382231087925,0.11669128508124077
wikipedia,KFC_v2,iterative,0.3219272671474605,0.11669128508124077
wikipedia,KFC_v2,iterative,0.32208071198404176,0.11669128508124077
wikipedia,KFC_v2,iterative,0.322234156820623,0.11669128508124077
wikipedia,KFC_v2,iterative,0.32238760165720426,0.11669128508124077
wikipedia,KFC_v2,iterative,0.3225410464937855,0.11669128508124077
wikipedia,KFC_v2,iterative,0.32269449133036676,0.11669128508124077
wikipedia,KFC_v2,iterative,0.322847936166948,0.11669128508124077
wikipedia,KFC_v2,iterative,0.32300138100352926,0.11669128508124077
wikipedia,KFC_v2,iterative,0.3231548258401105,0.11669128508124077
wikipedia,KFC_v2,iterative,0.32330827067669177,0.11669128508124077
wikipedia,KFC_v2,iterative,0.323461715513273,0.11669128508124077
wikipedia,KFC_v2,iterative,0.32361516034985427,0.11669128508124077
wikipedia,KFC_v2,iterative,0.32376860518643547,0.11669128508124077
wikipedia,KFC_v2,iterative,0.3239220500230167,0.11669128508124077
wikipedia,KFC_v2,iterative,0.32407549485959797,0.11669128508124077
wikipedia,KFC_v2,iterative,0.3242289396961792,0.11669128508124077
wikipedia,KFC_v2,iterative,0.32438238453276047,0.11669128508124077
wikipedia,KFC_v2,iterative,0.3245358293693417,0.11669128508124077
wikipedia,KFC_v2,iterative,0.324689274205923,0.11669128508124077
wikipedia,KFC_v2,iterative,0.3248427190425042,0.11669128508124077
wikipedia,KFC_v2,iterative,0.3249961638790855,0.11669128508124077
wikipedia,KFC_v2,iterative,0.3251496087156667,0.11669128508124077
wikipedia,KFC_v2,iterative,0.325303053552248,0.11669128508124077
wikipedia,KFC_v2,iterative,0.32545649838882923,0.11669128508124077
wikipedia,KFC_v2,iterative,0.3256099432254105,0.11669128508124077
wikipedia,KFC_v2,iterative,0.32576338806199173,0.11669128508124077
wikipedia,KFC_v2,iterative,0.325916832898573,0.11669128508124077
wikipedia,KFC_v2,iterative,0.32607027773515423,0.11669128508124077
wikipedia,KFC_v2,iterative,0.3262237225717355,0.11669128508124077
wikipedia,KFC_v2,iterative,0.32637716740831674,0.11669128508124077
wikipedia,KFC_v2,iterative,0.326530612244898,0.11669128508124077
wikipedia,KFC_v2,iterative,0.32668405708147924,0.11669128508124077
wikipedia,KFC_v2,iterative,0.3268375019180605,0.11669128508124077
wikipedia,KFC_v2,iterative,0.32699094675464174,0.11669128508124077
wikipedia,KFC_v2,iterative,0.327144391591223,0.11669128508124077
wikipedia,KFC_v2,iterative,0.32729783642780425,0.11669128508124077
wikipedia,KFC_v2,iterative,0.3274512812643855,0.11669128508124077
wikipedia,KFC_v2,iterative,0.3276047261009667,0.11669128508124077
wikipedia,KFC_v2,iterative,0.32775817093754794,0.11669128508124077
wikipedia,KFC_v2,iterative,0.3279116157741292,0.11669128508124077
wikipedia,KFC_v2,iterative,0.32806506061071045,0.11669128508124077
wikipedia,KFC_v2,iterative,0.3282185054472917,0.11669128508124077
wikipedia,KFC_v2,iterative,0.32837195028387295,0.11669128508124077
wikipedia,KFC_v2,iterative,0.3285253951204542,0.11669128508124077
wikipedia,KFC_v2,iterative,0.32867883995703545,0.11669128508124077
wikipedia,KFC_v2,iterative,0.3288322847936167,0.11669128508124077
wikipedia,KFC_v2,iterative,0.32898572963019795,0.11669128508124077
wikipedia,KFC_v2,iterative,0.3291391744667792,0.11669128508124077
wikipedia,KFC_v2,iterative,0.32929261930336046,0.11669128508124077
wikipedia,KFC_v2,iterative,0.3294460641399417,0.11669128508124077
wikipedia,KFC_v2,iterative,0.32959950897652296,0.11669128508124077
wikipedia,KFC_v2,iterative,0.3297529538131042,0.103397341211226
wikipedia,KFC_v2,iterative,0.32990639864968546,0.1019202363367799
wikipedia,KFC_v2,iterative,0.3300598434862667,0.1019202363367799
wikipedia,KFC_v2,iterative,0.33021328832284796,0.1019202363367799
wikipedia,KFC_v2,iterative,0.3303667331594292,0.1019202363367799
wikipedia,KFC_v2,iterative,0.33052017799601047,0.1019202363367799
wikipedia,KFC_v2,iterative,0.3306736228325917,0.1019202363367799
wikipedia,KFC_v2,iterative,0.33082706766917297,0.1019202363367799
wikipedia,KFC_v2,iterative,0.3309805125057542,0.1019202363367799
wikipedia,KFC_v2,iterative,0.33113395734233547,0.1019202363367799
wikipedia,KFC_v2,iterative,0.3312874021789167,0.1019202363367799
wikipedia,KFC_v2,iterative,0.3314408470154979,0.1019202363367799
wikipedia,KFC_v2,iterative,0.33159429185207917,0.1019202363367799
wikipedia,KFC_v2,iterative,0.3317477366886604,0.1019202363367799
wikipedia,KFC_v2,iterative,0.3319011815252417,0.1019202363367799
wikipedia,KFC_v2,iterative,0.3320546263618229,0.1019202363367799
wikipedia,KFC_v2,iterative,0.3322080711984042,0.1019202363367799
wikipedia,KFC_v2,iterative,0.3323615160349854,0.09896602658788774
wikipedia,KFC_v2,iterative,0.3325149608715667,0.09896602658788774
wikipedia,KFC_v2,iterative,0.33266840570814793,0.09896602658788774
wikipedia,KFC_v2,iterative,0.3328218505447292,0.09896602658788774
wikipedia,KFC_v2,iterative,0.33297529538131043,0.09896602658788774
wikipedia,KFC_v2,iterative,0.3331287402178917,0.09896602658788774
wikipedia,KFC_v2,iterative,0.33328218505447293,0.09896602658788774
wikipedia,KFC_v2,iterative,0.3334356298910542,0.09896602658788774
wikipedia,KFC_v2,iterative,0.33358907472763544,0.09896602658788774
wikipedia,KFC_v2,iterative,0.3337425195642167,0.09896602658788774
wikipedia,KFC_v2,iterative,0.33389596440079794,0.09896602658788774
wikipedia,KFC_v2,iterative,0.3340494092373792,0.09896602658788774
wikipedia,KFC_v2,iterative,0.33420285407396044,0.09896602658788774
wikipedia,KFC_v2,iterative,0.3343562989105417,0.09896602658788774
wikipedia,KFC_v2,iterative,0.33450974374712295,0.09896602658788774
wikipedia,KFC_v2,iterative,0.3346631885837042,0.09896602658788774
wikipedia,KFC_v2,iterative,0.33481663342028545,0.09896602658788774
wikipedia,KFC_v2,iterative,0.3349700782568667,0.09896602658788774
wikipedia,KFC_v2,iterative,0.3351235230934479,0.09896602658788774
wikipedia,KFC_v2,iterative,0.33527696793002915,0.09896602658788774
wikipedia,KFC_v2,iterative,0.3354304127666104,0.09896602658788774
wikipedia,KFC_v2,iterative,0.33558385760319165,0.09896602658788774
wikipedia,KFC_v2,iterative,0.3357373024397729,0.09896602658788774
wikipedia,KFC_v2,iterative,0.33589074727635415,0.09896602658788774
wikipedia,KFC_v2,iterative,0.3360441921129354,0.09896602658788774
wikipedia,KFC_v2,iterative,0.33619763694951665,0.09896602658788774
wikipedia,KFC_v2,iterative,0.3363510817860979,0.09896602658788774
wikipedia,KFC_v2,iterative,0.33650452662267916,0.09896602658788774
wikipedia,KFC_v2,iterative,0.3366579714592604,0.09896602658788774
wikipedia,KFC_v2,iterative,0.33681141629584166,0.09896602658788774
wikipedia,KFC_v2,iterative,0.3369648611324229,0.09896602658788774
wikipedia,KFC_v2,iterative,0.33711830596900416,0.09896602658788774
wikipedia,KFC_v2,iterative,0.3372717508055854,0.09896602658788774
wikipedia,KFC_v2,iterative,0.33742519564216666,0.09896602658788774
wikipedia,KFC_v2,iterative,0.3375786404787479,0.09896602658788774
wikipedia,KFC_v2,iterative,0.33773208531532917,0.09896602658788774
wikipedia,KFC_v2,iterative,0.3378855301519104,0.09896602658788774
wikipedia,KFC_v2,iterative,0.33803897498849167,0.09896602658788774
wikipedia,KFC_v2,iterative,0.3381924198250729,0.09896602658788774
wikipedia,KFC_v2,iterative,0.33834586466165417,0.09896602658788774
wikipedia,KFC_v2,iterative,0.3384993094982354,0.09896602658788774
wikipedia,KFC_v2,iterative,0.3386527543348167,0.09896602658788774
wikipedia,KFC_v2,iterative,0.3388061991713979,0.09896602658788774
wikipedia,KFC_v2,iterative,0.3389596440079791,0.09896602658788774
wikipedia,KFC_v2,iterative,0.3391130888445604,0.09896602658788774
wikipedia,KFC_v2,iterative,0.3392665336811416,0.09896602658788774
wikipedia,KFC_v2,iterative,0.3394199785177229,0.09896602658788774
wikipedia,KFC_v2,iterative,0.3395734233543041,0.09896602658788774
wikipedia,KFC_v2,iterative,0.3397268681908854,0.09896602658788774
wikipedia,KFC_v2,iterative,0.33988031302746663,0.09896602658788774
wikipedia,KFC_v2,iterative,0.3400337578640479,0.09896602658788774
wikipedia,KFC_v2,iterative,0.34018720270062913,0.09896602658788774
wikipedia,KFC_v2,iterative,0.3403406475372104,0.09896602658788774
wikipedia,KFC_v2,iterative,0.34049409237379163,0.09896602658788774
wikipedia,KFC_v2,iterative,0.3406475372103729,0.09896602658788774
wikipedia,KFC_v2,iterative,0.34080098204695414,0.09896602658788774
wikipedia,KFC_v2,iterative,0.3409544268835354,0.09896602658788774
wikipedia,KFC_v2,iterative,0.34110787172011664,0.09896602658788774
wikipedia,KFC_v2,iterative,0.3412613165566979,0.09896602658788774
wikipedia,KFC_v2,iterative,0.34141476139327914,0.09896602658788774
wikipedia,KFC_v2,iterative,0.3415682062298604,0.09896602658788774
wikipedia,KFC_v2,iterative,0.34172165106644165,0.09896602658788774
wikipedia,KFC_v2,iterative,0.3418750959030229,0.09896602658788774
wikipedia,KFC_v2,iterative,0.34202854073960415,0.09896602658788774
wikipedia,KFC_v2,iterative,0.3421819855761854,0.09896602658788774
wikipedia,KFC_v2,iterative,0.34233543041276665,0.09896602658788774
wikipedia,KFC_v2,iterative,0.3424888752493479,0.09896602658788774
wikipedia,KFC_v2,iterative,0.34264232008592915,0.09896602658788774
wikipedia,KFC_v2,iterative,0.34279576492251035,0.09896602658788774
wikipedia,KFC_v2,iterative,0.3429492097590916,0.09896602658788774
wikipedia,KFC_v2,iterative,0.34310265459567285,0.09896602658788774
wikipedia,KFC_v2,iterative,0.3432560994322541,0.09896602658788774
wikipedia,KFC_v2,iterative,0.34340954426883535,0.09896602658788774
wikipedia,KFC_v2,iterative,0.3435629891054166,0.09896602658788774
wikipedia,KFC_v2,iterative,0.34371643394199786,0.09896602658788774
wikipedia,KFC_v2,iterative,0.3438698787785791,0.09896602658788774
wikipedia,KFC_v2,iterative,0.34402332361516036,0.09896602658788774
wikipedia,KFC_v2,iterative,0.3441767684517416,0.09896602658788774
wikipedia,KFC_v2,iterative,0.34433021328832286,0.09896602658788774
wikipedia,KFC_v2,iterative,0.3444836581249041,0.09896602658788774
wikipedia,KFC_v2,iterative,0.34463710296148536,0.09896602658788774
wikipedia,KFC_v2,iterative,0.3447905477980666,0.09896602658788774
wikipedia,KFC_v2,iterative,0.34494399263464787,0.09896602658788774
wikipedia,KFC_v2,iterative,0.3450974374712291,0.09896602658788774
wikipedia,KFC_v2,iterative,0.34525088230781037,0.09896602658788774
wikipedia,KFC_v2,iterative,0.3454043271443916,0.09896602658788774
wikipedia,KFC_v2,iterative,0.34555777198097287,0.09896602658788774
wikipedia,KFC_v2,iterative,0.3457112168175541,0.09896602658788774
wikipedia,KFC_v2,iterative,0.3458646616541354,0.09896602658788774
wikipedia,KFC_v2,iterative,0.3460181064907166,0.09896602658788774
wikipedia,KFC_v2,iterative,0.3461715513272979,0.09896602658788774
wikipedia,KFC_v2,iterative,0.34632499616387913,0.09896602658788774
wikipedia,KFC_v2,iterative,0.3464784410004603,0.09896602658788774
wikipedia,KFC_v2,iterative,0.3466318858370416,0.09896602658788774
wikipedia,KFC_v2,iterative,0.3467853306736228,0.09896602658788774
wikipedia,KFC_v2,iterative,0.3469387755102041,0.09896602658788774
wikipedia,KFC_v2,iterative,0.34709222034678533,0.09896602658788774
wikipedia,KFC_v2,iterative,0.3472456651833666,0.09896602658788774
wikipedia,KFC_v2,iterative,0.34739911001994783,0.09896602658788774
wikipedia,KFC_v2,iterative,0.3475525548565291,0.09896602658788774
wikipedia,KFC_v2,iterative,0.34770599969311033,0.09896602658788774
wikipedia,KFC_v2,iterative,0.3478594445296916,0.09896602658788774
wikipedia,KFC_v2,iterative,0.34801288936627284,0.09896602658788774
wikipedia,KFC_v2,iterative,0.3481663342028541,0.09896602658788774
wikipedia,KFC_v2,iterative,0.34831977903943534,0.09896602658788774
wikipedia,KFC_v2,iterative,0.3484732238760166,0.09896602658788774
wikipedia,KFC_v2,iterative,0.34862666871259784,0.09896602658788774
wikipedia,KFC_v2,iterative,0.3487801135491791,0.09896602658788774
wikipedia,KFC_v2,iterative,0.34893355838576035,0.09601181683899557
wikipedia,KFC_v2,iterative,0.3490870032223416,0.09601181683899557
wikipedia,KFC_v2,iterative,0.34924044805892285,0.09601181683899557
wikipedia,KFC_v2,iterative,0.3493938928955041,0.09601181683899557
wikipedia,KFC_v2,iterative,0.34954733773208535,0.09601181683899557
wikipedia,KFC_v2,iterative,0.3497007825686666,0.09601181683899557
wikipedia,KFC_v2,iterative,0.34985422740524785,0.09601181683899557
wikipedia,KFC_v2,iterative,0.3500076722418291,0.09601181683899557
wikipedia,KFC_v2,iterative,0.35016111707841036,0.09601181683899557
wikipedia,KFC_v2,iterative,0.35031456191499155,0.09601181683899557
wikipedia,KFC_v2,iterative,0.3504680067515728,0.09601181683899557
wikipedia,KFC_v2,iterative,0.35062145158815405,0.09601181683899557
wikipedia,KFC_v2,iterative,0.3507748964247353,0.09601181683899557
wikipedia,KFC_v2,iterative,0.35092834126131656,0.09601181683899557
wikipedia,KFC_v2,iterative,0.3510817860978978,0.09601181683899557
wikipedia,KFC_v2,iterative,0.35123523093447906,0.09601181683899557
wikipedia,KFC_v2,iterative,0.3513886757710603,0.09601181683899557
wikipedia,KFC_v2,iterative,0.35154212060764156,0.09601181683899557
wikipedia,KFC_v2,iterative,0.3516955654442228,0.09601181683899557
wikipedia,KFC_v2,iterative,0.35184901028080406,0.09601181683899557
wikipedia,KFC_v2,iterative,0.3520024551173853,0.09601181683899557
wikipedia,KFC_v2,iterative,0.35215589995396657,0.09601181683899557
wikipedia,KFC_v2,iterative,0.3523093447905478,0.09601181683899557
wikipedia,KFC_v2,iterative,0.35246278962712907,0.09601181683899557
wikipedia,KFC_v2,iterative,0.3526162344637103,0.09601181683899557
wikipedia,KFC_v2,iterative,0.35276967930029157,0.09601181683899557
wikipedia,KFC_v2,iterative,0.3529231241368728,0.09601181683899557
wikipedia,KFC_v2,iterative,0.3530765689734541,0.09601181683899557
wikipedia,KFC_v2,iterative,0.3532300138100353,0.09601181683899557
wikipedia,KFC_v2,iterative,0.3533834586466166,0.09601181683899557
wikipedia,KFC_v2,iterative,0.35353690348319783,0.09601181683899557
wikipedia,KFC_v2,iterative,0.3536903483197791,0.09601181683899557
wikipedia,KFC_v2,iterative,0.35384379315636033,0.09601181683899557
wikipedia,KFC_v2,iterative,0.3539972379929416,0.09601181683899557
wikipedia,KFC_v2,iterative,0.3541506828295228,0.09601181683899557
wikipedia,KFC_v2,iterative,0.35430412766610403,0.09601181683899557
wikipedia,KFC_v2,iterative,0.3544575725026853,0.09453471196454949
wikipedia,KFC_v2,iterative,0.35461101733926653,0.09453471196454949
wikipedia,KFC_v2,iterative,0.3547644621758478,0.09453471196454949
wikipedia,KFC_v2,iterative,0.35491790701242903,0.09453471196454949
wikipedia,KFC_v2,iterative,0.3550713518490103,0.09453471196454949
wikipedia,KFC_v2,iterative,0.35522479668559154,0.09453471196454949
wikipedia,KFC_v2,iterative,0.3553782415221728,0.09453471196454949
wikipedia,KFC_v2,iterative,0.35553168635875404,0.09453471196454949
wikipedia,KFC_v2,iterative,0.3556851311953353,0.09453471196454949
wikipedia,KFC_v2,iterative,0.35583857603191654,0.09453471196454949
wikipedia,KFC_v2,iterative,0.3559920208684978,0.09453471196454949
wikipedia,KFC_v2,iterative,0.35614546570507905,0.09453471196454949
wikipedia,KFC_v2,iterative,0.3562989105416603,0.09453471196454949
wikipedia,KFC_v2,iterative,0.35645235537824155,0.09453471196454949
wikipedia,KFC_v2,iterative,0.3566058002148228,0.09453471196454949
wikipedia,KFC_v2,iterative,0.35675924505140405,0.09453471196454949
wikipedia,KFC_v2,iterative,0.3569126898879853,0.09453471196454949
wikipedia,KFC_v2,iterative,0.35706613472456655,0.09453471196454949
wikipedia,KFC_v2,iterative,0.3572195795611478,0.09453471196454949
wikipedia,KFC_v2,iterative,0.35737302439772906,0.09453471196454949
wikipedia,KFC_v2,iterative,0.3575264692343103,0.09453471196454949
wikipedia,KFC_v2,iterative,0.35767991407089156,0.09453471196454949
wikipedia,KFC_v2,iterative,0.35783335890747275,0.09453471196454949
wikipedia,KFC_v2,iterative,0.357986803744054,0.09453471196454949
wikipedia,KFC_v2,iterative,0.35814024858063526,0.09453471196454949
wikipedia,KFC_v2,iterative,0.3582936934172165,0.09453471196454949
wikipedia,KFC_v2,iterative,0.35844713825379776,0.09453471196454949
wikipedia,KFC_v2,iterative,0.358600583090379,0.09453471196454949
wikipedia,KFC_v2,iterative,0.35875402792696026,0.09453471196454949
wikipedia,KFC_v2,iterative,0.3589074727635415,0.09453471196454949
wikipedia,KFC_v2,iterative,0.35906091760012276,0.09453471196454949
wikipedia,KFC_v2,iterative,0.359214362436704,0.09453471196454949
wikipedia,KFC_v2,iterative,0.35936780727328527,0.09453471196454949
wikipedia,KFC_v2,iterative,0.3595212521098665,0.09453471196454949
wikipedia,KFC_v2,iterative,0.35967469694644777,0.09453471196454949
wikipedia,KFC_v2,iterative,0.359828141783029,0.09453471196454949
wikipedia,KFC_v2,iterative,0.35998158661961027,0.09453471196454949
wikipedia,KFC_v2,iterative,0.3601350314561915,0.09453471196454949
wikipedia,KFC_v2,iterative,0.3602884762927728,0.09453471196454949
wikipedia,KFC_v2,iterative,0.360441921129354,0.09453471196454949
wikipedia,KFC_v2,iterative,0.3605953659659353,0.09453471196454949
wikipedia,KFC_v2,iterative,0.36074881080251653,0.09453471196454949
wikipedia,KFC_v2,iterative,0.3609022556390978,0.09453471196454949
wikipedia,KFC_v2,iterative,0.36105570047567903,0.09453471196454949
wikipedia,KFC_v2,iterative,0.3612091453122603,0.09453471196454949
wikipedia,KFC_v2,iterative,0.36136259014884153,0.09453471196454949
wikipedia,KFC_v2,iterative,0.3615160349854228,0.09453471196454949
wikipedia,KFC_v2,iterative,0.361669479822004,0.09453471196454949
wikipedia,KFC_v2,iterative,0.36182292465858523,0.09453471196454949
wikipedia,KFC_v2,iterative,0.3619763694951665,0.09453471196454949
wikipedia,KFC_v2,iterative,0.36212981433174773,0.09453471196454949
wikipedia,KFC_v2,iterative,0.362283259168329,0.09453471196454949
wikipedia,KFC_v2,iterative,0.36243670400491024,0.09453471196454949
wikipedia,KFC_v2,iterative,0.3625901488414915,0.09453471196454949
wikipedia,KFC_v2,iterative,0.36274359367807274,0.09453471196454949
wikipedia,KFC_v2,iterative,0.362897038514654,0.09453471196454949
wikipedia,KFC_v2,iterative,0.36305048335123524,0.09453471196454949
wikipedia,KFC_v2,iterative,0.3632039281878165,0.09453471196454949
wikipedia,KFC_v2,iterative,0.36335737302439775,0.09453471196454949
wikipedia,KFC_v2,iterative,0.363510817860979,0.09453471196454949
wikipedia,KFC_v2,iterative,0.36366426269756025,0.09453471196454949
wikipedia,KFC_v2,iterative,0.3638177075341415,0.09453471196454949
wikipedia,KFC_v2,iterative,0.36397115237072275,0.09453471196454949
wikipedia,KFC_v2,iterative,0.364124597207304,0.09453471196454949
wikipedia,KFC_v2,iterative,0.36427804204388525,0.09453471196454949
wikipedia,KFC_v2,iterative,0.3644314868804665,0.09453471196454949
wikipedia,KFC_v2,iterative,0.36458493171704776,0.09453471196454949
wikipedia,KFC_v2,iterative,0.364738376553629,0.09453471196454949
wikipedia,KFC_v2,iterative,0.36489182139021026,0.09453471196454949
wikipedia,KFC_v2,iterative,0.3650452662267915,0.09453471196454949
wikipedia,KFC_v2,iterative,0.36519871106337276,0.09453471196454949
wikipedia,KFC_v2,iterative,0.365352155899954,0.09453471196454949
wikipedia,KFC_v2,iterative,0.3655056007365352,0.09453471196454949
wikipedia,KFC_v2,iterative,0.36565904557311646,0.09453471196454949
wikipedia,KFC_v2,iterative,0.3658124904096977,0.09453471196454949
wikipedia,KFC_v2,iterative,0.36596593524627896,0.09453471196454949
wikipedia,KFC_v2,iterative,0.3661193800828602,0.09453471196454949
wikipedia,KFC_v2,iterative,0.36627282491944146,0.09453471196454949
wikipedia,KFC_v2,iterative,0.3664262697560227,0.09453471196454949
wikipedia,KFC_v2,iterative,0.36657971459260397,0.09453471196454949
wikipedia,KFC_v2,iterative,0.3667331594291852,0.09453471196454949
wikipedia,KFC_v2,iterative,0.36688660426576647,0.09453471196454949
wikipedia,KFC_v2,iterative,0.3670400491023477,0.09453471196454949
wikipedia,KFC_v2,iterative,0.36719349393892897,0.09453471196454949
wikipedia,KFC_v2,iterative,0.3673469387755102,0.09453471196454949
wikipedia,KFC_v2,iterative,0.3675003836120915,0.09453471196454949
wikipedia,KFC_v2,iterative,0.3676538284486727,0.09453471196454949
wikipedia,KFC_v2,iterative,0.367807273285254,0.09453471196454949
wikipedia,KFC_v2,iterative,0.36796071812183523,0.09453471196454949
wikipedia,KFC_v2,iterative,0.3681141629584165,0.09453471196454949
wikipedia,KFC_v2,iterative,0.36826760779499773,0.09453471196454949
wikipedia,KFC_v2,iterative,0.368421052631579,0.09453471196454949
wikipedia,KFC_v2,iterative,0.36857449746816023,0.09453471196454949
wikipedia,KFC_v2,iterative,0.3687279423047415,0.09453471196454949
wikipedia,KFC_v2,iterative,0.36888138714132274,0.09453471196454949
wikipedia,KFC_v2,iterative,0.369034831977904,0.09453471196454949
wikipedia,KFC_v2,iterative,0.3691882768144852,0.09453471196454949
wikipedia,KFC_v2,iterative,0.36934172165106643,0.09453471196454949
wikipedia,KFC_v2,iterative,0.3694951664876477,0.09453471196454949
wikipedia,KFC_v2,iterative,0.36964861132422894,0.09453471196454949
wikipedia,KFC_v2,iterative,0.3698020561608102,0.09453471196454949
wikipedia,KFC_v2,iterative,0.36995550099739144,0.09453471196454949
wikipedia,KFC_v2,iterative,0.3701089458339727,0.09453471196454949
wikipedia,KFC_v2,iterative,0.37026239067055394,0.09453471196454949
wikipedia,KFC_v2,iterative,0.3704158355071352,0.09453471196454949
wikipedia,KFC_v2,iterative,0.37056928034371645,0.09453471196454949
wikipedia,KFC_v2,iterative,0.3707227251802977,0.09453471196454949
wikipedia,KFC_v2,iterative,0.37087617001687895,0.09453471196454949
wikipedia,KFC_v2,iterative,0.3710296148534602,0.09453471196454949
wikipedia,KFC_v2,iterative,0.37118305969004145,0.09453471196454949
wikipedia,KFC_v2,iterative,0.3713365045266227,0.09453471196454949
wikipedia,KFC_v2,iterative,0.37148994936320395,0.09453471196454949
wikipedia,KFC_v2,iterative,0.3716433941997852,0.09453471196454949
wikipedia,KFC_v2,iterative,0.37179683903636646,0.09453471196454949
wikipedia,KFC_v2,iterative,0.3719502838729477,0.09453471196454949
wikipedia,KFC_v2,iterative,0.37210372870952896,0.09453471196454949
wikipedia,KFC_v2,iterative,0.3722571735461102,0.09453471196454949
wikipedia,KFC_v2,iterative,0.37241061838269146,0.09453471196454949
wikipedia,KFC_v2,iterative,0.3725640632192727,0.09453471196454949
wikipedia,KFC_v2,iterative,0.37271750805585396,0.09453471196454949
wikipedia,KFC_v2,iterative,0.3728709528924352,0.09453471196454949
wikipedia,KFC_v2,iterative,0.3730243977290164,0.09453471196454949
wikipedia,KFC_v2,iterative,0.37317784256559766,0.09453471196454949
wikipedia,KFC_v2,iterative,0.3733312874021789,0.09453471196454949
wikipedia,KFC_v2,iterative,0.37348473223876016,0.09453471196454949
wikipedia,KFC_v2,iterative,0.3736381770753414,0.09453471196454949
wikipedia,KFC_v2,iterative,0.37379162191192267,0.09453471196454949
wikipedia,KFC_v2,iterative,0.3739450667485039,0.09453471196454949
wikipedia,KFC_v2,iterative,0.37409851158508517,0.09453471196454949
wikipedia,KFC_v2,iterative,0.3742519564216664,0.09453471196454949
wikipedia,KFC_v2,iterative,0.37440540125824767,0.09453471196454949
wikipedia,KFC_v2,iterative,0.3745588460948289,0.09453471196454949
wikipedia,KFC_v2,iterative,0.3747122909314102,0.09453471196454949
wikipedia,KFC_v2,iterative,0.3748657357679914,0.09453471196454949
wikipedia,KFC_v2,iterative,0.3750191806045727,0.09453471196454949
wikipedia,KFC_v2,iterative,0.37517262544115393,0.09453471196454949
wikipedia,KFC_v2,iterative,0.3753260702777352,0.09453471196454949
wikipedia,KFC_v2,iterative,0.37547951511431643,0.09453471196454949
wikipedia,KFC_v2,iterative,0.3756329599508977,0.09453471196454949
wikipedia,KFC_v2,iterative,0.37578640478747893,0.09453471196454949
wikipedia,KFC_v2,iterative,0.3759398496240602,0.09453471196454949
wikipedia,KFC_v2,iterative,0.37609329446064144,0.09453471196454949
wikipedia,KFC_v2,iterative,0.3762467392972227,0.09453471196454949
wikipedia,KFC_v2,iterative,0.37640018413380394,0.09453471196454949
wikipedia,KFC_v2,iterative,0.3765536289703852,0.09453471196454949
wikipedia,KFC_v2,iterative,0.37670707380696644,0.09453471196454949
wikipedia,KFC_v2,iterative,0.37686051864354764,0.09453471196454949
wikipedia,KFC_v2,iterative,0.3770139634801289,0.09453471196454949
wikipedia,KFC_v2,iterative,0.37716740831671014,0.09453471196454949
wikipedia,KFC_v2,iterative,0.3773208531532914,0.09453471196454949
wikipedia,KFC_v2,iterative,0.37747429798987264,0.09453471196454949
wikipedia,KFC_v2,iterative,0.3776277428264539,0.09453471196454949
wikipedia,KFC_v2,iterative,0.37778118766303515,0.09453471196454949
wikipedia,KFC_v2,iterative,0.3779346324996164,0.09453471196454949
wikipedia,KFC_v2,iterative,0.37808807733619765,0.09453471196454949
wikipedia,KFC_v2,iterative,0.3782415221727789,0.09453471196454949
wikipedia,KFC_v2,iterative,0.37839496700936015,0.09453471196454949
wikipedia,KFC_v2,iterative,0.3785484118459414,0.09453471196454949
wikipedia,KFC_v2,iterative,0.37870185668252265,0.09453471196454949
wikipedia,KFC_v2,iterative,0.3788553015191039,0.09453471196454949
wikipedia,KFC_v2,iterative,0.37900874635568516,0.09453471196454949
wikipedia,KFC_v2,iterative,0.3791621911922664,0.09453471196454949
wikipedia,KFC_v2,iterative,0.37931563602884766,0.09453471196454949
wikipedia,KFC_v2,iterative,0.3794690808654289,0.09453471196454949
wikipedia,KFC_v2,iterative,0.37962252570201016,0.09453471196454949
wikipedia,KFC_v2,iterative,0.3797759705385914,0.09453471196454949
wikipedia,KFC_v2,iterative,0.37992941537517266,0.09453471196454949
wikipedia,KFC_v2,iterative,0.3800828602117539,0.09453471196454949
wikipedia,KFC_v2,iterative,0.38023630504833517,0.09453471196454949
wikipedia,KFC_v2,iterative,0.3803897498849164,0.09453471196454949
wikipedia,KFC_v2,iterative,0.3805431947214976,0.09453471196454949
wikipedia,KFC_v2,iterative,0.38069663955807886,0.09453471196454949
wikipedia,KFC_v2,iterative,0.3808500843946601,0.09453471196454949
wikipedia,KFC_v2,iterative,0.38100352923124137,0.09453471196454949
wikipedia,KFC_v2,iterative,0.3811569740678226,0.09453471196454949
wikipedia,KFC_v2,iterative,0.38131041890440387,0.09453471196454949
wikipedia,KFC_v2,iterative,0.3814638637409851,0.09453471196454949
wikipedia,KFC_v2,iterative,0.38161730857756637,0.09453471196454949
wikipedia,KFC_v2,iterative,0.3817707534141476,0.09453471196454949
wikipedia,KFC_v2,iterative,0.3819241982507289,0.0930576070901034
wikipedia,KFC_v2,iterative,0.3820776430873101,0.0930576070901034
wikipedia,KFC_v2,iterative,0.3822310879238914,0.0930576070901034
wikipedia,KFC_v2,iterative,0.38238453276047263,0.0930576070901034
wikipedia,KFC_v2,iterative,0.3825379775970539,0.0930576070901034
wikipedia,KFC_v2,iterative,0.38269142243363513,0.0930576070901034
wikipedia,KFC_v2,iterative,0.3828448672702164,0.07680945347119646
wikipedia,KFC_v2,iterative,0.38299831210679763,0.07680945347119646
wikipedia,KFC_v2,iterative,0.3831517569433789,0.07680945347119646
wikipedia,KFC_v2,iterative,0.38330520177996014,0.07680945347119646
wikipedia,KFC_v2,iterative,0.3834586466165414,0.07680945347119646
wikipedia,KFC_v2,iterative,0.38361209145312264,0.07680945347119646
wikipedia,KFC_v2,iterative,0.3837655362897039,0.07680945347119646
wikipedia,KFC_v2,iterative,0.38391898112628514,0.07680945347119646
wikipedia,KFC_v2,iterative,0.3840724259628664,0.07680945347119646
wikipedia,KFC_v2,iterative,0.38422587079944764,0.07680945347119646
wikipedia,KFC_v2,iterative,0.38437931563602884,0.07680945347119646
wikipedia,KFC_v2,iterative,0.3845327604726101,0.07680945347119646
wikipedia,KFC_v2,iterative,0.38468620530919134,0.07680945347119646
wikipedia,KFC_v2,iterative,0.3848396501457726,0.07680945347119646
wikipedia,KFC_v2,iterative,0.38499309498235385,0.07680945347119646
wikipedia,KFC_v2,iterative,0.3851465398189351,0.07680945347119646
wikipedia,KFC_v2,iterative,0.38529998465551635,0.07680945347119646
wikipedia,KFC_v2,iterative,0.3854534294920976,0.07680945347119646
wikipedia,KFC_v2,iterative,0.38560687432867885,0.07680945347119646
wikipedia,KFC_v2,iterative,0.3857603191652601,0.07680945347119646
wikipedia,KFC_v2,iterative,0.38591376400184135,0.07680945347119646
wikipedia,KFC_v2,iterative,0.3860672088384226,0.07680945347119646
wikipedia,KFC_v2,iterative,0.38622065367500386,0.07680945347119646
wikipedia,KFC_v2,iterative,0.3863740985115851,0.07680945347119646
wikipedia,KFC_v2,iterative,0.38652754334816636,0.07680945347119646
wikipedia,KFC_v2,iterative,0.3866809881847476,0.07680945347119646
wikipedia,KFC_v2,iterative,0.38683443302132886,0.07680945347119646
wikipedia,KFC_v2,iterative,0.3869878778579101,0.07680945347119646
wikipedia,KFC_v2,iterative,0.38714132269449136,0.07680945347119646
wikipedia,KFC_v2,iterative,0.3872947675310726,0.07680945347119646
wikipedia,KFC_v2,iterative,0.38744821236765387,0.07680945347119646
wikipedia,KFC_v2,iterative,0.3876016572042351,0.07680945347119646
wikipedia,KFC_v2,iterative,0.38775510204081637,0.07680945347119646
wikipedia,KFC_v2,iterative,0.3879085468773976,0.07680945347119646
wikipedia,KFC_v2,iterative,0.38806199171397887,0.07680945347119646
wikipedia,KFC_v2,iterative,0.38821543655056007,0.07680945347119646
wikipedia,KFC_v2,iterative,0.3883688813871413,0.07680945347119646
wikipedia,KFC_v2,iterative,0.38852232622372257,0.07680945347119646
wikipedia,KFC_v2,iterative,0.3886757710603038,0.07680945347119646
wikipedia,KFC_v2,iterative,0.38882921589688507,0.07680945347119646
wikipedia,KFC_v2,iterative,0.3889826607334663,0.07680945347119646
wikipedia,KFC_v2,iterative,0.3891361055700476,0.07680945347119646
wikipedia,KFC_v2,iterative,0.3892895504066288,0.07680945347119646
wikipedia,KFC_v2,iterative,0.3894429952432101,0.07680945347119646
wikipedia,KFC_v2,iterative,0.38959644007979133,0.07680945347119646
wikipedia,KFC_v2,iterative,0.3897498849163726,0.07680945347119646
wikipedia,KFC_v2,iterative,0.38990332975295383,0.07680945347119646
wikipedia,KFC_v2,iterative,0.3900567745895351,0.07680945347119646
wikipedia,KFC_v2,iterative,0.39021021942611633,0.07680945347119646
wikipedia,KFC_v2,iterative,0.3903636642626976,0.07680945347119646
wikipedia,KFC_v2,iterative,0.39051710909927884,0.07680945347119646
wikipedia,KFC_v2,iterative,0.3906705539358601,0.07680945347119646
wikipedia,KFC_v2,iterative,0.39082399877244134,0.07680945347119646
wikipedia,KFC_v2,iterative,0.3909774436090226,0.07680945347119646
wikipedia,KFC_v2,iterative,0.39113088844560384,0.07680945347119646
wikipedia,KFC_v2,iterative,0.3912843332821851,0.07680945347119646
wikipedia,KFC_v2,iterative,0.39143777811876634,0.07680945347119646
wikipedia,KFC_v2,iterative,0.3915912229553476,0.07680945347119646
wikipedia,KFC_v2,iterative,0.39174466779192885,0.07680945347119646
wikipedia,KFC_v2,iterative,0.39189811262851004,0.07680945347119646
wikipedia,KFC_v2,iterative,0.3920515574650913,0.07680945347119646
wikipedia,KFC_v2,iterative,0.39220500230167255,0.07680945347119646
wikipedia,KFC_v2,iterative,0.3923584471382538,0.07680945347119646
wikipedia,KFC_v2,iterative,0.39251189197483505,0.07680945347119646
wikipedia,KFC_v2,iterative,0.3926653368114163,0.07680945347119646
wikipedia,KFC_v2,iterative,0.39281878164799755,0.07680945347119646
wikipedia,KFC_v2,iterative,0.3929722264845788,0.07680945347119646
wikipedia,KFC_v2,iterative,0.39312567132116005,0.07680945347119646
wikipedia,KFC_v2,iterative,0.3932791161577413,0.07680945347119646
wikipedia,KFC_v2,iterative,0.39343256099432256,0.07680945347119646
wikipedia,KFC_v2,iterative,0.3935860058309038,0.07680945347119646
wikipedia,KFC_v2,iterative,0.39373945066748506,0.07680945347119646
wikipedia,KFC_v2,iterative,0.3938928955040663,0.07680945347119646
wikipedia,KFC_v2,iterative,0.39404634034064756,0.07680945347119646
wikipedia,KFC_v2,iterative,0.3941997851772288,0.07680945347119646
wikipedia,KFC_v2,iterative,0.39435323001381006,0.07680945347119646
wikipedia,KFC_v2,iterative,0.3945066748503913,0.07680945347119646
wikipedia,KFC_v2,iterative,0.39466011968697257,0.07680945347119646
wikipedia,KFC_v2,iterative,0.3948135645235538,0.07680945347119646
wikipedia,KFC_v2,iterative,0.39496700936013507,0.07680945347119646
wikipedia,KFC_v2,iterative,0.3951204541967163,0.07680945347119646
wikipedia,KFC_v2,iterative,0.39527389903329757,0.07680945347119646
wikipedia,KFC_v2,iterative,0.3954273438698788,0.07680945347119646
wikipedia,KFC_v2,iterative,0.3955807887064601,0.07680945347119646
wikipedia,KFC_v2,iterative,0.39573423354304127,0.07680945347119646
wikipedia,KFC_v2,iterative,0.3958876783796225,0.07680945347119646
wikipedia,KFC_v2,iterative,0.39604112321620377,0.07680945347119646
wikipedia,KFC_v2,iterative,0.396194568052785,0.07680945347119646
wikipedia,KFC_v2,iterative,0.3963480128893663,0.07680945347119646
wikipedia,KFC_v2,iterative,0.3965014577259475,0.07680945347119646
wikipedia,KFC_v2,iterative,0.3966549025625288,0.07680945347119646
wikipedia,KFC_v2,iterative,0.39680834739911003,0.07680945347119646
wikipedia,KFC_v2,iterative,0.3969617922356913,0.07680945347119646
wikipedia,KFC_v2,iterative,0.39711523707227253,0.07680945347119646
wikipedia,KFC_v2,iterative,0.3972686819088538,0.07680945347119646
wikipedia,KFC_v2,iterative,0.39742212674543503,0.07680945347119646
wikipedia,KFC_v2,iterative,0.3975755715820163,0.07680945347119646
wikipedia,KFC_v2,iterative,0.39772901641859754,0.07680945347119646
wikipedia,KFC_v2,iterative,0.3978824612551788,0.07680945347119646
wikipedia,KFC_v2,iterative,0.39803590609176004,0.07680945347119646
wikipedia,KFC_v2,iterative,0.3981893509283413,0.07680945347119646
wikipedia,KFC_v2,iterative,0.39834279576492254,0.07680945347119646
wikipedia,KFC_v2,iterative,0.3984962406015038,0.07680945347119646
wikipedia,KFC_v2,iterative,0.39864968543808504,0.07680945347119646
wikipedia,KFC_v2,iterative,0.3988031302746663,0.07680945347119646
wikipedia,KFC_v2,iterative,0.39895657511124755,0.07680945347119646
wikipedia,KFC_v2,iterative,0.3991100199478288,0.07680945347119646
wikipedia,KFC_v2,iterative,0.39926346478441005,0.07680945347119646
wikipedia,KFC_v2,iterative,0.3994169096209913,0.07680945347119646
wikipedia,KFC_v2,iterative,0.3995703544575725,0.07680945347119646
wikipedia,KFC_v2,iterative,0.39972379929415375,0.07680945347119646
wikipedia,KFC_v2,iterative,0.399877244130735,0.07680945347119646
wikipedia,KFC_v2,iterative,0.40003068896731625,0.07680945347119646
wikipedia,KFC_v2,iterative,0.4001841338038975,0.07680945347119646
wikipedia,KFC_v2,iterative,0.40033757864047875,0.07680945347119646
wikipedia,KFC_v2,iterative,0.40049102347706,0.07680945347119646
wikipedia,KFC_v2,iterative,0.40064446831364126,0.07680945347119646
wikipedia,KFC_v2,iterative,0.4007979131502225,0.07680945347119646
wikipedia,KFC_v2,iterative,0.40095135798680376,0.07680945347119646
wikipedia,KFC_v2,iterative,0.401104802823385,0.07680945347119646
wikipedia,KFC_v2,iterative,0.40125824765996626,0.07680945347119646
wikipedia,KFC_v2,iterative,0.4014116924965475,0.07680945347119646
wikipedia,KFC_v2,iterative,0.40156513733312876,0.07680945347119646
wikipedia,KFC_v2,iterative,0.40171858216971,0.07680945347119646
wikipedia,KFC_v2,iterative,0.40187202700629127,0.07680945347119646
wikipedia,KFC_v2,iterative,0.4020254718428725,0.07680945347119646
wikipedia,KFC_v2,iterative,0.40217891667945377,0.07680945347119646
wikipedia,KFC_v2,iterative,0.402332361516035,0.07680945347119646
wikipedia,KFC_v2,iterative,0.40248580635261627,0.07680945347119646
wikipedia,KFC_v2,iterative,0.4026392511891975,0.07680945347119646
wikipedia,KFC_v2,iterative,0.4027926960257788,0.07680945347119646
wikipedia,KFC_v2,iterative,0.40294614086236,0.07680945347119646
wikipedia,KFC_v2,iterative,0.4030995856989413,0.07680945347119646
wikipedia,KFC_v2,iterative,0.40325303053552247,0.07680945347119646
wikipedia,KFC_v2,iterative,0.4034064753721037,0.07680945347119646
wikipedia,KFC_v2,iterative,0.403559920208685,0.07680945347119646
wikipedia,KFC_v2,iterative,0.4037133650452662,0.07680945347119646
wikipedia,KFC_v2,iterative,0.4038668098818475,0.07680945347119646
wikipedia,KFC_v2,iterative,0.40402025471842873,0.07680945347119646
wikipedia,KFC_v2,iterative,0.40417369955501,0.07680945347119646
wikipedia,KFC_v2,iterative,0.40432714439159123,0.07680945347119646
wikipedia,KFC_v2,iterative,0.4044805892281725,0.07680945347119646
wikipedia,KFC_v2,iterative,0.40463403406475373,0.07680945347119646
wikipedia,KFC_v2,iterative,0.404787478901335,0.07680945347119646
wikipedia,KFC_v2,iterative,0.40494092373791624,0.07680945347119646
wikipedia,KFC_v2,iterative,0.4050943685744975,0.07680945347119646
wikipedia,KFC_v2,iterative,0.40524781341107874,0.07680945347119646
wikipedia,KFC_v2,iterative,0.40540125824766,0.07680945347119646
wikipedia,KFC_v2,iterative,0.40555470308424124,0.07680945347119646
wikipedia,KFC_v2,iterative,0.4057081479208225,0.07680945347119646
wikipedia,KFC_v2,iterative,0.40586159275740374,0.07680945347119646
wikipedia,KFC_v2,iterative,0.406015037593985,0.07680945347119646
wikipedia,KFC_v2,iterative,0.40616848243056625,0.07680945347119646
wikipedia,KFC_v2,iterative,0.4063219272671475,0.07680945347119646
wikipedia,KFC_v2,iterative,0.40647537210372875,0.07680945347119646
wikipedia,KFC_v2,iterative,0.40662881694031,0.07680945347119646
wikipedia,KFC_v2,iterative,0.40678226177689125,0.07680945347119646
wikipedia,KFC_v2,iterative,0.4069357066134725,0.07680945347119646
wikipedia,KFC_v2,iterative,0.4070891514500537,0.07680945347119646
wikipedia,KFC_v2,iterative,0.40724259628663495,0.07680945347119646
wikipedia,KFC_v2,iterative,0.4073960411232162,0.07680945347119646
wikipedia,KFC_v2,iterative,0.40754948595979745,0.07680945347119646
wikipedia,KFC_v2,iterative,0.4077029307963787,0.07680945347119646
wikipedia,KFC_v2,iterative,0.40785637563295996,0.07680945347119646
wikipedia,KFC_v2,iterative,0.4080098204695412,0.07680945347119646
wikipedia,KFC_v2,iterative,0.40816326530612246,0.07680945347119646
wikipedia,KFC_v2,iterative,0.4083167101427037,0.07680945347119646
wikipedia,KFC_v2,iterative,0.40847015497928496,0.07680945347119646
wikipedia,KFC_v2,iterative,0.4086235998158662,0.07680945347119646
wikipedia,KFC_v2,iterative,0.40877704465244746,0.07680945347119646
wikipedia,KFC_v2,iterative,0.4089304894890287,0.07680945347119646
wikipedia,KFC_v2,iterative,0.40908393432560997,0.07533234859675036
wikipedia,KFC_v2,iterative,0.4092373791621912,0.07533234859675036
wikipedia,KFC_v2,iterative,0.40939082399877247,0.07533234859675036
wikipedia,KFC_v2,iterative,0.4095442688353537,0.07533234859675036
wikipedia,KFC_v2,iterative,0.40969771367193497,0.07533234859675036
wikipedia,KFC_v2,iterative,0.4098511585085162,0.07533234859675036
wikipedia,KFC_v2,iterative,0.4100046033450975,0.07533234859675036
wikipedia,KFC_v2,iterative,0.4101580481816787,0.07533234859675036
wikipedia,KFC_v2,iterative,0.41031149301826,0.07533234859675036
wikipedia,KFC_v2,iterative,0.4104649378548412,0.07533234859675036
wikipedia,KFC_v2,iterative,0.4106183826914225,0.07533234859675036
wikipedia,KFC_v2,iterative,0.41077182752800373,0.07533234859675036
wikipedia,KFC_v2,iterative,0.4109252723645849,0.07533234859675036
wikipedia,KFC_v2,iterative,0.4110787172011662,0.07533234859675036
wikipedia,KFC_v2,iterative,0.41123216203774743,0.07533234859675036
wikipedia,KFC_v2,iterative,0.4113856068743287,0.07533234859675036
wikipedia,KFC_v2,iterative,0.41153905171090993,0.07533234859675036
wikipedia,KFC_v2,iterative,0.4116924965474912,0.07533234859675036
wikipedia,KFC_v2,iterative,0.41184594138407243,0.07533234859675036
wikipedia,KFC_v2,iterative,0.4119993862206537,0.07533234859675036
wikipedia,KFC_v2,iterative,0.41215283105723494,0.07533234859675036
wikipedia,KFC_v2,iterative,0.4123062758938162,0.07533234859675036
wikipedia,KFC_v2,iterative,0.41245972073039744,0.07533234859675036
wikipedia,KFC_v2,iterative,0.4126131655669787,0.07533234859675036
wikipedia,KFC_v2,iterative,0.41276661040355994,0.07533234859675036
wikipedia,KFC_v2,iterative,0.4129200552401412,0.07533234859675036
wikipedia,KFC_v2,iterative,0.41307350007672244,0.07533234859675036
wikipedia,KFC_v2,iterative,0.4132269449133037,0.07533234859675036
wikipedia,KFC_v2,iterative,0.41338038974988495,0.07533234859675036
wikipedia,KFC_v2,iterative,0.4135338345864662,0.07533234859675036
wikipedia,KFC_v2,iterative,0.41368727942304745,0.07533234859675036
wikipedia,KFC_v2,iterative,0.4138407242596287,0.07533234859675036
wikipedia,KFC_v2,iterative,0.41399416909620995,0.07533234859675036
wikipedia,KFC_v2,iterative,0.4141476139327912,0.07533234859675036
wikipedia,KFC_v2,iterative,0.41430105876937245,0.07533234859675036
wikipedia,KFC_v2,iterative,0.4144545036059537,0.07533234859675036
wikipedia,KFC_v2,iterative,0.4146079484425349,0.07533234859675036
wikipedia,KFC_v2,iterative,0.41476139327911615,0.07533234859675036
wikipedia,KFC_v2,iterative,0.4149148381156974,0.07533234859675036
wikipedia,KFC_v2,iterative,0.41506828295227866,0.07533234859675036
wikipedia,KFC_v2,iterative,0.4152217277888599,0.07533234859675036
wikipedia,KFC_v2,iterative,0.41537517262544116,0.07533234859675036
wikipedia,KFC_v2,iterative,0.4155286174620224,0.07533234859675036
wikipedia,KFC_v2,iterative,0.41568206229860366,0.07533234859675036
wikipedia,KFC_v2,iterative,0.4158355071351849,0.07533234859675036
wikipedia,KFC_v2,iterative,0.41598895197176616,0.07533234859675036
wikipedia,KFC_v2,iterative,0.4161423968083474,0.07533234859675036
wikipedia,KFC_v2,iterative,0.41629584164492867,0.07533234859675036
wikipedia,KFC_v2,iterative,0.4164492864815099,0.07533234859675036
wikipedia,KFC_v2,iterative,0.41660273131809117,0.07533234859675036
wikipedia,KFC_v2,iterative,0.4167561761546724,0.0723781388478582
wikipedia,KFC_v2,iterative,0.41690962099125367,0.0723781388478582
wikipedia,KFC_v2,iterative,0.4170630658278349,0.0723781388478582
wikipedia,KFC_v2,iterative,0.4172165106644162,0.0723781388478582
wikipedia,KFC_v2,iterative,0.4173699555009974,0.0723781388478582
wikipedia,KFC_v2,iterative,0.4175234003375787,0.0723781388478582
wikipedia,KFC_v2,iterative,0.4176768451741599,0.0723781388478582
wikipedia,KFC_v2,iterative,0.4178302900107412,0.0723781388478582
wikipedia,KFC_v2,iterative,0.41798373484732243,0.0723781388478582
wikipedia,KFC_v2,iterative,0.4181371796839037,0.0723781388478582
wikipedia,KFC_v2,iterative,0.41829062452048493,0.0723781388478582
wikipedia,KFC_v2,iterative,0.41844406935706613,0.0723781388478582
wikipedia,KFC_v2,iterative,0.4185975141936474,0.0723781388478582
wikipedia,KFC_v2,iterative,0.41875095903022863,0.0723781388478582
wikipedia,KFC_v2,iterative,0.4189044038668099,0.06499261447562776
wikipedia,KFC_v2,iterative,0.41905784870339113,0.06499261447562776
wikipedia,KFC_v2,iterative,0.4192112935399724,0.06499261447562776
wikipedia,KFC_v2,iterative,0.41936473837655364,0.06499261447562776
wikipedia,KFC_v2,iterative,0.4195181832131349,0.06499261447562776
wikipedia,KFC_v2,iterative,0.41967162804971614,0.06499261447562776
wikipedia,KFC_v2,iterative,0.4198250728862974,0.06499261447562776
wikipedia,KFC_v2,iterative,0.41997851772287864,0.06499261447562776
wikipedia,KFC_v2,iterative,0.4201319625594599,0.06499261447562776
wikipedia,KFC_v2,iterative,0.42028540739604114,0.06499261447562776
wikipedia,KFC_v2,iterative,0.4204388522326224,0.06499261447562776
wikipedia,KFC_v2,iterative,0.42059229706920365,0.06499261447562776
wikipedia,KFC_v2,iterative,0.4207457419057849,0.06499261447562776
wikipedia,KFC_v2,iterative,0.42089918674236615,0.06499261447562776
wikipedia,KFC_v2,iterative,0.4210526315789474,0.06499261447562776
wikipedia,KFC_v2,iterative,0.42120607641552865,0.06499261447562776
wikipedia,KFC_v2,iterative,0.4213595212521099,0.06499261447562776
wikipedia,KFC_v2,iterative,0.42151296608869115,0.06499261447562776
wikipedia,KFC_v2,iterative,0.4216664109252724,0.06499261447562776
wikipedia,KFC_v2,iterative,0.42181985576185366,0.06499261447562776
wikipedia,KFC_v2,iterative,0.4219733005984349,0.06499261447562776
wikipedia,KFC_v2,iterative,0.42212674543501616,0.06499261447562776
wikipedia,KFC_v2,iterative,0.42228019027159736,0.06499261447562776
wikipedia,KFC_v2,iterative,0.4224336351081786,0.06499261447562776
wikipedia,KFC_v2,iterative,0.42258707994475986,0.06499261447562776
wikipedia,KFC_v2,iterative,0.4227405247813411,0.06499261447562776
wikipedia,KFC_v2,iterative,0.42289396961792236,0.06499261447562776
wikipedia,KFC_v2,iterative,0.4230474144545036,0.06499261447562776
wikipedia,KFC_v2,iterative,0.42320085929108486,0.06499261447562776
wikipedia,KFC_v2,iterative,0.4233543041276661,0.06499261447562776
wikipedia,KFC_v2,iterative,0.42350774896424737,0.06499261447562776
wikipedia,KFC_v2,iterative,0.4236611938008286,0.06499261447562776
wikipedia,KFC_v2,iterative,0.42381463863740987,0.06499261447562776
wikipedia,KFC_v2,iterative,0.4239680834739911,0.06499261447562776
wikipedia,KFC_v2,iterative,0.42412152831057237,0.06499261447562776
wikipedia,KFC_v2,iterative,0.4242749731471536,0.06499261447562776
wikipedia,KFC_v2,iterative,0.4244284179837349,0.06499261447562776
wikipedia,KFC_v2,iterative,0.4245818628203161,0.06499261447562776
wikipedia,KFC_v2,iterative,0.4247353076568974,0.06499261447562776
wikipedia,KFC_v2,iterative,0.4248887524934786,0.06499261447562776
wikipedia,KFC_v2,iterative,0.4250421973300599,0.06499261447562776
wikipedia,KFC_v2,iterative,0.42519564216664113,0.06499261447562776
wikipedia,KFC_v2,iterative,0.4253490870032224,0.06499261447562776
wikipedia,KFC_v2,iterative,0.42550253183980363,0.06499261447562776
wikipedia,KFC_v2,iterative,0.4256559766763849,0.06499261447562776
wikipedia,KFC_v2,iterative,0.42580942151296614,0.06499261447562776
wikipedia,KFC_v2,iterative,0.42596286634954733,0.06499261447562776
wikipedia,KFC_v2,iterative,0.4261163111861286,0.06499261447562776
wikipedia,KFC_v2,iterative,0.42626975602270983,0.06499261447562776
wikipedia,KFC_v2,iterative,0.4264232008592911,0.06499261447562776
wikipedia,KFC_v2,iterative,0.42657664569587234,0.06499261447562776
wikipedia,KFC_v2,iterative,0.4267300905324536,0.06499261447562776
wikipedia,KFC_v2,iterative,0.42688353536903484,0.06499261447562776
wikipedia,KFC_v2,iterative,0.4270369802056161,0.06499261447562776
wikipedia,KFC_v2,iterative,0.42719042504219734,0.06499261447562776
wikipedia,KFC_v2,iterative,0.4273438698787786,0.06499261447562776
wikipedia,KFC_v2,iterative,0.42749731471535984,0.06499261447562776
wikipedia,KFC_v2,iterative,0.4276507595519411,0.06499261447562776
wikipedia,KFC_v2,iterative,0.42780420438852235,0.06499261447562776
wikipedia,KFC_v2,iterative,0.4279576492251036,0.06499261447562776
wikipedia,KFC_v2,iterative,0.42811109406168485,0.06499261447562776
wikipedia,KFC_v2,iterative,0.4282645388982661,0.06499261447562776
wikipedia,KFC_v2,iterative,0.42841798373484735,0.06499261447562776
wikipedia,KFC_v2,iterative,0.4285714285714286,0.06499261447562776
wikipedia,KFC_v2,iterative,0.42872487340800985,0.06499261447562776
wikipedia,KFC_v2,iterative,0.4288783182445911,0.06499261447562776
wikipedia,KFC_v2,iterative,0.42903176308117236,0.06499261447562776
wikipedia,KFC_v2,iterative,0.4291852079177536,0.06499261447562776
wikipedia,KFC_v2,iterative,0.42933865275433486,0.06499261447562776
wikipedia,KFC_v2,iterative,0.4294920975909161,0.06499261447562776
wikipedia,KFC_v2,iterative,0.42964554242749736,0.06499261447562776
wikipedia,KFC_v2,iterative,0.42979898726407856,0.06499261447562776
wikipedia,KFC_v2,iterative,0.4299524321006598,0.06499261447562776
wikipedia,KFC_v2,iterative,0.43010587693724106,0.06499261447562776
wikipedia,KFC_v2,iterative,0.4302593217738223,0.06499261447562776
wikipedia,KFC_v2,iterative,0.43041276661040356,0.06499261447562776
wikipedia,KFC_v2,iterative,0.4305662114469848,0.06499261447562776
wikipedia,KFC_v2,iterative,0.43071965628356607,0.06499261447562776
wikipedia,KFC_v2,iterative,0.4308731011201473,0.06499261447562776
wikipedia,KFC_v2,iterative,0.43102654595672857,0.06499261447562776
wikipedia,KFC_v2,iterative,0.4311799907933098,0.06499261447562776
wikipedia,KFC_v2,iterative,0.43133343562989107,0.06351550960118169
wikipedia,KFC_v2,iterative,0.4314868804664723,0.06351550960118169
wikipedia,KFC_v2,iterative,0.4316403253030536,0.06351550960118169
wikipedia,KFC_v2,iterative,0.4317937701396348,0.06351550960118169
wikipedia,KFC_v2,iterative,0.4319472149762161,0.06351550960118169
wikipedia,KFC_v2,iterative,0.4321006598127973,0.06351550960118169
wikipedia,KFC_v2,iterative,0.4322541046493786,0.06351550960118169
wikipedia,KFC_v2,iterative,0.43240754948595983,0.06351550960118169
wikipedia,KFC_v2,iterative,0.4325609943225411,0.06351550960118169
wikipedia,KFC_v2,iterative,0.43271443915912233,0.06351550960118169
wikipedia,KFC_v2,iterative,0.4328678839957036,0.0620384047267356
wikipedia,KFC_v2,iterative,0.43302132883228484,0.0620384047267356
wikipedia,KFC_v2,iterative,0.4331747736688661,0.0620384047267356
wikipedia,KFC_v2,iterative,0.43332821850544734,0.0620384047267356
wikipedia,KFC_v2,iterative,0.4334816633420286,0.0620384047267356
wikipedia,KFC_v2,iterative,0.4336351081786098,0.0620384047267356
wikipedia,KFC_v2,iterative,0.43378855301519104,0.0620384047267356
wikipedia,KFC_v2,iterative,0.4339419978517723,0.0620384047267356
wikipedia,KFC_v2,iterative,0.43409544268835354,0.0620384047267356
wikipedia,KFC_v2,iterative,0.4342488875249348,0.0620384047267356
wikipedia,KFC_v2,iterative,0.43440233236151604,0.0620384047267356
wikipedia,KFC_v2,iterative,0.4345557771980973,0.0620384047267356
wikipedia,KFC_v2,iterative,0.43470922203467854,0.0620384047267356
wikipedia,KFC_v2,iterative,0.4348626668712598,0.0620384047267356
wikipedia,KFC_v2,iterative,0.43501611170784105,0.0620384047267356
wikipedia,KFC_v2,iterative,0.4351695565444223,0.0620384047267356
wikipedia,KFC_v2,iterative,0.43532300138100355,0.0620384047267356
wikipedia,KFC_v2,iterative,0.4354764462175848,0.0620384047267356
wikipedia,KFC_v2,iterative,0.43562989105416605,0.0620384047267356
wikipedia,KFC_v2,iterative,0.4357833358907473,0.0620384047267356
wikipedia,KFC_v2,iterative,0.43593678072732855,0.0620384047267356
wikipedia,KFC_v2,iterative,0.4360902255639098,0.0620384047267356
wikipedia,KFC_v2,iterative,0.43624367040049106,0.0620384047267356
wikipedia,KFC_v2,iterative,0.4363971152370723,0.0620384047267356
wikipedia,KFC_v2,iterative,0.43655056007365356,0.0620384047267356
wikipedia,KFC_v2,iterative,0.4367040049102348,0.0620384047267356
wikipedia,KFC_v2,iterative,0.43685744974681606,0.0620384047267356
wikipedia,KFC_v2,iterative,0.4370108945833973,0.0620384047267356
wikipedia,KFC_v2,iterative,0.43716433941997856,0.0620384047267356
wikipedia,KFC_v2,iterative,0.43731778425655976,0.0620384047267356
wikipedia,KFC_v2,iterative,0.437471229093141,0.0620384047267356
wikipedia,KFC_v2,iterative,0.43762467392972226,0.0620384047267356
wikipedia,KFC_v2,iterative,0.4377781187663035,0.0620384047267356
wikipedia,KFC_v2,iterative,0.43793156360288477,0.0620384047267356
wikipedia,KFC_v2,iterative,0.438085008439466,0.0620384047267356
wikipedia,KFC_v2,iterative,0.43823845327604727,0.0620384047267356
wikipedia,KFC_v2,iterative,0.4383918981126285,0.0620384047267356
wikipedia,KFC_v2,iterative,0.43854534294920977,0.0620384047267356
wikipedia,KFC_v2,iterative,0.438698787785791,0.0620384047267356
wikipedia,KFC_v2,iterative,0.4388522326223723,0.0620384047267356
wikipedia,KFC_v2,iterative,0.4390056774589535,0.0620384047267356
wikipedia,KFC_v2,iterative,0.4391591222955348,0.0620384047267356
wikipedia,KFC_v2,iterative,0.439312567132116,0.0620384047267356
wikipedia,KFC_v2,iterative,0.4394660119686973,0.0620384047267356
wikipedia,KFC_v2,iterative,0.43961945680527853,0.0620384047267356
wikipedia,KFC_v2,iterative,0.4397729016418598,0.0620384047267356
wikipedia,KFC_v2,iterative,0.43992634647844103,0.0620384047267356
wikipedia,KFC_v2,iterative,0.4400797913150223,0.0620384047267356
wikipedia,KFC_v2,iterative,0.44023323615160354,0.0620384047267356
wikipedia,KFC_v2,iterative,0.4403866809881848,0.0620384047267356
wikipedia,KFC_v2,iterative,0.44054012582476604,0.0620384047267356
wikipedia,KFC_v2,iterative,0.4406935706613473,0.0620384047267356
wikipedia,KFC_v2,iterative,0.44084701549792854,0.0620384047267356
wikipedia,KFC_v2,iterative,0.4410004603345098,0.0620384047267356
wikipedia,KFC_v2,iterative,0.441153905171091,0.0620384047267356
wikipedia,KFC_v2,iterative,0.44130735000767224,0.0620384047267356
wikipedia,KFC_v2,iterative,0.4414607948442535,0.0620384047267356
wikipedia,KFC_v2,iterative,0.44161423968083474,0.0620384047267356
wikipedia,KFC_v2,iterative,0.441767684517416,0.0620384047267356
wikipedia,KFC_v2,iterative,0.44192112935399724,0.0620384047267356
wikipedia,KFC_v2,iterative,0.4420745741905785,0.0620384047267356
wikipedia,KFC_v2,iterative,0.44222801902715975,0.0620384047267356
wikipedia,KFC_v2,iterative,0.442381463863741,0.0620384047267356
wikipedia,KFC_v2,iterative,0.44253490870032225,0.0620384047267356
wikipedia,KFC_v2,iterative,0.4426883535369035,0.0620384047267356
wikipedia,KFC_v2,iterative,0.44284179837348475,0.0620384047267356
wikipedia,KFC_v2,iterative,0.442995243210066,0.0620384047267356
wikipedia,KFC_v2,iterative,0.44314868804664725,0.0620384047267356
wikipedia,KFC_v2,iterative,0.4433021328832285,0.0620384047267356
wikipedia,KFC_v2,iterative,0.44345557771980976,0.0620384047267356
wikipedia,KFC_v2,iterative,0.443609022556391,0.0620384047267356
wikipedia,KFC_v2,iterative,0.44376246739297226,0.0620384047267356
wikipedia,KFC_v2,iterative,0.4439159122295535,0.0620384047267356
wikipedia,KFC_v2,iterative,0.44406935706613476,0.0620384047267356
wikipedia,KFC_v2,iterative,0.444222801902716,0.0620384047267356
wikipedia,KFC_v2,iterative,0.44437624673929726,0.0620384047267356
wikipedia,KFC_v2,iterative,0.4445296915758785,0.0620384047267356
wikipedia,KFC_v2,iterative,0.44468313641245977,0.0620384047267356
wikipedia,KFC_v2,iterative,0.444836581249041,0.0620384047267356
wikipedia,KFC_v2,iterative,0.4449900260856222,0.0620384047267356
wikipedia,KFC_v2,iterative,0.44514347092220347,0.0620384047267356
wikipedia,KFC_v2,iterative,0.4452969157587847,0.0620384047267356
wikipedia,KFC_v2,iterative,0.44545036059536597,0.0620384047267356
wikipedia,KFC_v2,iterative,0.4456038054319472,0.0620384047267356
wikipedia,KFC_v2,iterative,0.44575725026852847,0.0620384047267356
wikipedia,KFC_v2,iterative,0.4459106951051097,0.0620384047267356
wikipedia,KFC_v2,iterative,0.446064139941691,0.0620384047267356
wikipedia,KFC_v2,iterative,0.4462175847782722,0.0620384047267356
wikipedia,KFC_v2,iterative,0.4463710296148535,0.0620384047267356
wikipedia,KFC_v2,iterative,0.4465244744514347,0.0620384047267356
wikipedia,KFC_v2,iterative,0.446677919288016,0.0620384047267356
wikipedia,KFC_v2,iterative,0.44683136412459723,0.0620384047267356
wikipedia,KFC_v2,iterative,0.4469848089611785,0.0620384047267356
wikipedia,KFC_v2,iterative,0.44713825379775973,0.0620384047267356
wikipedia,KFC_v2,iterative,0.447291698634341,0.0620384047267356
wikipedia,KFC_v2,iterative,0.44744514347092224,0.0620384047267356
wikipedia,KFC_v2,iterative,0.4475985883075035,0.0620384047267356
wikipedia,KFC_v2,iterative,0.44775203314408474,0.0620384047267356
wikipedia,KFC_v2,iterative,0.447905477980666,0.0620384047267356
wikipedia,KFC_v2,iterative,0.44805892281724724,0.0620384047267356
wikipedia,KFC_v2,iterative,0.4482123676538285,0.0620384047267356
wikipedia,KFC_v2,iterative,0.44836581249040974,0.0620384047267356
wikipedia,KFC_v2,iterative,0.448519257326991,0.0620384047267356
wikipedia,KFC_v2,iterative,0.4486727021635722,0.0620384047267356
wikipedia,KFC_v2,iterative,0.44882614700015344,0.0620384047267356
wikipedia,KFC_v2,iterative,0.4489795918367347,0.0620384047267356
wikipedia,KFC_v2,iterative,0.44913303667331594,0.0620384047267356
wikipedia,KFC_v2,iterative,0.4492864815098972,0.0620384047267356
wikipedia,KFC_v2,iterative,0.44943992634647845,0.0620384047267356
wikipedia,KFC_v2,iterative,0.4495933711830597,0.0620384047267356
wikipedia,KFC_v2,iterative,0.44974681601964095,0.0620384047267356
wikipedia,KFC_v2,iterative,0.4499002608562222,0.0620384047267356
wikipedia,KFC_v2,iterative,0.45005370569280345,0.0620384047267356
wikipedia,KFC_v2,iterative,0.4502071505293847,0.0620384047267356
wikipedia,KFC_v2,iterative,0.45036059536596595,0.0620384047267356
wikipedia,KFC_v2,iterative,0.4505140402025472,0.0620384047267356
wikipedia,KFC_v2,iterative,0.45066748503912846,0.0620384047267356
wikipedia,KFC_v2,iterative,0.4508209298757097,0.0620384047267356
wikipedia,KFC_v2,iterative,0.45097437471229096,0.0620384047267356
wikipedia,KFC_v2,iterative,0.4511278195488722,0.0620384047267356
wikipedia,KFC_v2,iterative,0.45128126438545346,0.0620384047267356
wikipedia,KFC_v2,iterative,0.4514347092220347,0.0620384047267356
wikipedia,KFC_v2,iterative,0.45158815405861596,0.0620384047267356
wikipedia,KFC_v2,iterative,0.4517415988951972,0.0620384047267356
wikipedia,KFC_v2,iterative,0.45189504373177847,0.0620384047267356
wikipedia,KFC_v2,iterative,0.4520484885683597,0.0620384047267356
wikipedia,KFC_v2,iterative,0.45220193340494097,0.0620384047267356
wikipedia,KFC_v2,iterative,0.4523553782415222,0.0620384047267356
wikipedia,KFC_v2,iterative,0.4525088230781034,0.0620384047267356
wikipedia,KFC_v2,iterative,0.45266226791468467,0.0620384047267356
wikipedia,KFC_v2,iterative,0.4528157127512659,0.0620384047267356
wikipedia,KFC_v2,iterative,0.45296915758784717,0.0620384047267356
wikipedia,KFC_v2,iterative,0.4531226024244284,0.0620384047267356
wikipedia,KFC_v2,iterative,0.4532760472610097,0.0620384047267356
wikipedia,KFC_v2,iterative,0.4534294920975909,0.0620384047267356
wikipedia,KFC_v2,iterative,0.4535829369341722,0.05760709010339734
wikipedia,KFC_v2,iterative,0.4537363817707534,0.05760709010339734
wikipedia,KFC_v2,iterative,0.4538898266073347,0.05760709010339734
wikipedia,KFC_v2,iterative,0.45404327144391593,0.05760709010339734
wikipedia,KFC_v2,iterative,0.4541967162804972,0.05760709010339734
wikipedia,KFC_v2,iterative,0.45435016111707843,0.05760709010339734
wikipedia,KFC_v2,iterative,0.4545036059536597,0.05760709010339734
wikipedia,KFC_v2,iterative,0.45465705079024094,0.05760709010339734
wikipedia,KFC_v2,iterative,0.4548104956268222,0.05760709010339734
wikipedia,KFC_v2,iterative,0.45496394046340344,0.05760709010339734
wikipedia,KFC_v2,iterative,0.4551173852999847,0.05760709010339734
wikipedia,KFC_v2,iterative,0.45527083013656594,0.05760709010339734
wikipedia,KFC_v2,iterative,0.4554242749731472,0.05760709010339734
wikipedia,KFC_v2,iterative,0.45557771980972844,0.05760709010339734
wikipedia,KFC_v2,iterative,0.4557311646463097,0.05760709010339734
wikipedia,KFC_v2,iterative,0.45588460948289095,0.05760709010339734
wikipedia,KFC_v2,iterative,0.4560380543194722,0.05760709010339734
wikipedia,KFC_v2,iterative,0.45619149915605345,0.05760709010339734
wikipedia,KFC_v2,iterative,0.45634494399263464,0.05760709010339734
wikipedia,KFC_v2,iterative,0.4564983888292159,0.05760709010339734
wikipedia,KFC_v2,iterative,0.45665183366579715,0.05760709010339734
wikipedia,KFC_v2,iterative,0.4568052785023784,0.05760709010339734
wikipedia,KFC_v2,iterative,0.45695872333895965,0.05760709010339734
wikipedia,KFC_v2,iterative,0.4571121681755409,0.05760709010339734
wikipedia,KFC_v2,iterative,0.45726561301212215,0.05760709010339734
wikipedia,KFC_v2,iterative,0.4574190578487034,0.05760709010339734
wikipedia,KFC_v2,iterative,0.45757250268528465,0.05760709010339734
wikipedia,KFC_v2,iterative,0.4577259475218659,0.05760709010339734
wikipedia,KFC_v2,iterative,0.45787939235844716,0.05760709010339734
wikipedia,KFC_v2,iterative,0.4580328371950284,0.05760709010339734
wikipedia,KFC_v2,iterative,0.45818628203160966,0.05760709010339734
wikipedia,KFC_v2,iterative,0.4583397268681909,0.05760709010339734
wikipedia,KFC_v2,iterative,0.45849317170477216,0.05760709010339734
wikipedia,KFC_v2,iterative,0.4586466165413534,0.05760709010339734
wikipedia,KFC_v2,iterative,0.45880006137793466,0.05760709010339734
wikipedia,KFC_v2,iterative,0.4589535062145159,0.05760709010339734
wikipedia,KFC_v2,iterative,0.45910695105109717,0.05760709010339734
wikipedia,KFC_v2,iterative,0.4592603958876784,0.05760709010339734
wikipedia,KFC_v2,iterative,0.45941384072425967,0.05760709010339734
wikipedia,KFC_v2,iterative,0.4595672855608409,0.05760709010339734
wikipedia,KFC_v2,iterative,0.4597207303974222,0.05760709010339734
wikipedia,KFC_v2,iterative,0.4598741752340034,0.05760709010339734
wikipedia,KFC_v2,iterative,0.4600276200705846,0.05760709010339734
wikipedia,KFC_v2,iterative,0.46018106490716587,0.05760709010339734
wikipedia,KFC_v2,iterative,0.4603345097437471,0.05760709010339734
wikipedia,KFC_v2,iterative,0.4604879545803284,0.05760709010339734
wikipedia,KFC_v2,iterative,0.4606413994169096,0.05760709010339734
wikipedia,KFC_v2,iterative,0.4607948442534909,0.05760709010339734
wikipedia,KFC_v2,iterative,0.4609482890900721,0.05760709010339734
wikipedia,KFC_v2,iterative,0.4611017339266534,0.05760709010339734
wikipedia,KFC_v2,iterative,0.46125517876323463,0.05760709010339734
wikipedia,KFC_v2,iterative,0.4614086235998159,0.05760709010339734
wikipedia,KFC_v2,iterative,0.46156206843639713,0.05760709010339734
wikipedia,KFC_v2,iterative,0.4617155132729784,0.05760709010339734
wikipedia,KFC_v2,iterative,0.46186895810955964,0.05760709010339734
wikipedia,KFC_v2,iterative,0.4620224029461409,0.05760709010339734
wikipedia,KFC_v2,iterative,0.46217584778272214,0.05760709010339734
wikipedia,KFC_v2,iterative,0.4623292926193034,0.05760709010339734
wikipedia,KFC_v2,iterative,0.46248273745588464,0.05760709010339734
wikipedia,KFC_v2,iterative,0.4626361822924659,0.05760709010339734
wikipedia,KFC_v2,iterative,0.46278962712904714,0.05760709010339734
wikipedia,KFC_v2,iterative,0.4629430719656284,0.05760709010339734
wikipedia,KFC_v2,iterative,0.46309651680220965,0.05760709010339734
wikipedia,KFC_v2,iterative,0.4632499616387909,0.05760709010339734
wikipedia,KFC_v2,iterative,0.46340340647537215,0.05760709010339734
wikipedia,KFC_v2,iterative,0.4635568513119534,0.05760709010339734
wikipedia,KFC_v2,iterative,0.46371029614853465,0.05760709010339734
wikipedia,KFC_v2,iterative,0.46386374098511585,0.05760709010339734
wikipedia,KFC_v2,iterative,0.4640171858216971,0.05760709010339734
wikipedia,KFC_v2,iterative,0.46417063065827835,0.05760709010339734
wikipedia,KFC_v2,iterative,0.4643240754948596,0.05760709010339734
wikipedia,KFC_v2,iterative,0.46447752033144085,0.05760709010339734
wikipedia,KFC_v2,iterative,0.4646309651680221,0.05760709010339734
wikipedia,KFC_v2,iterative,0.46478441000460335,0.05760709010339734
wikipedia,KFC_v2,iterative,0.4649378548411846,0.05760709010339734
wikipedia,KFC_v2,iterative,0.46509129967776586,0.05760709010339734
wikipedia,KFC_v2,iterative,0.4652447445143471,0.05760709010339734
wikipedia,KFC_v2,iterative,0.46539818935092836,0.05760709010339734
wikipedia,KFC_v2,iterative,0.4655516341875096,0.05760709010339734
wikipedia,KFC_v2,iterative,0.46570507902409086,0.05760709010339734
wikipedia,KFC_v2,iterative,0.4658585238606721,0.05760709010339734
wikipedia,KFC_v2,iterative,0.46601196869725336,0.05760709010339734
wikipedia,KFC_v2,iterative,0.4661654135338346,0.05760709010339734
wikipedia,KFC_v2,iterative,0.46631885837041587,0.05760709010339734
wikipedia,KFC_v2,iterative,0.4664723032069971,0.05760709010339734
wikipedia,KFC_v2,iterative,0.46662574804357837,0.05760709010339734
wikipedia,KFC_v2,iterative,0.4667791928801596,0.05760709010339734
wikipedia,KFC_v2,iterative,0.4669326377167409,0.05760709010339734
wikipedia,KFC_v2,iterative,0.4670860825533221,0.05760709010339734
wikipedia,KFC_v2,iterative,0.4672395273899034,0.05760709010339734
wikipedia,KFC_v2,iterative,0.4673929722264846,0.05760709010339734
wikipedia,KFC_v2,iterative,0.4675464170630659,0.05760709010339734
wikipedia,KFC_v2,iterative,0.4676998618996471,0.05760709010339734
wikipedia,KFC_v2,iterative,0.4678533067362283,0.05760709010339734
wikipedia,KFC_v2,iterative,0.4680067515728096,0.05760709010339734
wikipedia,KFC_v2,iterative,0.4681601964093908,0.05760709010339734
wikipedia,KFC_v2,iterative,0.4683136412459721,0.05760709010339734
wikipedia,KFC_v2,iterative,0.46846708608255333,0.05760709010339734
wikipedia,KFC_v2,iterative,0.4686205309191346,0.05760709010339734
wikipedia,KFC_v2,iterative,0.46877397575571583,0.05760709010339734
wikipedia,KFC_v2,iterative,0.4689274205922971,0.05760709010339734
wikipedia,KFC_v2,iterative,0.46908086542887834,0.05760709010339734
wikipedia,KFC_v2,iterative,0.4692343102654596,0.05760709010339734
wikipedia,KFC_v2,iterative,0.46938775510204084,0.05760709010339734
wikipedia,KFC_v2,iterative,0.4695411999386221,0.05760709010339734
wikipedia,KFC_v2,iterative,0.46969464477520334,0.05760709010339734
wikipedia,KFC_v2,iterative,0.4698480896117846,0.05760709010339734
wikipedia,KFC_v2,iterative,0.47000153444836584,0.05760709010339734
wikipedia,KFC_v2,iterative,0.4701549792849471,0.05760709010339734
wikipedia,KFC_v2,iterative,0.47030842412152835,0.05760709010339734
wikipedia,KFC_v2,iterative,0.4704618689581096,0.05760709010339734
wikipedia,KFC_v2,iterative,0.47061531379469085,0.05760709010339734
wikipedia,KFC_v2,iterative,0.4707687586312721,0.05760709010339734
wikipedia,KFC_v2,iterative,0.47092220346785335,0.05760709010339734
wikipedia,KFC_v2,iterative,0.4710756483044346,0.05760709010339734
wikipedia,KFC_v2,iterative,0.47122909314101585,0.05760709010339734
wikipedia,KFC_v2,iterative,0.4713825379775971,0.05760709010339734
wikipedia,KFC_v2,iterative,0.4715359828141783,0.05760709010339734
wikipedia,KFC_v2,iterative,0.47168942765075955,0.05760709010339734
wikipedia,KFC_v2,iterative,0.4718428724873408,0.05760709010339734
wikipedia,KFC_v2,iterative,0.47199631732392205,0.05760709010339734
wikipedia,KFC_v2,iterative,0.4721497621605033,0.05760709010339734
wikipedia,KFC_v2,iterative,0.47230320699708456,0.05760709010339734
wikipedia,KFC_v2,iterative,0.4724566518336658,0.05760709010339734
wikipedia,KFC_v2,iterative,0.47261009667024706,0.05760709010339734
wikipedia,KFC_v2,iterative,0.4727635415068283,0.05760709010339734
wikipedia,KFC_v2,iterative,0.47291698634340956,0.05760709010339734
wikipedia,KFC_v2,iterative,0.4730704311799908,0.05760709010339734
wikipedia,KFC_v2,iterative,0.47322387601657206,0.05760709010339734
wikipedia,KFC_v2,iterative,0.4733773208531533,0.05760709010339734
wikipedia,KFC_v2,iterative,0.47353076568973457,0.05760709010339734
wikipedia,KFC_v2,iterative,0.4736842105263158,0.05760709010339734
wikipedia,KFC_v2,iterative,0.47383765536289707,0.05760709010339734
wikipedia,KFC_v2,iterative,0.4739911001994783,0.05760709010339734
wikipedia,KFC_v2,iterative,0.4741445450360596,0.05760709010339734
wikipedia,KFC_v2,iterative,0.4742979898726408,0.05760709010339734
wikipedia,KFC_v2,iterative,0.4744514347092221,0.05760709010339734
wikipedia,KFC_v2,iterative,0.4746048795458033,0.05760709010339734
wikipedia,KFC_v2,iterative,0.4747583243823846,0.05760709010339734
wikipedia,KFC_v2,iterative,0.47491176921896583,0.05760709010339734
wikipedia,KFC_v2,iterative,0.4750652140555471,0.05760709010339734
wikipedia,KFC_v2,iterative,0.4752186588921283,0.05760709010339734
wikipedia,KFC_v2,iterative,0.4753721037287095,0.05760709010339734
wikipedia,KFC_v2,iterative,0.4755255485652908,0.05760709010339734
wikipedia,KFC_v2,iterative,0.47567899340187203,0.05760709010339734
wikipedia,KFC_v2,iterative,0.4758324382384533,0.05760709010339734
wikipedia,KFC_v2,iterative,0.47598588307503453,0.05760709010339734
wikipedia,KFC_v2,iterative,0.4761393279116158,0.05760709010339734
wikipedia,KFC_v2,iterative,0.47629277274819704,0.05760709010339734
wikipedia,KFC_v2,iterative,0.4764462175847783,0.05760709010339734
wikipedia,KFC_v2,iterative,0.47659966242135954,0.05760709010339734
wikipedia,KFC_v2,iterative,0.4767531072579408,0.05760709010339734
wikipedia,KFC_v2,iterative,0.47690655209452204,0.05760709010339734
wikipedia,KFC_v2,iterative,0.4770599969311033,0.05760709010339734
wikipedia,KFC_v2,iterative,0.47721344176768454,0.05760709010339734
wikipedia,KFC_v2,iterative,0.4773668866042658,0.05760709010339734
wikipedia,KFC_v2,iterative,0.47752033144084705,0.05760709010339734
wikipedia,KFC_v2,iterative,0.4776737762774283,0.05760709010339734
wikipedia,KFC_v2,iterative,0.47782722111400955,0.05760709010339734
wikipedia,KFC_v2,iterative,0.4779806659505908,0.05760709010339734
wikipedia,KFC_v2,iterative,0.47813411078717205,0.05760709010339734
wikipedia,KFC_v2,iterative,0.4782875556237533,0.05760709010339734
wikipedia,KFC_v2,iterative,0.47844100046033455,0.05760709010339734
wikipedia,KFC_v2,iterative,0.4785944452969158,0.05760709010339734
wikipedia,KFC_v2,iterative,0.47874789013349706,0.05760709010339734
wikipedia,KFC_v2,iterative,0.4789013349700783,0.05760709010339734
wikipedia,KFC_v2,iterative,0.4790547798066595,0.05760709010339734
wikipedia,KFC_v2,iterative,0.47920822464324075,0.05760709010339734
wikipedia,KFC_v2,iterative,0.479361669479822,0.05760709010339734
wikipedia,KFC_v2,iterative,0.47951511431640326,0.05760709010339734
wikipedia,KFC_v2,iterative,0.4796685591529845,0.05760709010339734
wikipedia,KFC_v2,iterative,0.47982200398956576,0.05760709010339734
wikipedia,KFC_v2,iterative,0.479975448826147,0.05760709010339734
wikipedia,KFC_v2,iterative,0.48012889366272826,0.05760709010339734
wikipedia,KFC_v2,iterative,0.4802823384993095,0.05760709010339734
wikipedia,KFC_v2,iterative,0.48043578333589076,0.05760709010339734
wikipedia,KFC_v2,iterative,0.480589228172472,0.05760709010339734
wikipedia,KFC_v2,iterative,0.48074267300905327,0.05760709010339734
wikipedia,KFC_v2,iterative,0.4808961178456345,0.05760709010339734
wikipedia,KFC_v2,iterative,0.48104956268221577,0.05760709010339734
wikipedia,KFC_v2,iterative,0.481203007518797,0.05760709010339734
wikipedia,KFC_v2,iterative,0.4813564523553783,0.05760709010339734
wikipedia,KFC_v2,iterative,0.4815098971919595,0.05760709010339734
wikipedia,KFC_v2,iterative,0.4816633420285408,0.05760709010339734
wikipedia,KFC_v2,iterative,0.481816786865122,0.05760709010339734
wikipedia,KFC_v2,iterative,0.4819702317017033,0.05760709010339734
wikipedia,KFC_v2,iterative,0.48212367653828453,0.05760709010339734
wikipedia,KFC_v2,iterative,0.4822771213748658,0.05760709010339734
wikipedia,KFC_v2,iterative,0.48243056621144703,0.05760709010339734
wikipedia,KFC_v2,iterative,0.4825840110480283,0.05760709010339734
wikipedia,KFC_v2,iterative,0.48273745588460953,0.05760709010339734
wikipedia,KFC_v2,iterative,0.48289090072119073,0.05760709010339734
wikipedia,KFC_v2,iterative,0.483044345557772,0.05760709010339734
wikipedia,KFC_v2,iterative,0.48319779039435323,0.05760709010339734
wikipedia,KFC_v2,iterative,0.4833512352309345,0.05760709010339734
wikipedia,KFC_v2,iterative,0.48350468006751574,0.05760709010339734
wikipedia,KFC_v2,iterative,0.483658124904097,0.05760709010339734
wikipedia,KFC_v2,iterative,0.48381156974067824,0.05760709010339734
wikipedia,KFC_v2,iterative,0.4839650145772595,0.05760709010339734
wikipedia,KFC_v2,iterative,0.48411845941384074,0.05760709010339734
wikipedia,KFC_v2,iterative,0.484271904250422,0.05760709010339734
wikipedia,KFC_v2,iterative,0.48442534908700324,0.05760709010339734
wikipedia,KFC_v2,iterative,0.4845787939235845,0.05760709010339734
wikipedia,KFC_v2,iterative,0.48473223876016575,0.05760709010339734
wikipedia,KFC_v2,iterative,0.484885683596747,0.05760709010339734
wikipedia,KFC_v2,iterative,0.48503912843332825,0.05760709010339734
wikipedia,KFC_v2,iterative,0.4851925732699095,0.05760709010339734
wikipedia,KFC_v2,iterative,0.48534601810649075,0.05760709010339734
wikipedia,KFC_v2,iterative,0.485499462943072,0.05760709010339734
wikipedia,KFC_v2,iterative,0.48565290777965325,0.05760709010339734
wikipedia,KFC_v2,iterative,0.4858063526162345,0.05760709010339734
wikipedia,KFC_v2,iterative,0.48595979745281576,0.05760709010339734
wikipedia,KFC_v2,iterative,0.486113242289397,0.05760709010339734
wikipedia,KFC_v2,iterative,0.48626668712597826,0.05760709010339734
wikipedia,KFC_v2,iterative,0.4864201319625595,0.05760709010339734
wikipedia,KFC_v2,iterative,0.4865735767991407,0.05760709010339734
wikipedia,KFC_v2,iterative,0.48672702163572196,0.05760709010339734
wikipedia,KFC_v2,iterative,0.4868804664723032,0.05760709010339734
wikipedia,KFC_v2,iterative,0.48703391130888446,0.05760709010339734
wikipedia,KFC_v2,iterative,0.4871873561454657,0.05760709010339734
wikipedia,KFC_v2,iterative,0.48734080098204696,0.05760709010339734
wikipedia,KFC_v2,iterative,0.4874942458186282,0.05760709010339734
wikipedia,KFC_v2,iterative,0.48764769065520946,0.05760709010339734
wikipedia,KFC_v2,iterative,0.4878011354917907,0.05760709010339734
wikipedia,KFC_v2,iterative,0.48795458032837197,0.05760709010339734
wikipedia,KFC_v2,iterative,0.4881080251649532,0.05760709010339734
wikipedia,KFC_v2,iterative,0.48826147000153447,0.05760709010339734
wikipedia,KFC_v2,iterative,0.4884149148381157,0.05760709010339734
wikipedia,KFC_v2,iterative,0.488568359674697,0.05760709010339734
wikipedia,KFC_v2,iterative,0.4887218045112782,0.05760709010339734
wikipedia,KFC_v2,iterative,0.4888752493478595,0.05760709010339734
wikipedia,KFC_v2,iterative,0.4890286941844407,0.05760709010339734
wikipedia,KFC_v2,iterative,0.489182139021022,0.05760709010339734
wikipedia,KFC_v2,iterative,0.48933558385760323,0.05760709010339734
wikipedia,KFC_v2,iterative,0.4894890286941845,0.05760709010339734
wikipedia,KFC_v2,iterative,0.48964247353076573,0.05760709010339734
wikipedia,KFC_v2,iterative,0.489795918367347,0.05760709010339734
wikipedia,KFC_v2,iterative,0.48994936320392823,0.05760709010339734
wikipedia,KFC_v2,iterative,0.4901028080405095,0.05760709010339734
wikipedia,KFC_v2,iterative,0.49025625287709074,0.05760709010339734
wikipedia,KFC_v2,iterative,0.49040969771367193,0.05760709010339734
wikipedia,KFC_v2,iterative,0.4905631425502532,0.05760709010339734
wikipedia,KFC_v2,iterative,0.49071658738683444,0.05760709010339734
wikipedia,KFC_v2,iterative,0.4908700322234157,0.05760709010339734
wikipedia,KFC_v2,iterative,0.49102347705999694,0.05760709010339734
wikipedia,KFC_v2,iterative,0.4911769218965782,0.05760709010339734
wikipedia,KFC_v2,iterative,0.49133036673315944,0.05760709010339734
wikipedia,KFC_v2,iterative,0.4914838115697407,0.05760709010339734
wikipedia,KFC_v2,iterative,0.49163725640632194,0.05760709010339734
wikipedia,KFC_v2,iterative,0.4917907012429032,0.05760709010339734
wikipedia,KFC_v2,iterative,0.49194414607948445,0.05760709010339734
wikipedia,KFC_v2,iterative,0.4920975909160657,0.05760709010339734
wikipedia,KFC_v2,iterative,0.49225103575264695,0.05760709010339734
wikipedia,KFC_v2,iterative,0.4924044805892282,0.05760709010339734
wikipedia,KFC_v2,iterative,0.49255792542580945,0.05760709010339734
wikipedia,KFC_v2,iterative,0.4927113702623907,0.05760709010339734
wikipedia,KFC_v2,iterative,0.49286481509897195,0.05760709010339734
wikipedia,KFC_v2,iterative,0.4930182599355532,0.05760709010339734
wikipedia,KFC_v2,iterative,0.49317170477213446,0.05760709010339734
wikipedia,KFC_v2,iterative,0.4933251496087157,0.05760709010339734
wikipedia,KFC_v2,iterative,0.49347859444529696,0.05760709010339734
wikipedia,KFC_v2,iterative,0.4936320392818782,0.05760709010339734
wikipedia,KFC_v2,iterative,0.49378548411845946,0.05760709010339734
wikipedia,KFC_v2,iterative,0.4939389289550407,0.05760709010339734
wikipedia,KFC_v2,iterative,0.49409237379162196,0.05760709010339734
wikipedia,KFC_v2,iterative,0.49424581862820316,0.05760709010339734
wikipedia,KFC_v2,iterative,0.4943992634647844,0.05760709010339734
wikipedia,KFC_v2,iterative,0.49455270830136566,0.05760709010339734
wikipedia,KFC_v2,iterative,0.4947061531379469,0.05760709010339734
wikipedia,KFC_v2,iterative,0.49485959797452816,0.05760709010339734
wikipedia,KFC_v2,iterative,0.4950130428111094,0.05760709010339734
wikipedia,KFC_v2,iterative,0.49516648764769067,0.05760709010339734
wikipedia,KFC_v2,iterative,0.4953199324842719,0.05760709010339734
wikipedia,KFC_v2,iterative,0.49547337732085317,0.05760709010339734
wikipedia,KFC_v2,iterative,0.4956268221574344,0.05760709010339734
wikipedia,KFC_v2,iterative,0.4957802669940157,0.05760709010339734
wikipedia,KFC_v2,iterative,0.4959337118305969,0.05760709010339734
wikipedia,KFC_v2,iterative,0.4960871566671782,0.05760709010339734
wikipedia,KFC_v2,iterative,0.4962406015037594,0.05760709010339734
wikipedia,KFC_v2,iterative,0.4963940463403407,0.05760709010339734
wikipedia,KFC_v2,iterative,0.49654749117692193,0.05760709010339734
wikipedia,KFC_v2,iterative,0.4967009360135032,0.05760709010339734
wikipedia,KFC_v2,iterative,0.49685438085008443,0.05760709010339734
wikipedia,KFC_v2,iterative,0.4970078256866657,0.05760709010339734
wikipedia,KFC_v2,iterative,0.49716127052324693,0.05760709010339734
wikipedia,KFC_v2,iterative,0.4973147153598282,0.05760709010339734
wikipedia,KFC_v2,iterative,0.49746816019640944,0.05760709010339734
wikipedia,KFC_v2,iterative,0.4976216050329907,0.05760709010339734
wikipedia,KFC_v2,iterative,0.49777504986957194,0.05760709010339734
wikipedia,KFC_v2,iterative,0.49792849470615314,0.05760709010339734
wikipedia,KFC_v2,iterative,0.4980819395427344,0.05760709010339734
wikipedia,KFC_v2,iterative,0.49823538437931564,0.05760709010339734
wikipedia,KFC_v2,iterative,0.4983888292158969,0.05760709010339734
wikipedia,KFC_v2,iterative,0.49854227405247814,0.05760709010339734
wikipedia,KFC_v2,iterative,0.4986957188890594,0.05760709010339734
wikipedia,KFC_v2,iterative,0.49884916372564064,0.05760709010339734
wikipedia,KFC_v2,iterative,0.4990026085622219,0.05760709010339734
wikipedia,KFC_v2,iterative,0.49915605339880315,0.05760709010339734
wikipedia,KFC_v2,iterative,0.4993094982353844,0.05760709010339734
wikipedia,KFC_v2,iterative,0.49946294307196565,0.05760709010339734
wikipedia,KFC_v2,iterative,0.4996163879085469,0.05760709010339734
wikipedia,KFC_v2,iterative,0.49976983274512815,0.05760709010339734
wikipedia,KFC_v2,iterative,0.4999232775817094,0.05760709010339734
wikipedia,KFC_v2,iterative,0.5000767224182906,0.05760709010339734
wikipedia,KFC_v2,iterative,0.5002301672548719,0.05760709010339734
wikipedia,KFC_v2,iterative,0.5003836120914531,0.05760709010339734
wikipedia,KFC_v2,iterative,0.5005370569280344,0.05760709010339734
wikipedia,KFC_v2,iterative,0.5006905017646156,0.05760709010339734
wikipedia,KFC_v2,iterative,0.5008439466011969,0.05760709010339734
wikipedia,KFC_v2,iterative,0.5009973914377781,0.05760709010339734
wikipedia,KFC_v2,iterative,0.5011508362743594,0.05760709010339734
wikipedia,KFC_v2,iterative,0.5013042811109406,0.05760709010339734
wikipedia,KFC_v2,iterative,0.5014577259475219,0.05760709010339734
wikipedia,KFC_v2,iterative,0.5016111707841031,0.05760709010339734
wikipedia,KFC_v2,iterative,0.5017646156206844,0.05760709010339734
wikipedia,KFC_v2,iterative,0.5019180604572656,0.05760709010339734
wikipedia,KFC_v2,iterative,0.5020715052938469,0.05760709010339734
wikipedia,KFC_v2,iterative,0.5022249501304281,0.05760709010339734
wikipedia,KFC_v2,iterative,0.5023783949670094,0.05760709010339734
wikipedia,KFC_v2,iterative,0.5025318398035906,0.05760709010339734
wikipedia,KFC_v2,iterative,0.5026852846401719,0.05760709010339734
wikipedia,KFC_v2,iterative,0.5028387294767531,0.05760709010339734
wikipedia,KFC_v2,iterative,0.5029921743133344,0.05760709010339734
wikipedia,KFC_v2,iterative,0.5031456191499156,0.05760709010339734
wikipedia,KFC_v2,iterative,0.5032990639864969,0.05760709010339734
wikipedia,KFC_v2,iterative,0.5034525088230781,0.05760709010339734
wikipedia,KFC_v2,iterative,0.5036059536596593,0.05760709010339734
wikipedia,KFC_v2,iterative,0.5037593984962406,0.05760709010339734
wikipedia,KFC_v2,iterative,0.5039128433328218,0.05760709010339734
wikipedia,KFC_v2,iterative,0.5040662881694031,0.05760709010339734
wikipedia,KFC_v2,iterative,0.5042197330059843,0.05760709010339734
wikipedia,KFC_v2,iterative,0.5043731778425656,0.05760709010339734
wikipedia,KFC_v2,iterative,0.5045266226791468,0.05760709010339734
wikipedia,KFC_v2,iterative,0.5046800675157281,0.05760709010339734
wikipedia,KFC_v2,iterative,0.5048335123523093,0.05760709010339734
wikipedia,KFC_v2,iterative,0.5049869571888906,0.05760709010339734
wikipedia,KFC_v2,iterative,0.5051404020254718,0.05760709010339734
wikipedia,KFC_v2,iterative,0.5052938468620531,0.05760709010339734
wikipedia,KFC_v2,iterative,0.5054472916986343,0.05760709010339734
wikipedia,KFC_v2,iterative,0.5056007365352156,0.05760709010339734
wikipedia,KFC_v2,iterative,0.5057541813717968,0.05760709010339734
wikipedia,KFC_v2,iterative,0.5059076262083781,0.05760709010339734
wikipedia,KFC_v2,iterative,0.5060610710449593,0.05760709010339734
wikipedia,KFC_v2,iterative,0.5062145158815406,0.05760709010339734
wikipedia,KFC_v2,iterative,0.5063679607181218,0.05760709010339734
wikipedia,KFC_v2,iterative,0.5065214055547032,0.05760709010339734
wikipedia,KFC_v2,iterative,0.5066748503912843,0.05760709010339734
wikipedia,KFC_v2,iterative,0.5068282952278657,0.05760709010339734
wikipedia,KFC_v2,iterative,0.5069817400644469,0.05760709010339734
wikipedia,KFC_v2,iterative,0.5071351849010282,0.05760709010339734
wikipedia,KFC_v2,iterative,0.5072886297376094,0.05760709010339734
wikipedia,KFC_v2,iterative,0.5074420745741905,0.05760709010339734
wikipedia,KFC_v2,iterative,0.5075955194107719,0.05760709010339734
wikipedia,KFC_v2,iterative,0.507748964247353,0.05760709010339734
wikipedia,KFC_v2,iterative,0.5079024090839344,0.05760709010339734
wikipedia,KFC_v2,iterative,0.5080558539205156,0.05760709010339734
wikipedia,KFC_v2,iterative,0.5082092987570969,0.05760709010339734
wikipedia,KFC_v2,iterative,0.5083627435936781,0.05760709010339734
wikipedia,KFC_v2,iterative,0.5085161884302594,0.05760709010339734
wikipedia,KFC_v2,iterative,0.5086696332668406,0.05760709010339734
wikipedia,KFC_v2,iterative,0.5088230781034219,0.05760709010339734
wikipedia,KFC_v2,iterative,0.5089765229400031,0.05760709010339734
wikipedia,KFC_v2,iterative,0.5091299677765844,0.05760709010339734
wikipedia,KFC_v2,iterative,0.5092834126131656,0.05760709010339734
wikipedia,KFC_v2,iterative,0.5094368574497469,0.05760709010339734
wikipedia,KFC_v2,iterative,0.5095903022863281,0.05760709010339734
wikipedia,KFC_v2,iterative,0.5097437471229094,0.05760709010339734
wikipedia,KFC_v2,iterative,0.5098971919594906,0.05760709010339734
wikipedia,KFC_v2,iterative,0.5100506367960719,0.05760709010339734
wikipedia,KFC_v2,iterative,0.5102040816326531,0.05760709010339734
wikipedia,KFC_v2,iterative,0.5103575264692344,0.05760709010339734
wikipedia,KFC_v2,iterative,0.5105109713058156,0.05760709010339734
wikipedia,KFC_v2,iterative,0.5106644161423969,0.05760709010339734
wikipedia,KFC_v2,iterative,0.5108178609789781,0.056129985228951254
wikipedia,KFC_v2,iterative,0.5109713058155594,0.056129985228951254
wikipedia,KFC_v2,iterative,0.5111247506521406,0.056129985228951254
wikipedia,KFC_v2,iterative,0.5112781954887218,0.056129985228951254
wikipedia,KFC_v2,iterative,0.5114316403253031,0.056129985228951254
wikipedia,KFC_v2,iterative,0.5115850851618843,0.056129985228951254
wikipedia,KFC_v2,iterative,0.5117385299984656,0.056129985228951254
wikipedia,KFC_v2,iterative,0.5118919748350468,0.056129985228951254
wikipedia,KFC_v2,iterative,0.5120454196716281,0.056129985228951254
wikipedia,KFC_v2,iterative,0.5121988645082093,0.056129985228951254
wikipedia,KFC_v2,iterative,0.5123523093447906,0.056129985228951254
wikipedia,KFC_v2,iterative,0.5125057541813718,0.056129985228951254
wikipedia,KFC_v2,iterative,0.5126591990179531,0.056129985228951254
wikipedia,KFC_v2,iterative,0.5128126438545343,0.056129985228951254
wikipedia,KFC_v2,iterative,0.5129660886911156,0.053175775480059084
wikipedia,KFC_v2,iterative,0.5131195335276968,0.053175775480059084
wikipedia,KFC_v2,iterative,0.5132729783642781,0.053175775480059084
wikipedia,KFC_v2,iterative,0.5134264232008593,0.053175775480059084
wikipedia,KFC_v2,iterative,0.5135798680374406,0.053175775480059084
wikipedia,KFC_v2,iterative,0.5137333128740218,0.053175775480059084
wikipedia,KFC_v2,iterative,0.5138867577106031,0.053175775480059084
wikipedia,KFC_v2,iterative,0.5140402025471843,0.053175775480059084
wikipedia,KFC_v2,iterative,0.5141936473837656,0.053175775480059084
wikipedia,KFC_v2,iterative,0.5143470922203468,0.053175775480059084
wikipedia,KFC_v2,iterative,0.5145005370569281,0.053175775480059084
wikipedia,KFC_v2,iterative,0.5146539818935093,0.053175775480059084
wikipedia,KFC_v2,iterative,0.5148074267300906,0.053175775480059084
wikipedia,KFC_v2,iterative,0.5149608715666718,0.053175775480059084
wikipedia,KFC_v2,iterative,0.515114316403253,0.053175775480059084
wikipedia,KFC_v2,iterative,0.5152677612398343,0.053175775480059084
wikipedia,KFC_v2,iterative,0.5154212060764155,0.053175775480059084
wikipedia,KFC_v2,iterative,0.5155746509129968,0.053175775480059084
wikipedia,KFC_v2,iterative,0.515728095749578,0.053175775480059084
wikipedia,KFC_v2,iterative,0.5158815405861593,0.053175775480059084
wikipedia,KFC_v2,iterative,0.5160349854227405,0.053175775480059084
wikipedia,KFC_v2,iterative,0.5161884302593218,0.053175775480059084
wikipedia,KFC_v2,iterative,0.516341875095903,0.053175775480059084
wikipedia,KFC_v2,iterative,0.5164953199324843,0.053175775480059084
wikipedia,KFC_v2,iterative,0.5166487647690655,0.053175775480059084
wikipedia,KFC_v2,iterative,0.5168022096056468,0.053175775480059084
wikipedia,KFC_v2,iterative,0.516955654442228,0.053175775480059084
wikipedia,KFC_v2,iterative,0.5171090992788093,0.053175775480059084
wikipedia,KFC_v2,iterative,0.5172625441153905,0.053175775480059084
wikipedia,KFC_v2,iterative,0.5174159889519718,0.053175775480059084
wikipedia,KFC_v2,iterative,0.517569433788553,0.053175775480059084
wikipedia,KFC_v2,iterative,0.5177228786251343,0.053175775480059084
wikipedia,KFC_v2,iterative,0.5178763234617155,0.053175775480059084
wikipedia,KFC_v2,iterative,0.5180297682982968,0.053175775480059084
wikipedia,KFC_v2,iterative,0.518183213134878,0.053175775480059084
wikipedia,KFC_v2,iterative,0.5183366579714593,0.053175775480059084
wikipedia,KFC_v2,iterative,0.5184901028080405,0.053175775480059084
wikipedia,KFC_v2,iterative,0.5186435476446218,0.053175775480059084
wikipedia,KFC_v2,iterative,0.518796992481203,0.053175775480059084
wikipedia,KFC_v2,iterative,0.5189504373177842,0.053175775480059084
wikipedia,KFC_v2,iterative,0.5191038821543655,0.053175775480059084
wikipedia,KFC_v2,iterative,0.5192573269909467,0.053175775480059084
wikipedia,KFC_v2,iterative,0.519410771827528,0.053175775480059084
wikipedia,KFC_v2,iterative,0.5195642166641092,0.053175775480059084
wikipedia,KFC_v2,iterative,0.5197176615006905,0.053175775480059084
wikipedia,KFC_v2,iterative,0.5198711063372717,0.053175775480059084
wikipedia,KFC_v2,iterative,0.520024551173853,0.053175775480059084
wikipedia,KFC_v2,iterative,0.5201779960104342,0.053175775480059084
wikipedia,KFC_v2,iterative,0.5203314408470155,0.053175775480059084
wikipedia,KFC_v2,iterative,0.5204848856835967,0.053175775480059084
wikipedia,KFC_v2,iterative,0.520638330520178,0.053175775480059084
wikipedia,KFC_v2,iterative,0.5207917753567592,0.053175775480059084
wikipedia,KFC_v2,iterative,0.5209452201933406,0.053175775480059084
wikipedia,KFC_v2,iterative,0.5210986650299217,0.053175775480059084
wikipedia,KFC_v2,iterative,0.521252109866503,0.053175775480059084
wikipedia,KFC_v2,iterative,0.5214055547030843,0.053175775480059084
wikipedia,KFC_v2,iterative,0.5215589995396656,0.053175775480059084
wikipedia,KFC_v2,iterative,0.5217124443762468,0.053175775480059084
wikipedia,KFC_v2,iterative,0.5218658892128281,0.053175775480059084
wikipedia,KFC_v2,iterative,0.5220193340494093,0.053175775480059084
wikipedia,KFC_v2,iterative,0.5221727788859906,0.053175775480059084
wikipedia,KFC_v2,iterative,0.5223262237225718,0.053175775480059084
wikipedia,KFC_v2,iterative,0.5224796685591531,0.053175775480059084
wikipedia,KFC_v2,iterative,0.5226331133957343,0.053175775480059084
wikipedia,KFC_v2,iterative,0.5227865582323155,0.053175775480059084
wikipedia,KFC_v2,iterative,0.5229400030688968,0.053175775480059084
wikipedia,KFC_v2,iterative,0.523093447905478,0.053175775480059084
wikipedia,KFC_v2,iterative,0.5232468927420593,0.053175775480059084
wikipedia,KFC_v2,iterative,0.5234003375786405,0.053175775480059084
wikipedia,KFC_v2,iterative,0.5235537824152218,0.053175775480059084
wikipedia,KFC_v2,iterative,0.523707227251803,0.053175775480059084
wikipedia,KFC_v2,iterative,0.5238606720883843,0.053175775480059084
wikipedia,KFC_v2,iterative,0.5240141169249655,0.053175775480059084
wikipedia,KFC_v2,iterative,0.5241675617615468,0.053175775480059084
wikipedia,KFC_v2,iterative,0.524321006598128,0.053175775480059084
wikipedia,KFC_v2,iterative,0.5244744514347093,0.053175775480059084
wikipedia,KFC_v2,iterative,0.5246278962712905,0.053175775480059084
wikipedia,KFC_v2,iterative,0.5247813411078718,0.053175775480059084
wikipedia,KFC_v2,iterative,0.524934785944453,0.053175775480059084
wikipedia,KFC_v2,iterative,0.5250882307810343,0.053175775480059084
wikipedia,KFC_v2,iterative,0.5252416756176155,0.053175775480059084
wikipedia,KFC_v2,iterative,0.5253951204541968,0.053175775480059084
wikipedia,KFC_v2,iterative,0.525548565290778,0.053175775480059084
wikipedia,KFC_v2,iterative,0.5257020101273593,0.053175775480059084
wikipedia,KFC_v2,iterative,0.5258554549639405,0.053175775480059084
wikipedia,KFC_v2,iterative,0.5260088998005218,0.053175775480059084
wikipedia,KFC_v2,iterative,0.526162344637103,0.053175775480059084
wikipedia,KFC_v2,iterative,0.5263157894736842,0.053175775480059084
wikipedia,KFC_v2,iterative,0.5264692343102655,0.053175775480059084
wikipedia,KFC_v2,iterative,0.5266226791468467,0.053175775480059084
wikipedia,KFC_v2,iterative,0.526776123983428,0.053175775480059084
wikipedia,KFC_v2,iterative,0.5269295688200092,0.053175775480059084
wikipedia,KFC_v2,iterative,0.5270830136565905,0.053175775480059084
wikipedia,KFC_v2,iterative,0.5272364584931717,0.053175775480059084
wikipedia,KFC_v2,iterative,0.527389903329753,0.053175775480059084
wikipedia,KFC_v2,iterative,0.5275433481663342,0.053175775480059084
wikipedia,KFC_v2,iterative,0.5276967930029155,0.053175775480059084
wikipedia,KFC_v2,iterative,0.5278502378394967,0.053175775480059084
wikipedia,KFC_v2,iterative,0.528003682676078,0.053175775480059084
wikipedia,KFC_v2,iterative,0.5281571275126592,0.053175775480059084
wikipedia,KFC_v2,iterative,0.5283105723492405,0.053175775480059084
wikipedia,KFC_v2,iterative,0.5284640171858217,0.053175775480059084
wikipedia,KFC_v2,iterative,0.528617462022403,0.053175775480059084
wikipedia,KFC_v2,iterative,0.5287709068589842,0.053175775480059084
wikipedia,KFC_v2,iterative,0.5289243516955655,0.053175775480059084
wikipedia,KFC_v2,iterative,0.5290777965321467,0.053175775480059084
wikipedia,KFC_v2,iterative,0.529231241368728,0.053175775480059084
wikipedia,KFC_v2,iterative,0.5293846862053092,0.053175775480059084
wikipedia,KFC_v2,iterative,0.5295381310418905,0.053175775480059084
wikipedia,KFC_v2,iterative,0.5296915758784717,0.053175775480059084
wikipedia,KFC_v2,iterative,0.529845020715053,0.053175775480059084
wikipedia,KFC_v2,iterative,0.5299984655516342,0.053175775480059084
wikipedia,KFC_v2,iterative,0.5301519103882154,0.053175775480059084
wikipedia,KFC_v2,iterative,0.5303053552247967,0.053175775480059084
wikipedia,KFC_v2,iterative,0.5304588000613779,0.053175775480059084
wikipedia,KFC_v2,iterative,0.5306122448979592,0.053175775480059084
wikipedia,KFC_v2,iterative,0.5307656897345404,0.053175775480059084
wikipedia,KFC_v2,iterative,0.5309191345711217,0.053175775480059084
wikipedia,KFC_v2,iterative,0.5310725794077029,0.053175775480059084
wikipedia,KFC_v2,iterative,0.5312260242442842,0.053175775480059084
wikipedia,KFC_v2,iterative,0.5313794690808654,0.053175775480059084
wikipedia,KFC_v2,iterative,0.5315329139174467,0.053175775480059084
wikipedia,KFC_v2,iterative,0.5316863587540279,0.053175775480059084
wikipedia,KFC_v2,iterative,0.5318398035906092,0.053175775480059084
wikipedia,KFC_v2,iterative,0.5319932484271904,0.053175775480059084
wikipedia,KFC_v2,iterative,0.5321466932637717,0.053175775480059084
wikipedia,KFC_v2,iterative,0.5323001381003529,0.053175775480059084
wikipedia,KFC_v2,iterative,0.5324535829369342,0.053175775480059084
wikipedia,KFC_v2,iterative,0.5326070277735154,0.053175775480059084
wikipedia,KFC_v2,iterative,0.5327604726100967,0.053175775480059084
wikipedia,KFC_v2,iterative,0.5329139174466779,0.053175775480059084
wikipedia,KFC_v2,iterative,0.5330673622832592,0.053175775480059084
wikipedia,KFC_v2,iterative,0.5332208071198404,0.053175775480059084
wikipedia,KFC_v2,iterative,0.5333742519564217,0.053175775480059084
wikipedia,KFC_v2,iterative,0.5335276967930029,0.053175775480059084
wikipedia,KFC_v2,iterative,0.5336811416295842,0.053175775480059084
wikipedia,KFC_v2,iterative,0.5338345864661654,0.053175775480059084
wikipedia,KFC_v2,iterative,0.5339880313027466,0.053175775480059084
wikipedia,KFC_v2,iterative,0.5341414761393279,0.053175775480059084
wikipedia,KFC_v2,iterative,0.5342949209759091,0.053175775480059084
wikipedia,KFC_v2,iterative,0.5344483658124904,0.053175775480059084
wikipedia,KFC_v2,iterative,0.5346018106490716,0.053175775480059084
wikipedia,KFC_v2,iterative,0.534755255485653,0.053175775480059084
wikipedia,KFC_v2,iterative,0.5349087003222341,0.053175775480059084
wikipedia,KFC_v2,iterative,0.5350621451588154,0.053175775480059084
wikipedia,KFC_v2,iterative,0.5352155899953966,0.053175775480059084
wikipedia,KFC_v2,iterative,0.535369034831978,0.053175775480059084
wikipedia,KFC_v2,iterative,0.5355224796685591,0.053175775480059084
wikipedia,KFC_v2,iterative,0.5356759245051405,0.053175775480059084
wikipedia,KFC_v2,iterative,0.5358293693417217,0.053175775480059084
wikipedia,KFC_v2,iterative,0.535982814178303,0.053175775480059084
wikipedia,KFC_v2,iterative,0.5361362590148842,0.053175775480059084
wikipedia,KFC_v2,iterative,0.5362897038514655,0.053175775480059084
wikipedia,KFC_v2,iterative,0.5364431486880467,0.053175775480059084
wikipedia,KFC_v2,iterative,0.536596593524628,0.053175775480059084
wikipedia,KFC_v2,iterative,0.5367500383612092,0.053175775480059084
wikipedia,KFC_v2,iterative,0.5369034831977905,0.053175775480059084
wikipedia,KFC_v2,iterative,0.5370569280343717,0.053175775480059084
wikipedia,KFC_v2,iterative,0.537210372870953,0.053175775480059084
wikipedia,KFC_v2,iterative,0.5373638177075342,0.053175775480059084
wikipedia,KFC_v2,iterative,0.5375172625441155,0.053175775480059084
wikipedia,KFC_v2,iterative,0.5376707073806967,0.053175775480059084
wikipedia,KFC_v2,iterative,0.5378241522172779,0.053175775480059084
wikipedia,KFC_v2,iterative,0.5379775970538592,0.053175775480059084
wikipedia,KFC_v2,iterative,0.5381310418904404,0.053175775480059084
wikipedia,KFC_v2,iterative,0.5382844867270217,0.051698670605613
wikipedia,KFC_v2,iterative,0.5384379315636029,0.051698670605613
wikipedia,KFC_v2,iterative,0.5385913764001842,0.051698670605613
wikipedia,KFC_v2,iterative,0.5387448212367654,0.051698670605613
wikipedia,KFC_v2,iterative,0.5388982660733467,0.051698670605613
wikipedia,KFC_v2,iterative,0.5390517109099279,0.051698670605613
wikipedia,KFC_v2,iterative,0.5392051557465092,0.051698670605613
wikipedia,KFC_v2,iterative,0.5393586005830904,0.051698670605613
wikipedia,KFC_v2,iterative,0.5395120454196717,0.051698670605613
wikipedia,KFC_v2,iterative,0.5396654902562529,0.051698670605613
wikipedia,KFC_v2,iterative,0.5398189350928342,0.051698670605613
wikipedia,KFC_v2,iterative,0.5399723799294154,0.051698670605613
wikipedia,KFC_v2,iterative,0.5401258247659967,0.051698670605613
wikipedia,KFC_v2,iterative,0.5402792696025779,0.051698670605613
wikipedia,KFC_v2,iterative,0.5404327144391592,0.051698670605613
wikipedia,KFC_v2,iterative,0.5405861592757404,0.051698670605613
wikipedia,KFC_v2,iterative,0.5407396041123217,0.051698670605613
wikipedia,KFC_v2,iterative,0.5408930489489029,0.051698670605613
wikipedia,KFC_v2,iterative,0.5410464937854842,0.051698670605613
wikipedia,KFC_v2,iterative,0.5411999386220654,0.051698670605613
wikipedia,KFC_v2,iterative,0.5413533834586467,0.051698670605613
wikipedia,KFC_v2,iterative,0.5415068282952279,0.051698670605613
wikipedia,KFC_v2,iterative,0.5416602731318091,0.051698670605613
wikipedia,KFC_v2,iterative,0.5418137179683904,0.051698670605613
wikipedia,KFC_v2,iterative,0.5419671628049716,0.051698670605613
wikipedia,KFC_v2,iterative,0.5421206076415529,0.051698670605613
wikipedia,KFC_v2,iterative,0.5422740524781341,0.051698670605613
wikipedia,KFC_v2,iterative,0.5424274973147154,0.051698670605613
wikipedia,KFC_v2,iterative,0.5425809421512966,0.051698670605613
wikipedia,KFC_v2,iterative,0.5427343869878779,0.051698670605613
wikipedia,KFC_v2,iterative,0.5428878318244591,0.051698670605613
wikipedia,KFC_v2,iterative,0.5430412766610404,0.051698670605613
wikipedia,KFC_v2,iterative,0.5431947214976216,0.051698670605613
wikipedia,KFC_v2,iterative,0.5433481663342029,0.051698670605613
wikipedia,KFC_v2,iterative,0.5435016111707841,0.051698670605613
wikipedia,KFC_v2,iterative,0.5436550560073654,0.051698670605613
wikipedia,KFC_v2,iterative,0.5438085008439466,0.051698670605613
wikipedia,KFC_v2,iterative,0.5439619456805279,0.051698670605613
wikipedia,KFC_v2,iterative,0.5441153905171091,0.051698670605613
wikipedia,KFC_v2,iterative,0.5442688353536904,0.051698670605613
wikipedia,KFC_v2,iterative,0.5444222801902716,0.051698670605613
wikipedia,KFC_v2,iterative,0.5445757250268529,0.051698670605613
wikipedia,KFC_v2,iterative,0.5447291698634341,0.051698670605613
wikipedia,KFC_v2,iterative,0.5448826147000154,0.051698670605613
wikipedia,KFC_v2,iterative,0.5450360595365966,0.051698670605613
wikipedia,KFC_v2,iterative,0.5451895043731779,0.051698670605613
wikipedia,KFC_v2,iterative,0.5453429492097591,0.051698670605613
wikipedia,KFC_v2,iterative,0.5454963940463403,0.051698670605613
wikipedia,KFC_v2,iterative,0.5456498388829216,0.051698670605613
wikipedia,KFC_v2,iterative,0.5458032837195028,0.051698670605613
wikipedia,KFC_v2,iterative,0.5459567285560841,0.051698670605613
wikipedia,KFC_v2,iterative,0.5461101733926653,0.051698670605613
wikipedia,KFC_v2,iterative,0.5462636182292466,0.051698670605613
wikipedia,KFC_v2,iterative,0.5464170630658278,0.051698670605613
wikipedia,KFC_v2,iterative,0.5465705079024091,0.051698670605613
wikipedia,KFC_v2,iterative,0.5467239527389903,0.051698670605613
wikipedia,KFC_v2,iterative,0.5468773975755716,0.051698670605613
wikipedia,KFC_v2,iterative,0.5470308424121528,0.051698670605613
wikipedia,KFC_v2,iterative,0.5471842872487341,0.051698670605613
wikipedia,KFC_v2,iterative,0.5473377320853153,0.051698670605613
wikipedia,KFC_v2,iterative,0.5474911769218966,0.051698670605613
wikipedia,KFC_v2,iterative,0.5476446217584778,0.051698670605613
wikipedia,KFC_v2,iterative,0.5477980665950591,0.051698670605613
wikipedia,KFC_v2,iterative,0.5479515114316403,0.051698670605613
wikipedia,KFC_v2,iterative,0.5481049562682216,0.051698670605613
wikipedia,KFC_v2,iterative,0.5482584011048028,0.051698670605613
wikipedia,KFC_v2,iterative,0.5484118459413841,0.051698670605613
wikipedia,KFC_v2,iterative,0.5485652907779653,0.051698670605613
wikipedia,KFC_v2,iterative,0.5487187356145466,0.051698670605613
wikipedia,KFC_v2,iterative,0.5488721804511278,0.051698670605613
wikipedia,KFC_v2,iterative,0.549025625287709,0.051698670605613
wikipedia,KFC_v2,iterative,0.5491790701242903,0.051698670605613
wikipedia,KFC_v2,iterative,0.5493325149608715,0.051698670605613
wikipedia,KFC_v2,iterative,0.5494859597974528,0.051698670605613
wikipedia,KFC_v2,iterative,0.549639404634034,0.051698670605613
wikipedia,KFC_v2,iterative,0.5497928494706154,0.051698670605613
wikipedia,KFC_v2,iterative,0.5499462943071965,0.051698670605613
wikipedia,KFC_v2,iterative,0.5500997391437779,0.051698670605613
wikipedia,KFC_v2,iterative,0.550253183980359,0.051698670605613
wikipedia,KFC_v2,iterative,0.5504066288169404,0.051698670605613
wikipedia,KFC_v2,iterative,0.5505600736535216,0.051698670605613
wikipedia,KFC_v2,iterative,0.5507135184901029,0.051698670605613
wikipedia,KFC_v2,iterative,0.5508669633266841,0.051698670605613
wikipedia,KFC_v2,iterative,0.5510204081632654,0.051698670605613
wikipedia,KFC_v2,iterative,0.5511738529998466,0.051698670605613
wikipedia,KFC_v2,iterative,0.5513272978364279,0.051698670605613
wikipedia,KFC_v2,iterative,0.5514807426730091,0.051698670605613
wikipedia,KFC_v2,iterative,0.5516341875095904,0.051698670605613
wikipedia,KFC_v2,iterative,0.5517876323461716,0.051698670605613
wikipedia,KFC_v2,iterative,0.5519410771827529,0.051698670605613
wikipedia,KFC_v2,iterative,0.5520945220193341,0.051698670605613
wikipedia,KFC_v2,iterative,0.5522479668559154,0.051698670605613
wikipedia,KFC_v2,iterative,0.5524014116924966,0.051698670605613
wikipedia,KFC_v2,iterative,0.5525548565290779,0.051698670605613
wikipedia,KFC_v2,iterative,0.5527083013656591,0.051698670605613
wikipedia,KFC_v2,iterative,0.5528617462022403,0.051698670605613
wikipedia,KFC_v2,iterative,0.5530151910388216,0.051698670605613
wikipedia,KFC_v2,iterative,0.5531686358754028,0.051698670605613
wikipedia,KFC_v2,iterative,0.5533220807119841,0.051698670605613
wikipedia,KFC_v2,iterative,0.5534755255485653,0.051698670605613
wikipedia,KFC_v2,iterative,0.5536289703851466,0.051698670605613
wikipedia,KFC_v2,iterative,0.5537824152217278,0.051698670605613
wikipedia,KFC_v2,iterative,0.5539358600583091,0.051698670605613
wikipedia,KFC_v2,iterative,0.5540893048948903,0.051698670605613
wikipedia,KFC_v2,iterative,0.5542427497314716,0.051698670605613
wikipedia,KFC_v2,iterative,0.5543961945680528,0.051698670605613
wikipedia,KFC_v2,iterative,0.5545496394046341,0.051698670605613
wikipedia,KFC_v2,iterative,0.5547030842412153,0.051698670605613
wikipedia,KFC_v2,iterative,0.5548565290777966,0.051698670605613
wikipedia,KFC_v2,iterative,0.5550099739143778,0.051698670605613
wikipedia,KFC_v2,iterative,0.5551634187509591,0.051698670605613
wikipedia,KFC_v2,iterative,0.5553168635875403,0.051698670605613
wikipedia,KFC_v2,iterative,0.5554703084241216,0.051698670605613
wikipedia,KFC_v2,iterative,0.5556237532607028,0.051698670605613
wikipedia,KFC_v2,iterative,0.5557771980972841,0.051698670605613
wikipedia,KFC_v2,iterative,0.5559306429338653,0.051698670605613
wikipedia,KFC_v2,iterative,0.5560840877704466,0.051698670605613
wikipedia,KFC_v2,iterative,0.5562375326070278,0.051698670605613
wikipedia,KFC_v2,iterative,0.5563909774436091,0.051698670605613
wikipedia,KFC_v2,iterative,0.5565444222801903,0.051698670605613
wikipedia,KFC_v2,iterative,0.5566978671167715,0.051698670605613
wikipedia,KFC_v2,iterative,0.5568513119533528,0.051698670605613
wikipedia,KFC_v2,iterative,0.557004756789934,0.051698670605613
wikipedia,KFC_v2,iterative,0.5571582016265153,0.051698670605613
wikipedia,KFC_v2,iterative,0.5573116464630965,0.051698670605613
wikipedia,KFC_v2,iterative,0.5574650912996778,0.051698670605613
wikipedia,KFC_v2,iterative,0.557618536136259,0.051698670605613
wikipedia,KFC_v2,iterative,0.5577719809728403,0.051698670605613
wikipedia,KFC_v2,iterative,0.5579254258094215,0.051698670605613
wikipedia,KFC_v2,iterative,0.5580788706460028,0.051698670605613
wikipedia,KFC_v2,iterative,0.558232315482584,0.051698670605613
wikipedia,KFC_v2,iterative,0.5583857603191653,0.051698670605613
wikipedia,KFC_v2,iterative,0.5585392051557465,0.051698670605613
wikipedia,KFC_v2,iterative,0.5586926499923278,0.051698670605613
wikipedia,KFC_v2,iterative,0.558846094828909,0.051698670605613
wikipedia,KFC_v2,iterative,0.5589995396654903,0.051698670605613
wikipedia,KFC_v2,iterative,0.5591529845020715,0.051698670605613
wikipedia,KFC_v2,iterative,0.5593064293386528,0.051698670605613
wikipedia,KFC_v2,iterative,0.559459874175234,0.051698670605613
wikipedia,KFC_v2,iterative,0.5596133190118153,0.051698670605613
wikipedia,KFC_v2,iterative,0.5597667638483965,0.051698670605613
wikipedia,KFC_v2,iterative,0.5599202086849778,0.051698670605613
wikipedia,KFC_v2,iterative,0.560073653521559,0.051698670605613
wikipedia,KFC_v2,iterative,0.5602270983581403,0.051698670605613
wikipedia,KFC_v2,iterative,0.5603805431947215,0.051698670605613
wikipedia,KFC_v2,iterative,0.5605339880313027,0.051698670605613
wikipedia,KFC_v2,iterative,0.560687432867884,0.051698670605613
wikipedia,KFC_v2,iterative,0.5608408777044652,0.051698670605613
wikipedia,KFC_v2,iterative,0.5609943225410465,0.051698670605613
wikipedia,KFC_v2,iterative,0.5611477673776277,0.051698670605613
wikipedia,KFC_v2,iterative,0.561301212214209,0.051698670605613
wikipedia,KFC_v2,iterative,0.5614546570507902,0.051698670605613
wikipedia,KFC_v2,iterative,0.5616081018873715,0.051698670605613
wikipedia,KFC_v2,iterative,0.5617615467239527,0.051698670605613
wikipedia,KFC_v2,iterative,0.561914991560534,0.051698670605613
wikipedia,KFC_v2,iterative,0.5620684363971152,0.051698670605613
wikipedia,KFC_v2,iterative,0.5622218812336965,0.051698670605613
wikipedia,KFC_v2,iterative,0.5623753260702777,0.051698670605613
wikipedia,KFC_v2,iterative,0.562528770906859,0.051698670605613
wikipedia,KFC_v2,iterative,0.5626822157434402,0.051698670605613
wikipedia,KFC_v2,iterative,0.5628356605800215,0.051698670605613
wikipedia,KFC_v2,iterative,0.5629891054166027,0.051698670605613
wikipedia,KFC_v2,iterative,0.563142550253184,0.051698670605613
wikipedia,KFC_v2,iterative,0.5632959950897652,0.051698670605613
wikipedia,KFC_v2,iterative,0.5634494399263466,0.051698670605613
wikipedia,KFC_v2,iterative,0.5636028847629277,0.051698670605613
wikipedia,KFC_v2,iterative,0.563756329599509,0.051698670605613
wikipedia,KFC_v2,iterative,0.5639097744360902,0.051698670605613
wikipedia,KFC_v2,iterative,0.5640632192726716,0.051698670605613
wikipedia,KFC_v2,iterative,0.5642166641092528,0.051698670605613
wikipedia,KFC_v2,iterative,0.564370108945834,0.051698670605613
wikipedia,KFC_v2,iterative,0.5645235537824153,0.051698670605613
wikipedia,KFC_v2,iterative,0.5646769986189965,0.051698670605613
wikipedia,KFC_v2,iterative,0.5648304434555778,0.051698670605613
wikipedia,KFC_v2,iterative,0.564983888292159,0.051698670605613
wikipedia,KFC_v2,iterative,0.5651373331287403,0.051698670605613
wikipedia,KFC_v2,iterative,0.5652907779653215,0.051698670605613
wikipedia,KFC_v2,iterative,0.5654442228019028,0.04579025110782865
wikipedia,KFC_v2,iterative,0.565597667638484,0.04579025110782865
wikipedia,KFC_v2,iterative,0.5657511124750653,0.04579025110782865
wikipedia,KFC_v2,iterative,0.5659045573116465,0.04579025110782865
wikipedia,KFC_v2,iterative,0.5660580021482278,0.04579025110782865
wikipedia,KFC_v2,iterative,0.566211446984809,0.04579025110782865
wikipedia,KFC_v2,iterative,0.5663648918213903,0.04579025110782865
wikipedia,KFC_v2,iterative,0.5665183366579715,0.04579025110782865
wikipedia,KFC_v2,iterative,0.5666717814945528,0.04579025110782865
wikipedia,KFC_v2,iterative,0.566825226331134,0.04579025110782865
wikipedia,KFC_v2,iterative,0.5669786711677153,0.04579025110782865
wikipedia,KFC_v2,iterative,0.5671321160042965,0.04579025110782865
wikipedia,KFC_v2,iterative,0.5672855608408778,0.04579025110782865
wikipedia,KFC_v2,iterative,0.567439005677459,0.04579025110782865
wikipedia,KFC_v2,iterative,0.5675924505140403,0.04579025110782865
wikipedia,KFC_v2,iterative,0.5677458953506215,0.04579025110782865
wikipedia,KFC_v2,iterative,0.5678993401872028,0.04579025110782865
wikipedia,KFC_v2,iterative,0.568052785023784,0.04579025110782865
wikipedia,KFC_v2,iterative,0.5682062298603652,0.04579025110782865
wikipedia,KFC_v2,iterative,0.5683596746969465,0.04579025110782865
wikipedia,KFC_v2,iterative,0.5685131195335277,0.04579025110782865
wikipedia,KFC_v2,iterative,0.568666564370109,0.04579025110782865
wikipedia,KFC_v2,iterative,0.5688200092066902,0.04579025110782865
wikipedia,KFC_v2,iterative,0.5689734540432715,0.04579025110782865
wikipedia,KFC_v2,iterative,0.5691268988798527,0.04579025110782865
wikipedia,KFC_v2,iterative,0.569280343716434,0.04579025110782865
wikipedia,KFC_v2,iterative,0.5694337885530152,0.04579025110782865
wikipedia,KFC_v2,iterative,0.5695872333895965,0.04579025110782865
wikipedia,KFC_v2,iterative,0.5697406782261777,0.04579025110782865
wikipedia,KFC_v2,iterative,0.569894123062759,0.04579025110782865
wikipedia,KFC_v2,iterative,0.5700475678993402,0.04579025110782865
wikipedia,KFC_v2,iterative,0.5702010127359215,0.04579025110782865
wikipedia,KFC_v2,iterative,0.5703544575725027,0.04579025110782865
wikipedia,KFC_v2,iterative,0.570507902409084,0.04579025110782865
wikipedia,KFC_v2,iterative,0.5706613472456652,0.04579025110782865
wikipedia,KFC_v2,iterative,0.5708147920822465,0.04579025110782865
wikipedia,KFC_v2,iterative,0.5709682369188277,0.04579025110782865
wikipedia,KFC_v2,iterative,0.571121681755409,0.04579025110782865
wikipedia,KFC_v2,iterative,0.5712751265919902,0.04579025110782865
wikipedia,KFC_v2,iterative,0.5714285714285715,0.04579025110782865
wikipedia,KFC_v2,iterative,0.5715820162651527,0.04579025110782865
wikipedia,KFC_v2,iterative,0.5717354611017339,0.04579025110782865
wikipedia,KFC_v2,iterative,0.5718889059383152,0.04579025110782865
wikipedia,KFC_v2,iterative,0.5720423507748964,0.04579025110782865
wikipedia,KFC_v2,iterative,0.5721957956114777,0.04579025110782865
wikipedia,KFC_v2,iterative,0.5723492404480589,0.04579025110782865
wikipedia,KFC_v2,iterative,0.5725026852846402,0.04579025110782865
wikipedia,KFC_v2,iterative,0.5726561301212214,0.04579025110782865
wikipedia,KFC_v2,iterative,0.5728095749578027,0.04579025110782865
wikipedia,KFC_v2,iterative,0.5729630197943839,0.04579025110782865
wikipedia,KFC_v2,iterative,0.5731164646309652,0.04579025110782865
wikipedia,KFC_v2,iterative,0.5732699094675464,0.04579025110782865
wikipedia,KFC_v2,iterative,0.5734233543041277,0.04579025110782865
wikipedia,KFC_v2,iterative,0.5735767991407089,0.04579025110782865
wikipedia,KFC_v2,iterative,0.5737302439772902,0.04579025110782865
wikipedia,KFC_v2,iterative,0.5738836888138714,0.04579025110782865
wikipedia,KFC_v2,iterative,0.5740371336504527,0.04579025110782865
wikipedia,KFC_v2,iterative,0.5741905784870339,0.04579025110782865
wikipedia,KFC_v2,iterative,0.5743440233236152,0.04579025110782865
wikipedia,KFC_v2,iterative,0.5744974681601964,0.04579025110782865
wikipedia,KFC_v2,iterative,0.5746509129967777,0.04579025110782865
wikipedia,KFC_v2,iterative,0.5748043578333589,0.04579025110782865
wikipedia,KFC_v2,iterative,0.5749578026699402,0.04579025110782865
wikipedia,KFC_v2,iterative,0.5751112475065214,0.04579025110782865
wikipedia,KFC_v2,iterative,0.5752646923431027,0.04579025110782865
wikipedia,KFC_v2,iterative,0.5754181371796839,0.04579025110782865
wikipedia,KFC_v2,iterative,0.5755715820162651,0.04579025110782865
wikipedia,KFC_v2,iterative,0.5757250268528464,0.04579025110782865
wikipedia,KFC_v2,iterative,0.5758784716894276,0.04579025110782865
wikipedia,KFC_v2,iterative,0.5760319165260089,0.04579025110782865
wikipedia,KFC_v2,iterative,0.5761853613625901,0.04579025110782865
wikipedia,KFC_v2,iterative,0.5763388061991714,0.04579025110782865
wikipedia,KFC_v2,iterative,0.5764922510357526,0.04579025110782865
wikipedia,KFC_v2,iterative,0.5766456958723339,0.04579025110782865
wikipedia,KFC_v2,iterative,0.5767991407089151,0.04283604135893648
wikipedia,KFC_v2,iterative,0.5769525855454964,0.04283604135893648
wikipedia,KFC_v2,iterative,0.5771060303820776,0.04283604135893648
wikipedia,KFC_v2,iterative,0.577259475218659,0.04283604135893648
wikipedia,KFC_v2,iterative,0.5774129200552401,0.04283604135893648
wikipedia,KFC_v2,iterative,0.5775663648918214,0.04283604135893648
wikipedia,KFC_v2,iterative,0.5777198097284026,0.0413589364844904
wikipedia,KFC_v2,iterative,0.577873254564984,0.0413589364844904
wikipedia,KFC_v2,iterative,0.5780266994015651,0.0413589364844904
wikipedia,KFC_v2,iterative,0.5781801442381465,0.0413589364844904
wikipedia,KFC_v2,iterative,0.5783335890747276,0.0413589364844904
wikipedia,KFC_v2,iterative,0.578487033911309,0.0413589364844904
wikipedia,KFC_v2,iterative,0.5786404787478902,0.0413589364844904
wikipedia,KFC_v2,iterative,0.5787939235844715,0.0413589364844904
wikipedia,KFC_v2,iterative,0.5789473684210527,0.0413589364844904
wikipedia,KFC_v2,iterative,0.579100813257634,0.0413589364844904
wikipedia,KFC_v2,iterative,0.5792542580942152,0.0413589364844904
wikipedia,KFC_v2,iterative,0.5794077029307964,0.0413589364844904
wikipedia,KFC_v2,iterative,0.5795611477673777,0.0413589364844904
wikipedia,KFC_v2,iterative,0.5797145926039589,0.0413589364844904
wikipedia,KFC_v2,iterative,0.5798680374405402,0.0413589364844904
wikipedia,KFC_v2,iterative,0.5800214822771214,0.0413589364844904
wikipedia,KFC_v2,iterative,0.5801749271137027,0.0413589364844904
wikipedia,KFC_v2,iterative,0.5803283719502839,0.0413589364844904
wikipedia,KFC_v2,iterative,0.5804818167868652,0.0413589364844904
wikipedia,KFC_v2,iterative,0.5806352616234464,0.0413589364844904
wikipedia,KFC_v2,iterative,0.5807887064600277,0.0413589364844904
wikipedia,KFC_v2,iterative,0.5809421512966089,0.0413589364844904
wikipedia,KFC_v2,iterative,0.5810955961331902,0.0413589364844904
wikipedia,KFC_v2,iterative,0.5812490409697714,0.0413589364844904
wikipedia,KFC_v2,iterative,0.5814024858063527,0.0413589364844904
wikipedia,KFC_v2,iterative,0.5815559306429339,0.0413589364844904
wikipedia,KFC_v2,iterative,0.5817093754795152,0.0413589364844904
wikipedia,KFC_v2,iterative,0.5818628203160964,0.03840472673559823
wikipedia,KFC_v2,iterative,0.5820162651526777,0.03840472673559823
wikipedia,KFC_v2,iterative,0.5821697099892589,0.03840472673559823
wikipedia,KFC_v2,iterative,0.5823231548258402,0.03840472673559823
wikipedia,KFC_v2,iterative,0.5824765996624214,0.03840472673559823
wikipedia,KFC_v2,iterative,0.5826300444990027,0.03840472673559823
wikipedia,KFC_v2,iterative,0.5827834893355839,0.03840472673559823
wikipedia,KFC_v2,iterative,0.5829369341721652,0.03840472673559823
wikipedia,KFC_v2,iterative,0.5830903790087464,0.03840472673559823
wikipedia,KFC_v2,iterative,0.5832438238453276,0.03840472673559823
wikipedia,KFC_v2,iterative,0.5833972686819089,0.03840472673559823
wikipedia,KFC_v2,iterative,0.5835507135184901,0.03840472673559823
wikipedia,KFC_v2,iterative,0.5837041583550714,0.03840472673559823
wikipedia,KFC_v2,iterative,0.5838576031916526,0.03840472673559823
wikipedia,KFC_v2,iterative,0.5840110480282339,0.03840472673559823
wikipedia,KFC_v2,iterative,0.5841644928648151,0.03840472673559823
wikipedia,KFC_v2,iterative,0.5843179377013964,0.03840472673559823
wikipedia,KFC_v2,iterative,0.5844713825379776,0.03840472673559823
wikipedia,KFC_v2,iterative,0.5846248273745589,0.03840472673559823
wikipedia,KFC_v2,iterative,0.5847782722111401,0.03840472673559823
wikipedia,KFC_v2,iterative,0.5849317170477214,0.03840472673559823
wikipedia,KFC_v2,iterative,0.5850851618843026,0.03840472673559823
wikipedia,KFC_v2,iterative,0.5852386067208839,0.03840472673559823
wikipedia,KFC_v2,iterative,0.5853920515574651,0.03840472673559823
wikipedia,KFC_v2,iterative,0.5855454963940464,0.03840472673559823
wikipedia,KFC_v2,iterative,0.5856989412306276,0.03840472673559823
wikipedia,KFC_v2,iterative,0.5858523860672089,0.03840472673559823
wikipedia,KFC_v2,iterative,0.5860058309037901,0.03840472673559823
wikipedia,KFC_v2,iterative,0.5861592757403714,0.03840472673559823
wikipedia,KFC_v2,iterative,0.5863127205769526,0.03840472673559823
wikipedia,KFC_v2,iterative,0.5864661654135339,0.03840472673559823
wikipedia,KFC_v2,iterative,0.5866196102501151,0.03840472673559823
wikipedia,KFC_v2,iterative,0.5867730550866964,0.03840472673559823
wikipedia,KFC_v2,iterative,0.5869264999232776,0.03840472673559823
wikipedia,KFC_v2,iterative,0.5870799447598588,0.03840472673559823
wikipedia,KFC_v2,iterative,0.5872333895964401,0.03840472673559823
wikipedia,KFC_v2,iterative,0.5873868344330213,0.03840472673559823
wikipedia,KFC_v2,iterative,0.5875402792696026,0.03840472673559823
wikipedia,KFC_v2,iterative,0.5876937241061838,0.03840472673559823
wikipedia,KFC_v2,iterative,0.5878471689427651,0.03840472673559823
wikipedia,KFC_v2,iterative,0.5880006137793463,0.03840472673559823
wikipedia,KFC_v2,iterative,0.5881540586159276,0.03840472673559823
wikipedia,KFC_v2,iterative,0.5883075034525088,0.03840472673559823
wikipedia,KFC_v2,iterative,0.5884609482890901,0.03840472673559823
wikipedia,KFC_v2,iterative,0.5886143931256713,0.03840472673559823
wikipedia,KFC_v2,iterative,0.5887678379622526,0.03840472673559823
wikipedia,KFC_v2,iterative,0.5889212827988338,0.03840472673559823
wikipedia,KFC_v2,iterative,0.5890747276354151,0.03840472673559823
wikipedia,KFC_v2,iterative,0.5892281724719963,0.03840472673559823
wikipedia,KFC_v2,iterative,0.5893816173085776,0.03840472673559823
wikipedia,KFC_v2,iterative,0.5895350621451588,0.03840472673559823
wikipedia,KFC_v2,iterative,0.5896885069817401,0.03840472673559823
wikipedia,KFC_v2,iterative,0.5898419518183213,0.03840472673559823
wikipedia,KFC_v2,iterative,0.5899953966549026,0.03840472673559823
wikipedia,KFC_v2,iterative,0.5901488414914838,0.03840472673559823
wikipedia,KFC_v2,iterative,0.5903022863280651,0.03840472673559823
wikipedia,KFC_v2,iterative,0.5904557311646463,0.03840472673559823
wikipedia,KFC_v2,iterative,0.5906091760012276,0.03840472673559823
wikipedia,KFC_v2,iterative,0.5907626208378088,0.03840472673559823
wikipedia,KFC_v2,iterative,0.59091606567439,0.03840472673559823
wikipedia,KFC_v2,iterative,0.5910695105109713,0.03840472673559823
wikipedia,KFC_v2,iterative,0.5912229553475525,0.03840472673559823
wikipedia,KFC_v2,iterative,0.5913764001841338,0.03840472673559823
wikipedia,KFC_v2,iterative,0.591529845020715,0.03840472673559823
wikipedia,KFC_v2,iterative,0.5916832898572963,0.03840472673559823
wikipedia,KFC_v2,iterative,0.5918367346938775,0.03840472673559823
wikipedia,KFC_v2,iterative,0.5919901795304588,0.03840472673559823
wikipedia,KFC_v2,iterative,0.59214362436704,0.03840472673559823
wikipedia,KFC_v2,iterative,0.5922970692036214,0.03840472673559823
wikipedia,KFC_v2,iterative,0.5924505140402025,0.03840472673559823
wikipedia,KFC_v2,iterative,0.5926039588767839,0.03840472673559823
wikipedia,KFC_v2,iterative,0.592757403713365,0.03840472673559823
wikipedia,KFC_v2,iterative,0.5929108485499464,0.03840472673559823
wikipedia,KFC_v2,iterative,0.5930642933865276,0.03840472673559823
wikipedia,KFC_v2,iterative,0.5932177382231089,0.03840472673559823
wikipedia,KFC_v2,iterative,0.59337118305969,0.03840472673559823
wikipedia,KFC_v2,iterative,0.5935246278962714,0.03840472673559823
wikipedia,KFC_v2,iterative,0.5936780727328526,0.03840472673559823
wikipedia,KFC_v2,iterative,0.5938315175694339,0.03840472673559823
wikipedia,KFC_v2,iterative,0.5939849624060151,0.03840472673559823
wikipedia,KFC_v2,iterative,0.5941384072425964,0.03840472673559823
wikipedia,KFC_v2,iterative,0.5942918520791776,0.03840472673559823
wikipedia,KFC_v2,iterative,0.5944452969157588,0.03840472673559823
wikipedia,KFC_v2,iterative,0.5945987417523401,0.03840472673559823
wikipedia,KFC_v2,iterative,0.5947521865889213,0.03840472673559823
wikipedia,KFC_v2,iterative,0.5949056314255026,0.03840472673559823
wikipedia,KFC_v2,iterative,0.5950590762620838,0.03840472673559823
wikipedia,KFC_v2,iterative,0.5952125210986651,0.03840472673559823
wikipedia,KFC_v2,iterative,0.5953659659352463,0.03840472673559823
wikipedia,KFC_v2,iterative,0.5955194107718276,0.03840472673559823
wikipedia,KFC_v2,iterative,0.5956728556084088,0.03840472673559823
wikipedia,KFC_v2,iterative,0.5958263004449901,0.03840472673559823
wikipedia,KFC_v2,iterative,0.5959797452815713,0.03840472673559823
wikipedia,KFC_v2,iterative,0.5961331901181526,0.03840472673559823
wikipedia,KFC_v2,iterative,0.5962866349547338,0.03840472673559823
wikipedia,KFC_v2,iterative,0.5964400797913151,0.03840472673559823
wikipedia,KFC_v2,iterative,0.5965935246278963,0.03840472673559823
wikipedia,KFC_v2,iterative,0.5967469694644776,0.03840472673559823
wikipedia,KFC_v2,iterative,0.5969004143010588,0.03840472673559823
wikipedia,KFC_v2,iterative,0.5970538591376401,0.03840472673559823
wikipedia,KFC_v2,iterative,0.5972073039742213,0.03840472673559823
wikipedia,KFC_v2,iterative,0.5973607488108026,0.03840472673559823
wikipedia,KFC_v2,iterative,0.5975141936473838,0.03840472673559823
wikipedia,KFC_v2,iterative,0.5976676384839651,0.03840472673559823
wikipedia,KFC_v2,iterative,0.5978210833205463,0.03840472673559823
wikipedia,KFC_v2,iterative,0.5979745281571276,0.03840472673559823
wikipedia,KFC_v2,iterative,0.5981279729937088,0.03840472673559823
wikipedia,KFC_v2,iterative,0.59828141783029,0.03840472673559823
wikipedia,KFC_v2,iterative,0.5984348626668713,0.03840472673559823
wikipedia,KFC_v2,iterative,0.5985883075034525,0.03840472673559823
wikipedia,KFC_v2,iterative,0.5987417523400338,0.03840472673559823
wikipedia,KFC_v2,iterative,0.598895197176615,0.03840472673559823
wikipedia,KFC_v2,iterative,0.5990486420131963,0.03840472673559823
wikipedia,KFC_v2,iterative,0.5992020868497775,0.03840472673559823
wikipedia,KFC_v2,iterative,0.5993555316863588,0.03840472673559823
wikipedia,KFC_v2,iterative,0.59950897652294,0.03840472673559823
wikipedia,KFC_v2,iterative,0.5996624213595213,0.03840472673559823
wikipedia,KFC_v2,iterative,0.5998158661961025,0.03840472673559823
wikipedia,KFC_v2,iterative,0.5999693110326838,0.03840472673559823
wikipedia,KFC_v2,iterative,0.600122755869265,0.03840472673559823
wikipedia,KFC_v2,iterative,0.6002762007058463,0.03840472673559823
wikipedia,KFC_v2,iterative,0.6004296455424275,0.03840472673559823
wikipedia,KFC_v2,iterative,0.6005830903790088,0.03840472673559823
wikipedia,KFC_v2,iterative,0.60073653521559,0.03692762186115214
wikipedia,KFC_v2,iterative,0.6008899800521713,0.03692762186115214
wikipedia,KFC_v2,iterative,0.6010434248887525,0.03692762186115214
wikipedia,KFC_v2,iterative,0.6011968697253338,0.03692762186115214
wikipedia,KFC_v2,iterative,0.601350314561915,0.03692762186115214
wikipedia,KFC_v2,iterative,0.6015037593984963,0.03545051698670606
wikipedia,KFC_v2,iterative,0.6016572042350775,0.03545051698670606
wikipedia,KFC_v2,iterative,0.6018106490716588,0.03545051698670606
wikipedia,KFC_v2,iterative,0.60196409390824,0.03545051698670606
wikipedia,KFC_v2,iterative,0.6021175387448212,0.03545051698670606
wikipedia,KFC_v2,iterative,0.6022709835814025,0.03545051698670606
wikipedia,KFC_v2,iterative,0.6024244284179837,0.03545051698670606
wikipedia,KFC_v2,iterative,0.602577873254565,0.03545051698670606
wikipedia,KFC_v2,iterative,0.6027313180911462,0.03545051698670606
wikipedia,KFC_v2,iterative,0.6028847629277275,0.03545051698670606
wikipedia,KFC_v2,iterative,0.6030382077643087,0.03545051698670606
wikipedia,KFC_v2,iterative,0.60319165260089,0.03545051698670606
wikipedia,KFC_v2,iterative,0.6033450974374712,0.03545051698670606
wikipedia,KFC_v2,iterative,0.6034985422740525,0.03545051698670606
wikipedia,KFC_v2,iterative,0.6036519871106337,0.03545051698670606
wikipedia,KFC_v2,iterative,0.603805431947215,0.03545051698670606
wikipedia,KFC_v2,iterative,0.6039588767837962,0.03545051698670606
wikipedia,KFC_v2,iterative,0.6041123216203775,0.03545051698670606
wikipedia,KFC_v2,iterative,0.6042657664569587,0.03545051698670606
wikipedia,KFC_v2,iterative,0.60441921129354,0.03545051698670606
wikipedia,KFC_v2,iterative,0.6045726561301212,0.03545051698670606
wikipedia,KFC_v2,iterative,0.6047261009667025,0.03545051698670606
wikipedia,KFC_v2,iterative,0.6048795458032837,0.03545051698670606
wikipedia,KFC_v2,iterative,0.605032990639865,0.03545051698670606
wikipedia,KFC_v2,iterative,0.6051864354764462,0.03545051698670606
wikipedia,KFC_v2,iterative,0.6053398803130275,0.03545051698670606
wikipedia,KFC_v2,iterative,0.6054933251496087,0.03545051698670606
wikipedia,KFC_v2,iterative,0.60564676998619,0.03545051698670606
wikipedia,KFC_v2,iterative,0.6058002148227712,0.03545051698670606
wikipedia,KFC_v2,iterative,0.6059536596593524,0.03545051698670606
wikipedia,KFC_v2,iterative,0.6061071044959337,0.03545051698670606
wikipedia,KFC_v2,iterative,0.6062605493325149,0.03545051698670606
wikipedia,KFC_v2,iterative,0.6064139941690962,0.03545051698670606
wikipedia,KFC_v2,iterative,0.6065674390056774,0.03545051698670606
wikipedia,KFC_v2,iterative,0.6067208838422588,0.03545051698670606
wikipedia,KFC_v2,iterative,0.60687432867884,0.03545051698670606
wikipedia,KFC_v2,iterative,0.6070277735154213,0.03545051698670606
wikipedia,KFC_v2,iterative,0.6071812183520024,0.03545051698670606
wikipedia,KFC_v2,iterative,0.6073346631885838,0.03545051698670606
wikipedia,KFC_v2,iterative,0.607488108025165,0.03545051698670606
wikipedia,KFC_v2,iterative,0.6076415528617463,0.03545051698670606
wikipedia,KFC_v2,iterative,0.6077949976983275,0.03545051698670606
wikipedia,KFC_v2,iterative,0.6079484425349088,0.03545051698670606
wikipedia,KFC_v2,iterative,0.60810188737149,0.03545051698670606
wikipedia,KFC_v2,iterative,0.6082553322080713,0.03545051698670606
wikipedia,KFC_v2,iterative,0.6084087770446525,0.03545051698670606
wikipedia,KFC_v2,iterative,0.6085622218812338,0.03545051698670606
wikipedia,KFC_v2,iterative,0.608715666717815,0.03545051698670606
wikipedia,KFC_v2,iterative,0.6088691115543963,0.03545051698670606
wikipedia,KFC_v2,iterative,0.6090225563909775,0.03545051698670606
wikipedia,KFC_v2,iterative,0.6091760012275588,0.03545051698670606
wikipedia,KFC_v2,iterative,0.60932944606414,0.03545051698670606
wikipedia,KFC_v2,iterative,0.6094828909007213,0.03545051698670606
wikipedia,KFC_v2,iterative,0.6096363357373025,0.03545051698670606
wikipedia,KFC_v2,iterative,0.6097897805738837,0.03545051698670606
wikipedia,KFC_v2,iterative,0.609943225410465,0.03545051698670606
wikipedia,KFC_v2,iterative,0.6100966702470462,0.03545051698670606
wikipedia,KFC_v2,iterative,0.6102501150836275,0.03545051698670606
wikipedia,KFC_v2,iterative,0.6104035599202087,0.03545051698670606
wikipedia,KFC_v2,iterative,0.61055700475679,0.03545051698670606
wikipedia,KFC_v2,iterative,0.6107104495933712,0.03545051698670606
wikipedia,KFC_v2,iterative,0.6108638944299525,0.03545051698670606
wikipedia,KFC_v2,iterative,0.6110173392665337,0.03545051698670606
wikipedia,KFC_v2,iterative,0.611170784103115,0.03545051698670606
wikipedia,KFC_v2,iterative,0.6113242289396962,0.03545051698670606
wikipedia,KFC_v2,iterative,0.6114776737762775,0.03545051698670606
wikipedia,KFC_v2,iterative,0.6116311186128587,0.03545051698670606
wikipedia,KFC_v2,iterative,0.61178456344944,0.03545051698670606
wikipedia,KFC_v2,iterative,0.6119380082860212,0.03545051698670606
wikipedia,KFC_v2,iterative,0.6120914531226025,0.03545051698670606
wikipedia,KFC_v2,iterative,0.6122448979591837,0.03545051698670606
wikipedia,KFC_v2,iterative,0.612398342795765,0.03545051698670606
wikipedia,KFC_v2,iterative,0.6125517876323462,0.03545051698670606
wikipedia,KFC_v2,iterative,0.6127052324689275,0.03545051698670606
wikipedia,KFC_v2,iterative,0.6128586773055087,0.03545051698670606
wikipedia,KFC_v2,iterative,0.61301212214209,0.03545051698670606
wikipedia,KFC_v2,iterative,0.6131655669786712,0.03545051698670606
wikipedia,KFC_v2,iterative,0.6133190118152525,0.03545051698670606
wikipedia,KFC_v2,iterative,0.6134724566518337,0.033973412112259974
wikipedia,KFC_v2,iterative,0.6136259014884149,0.033973412112259974
wikipedia,KFC_v2,iterative,0.6137793463249962,0.033973412112259974
wikipedia,KFC_v2,iterative,0.6139327911615774,0.033973412112259974
wikipedia,KFC_v2,iterative,0.6140862359981587,0.033973412112259974
wikipedia,KFC_v2,iterative,0.6142396808347399,0.033973412112259974
wikipedia,KFC_v2,iterative,0.6143931256713212,0.033973412112259974
wikipedia,KFC_v2,iterative,0.6145465705079024,0.033973412112259974
wikipedia,KFC_v2,iterative,0.6147000153444837,0.033973412112259974
wikipedia,KFC_v2,iterative,0.6148534601810649,0.033973412112259974
wikipedia,KFC_v2,iterative,0.6150069050176462,0.033973412112259974
wikipedia,KFC_v2,iterative,0.6151603498542274,0.033973412112259974
wikipedia,KFC_v2,iterative,0.6153137946908087,0.033973412112259974
wikipedia,KFC_v2,iterative,0.6154672395273899,0.033973412112259974
wikipedia,KFC_v2,iterative,0.6156206843639712,0.033973412112259974
wikipedia,KFC_v2,iterative,0.6157741292005524,0.033973412112259974
wikipedia,KFC_v2,iterative,0.6159275740371337,0.033973412112259974
wikipedia,KFC_v2,iterative,0.6160810188737149,0.033973412112259974
wikipedia,KFC_v2,iterative,0.6162344637102962,0.033973412112259974
wikipedia,KFC_v2,iterative,0.6163879085468774,0.033973412112259974
wikipedia,KFC_v2,iterative,0.6165413533834587,0.033973412112259974
wikipedia,KFC_v2,iterative,0.6166947982200399,0.033973412112259974
wikipedia,KFC_v2,iterative,0.6168482430566212,0.033973412112259974
wikipedia,KFC_v2,iterative,0.6170016878932024,0.033973412112259974
wikipedia,KFC_v2,iterative,0.6171551327297836,0.033973412112259974
wikipedia,KFC_v2,iterative,0.6173085775663649,0.033973412112259974
wikipedia,KFC_v2,iterative,0.6174620224029461,0.033973412112259974
wikipedia,KFC_v2,iterative,0.6176154672395274,0.033973412112259974
wikipedia,KFC_v2,iterative,0.6177689120761086,0.033973412112259974
wikipedia,KFC_v2,iterative,0.6179223569126899,0.033973412112259974
wikipedia,KFC_v2,iterative,0.6180758017492711,0.033973412112259974
wikipedia,KFC_v2,iterative,0.6182292465858524,0.033973412112259974
wikipedia,KFC_v2,iterative,0.6183826914224336,0.033973412112259974
wikipedia,KFC_v2,iterative,0.6185361362590149,0.033973412112259974
wikipedia,KFC_v2,iterative,0.6186895810955961,0.033973412112259974
wikipedia,KFC_v2,iterative,0.6188430259321774,0.033973412112259974
wikipedia,KFC_v2,iterative,0.6189964707687586,0.033973412112259974
wikipedia,KFC_v2,iterative,0.6191499156053399,0.033973412112259974
wikipedia,KFC_v2,iterative,0.6193033604419211,0.033973412112259974
wikipedia,KFC_v2,iterative,0.6194568052785024,0.033973412112259974
wikipedia,KFC_v2,iterative,0.6196102501150836,0.033973412112259974
wikipedia,KFC_v2,iterative,0.619763694951665,0.033973412112259974
wikipedia,KFC_v2,iterative,0.6199171397882461,0.033973412112259974
wikipedia,KFC_v2,iterative,0.6200705846248274,0.033973412112259974
wikipedia,KFC_v2,iterative,0.6202240294614086,0.033973412112259974
wikipedia,KFC_v2,iterative,0.62037747429799,0.033973412112259974
wikipedia,KFC_v2,iterative,0.6205309191345711,0.033973412112259974
wikipedia,KFC_v2,iterative,0.6206843639711525,0.033973412112259974
wikipedia,KFC_v2,iterative,0.6208378088077336,0.033973412112259974
wikipedia,KFC_v2,iterative,0.6209912536443148,0.033973412112259974
wikipedia,KFC_v2,iterative,0.6211446984808962,0.033973412112259974
wikipedia,KFC_v2,iterative,0.6212981433174773,0.033973412112259974
wikipedia,KFC_v2,iterative,0.6214515881540587,0.033973412112259974
wikipedia,KFC_v2,iterative,0.6216050329906398,0.033973412112259974
wikipedia,KFC_v2,iterative,0.6217584778272212,0.033973412112259974
wikipedia,KFC_v2,iterative,0.6219119226638024,0.033973412112259974
wikipedia,KFC_v2,iterative,0.6220653675003837,0.033973412112259974
wikipedia,KFC_v2,iterative,0.6222188123369649,0.033973412112259974
wikipedia,KFC_v2,iterative,0.6223722571735462,0.033973412112259974
wikipedia,KFC_v2,iterative,0.6225257020101274,0.033973412112259974
wikipedia,KFC_v2,iterative,0.6226791468467087,0.033973412112259974
wikipedia,KFC_v2,iterative,0.6228325916832899,0.033973412112259974
wikipedia,KFC_v2,iterative,0.6229860365198712,0.033973412112259974
wikipedia,KFC_v2,iterative,0.6231394813564524,0.033973412112259974
wikipedia,KFC_v2,iterative,0.6232929261930337,0.033973412112259974
wikipedia,KFC_v2,iterative,0.6234463710296149,0.033973412112259974
wikipedia,KFC_v2,iterative,0.6235998158661962,0.033973412112259974
wikipedia,KFC_v2,iterative,0.6237532607027774,0.033973412112259974
wikipedia,KFC_v2,iterative,0.6239067055393587,0.033973412112259974
wikipedia,KFC_v2,iterative,0.6240601503759399,0.033973412112259974
wikipedia,KFC_v2,iterative,0.6242135952125212,0.033973412112259974
wikipedia,KFC_v2,iterative,0.6243670400491024,0.033973412112259974
wikipedia,KFC_v2,iterative,0.6245204848856837,0.033973412112259974
wikipedia,KFC_v2,iterative,0.6246739297222649,0.033973412112259974
wikipedia,KFC_v2,iterative,0.6248273745588461,0.033973412112259974
wikipedia,KFC_v2,iterative,0.6249808193954274,0.033973412112259974
wikipedia,KFC_v2,iterative,0.6251342642320086,0.033973412112259974
wikipedia,KFC_v2,iterative,0.6252877090685899,0.033973412112259974
wikipedia,KFC_v2,iterative,0.6254411539051711,0.033973412112259974
wikipedia,KFC_v2,iterative,0.6255945987417524,0.033973412112259974
wikipedia,KFC_v2,iterative,0.6257480435783336,0.033973412112259974
wikipedia,KFC_v2,iterative,0.6259014884149149,0.033973412112259974
wikipedia,KFC_v2,iterative,0.6260549332514961,0.033973412112259974
wikipedia,KFC_v2,iterative,0.6262083780880774,0.033973412112259974
wikipedia,KFC_v2,iterative,0.6263618229246586,0.033973412112259974
wikipedia,KFC_v2,iterative,0.6265152677612399,0.033973412112259974
wikipedia,KFC_v2,iterative,0.6266687125978211,0.033973412112259974
wikipedia,KFC_v2,iterative,0.6268221574344024,0.033973412112259974
wikipedia,KFC_v2,iterative,0.6269756022709836,0.033973412112259974
wikipedia,KFC_v2,iterative,0.6271290471075649,0.033973412112259974
wikipedia,KFC_v2,iterative,0.6272824919441461,0.033973412112259974
wikipedia,KFC_v2,iterative,0.6274359367807274,0.033973412112259974
wikipedia,KFC_v2,iterative,0.6275893816173086,0.033973412112259974
wikipedia,KFC_v2,iterative,0.6277428264538899,0.033973412112259974
wikipedia,KFC_v2,iterative,0.6278962712904711,0.033973412112259974
wikipedia,KFC_v2,iterative,0.6280497161270524,0.033973412112259974
wikipedia,KFC_v2,iterative,0.6282031609636336,0.033973412112259974
wikipedia,KFC_v2,iterative,0.6283566058002149,0.033973412112259974
wikipedia,KFC_v2,iterative,0.6285100506367961,0.033973412112259974
wikipedia,KFC_v2,iterative,0.6286634954733773,0.033973412112259974
wikipedia,KFC_v2,iterative,0.6288169403099586,0.033973412112259974
wikipedia,KFC_v2,iterative,0.6289703851465398,0.033973412112259974
wikipedia,KFC_v2,iterative,0.6291238299831211,0.033973412112259974
wikipedia,KFC_v2,iterative,0.6292772748197023,0.033973412112259974
wikipedia,KFC_v2,iterative,0.6294307196562836,0.033973412112259974
wikipedia,KFC_v2,iterative,0.6295841644928648,0.033973412112259974
wikipedia,KFC_v2,iterative,0.6297376093294461,0.033973412112259974
wikipedia,KFC_v2,iterative,0.6298910541660273,0.033973412112259974
wikipedia,KFC_v2,iterative,0.6300444990026086,0.033973412112259974
wikipedia,KFC_v2,iterative,0.6301979438391898,0.033973412112259974
wikipedia,KFC_v2,iterative,0.6303513886757711,0.033973412112259974
wikipedia,KFC_v2,iterative,0.6305048335123523,0.033973412112259974
wikipedia,KFC_v2,iterative,0.6306582783489336,0.033973412112259974
wikipedia,KFC_v2,iterative,0.6308117231855148,0.033973412112259974
wikipedia,KFC_v2,iterative,0.6309651680220961,0.033973412112259974
wikipedia,KFC_v2,iterative,0.6311186128586773,0.033973412112259974
wikipedia,KFC_v2,iterative,0.6312720576952586,0.033973412112259974
wikipedia,KFC_v2,iterative,0.6314255025318398,0.033973412112259974
wikipedia,KFC_v2,iterative,0.6315789473684211,0.033973412112259974
wikipedia,KFC_v2,iterative,0.6317323922050023,0.033973412112259974
wikipedia,KFC_v2,iterative,0.6318858370415836,0.033973412112259974
wikipedia,KFC_v2,iterative,0.6320392818781648,0.033973412112259974
wikipedia,KFC_v2,iterative,0.6321927267147461,0.033973412112259974
wikipedia,KFC_v2,iterative,0.6323461715513273,0.033973412112259974
wikipedia,KFC_v2,iterative,0.6324996163879085,0.033973412112259974
wikipedia,KFC_v2,iterative,0.6326530612244898,0.033973412112259974
wikipedia,KFC_v2,iterative,0.632806506061071,0.033973412112259974
wikipedia,KFC_v2,iterative,0.6329599508976523,0.033973412112259974
wikipedia,KFC_v2,iterative,0.6331133957342335,0.033973412112259974
wikipedia,KFC_v2,iterative,0.6332668405708148,0.033973412112259974
wikipedia,KFC_v2,iterative,0.633420285407396,0.033973412112259974
wikipedia,KFC_v2,iterative,0.6335737302439773,0.033973412112259974
wikipedia,KFC_v2,iterative,0.6337271750805585,0.033973412112259974
wikipedia,KFC_v2,iterative,0.6338806199171398,0.033973412112259974
wikipedia,KFC_v2,iterative,0.634034064753721,0.033973412112259974
wikipedia,KFC_v2,iterative,0.6341875095903023,0.033973412112259974
wikipedia,KFC_v2,iterative,0.6343409544268835,0.033973412112259974
wikipedia,KFC_v2,iterative,0.6344943992634648,0.033973412112259974
wikipedia,KFC_v2,iterative,0.634647844100046,0.033973412112259974
wikipedia,KFC_v2,iterative,0.6348012889366274,0.033973412112259974
wikipedia,KFC_v2,iterative,0.6349547337732085,0.033973412112259974
wikipedia,KFC_v2,iterative,0.6351081786097899,0.033973412112259974
wikipedia,KFC_v2,iterative,0.635261623446371,0.033973412112259974
wikipedia,KFC_v2,iterative,0.6354150682829524,0.033973412112259974
wikipedia,KFC_v2,iterative,0.6355685131195336,0.033973412112259974
wikipedia,KFC_v2,iterative,0.6357219579561149,0.033973412112259974
wikipedia,KFC_v2,iterative,0.635875402792696,0.033973412112259974
wikipedia,KFC_v2,iterative,0.6360288476292774,0.033973412112259974
wikipedia,KFC_v2,iterative,0.6361822924658586,0.033973412112259974
wikipedia,KFC_v2,iterative,0.6363357373024398,0.033973412112259974
wikipedia,KFC_v2,iterative,0.6364891821390211,0.03249630723781388
wikipedia,KFC_v2,iterative,0.6366426269756023,0.03249630723781388
wikipedia,KFC_v2,iterative,0.6367960718121836,0.03249630723781388
wikipedia,KFC_v2,iterative,0.6369495166487648,0.03249630723781388
wikipedia,KFC_v2,iterative,0.6371029614853461,0.03249630723781388
wikipedia,KFC_v2,iterative,0.6372564063219273,0.03249630723781388
wikipedia,KFC_v2,iterative,0.6374098511585086,0.03249630723781388
wikipedia,KFC_v2,iterative,0.6375632959950898,0.03249630723781388
wikipedia,KFC_v2,iterative,0.6377167408316711,0.03249630723781388
wikipedia,KFC_v2,iterative,0.6378701856682523,0.03249630723781388
wikipedia,KFC_v2,iterative,0.6380236305048336,0.03249630723781388
wikipedia,KFC_v2,iterative,0.6381770753414148,0.03249630723781388
wikipedia,KFC_v2,iterative,0.6383305201779961,0.03249630723781388
wikipedia,KFC_v2,iterative,0.6384839650145773,0.03249630723781388
wikipedia,KFC_v2,iterative,0.6386374098511586,0.03249630723781388
wikipedia,KFC_v2,iterative,0.6387908546877398,0.03249630723781388
wikipedia,KFC_v2,iterative,0.6389442995243211,0.03249630723781388
wikipedia,KFC_v2,iterative,0.6390977443609023,0.03249630723781388
wikipedia,KFC_v2,iterative,0.6392511891974836,0.03249630723781388
wikipedia,KFC_v2,iterative,0.6394046340340648,0.03249630723781388
wikipedia,KFC_v2,iterative,0.6395580788706461,0.03249630723781388
wikipedia,KFC_v2,iterative,0.6397115237072273,0.03249630723781388
wikipedia,KFC_v2,iterative,0.6398649685438086,0.03249630723781388
wikipedia,KFC_v2,iterative,0.6400184133803898,0.03249630723781388
wikipedia,KFC_v2,iterative,0.640171858216971,0.03249630723781388
wikipedia,KFC_v2,iterative,0.6403253030535523,0.03249630723781388
wikipedia,KFC_v2,iterative,0.6404787478901335,0.03249630723781388
wikipedia,KFC_v2,iterative,0.6406321927267148,0.03249630723781388
wikipedia,KFC_v2,iterative,0.640785637563296,0.03249630723781388
wikipedia,KFC_v2,iterative,0.6409390823998773,0.03249630723781388
wikipedia,KFC_v2,iterative,0.6410925272364585,0.03249630723781388
wikipedia,KFC_v2,iterative,0.6412459720730398,0.03249630723781388
wikipedia,KFC_v2,iterative,0.641399416909621,0.03249630723781388
wikipedia,KFC_v2,iterative,0.6415528617462023,0.03249630723781388
wikipedia,KFC_v2,iterative,0.6417063065827835,0.03249630723781388
wikipedia,KFC_v2,iterative,0.6418597514193648,0.03249630723781388
wikipedia,KFC_v2,iterative,0.642013196255946,0.03249630723781388
wikipedia,KFC_v2,iterative,0.6421666410925273,0.03249630723781388
wikipedia,KFC_v2,iterative,0.6423200859291085,0.03249630723781388
wikipedia,KFC_v2,iterative,0.6424735307656898,0.03249630723781388
wikipedia,KFC_v2,iterative,0.642626975602271,0.03249630723781388
wikipedia,KFC_v2,iterative,0.6427804204388523,0.03249630723781388
wikipedia,KFC_v2,iterative,0.6429338652754335,0.03249630723781388
wikipedia,KFC_v2,iterative,0.6430873101120148,0.03249630723781388
wikipedia,KFC_v2,iterative,0.643240754948596,0.03249630723781388
wikipedia,KFC_v2,iterative,0.6433941997851773,0.03249630723781388
wikipedia,KFC_v2,iterative,0.6435476446217585,0.03249630723781388
wikipedia,KFC_v2,iterative,0.6437010894583397,0.03249630723781388
wikipedia,KFC_v2,iterative,0.643854534294921,0.03249630723781388
wikipedia,KFC_v2,iterative,0.6440079791315022,0.03249630723781388
wikipedia,KFC_v2,iterative,0.6441614239680835,0.03249630723781388
wikipedia,KFC_v2,iterative,0.6443148688046647,0.03249630723781388
wikipedia,KFC_v2,iterative,0.644468313641246,0.03249630723781388
wikipedia,KFC_v2,iterative,0.6446217584778272,0.03249630723781388
wikipedia,KFC_v2,iterative,0.6447752033144085,0.03249630723781388
wikipedia,KFC_v2,iterative,0.6449286481509897,0.03249630723781388
wikipedia,KFC_v2,iterative,0.645082092987571,0.03249630723781388
wikipedia,KFC_v2,iterative,0.6452355378241522,0.03249630723781388
wikipedia,KFC_v2,iterative,0.6453889826607335,0.03249630723781388
wikipedia,KFC_v2,iterative,0.6455424274973147,0.03249630723781388
wikipedia,KFC_v2,iterative,0.645695872333896,0.03249630723781388
wikipedia,KFC_v2,iterative,0.6458493171704772,0.03249630723781388
wikipedia,KFC_v2,iterative,0.6460027620070585,0.03249630723781388
wikipedia,KFC_v2,iterative,0.6461562068436397,0.03249630723781388
wikipedia,KFC_v2,iterative,0.646309651680221,0.03249630723781388
wikipedia,KFC_v2,iterative,0.6464630965168022,0.03249630723781388
wikipedia,KFC_v2,iterative,0.6466165413533835,0.03249630723781388
wikipedia,KFC_v2,iterative,0.6467699861899647,0.03249630723781388
wikipedia,KFC_v2,iterative,0.646923431026546,0.03249630723781388
wikipedia,KFC_v2,iterative,0.6470768758631272,0.03249630723781388
wikipedia,KFC_v2,iterative,0.6472303206997085,0.03249630723781388
wikipedia,KFC_v2,iterative,0.6473837655362897,0.03249630723781388
wikipedia,KFC_v2,iterative,0.6475372103728709,0.03249630723781388
wikipedia,KFC_v2,iterative,0.6476906552094522,0.03249630723781388
wikipedia,KFC_v2,iterative,0.6478441000460334,0.03249630723781388
wikipedia,KFC_v2,iterative,0.6479975448826147,0.03249630723781388
wikipedia,KFC_v2,iterative,0.6481509897191959,0.03249630723781388
wikipedia,KFC_v2,iterative,0.6483044345557772,0.03249630723781388
wikipedia,KFC_v2,iterative,0.6484578793923584,0.03249630723781388
wikipedia,KFC_v2,iterative,0.6486113242289397,0.03249630723781388
wikipedia,KFC_v2,iterative,0.6487647690655209,0.03249630723781388
wikipedia,KFC_v2,iterative,0.6489182139021022,0.03249630723781388
wikipedia,KFC_v2,iterative,0.6490716587386834,0.03249630723781388
wikipedia,KFC_v2,iterative,0.6492251035752648,0.03249630723781388
wikipedia,KFC_v2,iterative,0.649378548411846,0.03249630723781388
wikipedia,KFC_v2,iterative,0.6495319932484273,0.03249630723781388
wikipedia,KFC_v2,iterative,0.6496854380850084,0.03249630723781388
wikipedia,KFC_v2,iterative,0.6498388829215898,0.029542097488921712
wikipedia,KFC_v2,iterative,0.649992327758171,0.029542097488921712
wikipedia,KFC_v2,iterative,0.6501457725947523,0.029542097488921712
wikipedia,KFC_v2,iterative,0.6502992174313335,0.029542097488921712
wikipedia,KFC_v2,iterative,0.6504526622679148,0.029542097488921712
wikipedia,KFC_v2,iterative,0.650606107104496,0.029542097488921712
wikipedia,KFC_v2,iterative,0.6507595519410773,0.029542097488921712
wikipedia,KFC_v2,iterative,0.6509129967776585,0.029542097488921712
wikipedia,KFC_v2,iterative,0.6510664416142398,0.029542097488921712
wikipedia,KFC_v2,iterative,0.651219886450821,0.029542097488921712
wikipedia,KFC_v2,iterative,0.6513733312874022,0.029542097488921712
wikipedia,KFC_v2,iterative,0.6515267761239835,0.029542097488921712
wikipedia,KFC_v2,iterative,0.6516802209605647,0.029542097488921712
wikipedia,KFC_v2,iterative,0.651833665797146,0.029542097488921712
wikipedia,KFC_v2,iterative,0.6519871106337272,0.029542097488921712
wikipedia,KFC_v2,iterative,0.6521405554703085,0.029542097488921712
wikipedia,KFC_v2,iterative,0.6522940003068897,0.029542097488921712
wikipedia,KFC_v2,iterative,0.652447445143471,0.029542097488921712
wikipedia,KFC_v2,iterative,0.6526008899800522,0.029542097488921712
wikipedia,KFC_v2,iterative,0.6527543348166335,0.029542097488921712
wikipedia,KFC_v2,iterative,0.6529077796532147,0.029542097488921712
wikipedia,KFC_v2,iterative,0.653061224489796,0.029542097488921712
wikipedia,KFC_v2,iterative,0.6532146693263772,0.029542097488921712
wikipedia,KFC_v2,iterative,0.6533681141629585,0.029542097488921712
wikipedia,KFC_v2,iterative,0.6535215589995397,0.029542097488921712
wikipedia,KFC_v2,iterative,0.653675003836121,0.029542097488921712
wikipedia,KFC_v2,iterative,0.6538284486727022,0.029542097488921712
wikipedia,KFC_v2,iterative,0.6539818935092835,0.029542097488921712
wikipedia,KFC_v2,iterative,0.6541353383458647,0.029542097488921712
wikipedia,KFC_v2,iterative,0.654288783182446,0.029542097488921712
wikipedia,KFC_v2,iterative,0.6544422280190272,0.029542097488921712
wikipedia,KFC_v2,iterative,0.6545956728556085,0.029542097488921712
wikipedia,KFC_v2,iterative,0.6547491176921897,0.029542097488921712
wikipedia,KFC_v2,iterative,0.654902562528771,0.029542097488921712
wikipedia,KFC_v2,iterative,0.6550560073653522,0.029542097488921712
wikipedia,KFC_v2,iterative,0.6552094522019334,0.029542097488921712
wikipedia,KFC_v2,iterative,0.6553628970385147,0.029542097488921712
wikipedia,KFC_v2,iterative,0.6555163418750959,0.029542097488921712
wikipedia,KFC_v2,iterative,0.6556697867116772,0.029542097488921712
wikipedia,KFC_v2,iterative,0.6558232315482584,0.029542097488921712
wikipedia,KFC_v2,iterative,0.6559766763848397,0.029542097488921712
wikipedia,KFC_v2,iterative,0.6561301212214209,0.029542097488921712
wikipedia,KFC_v2,iterative,0.6562835660580022,0.029542097488921712
wikipedia,KFC_v2,iterative,0.6564370108945834,0.029542097488921712
wikipedia,KFC_v2,iterative,0.6565904557311647,0.029542097488921712
wikipedia,KFC_v2,iterative,0.6567439005677459,0.029542097488921712
wikipedia,KFC_v2,iterative,0.6568973454043272,0.029542097488921712
wikipedia,KFC_v2,iterative,0.6570507902409084,0.029542097488921712
wikipedia,KFC_v2,iterative,0.6572042350774897,0.029542097488921712
wikipedia,KFC_v2,iterative,0.6573576799140709,0.029542097488921712
wikipedia,KFC_v2,iterative,0.6575111247506522,0.029542097488921712
wikipedia,KFC_v2,iterative,0.6576645695872334,0.029542097488921712
wikipedia,KFC_v2,iterative,0.6578180144238147,0.029542097488921712
wikipedia,KFC_v2,iterative,0.6579714592603959,0.029542097488921712
wikipedia,KFC_v2,iterative,0.6581249040969772,0.029542097488921712
wikipedia,KFC_v2,iterative,0.6582783489335584,0.029542097488921712
wikipedia,KFC_v2,iterative,0.6584317937701397,0.029542097488921712
wikipedia,KFC_v2,iterative,0.6585852386067209,0.029542097488921712
wikipedia,KFC_v2,iterative,0.6587386834433022,0.029542097488921712
wikipedia,KFC_v2,iterative,0.6588921282798834,0.029542097488921712
wikipedia,KFC_v2,iterative,0.6590455731164646,0.029542097488921712
wikipedia,KFC_v2,iterative,0.6591990179530459,0.029542097488921712
wikipedia,KFC_v2,iterative,0.6593524627896271,0.029542097488921712
wikipedia,KFC_v2,iterative,0.6595059076262084,0.029542097488921712
wikipedia,KFC_v2,iterative,0.6596593524627896,0.029542097488921712
wikipedia,KFC_v2,iterative,0.6598127972993709,0.029542097488921712
wikipedia,KFC_v2,iterative,0.6599662421359521,0.029542097488921712
wikipedia,KFC_v2,iterative,0.6601196869725334,0.029542097488921712
wikipedia,KFC_v2,iterative,0.6602731318091146,0.029542097488921712
wikipedia,KFC_v2,iterative,0.6604265766456959,0.029542097488921712
wikipedia,KFC_v2,iterative,0.6605800214822771,0.029542097488921712
wikipedia,KFC_v2,iterative,0.6607334663188584,0.029542097488921712
wikipedia,KFC_v2,iterative,0.6608869111554396,0.029542097488921712
wikipedia,KFC_v2,iterative,0.6610403559920209,0.029542097488921712
wikipedia,KFC_v2,iterative,0.6611938008286021,0.029542097488921712
wikipedia,KFC_v2,iterative,0.6613472456651834,0.029542097488921712
wikipedia,KFC_v2,iterative,0.6615006905017646,0.029542097488921712
wikipedia,KFC_v2,iterative,0.6616541353383459,0.029542097488921712
wikipedia,KFC_v2,iterative,0.6618075801749271,0.029542097488921712
wikipedia,KFC_v2,iterative,0.6619610250115084,0.029542097488921712
wikipedia,KFC_v2,iterative,0.6621144698480896,0.029542097488921712
wikipedia,KFC_v2,iterative,0.6622679146846709,0.029542097488921712
wikipedia,KFC_v2,iterative,0.6624213595212521,0.029542097488921712
wikipedia,KFC_v2,iterative,0.6625748043578334,0.029542097488921712
wikipedia,KFC_v2,iterative,0.6627282491944146,0.029542097488921712
wikipedia,KFC_v2,iterative,0.6628816940309958,0.029542097488921712
wikipedia,KFC_v2,iterative,0.6630351388675771,0.029542097488921712
wikipedia,KFC_v2,iterative,0.6631885837041583,0.029542097488921712
wikipedia,KFC_v2,iterative,0.6633420285407396,0.029542097488921712
wikipedia,KFC_v2,iterative,0.6634954733773208,0.029542097488921712
wikipedia,KFC_v2,iterative,0.6636489182139022,0.029542097488921712
wikipedia,KFC_v2,iterative,0.6638023630504833,0.029542097488921712
wikipedia,KFC_v2,iterative,0.6639558078870647,0.029542097488921712
wikipedia,KFC_v2,iterative,0.6641092527236458,0.029542097488921712
wikipedia,KFC_v2,iterative,0.6642626975602272,0.029542097488921712
wikipedia,KFC_v2,iterative,0.6644161423968084,0.029542097488921712
wikipedia,KFC_v2,iterative,0.6645695872333897,0.029542097488921712
wikipedia,KFC_v2,iterative,0.6647230320699709,0.029542097488921712
wikipedia,KFC_v2,iterative,0.6648764769065522,0.029542097488921712
wikipedia,KFC_v2,iterative,0.6650299217431334,0.029542097488921712
wikipedia,KFC_v2,iterative,0.6651833665797147,0.029542097488921712
wikipedia,KFC_v2,iterative,0.6653368114162959,0.029542097488921712
wikipedia,KFC_v2,iterative,0.6654902562528772,0.029542097488921712
wikipedia,KFC_v2,iterative,0.6656437010894584,0.029542097488921712
wikipedia,KFC_v2,iterative,0.6657971459260397,0.029542097488921712
wikipedia,KFC_v2,iterative,0.6659505907626209,0.029542097488921712
wikipedia,KFC_v2,iterative,0.6661040355992022,0.029542097488921712
wikipedia,KFC_v2,iterative,0.6662574804357834,0.029542097488921712
wikipedia,KFC_v2,iterative,0.6664109252723646,0.029542097488921712
wikipedia,KFC_v2,iterative,0.6665643701089459,0.029542097488921712
wikipedia,KFC_v2,iterative,0.6667178149455271,0.029542097488921712
wikipedia,KFC_v2,iterative,0.6668712597821084,0.029542097488921712
wikipedia,KFC_v2,iterative,0.6670247046186896,0.029542097488921712
wikipedia,KFC_v2,iterative,0.6671781494552709,0.029542097488921712
wikipedia,KFC_v2,iterative,0.6673315942918521,0.029542097488921712
wikipedia,KFC_v2,iterative,0.6674850391284334,0.029542097488921712
wikipedia,KFC_v2,iterative,0.6676384839650146,0.029542097488921712
wikipedia,KFC_v2,iterative,0.6677919288015959,0.029542097488921712
wikipedia,KFC_v2,iterative,0.6679453736381771,0.029542097488921712
wikipedia,KFC_v2,iterative,0.6680988184747584,0.029542097488921712
wikipedia,KFC_v2,iterative,0.6682522633113396,0.029542097488921712
wikipedia,KFC_v2,iterative,0.6684057081479209,0.029542097488921712
wikipedia,KFC_v2,iterative,0.6685591529845021,0.029542097488921712
wikipedia,KFC_v2,iterative,0.6687125978210834,0.029542097488921712
wikipedia,KFC_v2,iterative,0.6688660426576646,0.029542097488921712
wikipedia,KFC_v2,iterative,0.6690194874942459,0.029542097488921712
wikipedia,KFC_v2,iterative,0.6691729323308271,0.029542097488921712
wikipedia,KFC_v2,iterative,0.6693263771674084,0.029542097488921712
wikipedia,KFC_v2,iterative,0.6694798220039896,0.029542097488921712
wikipedia,KFC_v2,iterative,0.6696332668405709,0.029542097488921712
wikipedia,KFC_v2,iterative,0.6697867116771521,0.029542097488921712
wikipedia,KFC_v2,iterative,0.6699401565137334,0.029542097488921712
wikipedia,KFC_v2,iterative,0.6700936013503146,0.029542097488921712
wikipedia,KFC_v2,iterative,0.6702470461868958,0.029542097488921712
wikipedia,KFC_v2,iterative,0.6704004910234771,0.029542097488921712
wikipedia,KFC_v2,iterative,0.6705539358600583,0.028064992614475627
wikipedia,KFC_v2,iterative,0.6707073806966396,0.028064992614475627
wikipedia,KFC_v2,iterative,0.6708608255332208,0.028064992614475627
wikipedia,KFC_v2,iterative,0.6710142703698021,0.028064992614475627
wikipedia,KFC_v2,iterative,0.6711677152063833,0.028064992614475627
wikipedia,KFC_v2,iterative,0.6713211600429646,0.028064992614475627
wikipedia,KFC_v2,iterative,0.6714746048795458,0.028064992614475627
wikipedia,KFC_v2,iterative,0.6716280497161271,0.028064992614475627
wikipedia,KFC_v2,iterative,0.6717814945527083,0.028064992614475627
wikipedia,KFC_v2,iterative,0.6719349393892896,0.028064992614475627
wikipedia,KFC_v2,iterative,0.6720883842258708,0.028064992614475627
wikipedia,KFC_v2,iterative,0.6722418290624521,0.028064992614475627
wikipedia,KFC_v2,iterative,0.6723952738990333,0.028064992614475627
wikipedia,KFC_v2,iterative,0.6725487187356146,0.028064992614475627
wikipedia,KFC_v2,iterative,0.6727021635721958,0.028064992614475627
wikipedia,KFC_v2,iterative,0.6728556084087771,0.028064992614475627
wikipedia,KFC_v2,iterative,0.6730090532453583,0.028064992614475627
wikipedia,KFC_v2,iterative,0.6731624980819396,0.028064992614475627
wikipedia,KFC_v2,iterative,0.6733159429185208,0.028064992614475627
wikipedia,KFC_v2,iterative,0.6734693877551021,0.028064992614475627
wikipedia,KFC_v2,iterative,0.6736228325916833,0.028064992614475627
wikipedia,KFC_v2,iterative,0.6737762774282646,0.028064992614475627
wikipedia,KFC_v2,iterative,0.6739297222648458,0.028064992614475627
wikipedia,KFC_v2,iterative,0.674083167101427,0.028064992614475627
wikipedia,KFC_v2,iterative,0.6742366119380083,0.028064992614475627
wikipedia,KFC_v2,iterative,0.6743900567745895,0.028064992614475627
wikipedia,KFC_v2,iterative,0.6745435016111708,0.028064992614475627
wikipedia,KFC_v2,iterative,0.674696946447752,0.028064992614475627
wikipedia,KFC_v2,iterative,0.6748503912843333,0.028064992614475627
wikipedia,KFC_v2,iterative,0.6750038361209145,0.028064992614475627
wikipedia,KFC_v2,iterative,0.6751572809574958,0.028064992614475627
wikipedia,KFC_v2,iterative,0.675310725794077,0.028064992614475627
wikipedia,KFC_v2,iterative,0.6754641706306583,0.028064992614475627
wikipedia,KFC_v2,iterative,0.6756176154672395,0.028064992614475627
wikipedia,KFC_v2,iterative,0.6757710603038208,0.028064992614475627
wikipedia,KFC_v2,iterative,0.675924505140402,0.028064992614475627
wikipedia,KFC_v2,iterative,0.6760779499769833,0.028064992614475627
wikipedia,KFC_v2,iterative,0.6762313948135645,0.028064992614475627
wikipedia,KFC_v2,iterative,0.6763848396501458,0.028064992614475627
wikipedia,KFC_v2,iterative,0.676538284486727,0.028064992614475627
wikipedia,KFC_v2,iterative,0.6766917293233083,0.028064992614475627
wikipedia,KFC_v2,iterative,0.6768451741598895,0.028064992614475627
wikipedia,KFC_v2,iterative,0.6769986189964708,0.028064992614475627
wikipedia,KFC_v2,iterative,0.677152063833052,0.028064992614475627
wikipedia,KFC_v2,iterative,0.6773055086696333,0.028064992614475627
wikipedia,KFC_v2,iterative,0.6774589535062145,0.028064992614475627
wikipedia,KFC_v2,iterative,0.6776123983427959,0.028064992614475627
wikipedia,KFC_v2,iterative,0.677765843179377,0.028064992614475627
wikipedia,KFC_v2,iterative,0.6779192880159582,0.028064992614475627
wikipedia,KFC_v2,iterative,0.6780727328525396,0.028064992614475627
wikipedia,KFC_v2,iterative,0.6782261776891207,0.028064992614475627
wikipedia,KFC_v2,iterative,0.678379622525702,0.028064992614475627
wikipedia,KFC_v2,iterative,0.6785330673622832,0.028064992614475627
wikipedia,KFC_v2,iterative,0.6786865121988646,0.028064992614475627
wikipedia,KFC_v2,iterative,0.6788399570354458,0.028064992614475627
wikipedia,KFC_v2,iterative,0.6789934018720271,0.028064992614475627
wikipedia,KFC_v2,iterative,0.6791468467086083,0.028064992614475627
wikipedia,KFC_v2,iterative,0.6793002915451896,0.028064992614475627
wikipedia,KFC_v2,iterative,0.6794537363817708,0.028064992614475627
wikipedia,KFC_v2,iterative,0.6796071812183521,0.028064992614475627
wikipedia,KFC_v2,iterative,0.6797606260549333,0.028064992614475627
wikipedia,KFC_v2,iterative,0.6799140708915146,0.028064992614475627
wikipedia,KFC_v2,iterative,0.6800675157280958,0.028064992614475627
wikipedia,KFC_v2,iterative,0.6802209605646771,0.028064992614475627
wikipedia,KFC_v2,iterative,0.6803744054012583,0.028064992614475627
wikipedia,KFC_v2,iterative,0.6805278502378396,0.028064992614475627
wikipedia,KFC_v2,iterative,0.6806812950744208,0.028064992614475627
wikipedia,KFC_v2,iterative,0.6808347399110021,0.028064992614475627
wikipedia,KFC_v2,iterative,0.6809881847475833,0.028064992614475627
wikipedia,KFC_v2,iterative,0.6811416295841646,0.028064992614475627
wikipedia,KFC_v2,iterative,0.6812950744207458,0.028064992614475627
wikipedia,KFC_v2,iterative,0.6814485192573271,0.028064992614475627
wikipedia,KFC_v2,iterative,0.6816019640939083,0.028064992614475627
wikipedia,KFC_v2,iterative,0.6817554089304895,0.028064992614475627
wikipedia,KFC_v2,iterative,0.6819088537670708,0.028064992614475627
wikipedia,KFC_v2,iterative,0.682062298603652,0.028064992614475627
wikipedia,KFC_v2,iterative,0.6822157434402333,0.028064992614475627
wikipedia,KFC_v2,iterative,0.6823691882768145,0.028064992614475627
wikipedia,KFC_v2,iterative,0.6825226331133958,0.028064992614475627
wikipedia,KFC_v2,iterative,0.682676077949977,0.028064992614475627
wikipedia,KFC_v2,iterative,0.6828295227865583,0.028064992614475627
wikipedia,KFC_v2,iterative,0.6829829676231395,0.028064992614475627
wikipedia,KFC_v2,iterative,0.6831364124597208,0.028064992614475627
wikipedia,KFC_v2,iterative,0.683289857296302,0.028064992614475627
wikipedia,KFC_v2,iterative,0.6834433021328833,0.028064992614475627
wikipedia,KFC_v2,iterative,0.6835967469694645,0.028064992614475627
wikipedia,KFC_v2,iterative,0.6837501918060458,0.028064992614475627
wikipedia,KFC_v2,iterative,0.683903636642627,0.028064992614475627
wikipedia,KFC_v2,iterative,0.6840570814792083,0.028064992614475627
wikipedia,KFC_v2,iterative,0.6842105263157895,0.028064992614475627
wikipedia,KFC_v2,iterative,0.6843639711523708,0.028064992614475627
wikipedia,KFC_v2,iterative,0.684517415988952,0.028064992614475627
wikipedia,KFC_v2,iterative,0.6846708608255333,0.028064992614475627
wikipedia,KFC_v2,iterative,0.6848243056621145,0.028064992614475627
wikipedia,KFC_v2,iterative,0.6849777504986958,0.028064992614475627
wikipedia,KFC_v2,iterative,0.685131195335277,0.028064992614475627
wikipedia,KFC_v2,iterative,0.6852846401718583,0.028064992614475627
wikipedia,KFC_v2,iterative,0.6854380850084395,0.028064992614475627
wikipedia,KFC_v2,iterative,0.6855915298450207,0.028064992614475627
wikipedia,KFC_v2,iterative,0.685744974681602,0.028064992614475627
wikipedia,KFC_v2,iterative,0.6858984195181832,0.028064992614475627
wikipedia,KFC_v2,iterative,0.6860518643547645,0.028064992614475627
wikipedia,KFC_v2,iterative,0.6862053091913457,0.028064992614475627
wikipedia,KFC_v2,iterative,0.686358754027927,0.028064992614475627
wikipedia,KFC_v2,iterative,0.6865121988645082,0.028064992614475627
wikipedia,KFC_v2,iterative,0.6866656437010895,0.028064992614475627
wikipedia,KFC_v2,iterative,0.6868190885376707,0.028064992614475627
wikipedia,KFC_v2,iterative,0.686972533374252,0.028064992614475627
wikipedia,KFC_v2,iterative,0.6871259782108332,0.028064992614475627
wikipedia,KFC_v2,iterative,0.6872794230474145,0.028064992614475627
wikipedia,KFC_v2,iterative,0.6874328678839957,0.028064992614475627
wikipedia,KFC_v2,iterative,0.687586312720577,0.028064992614475627
wikipedia,KFC_v2,iterative,0.6877397575571582,0.028064992614475627
wikipedia,KFC_v2,iterative,0.6878932023937395,0.028064992614475627
wikipedia,KFC_v2,iterative,0.6880466472303207,0.028064992614475627
wikipedia,KFC_v2,iterative,0.688200092066902,0.028064992614475627
wikipedia,KFC_v2,iterative,0.6883535369034832,0.028064992614475627
wikipedia,KFC_v2,iterative,0.6885069817400645,0.028064992614475627
wikipedia,KFC_v2,iterative,0.6886604265766457,0.028064992614475627
wikipedia,KFC_v2,iterative,0.688813871413227,0.028064992614475627
wikipedia,KFC_v2,iterative,0.6889673162498082,0.028064992614475627
wikipedia,KFC_v2,iterative,0.6891207610863894,0.028064992614475627
wikipedia,KFC_v2,iterative,0.6892742059229707,0.028064992614475627
wikipedia,KFC_v2,iterative,0.6894276507595519,0.028064992614475627
wikipedia,KFC_v2,iterative,0.6895810955961332,0.028064992614475627
wikipedia,KFC_v2,iterative,0.6897345404327144,0.028064992614475627
wikipedia,KFC_v2,iterative,0.6898879852692957,0.028064992614475627
wikipedia,KFC_v2,iterative,0.6900414301058769,0.028064992614475627
wikipedia,KFC_v2,iterative,0.6901948749424582,0.028064992614475627
wikipedia,KFC_v2,iterative,0.6903483197790394,0.028064992614475627
wikipedia,KFC_v2,iterative,0.6905017646156207,0.028064992614475627
wikipedia,KFC_v2,iterative,0.6906552094522019,0.028064992614475627
wikipedia,KFC_v2,iterative,0.6908086542887832,0.028064992614475627
wikipedia,KFC_v2,iterative,0.6909620991253644,0.028064992614475627
wikipedia,KFC_v2,iterative,0.6911155439619457,0.028064992614475627
wikipedia,KFC_v2,iterative,0.6912689887985269,0.028064992614475627
wikipedia,KFC_v2,iterative,0.6914224336351082,0.028064992614475627
wikipedia,KFC_v2,iterative,0.6915758784716894,0.028064992614475627
wikipedia,KFC_v2,iterative,0.6917293233082707,0.028064992614475627
wikipedia,KFC_v2,iterative,0.691882768144852,0.028064992614475627
wikipedia,KFC_v2,iterative,0.6920362129814333,0.028064992614475627
wikipedia,KFC_v2,iterative,0.6921896578180144,0.028064992614475627
wikipedia,KFC_v2,iterative,0.6923431026545958,0.028064992614475627
wikipedia,KFC_v2,iterative,0.692496547491177,0.025110782865583457
wikipedia,KFC_v2,iterative,0.6926499923277583,0.025110782865583457
wikipedia,KFC_v2,iterative,0.6928034371643395,0.025110782865583457
wikipedia,KFC_v2,iterative,0.6929568820009206,0.025110782865583457
wikipedia,KFC_v2,iterative,0.693110326837502,0.025110782865583457
wikipedia,KFC_v2,iterative,0.6932637716740832,0.025110782865583457
wikipedia,KFC_v2,iterative,0.6934172165106645,0.025110782865583457
wikipedia,KFC_v2,iterative,0.6935706613472457,0.025110782865583457
wikipedia,KFC_v2,iterative,0.693724106183827,0.025110782865583457
wikipedia,KFC_v2,iterative,0.6938775510204082,0.025110782865583457
wikipedia,KFC_v2,iterative,0.6940309958569895,0.025110782865583457
wikipedia,KFC_v2,iterative,0.6941844406935707,0.025110782865583457
wikipedia,KFC_v2,iterative,0.694337885530152,0.025110782865583457
wikipedia,KFC_v2,iterative,0.6944913303667332,0.025110782865583457
wikipedia,KFC_v2,iterative,0.6946447752033145,0.025110782865583457
wikipedia,KFC_v2,iterative,0.6947982200398957,0.025110782865583457
wikipedia,KFC_v2,iterative,0.694951664876477,0.025110782865583457
wikipedia,KFC_v2,iterative,0.6951051097130582,0.025110782865583457
wikipedia,KFC_v2,iterative,0.6952585545496395,0.025110782865583457
wikipedia,KFC_v2,iterative,0.6954119993862207,0.025110782865583457
wikipedia,KFC_v2,iterative,0.695565444222802,0.025110782865583457
wikipedia,KFC_v2,iterative,0.6957188890593832,0.025110782865583457
wikipedia,KFC_v2,iterative,0.6958723338959645,0.025110782865583457
wikipedia,KFC_v2,iterative,0.6960257787325457,0.025110782865583457
wikipedia,KFC_v2,iterative,0.696179223569127,0.025110782865583457
wikipedia,KFC_v2,iterative,0.6963326684057082,0.025110782865583457
wikipedia,KFC_v2,iterative,0.6964861132422895,0.025110782865583457
wikipedia,KFC_v2,iterative,0.6966395580788707,0.025110782865583457
wikipedia,KFC_v2,iterative,0.6967930029154519,0.025110782865583457
wikipedia,KFC_v2,iterative,0.6969464477520332,0.025110782865583457
wikipedia,KFC_v2,iterative,0.6970998925886144,0.025110782865583457
wikipedia,KFC_v2,iterative,0.6972533374251957,0.025110782865583457
wikipedia,KFC_v2,iterative,0.6974067822617769,0.025110782865583457
wikipedia,KFC_v2,iterative,0.6975602270983582,0.025110782865583457
wikipedia,KFC_v2,iterative,0.6977136719349394,0.025110782865583457
wikipedia,KFC_v2,iterative,0.6978671167715207,0.025110782865583457
wikipedia,KFC_v2,iterative,0.6980205616081019,0.025110782865583457
wikipedia,KFC_v2,iterative,0.6981740064446832,0.025110782865583457
wikipedia,KFC_v2,iterative,0.6983274512812644,0.025110782865583457
wikipedia,KFC_v2,iterative,0.6984808961178457,0.023633677991137372
wikipedia,KFC_v2,iterative,0.6986343409544269,0.023633677991137372
wikipedia,KFC_v2,iterative,0.6987877857910082,0.023633677991137372
wikipedia,KFC_v2,iterative,0.6989412306275894,0.023633677991137372
wikipedia,KFC_v2,iterative,0.6990946754641707,0.023633677991137372
wikipedia,KFC_v2,iterative,0.6992481203007519,0.023633677991137372
wikipedia,KFC_v2,iterative,0.6994015651373332,0.023633677991137372
wikipedia,KFC_v2,iterative,0.6995550099739144,0.023633677991137372
wikipedia,KFC_v2,iterative,0.6997084548104957,0.023633677991137372
wikipedia,KFC_v2,iterative,0.6998618996470769,0.023633677991137372
wikipedia,KFC_v2,iterative,0.7000153444836582,0.023633677991137372
wikipedia,KFC_v2,iterative,0.7001687893202394,0.023633677991137372
wikipedia,KFC_v2,iterative,0.7003222341568207,0.023633677991137372
wikipedia,KFC_v2,iterative,0.7004756789934019,0.023633677991137372
wikipedia,KFC_v2,iterative,0.7006291238299831,0.023633677991137372
wikipedia,KFC_v2,iterative,0.7007825686665644,0.023633677991137372
wikipedia,KFC_v2,iterative,0.7009360135031456,0.023633677991137372
wikipedia,KFC_v2,iterative,0.7010894583397269,0.023633677991137372
wikipedia,KFC_v2,iterative,0.7012429031763081,0.023633677991137372
wikipedia,KFC_v2,iterative,0.7013963480128894,0.023633677991137372
wikipedia,KFC_v2,iterative,0.7015497928494706,0.023633677991137372
wikipedia,KFC_v2,iterative,0.7017032376860519,0.023633677991137372
wikipedia,KFC_v2,iterative,0.7018566825226331,0.023633677991137372
wikipedia,KFC_v2,iterative,0.7020101273592144,0.023633677991137372
wikipedia,KFC_v2,iterative,0.7021635721957956,0.023633677991137372
wikipedia,KFC_v2,iterative,0.7023170170323769,0.023633677991137372
wikipedia,KFC_v2,iterative,0.7024704618689581,0.023633677991137372
wikipedia,KFC_v2,iterative,0.7026239067055394,0.023633677991137372
wikipedia,KFC_v2,iterative,0.7027773515421206,0.023633677991137372
wikipedia,KFC_v2,iterative,0.7029307963787019,0.023633677991137372
wikipedia,KFC_v2,iterative,0.7030842412152831,0.023633677991137372
wikipedia,KFC_v2,iterative,0.7032376860518644,0.023633677991137372
wikipedia,KFC_v2,iterative,0.7033911308884456,0.023633677991137372
wikipedia,KFC_v2,iterative,0.7035445757250269,0.023633677991137372
wikipedia,KFC_v2,iterative,0.7036980205616081,0.023633677991137372
wikipedia,KFC_v2,iterative,0.7038514653981894,0.023633677991137372
wikipedia,KFC_v2,iterative,0.7040049102347706,0.023633677991137372
wikipedia,KFC_v2,iterative,0.7041583550713519,0.023633677991137372
wikipedia,KFC_v2,iterative,0.7043117999079331,0.023633677991137372
wikipedia,KFC_v2,iterative,0.7044652447445143,0.023633677991137372
wikipedia,KFC_v2,iterative,0.7046186895810956,0.023633677991137372
wikipedia,KFC_v2,iterative,0.7047721344176768,0.023633677991137372
wikipedia,KFC_v2,iterative,0.7049255792542581,0.023633677991137372
wikipedia,KFC_v2,iterative,0.7050790240908393,0.023633677991137372
wikipedia,KFC_v2,iterative,0.7052324689274206,0.023633677991137372
wikipedia,KFC_v2,iterative,0.7053859137640018,0.023633677991137372
wikipedia,KFC_v2,iterative,0.7055393586005831,0.023633677991137372
wikipedia,KFC_v2,iterative,0.7056928034371643,0.023633677991137372
wikipedia,KFC_v2,iterative,0.7058462482737456,0.023633677991137372
wikipedia,KFC_v2,iterative,0.7059996931103268,0.023633677991137372
wikipedia,KFC_v2,iterative,0.7061531379469081,0.023633677991137372
wikipedia,KFC_v2,iterative,0.7063065827834893,0.023633677991137372
wikipedia,KFC_v2,iterative,0.7064600276200707,0.023633677991137372
wikipedia,KFC_v2,iterative,0.7066134724566518,0.023633677991137372
wikipedia,KFC_v2,iterative,0.7067669172932332,0.023633677991137372
wikipedia,KFC_v2,iterative,0.7069203621298144,0.023633677991137372
wikipedia,KFC_v2,iterative,0.7070738069663957,0.023633677991137372
wikipedia,KFC_v2,iterative,0.7072272518029769,0.023633677991137372
wikipedia,KFC_v2,iterative,0.7073806966395582,0.023633677991137372
wikipedia,KFC_v2,iterative,0.7075341414761394,0.023633677991137372
wikipedia,KFC_v2,iterative,0.7076875863127207,0.023633677991137372
wikipedia,KFC_v2,iterative,0.7078410311493019,0.023633677991137372
wikipedia,KFC_v2,iterative,0.7079944759858832,0.023633677991137372
wikipedia,KFC_v2,iterative,0.7081479208224644,0.023633677991137372
wikipedia,KFC_v2,iterative,0.7083013656590456,0.023633677991137372
wikipedia,KFC_v2,iterative,0.7084548104956269,0.023633677991137372
wikipedia,KFC_v2,iterative,0.7086082553322081,0.023633677991137372
wikipedia,KFC_v2,iterative,0.7087617001687894,0.023633677991137372
wikipedia,KFC_v2,iterative,0.7089151450053706,0.023633677991137372
wikipedia,KFC_v2,iterative,0.7090685898419519,0.023633677991137372
wikipedia,KFC_v2,iterative,0.7092220346785331,0.023633677991137372
wikipedia,KFC_v2,iterative,0.7093754795151144,0.023633677991137372
wikipedia,KFC_v2,iterative,0.7095289243516956,0.023633677991137372
wikipedia,KFC_v2,iterative,0.7096823691882769,0.023633677991137372
wikipedia,KFC_v2,iterative,0.7098358140248581,0.023633677991137372
wikipedia,KFC_v2,iterative,0.7099892588614394,0.023633677991137372
wikipedia,KFC_v2,iterative,0.7101427036980206,0.023633677991137372
wikipedia,KFC_v2,iterative,0.7102961485346019,0.023633677991137372
wikipedia,KFC_v2,iterative,0.7104495933711831,0.023633677991137372
wikipedia,KFC_v2,iterative,0.7106030382077644,0.023633677991137372
wikipedia,KFC_v2,iterative,0.7107564830443456,0.023633677991137372
wikipedia,KFC_v2,iterative,0.7109099278809269,0.023633677991137372
wikipedia,KFC_v2,iterative,0.7110633727175081,0.023633677991137372
wikipedia,KFC_v2,iterative,0.7112168175540894,0.023633677991137372
wikipedia,KFC_v2,iterative,0.7113702623906706,0.023633677991137372
wikipedia,KFC_v2,iterative,0.7115237072272519,0.023633677991137372
wikipedia,KFC_v2,iterative,0.7116771520638331,0.023633677991137372
wikipedia,KFC_v2,iterative,0.7118305969004143,0.023633677991137372
wikipedia,KFC_v2,iterative,0.7119840417369956,0.023633677991137372
wikipedia,KFC_v2,iterative,0.7121374865735768,0.023633677991137372
wikipedia,KFC_v2,iterative,0.7122909314101581,0.023633677991137372
wikipedia,KFC_v2,iterative,0.7124443762467393,0.023633677991137372
wikipedia,KFC_v2,iterative,0.7125978210833206,0.023633677991137372
wikipedia,KFC_v2,iterative,0.7127512659199018,0.023633677991137372
wikipedia,KFC_v2,iterative,0.7129047107564831,0.023633677991137372
wikipedia,KFC_v2,iterative,0.7130581555930643,0.023633677991137372
wikipedia,KFC_v2,iterative,0.7132116004296456,0.023633677991137372
wikipedia,KFC_v2,iterative,0.7133650452662268,0.023633677991137372
wikipedia,KFC_v2,iterative,0.7135184901028081,0.023633677991137372
wikipedia,KFC_v2,iterative,0.7136719349393893,0.023633677991137372
wikipedia,KFC_v2,iterative,0.7138253797759706,0.023633677991137372
wikipedia,KFC_v2,iterative,0.7139788246125518,0.023633677991137372
wikipedia,KFC_v2,iterative,0.7141322694491331,0.023633677991137372
wikipedia,KFC_v2,iterative,0.7142857142857143,0.023633677991137372
wikipedia,KFC_v2,iterative,0.7144391591222956,0.023633677991137372
wikipedia,KFC_v2,iterative,0.7145926039588768,0.023633677991137372
wikipedia,KFC_v2,iterative,0.7147460487954581,0.023633677991137372
wikipedia,KFC_v2,iterative,0.7148994936320393,0.023633677991137372
wikipedia,KFC_v2,iterative,0.7150529384686206,0.023633677991137372
wikipedia,KFC_v2,iterative,0.7152063833052018,0.023633677991137372
wikipedia,KFC_v2,iterative,0.7153598281417831,0.023633677991137372
wikipedia,KFC_v2,iterative,0.7155132729783643,0.023633677991137372
wikipedia,KFC_v2,iterative,0.7156667178149455,0.023633677991137372
wikipedia,KFC_v2,iterative,0.7158201626515268,0.023633677991137372
wikipedia,KFC_v2,iterative,0.715973607488108,0.023633677991137372
wikipedia,KFC_v2,iterative,0.7161270523246893,0.023633677991137372
wikipedia,KFC_v2,iterative,0.7162804971612705,0.023633677991137372
wikipedia,KFC_v2,iterative,0.7164339419978518,0.023633677991137372
wikipedia,KFC_v2,iterative,0.716587386834433,0.022156573116691284
wikipedia,KFC_v2,iterative,0.7167408316710143,0.022156573116691284
wikipedia,KFC_v2,iterative,0.7168942765075955,0.022156573116691284
wikipedia,KFC_v2,iterative,0.7170477213441768,0.022156573116691284
wikipedia,KFC_v2,iterative,0.717201166180758,0.022156573116691284
wikipedia,KFC_v2,iterative,0.7173546110173393,0.022156573116691284
wikipedia,KFC_v2,iterative,0.7175080558539205,0.022156573116691284
wikipedia,KFC_v2,iterative,0.7176615006905018,0.022156573116691284
wikipedia,KFC_v2,iterative,0.717814945527083,0.022156573116691284
wikipedia,KFC_v2,iterative,0.7179683903636643,0.022156573116691284
wikipedia,KFC_v2,iterative,0.7181218352002455,0.022156573116691284
wikipedia,KFC_v2,iterative,0.7182752800368268,0.022156573116691284
wikipedia,KFC_v2,iterative,0.718428724873408,0.022156573116691284
wikipedia,KFC_v2,iterative,0.7185821697099893,0.022156573116691284
wikipedia,KFC_v2,iterative,0.7187356145465705,0.022156573116691284
wikipedia,KFC_v2,iterative,0.7188890593831518,0.022156573116691284
wikipedia,KFC_v2,iterative,0.719042504219733,0.022156573116691284
wikipedia,KFC_v2,iterative,0.7191959490563143,0.022156573116691284
wikipedia,KFC_v2,iterative,0.7193493938928955,0.022156573116691284
wikipedia,KFC_v2,iterative,0.7195028387294767,0.022156573116691284
wikipedia,KFC_v2,iterative,0.719656283566058,0.022156573116691284
wikipedia,KFC_v2,iterative,0.7198097284026392,0.022156573116691284
wikipedia,KFC_v2,iterative,0.7199631732392205,0.022156573116691284
wikipedia,KFC_v2,iterative,0.7201166180758017,0.022156573116691284
wikipedia,KFC_v2,iterative,0.720270062912383,0.0206794682422452
wikipedia,KFC_v2,iterative,0.7204235077489642,0.0206794682422452
wikipedia,KFC_v2,iterative,0.7205769525855455,0.0206794682422452
wikipedia,KFC_v2,iterative,0.7207303974221267,0.0206794682422452
wikipedia,KFC_v2,iterative,0.720883842258708,0.0206794682422452
wikipedia,KFC_v2,iterative,0.7210372870952892,0.0206794682422452
wikipedia,KFC_v2,iterative,0.7211907319318706,0.0206794682422452
wikipedia,KFC_v2,iterative,0.7213441767684518,0.0206794682422452
wikipedia,KFC_v2,iterative,0.7214976216050331,0.0206794682422452
wikipedia,KFC_v2,iterative,0.7216510664416143,0.0206794682422452
wikipedia,KFC_v2,iterative,0.7218045112781956,0.0206794682422452
wikipedia,KFC_v2,iterative,0.7219579561147768,0.0206794682422452
wikipedia,KFC_v2,iterative,0.7221114009513581,0.0206794682422452
wikipedia,KFC_v2,iterative,0.7222648457879393,0.0206794682422452
wikipedia,KFC_v2,iterative,0.7224182906245206,0.0206794682422452
wikipedia,KFC_v2,iterative,0.7225717354611018,0.0206794682422452
wikipedia,KFC_v2,iterative,0.7227251802976831,0.0206794682422452
wikipedia,KFC_v2,iterative,0.7228786251342643,0.0206794682422452
wikipedia,KFC_v2,iterative,0.7230320699708456,0.0206794682422452
wikipedia,KFC_v2,iterative,0.7231855148074268,0.0206794682422452
wikipedia,KFC_v2,iterative,0.723338959644008,0.0206794682422452
wikipedia,KFC_v2,iterative,0.7234924044805893,0.0206794682422452
wikipedia,KFC_v2,iterative,0.7236458493171705,0.0206794682422452
wikipedia,KFC_v2,iterative,0.7237992941537518,0.0206794682422452
wikipedia,KFC_v2,iterative,0.723952738990333,0.0206794682422452
wikipedia,KFC_v2,iterative,0.7241061838269143,0.0206794682422452
wikipedia,KFC_v2,iterative,0.7242596286634955,0.0206794682422452
wikipedia,KFC_v2,iterative,0.7244130735000768,0.0206794682422452
wikipedia,KFC_v2,iterative,0.724566518336658,0.0206794682422452
wikipedia,KFC_v2,iterative,0.7247199631732393,0.0206794682422452
wikipedia,KFC_v2,iterative,0.7248734080098205,0.0206794682422452
wikipedia,KFC_v2,iterative,0.7250268528464018,0.0206794682422452
wikipedia,KFC_v2,iterative,0.725180297682983,0.0206794682422452
wikipedia,KFC_v2,iterative,0.7253337425195643,0.0206794682422452
wikipedia,KFC_v2,iterative,0.7254871873561455,0.0206794682422452
wikipedia,KFC_v2,iterative,0.7256406321927268,0.0206794682422452
wikipedia,KFC_v2,iterative,0.725794077029308,0.0206794682422452
wikipedia,KFC_v2,iterative,0.7259475218658893,0.0206794682422452
wikipedia,KFC_v2,iterative,0.7261009667024705,0.0206794682422452
wikipedia,KFC_v2,iterative,0.7262544115390518,0.0206794682422452
wikipedia,KFC_v2,iterative,0.726407856375633,0.0206794682422452
wikipedia,KFC_v2,iterative,0.7265613012122143,0.0206794682422452
wikipedia,KFC_v2,iterative,0.7267147460487955,0.0206794682422452
wikipedia,KFC_v2,iterative,0.7268681908853768,0.0206794682422452
wikipedia,KFC_v2,iterative,0.727021635721958,0.0206794682422452
wikipedia,KFC_v2,iterative,0.7271750805585392,0.0206794682422452
wikipedia,KFC_v2,iterative,0.7273285253951205,0.0206794682422452
wikipedia,KFC_v2,iterative,0.7274819702317017,0.0206794682422452
wikipedia,KFC_v2,iterative,0.727635415068283,0.0206794682422452
wikipedia,KFC_v2,iterative,0.7277888599048642,0.0206794682422452
wikipedia,KFC_v2,iterative,0.7279423047414455,0.0206794682422452
wikipedia,KFC_v2,iterative,0.7280957495780267,0.0206794682422452
wikipedia,KFC_v2,iterative,0.728249194414608,0.0206794682422452
wikipedia,KFC_v2,iterative,0.7284026392511892,0.0206794682422452
wikipedia,KFC_v2,iterative,0.7285560840877705,0.0206794682422452
wikipedia,KFC_v2,iterative,0.7287095289243517,0.0206794682422452
wikipedia,KFC_v2,iterative,0.728862973760933,0.0206794682422452
wikipedia,KFC_v2,iterative,0.7290164185975142,0.0206794682422452
wikipedia,KFC_v2,iterative,0.7291698634340955,0.0206794682422452
wikipedia,KFC_v2,iterative,0.7293233082706767,0.0206794682422452
wikipedia,KFC_v2,iterative,0.729476753107258,0.0206794682422452
wikipedia,KFC_v2,iterative,0.7296301979438392,0.0206794682422452
wikipedia,KFC_v2,iterative,0.7297836427804205,0.0206794682422452
wikipedia,KFC_v2,iterative,0.7299370876170017,0.0206794682422452
wikipedia,KFC_v2,iterative,0.730090532453583,0.0206794682422452
wikipedia,KFC_v2,iterative,0.7302439772901642,0.0206794682422452
wikipedia,KFC_v2,iterative,0.7303974221267455,0.0206794682422452
wikipedia,KFC_v2,iterative,0.7305508669633267,0.0206794682422452
wikipedia,KFC_v2,iterative,0.730704311799908,0.0206794682422452
wikipedia,KFC_v2,iterative,0.7308577566364892,0.0206794682422452
wikipedia,KFC_v2,iterative,0.7310112014730704,0.0206794682422452
wikipedia,KFC_v2,iterative,0.7311646463096517,0.0206794682422452
wikipedia,KFC_v2,iterative,0.7313180911462329,0.0206794682422452
wikipedia,KFC_v2,iterative,0.7314715359828142,0.0206794682422452
wikipedia,KFC_v2,iterative,0.7316249808193954,0.0206794682422452
wikipedia,KFC_v2,iterative,0.7317784256559767,0.0206794682422452
wikipedia,KFC_v2,iterative,0.7319318704925579,0.0206794682422452
wikipedia,KFC_v2,iterative,0.7320853153291392,0.0206794682422452
wikipedia,KFC_v2,iterative,0.7322387601657204,0.0206794682422452
wikipedia,KFC_v2,iterative,0.7323922050023017,0.0206794682422452
wikipedia,KFC_v2,iterative,0.7325456498388829,0.0206794682422452
wikipedia,KFC_v2,iterative,0.7326990946754642,0.0206794682422452
wikipedia,KFC_v2,iterative,0.7328525395120454,0.0206794682422452
wikipedia,KFC_v2,iterative,0.7330059843486267,0.0206794682422452
wikipedia,KFC_v2,iterative,0.7331594291852079,0.0206794682422452
wikipedia,KFC_v2,iterative,0.7333128740217892,0.0206794682422452
wikipedia,KFC_v2,iterative,0.7334663188583704,0.0206794682422452
wikipedia,KFC_v2,iterative,0.7336197636949517,0.0206794682422452
wikipedia,KFC_v2,iterative,0.7337732085315329,0.0206794682422452
wikipedia,KFC_v2,iterative,0.7339266533681142,0.0206794682422452
wikipedia,KFC_v2,iterative,0.7340800982046954,0.0206794682422452
wikipedia,KFC_v2,iterative,0.7342335430412767,0.0206794682422452
wikipedia,KFC_v2,iterative,0.7343869878778579,0.0206794682422452
wikipedia,KFC_v2,iterative,0.7345404327144391,0.0206794682422452
wikipedia,KFC_v2,iterative,0.7346938775510204,0.0206794682422452
wikipedia,KFC_v2,iterative,0.7348473223876016,0.0206794682422452
wikipedia,KFC_v2,iterative,0.735000767224183,0.0206794682422452
wikipedia,KFC_v2,iterative,0.7351542120607641,0.0206794682422452
wikipedia,KFC_v2,iterative,0.7353076568973455,0.0206794682422452
wikipedia,KFC_v2,iterative,0.7354611017339266,0.0206794682422452
wikipedia,KFC_v2,iterative,0.735614546570508,0.019202363367799114
wikipedia,KFC_v2,iterative,0.7357679914070892,0.019202363367799114
wikipedia,KFC_v2,iterative,0.7359214362436705,0.019202363367799114
wikipedia,KFC_v2,iterative,0.7360748810802517,0.019202363367799114
wikipedia,KFC_v2,iterative,0.736228325916833,0.019202363367799114
wikipedia,KFC_v2,iterative,0.7363817707534142,0.019202363367799114
wikipedia,KFC_v2,iterative,0.7365352155899955,0.019202363367799114
wikipedia,KFC_v2,iterative,0.7366886604265767,0.019202363367799114
wikipedia,KFC_v2,iterative,0.736842105263158,0.019202363367799114
wikipedia,KFC_v2,iterative,0.7369955500997392,0.019202363367799114
wikipedia,KFC_v2,iterative,0.7371489949363205,0.019202363367799114
wikipedia,KFC_v2,iterative,0.7373024397729017,0.019202363367799114
wikipedia,KFC_v2,iterative,0.737455884609483,0.019202363367799114
wikipedia,KFC_v2,iterative,0.7376093294460642,0.019202363367799114
wikipedia,KFC_v2,iterative,0.7377627742826455,0.019202363367799114
wikipedia,KFC_v2,iterative,0.7379162191192267,0.019202363367799114
wikipedia,KFC_v2,iterative,0.738069663955808,0.019202363367799114
wikipedia,KFC_v2,iterative,0.7382231087923892,0.019202363367799114
wikipedia,KFC_v2,iterative,0.7383765536289704,0.019202363367799114
wikipedia,KFC_v2,iterative,0.7385299984655517,0.019202363367799114
wikipedia,KFC_v2,iterative,0.7386834433021329,0.019202363367799114
wikipedia,KFC_v2,iterative,0.7388368881387142,0.019202363367799114
wikipedia,KFC_v2,iterative,0.7389903329752954,0.019202363367799114
wikipedia,KFC_v2,iterative,0.7391437778118767,0.019202363367799114
wikipedia,KFC_v2,iterative,0.7392972226484579,0.019202363367799114
wikipedia,KFC_v2,iterative,0.7394506674850392,0.019202363367799114
wikipedia,KFC_v2,iterative,0.7396041123216204,0.019202363367799114
wikipedia,KFC_v2,iterative,0.7397575571582017,0.019202363367799114
wikipedia,KFC_v2,iterative,0.7399110019947829,0.019202363367799114
wikipedia,KFC_v2,iterative,0.7400644468313642,0.019202363367799114
wikipedia,KFC_v2,iterative,0.7402178916679454,0.019202363367799114
wikipedia,KFC_v2,iterative,0.7403713365045267,0.019202363367799114
wikipedia,KFC_v2,iterative,0.7405247813411079,0.019202363367799114
wikipedia,KFC_v2,iterative,0.7406782261776892,0.019202363367799114
wikipedia,KFC_v2,iterative,0.7408316710142704,0.019202363367799114
wikipedia,KFC_v2,iterative,0.7409851158508517,0.019202363367799114
wikipedia,KFC_v2,iterative,0.7411385606874329,0.019202363367799114
wikipedia,KFC_v2,iterative,0.7412920055240142,0.019202363367799114
wikipedia,KFC_v2,iterative,0.7414454503605954,0.019202363367799114
wikipedia,KFC_v2,iterative,0.7415988951971767,0.019202363367799114
wikipedia,KFC_v2,iterative,0.7417523400337579,0.019202363367799114
wikipedia,KFC_v2,iterative,0.7419057848703392,0.019202363367799114
wikipedia,KFC_v2,iterative,0.7420592297069204,0.019202363367799114
wikipedia,KFC_v2,iterative,0.7422126745435016,0.019202363367799114
wikipedia,KFC_v2,iterative,0.7423661193800829,0.019202363367799114
wikipedia,KFC_v2,iterative,0.7425195642166641,0.019202363367799114
wikipedia,KFC_v2,iterative,0.7426730090532454,0.019202363367799114
wikipedia,KFC_v2,iterative,0.7428264538898266,0.019202363367799114
wikipedia,KFC_v2,iterative,0.7429798987264079,0.019202363367799114
wikipedia,KFC_v2,iterative,0.7431333435629891,0.019202363367799114
wikipedia,KFC_v2,iterative,0.7432867883995704,0.019202363367799114
wikipedia,KFC_v2,iterative,0.7434402332361516,0.019202363367799114
wikipedia,KFC_v2,iterative,0.7435936780727329,0.019202363367799114
wikipedia,KFC_v2,iterative,0.7437471229093141,0.019202363367799114
wikipedia,KFC_v2,iterative,0.7439005677458954,0.019202363367799114
wikipedia,KFC_v2,iterative,0.7440540125824766,0.019202363367799114
wikipedia,KFC_v2,iterative,0.7442074574190579,0.019202363367799114
wikipedia,KFC_v2,iterative,0.7443609022556391,0.019202363367799114
wikipedia,KFC_v2,iterative,0.7445143470922204,0.019202363367799114
wikipedia,KFC_v2,iterative,0.7446677919288016,0.019202363367799114
wikipedia,KFC_v2,iterative,0.7448212367653829,0.019202363367799114
wikipedia,KFC_v2,iterative,0.7449746816019641,0.019202363367799114
wikipedia,KFC_v2,iterative,0.7451281264385454,0.019202363367799114
wikipedia,KFC_v2,iterative,0.7452815712751266,0.019202363367799114
wikipedia,KFC_v2,iterative,0.7454350161117079,0.019202363367799114
wikipedia,KFC_v2,iterative,0.7455884609482891,0.019202363367799114
wikipedia,KFC_v2,iterative,0.7457419057848704,0.019202363367799114
wikipedia,KFC_v2,iterative,0.7458953506214516,0.019202363367799114
wikipedia,KFC_v2,iterative,0.7460487954580328,0.019202363367799114
wikipedia,KFC_v2,iterative,0.7462022402946141,0.019202363367799114
wikipedia,KFC_v2,iterative,0.7463556851311953,0.019202363367799114
wikipedia,KFC_v2,iterative,0.7465091299677766,0.019202363367799114
wikipedia,KFC_v2,iterative,0.7466625748043578,0.019202363367799114
wikipedia,KFC_v2,iterative,0.7468160196409391,0.019202363367799114
wikipedia,KFC_v2,iterative,0.7469694644775203,0.019202363367799114
wikipedia,KFC_v2,iterative,0.7471229093141016,0.019202363367799114
wikipedia,KFC_v2,iterative,0.7472763541506828,0.019202363367799114
wikipedia,KFC_v2,iterative,0.7474297989872641,0.019202363367799114
wikipedia,KFC_v2,iterative,0.7475832438238453,0.019202363367799114
wikipedia,KFC_v2,iterative,0.7477366886604266,0.019202363367799114
wikipedia,KFC_v2,iterative,0.7478901334970078,0.019202363367799114
wikipedia,KFC_v2,iterative,0.7480435783335891,0.019202363367799114
wikipedia,KFC_v2,iterative,0.7481970231701703,0.019202363367799114
wikipedia,KFC_v2,iterative,0.7483504680067516,0.019202363367799114
wikipedia,KFC_v2,iterative,0.7485039128433328,0.019202363367799114
wikipedia,KFC_v2,iterative,0.7486573576799141,0.019202363367799114
wikipedia,KFC_v2,iterative,0.7488108025164953,0.019202363367799114
wikipedia,KFC_v2,iterative,0.7489642473530767,0.019202363367799114
wikipedia,KFC_v2,iterative,0.7491176921896578,0.019202363367799114
wikipedia,KFC_v2,iterative,0.7492711370262392,0.01772525849335303
wikipedia,KFC_v2,iterative,0.7494245818628203,0.01772525849335303
wikipedia,KFC_v2,iterative,0.7495780266994017,0.01772525849335303
wikipedia,KFC_v2,iterative,0.7497314715359829,0.01772525849335303
wikipedia,KFC_v2,iterative,0.749884916372564,0.01772525849335303
wikipedia,KFC_v2,iterative,0.7500383612091454,0.01772525849335303
wikipedia,KFC_v2,iterative,0.7501918060457266,0.01772525849335303
wikipedia,KFC_v2,iterative,0.7503452508823079,0.01772525849335303
wikipedia,KFC_v2,iterative,0.750498695718889,0.01772525849335303
wikipedia,KFC_v2,iterative,0.7506521405554704,0.01772525849335303
wikipedia,KFC_v2,iterative,0.7508055853920516,0.01772525849335303
wikipedia,KFC_v2,iterative,0.7509590302286329,0.01772525849335303
wikipedia,KFC_v2,iterative,0.7511124750652141,0.01772525849335303
wikipedia,KFC_v2,iterative,0.7512659199017954,0.01772525849335303
wikipedia,KFC_v2,iterative,0.7514193647383766,0.01772525849335303
wikipedia,KFC_v2,iterative,0.7515728095749579,0.01772525849335303
wikipedia,KFC_v2,iterative,0.7517262544115391,0.01772525849335303
wikipedia,KFC_v2,iterative,0.7518796992481204,0.01772525849335303
wikipedia,KFC_v2,iterative,0.7520331440847016,0.01772525849335303
wikipedia,KFC_v2,iterative,0.7521865889212829,0.01772525849335303
wikipedia,KFC_v2,iterative,0.7523400337578641,0.01772525849335303
wikipedia,KFC_v2,iterative,0.7524934785944454,0.01772525849335303
wikipedia,KFC_v2,iterative,0.7526469234310266,0.01772525849335303
wikipedia,KFC_v2,iterative,0.7528003682676079,0.01772525849335303
wikipedia,KFC_v2,iterative,0.7529538131041891,0.01772525849335303
wikipedia,KFC_v2,iterative,0.7531072579407704,0.01772525849335303
wikipedia,KFC_v2,iterative,0.7532607027773516,0.01772525849335303
wikipedia,KFC_v2,iterative,0.7534141476139329,0.01772525849335303
wikipedia,KFC_v2,iterative,0.7535675924505141,0.01772525849335303
wikipedia,KFC_v2,iterative,0.7537210372870953,0.01772525849335303
wikipedia,KFC_v2,iterative,0.7538744821236766,0.01772525849335303
wikipedia,KFC_v2,iterative,0.7540279269602578,0.01772525849335303
wikipedia,KFC_v2,iterative,0.7541813717968391,0.01772525849335303
wikipedia,KFC_v2,iterative,0.7543348166334203,0.01772525849335303
wikipedia,KFC_v2,iterative,0.7544882614700016,0.01772525849335303
wikipedia,KFC_v2,iterative,0.7546417063065828,0.01772525849335303
wikipedia,KFC_v2,iterative,0.7547951511431641,0.01772525849335303
wikipedia,KFC_v2,iterative,0.7549485959797453,0.01772525849335303
wikipedia,KFC_v2,iterative,0.7551020408163266,0.01772525849335303
wikipedia,KFC_v2,iterative,0.7552554856529078,0.01772525849335303
wikipedia,KFC_v2,iterative,0.7554089304894891,0.01772525849335303
wikipedia,KFC_v2,iterative,0.7555623753260703,0.01772525849335303
wikipedia,KFC_v2,iterative,0.7557158201626516,0.01772525849335303
wikipedia,KFC_v2,iterative,0.7558692649992328,0.01772525849335303
wikipedia,KFC_v2,iterative,0.7560227098358141,0.01772525849335303
wikipedia,KFC_v2,iterative,0.7561761546723953,0.01772525849335303
wikipedia,KFC_v2,iterative,0.7563295995089766,0.01772525849335303
wikipedia,KFC_v2,iterative,0.7564830443455578,0.01772525849335303
wikipedia,KFC_v2,iterative,0.7566364891821391,0.01772525849335303
wikipedia,KFC_v2,iterative,0.7567899340187203,0.01772525849335303
wikipedia,KFC_v2,iterative,0.7569433788553016,0.01772525849335303
wikipedia,KFC_v2,iterative,0.7570968236918828,0.01772525849335303
wikipedia,KFC_v2,iterative,0.757250268528464,0.01772525849335303
wikipedia,KFC_v2,iterative,0.7574037133650453,0.01772525849335303
wikipedia,KFC_v2,iterative,0.7575571582016265,0.01772525849335303
wikipedia,KFC_v2,iterative,0.7577106030382078,0.01772525849335303
wikipedia,KFC_v2,iterative,0.757864047874789,0.01772525849335303
wikipedia,KFC_v2,iterative,0.7580174927113703,0.01772525849335303
wikipedia,KFC_v2,iterative,0.7581709375479515,0.01772525849335303
wikipedia,KFC_v2,iterative,0.7583243823845328,0.01772525849335303
wikipedia,KFC_v2,iterative,0.758477827221114,0.01772525849335303
wikipedia,KFC_v2,iterative,0.7586312720576953,0.01772525849335303
wikipedia,KFC_v2,iterative,0.7587847168942765,0.01772525849335303
wikipedia,KFC_v2,iterative,0.7589381617308578,0.01772525849335303
wikipedia,KFC_v2,iterative,0.759091606567439,0.01772525849335303
wikipedia,KFC_v2,iterative,0.7592450514040203,0.01772525849335303
wikipedia,KFC_v2,iterative,0.7593984962406015,0.01772525849335303
wikipedia,KFC_v2,iterative,0.7595519410771828,0.01772525849335303
wikipedia,KFC_v2,iterative,0.759705385913764,0.01772525849335303
wikipedia,KFC_v2,iterative,0.7598588307503453,0.01772525849335303
wikipedia,KFC_v2,iterative,0.7600122755869265,0.01772525849335303
wikipedia,KFC_v2,iterative,0.7601657204235078,0.01772525849335303
wikipedia,KFC_v2,iterative,0.760319165260089,0.01772525849335303
wikipedia,KFC_v2,iterative,0.7604726100966703,0.01772525849335303
wikipedia,KFC_v2,iterative,0.7606260549332515,0.01772525849335303
wikipedia,KFC_v2,iterative,0.7607794997698328,0.01772525849335303
wikipedia,KFC_v2,iterative,0.760932944606414,0.01772525849335303
wikipedia,KFC_v2,iterative,0.7610863894429952,0.01772525849335303
wikipedia,KFC_v2,iterative,0.7612398342795765,0.01772525849335303
wikipedia,KFC_v2,iterative,0.7613932791161577,0.01772525849335303
wikipedia,KFC_v2,iterative,0.761546723952739,0.01772525849335303
wikipedia,KFC_v2,iterative,0.7617001687893202,0.01772525849335303
wikipedia,KFC_v2,iterative,0.7618536136259015,0.01772525849335303
wikipedia,KFC_v2,iterative,0.7620070584624827,0.01772525849335303
wikipedia,KFC_v2,iterative,0.762160503299064,0.01772525849335303
wikipedia,KFC_v2,iterative,0.7623139481356452,0.01772525849335303
wikipedia,KFC_v2,iterative,0.7624673929722265,0.01772525849335303
wikipedia,KFC_v2,iterative,0.7626208378088077,0.01772525849335303
wikipedia,KFC_v2,iterative,0.762774282645389,0.01772525849335303
wikipedia,KFC_v2,iterative,0.7629277274819702,0.01772525849335303
wikipedia,KFC_v2,iterative,0.7630811723185515,0.01772525849335303
wikipedia,KFC_v2,iterative,0.7632346171551327,0.01772525849335303
wikipedia,KFC_v2,iterative,0.763388061991714,0.01772525849335303
wikipedia,KFC_v2,iterative,0.7635415068282952,0.01772525849335303
wikipedia,KFC_v2,iterative,0.7636949516648766,0.01772525849335303
wikipedia,KFC_v2,iterative,0.7638483965014577,0.01772525849335303
wikipedia,KFC_v2,iterative,0.7640018413380391,0.01772525849335303
wikipedia,KFC_v2,iterative,0.7641552861746203,0.01772525849335303
wikipedia,KFC_v2,iterative,0.7643087310112016,0.01772525849335303
wikipedia,KFC_v2,iterative,0.7644621758477828,0.01772525849335303
wikipedia,KFC_v2,iterative,0.7646156206843641,0.01772525849335303
wikipedia,KFC_v2,iterative,0.7647690655209453,0.01772525849335303
wikipedia,KFC_v2,iterative,0.7649225103575265,0.01772525849335303
wikipedia,KFC_v2,iterative,0.7650759551941078,0.01772525849335303
wikipedia,KFC_v2,iterative,0.765229400030689,0.01772525849335303
wikipedia,KFC_v2,iterative,0.7653828448672703,0.01772525849335303
wikipedia,KFC_v2,iterative,0.7655362897038515,0.01772525849335303
wikipedia,KFC_v2,iterative,0.7656897345404328,0.01772525849335303
wikipedia,KFC_v2,iterative,0.765843179377014,0.01772525849335303
wikipedia,KFC_v2,iterative,0.7659966242135953,0.01772525849335303
wikipedia,KFC_v2,iterative,0.7661500690501765,0.01772525849335303
wikipedia,KFC_v2,iterative,0.7663035138867578,0.01772525849335303
wikipedia,KFC_v2,iterative,0.766456958723339,0.01772525849335303
wikipedia,KFC_v2,iterative,0.7666104035599203,0.01772525849335303
wikipedia,KFC_v2,iterative,0.7667638483965015,0.01772525849335303
wikipedia,KFC_v2,iterative,0.7669172932330828,0.01772525849335303
wikipedia,KFC_v2,iterative,0.767070738069664,0.01772525849335303
wikipedia,KFC_v2,iterative,0.7672241829062453,0.01772525849335303
wikipedia,KFC_v2,iterative,0.7673776277428265,0.01772525849335303
wikipedia,KFC_v2,iterative,0.7675310725794078,0.01772525849335303
wikipedia,KFC_v2,iterative,0.767684517415989,0.01772525849335303
wikipedia,KFC_v2,iterative,0.7678379622525703,0.01772525849335303
wikipedia,KFC_v2,iterative,0.7679914070891515,0.01772525849335303
wikipedia,KFC_v2,iterative,0.7681448519257328,0.01772525849335303
wikipedia,KFC_v2,iterative,0.768298296762314,0.01772525849335303
wikipedia,KFC_v2,iterative,0.7684517415988953,0.01772525849335303
wikipedia,KFC_v2,iterative,0.7686051864354765,0.01772525849335303
wikipedia,KFC_v2,iterative,0.7687586312720577,0.01772525849335303
wikipedia,KFC_v2,iterative,0.768912076108639,0.01772525849335303
wikipedia,KFC_v2,iterative,0.7690655209452202,0.01772525849335303
wikipedia,KFC_v2,iterative,0.7692189657818015,0.01772525849335303
wikipedia,KFC_v2,iterative,0.7693724106183827,0.01772525849335303
wikipedia,KFC_v2,iterative,0.769525855454964,0.01772525849335303
wikipedia,KFC_v2,iterative,0.7696793002915452,0.01772525849335303
wikipedia,KFC_v2,iterative,0.7698327451281265,0.01772525849335303
wikipedia,KFC_v2,iterative,0.7699861899647077,0.01772525849335303
wikipedia,KFC_v2,iterative,0.770139634801289,0.01624815361890694
wikipedia,KFC_v2,iterative,0.7702930796378702,0.01624815361890694
wikipedia,KFC_v2,iterative,0.7704465244744515,0.01624815361890694
wikipedia,KFC_v2,iterative,0.7705999693110327,0.01624815361890694
wikipedia,KFC_v2,iterative,0.770753414147614,0.01624815361890694
wikipedia,KFC_v2,iterative,0.7709068589841952,0.01624815361890694
wikipedia,KFC_v2,iterative,0.7710603038207765,0.01624815361890694
wikipedia,KFC_v2,iterative,0.7712137486573577,0.01624815361890694
wikipedia,KFC_v2,iterative,0.771367193493939,0.01624815361890694
wikipedia,KFC_v2,iterative,0.7715206383305202,0.01624815361890694
wikipedia,KFC_v2,iterative,0.7716740831671015,0.01624815361890694
wikipedia,KFC_v2,iterative,0.7718275280036827,0.01624815361890694
wikipedia,KFC_v2,iterative,0.771980972840264,0.01624815361890694
wikipedia,KFC_v2,iterative,0.7721344176768452,0.01624815361890694
wikipedia,KFC_v2,iterative,0.7722878625134265,0.01624815361890694
wikipedia,KFC_v2,iterative,0.7724413073500077,0.01624815361890694
wikipedia,KFC_v2,iterative,0.7725947521865889,0.01624815361890694
wikipedia,KFC_v2,iterative,0.7727481970231702,0.01624815361890694
wikipedia,KFC_v2,iterative,0.7729016418597514,0.01624815361890694
wikipedia,KFC_v2,iterative,0.7730550866963327,0.01624815361890694
wikipedia,KFC_v2,iterative,0.7732085315329139,0.01624815361890694
wikipedia,KFC_v2,iterative,0.7733619763694952,0.01624815361890694
wikipedia,KFC_v2,iterative,0.7735154212060764,0.01624815361890694
wikipedia,KFC_v2,iterative,0.7736688660426577,0.01624815361890694
wikipedia,KFC_v2,iterative,0.7738223108792389,0.01624815361890694
wikipedia,KFC_v2,iterative,0.7739757557158202,0.01624815361890694
wikipedia,KFC_v2,iterative,0.7741292005524014,0.01624815361890694
wikipedia,KFC_v2,iterative,0.7742826453889827,0.01624815361890694
wikipedia,KFC_v2,iterative,0.7744360902255639,0.01624815361890694
wikipedia,KFC_v2,iterative,0.7745895350621452,0.01624815361890694
wikipedia,KFC_v2,iterative,0.7747429798987264,0.01624815361890694
wikipedia,KFC_v2,iterative,0.7748964247353077,0.01624815361890694
wikipedia,KFC_v2,iterative,0.7750498695718889,0.01624815361890694
wikipedia,KFC_v2,iterative,0.7752033144084702,0.01624815361890694
wikipedia,KFC_v2,iterative,0.7753567592450514,0.01624815361890694
wikipedia,KFC_v2,iterative,0.7755102040816327,0.01624815361890694
wikipedia,KFC_v2,iterative,0.7756636489182139,0.01624815361890694
wikipedia,KFC_v2,iterative,0.7758170937547952,0.014771048744460856
wikipedia,KFC_v2,iterative,0.7759705385913764,0.014771048744460856
wikipedia,KFC_v2,iterative,0.7761239834279577,0.014771048744460856
wikipedia,KFC_v2,iterative,0.7762774282645389,0.014771048744460856
wikipedia,KFC_v2,iterative,0.7764308731011201,0.014771048744460856
wikipedia,KFC_v2,iterative,0.7765843179377014,0.014771048744460856
wikipedia,KFC_v2,iterative,0.7767377627742826,0.014771048744460856
wikipedia,KFC_v2,iterative,0.7768912076108639,0.014771048744460856
wikipedia,KFC_v2,iterative,0.7770446524474451,0.014771048744460856
wikipedia,KFC_v2,iterative,0.7771980972840264,0.014771048744460856
wikipedia,KFC_v2,iterative,0.7773515421206076,0.014771048744460856
wikipedia,KFC_v2,iterative,0.777504986957189,0.014771048744460856
wikipedia,KFC_v2,iterative,0.7776584317937701,0.014771048744460856
wikipedia,KFC_v2,iterative,0.7778118766303515,0.014771048744460856
wikipedia,KFC_v2,iterative,0.7779653214669326,0.014771048744460856
wikipedia,KFC_v2,iterative,0.778118766303514,0.014771048744460856
wikipedia,KFC_v2,iterative,0.7782722111400951,0.014771048744460856
wikipedia,KFC_v2,iterative,0.7784256559766765,0.014771048744460856
wikipedia,KFC_v2,iterative,0.7785791008132577,0.014771048744460856
wikipedia,KFC_v2,iterative,0.778732545649839,0.014771048744460856
wikipedia,KFC_v2,iterative,0.7788859904864202,0.014771048744460856
wikipedia,KFC_v2,iterative,0.7790394353230015,0.014771048744460856
wikipedia,KFC_v2,iterative,0.7791928801595827,0.014771048744460856
wikipedia,KFC_v2,iterative,0.779346324996164,0.014771048744460856
wikipedia,KFC_v2,iterative,0.7794997698327452,0.014771048744460856
wikipedia,KFC_v2,iterative,0.7796532146693265,0.014771048744460856
wikipedia,KFC_v2,iterative,0.7798066595059077,0.014771048744460856
wikipedia,KFC_v2,iterative,0.7799601043424889,0.014771048744460856
wikipedia,KFC_v2,iterative,0.7801135491790702,0.014771048744460856
wikipedia,KFC_v2,iterative,0.7802669940156514,0.014771048744460856
wikipedia,KFC_v2,iterative,0.7804204388522327,0.014771048744460856
wikipedia,KFC_v2,iterative,0.7805738836888139,0.014771048744460856
wikipedia,KFC_v2,iterative,0.7807273285253952,0.014771048744460856
wikipedia,KFC_v2,iterative,0.7808807733619764,0.014771048744460856
wikipedia,KFC_v2,iterative,0.7810342181985577,0.014771048744460856
wikipedia,KFC_v2,iterative,0.7811876630351389,0.014771048744460856
wikipedia,KFC_v2,iterative,0.7813411078717202,0.014771048744460856
wikipedia,KFC_v2,iterative,0.7814945527083014,0.014771048744460856
wikipedia,KFC_v2,iterative,0.7816479975448827,0.014771048744460856
wikipedia,KFC_v2,iterative,0.7818014423814639,0.014771048744460856
wikipedia,KFC_v2,iterative,0.7819548872180452,0.014771048744460856
wikipedia,KFC_v2,iterative,0.7821083320546264,0.014771048744460856
wikipedia,KFC_v2,iterative,0.7822617768912077,0.014771048744460856
wikipedia,KFC_v2,iterative,0.7824152217277889,0.014771048744460856
wikipedia,KFC_v2,iterative,0.7825686665643702,0.014771048744460856
wikipedia,KFC_v2,iterative,0.7827221114009514,0.014771048744460856
wikipedia,KFC_v2,iterative,0.7828755562375327,0.014771048744460856
wikipedia,KFC_v2,iterative,0.7830290010741139,0.014771048744460856
wikipedia,KFC_v2,iterative,0.7831824459106952,0.014771048744460856
wikipedia,KFC_v2,iterative,0.7833358907472764,0.014771048744460856
wikipedia,KFC_v2,iterative,0.7834893355838577,0.014771048744460856
wikipedia,KFC_v2,iterative,0.7836427804204389,0.014771048744460856
wikipedia,KFC_v2,iterative,0.7837962252570201,0.014771048744460856
wikipedia,KFC_v2,iterative,0.7839496700936014,0.014771048744460856
wikipedia,KFC_v2,iterative,0.7841031149301826,0.014771048744460856
wikipedia,KFC_v2,iterative,0.7842565597667639,0.014771048744460856
wikipedia,KFC_v2,iterative,0.7844100046033451,0.014771048744460856
wikipedia,KFC_v2,iterative,0.7845634494399264,0.014771048744460856
wikipedia,KFC_v2,iterative,0.7847168942765076,0.014771048744460856
wikipedia,KFC_v2,iterative,0.7848703391130889,0.014771048744460856
wikipedia,KFC_v2,iterative,0.7850237839496701,0.014771048744460856
wikipedia,KFC_v2,iterative,0.7851772287862514,0.014771048744460856
wikipedia,KFC_v2,iterative,0.7853306736228326,0.014771048744460856
wikipedia,KFC_v2,iterative,0.7854841184594139,0.014771048744460856
wikipedia,KFC_v2,iterative,0.7856375632959951,0.014771048744460856
wikipedia,KFC_v2,iterative,0.7857910081325764,0.014771048744460856
wikipedia,KFC_v2,iterative,0.7859444529691576,0.014771048744460856
wikipedia,KFC_v2,iterative,0.7860978978057389,0.014771048744460856
wikipedia,KFC_v2,iterative,0.7862513426423201,0.014771048744460856
wikipedia,KFC_v2,iterative,0.7864047874789014,0.014771048744460856
wikipedia,KFC_v2,iterative,0.7865582323154826,0.014771048744460856
wikipedia,KFC_v2,iterative,0.7867116771520639,0.014771048744460856
wikipedia,KFC_v2,iterative,0.7868651219886451,0.014771048744460856
wikipedia,KFC_v2,iterative,0.7870185668252264,0.014771048744460856
wikipedia,KFC_v2,iterative,0.7871720116618076,0.014771048744460856
wikipedia,KFC_v2,iterative,0.7873254564983889,0.014771048744460856
wikipedia,KFC_v2,iterative,0.7874789013349701,0.014771048744460856
wikipedia,KFC_v2,iterative,0.7876323461715513,0.014771048744460856
wikipedia,KFC_v2,iterative,0.7877857910081326,0.014771048744460856
wikipedia,KFC_v2,iterative,0.7879392358447138,0.014771048744460856
wikipedia,KFC_v2,iterative,0.7880926806812951,0.014771048744460856
wikipedia,KFC_v2,iterative,0.7882461255178763,0.014771048744460856
wikipedia,KFC_v2,iterative,0.7883995703544576,0.014771048744460856
wikipedia,KFC_v2,iterative,0.7885530151910388,0.014771048744460856
wikipedia,KFC_v2,iterative,0.7887064600276201,0.014771048744460856
wikipedia,KFC_v2,iterative,0.7888599048642013,0.014771048744460856
wikipedia,KFC_v2,iterative,0.7890133497007826,0.014771048744460856
wikipedia,KFC_v2,iterative,0.7891667945373638,0.014771048744460856
wikipedia,KFC_v2,iterative,0.7893202393739451,0.014771048744460856
wikipedia,KFC_v2,iterative,0.7894736842105263,0.014771048744460856
wikipedia,KFC_v2,iterative,0.7896271290471076,0.014771048744460856
wikipedia,KFC_v2,iterative,0.7897805738836888,0.014771048744460856
wikipedia,KFC_v2,iterative,0.7899340187202701,0.014771048744460856
wikipedia,KFC_v2,iterative,0.7900874635568513,0.014771048744460856
wikipedia,KFC_v2,iterative,0.7902409083934326,0.014771048744460856
wikipedia,KFC_v2,iterative,0.7903943532300138,0.014771048744460856
wikipedia,KFC_v2,iterative,0.7905477980665951,0.014771048744460856
wikipedia,KFC_v2,iterative,0.7907012429031763,0.014771048744460856
wikipedia,KFC_v2,iterative,0.7908546877397576,0.014771048744460856
wikipedia,KFC_v2,iterative,0.7910081325763388,0.014771048744460856
wikipedia,KFC_v2,iterative,0.7911615774129201,0.014771048744460856
wikipedia,KFC_v2,iterative,0.7913150222495013,0.014771048744460856
wikipedia,KFC_v2,iterative,0.7914684670860825,0.014771048744460856
wikipedia,KFC_v2,iterative,0.7916219119226638,0.014771048744460856
wikipedia,KFC_v2,iterative,0.791775356759245,0.014771048744460856
wikipedia,KFC_v2,iterative,0.7919288015958263,0.014771048744460856
wikipedia,KFC_v2,iterative,0.7920822464324075,0.014771048744460856
wikipedia,KFC_v2,iterative,0.7922356912689889,0.014771048744460856
wikipedia,KFC_v2,iterative,0.79238913610557,0.014771048744460856
wikipedia,KFC_v2,iterative,0.7925425809421514,0.014771048744460856
wikipedia,KFC_v2,iterative,0.7926960257787325,0.014771048744460856
wikipedia,KFC_v2,iterative,0.7928494706153139,0.014771048744460856
wikipedia,KFC_v2,iterative,0.793002915451895,0.014771048744460856
wikipedia,KFC_v2,iterative,0.7931563602884764,0.014771048744460856
wikipedia,KFC_v2,iterative,0.7933098051250576,0.014771048744460856
wikipedia,KFC_v2,iterative,0.7934632499616389,0.014771048744460856
wikipedia,KFC_v2,iterative,0.7936166947982201,0.014771048744460856
wikipedia,KFC_v2,iterative,0.7937701396348014,0.014771048744460856
wikipedia,KFC_v2,iterative,0.7939235844713826,0.014771048744460856
wikipedia,KFC_v2,iterative,0.7940770293079639,0.014771048744460856
wikipedia,KFC_v2,iterative,0.7942304741445451,0.014771048744460856
wikipedia,KFC_v2,iterative,0.7943839189811264,0.014771048744460856
wikipedia,KFC_v2,iterative,0.7945373638177076,0.014771048744460856
wikipedia,KFC_v2,iterative,0.7946908086542889,0.014771048744460856
wikipedia,KFC_v2,iterative,0.7948442534908701,0.014771048744460856
wikipedia,KFC_v2,iterative,0.7949976983274514,0.014771048744460856
wikipedia,KFC_v2,iterative,0.7951511431640326,0.014771048744460856
wikipedia,KFC_v2,iterative,0.7953045880006138,0.014771048744460856
wikipedia,KFC_v2,iterative,0.7954580328371951,0.014771048744460856
wikipedia,KFC_v2,iterative,0.7956114776737763,0.014771048744460856
wikipedia,KFC_v2,iterative,0.7957649225103576,0.014771048744460856
wikipedia,KFC_v2,iterative,0.7959183673469388,0.014771048744460856
wikipedia,KFC_v2,iterative,0.7960718121835201,0.014771048744460856
wikipedia,KFC_v2,iterative,0.7962252570201013,0.014771048744460856
wikipedia,KFC_v2,iterative,0.7963787018566826,0.014771048744460856
wikipedia,KFC_v2,iterative,0.7965321466932638,0.014771048744460856
wikipedia,KFC_v2,iterative,0.7966855915298451,0.014771048744460856
wikipedia,KFC_v2,iterative,0.7968390363664263,0.014771048744460856
wikipedia,KFC_v2,iterative,0.7969924812030076,0.013293943870014771
wikipedia,KFC_v2,iterative,0.7971459260395888,0.013293943870014771
wikipedia,KFC_v2,iterative,0.7972993708761701,0.013293943870014771
wikipedia,KFC_v2,iterative,0.7974528157127513,0.013293943870014771
wikipedia,KFC_v2,iterative,0.7976062605493326,0.013293943870014771
wikipedia,KFC_v2,iterative,0.7977597053859138,0.013293943870014771
wikipedia,KFC_v2,iterative,0.7979131502224951,0.013293943870014771
wikipedia,KFC_v2,iterative,0.7980665950590763,0.013293943870014771
wikipedia,KFC_v2,iterative,0.7982200398956576,0.013293943870014771
wikipedia,KFC_v2,iterative,0.7983734847322388,0.013293943870014771
wikipedia,KFC_v2,iterative,0.7985269295688201,0.013293943870014771
wikipedia,KFC_v2,iterative,0.7986803744054013,0.013293943870014771
wikipedia,KFC_v2,iterative,0.7988338192419826,0.013293943870014771
wikipedia,KFC_v2,iterative,0.7989872640785638,0.013293943870014771
wikipedia,KFC_v2,iterative,0.799140708915145,0.013293943870014771
wikipedia,KFC_v2,iterative,0.7992941537517263,0.013293943870014771
wikipedia,KFC_v2,iterative,0.7994475985883075,0.013293943870014771
wikipedia,KFC_v2,iterative,0.7996010434248888,0.013293943870014771
wikipedia,KFC_v2,iterative,0.79975448826147,0.013293943870014771
wikipedia,KFC_v2,iterative,0.7999079330980513,0.013293943870014771
wikipedia,KFC_v2,iterative,0.8000613779346325,0.013293943870014771
wikipedia,KFC_v2,iterative,0.8002148227712138,0.013293943870014771
wikipedia,KFC_v2,iterative,0.800368267607795,0.013293943870014771
wikipedia,KFC_v2,iterative,0.8005217124443763,0.013293943870014771
wikipedia,KFC_v2,iterative,0.8006751572809575,0.013293943870014771
wikipedia,KFC_v2,iterative,0.8008286021175388,0.013293943870014771
wikipedia,KFC_v2,iterative,0.80098204695412,0.013293943870014771
wikipedia,KFC_v2,iterative,0.8011354917907013,0.013293943870014771
wikipedia,KFC_v2,iterative,0.8012889366272825,0.013293943870014771
wikipedia,KFC_v2,iterative,0.8014423814638638,0.013293943870014771
wikipedia,KFC_v2,iterative,0.801595826300445,0.013293943870014771
wikipedia,KFC_v2,iterative,0.8017492711370263,0.013293943870014771
wikipedia,KFC_v2,iterative,0.8019027159736075,0.013293943870014771
wikipedia,KFC_v2,iterative,0.8020561608101888,0.013293943870014771
wikipedia,KFC_v2,iterative,0.80220960564677,0.013293943870014771
wikipedia,KFC_v2,iterative,0.8023630504833513,0.013293943870014771
wikipedia,KFC_v2,iterative,0.8025164953199325,0.013293943870014771
wikipedia,KFC_v2,iterative,0.8026699401565138,0.013293943870014771
wikipedia,KFC_v2,iterative,0.802823384993095,0.013293943870014771
wikipedia,KFC_v2,iterative,0.8029768298296762,0.013293943870014771
wikipedia,KFC_v2,iterative,0.8031302746662575,0.013293943870014771
wikipedia,KFC_v2,iterative,0.8032837195028387,0.013293943870014771
wikipedia,KFC_v2,iterative,0.80343716433942,0.013293943870014771
wikipedia,KFC_v2,iterative,0.8035906091760012,0.013293943870014771
wikipedia,KFC_v2,iterative,0.8037440540125825,0.013293943870014771
wikipedia,KFC_v2,iterative,0.8038974988491637,0.013293943870014771
wikipedia,KFC_v2,iterative,0.804050943685745,0.013293943870014771
wikipedia,KFC_v2,iterative,0.8042043885223262,0.013293943870014771
wikipedia,KFC_v2,iterative,0.8043578333589075,0.013293943870014771
wikipedia,KFC_v2,iterative,0.8045112781954887,0.013293943870014771
wikipedia,KFC_v2,iterative,0.80466472303207,0.013293943870014771
wikipedia,KFC_v2,iterative,0.8048181678686512,0.013293943870014771
wikipedia,KFC_v2,iterative,0.8049716127052325,0.013293943870014771
wikipedia,KFC_v2,iterative,0.8051250575418137,0.013293943870014771
wikipedia,KFC_v2,iterative,0.805278502378395,0.013293943870014771
wikipedia,KFC_v2,iterative,0.8054319472149762,0.013293943870014771
wikipedia,KFC_v2,iterative,0.8055853920515575,0.013293943870014771
wikipedia,KFC_v2,iterative,0.8057388368881387,0.013293943870014771
wikipedia,KFC_v2,iterative,0.80589228172472,0.013293943870014771
wikipedia,KFC_v2,iterative,0.8060457265613012,0.013293943870014771
wikipedia,KFC_v2,iterative,0.8061991713978826,0.013293943870014771
wikipedia,KFC_v2,iterative,0.8063526162344637,0.013293943870014771
wikipedia,KFC_v2,iterative,0.8065060610710449,0.013293943870014771
wikipedia,KFC_v2,iterative,0.8066595059076263,0.013293943870014771
wikipedia,KFC_v2,iterative,0.8068129507442074,0.013293943870014771
wikipedia,KFC_v2,iterative,0.8069663955807888,0.013293943870014771
wikipedia,KFC_v2,iterative,0.80711984041737,0.013293943870014771
wikipedia,KFC_v2,iterative,0.8072732852539513,0.013293943870014771
wikipedia,KFC_v2,iterative,0.8074267300905325,0.013293943870014771
wikipedia,KFC_v2,iterative,0.8075801749271138,0.013293943870014771
wikipedia,KFC_v2,iterative,0.807733619763695,0.013293943870014771
wikipedia,KFC_v2,iterative,0.8078870646002763,0.013293943870014771
wikipedia,KFC_v2,iterative,0.8080405094368575,0.013293943870014771
wikipedia,KFC_v2,iterative,0.8081939542734388,0.013293943870014771
wikipedia,KFC_v2,iterative,0.80834739911002,0.013293943870014771
wikipedia,KFC_v2,iterative,0.8085008439466013,0.013293943870014771
wikipedia,KFC_v2,iterative,0.8086542887831825,0.013293943870014771
wikipedia,KFC_v2,iterative,0.8088077336197638,0.013293943870014771
wikipedia,KFC_v2,iterative,0.808961178456345,0.013293943870014771
wikipedia,KFC_v2,iterative,0.8091146232929263,0.013293943870014771
wikipedia,KFC_v2,iterative,0.8092680681295075,0.013293943870014771
wikipedia,KFC_v2,iterative,0.8094215129660888,0.013293943870014771
wikipedia,KFC_v2,iterative,0.80957495780267,0.013293943870014771
wikipedia,KFC_v2,iterative,0.8097284026392513,0.013293943870014771
wikipedia,KFC_v2,iterative,0.8098818474758325,0.013293943870014771
wikipedia,KFC_v2,iterative,0.8100352923124138,0.013293943870014771
wikipedia,KFC_v2,iterative,0.810188737148995,0.013293943870014771
wikipedia,KFC_v2,iterative,0.8103421819855762,0.013293943870014771
wikipedia,KFC_v2,iterative,0.8104956268221575,0.013293943870014771
wikipedia,KFC_v2,iterative,0.8106490716587387,0.013293943870014771
wikipedia,KFC_v2,iterative,0.81080251649532,0.013293943870014771
wikipedia,KFC_v2,iterative,0.8109559613319012,0.013293943870014771
wikipedia,KFC_v2,iterative,0.8111094061684825,0.013293943870014771
wikipedia,KFC_v2,iterative,0.8112628510050637,0.013293943870014771
wikipedia,KFC_v2,iterative,0.811416295841645,0.013293943870014771
wikipedia,KFC_v2,iterative,0.8115697406782262,0.013293943870014771
wikipedia,KFC_v2,iterative,0.8117231855148075,0.013293943870014771
wikipedia,KFC_v2,iterative,0.8118766303513887,0.013293943870014771
wikipedia,KFC_v2,iterative,0.81203007518797,0.013293943870014771
wikipedia,KFC_v2,iterative,0.8121835200245512,0.013293943870014771
wikipedia,KFC_v2,iterative,0.8123369648611325,0.013293943870014771
wikipedia,KFC_v2,iterative,0.8124904096977137,0.013293943870014771
wikipedia,KFC_v2,iterative,0.812643854534295,0.013293943870014771
wikipedia,KFC_v2,iterative,0.8127972993708762,0.013293943870014771
wikipedia,KFC_v2,iterative,0.8129507442074575,0.013293943870014771
wikipedia,KFC_v2,iterative,0.8131041890440387,0.013293943870014771
wikipedia,KFC_v2,iterative,0.81325763388062,0.013293943870014771
wikipedia,KFC_v2,iterative,0.8134110787172012,0.013293943870014771
wikipedia,KFC_v2,iterative,0.8135645235537825,0.013293943870014771
wikipedia,KFC_v2,iterative,0.8137179683903637,0.013293943870014771
wikipedia,KFC_v2,iterative,0.813871413226945,0.013293943870014771
wikipedia,KFC_v2,iterative,0.8140248580635262,0.013293943870014771
wikipedia,KFC_v2,iterative,0.8141783029001074,0.013293943870014771
wikipedia,KFC_v2,iterative,0.8143317477366887,0.013293943870014771
wikipedia,KFC_v2,iterative,0.8144851925732699,0.013293943870014771
wikipedia,KFC_v2,iterative,0.8146386374098512,0.013293943870014771
wikipedia,KFC_v2,iterative,0.8147920822464324,0.013293943870014771
wikipedia,KFC_v2,iterative,0.8149455270830137,0.013293943870014771
wikipedia,KFC_v2,iterative,0.8150989719195949,0.013293943870014771
wikipedia,KFC_v2,iterative,0.8152524167561762,0.013293943870014771
wikipedia,KFC_v2,iterative,0.8154058615927574,0.013293943870014771
wikipedia,KFC_v2,iterative,0.8155593064293387,0.013293943870014771
wikipedia,KFC_v2,iterative,0.8157127512659199,0.013293943870014771
wikipedia,KFC_v2,iterative,0.8158661961025012,0.013293943870014771
wikipedia,KFC_v2,iterative,0.8160196409390824,0.013293943870014771
wikipedia,KFC_v2,iterative,0.8161730857756637,0.013293943870014771
wikipedia,KFC_v2,iterative,0.8163265306122449,0.013293943870014771
wikipedia,KFC_v2,iterative,0.8164799754488262,0.013293943870014771
wikipedia,KFC_v2,iterative,0.8166334202854074,0.013293943870014771
wikipedia,KFC_v2,iterative,0.8167868651219887,0.013293943870014771
wikipedia,KFC_v2,iterative,0.8169403099585699,0.013293943870014771
wikipedia,KFC_v2,iterative,0.8170937547951512,0.013293943870014771
wikipedia,KFC_v2,iterative,0.8172471996317324,0.013293943870014771
wikipedia,KFC_v2,iterative,0.8174006444683137,0.013293943870014771
wikipedia,KFC_v2,iterative,0.8175540893048949,0.013293943870014771
wikipedia,KFC_v2,iterative,0.8177075341414762,0.013293943870014771
wikipedia,KFC_v2,iterative,0.8178609789780574,0.013293943870014771
wikipedia,KFC_v2,iterative,0.8180144238146386,0.013293943870014771
wikipedia,KFC_v2,iterative,0.8181678686512199,0.013293943870014771
wikipedia,KFC_v2,iterative,0.8183213134878011,0.013293943870014771
wikipedia,KFC_v2,iterative,0.8184747583243824,0.013293943870014771
wikipedia,KFC_v2,iterative,0.8186282031609636,0.013293943870014771
wikipedia,KFC_v2,iterative,0.8187816479975449,0.011816838995568686
wikipedia,KFC_v2,iterative,0.8189350928341261,0.011816838995568686
wikipedia,KFC_v2,iterative,0.8190885376707074,0.011816838995568686
wikipedia,KFC_v2,iterative,0.8192419825072886,0.011816838995568686
wikipedia,KFC_v2,iterative,0.8193954273438699,0.011816838995568686
wikipedia,KFC_v2,iterative,0.8195488721804511,0.011816838995568686
wikipedia,KFC_v2,iterative,0.8197023170170324,0.011816838995568686
wikipedia,KFC_v2,iterative,0.8198557618536136,0.011816838995568686
wikipedia,KFC_v2,iterative,0.820009206690195,0.011816838995568686
wikipedia,KFC_v2,iterative,0.8201626515267761,0.011816838995568686
wikipedia,KFC_v2,iterative,0.8203160963633574,0.011816838995568686
wikipedia,KFC_v2,iterative,0.8204695411999386,0.011816838995568686
wikipedia,KFC_v2,iterative,0.82062298603652,0.011816838995568686
wikipedia,KFC_v2,iterative,0.8207764308731011,0.011816838995568686
wikipedia,KFC_v2,iterative,0.8209298757096825,0.011816838995568686
wikipedia,KFC_v2,iterative,0.8210833205462637,0.011816838995568686
wikipedia,KFC_v2,iterative,0.821236765382845,0.011816838995568686
wikipedia,KFC_v2,iterative,0.8213902102194262,0.011816838995568686
wikipedia,KFC_v2,iterative,0.8215436550560075,0.011816838995568686
wikipedia,KFC_v2,iterative,0.8216970998925887,0.011816838995568686
wikipedia,KFC_v2,iterative,0.8218505447291699,0.011816838995568686
wikipedia,KFC_v2,iterative,0.8220039895657512,0.011816838995568686
wikipedia,KFC_v2,iterative,0.8221574344023324,0.011816838995568686
wikipedia,KFC_v2,iterative,0.8223108792389137,0.011816838995568686
wikipedia,KFC_v2,iterative,0.8224643240754949,0.011816838995568686
wikipedia,KFC_v2,iterative,0.8226177689120762,0.011816838995568686
wikipedia,KFC_v2,iterative,0.8227712137486574,0.011816838995568686
wikipedia,KFC_v2,iterative,0.8229246585852387,0.011816838995568686
wikipedia,KFC_v2,iterative,0.8230781034218199,0.011816838995568686
wikipedia,KFC_v2,iterative,0.8232315482584012,0.011816838995568686
wikipedia,KFC_v2,iterative,0.8233849930949824,0.011816838995568686
wikipedia,KFC_v2,iterative,0.8235384379315637,0.011816838995568686
wikipedia,KFC_v2,iterative,0.8236918827681449,0.011816838995568686
wikipedia,KFC_v2,iterative,0.8238453276047262,0.011816838995568686
wikipedia,KFC_v2,iterative,0.8239987724413074,0.011816838995568686
wikipedia,KFC_v2,iterative,0.8241522172778887,0.011816838995568686
wikipedia,KFC_v2,iterative,0.8243056621144699,0.011816838995568686
wikipedia,KFC_v2,iterative,0.8244591069510512,0.011816838995568686
wikipedia,KFC_v2,iterative,0.8246125517876324,0.011816838995568686
wikipedia,KFC_v2,iterative,0.8247659966242137,0.011816838995568686
wikipedia,KFC_v2,iterative,0.8249194414607949,0.011816838995568686
wikipedia,KFC_v2,iterative,0.8250728862973762,0.011816838995568686
wikipedia,KFC_v2,iterative,0.8252263311339574,0.011816838995568686
wikipedia,KFC_v2,iterative,0.8253797759705387,0.011816838995568686
wikipedia,KFC_v2,iterative,0.8255332208071199,0.011816838995568686
wikipedia,KFC_v2,iterative,0.8256866656437011,0.011816838995568686
wikipedia,KFC_v2,iterative,0.8258401104802824,0.011816838995568686
wikipedia,KFC_v2,iterative,0.8259935553168636,0.011816838995568686
wikipedia,KFC_v2,iterative,0.8261470001534449,0.011816838995568686
wikipedia,KFC_v2,iterative,0.8263004449900261,0.011816838995568686
wikipedia,KFC_v2,iterative,0.8264538898266074,0.011816838995568686
wikipedia,KFC_v2,iterative,0.8266073346631886,0.011816838995568686
wikipedia,KFC_v2,iterative,0.8267607794997699,0.011816838995568686
wikipedia,KFC_v2,iterative,0.8269142243363511,0.011816838995568686
wikipedia,KFC_v2,iterative,0.8270676691729324,0.011816838995568686
wikipedia,KFC_v2,iterative,0.8272211140095136,0.011816838995568686
wikipedia,KFC_v2,iterative,0.8273745588460949,0.011816838995568686
wikipedia,KFC_v2,iterative,0.8275280036826761,0.011816838995568686
wikipedia,KFC_v2,iterative,0.8276814485192574,0.011816838995568686
wikipedia,KFC_v2,iterative,0.8278348933558386,0.011816838995568686
wikipedia,KFC_v2,iterative,0.8279883381924199,0.011816838995568686
wikipedia,KFC_v2,iterative,0.8281417830290011,0.011816838995568686
wikipedia,KFC_v2,iterative,0.8282952278655824,0.011816838995568686
wikipedia,KFC_v2,iterative,0.8284486727021636,0.011816838995568686
wikipedia,KFC_v2,iterative,0.8286021175387449,0.011816838995568686
wikipedia,KFC_v2,iterative,0.8287555623753261,0.011816838995568686
wikipedia,KFC_v2,iterative,0.8289090072119074,0.011816838995568686
wikipedia,KFC_v2,iterative,0.8290624520484886,0.011816838995568686
wikipedia,KFC_v2,iterative,0.8292158968850698,0.011816838995568686
wikipedia,KFC_v2,iterative,0.8293693417216511,0.011816838995568686
wikipedia,KFC_v2,iterative,0.8295227865582323,0.011816838995568686
wikipedia,KFC_v2,iterative,0.8296762313948136,0.011816838995568686
wikipedia,KFC_v2,iterative,0.8298296762313948,0.011816838995568686
wikipedia,KFC_v2,iterative,0.8299831210679761,0.011816838995568686
wikipedia,KFC_v2,iterative,0.8301365659045573,0.011816838995568686
wikipedia,KFC_v2,iterative,0.8302900107411386,0.011816838995568686
wikipedia,KFC_v2,iterative,0.8304434555777198,0.011816838995568686
wikipedia,KFC_v2,iterative,0.8305969004143011,0.011816838995568686
wikipedia,KFC_v2,iterative,0.8307503452508823,0.011816838995568686
wikipedia,KFC_v2,iterative,0.8309037900874636,0.011816838995568686
wikipedia,KFC_v2,iterative,0.8310572349240448,0.011816838995568686
wikipedia,KFC_v2,iterative,0.8312106797606261,0.011816838995568686
wikipedia,KFC_v2,iterative,0.8313641245972073,0.011816838995568686
wikipedia,KFC_v2,iterative,0.8315175694337886,0.011816838995568686
wikipedia,KFC_v2,iterative,0.8316710142703698,0.011816838995568686
wikipedia,KFC_v2,iterative,0.8318244591069511,0.011816838995568686
wikipedia,KFC_v2,iterative,0.8319779039435323,0.011816838995568686
wikipedia,KFC_v2,iterative,0.8321313487801136,0.011816838995568686
wikipedia,KFC_v2,iterative,0.8322847936166948,0.011816838995568686
wikipedia,KFC_v2,iterative,0.8324382384532761,0.011816838995568686
wikipedia,KFC_v2,iterative,0.8325916832898573,0.011816838995568686
wikipedia,KFC_v2,iterative,0.8327451281264386,0.011816838995568686
wikipedia,KFC_v2,iterative,0.8328985729630198,0.011816838995568686
wikipedia,KFC_v2,iterative,0.833052017799601,0.011816838995568686
wikipedia,KFC_v2,iterative,0.8332054626361823,0.011816838995568686
wikipedia,KFC_v2,iterative,0.8333589074727635,0.011816838995568686
wikipedia,KFC_v2,iterative,0.8335123523093448,0.011816838995568686
wikipedia,KFC_v2,iterative,0.833665797145926,0.011816838995568686
wikipedia,KFC_v2,iterative,0.8338192419825073,0.011816838995568686
wikipedia,KFC_v2,iterative,0.8339726868190885,0.011816838995568686
wikipedia,KFC_v2,iterative,0.8341261316556698,0.011816838995568686
wikipedia,KFC_v2,iterative,0.834279576492251,0.011816838995568686
wikipedia,KFC_v2,iterative,0.8344330213288323,0.011816838995568686
wikipedia,KFC_v2,iterative,0.8345864661654135,0.011816838995568686
wikipedia,KFC_v2,iterative,0.8347399110019948,0.011816838995568686
wikipedia,KFC_v2,iterative,0.834893355838576,0.011816838995568686
wikipedia,KFC_v2,iterative,0.8350468006751574,0.011816838995568686
wikipedia,KFC_v2,iterative,0.8352002455117385,0.011816838995568686
wikipedia,KFC_v2,iterative,0.8353536903483199,0.011816838995568686
wikipedia,KFC_v2,iterative,0.835507135184901,0.011816838995568686
wikipedia,KFC_v2,iterative,0.8356605800214824,0.0103397341211226
wikipedia,KFC_v2,iterative,0.8358140248580636,0.0103397341211226
wikipedia,KFC_v2,iterative,0.8359674696946449,0.0103397341211226
wikipedia,KFC_v2,iterative,0.8361209145312261,0.0103397341211226
wikipedia,KFC_v2,iterative,0.8362743593678074,0.0103397341211226
wikipedia,KFC_v2,iterative,0.8364278042043886,0.0103397341211226
wikipedia,KFC_v2,iterative,0.8365812490409699,0.0103397341211226
wikipedia,KFC_v2,iterative,0.8367346938775511,0.0103397341211226
wikipedia,KFC_v2,iterative,0.8368881387141323,0.0103397341211226
wikipedia,KFC_v2,iterative,0.8370415835507136,0.0103397341211226
wikipedia,KFC_v2,iterative,0.8371950283872948,0.0103397341211226
wikipedia,KFC_v2,iterative,0.8373484732238761,0.0103397341211226
wikipedia,KFC_v2,iterative,0.8375019180604573,0.0103397341211226
wikipedia,KFC_v2,iterative,0.8376553628970386,0.0103397341211226
wikipedia,KFC_v2,iterative,0.8378088077336198,0.0103397341211226
wikipedia,KFC_v2,iterative,0.8379622525702011,0.0103397341211226
wikipedia,KFC_v2,iterative,0.8381156974067823,0.0103397341211226
wikipedia,KFC_v2,iterative,0.8382691422433636,0.0103397341211226
wikipedia,KFC_v2,iterative,0.8384225870799448,0.0103397341211226
wikipedia,KFC_v2,iterative,0.8385760319165261,0.0103397341211226
wikipedia,KFC_v2,iterative,0.8387294767531073,0.0103397341211226
wikipedia,KFC_v2,iterative,0.8388829215896886,0.0103397341211226
wikipedia,KFC_v2,iterative,0.8390363664262698,0.0103397341211226
wikipedia,KFC_v2,iterative,0.8391898112628511,0.0103397341211226
wikipedia,KFC_v2,iterative,0.8393432560994323,0.0103397341211226
wikipedia,KFC_v2,iterative,0.8394967009360136,0.0103397341211226
wikipedia,KFC_v2,iterative,0.8396501457725948,0.0103397341211226
wikipedia,KFC_v2,iterative,0.8398035906091761,0.0103397341211226
wikipedia,KFC_v2,iterative,0.8399570354457573,0.0103397341211226
wikipedia,KFC_v2,iterative,0.8401104802823386,0.0103397341211226
wikipedia,KFC_v2,iterative,0.8402639251189198,0.0103397341211226
wikipedia,KFC_v2,iterative,0.8404173699555011,0.0103397341211226
wikipedia,KFC_v2,iterative,0.8405708147920823,0.0103397341211226
wikipedia,KFC_v2,iterative,0.8407242596286635,0.0103397341211226
wikipedia,KFC_v2,iterative,0.8408777044652448,0.0103397341211226
wikipedia,KFC_v2,iterative,0.841031149301826,0.0103397341211226
wikipedia,KFC_v2,iterative,0.8411845941384073,0.0103397341211226
wikipedia,KFC_v2,iterative,0.8413380389749885,0.0103397341211226
wikipedia,KFC_v2,iterative,0.8414914838115698,0.0103397341211226
wikipedia,KFC_v2,iterative,0.841644928648151,0.0103397341211226
wikipedia,KFC_v2,iterative,0.8417983734847323,0.0103397341211226
wikipedia,KFC_v2,iterative,0.8419518183213135,0.0103397341211226
wikipedia,KFC_v2,iterative,0.8421052631578948,0.0103397341211226
wikipedia,KFC_v2,iterative,0.842258707994476,0.0103397341211226
wikipedia,KFC_v2,iterative,0.8424121528310573,0.0103397341211226
wikipedia,KFC_v2,iterative,0.8425655976676385,0.0103397341211226
wikipedia,KFC_v2,iterative,0.8427190425042198,0.0103397341211226
wikipedia,KFC_v2,iterative,0.842872487340801,0.0103397341211226
wikipedia,KFC_v2,iterative,0.8430259321773823,0.0103397341211226
wikipedia,KFC_v2,iterative,0.8431793770139635,0.0103397341211226
wikipedia,KFC_v2,iterative,0.8433328218505448,0.0103397341211226
wikipedia,KFC_v2,iterative,0.843486266687126,0.0103397341211226
wikipedia,KFC_v2,iterative,0.8436397115237073,0.0103397341211226
wikipedia,KFC_v2,iterative,0.8437931563602885,0.0103397341211226
wikipedia,KFC_v2,iterative,0.8439466011968698,0.0103397341211226
wikipedia,KFC_v2,iterative,0.844100046033451,0.0103397341211226
wikipedia,KFC_v2,iterative,0.8442534908700323,0.0103397341211226
wikipedia,KFC_v2,iterative,0.8444069357066135,0.0103397341211226
wikipedia,KFC_v2,iterative,0.8445603805431947,0.0103397341211226
wikipedia,KFC_v2,iterative,0.844713825379776,0.0103397341211226
wikipedia,KFC_v2,iterative,0.8448672702163572,0.0103397341211226
wikipedia,KFC_v2,iterative,0.8450207150529385,0.0103397341211226
wikipedia,KFC_v2,iterative,0.8451741598895197,0.0103397341211226
wikipedia,KFC_v2,iterative,0.845327604726101,0.0103397341211226
wikipedia,KFC_v2,iterative,0.8454810495626822,0.0103397341211226
wikipedia,KFC_v2,iterative,0.8456344943992635,0.0103397341211226
wikipedia,KFC_v2,iterative,0.8457879392358447,0.0103397341211226
wikipedia,KFC_v2,iterative,0.845941384072426,0.0103397341211226
wikipedia,KFC_v2,iterative,0.8460948289090072,0.0103397341211226
wikipedia,KFC_v2,iterative,0.8462482737455885,0.0103397341211226
wikipedia,KFC_v2,iterative,0.8464017185821697,0.0103397341211226
wikipedia,KFC_v2,iterative,0.846555163418751,0.0103397341211226
wikipedia,KFC_v2,iterative,0.8467086082553322,0.0103397341211226
wikipedia,KFC_v2,iterative,0.8468620530919135,0.0103397341211226
wikipedia,KFC_v2,iterative,0.8470154979284947,0.0103397341211226
wikipedia,KFC_v2,iterative,0.847168942765076,0.0103397341211226
wikipedia,KFC_v2,iterative,0.8473223876016572,0.0103397341211226
wikipedia,KFC_v2,iterative,0.8474758324382385,0.0103397341211226
wikipedia,KFC_v2,iterative,0.8476292772748197,0.0103397341211226
wikipedia,KFC_v2,iterative,0.847782722111401,0.0103397341211226
wikipedia,KFC_v2,iterative,0.8479361669479822,0.0103397341211226
wikipedia,KFC_v2,iterative,0.8480896117845635,0.0103397341211226
wikipedia,KFC_v2,iterative,0.8482430566211447,0.0103397341211226
wikipedia,KFC_v2,iterative,0.8483965014577259,0.0103397341211226
wikipedia,KFC_v2,iterative,0.8485499462943072,0.0103397341211226
wikipedia,KFC_v2,iterative,0.8487033911308884,0.0103397341211226
wikipedia,KFC_v2,iterative,0.8488568359674697,0.0103397341211226
wikipedia,KFC_v2,iterative,0.8490102808040509,0.0103397341211226
wikipedia,KFC_v2,iterative,0.8491637256406322,0.0103397341211226
wikipedia,KFC_v2,iterative,0.8493171704772134,0.0103397341211226
wikipedia,KFC_v2,iterative,0.8494706153137948,0.0103397341211226
wikipedia,KFC_v2,iterative,0.849624060150376,0.0103397341211226
wikipedia,KFC_v2,iterative,0.8497775049869573,0.0103397341211226
wikipedia,KFC_v2,iterative,0.8499309498235385,0.0103397341211226
wikipedia,KFC_v2,iterative,0.8500843946601198,0.0103397341211226
wikipedia,KFC_v2,iterative,0.850237839496701,0.0103397341211226
wikipedia,KFC_v2,iterative,0.8503912843332823,0.0103397341211226
wikipedia,KFC_v2,iterative,0.8505447291698635,0.0103397341211226
wikipedia,KFC_v2,iterative,0.8506981740064448,0.0103397341211226
wikipedia,KFC_v2,iterative,0.850851618843026,0.0103397341211226
wikipedia,KFC_v2,iterative,0.8510050636796073,0.0103397341211226
wikipedia,KFC_v2,iterative,0.8511585085161885,0.0103397341211226
wikipedia,KFC_v2,iterative,0.8513119533527698,0.0103397341211226
wikipedia,KFC_v2,iterative,0.851465398189351,0.0103397341211226
wikipedia,KFC_v2,iterative,0.8516188430259323,0.0103397341211226
wikipedia,KFC_v2,iterative,0.8517722878625135,0.0103397341211226
wikipedia,KFC_v2,iterative,0.8519257326990947,0.0103397341211226
wikipedia,KFC_v2,iterative,0.852079177535676,0.0103397341211226
wikipedia,KFC_v2,iterative,0.8522326223722572,0.0103397341211226
wikipedia,KFC_v2,iterative,0.8523860672088385,0.0103397341211226
wikipedia,KFC_v2,iterative,0.8525395120454197,0.0103397341211226
wikipedia,KFC_v2,iterative,0.852692956882001,0.0103397341211226
wikipedia,KFC_v2,iterative,0.8528464017185822,0.0103397341211226
wikipedia,KFC_v2,iterative,0.8529998465551635,0.0103397341211226
wikipedia,KFC_v2,iterative,0.8531532913917447,0.0103397341211226
wikipedia,KFC_v2,iterative,0.853306736228326,0.0103397341211226
wikipedia,KFC_v2,iterative,0.8534601810649072,0.0103397341211226
wikipedia,KFC_v2,iterative,0.8536136259014885,0.0103397341211226
wikipedia,KFC_v2,iterative,0.8537670707380697,0.0103397341211226
wikipedia,KFC_v2,iterative,0.853920515574651,0.0103397341211226
wikipedia,KFC_v2,iterative,0.8540739604112322,0.0103397341211226
wikipedia,KFC_v2,iterative,0.8542274052478135,0.0103397341211226
wikipedia,KFC_v2,iterative,0.8543808500843947,0.0103397341211226
wikipedia,KFC_v2,iterative,0.854534294920976,0.0103397341211226
wikipedia,KFC_v2,iterative,0.8546877397575572,0.008862629246676515
wikipedia,KFC_v2,iterative,0.8548411845941385,0.008862629246676515
wikipedia,KFC_v2,iterative,0.8549946294307197,0.008862629246676515
wikipedia,KFC_v2,iterative,0.855148074267301,0.008862629246676515
wikipedia,KFC_v2,iterative,0.8553015191038822,0.008862629246676515
wikipedia,KFC_v2,iterative,0.8554549639404635,0.008862629246676515
wikipedia,KFC_v2,iterative,0.8556084087770447,0.008862629246676515
wikipedia,KFC_v2,iterative,0.8557618536136259,0.008862629246676515
wikipedia,KFC_v2,iterative,0.8559152984502072,0.008862629246676515
wikipedia,KFC_v2,iterative,0.8560687432867884,0.008862629246676515
wikipedia,KFC_v2,iterative,0.8562221881233697,0.008862629246676515
wikipedia,KFC_v2,iterative,0.8563756329599509,0.008862629246676515
wikipedia,KFC_v2,iterative,0.8565290777965322,0.008862629246676515
wikipedia,KFC_v2,iterative,0.8566825226331134,0.008862629246676515
wikipedia,KFC_v2,iterative,0.8568359674696947,0.008862629246676515
wikipedia,KFC_v2,iterative,0.8569894123062759,0.008862629246676515
wikipedia,KFC_v2,iterative,0.8571428571428572,0.008862629246676515
wikipedia,KFC_v2,iterative,0.8572963019794384,0.008862629246676515
wikipedia,KFC_v2,iterative,0.8574497468160197,0.008862629246676515
wikipedia,KFC_v2,iterative,0.8576031916526009,0.008862629246676515
wikipedia,KFC_v2,iterative,0.8577566364891822,0.008862629246676515
wikipedia,KFC_v2,iterative,0.8579100813257634,0.008862629246676515
wikipedia,KFC_v2,iterative,0.8580635261623447,0.008862629246676515
wikipedia,KFC_v2,iterative,0.8582169709989259,0.008862629246676515
wikipedia,KFC_v2,iterative,0.8583704158355072,0.008862629246676515
wikipedia,KFC_v2,iterative,0.8585238606720884,0.008862629246676515
wikipedia,KFC_v2,iterative,0.8586773055086697,0.008862629246676515
wikipedia,KFC_v2,iterative,0.8588307503452509,0.008862629246676515
wikipedia,KFC_v2,iterative,0.8589841951818322,0.008862629246676515
wikipedia,KFC_v2,iterative,0.8591376400184134,0.008862629246676515
wikipedia,KFC_v2,iterative,0.8592910848549947,0.008862629246676515
wikipedia,KFC_v2,iterative,0.8594445296915759,0.008862629246676515
wikipedia,KFC_v2,iterative,0.8595979745281571,0.008862629246676515
wikipedia,KFC_v2,iterative,0.8597514193647384,0.008862629246676515
wikipedia,KFC_v2,iterative,0.8599048642013196,0.008862629246676515
wikipedia,KFC_v2,iterative,0.8600583090379009,0.008862629246676515
wikipedia,KFC_v2,iterative,0.8602117538744821,0.008862629246676515
wikipedia,KFC_v2,iterative,0.8603651987110634,0.008862629246676515
wikipedia,KFC_v2,iterative,0.8605186435476446,0.008862629246676515
wikipedia,KFC_v2,iterative,0.8606720883842259,0.008862629246676515
wikipedia,KFC_v2,iterative,0.8608255332208071,0.008862629246676515
wikipedia,KFC_v2,iterative,0.8609789780573884,0.008862629246676515
wikipedia,KFC_v2,iterative,0.8611324228939696,0.008862629246676515
wikipedia,KFC_v2,iterative,0.8612858677305509,0.008862629246676515
wikipedia,KFC_v2,iterative,0.8614393125671321,0.008862629246676515
wikipedia,KFC_v2,iterative,0.8615927574037134,0.008862629246676515
wikipedia,KFC_v2,iterative,0.8617462022402946,0.008862629246676515
wikipedia,KFC_v2,iterative,0.8618996470768759,0.008862629246676515
wikipedia,KFC_v2,iterative,0.8620530919134571,0.008862629246676515
wikipedia,KFC_v2,iterative,0.8622065367500384,0.008862629246676515
wikipedia,KFC_v2,iterative,0.8623599815866196,0.008862629246676515
wikipedia,KFC_v2,iterative,0.862513426423201,0.008862629246676515
wikipedia,KFC_v2,iterative,0.8626668712597821,0.008862629246676515
wikipedia,KFC_v2,iterative,0.8628203160963634,0.008862629246676515
wikipedia,KFC_v2,iterative,0.8629737609329446,0.008862629246676515
wikipedia,KFC_v2,iterative,0.863127205769526,0.008862629246676515
wikipedia,KFC_v2,iterative,0.8632806506061071,0.008862629246676515
wikipedia,KFC_v2,iterative,0.8634340954426883,0.008862629246676515
wikipedia,KFC_v2,iterative,0.8635875402792696,0.008862629246676515
wikipedia,KFC_v2,iterative,0.8637409851158508,0.008862629246676515
wikipedia,KFC_v2,iterative,0.8638944299524322,0.008862629246676515
wikipedia,KFC_v2,iterative,0.8640478747890133,0.008862629246676515
wikipedia,KFC_v2,iterative,0.8642013196255947,0.008862629246676515
wikipedia,KFC_v2,iterative,0.8643547644621759,0.008862629246676515
wikipedia,KFC_v2,iterative,0.8645082092987572,0.008862629246676515
wikipedia,KFC_v2,iterative,0.8646616541353384,0.008862629246676515
wikipedia,KFC_v2,iterative,0.8648150989719197,0.008862629246676515
wikipedia,KFC_v2,iterative,0.8649685438085009,0.008862629246676515
wikipedia,KFC_v2,iterative,0.8651219886450822,0.008862629246676515
wikipedia,KFC_v2,iterative,0.8652754334816634,0.008862629246676515
wikipedia,KFC_v2,iterative,0.8654288783182447,0.008862629246676515
wikipedia,KFC_v2,iterative,0.8655823231548259,0.008862629246676515
wikipedia,KFC_v2,iterative,0.8657357679914072,0.008862629246676515
wikipedia,KFC_v2,iterative,0.8658892128279884,0.008862629246676515
wikipedia,KFC_v2,iterative,0.8660426576645697,0.008862629246676515
wikipedia,KFC_v2,iterative,0.8661961025011509,0.008862629246676515
wikipedia,KFC_v2,iterative,0.8663495473377322,0.008862629246676515
wikipedia,KFC_v2,iterative,0.8665029921743134,0.008862629246676515
wikipedia,KFC_v2,iterative,0.8666564370108947,0.008862629246676515
wikipedia,KFC_v2,iterative,0.8668098818474759,0.008862629246676515
wikipedia,KFC_v2,iterative,0.8669633266840572,0.008862629246676515
wikipedia,KFC_v2,iterative,0.8671167715206384,0.008862629246676515
wikipedia,KFC_v2,iterative,0.8672702163572196,0.008862629246676515
wikipedia,KFC_v2,iterative,0.8674236611938009,0.008862629246676515
wikipedia,KFC_v2,iterative,0.8675771060303821,0.008862629246676515
wikipedia,KFC_v2,iterative,0.8677305508669634,0.008862629246676515
wikipedia,KFC_v2,iterative,0.8678839957035446,0.008862629246676515
wikipedia,KFC_v2,iterative,0.8680374405401259,0.008862629246676515
wikipedia,KFC_v2,iterative,0.8681908853767071,0.008862629246676515
wikipedia,KFC_v2,iterative,0.8683443302132884,0.008862629246676515
wikipedia,KFC_v2,iterative,0.8684977750498696,0.008862629246676515
wikipedia,KFC_v2,iterative,0.8686512198864509,0.008862629246676515
wikipedia,KFC_v2,iterative,0.8688046647230321,0.008862629246676515
wikipedia,KFC_v2,iterative,0.8689581095596134,0.008862629246676515
wikipedia,KFC_v2,iterative,0.8691115543961946,0.008862629246676515
wikipedia,KFC_v2,iterative,0.8692649992327759,0.008862629246676515
wikipedia,KFC_v2,iterative,0.8694184440693571,0.008862629246676515
wikipedia,KFC_v2,iterative,0.8695718889059384,0.008862629246676515
wikipedia,KFC_v2,iterative,0.8697253337425196,0.008862629246676515
wikipedia,KFC_v2,iterative,0.8698787785791009,0.008862629246676515
wikipedia,KFC_v2,iterative,0.8700322234156821,0.008862629246676515
wikipedia,KFC_v2,iterative,0.8701856682522634,0.008862629246676515
wikipedia,KFC_v2,iterative,0.8703391130888446,0.008862629246676515
wikipedia,KFC_v2,iterative,0.8704925579254259,0.008862629246676515
wikipedia,KFC_v2,iterative,0.8706460027620071,0.008862629246676515
wikipedia,KFC_v2,iterative,0.8707994475985884,0.008862629246676515
wikipedia,KFC_v2,iterative,0.8709528924351696,0.008862629246676515
wikipedia,KFC_v2,iterative,0.8711063372717508,0.008862629246676515
wikipedia,KFC_v2,iterative,0.8712597821083321,0.008862629246676515
wikipedia,KFC_v2,iterative,0.8714132269449133,0.008862629246676515
wikipedia,KFC_v2,iterative,0.8715666717814946,0.008862629246676515
wikipedia,KFC_v2,iterative,0.8717201166180758,0.008862629246676515
wikipedia,KFC_v2,iterative,0.8718735614546571,0.008862629246676515
wikipedia,KFC_v2,iterative,0.8720270062912383,0.008862629246676515
wikipedia,KFC_v2,iterative,0.8721804511278196,0.008862629246676515
wikipedia,KFC_v2,iterative,0.8723338959644008,0.008862629246676515
wikipedia,KFC_v2,iterative,0.8724873408009821,0.008862629246676515
wikipedia,KFC_v2,iterative,0.8726407856375633,0.008862629246676515
wikipedia,KFC_v2,iterative,0.8727942304741446,0.008862629246676515
wikipedia,KFC_v2,iterative,0.8729476753107258,0.008862629246676515
wikipedia,KFC_v2,iterative,0.8731011201473071,0.008862629246676515
wikipedia,KFC_v2,iterative,0.8732545649838883,0.008862629246676515
wikipedia,KFC_v2,iterative,0.8734080098204696,0.008862629246676515
wikipedia,KFC_v2,iterative,0.8735614546570508,0.008862629246676515
wikipedia,KFC_v2,iterative,0.8737148994936321,0.008862629246676515
wikipedia,KFC_v2,iterative,0.8738683443302133,0.008862629246676515
wikipedia,KFC_v2,iterative,0.8740217891667946,0.008862629246676515
wikipedia,KFC_v2,iterative,0.8741752340033758,0.008862629246676515
wikipedia,KFC_v2,iterative,0.8743286788399571,0.008862629246676515
wikipedia,KFC_v2,iterative,0.8744821236765383,0.008862629246676515
wikipedia,KFC_v2,iterative,0.8746355685131195,0.008862629246676515
wikipedia,KFC_v2,iterative,0.8747890133497008,0.008862629246676515
wikipedia,KFC_v2,iterative,0.874942458186282,0.008862629246676515
wikipedia,KFC_v2,iterative,0.8750959030228633,0.008862629246676515
wikipedia,KFC_v2,iterative,0.8752493478594445,0.008862629246676515
wikipedia,KFC_v2,iterative,0.8754027926960258,0.008862629246676515
wikipedia,KFC_v2,iterative,0.875556237532607,0.008862629246676515
wikipedia,KFC_v2,iterative,0.8757096823691883,0.008862629246676515
wikipedia,KFC_v2,iterative,0.8758631272057695,0.008862629246676515
wikipedia,KFC_v2,iterative,0.8760165720423508,0.008862629246676515
wikipedia,KFC_v2,iterative,0.876170016878932,0.008862629246676515
wikipedia,KFC_v2,iterative,0.8763234617155133,0.008862629246676515
wikipedia,KFC_v2,iterative,0.8764769065520945,0.008862629246676515
wikipedia,KFC_v2,iterative,0.8766303513886758,0.008862629246676515
wikipedia,KFC_v2,iterative,0.876783796225257,0.008862629246676515
wikipedia,KFC_v2,iterative,0.8769372410618383,0.008862629246676515
wikipedia,KFC_v2,iterative,0.8770906858984195,0.008862629246676515
wikipedia,KFC_v2,iterative,0.8772441307350008,0.008862629246676515
wikipedia,KFC_v2,iterative,0.877397575571582,0.007385524372230428
wikipedia,KFC_v2,iterative,0.8775510204081634,0.007385524372230428
wikipedia,KFC_v2,iterative,0.8777044652447445,0.007385524372230428
wikipedia,KFC_v2,iterative,0.8778579100813259,0.007385524372230428
wikipedia,KFC_v2,iterative,0.878011354917907,0.007385524372230428
wikipedia,KFC_v2,iterative,0.8781647997544884,0.007385524372230428
wikipedia,KFC_v2,iterative,0.8783182445910696,0.007385524372230428
wikipedia,KFC_v2,iterative,0.8784716894276507,0.007385524372230428
wikipedia,KFC_v2,iterative,0.878625134264232,0.007385524372230428
wikipedia,KFC_v2,iterative,0.8787785791008133,0.007385524372230428
wikipedia,KFC_v2,iterative,0.8789320239373946,0.007385524372230428
wikipedia,KFC_v2,iterative,0.8790854687739758,0.007385524372230428
wikipedia,KFC_v2,iterative,0.8792389136105571,0.007385524372230428
wikipedia,KFC_v2,iterative,0.8793923584471383,0.007385524372230428
wikipedia,KFC_v2,iterative,0.8795458032837196,0.007385524372230428
wikipedia,KFC_v2,iterative,0.8796992481203008,0.007385524372230428
wikipedia,KFC_v2,iterative,0.8798526929568821,0.007385524372230428
wikipedia,KFC_v2,iterative,0.8800061377934633,0.007385524372230428
wikipedia,KFC_v2,iterative,0.8801595826300446,0.007385524372230428
wikipedia,KFC_v2,iterative,0.8803130274666258,0.007385524372230428
wikipedia,KFC_v2,iterative,0.8804664723032071,0.007385524372230428
wikipedia,KFC_v2,iterative,0.8806199171397883,0.007385524372230428
wikipedia,KFC_v2,iterative,0.8807733619763696,0.007385524372230428
wikipedia,KFC_v2,iterative,0.8809268068129508,0.007385524372230428
wikipedia,KFC_v2,iterative,0.8810802516495321,0.007385524372230428
wikipedia,KFC_v2,iterative,0.8812336964861133,0.007385524372230428
wikipedia,KFC_v2,iterative,0.8813871413226946,0.007385524372230428
wikipedia,KFC_v2,iterative,0.8815405861592758,0.007385524372230428
wikipedia,KFC_v2,iterative,0.8816940309958571,0.007385524372230428
wikipedia,KFC_v2,iterative,0.8818474758324383,0.007385524372230428
wikipedia,KFC_v2,iterative,0.8820009206690196,0.007385524372230428
wikipedia,KFC_v2,iterative,0.8821543655056008,0.007385524372230428
wikipedia,KFC_v2,iterative,0.882307810342182,0.007385524372230428
wikipedia,KFC_v2,iterative,0.8824612551787633,0.007385524372230428
wikipedia,KFC_v2,iterative,0.8826147000153445,0.007385524372230428
wikipedia,KFC_v2,iterative,0.8827681448519258,0.007385524372230428
wikipedia,KFC_v2,iterative,0.882921589688507,0.007385524372230428
wikipedia,KFC_v2,iterative,0.8830750345250883,0.007385524372230428
wikipedia,KFC_v2,iterative,0.8832284793616695,0.007385524372230428
wikipedia,KFC_v2,iterative,0.8833819241982508,0.007385524372230428
wikipedia,KFC_v2,iterative,0.883535369034832,0.007385524372230428
wikipedia,KFC_v2,iterative,0.8836888138714133,0.007385524372230428
wikipedia,KFC_v2,iterative,0.8838422587079945,0.007385524372230428
wikipedia,KFC_v2,iterative,0.8839957035445758,0.007385524372230428
wikipedia,KFC_v2,iterative,0.884149148381157,0.007385524372230428
wikipedia,KFC_v2,iterative,0.8843025932177383,0.007385524372230428
wikipedia,KFC_v2,iterative,0.8844560380543195,0.007385524372230428
wikipedia,KFC_v2,iterative,0.8846094828909008,0.007385524372230428
wikipedia,KFC_v2,iterative,0.884762927727482,0.007385524372230428
wikipedia,KFC_v2,iterative,0.8849163725640633,0.007385524372230428
wikipedia,KFC_v2,iterative,0.8850698174006445,0.007385524372230428
wikipedia,KFC_v2,iterative,0.8852232622372258,0.007385524372230428
wikipedia,KFC_v2,iterative,0.885376707073807,0.007385524372230428
wikipedia,KFC_v2,iterative,0.8855301519103883,0.007385524372230428
wikipedia,KFC_v2,iterative,0.8856835967469695,0.007385524372230428
wikipedia,KFC_v2,iterative,0.8858370415835508,0.007385524372230428
wikipedia,KFC_v2,iterative,0.885990486420132,0.007385524372230428
wikipedia,KFC_v2,iterative,0.8861439312567132,0.007385524372230428
wikipedia,KFC_v2,iterative,0.8862973760932945,0.007385524372230428
wikipedia,KFC_v2,iterative,0.8864508209298757,0.007385524372230428
wikipedia,KFC_v2,iterative,0.886604265766457,0.007385524372230428
wikipedia,KFC_v2,iterative,0.8867577106030382,0.007385524372230428
wikipedia,KFC_v2,iterative,0.8869111554396195,0.007385524372230428
wikipedia,KFC_v2,iterative,0.8870646002762007,0.007385524372230428
wikipedia,KFC_v2,iterative,0.887218045112782,0.007385524372230428
wikipedia,KFC_v2,iterative,0.8873714899493632,0.007385524372230428
wikipedia,KFC_v2,iterative,0.8875249347859445,0.007385524372230428
wikipedia,KFC_v2,iterative,0.8876783796225257,0.007385524372230428
wikipedia,KFC_v2,iterative,0.887831824459107,0.007385524372230428
wikipedia,KFC_v2,iterative,0.8879852692956882,0.007385524372230428
wikipedia,KFC_v2,iterative,0.8881387141322695,0.007385524372230428
wikipedia,KFC_v2,iterative,0.8882921589688507,0.007385524372230428
wikipedia,KFC_v2,iterative,0.888445603805432,0.007385524372230428
wikipedia,KFC_v2,iterative,0.8885990486420132,0.007385524372230428
wikipedia,KFC_v2,iterative,0.8887524934785945,0.007385524372230428
wikipedia,KFC_v2,iterative,0.8889059383151757,0.007385524372230428
wikipedia,KFC_v2,iterative,0.889059383151757,0.007385524372230428
wikipedia,KFC_v2,iterative,0.8892128279883382,0.007385524372230428
wikipedia,KFC_v2,iterative,0.8893662728249195,0.007385524372230428
wikipedia,KFC_v2,iterative,0.8895197176615007,0.007385524372230428
wikipedia,KFC_v2,iterative,0.889673162498082,0.007385524372230428
wikipedia,KFC_v2,iterative,0.8898266073346632,0.007385524372230428
wikipedia,KFC_v2,iterative,0.8899800521712444,0.007385524372230428
wikipedia,KFC_v2,iterative,0.8901334970078257,0.007385524372230428
wikipedia,KFC_v2,iterative,0.8902869418444069,0.007385524372230428
wikipedia,KFC_v2,iterative,0.8904403866809882,0.007385524372230428
wikipedia,KFC_v2,iterative,0.8905938315175694,0.007385524372230428
wikipedia,KFC_v2,iterative,0.8907472763541507,0.007385524372230428
wikipedia,KFC_v2,iterative,0.8909007211907319,0.007385524372230428
wikipedia,KFC_v2,iterative,0.8910541660273132,0.007385524372230428
wikipedia,KFC_v2,iterative,0.8912076108638944,0.007385524372230428
wikipedia,KFC_v2,iterative,0.8913610557004757,0.007385524372230428
wikipedia,KFC_v2,iterative,0.8915145005370569,0.007385524372230428
wikipedia,KFC_v2,iterative,0.8916679453736382,0.007385524372230428
wikipedia,KFC_v2,iterative,0.8918213902102194,0.007385524372230428
wikipedia,KFC_v2,iterative,0.8919748350468008,0.007385524372230428
wikipedia,KFC_v2,iterative,0.892128279883382,0.007385524372230428
wikipedia,KFC_v2,iterative,0.8922817247199633,0.007385524372230428
wikipedia,KFC_v2,iterative,0.8924351695565444,0.007385524372230428
wikipedia,KFC_v2,iterative,0.8925886143931258,0.007385524372230428
wikipedia,KFC_v2,iterative,0.892742059229707,0.007385524372230428
wikipedia,KFC_v2,iterative,0.8928955040662883,0.007385524372230428
wikipedia,KFC_v2,iterative,0.8930489489028695,0.007385524372230428
wikipedia,KFC_v2,iterative,0.8932023937394508,0.007385524372230428
wikipedia,KFC_v2,iterative,0.893355838576032,0.007385524372230428
wikipedia,KFC_v2,iterative,0.8935092834126133,0.007385524372230428
wikipedia,KFC_v2,iterative,0.8936627282491945,0.007385524372230428
wikipedia,KFC_v2,iterative,0.8938161730857757,0.007385524372230428
wikipedia,KFC_v2,iterative,0.893969617922357,0.007385524372230428
wikipedia,KFC_v2,iterative,0.8941230627589382,0.007385524372230428
wikipedia,KFC_v2,iterative,0.8942765075955195,0.007385524372230428
wikipedia,KFC_v2,iterative,0.8944299524321007,0.007385524372230428
wikipedia,KFC_v2,iterative,0.894583397268682,0.007385524372230428
wikipedia,KFC_v2,iterative,0.8947368421052632,0.007385524372230428
wikipedia,KFC_v2,iterative,0.8948902869418445,0.007385524372230428
wikipedia,KFC_v2,iterative,0.8950437317784257,0.007385524372230428
wikipedia,KFC_v2,iterative,0.895197176615007,0.007385524372230428
wikipedia,KFC_v2,iterative,0.8953506214515882,0.007385524372230428
wikipedia,KFC_v2,iterative,0.8955040662881695,0.007385524372230428
wikipedia,KFC_v2,iterative,0.8956575111247507,0.007385524372230428
wikipedia,KFC_v2,iterative,0.895810955961332,0.007385524372230428
wikipedia,KFC_v2,iterative,0.8959644007979132,0.007385524372230428
wikipedia,KFC_v2,iterative,0.8961178456344945,0.007385524372230428
wikipedia,KFC_v2,iterative,0.8962712904710757,0.007385524372230428
wikipedia,KFC_v2,iterative,0.896424735307657,0.007385524372230428
wikipedia,KFC_v2,iterative,0.8965781801442382,0.007385524372230428
wikipedia,KFC_v2,iterative,0.8967316249808195,0.005908419497784343
wikipedia,KFC_v2,iterative,0.8968850698174007,0.005908419497784343
wikipedia,KFC_v2,iterative,0.897038514653982,0.005908419497784343
wikipedia,KFC_v2,iterative,0.8971919594905632,0.005908419497784343
wikipedia,KFC_v2,iterative,0.8973454043271444,0.005908419497784343
wikipedia,KFC_v2,iterative,0.8974988491637257,0.005908419497784343
wikipedia,KFC_v2,iterative,0.8976522940003069,0.005908419497784343
wikipedia,KFC_v2,iterative,0.8978057388368882,0.005908419497784343
wikipedia,KFC_v2,iterative,0.8979591836734694,0.005908419497784343
wikipedia,KFC_v2,iterative,0.8981126285100507,0.005908419497784343
wikipedia,KFC_v2,iterative,0.8982660733466319,0.005908419497784343
wikipedia,KFC_v2,iterative,0.8984195181832132,0.005908419497784343
wikipedia,KFC_v2,iterative,0.8985729630197944,0.005908419497784343
wikipedia,KFC_v2,iterative,0.8987264078563757,0.005908419497784343
wikipedia,KFC_v2,iterative,0.8988798526929569,0.005908419497784343
wikipedia,KFC_v2,iterative,0.8990332975295382,0.005908419497784343
wikipedia,KFC_v2,iterative,0.8991867423661194,0.005908419497784343
wikipedia,KFC_v2,iterative,0.8993401872027007,0.005908419497784343
wikipedia,KFC_v2,iterative,0.8994936320392819,0.005908419497784343
wikipedia,KFC_v2,iterative,0.8996470768758632,0.005908419497784343
wikipedia,KFC_v2,iterative,0.8998005217124444,0.005908419497784343
wikipedia,KFC_v2,iterative,0.8999539665490257,0.005908419497784343
wikipedia,KFC_v2,iterative,0.9001074113856069,0.005908419497784343
wikipedia,KFC_v2,iterative,0.9002608562221882,0.005908419497784343
wikipedia,KFC_v2,iterative,0.9004143010587694,0.005908419497784343
wikipedia,KFC_v2,iterative,0.9005677458953507,0.005908419497784343
wikipedia,KFC_v2,iterative,0.9007211907319319,0.005908419497784343
wikipedia,KFC_v2,iterative,0.9008746355685132,0.005908419497784343
wikipedia,KFC_v2,iterative,0.9010280804050944,0.005908419497784343
wikipedia,KFC_v2,iterative,0.9011815252416756,0.005908419497784343
wikipedia,KFC_v2,iterative,0.9013349700782569,0.005908419497784343
wikipedia,KFC_v2,iterative,0.9014884149148381,0.005908419497784343
wikipedia,KFC_v2,iterative,0.9016418597514194,0.005908419497784343
wikipedia,KFC_v2,iterative,0.9017953045880006,0.005908419497784343
wikipedia,KFC_v2,iterative,0.9019487494245819,0.005908419497784343
wikipedia,KFC_v2,iterative,0.9021021942611631,0.005908419497784343
wikipedia,KFC_v2,iterative,0.9022556390977444,0.005908419497784343
wikipedia,KFC_v2,iterative,0.9024090839343256,0.005908419497784343
wikipedia,KFC_v2,iterative,0.9025625287709069,0.005908419497784343
wikipedia,KFC_v2,iterative,0.9027159736074881,0.005908419497784343
wikipedia,KFC_v2,iterative,0.9028694184440694,0.005908419497784343
wikipedia,KFC_v2,iterative,0.9030228632806506,0.005908419497784343
wikipedia,KFC_v2,iterative,0.9031763081172319,0.005908419497784343
wikipedia,KFC_v2,iterative,0.9033297529538131,0.005908419497784343
wikipedia,KFC_v2,iterative,0.9034831977903944,0.005908419497784343
wikipedia,KFC_v2,iterative,0.9036366426269756,0.005908419497784343
wikipedia,KFC_v2,iterative,0.9037900874635569,0.005908419497784343
wikipedia,KFC_v2,iterative,0.9039435323001381,0.005908419497784343
wikipedia,KFC_v2,iterative,0.9040969771367194,0.005908419497784343
wikipedia,KFC_v2,iterative,0.9042504219733006,0.005908419497784343
wikipedia,KFC_v2,iterative,0.9044038668098819,0.005908419497784343
wikipedia,KFC_v2,iterative,0.9045573116464631,0.005908419497784343
wikipedia,KFC_v2,iterative,0.9047107564830444,0.005908419497784343
wikipedia,KFC_v2,iterative,0.9048642013196256,0.005908419497784343
wikipedia,KFC_v2,iterative,0.9050176461562068,0.005908419497784343
wikipedia,KFC_v2,iterative,0.9051710909927881,0.005908419497784343
wikipedia,KFC_v2,iterative,0.9053245358293693,0.005908419497784343
wikipedia,KFC_v2,iterative,0.9054779806659506,0.005908419497784343
wikipedia,KFC_v2,iterative,0.9056314255025318,0.005908419497784343
wikipedia,KFC_v2,iterative,0.9057848703391131,0.005908419497784343
wikipedia,KFC_v2,iterative,0.9059383151756943,0.005908419497784343
wikipedia,KFC_v2,iterative,0.9060917600122756,0.005908419497784343
wikipedia,KFC_v2,iterative,0.9062452048488568,0.005908419497784343
wikipedia,KFC_v2,iterative,0.9063986496854382,0.005908419497784343
wikipedia,KFC_v2,iterative,0.9065520945220193,0.005908419497784343
wikipedia,KFC_v2,iterative,0.9067055393586007,0.005908419497784343
wikipedia,KFC_v2,iterative,0.9068589841951818,0.005908419497784343
wikipedia,KFC_v2,iterative,0.9070124290317632,0.005908419497784343
wikipedia,KFC_v2,iterative,0.9071658738683444,0.005908419497784343
wikipedia,KFC_v2,iterative,0.9073193187049257,0.005908419497784343
wikipedia,KFC_v2,iterative,0.9074727635415069,0.005908419497784343
wikipedia,KFC_v2,iterative,0.9076262083780882,0.005908419497784343
wikipedia,KFC_v2,iterative,0.9077796532146694,0.005908419497784343
wikipedia,KFC_v2,iterative,0.9079330980512507,0.005908419497784343
wikipedia,KFC_v2,iterative,0.9080865428878319,0.005908419497784343
wikipedia,KFC_v2,iterative,0.9082399877244132,0.005908419497784343
wikipedia,KFC_v2,iterative,0.9083934325609944,0.005908419497784343
wikipedia,KFC_v2,iterative,0.9085468773975757,0.005908419497784343
wikipedia,KFC_v2,iterative,0.9087003222341569,0.005908419497784343
wikipedia,KFC_v2,iterative,0.9088537670707381,0.005908419497784343
wikipedia,KFC_v2,iterative,0.9090072119073194,0.005908419497784343
wikipedia,KFC_v2,iterative,0.9091606567439006,0.005908419497784343
wikipedia,KFC_v2,iterative,0.9093141015804819,0.005908419497784343
wikipedia,KFC_v2,iterative,0.9094675464170631,0.005908419497784343
wikipedia,KFC_v2,iterative,0.9096209912536444,0.005908419497784343
wikipedia,KFC_v2,iterative,0.9097744360902256,0.005908419497784343
wikipedia,KFC_v2,iterative,0.9099278809268069,0.005908419497784343
wikipedia,KFC_v2,iterative,0.9100813257633881,0.005908419497784343
wikipedia,KFC_v2,iterative,0.9102347705999694,0.005908419497784343
wikipedia,KFC_v2,iterative,0.9103882154365506,0.005908419497784343
wikipedia,KFC_v2,iterative,0.9105416602731319,0.005908419497784343
wikipedia,KFC_v2,iterative,0.9106951051097131,0.005908419497784343
wikipedia,KFC_v2,iterative,0.9108485499462944,0.005908419497784343
wikipedia,KFC_v2,iterative,0.9110019947828756,0.005908419497784343
wikipedia,KFC_v2,iterative,0.9111554396194569,0.005908419497784343
wikipedia,KFC_v2,iterative,0.9113088844560381,0.005908419497784343
wikipedia,KFC_v2,iterative,0.9114623292926194,0.005908419497784343
wikipedia,KFC_v2,iterative,0.9116157741292006,0.005908419497784343
wikipedia,KFC_v2,iterative,0.9117692189657819,0.005908419497784343
wikipedia,KFC_v2,iterative,0.9119226638023631,0.005908419497784343
wikipedia,KFC_v2,iterative,0.9120761086389444,0.005908419497784343
wikipedia,KFC_v2,iterative,0.9122295534755256,0.005908419497784343
wikipedia,KFC_v2,iterative,0.9123829983121069,0.005908419497784343
wikipedia,KFC_v2,iterative,0.9125364431486881,0.005908419497784343
wikipedia,KFC_v2,iterative,0.9126898879852693,0.005908419497784343
wikipedia,KFC_v2,iterative,0.9128433328218506,0.005908419497784343
wikipedia,KFC_v2,iterative,0.9129967776584318,0.005908419497784343
wikipedia,KFC_v2,iterative,0.9131502224950131,0.005908419497784343
wikipedia,KFC_v2,iterative,0.9133036673315943,0.005908419497784343
wikipedia,KFC_v2,iterative,0.9134571121681756,0.005908419497784343
wikipedia,KFC_v2,iterative,0.9136105570047568,0.005908419497784343
wikipedia,KFC_v2,iterative,0.9137640018413381,0.005908419497784343
wikipedia,KFC_v2,iterative,0.9139174466779193,0.005908419497784343
wikipedia,KFC_v2,iterative,0.9140708915145006,0.005908419497784343
wikipedia,KFC_v2,iterative,0.9142243363510818,0.005908419497784343
wikipedia,KFC_v2,iterative,0.9143777811876631,0.005908419497784343
wikipedia,KFC_v2,iterative,0.9145312260242443,0.005908419497784343
wikipedia,KFC_v2,iterative,0.9146846708608256,0.005908419497784343
wikipedia,KFC_v2,iterative,0.9148381156974068,0.005908419497784343
wikipedia,KFC_v2,iterative,0.9149915605339881,0.005908419497784343
wikipedia,KFC_v2,iterative,0.9151450053705693,0.005908419497784343
wikipedia,KFC_v2,iterative,0.9152984502071506,0.005908419497784343
wikipedia,KFC_v2,iterative,0.9154518950437318,0.005908419497784343
wikipedia,KFC_v2,iterative,0.9156053398803131,0.005908419497784343
wikipedia,KFC_v2,iterative,0.9157587847168943,0.005908419497784343
wikipedia,KFC_v2,iterative,0.9159122295534756,0.005908419497784343
wikipedia,KFC_v2,iterative,0.9160656743900568,0.005908419497784343
wikipedia,KFC_v2,iterative,0.9162191192266381,0.005908419497784343
wikipedia,KFC_v2,iterative,0.9163725640632193,0.005908419497784343
wikipedia,KFC_v2,iterative,0.9165260088998005,0.005908419497784343
wikipedia,KFC_v2,iterative,0.9166794537363818,0.005908419497784343
wikipedia,KFC_v2,iterative,0.916832898572963,0.005908419497784343
wikipedia,KFC_v2,iterative,0.9169863434095443,0.005908419497784343
wikipedia,KFC_v2,iterative,0.9171397882461255,0.005908419497784343
wikipedia,KFC_v2,iterative,0.9172932330827068,0.005908419497784343
wikipedia,KFC_v2,iterative,0.917446677919288,0.005908419497784343
wikipedia,KFC_v2,iterative,0.9176001227558693,0.005908419497784343
wikipedia,KFC_v2,iterative,0.9177535675924505,0.005908419497784343
wikipedia,KFC_v2,iterative,0.9179070124290318,0.005908419497784343
wikipedia,KFC_v2,iterative,0.918060457265613,0.005908419497784343
wikipedia,KFC_v2,iterative,0.9182139021021943,0.005908419497784343
wikipedia,KFC_v2,iterative,0.9183673469387755,0.005908419497784343
wikipedia,KFC_v2,iterative,0.9185207917753568,0.005908419497784343
wikipedia,KFC_v2,iterative,0.918674236611938,0.005908419497784343
wikipedia,KFC_v2,iterative,0.9188276814485193,0.005908419497784343
wikipedia,KFC_v2,iterative,0.9189811262851005,0.005908419497784343
wikipedia,KFC_v2,iterative,0.9191345711216818,0.005908419497784343
wikipedia,KFC_v2,iterative,0.919288015958263,0.005908419497784343
wikipedia,KFC_v2,iterative,0.9194414607948443,0.005908419497784343
wikipedia,KFC_v2,iterative,0.9195949056314255,0.005908419497784343
wikipedia,KFC_v2,iterative,0.9197483504680068,0.005908419497784343
wikipedia,KFC_v2,iterative,0.919901795304588,0.005908419497784343
wikipedia,KFC_v2,iterative,0.9200552401411692,0.005908419497784343
wikipedia,KFC_v2,iterative,0.9202086849777505,0.005908419497784343
wikipedia,KFC_v2,iterative,0.9203621298143317,0.005908419497784343
wikipedia,KFC_v2,iterative,0.920515574650913,0.005908419497784343
wikipedia,KFC_v2,iterative,0.9206690194874942,0.005908419497784343
wikipedia,KFC_v2,iterative,0.9208224643240756,0.005908419497784343
wikipedia,KFC_v2,iterative,0.9209759091606567,0.005908419497784343
wikipedia,KFC_v2,iterative,0.921129353997238,0.005908419497784343
wikipedia,KFC_v2,iterative,0.9212827988338192,0.005908419497784343
wikipedia,KFC_v2,iterative,0.9214362436704006,0.005908419497784343
wikipedia,KFC_v2,iterative,0.9215896885069818,0.005908419497784343
wikipedia,KFC_v2,iterative,0.9217431333435631,0.005908419497784343
wikipedia,KFC_v2,iterative,0.9218965781801443,0.005908419497784343
wikipedia,KFC_v2,iterative,0.9220500230167256,0.005908419497784343
wikipedia,KFC_v2,iterative,0.9222034678533068,0.005908419497784343
wikipedia,KFC_v2,iterative,0.9223569126898881,0.005908419497784343
wikipedia,KFC_v2,iterative,0.9225103575264693,0.005908419497784343
wikipedia,KFC_v2,iterative,0.9226638023630506,0.005908419497784343
wikipedia,KFC_v2,iterative,0.9228172471996318,0.005908419497784343
wikipedia,KFC_v2,iterative,0.9229706920362131,0.005908419497784343
wikipedia,KFC_v2,iterative,0.9231241368727943,0.005908419497784343
wikipedia,KFC_v2,iterative,0.9232775817093756,0.005908419497784343
wikipedia,KFC_v2,iterative,0.9234310265459568,0.005908419497784343
wikipedia,KFC_v2,iterative,0.9235844713825381,0.005908419497784343
wikipedia,KFC_v2,iterative,0.9237379162191193,0.005908419497784343
wikipedia,KFC_v2,iterative,0.9238913610557005,0.005908419497784343
wikipedia,KFC_v2,iterative,0.9240448058922818,0.005908419497784343
wikipedia,KFC_v2,iterative,0.924198250728863,0.005908419497784343
wikipedia,KFC_v2,iterative,0.9243516955654443,0.005908419497784343
wikipedia,KFC_v2,iterative,0.9245051404020255,0.005908419497784343
wikipedia,KFC_v2,iterative,0.9246585852386068,0.005908419497784343
wikipedia,KFC_v2,iterative,0.924812030075188,0.005908419497784343
wikipedia,KFC_v2,iterative,0.9249654749117693,0.005908419497784343
wikipedia,KFC_v2,iterative,0.9251189197483505,0.005908419497784343
wikipedia,KFC_v2,iterative,0.9252723645849318,0.005908419497784343
wikipedia,KFC_v2,iterative,0.925425809421513,0.005908419497784343
wikipedia,KFC_v2,iterative,0.9255792542580943,0.005908419497784343
wikipedia,KFC_v2,iterative,0.9257326990946755,0.005908419497784343
wikipedia,KFC_v2,iterative,0.9258861439312568,0.005908419497784343
wikipedia,KFC_v2,iterative,0.926039588767838,0.005908419497784343
wikipedia,KFC_v2,iterative,0.9261930336044193,0.005908419497784343
wikipedia,KFC_v2,iterative,0.9263464784410005,0.005908419497784343
wikipedia,KFC_v2,iterative,0.9264999232775818,0.005908419497784343
wikipedia,KFC_v2,iterative,0.926653368114163,0.005908419497784343
wikipedia,KFC_v2,iterative,0.9268068129507443,0.005908419497784343
wikipedia,KFC_v2,iterative,0.9269602577873255,0.005908419497784343
wikipedia,KFC_v2,iterative,0.9271137026239068,0.005908419497784343
wikipedia,KFC_v2,iterative,0.927267147460488,0.005908419497784343
wikipedia,KFC_v2,iterative,0.9274205922970693,0.005908419497784343
wikipedia,KFC_v2,iterative,0.9275740371336505,0.005908419497784343
wikipedia,KFC_v2,iterative,0.9277274819702317,0.005908419497784343
wikipedia,KFC_v2,iterative,0.927880926806813,0.005908419497784343
wikipedia,KFC_v2,iterative,0.9280343716433942,0.005908419497784343
wikipedia,KFC_v2,iterative,0.9281878164799755,0.005908419497784343
wikipedia,KFC_v2,iterative,0.9283412613165567,0.004431314623338257
wikipedia,KFC_v2,iterative,0.928494706153138,0.004431314623338257
wikipedia,KFC_v2,iterative,0.9286481509897192,0.004431314623338257
wikipedia,KFC_v2,iterative,0.9288015958263005,0.004431314623338257
wikipedia,KFC_v2,iterative,0.9289550406628817,0.004431314623338257
wikipedia,KFC_v2,iterative,0.929108485499463,0.004431314623338257
wikipedia,KFC_v2,iterative,0.9292619303360442,0.004431314623338257
wikipedia,KFC_v2,iterative,0.9294153751726255,0.004431314623338257
wikipedia,KFC_v2,iterative,0.9295688200092067,0.004431314623338257
wikipedia,KFC_v2,iterative,0.929722264845788,0.004431314623338257
wikipedia,KFC_v2,iterative,0.9298757096823692,0.004431314623338257
wikipedia,KFC_v2,iterative,0.9300291545189505,0.004431314623338257
wikipedia,KFC_v2,iterative,0.9301825993555317,0.004431314623338257
wikipedia,KFC_v2,iterative,0.930336044192113,0.004431314623338257
wikipedia,KFC_v2,iterative,0.9304894890286942,0.004431314623338257
wikipedia,KFC_v2,iterative,0.9306429338652755,0.004431314623338257
wikipedia,KFC_v2,iterative,0.9307963787018567,0.004431314623338257
wikipedia,KFC_v2,iterative,0.930949823538438,0.004431314623338257
wikipedia,KFC_v2,iterative,0.9311032683750192,0.004431314623338257
wikipedia,KFC_v2,iterative,0.9312567132116005,0.004431314623338257
wikipedia,KFC_v2,iterative,0.9314101580481817,0.004431314623338257
wikipedia,KFC_v2,iterative,0.9315636028847629,0.004431314623338257
wikipedia,KFC_v2,iterative,0.9317170477213442,0.004431314623338257
wikipedia,KFC_v2,iterative,0.9318704925579254,0.004431314623338257
wikipedia,KFC_v2,iterative,0.9320239373945067,0.004431314623338257
wikipedia,KFC_v2,iterative,0.9321773822310879,0.004431314623338257
wikipedia,KFC_v2,iterative,0.9323308270676692,0.004431314623338257
wikipedia,KFC_v2,iterative,0.9324842719042504,0.004431314623338257
wikipedia,KFC_v2,iterative,0.9326377167408317,0.004431314623338257
wikipedia,KFC_v2,iterative,0.9327911615774129,0.004431314623338257
wikipedia,KFC_v2,iterative,0.9329446064139942,0.004431314623338257
wikipedia,KFC_v2,iterative,0.9330980512505754,0.004431314623338257
wikipedia,KFC_v2,iterative,0.9332514960871567,0.004431314623338257
wikipedia,KFC_v2,iterative,0.9334049409237379,0.004431314623338257
wikipedia,KFC_v2,iterative,0.9335583857603192,0.004431314623338257
wikipedia,KFC_v2,iterative,0.9337118305969004,0.004431314623338257
wikipedia,KFC_v2,iterative,0.9338652754334817,0.004431314623338257
wikipedia,KFC_v2,iterative,0.9340187202700629,0.004431314623338257
wikipedia,KFC_v2,iterative,0.9341721651066442,0.004431314623338257
wikipedia,KFC_v2,iterative,0.9343256099432254,0.004431314623338257
wikipedia,KFC_v2,iterative,0.9344790547798068,0.004431314623338257
wikipedia,KFC_v2,iterative,0.934632499616388,0.004431314623338257
wikipedia,KFC_v2,iterative,0.9347859444529693,0.004431314623338257
wikipedia,KFC_v2,iterative,0.9349393892895504,0.004431314623338257
wikipedia,KFC_v2,iterative,0.9350928341261318,0.004431314623338257
wikipedia,KFC_v2,iterative,0.935246278962713,0.004431314623338257
wikipedia,KFC_v2,iterative,0.9353997237992941,0.004431314623338257
wikipedia,KFC_v2,iterative,0.9355531686358755,0.004431314623338257
wikipedia,KFC_v2,iterative,0.9357066134724566,0.004431314623338257
wikipedia,KFC_v2,iterative,0.935860058309038,0.004431314623338257
wikipedia,KFC_v2,iterative,0.9360135031456192,0.004431314623338257
wikipedia,KFC_v2,iterative,0.9361669479822005,0.004431314623338257
wikipedia,KFC_v2,iterative,0.9363203928187817,0.004431314623338257
wikipedia,KFC_v2,iterative,0.936473837655363,0.004431314623338257
wikipedia,KFC_v2,iterative,0.9366272824919442,0.004431314623338257
wikipedia,KFC_v2,iterative,0.9367807273285255,0.004431314623338257
wikipedia,KFC_v2,iterative,0.9369341721651067,0.004431314623338257
wikipedia,KFC_v2,iterative,0.937087617001688,0.004431314623338257
wikipedia,KFC_v2,iterative,0.9372410618382692,0.004431314623338257
wikipedia,KFC_v2,iterative,0.9373945066748505,0.004431314623338257
wikipedia,KFC_v2,iterative,0.9375479515114317,0.004431314623338257
wikipedia,KFC_v2,iterative,0.937701396348013,0.004431314623338257
wikipedia,KFC_v2,iterative,0.9378548411845942,0.004431314623338257
wikipedia,KFC_v2,iterative,0.9380082860211755,0.004431314623338257
wikipedia,KFC_v2,iterative,0.9381617308577567,0.004431314623338257
wikipedia,KFC_v2,iterative,0.938315175694338,0.004431314623338257
wikipedia,KFC_v2,iterative,0.9384686205309192,0.004431314623338257
wikipedia,KFC_v2,iterative,0.9386220653675005,0.004431314623338257
wikipedia,KFC_v2,iterative,0.9387755102040817,0.004431314623338257
wikipedia,KFC_v2,iterative,0.938928955040663,0.004431314623338257
wikipedia,KFC_v2,iterative,0.9390823998772442,0.004431314623338257
wikipedia,KFC_v2,iterative,0.9392358447138254,0.004431314623338257
wikipedia,KFC_v2,iterative,0.9393892895504067,0.004431314623338257
wikipedia,KFC_v2,iterative,0.9395427343869879,0.004431314623338257
wikipedia,KFC_v2,iterative,0.9396961792235692,0.004431314623338257
wikipedia,KFC_v2,iterative,0.9398496240601504,0.004431314623338257
wikipedia,KFC_v2,iterative,0.9400030688967317,0.004431314623338257
wikipedia,KFC_v2,iterative,0.9401565137333129,0.004431314623338257
wikipedia,KFC_v2,iterative,0.9403099585698942,0.004431314623338257
wikipedia,KFC_v2,iterative,0.9404634034064754,0.004431314623338257
wikipedia,KFC_v2,iterative,0.9406168482430567,0.004431314623338257
wikipedia,KFC_v2,iterative,0.9407702930796379,0.004431314623338257
wikipedia,KFC_v2,iterative,0.9409237379162192,0.004431314623338257
wikipedia,KFC_v2,iterative,0.9410771827528004,0.004431314623338257
wikipedia,KFC_v2,iterative,0.9412306275893817,0.004431314623338257
wikipedia,KFC_v2,iterative,0.9413840724259629,0.004431314623338257
wikipedia,KFC_v2,iterative,0.9415375172625442,0.004431314623338257
wikipedia,KFC_v2,iterative,0.9416909620991254,0.004431314623338257
wikipedia,KFC_v2,iterative,0.9418444069357067,0.004431314623338257
wikipedia,KFC_v2,iterative,0.9419978517722879,0.004431314623338257
wikipedia,KFC_v2,iterative,0.9421512966088692,0.004431314623338257
wikipedia,KFC_v2,iterative,0.9423047414454504,0.004431314623338257
wikipedia,KFC_v2,iterative,0.9424581862820317,0.004431314623338257
wikipedia,KFC_v2,iterative,0.9426116311186129,0.004431314623338257
wikipedia,KFC_v2,iterative,0.9427650759551942,0.004431314623338257
wikipedia,KFC_v2,iterative,0.9429185207917754,0.004431314623338257
wikipedia,KFC_v2,iterative,0.9430719656283566,0.004431314623338257
wikipedia,KFC_v2,iterative,0.9432254104649379,0.004431314623338257
wikipedia,KFC_v2,iterative,0.9433788553015191,0.004431314623338257
wikipedia,KFC_v2,iterative,0.9435323001381004,0.004431314623338257
wikipedia,KFC_v2,iterative,0.9436857449746816,0.004431314623338257
wikipedia,KFC_v2,iterative,0.9438391898112629,0.004431314623338257
wikipedia,KFC_v2,iterative,0.9439926346478441,0.004431314623338257
wikipedia,KFC_v2,iterative,0.9441460794844254,0.004431314623338257
wikipedia,KFC_v2,iterative,0.9442995243210066,0.004431314623338257
wikipedia,KFC_v2,iterative,0.9444529691575879,0.004431314623338257
wikipedia,KFC_v2,iterative,0.9446064139941691,0.004431314623338257
wikipedia,KFC_v2,iterative,0.9447598588307504,0.004431314623338257
wikipedia,KFC_v2,iterative,0.9449133036673316,0.004431314623338257
wikipedia,KFC_v2,iterative,0.9450667485039129,0.004431314623338257
wikipedia,KFC_v2,iterative,0.9452201933404941,0.004431314623338257
wikipedia,KFC_v2,iterative,0.9453736381770754,0.004431314623338257
wikipedia,KFC_v2,iterative,0.9455270830136566,0.004431314623338257
wikipedia,KFC_v2,iterative,0.9456805278502379,0.004431314623338257
wikipedia,KFC_v2,iterative,0.9458339726868191,0.004431314623338257
wikipedia,KFC_v2,iterative,0.9459874175234004,0.004431314623338257
wikipedia,KFC_v2,iterative,0.9461408623599816,0.004431314623338257
wikipedia,KFC_v2,iterative,0.9462943071965629,0.004431314623338257
wikipedia,KFC_v2,iterative,0.9464477520331441,0.004431314623338257
wikipedia,KFC_v2,iterative,0.9466011968697253,0.004431314623338257
wikipedia,KFC_v2,iterative,0.9467546417063066,0.004431314623338257
wikipedia,KFC_v2,iterative,0.9469080865428878,0.004431314623338257
wikipedia,KFC_v2,iterative,0.9470615313794691,0.004431314623338257
wikipedia,KFC_v2,iterative,0.9472149762160503,0.004431314623338257
wikipedia,KFC_v2,iterative,0.9473684210526316,0.004431314623338257
wikipedia,KFC_v2,iterative,0.9475218658892128,0.004431314623338257
wikipedia,KFC_v2,iterative,0.9476753107257941,0.004431314623338257
wikipedia,KFC_v2,iterative,0.9478287555623753,0.004431314623338257
wikipedia,KFC_v2,iterative,0.9479822003989566,0.004431314623338257
wikipedia,KFC_v2,iterative,0.9481356452355378,0.004431314623338257
wikipedia,KFC_v2,iterative,0.9482890900721191,0.004431314623338257
wikipedia,KFC_v2,iterative,0.9484425349087003,0.004431314623338257
wikipedia,KFC_v2,iterative,0.9485959797452816,0.004431314623338257
wikipedia,KFC_v2,iterative,0.9487494245818628,0.004431314623338257
wikipedia,KFC_v2,iterative,0.9489028694184442,0.004431314623338257
wikipedia,KFC_v2,iterative,0.9490563142550253,0.004431314623338257
wikipedia,KFC_v2,iterative,0.9492097590916067,0.004431314623338257
wikipedia,KFC_v2,iterative,0.9493632039281878,0.004431314623338257
wikipedia,KFC_v2,iterative,0.9495166487647692,0.004431314623338257
wikipedia,KFC_v2,iterative,0.9496700936013504,0.004431314623338257
wikipedia,KFC_v2,iterative,0.9498235384379317,0.004431314623338257
wikipedia,KFC_v2,iterative,0.9499769832745129,0.004431314623338257
wikipedia,KFC_v2,iterative,0.9501304281110942,0.004431314623338257
wikipedia,KFC_v2,iterative,0.9502838729476754,0.004431314623338257
wikipedia,KFC_v2,iterative,0.9504373177842566,0.004431314623338257
wikipedia,KFC_v2,iterative,0.9505907626208379,0.004431314623338257
wikipedia,KFC_v2,iterative,0.950744207457419,0.004431314623338257
wikipedia,KFC_v2,iterative,0.9508976522940004,0.004431314623338257
wikipedia,KFC_v2,iterative,0.9510510971305816,0.004431314623338257
wikipedia,KFC_v2,iterative,0.9512045419671629,0.004431314623338257
wikipedia,KFC_v2,iterative,0.9513579868037441,0.004431314623338257
wikipedia,KFC_v2,iterative,0.9515114316403254,0.004431314623338257
wikipedia,KFC_v2,iterative,0.9516648764769066,0.004431314623338257
wikipedia,KFC_v2,iterative,0.9518183213134879,0.004431314623338257
wikipedia,KFC_v2,iterative,0.9519717661500691,0.004431314623338257
wikipedia,KFC_v2,iterative,0.9521252109866504,0.004431314623338257
wikipedia,KFC_v2,iterative,0.9522786558232316,0.004431314623338257
wikipedia,KFC_v2,iterative,0.9524321006598129,0.004431314623338257
wikipedia,KFC_v2,iterative,0.9525855454963941,0.004431314623338257
wikipedia,KFC_v2,iterative,0.9527389903329754,0.004431314623338257
wikipedia,KFC_v2,iterative,0.9528924351695566,0.004431314623338257
wikipedia,KFC_v2,iterative,0.9530458800061379,0.004431314623338257
wikipedia,KFC_v2,iterative,0.9531993248427191,0.004431314623338257
wikipedia,KFC_v2,iterative,0.9533527696793004,0.004431314623338257
wikipedia,KFC_v2,iterative,0.9535062145158816,0.004431314623338257
wikipedia,KFC_v2,iterative,0.9536596593524629,0.004431314623338257
wikipedia,KFC_v2,iterative,0.9538131041890441,0.004431314623338257
wikipedia,KFC_v2,iterative,0.9539665490256254,0.004431314623338257
wikipedia,KFC_v2,iterative,0.9541199938622066,0.004431314623338257
wikipedia,KFC_v2,iterative,0.9542734386987878,0.004431314623338257
wikipedia,KFC_v2,iterative,0.9544268835353691,0.004431314623338257
wikipedia,KFC_v2,iterative,0.9545803283719503,0.004431314623338257
wikipedia,KFC_v2,iterative,0.9547337732085316,0.004431314623338257
wikipedia,KFC_v2,iterative,0.9548872180451128,0.004431314623338257
wikipedia,KFC_v2,iterative,0.9550406628816941,0.004431314623338257
wikipedia,KFC_v2,iterative,0.9551941077182753,0.004431314623338257
wikipedia,KFC_v2,iterative,0.9553475525548566,0.004431314623338257
wikipedia,KFC_v2,iterative,0.9555009973914378,0.004431314623338257
wikipedia,KFC_v2,iterative,0.9556544422280191,0.004431314623338257
wikipedia,KFC_v2,iterative,0.9558078870646003,0.004431314623338257
wikipedia,KFC_v2,iterative,0.9559613319011816,0.004431314623338257
wikipedia,KFC_v2,iterative,0.9561147767377628,0.004431314623338257
wikipedia,KFC_v2,iterative,0.9562682215743441,0.004431314623338257
wikipedia,KFC_v2,iterative,0.9564216664109253,0.004431314623338257
wikipedia,KFC_v2,iterative,0.9565751112475066,0.004431314623338257
wikipedia,KFC_v2,iterative,0.9567285560840878,0.004431314623338257
wikipedia,KFC_v2,iterative,0.9568820009206691,0.004431314623338257
wikipedia,KFC_v2,iterative,0.9570354457572503,0.004431314623338257
wikipedia,KFC_v2,iterative,0.9571888905938316,0.004431314623338257
wikipedia,KFC_v2,iterative,0.9573423354304128,0.004431314623338257
wikipedia,KFC_v2,iterative,0.9574957802669941,0.0029542097488921715
wikipedia,KFC_v2,iterative,0.9576492251035753,0.0029542097488921715
wikipedia,KFC_v2,iterative,0.9578026699401566,0.0029542097488921715
wikipedia,KFC_v2,iterative,0.9579561147767378,0.0029542097488921715
wikipedia,KFC_v2,iterative,0.958109559613319,0.0029542097488921715
wikipedia,KFC_v2,iterative,0.9582630044499003,0.0029542097488921715
wikipedia,KFC_v2,iterative,0.9584164492864815,0.0029542097488921715
wikipedia,KFC_v2,iterative,0.9585698941230628,0.0029542097488921715
wikipedia,KFC_v2,iterative,0.958723338959644,0.0029542097488921715
wikipedia,KFC_v2,iterative,0.9588767837962253,0.0029542097488921715
wikipedia,KFC_v2,iterative,0.9590302286328065,0.0029542097488921715
wikipedia,KFC_v2,iterative,0.9591836734693878,0.0029542097488921715
wikipedia,KFC_v2,iterative,0.959337118305969,0.0029542097488921715
wikipedia,KFC_v2,iterative,0.9594905631425503,0.0029542097488921715
wikipedia,KFC_v2,iterative,0.9596440079791315,0.0029542097488921715
wikipedia,KFC_v2,iterative,0.9597974528157128,0.0029542097488921715
wikipedia,KFC_v2,iterative,0.959950897652294,0.0029542097488921715
wikipedia,KFC_v2,iterative,0.9601043424888753,0.0029542097488921715
wikipedia,KFC_v2,iterative,0.9602577873254565,0.0029542097488921715
wikipedia,KFC_v2,iterative,0.9604112321620378,0.0029542097488921715
wikipedia,KFC_v2,iterative,0.960564676998619,0.0029542097488921715
wikipedia,KFC_v2,iterative,0.9607181218352003,0.0029542097488921715
wikipedia,KFC_v2,iterative,0.9608715666717815,0.0029542097488921715
wikipedia,KFC_v2,iterative,0.9610250115083628,0.0029542097488921715
wikipedia,KFC_v2,iterative,0.961178456344944,0.0029542097488921715
wikipedia,KFC_v2,iterative,0.9613319011815253,0.0029542097488921715
wikipedia,KFC_v2,iterative,0.9614853460181065,0.0029542097488921715
wikipedia,KFC_v2,iterative,0.9616387908546878,0.0029542097488921715
wikipedia,KFC_v2,iterative,0.961792235691269,0.0029542097488921715
wikipedia,KFC_v2,iterative,0.9619456805278502,0.0029542097488921715
wikipedia,KFC_v2,iterative,0.9620991253644315,0.0029542097488921715
wikipedia,KFC_v2,iterative,0.9622525702010127,0.0029542097488921715
wikipedia,KFC_v2,iterative,0.962406015037594,0.0029542097488921715
wikipedia,KFC_v2,iterative,0.9625594598741752,0.0029542097488921715
wikipedia,KFC_v2,iterative,0.9627129047107565,0.0029542097488921715
wikipedia,KFC_v2,iterative,0.9628663495473377,0.0029542097488921715
wikipedia,KFC_v2,iterative,0.963019794383919,0.0029542097488921715
wikipedia,KFC_v2,iterative,0.9631732392205002,0.0029542097488921715
wikipedia,KFC_v2,iterative,0.9633266840570816,0.0029542097488921715
wikipedia,KFC_v2,iterative,0.9634801288936627,0.0029542097488921715
wikipedia,KFC_v2,iterative,0.963633573730244,0.0029542097488921715
wikipedia,KFC_v2,iterative,0.9637870185668252,0.0029542097488921715
wikipedia,KFC_v2,iterative,0.9639404634034066,0.0029542097488921715
wikipedia,KFC_v2,iterative,0.9640939082399878,0.0029542097488921715
wikipedia,KFC_v2,iterative,0.9642473530765691,0.0029542097488921715
wikipedia,KFC_v2,iterative,0.9644007979131503,0.0029542097488921715
wikipedia,KFC_v2,iterative,0.9645542427497316,0.0029542097488921715
wikipedia,KFC_v2,iterative,0.9647076875863128,0.0029542097488921715
wikipedia,KFC_v2,iterative,0.9648611324228941,0.0029542097488921715
wikipedia,KFC_v2,iterative,0.9650145772594753,0.0029542097488921715
wikipedia,KFC_v2,iterative,0.9651680220960566,0.0029542097488921715
wikipedia,KFC_v2,iterative,0.9653214669326378,0.0029542097488921715
wikipedia,KFC_v2,iterative,0.9654749117692191,0.0029542097488921715
wikipedia,KFC_v2,iterative,0.9656283566058003,0.0029542097488921715
wikipedia,KFC_v2,iterative,0.9657818014423815,0.0029542097488921715
wikipedia,KFC_v2,iterative,0.9659352462789628,0.0029542097488921715
wikipedia,KFC_v2,iterative,0.966088691115544,0.0029542097488921715
wikipedia,KFC_v2,iterative,0.9662421359521253,0.0029542097488921715
wikipedia,KFC_v2,iterative,0.9663955807887065,0.0029542097488921715
wikipedia,KFC_v2,iterative,0.9665490256252878,0.0029542097488921715
wikipedia,KFC_v2,iterative,0.966702470461869,0.0029542097488921715
wikipedia,KFC_v2,iterative,0.9668559152984503,0.0029542097488921715
wikipedia,KFC_v2,iterative,0.9670093601350315,0.0029542097488921715
wikipedia,KFC_v2,iterative,0.9671628049716128,0.0029542097488921715
wikipedia,KFC_v2,iterative,0.967316249808194,0.0029542097488921715
wikipedia,KFC_v2,iterative,0.9674696946447753,0.0029542097488921715
wikipedia,KFC_v2,iterative,0.9676231394813565,0.0029542097488921715
wikipedia,KFC_v2,iterative,0.9677765843179378,0.0029542097488921715
wikipedia,KFC_v2,iterative,0.967930029154519,0.0029542097488921715
wikipedia,KFC_v2,iterative,0.9680834739911003,0.0029542097488921715
wikipedia,KFC_v2,iterative,0.9682369188276815,0.0029542097488921715
wikipedia,KFC_v2,iterative,0.9683903636642628,0.0029542097488921715
wikipedia,KFC_v2,iterative,0.968543808500844,0.0029542097488921715
wikipedia,KFC_v2,iterative,0.9686972533374253,0.0029542097488921715
wikipedia,KFC_v2,iterative,0.9688506981740065,0.0029542097488921715
wikipedia,KFC_v2,iterative,0.9690041430105878,0.0029542097488921715
wikipedia,KFC_v2,iterative,0.969157587847169,0.0029542097488921715
wikipedia,KFC_v2,iterative,0.9693110326837502,0.0029542097488921715
wikipedia,KFC_v2,iterative,0.9694644775203315,0.0029542097488921715
wikipedia,KFC_v2,iterative,0.9696179223569127,0.0029542097488921715
wikipedia,KFC_v2,iterative,0.969771367193494,0.0029542097488921715
wikipedia,KFC_v2,iterative,0.9699248120300752,0.0029542097488921715
wikipedia,KFC_v2,iterative,0.9700782568666565,0.0029542097488921715
wikipedia,KFC_v2,iterative,0.9702317017032377,0.0029542097488921715
wikipedia,KFC_v2,iterative,0.970385146539819,0.0029542097488921715
wikipedia,KFC_v2,iterative,0.9705385913764002,0.0029542097488921715
wikipedia,KFC_v2,iterative,0.9706920362129815,0.0029542097488921715
wikipedia,KFC_v2,iterative,0.9708454810495627,0.0029542097488921715
wikipedia,KFC_v2,iterative,0.970998925886144,0.0029542097488921715
wikipedia,KFC_v2,iterative,0.9711523707227252,0.0029542097488921715
wikipedia,KFC_v2,iterative,0.9713058155593065,0.0029542097488921715
wikipedia,KFC_v2,iterative,0.9714592603958877,0.0029542097488921715
wikipedia,KFC_v2,iterative,0.971612705232469,0.0029542097488921715
wikipedia,KFC_v2,iterative,0.9717661500690502,0.0029542097488921715
wikipedia,KFC_v2,iterative,0.9719195949056315,0.0029542097488921715
wikipedia,KFC_v2,iterative,0.9720730397422127,0.0029542097488921715
wikipedia,KFC_v2,iterative,0.972226484578794,0.0029542097488921715
wikipedia,KFC_v2,iterative,0.9723799294153752,0.0029542097488921715
wikipedia,KFC_v2,iterative,0.9725333742519565,0.0029542097488921715
wikipedia,KFC_v2,iterative,0.9726868190885377,0.0029542097488921715
wikipedia,KFC_v2,iterative,0.972840263925119,0.0029542097488921715
wikipedia,KFC_v2,iterative,0.9729937087617002,0.0029542097488921715
wikipedia,KFC_v2,iterative,0.9731471535982814,0.0029542097488921715
wikipedia,KFC_v2,iterative,0.9733005984348627,0.0029542097488921715
wikipedia,KFC_v2,iterative,0.9734540432714439,0.0029542097488921715
wikipedia,KFC_v2,iterative,0.9736074881080252,0.0029542097488921715
wikipedia,KFC_v2,iterative,0.9737609329446064,0.0029542097488921715
wikipedia,KFC_v2,iterative,0.9739143777811877,0.0029542097488921715
wikipedia,KFC_v2,iterative,0.9740678226177689,0.0029542097488921715
wikipedia,KFC_v2,iterative,0.9742212674543502,0.0029542097488921715
wikipedia,KFC_v2,iterative,0.9743747122909314,0.0029542097488921715
wikipedia,KFC_v2,iterative,0.9745281571275127,0.0029542097488921715
wikipedia,KFC_v2,iterative,0.9746816019640939,0.0029542097488921715
wikipedia,KFC_v2,iterative,0.9748350468006752,0.0029542097488921715
wikipedia,KFC_v2,iterative,0.9749884916372564,0.0029542097488921715
wikipedia,KFC_v2,iterative,0.9751419364738377,0.0029542097488921715
wikipedia,KFC_v2,iterative,0.9752953813104189,0.0029542097488921715
wikipedia,KFC_v2,iterative,0.9754488261470002,0.0029542097488921715
wikipedia,KFC_v2,iterative,0.9756022709835814,0.0029542097488921715
wikipedia,KFC_v2,iterative,0.9757557158201627,0.0029542097488921715
wikipedia,KFC_v2,iterative,0.9759091606567439,0.0029542097488921715
wikipedia,KFC_v2,iterative,0.9760626054933252,0.0029542097488921715
wikipedia,KFC_v2,iterative,0.9762160503299064,0.0029542097488921715
wikipedia,KFC_v2,iterative,0.9763694951664877,0.0029542097488921715
wikipedia,KFC_v2,iterative,0.9765229400030689,0.0029542097488921715
wikipedia,KFC_v2,iterative,0.9766763848396502,0.0029542097488921715
wikipedia,KFC_v2,iterative,0.9768298296762314,0.0029542097488921715
wikipedia,KFC_v2,iterative,0.9769832745128126,0.0029542097488921715
wikipedia,KFC_v2,iterative,0.977136719349394,0.0029542097488921715
wikipedia,KFC_v2,iterative,0.9772901641859751,0.0029542097488921715
wikipedia,KFC_v2,iterative,0.9774436090225564,0.0029542097488921715
wikipedia,KFC_v2,iterative,0.9775970538591376,0.0029542097488921715
wikipedia,KFC_v2,iterative,0.977750498695719,0.0029542097488921715
wikipedia,KFC_v2,iterative,0.9779039435323001,0.0029542097488921715
wikipedia,KFC_v2,iterative,0.9780573883688815,0.0029542097488921715
wikipedia,KFC_v2,iterative,0.9782108332054626,0.0029542097488921715
wikipedia,KFC_v2,iterative,0.978364278042044,0.0029542097488921715
wikipedia,KFC_v2,iterative,0.9785177228786252,0.0029542097488921715
wikipedia,KFC_v2,iterative,0.9786711677152065,0.0029542097488921715
wikipedia,KFC_v2,iterative,0.9788246125517877,0.0029542097488921715
wikipedia,KFC_v2,iterative,0.978978057388369,0.0029542097488921715
wikipedia,KFC_v2,iterative,0.9791315022249502,0.0029542097488921715
wikipedia,KFC_v2,iterative,0.9792849470615315,0.0029542097488921715
wikipedia,KFC_v2,iterative,0.9794383918981127,0.0029542097488921715
wikipedia,KFC_v2,iterative,0.979591836734694,0.0029542097488921715
wikipedia,KFC_v2,iterative,0.9797452815712752,0.0029542097488921715
wikipedia,KFC_v2,iterative,0.9798987264078565,0.0029542097488921715
wikipedia,KFC_v2,iterative,0.9800521712444377,0.0029542097488921715
wikipedia,KFC_v2,iterative,0.980205616081019,0.0029542097488921715
wikipedia,KFC_v2,iterative,0.9803590609176002,0.0029542097488921715
wikipedia,KFC_v2,iterative,0.9805125057541815,0.0029542097488921715
wikipedia,KFC_v2,iterative,0.9806659505907627,0.0029542097488921715
wikipedia,KFC_v2,iterative,0.9808193954273439,0.0029542097488921715
wikipedia,KFC_v2,iterative,0.9809728402639252,0.0029542097488921715
wikipedia,KFC_v2,iterative,0.9811262851005064,0.0029542097488921715
wikipedia,KFC_v2,iterative,0.9812797299370877,0.0029542097488921715
wikipedia,KFC_v2,iterative,0.9814331747736689,0.0029542097488921715
wikipedia,KFC_v2,iterative,0.9815866196102502,0.0029542097488921715
wikipedia,KFC_v2,iterative,0.9817400644468314,0.0029542097488921715
wikipedia,KFC_v2,iterative,0.9818935092834127,0.0029542097488921715
wikipedia,KFC_v2,iterative,0.9820469541199939,0.0029542097488921715
wikipedia,KFC_v2,iterative,0.9822003989565752,0.0029542097488921715
wikipedia,KFC_v2,iterative,0.9823538437931564,0.0029542097488921715
wikipedia,KFC_v2,iterative,0.9825072886297377,0.0029542097488921715
wikipedia,KFC_v2,iterative,0.9826607334663189,0.0029542097488921715
wikipedia,KFC_v2,iterative,0.9828141783029002,0.0029542097488921715
wikipedia,KFC_v2,iterative,0.9829676231394814,0.0029542097488921715
wikipedia,KFC_v2,iterative,0.9831210679760627,0.0029542097488921715
wikipedia,KFC_v2,iterative,0.9832745128126439,0.0029542097488921715
wikipedia,KFC_v2,iterative,0.9834279576492252,0.0029542097488921715
wikipedia,KFC_v2,iterative,0.9835814024858064,0.0029542097488921715
wikipedia,KFC_v2,iterative,0.9837348473223877,0.0029542097488921715
wikipedia,KFC_v2,iterative,0.9838882921589689,0.0029542097488921715
wikipedia,KFC_v2,iterative,0.9840417369955502,0.0029542097488921715
wikipedia,KFC_v2,iterative,0.9841951818321314,0.0029542097488921715
wikipedia,KFC_v2,iterative,0.9843486266687127,0.0029542097488921715
wikipedia,KFC_v2,iterative,0.9845020715052939,0.0029542097488921715
wikipedia,KFC_v2,iterative,0.9846555163418751,0.0029542097488921715
wikipedia,KFC_v2,iterative,0.9848089611784564,0.0029542097488921715
wikipedia,KFC_v2,iterative,0.9849624060150376,0.0029542097488921715
wikipedia,KFC_v2,iterative,0.9851158508516189,0.0029542097488921715
wikipedia,KFC_v2,iterative,0.9852692956882001,0.0029542097488921715
wikipedia,KFC_v2,iterative,0.9854227405247814,0.0029542097488921715
wikipedia,KFC_v2,iterative,0.9855761853613626,0.0029542097488921715
wikipedia,KFC_v2,iterative,0.9857296301979439,0.0029542097488921715
wikipedia,KFC_v2,iterative,0.9858830750345251,0.0029542097488921715
wikipedia,KFC_v2,iterative,0.9860365198711064,0.0029542097488921715
wikipedia,KFC_v2,iterative,0.9861899647076876,0.0029542097488921715
wikipedia,KFC_v2,iterative,0.9863434095442689,0.0029542097488921715
wikipedia,KFC_v2,iterative,0.9864968543808501,0.0029542097488921715
wikipedia,KFC_v2,iterative,0.9866502992174314,0.0029542097488921715
wikipedia,KFC_v2,iterative,0.9868037440540126,0.0029542097488921715
wikipedia,KFC_v2,iterative,0.9869571888905939,0.0029542097488921715
wikipedia,KFC_v2,iterative,0.9871106337271751,0.0029542097488921715
wikipedia,KFC_v2,iterative,0.9872640785637564,0.0029542097488921715
wikipedia,KFC_v2,iterative,0.9874175234003376,0.0029542097488921715
wikipedia,KFC_v2,iterative,0.9875709682369189,0.0029542097488921715
wikipedia,KFC_v2,iterative,0.9877244130735001,0.0029542097488921715
wikipedia,KFC_v2,iterative,0.9878778579100814,0.0029542097488921715
wikipedia,KFC_v2,iterative,0.9880313027466626,0.0029542097488921715
wikipedia,KFC_v2,iterative,0.9881847475832439,0.0029542097488921715
wikipedia,KFC_v2,iterative,0.9883381924198251,0.0029542097488921715
wikipedia,KFC_v2,iterative,0.9884916372564063,0.0029542097488921715
wikipedia,KFC_v2,iterative,0.9886450820929876,0.0029542097488921715
wikipedia,KFC_v2,iterative,0.9887985269295688,0.0029542097488921715
wikipedia,KFC_v2,iterative,0.9889519717661501,0.0029542097488921715
wikipedia,KFC_v2,iterative,0.9891054166027313,0.0029542097488921715
wikipedia,KFC_v2,iterative,0.9892588614393126,0.0029542097488921715
wikipedia,KFC_v2,iterative,0.9894123062758938,0.0029542097488921715
wikipedia,KFC_v2,iterative,0.9895657511124751,0.0029542097488921715
wikipedia,KFC_v2,iterative,0.9897191959490563,0.0029542097488921715
wikipedia,KFC_v2,iterative,0.9898726407856376,0.0029542097488921715
wikipedia,KFC_v2,iterative,0.9900260856222188,0.0029542097488921715
wikipedia,KFC_v2,iterative,0.9901795304588001,0.0029542097488921715
wikipedia,KFC_v2,iterative,0.9903329752953813,0.0029542097488921715
wikipedia,KFC_v2,iterative,0.9904864201319626,0.0029542097488921715
wikipedia,KFC_v2,iterative,0.9906398649685438,0.0029542097488921715
wikipedia,KFC_v2,iterative,0.9907933098051251,0.0029542097488921715
wikipedia,KFC_v2,iterative,0.9909467546417063,0.0029542097488921715
wikipedia,KFC_v2,iterative,0.9911001994782876,0.0029542097488921715
wikipedia,KFC_v2,iterative,0.9912536443148688,0.0029542097488921715
wikipedia,KFC_v2,iterative,0.9914070891514501,0.0029542097488921715
wikipedia,KFC_v2,iterative,0.9915605339880313,0.0029542097488921715
wikipedia,KFC_v2,iterative,0.9917139788246127,0.0029542097488921715
wikipedia,KFC_v2,iterative,0.9918674236611938,0.0029542097488921715
wikipedia,KFC_v2,iterative,0.992020868497775,0.0029542097488921715
wikipedia,KFC_v2,iterative,0.9921743133343564,0.0029542097488921715
wikipedia,KFC_v2,iterative,0.9923277581709375,0.0029542097488921715
wikipedia,KFC_v2,iterative,0.9924812030075189,0.0029542097488921715
wikipedia,KFC_v2,iterative,0.9926346478441,0.0029542097488921715
wikipedia,KFC_v2,iterative,0.9927880926806814,0.0029542097488921715
wikipedia,KFC_v2,iterative,0.9929415375172626,0.0029542097488921715
wikipedia,KFC_v2,iterative,0.9930949823538439,0.0029542097488921715
wikipedia,KFC_v2,iterative,0.993248427190425,0.0029542097488921715
wikipedia,KFC_v2,iterative,0.9934018720270064,0.0029542097488921715
wikipedia,KFC_v2,iterative,0.9935553168635876,0.0029542097488921715
wikipedia,KFC_v2,iterative,0.9937087617001689,0.0029542097488921715
wikipedia,KFC_v2,iterative,0.9938622065367501,0.0029542097488921715
wikipedia,KFC_v2,iterative,0.9940156513733314,0.0029542097488921715
wikipedia,KFC_v2,iterative,0.9941690962099126,0.0029542097488921715
wikipedia,KFC_v2,iterative,0.9943225410464939,0.0029542097488921715
wikipedia,KFC_v2,iterative,0.9944759858830751,0.0029542097488921715
wikipedia,KFC_v2,iterative,0.9946294307196564,0.0029542097488921715
wikipedia,KFC_v2,iterative,0.9947828755562376,0.0029542097488921715
wikipedia,KFC_v2,iterative,0.9949363203928189,0.0029542097488921715
wikipedia,KFC_v2,iterative,0.9950897652294001,0.0029542097488921715
wikipedia,KFC_v2,iterative,0.9952432100659814,0.0029542097488921715
wikipedia,KFC_v2,iterative,0.9953966549025626,0.0029542097488921715
wikipedia,KFC_v2,iterative,0.9955500997391439,0.0029542097488921715
wikipedia,KFC_v2,iterative,0.9957035445757251,0.0029542097488921715
wikipedia,KFC_v2,iterative,0.9958569894123063,0.0029542097488921715
wikipedia,KFC_v2,iterative,0.9960104342488876,0.0029542097488921715
wikipedia,KFC_v2,iterative,0.9961638790854688,0.0029542097488921715
wikipedia,KFC_v2,iterative,0.9963173239220501,0.0029542097488921715
wikipedia,KFC_v2,iterative,0.9964707687586313,0.0029542097488921715
wikipedia,KFC_v2,iterative,0.9966242135952126,0.0029542097488921715
wikipedia,KFC_v2,iterative,0.9967776584317938,0.0029542097488921715
wikipedia,KFC_v2,iterative,0.9969311032683751,0.0029542097488921715
wikipedia,KFC_v2,iterative,0.9970845481049563,0.0029542097488921715
wikipedia,KFC_v2,iterative,0.9972379929415376,0.0029542097488921715
wikipedia,KFC_v2,iterative,0.9973914377781188,0.0029542097488921715
wikipedia,KFC_v2,iterative,0.9975448826147001,0.0029542097488921715
wikipedia,KFC_v2,iterative,0.9976983274512813,0.0029542097488921715
wikipedia,KFC_v2,iterative,0.9978517722878626,0.0029542097488921715
wikipedia,KFC_v2,iterative,0.9980052171244438,0.0029542097488921715
wikipedia,KFC_v2,iterative,0.9981586619610251,0.0029542097488921715
wikipedia,KFC_v2,iterative,0.9983121067976063,0.0029542097488921715
wikipedia,KFC_v2,iterative,0.9984655516341876,0.0029542097488921715
wikipedia,KFC_v2,iterative,0.9986189964707688,0.0029542097488921715
wikipedia,KFC_v2,iterative,0.9987724413073501,0.0029542097488921715
wikipedia,KFC_v2,iterative,0.9989258861439313,0.0029542097488921715
wikipedia,KFC_v2,iterative,0.9990793309805126,0.0029542097488921715
wikipedia,KFC_v2,iterative,0.9992327758170938,0.0029542097488921715
wikipedia,KFC_v2,iterative,0.9993862206536751,0.0029542097488921715
wikipedia,KFC_v2,iterative,0.9995396654902563,0.0029542097488921715
wikipedia,KFC_v2,iterative,0.9996931103268375,0.0029542097488921715
wikipedia,KFC_v2,iterative,0.9998465551634188,0.0029542097488921715
wikipedia,KFC_v2,iterative,1.0,0.0014771048744460858
