i,j,LDC,Jaccard,LKS,CI_e_av_skin,CI_e_mul_skin,CI_e_av_body,CI_e_mul_body,LLBCe,LLBMEe1
0,1,966,0.22641509433962265,378,20159.5,389360928,164330.5,24473970510,0.002613833446779839,-963.4108013910908
0,2,920,0.3125,378,17857.5,277538976,159134.5,23289012318,0.0026008103016089456,-653.1081539405595
0,3,1058,0.2777777777777778,522,18466.5,307121760,174800.5,26861674950,0.0015676433784400248,-465.9131914134074
0,4,1380,0.25757575757575757,522,17778.5,273701472,211032.5,35124455014,0.0022254166155726463,-1497.1983997646935
0,5,1127,0.3090909090909091,522,18888.0,327596544,182581.0,28636033536,0.0016386415728521,-548.2360837148377
0,6,1127,0.2631578947368421,522,18888.0,327596544,182581.0,28636033536,0.001523056187059947,-545.1010931541246
0,7,529,0.24324324324324326,324,23012.0,527923968,114851.0,13190071576,0.004757035183216238,-530.8384460028361
0,8,460,0.43333333333333335,270,25767.0,661750848,105909.5,11150944618,0.003671955463000239,-248.2446403799678
0,9,1380,0.27692307692307694,522,19755.0,369711936,211032.5,35124455014,0.0014288525101029302,-884.233118781425
0,10,1288,0.234375,522,19871.5,375371040,200700.5,32768221750,0.001851292191577207,-1035.0034628206279
0,11,483,0.41935483870967744,324,17024.0,237050880,109573.0,11986413120,0.003978145510403575,-280.99734343075426
0,12,1725,0.1951219512195122,522,21690.0,463706496,249635.0,43927832344,0.0014359531522901284,-1872.246274232284
0,13,989,0.40425531914893614,522,33858.0,1054779264,166759.0,25027794792,0.001630625387563407,-355.21651837822435
0,14,230,0.1,180,18030.0,285918336,80624.5,5384649798,0.010493079990616936,-553.048138743823
0,15,1702,0.24358974358974358,522,17181.0,244677312,247251.0,43384156376,0.00221133681489781,-2882.4687817062877
0,16,1035,0.3877551020408163,378,18810.0,323807616,172117.0,26249697408,0.0022249002044927822,-649.6645629286978
0,17,667,0.4444444444444444,324,16946.0,233261952,130485.0,16755436544,0.002896090529823127,-358.60070977945225
0,18,989,0.40425531914893614,522,33858.0,1054779264,166759.0,25027794792,0.001630625387563407,-355.2165183782244
0,19,276,0.16666666666666666,198,16126.0,193429632,85948.5,6598798646,0.005494704848153124,-304.8398336796577
0,20,529,0.6428571428571429,324,23947.0,573342528,114026.0,13001928676,0.0024928040801056673,-149.23967334621693
0,21,2208,0.16666666666666666,522,25966.5,671441760,303110.5,56123027070,0.0024418365889089435,-7963.988175829585
0,22,460,0.2647058823529412,324,22537.0,504850368,106707.5,11332930114,0.005571024483310518,-485.95845474285557
0,23,598,0.3611111111111111,324,16131.5,193696800,122650.5,14968763150,0.004124299373578189,-480.4691590839928
1,17,1218,0.3148148148148148,378,12817.5,153961724,180789.5,31539325440,0.002269753350026414,-1003.0198330447217
1,19,504,0.22727272727272727,231,11997.5,127670884,136253.0,12421142085,0.005735720997348903,-1295.8985544670522
1,20,966,0.3,378,19818.5,378427786,164330.5,24473970510,0.002832014735320963,-928.852990112294
1,21,4032,0.2777777777777778,609,21838.0,443176995,353415.0,105642273825,0.0013294453065923772,-5758.992514675173
1,24,2478,0.27848101265822783,441,12423.5,141329296,258755.5,65007790260,0.002434367045542377,-3338.770599576569
1,25,2226,0.4393939393939394,441,11967.5,126709024,243245.5,58349812560,0.0025065572123877927,-2145.1466163365612
1,26,2016,0.47540983606557374,441,14924.5,221516358,230293.0,52789692885,0.0017132560210874929,-1171.7614519928595
1,27,1638,0.5283018867924528,441,10067.5,65791224,206972.5,42778901850,0.004680769225294347,-2363.6055432941002
1,28,1932,0.2222222222222222,441,10580.5,82239030,225105.0,50562640125,0.0027332105805690605,-2546.7440371624007
1,3,1932,0.35384615384615387,609,14338.0,202711995,225105.0,50562640125,0.0012401693082222556,-829.8571659404683
1,29,2184,0.323943661971831,441,9443.5,45784536,240657.0,57238647165,0.0032007026906290333,-3527.5671631475457
1,4,2520,0.3076923076923077,609,13650.0,180653339,261337.0,66115950765,0.001357870448745017,-1748.7164290390149
1,5,2058,0.3582089552238806,609,14759.5,216226128,232885.5,53902575360,0.0011656695059666022,-875.3563639431028
1,30,336,0.1111111111111111,168,15743.5,247775136,124831.5,7518234780,0.011038059163059168,-2321.5557958243417
1,31,378,0.10869565217391304,168,16787.5,281247864,127329.5,8590551240,0.01007195501760719,-2251.417639489252
1,32,336,0.1111111111111111,168,15743.5,247775136,124831.5,7518234780,0.011038059163059168,-2321.5557958243417
1,33,2016,0.40625,609,14619.0,211721417,230293.0,52789692885,0.0012886417547219415,-978.1434374836432
1,6,2058,0.3382352941176471,609,14759.5,216226128,232885.5,53902575360,0.0012690406606103632,-977.4852112388492
1,34,1134,0.21052631578947367,420,14307.5,201734104,175567.5,29297677500,0.0030103346250784347,-1421.5776309711323
1,35,1638,0.24615384615384617,441,13677.5,181535044,206839.5,42721808940,0.003072733867225066,-2274.5471729034225
1,36,798,0.4186046511627907,399,11930.5,125522730,154639.5,20313914940,0.0030405902083642943,-714.3032518245724
1,37,1218,0.39215686274509803,441,12061.5,129722852,180845.5,31563364560,0.002534689001770227,-964.9926476901886
1,38,1050,0.45652173913043476,441,12875.5,155821320,170341.5,27054312480,0.0019195357782314302,-554.162062842037
1,39,1638,0.208955223880597,609,28098.5,643901146,206687.5,42656559900,0.0018230468358542832,-1243.6729729266408
1,40,1680,0.20588235294117646,609,28627.0,660845913,209283.0,43770730185,0.001847231786724765,-1323.6701361343655
1,8,840,0.16981132075471697,315,21638.5,436780626,156214.0,20989800555,0.00439551057925198,-1603.0302828765655
1,9,2520,0.3246753246753247,609,15626.5,244023882,261337.0,66115950765,0.0011182277270406736,-1347.0839158918764
1,10,2352,0.42028985507246375,609,15743.0,247759105,251005.0,61680733125,0.0011745354013257576,-1083.182144033126
1,12,3150,0.36046511627906974,609,17561.5,306063852,299939.5,82686845940,0.0011359212103283817,-2107.992651909509
1,41,1638,0.24615384615384617,441,10086.5,66400402,206915.5,42754433460,0.0050471167786664255,-3548.628879304869
1,42,1764,0.3125,441,9286.5,40750802,214717.0,46103383365,0.0034225042098715817,-2334.4055389396112
1,43,4200,0.23478260869565218,441,9055.0,33328449,364024.5,110196613890,0.004390190220925545,-26259.661794343992
1,44,2352,0.4411764705882353,441,9143.0,36149905,251005.0,61680733125,0.002379064056500996,-2220.8007806377364
1,45,1890,0.3181818181818182,441,9533.5,48670116,222509.5,49448469840,0.00321553086719593,-2406.7437564001857
1,46,1512,0.5,441,10098.0,66769115,199105.0,39401620125,0.0024403569787080004,-1024.647156193651
1,47,2394,0.2375,441,15407.5,237002304,253589.5,62790181440,0.0025758503001215285,-3304.5814759520867
1,48,1092,0.3333333333333333,441,15903.0,252889025,172905.0,28154746125,0.004531766245543713,-1570.2328334856843
1,49,1050,0.3137254901960784,420,15407.5,237002304,170293.5,27033707520,0.004502972619192601,-1510.60766644744
1,50,1344,0.37037037037037035,441,15331.5,234565592,188677.0,34925192565,0.003351882213342862,-1382.9681101937372
1,51,1218,0.2909090909090909,441,9499.5,47580008,180845.5,31563364560,0.0035847410282151514,-1594.983357198495
1,52,2478,0.4027777777777778,441,9668.5,52998486,258755.5,65007790260,0.002755662967951645,-3323.5718994483564
2,11,840,0.4186046511627907,378,10593.5,111527520,154681.5,21470024160,0.0021089375740538526,-420.2681406714261
2,18,1720,0.296875,609,27427.5,496251756,211867.5,44829704556,0.0013615576175756486,-737.4028432830236
2,20,920,0.26,378,17516.5,269745762,159134.5,23289012318,0.0025000466231805876,-681.6185886323311
2,21,3840,0.4020618556701031,609,19536.0,315899415,348219.0,100527383385,0.0009979355598386066,-3280.6056730691726
2,23,1040,0.29411764705882354,378,9701.0,91130325,167759.0,26811999825,0.0023756243342785244,-766.9266760745478
2,53,2200,0.39705882352941174,609,9493.5,86388120,243358.5,57693337182,0.0011557601610730289,-1000.8720865689758
2,54,1240,0.33962264150943394,441,9763.5,92558700,180871.5,32168272500,0.0019701350036503496,-666.6420551734038
2,55,1160,0.23214285714285715,441,11831.5,139820772,175593.5,30012283392,0.0024118006563669126,-879.6992124923972
2,56,920,0.26,420,11015.5,121171908,159871.5,23590066500,0.0025534091758581557,-693.2280164394477
2,57,1080,0.34,441,11134.5,123891534,170371.5,27879169500,0.001946141096070966,-533.9228644920186
2,24,2360,0.1927710843373494,441,10121.5,100740432,253559.5,61860302868,0.0013959805980299856,-1906.4054110367906
2,58,1080,0.34,441,11134.5,123891534,170371.5,27879169500,0.001946141096070966,-533.9228644920186
2,59,2200,0.28378378378378377,441,8764.5,69727554,243223.5,57638191572,0.001925100238428028,-1960.899924700458
2,60,1120,0.36,441,11343.0,128656593,172983.0,28945930689,0.0018924364640350016,-526.0348922136899
2,3,1840,0.30303030303030304,609,12036.0,144494415,219909.0,48114544725,0.0010861718267991878,-644.0566847097804
2,61,680,0.2127659574468085,357,7001.5,29435952,144233.5,17202162432,0.003009753077899296,-698.663448831284
2,62,1720,0.31746031746031744,609,9976.5,97426602,212119.5,44932643028,0.0012271769213878358,-693.9085245026218
2,63,1240,0.26785714285714285,441,7678.5,44908110,180871.5,32168272500,0.0020721688236796537,-834.5018760102344
2,29,2080,0.29577464788732394,441,7141.5,32635512,235461.0,54467318997,0.0020119117663031363,-1998.3026529184617
2,4,2400,0.2987012987012987,609,11348.0,128770863,256141.0,62914809477,0.0009370863049784682,-1054.9871279963604
2,64,760,0.11320754716981132,315,10492.5,109219266,149479.5,19345079988,0.006093015986327053,-1970.6283040451365
2,65,2040,0.22972972972972974,609,15313.5,219398400,232871.5,53409544500,0.0017679612066182637,-1788.9650926791794
2,66,1840,0.2463768115942029,609,15861.0,231910965,219909.0,48114544725,0.002027173123273249,-1531.1743555177998
2,5,1960,0.3088235294117647,609,12457.5,154127376,227689.5,51292770048,0.0010479919798136689,-702.52525798586
2,67,960,0.10344827586206896,315,18915.5,301718508,162439.0,24638854305,0.004665882559134445,-1874.459318865412
2,6,1960,0.2898550724637681,609,12457.5,154127376,227689.5,51292770048,0.0010641539791777172,-731.5750765457414
2,9,2400,0.42857142857142855,609,13324.5,173941794,256141.0,62914809477,0.0007982371625832039,-709.6985117106386
2,10,2240,0.28,609,13441.0,176604285,245809.0,58694332125,0.0009938114794157836,-958.1397642329108
2,12,3000,0.4375,609,15259.5,218164284,294743.5,78683390292,0.0007097725587250291,-1041.8611151394782
2,13,1720,0.296875,609,27427.5,496251756,211867.5,44829704556,0.0013615576175756486,-737.4028432830237
2,15,2960,0.4430379746835443,609,10750.5,115115598,292359.5,77709559668,0.0008408092613735176,-1312.697155618733
2,16,1800,0.7346938775510204,441,12379.5,152344764,217225.5,47018372544,0.0009210281334756121,-347.3847957237117
2,43,4000,0.2727272727272727,441,6753.0,23756733,358828.5,104861215602,0.0027413354248801464,-14282.50535246249
2,47,2280,0.2597402597402597,441,13105.5,168936768,248393.5,59750064192,0.001525412115112049,-1618.9145749137244
2,68,2120,0.34782608695652173,441,8365.5,60608808,238049.5,55524685008,0.00148962941721877,-1241.341823718255
2,69,2480,0.3076923076923077,441,8275.5,58551948,261453.5,65084891352,0.0015185156013699209,-1903.5157140703864
2,70,1080,0.3673469387755102,441,11134.5,123891534,170371.5,27879169500,0.0019464402084845042,-515.6203969734811
2,71,1040,0.3469387755102041,441,10926.0,119126475,167759.0,26811999825,0.002002738431236808,-522.8773509310896
2,72,1640,0.24615384615384617,441,11733.5,137581080,207021.5,42850181400,0.0015964280052011993,-1042.5481307820357
3,11,966,0.3137254901960784,522,11202.5,123415200,170347.5,24763644000,0.0015716679834326883,-409.75005215287325
3,18,1978,0.6181818181818182,841,28036.5,549147060,227533.5,51706827900,0.0008887735907937923,-337.3085835758237
3,20,1058,0.3018867924528302,522,18125.5,298497870,174800.5,26861674950,0.0015425405710238799,-442.1763961763983
3,21,4416,0.39215686274509803,841,20145.0,349571025,363885.0,115948837125,0.0010091156387134796,-3584.5232767568646
3,53,2530,0.463768115942029,841,10102.5,95596200,259024.5,66543812550,0.0011955275438575645,-1020.619642073398
3,25,2438,0.2375,609,10274.5,99946080,253715.5,64042477200,0.0018530740857618533,-1973.1463603986579
3,26,2208,0.38235294117647056,609,13231.5,174728610,240763.0,57939906825,0.001049080963471494,-748.3541232929161
3,27,1794,0.26865671641791045,609,8374.5,51895080,217442.5,46952453250,0.0025728229315737676,-1736.5252748606495
3,62,1978,0.6481481481481481,841,10585.5,107811270,227785.5,51825557700,0.0008976306392757252,-354.55107944626354
3,29,2392,0.30666666666666664,609,7750.5,36114120,251127.0,62822905425,0.0022684226319386563,-2409.4710604405527
3,73,1886,0.4745762711864407,841,15782.5,239243400,222587.5,49376520000,0.0013889054870422793,-652.7234399912297
3,4,2760,0.7377049180327869,841,11957.0,142496505,271807.0,72566287425,0.000734181195246769,-499.28071147992557
3,65,2346,0.4696969696969697,841,15922.5,242784000,248537.5,61602862500,0.001359502036214901,-1051.5594449867476
3,66,2116,0.4603174603174603,841,16470.0,256630275,235575.0,55495580625,0.0014782098178252347,-889.0510723396006
3,5,2254,0.9,841,13066.5,170555760,243355.5,59161363200,0.0005260770975056689,-182.7047409949806
3,33,2208,0.7407407407407407,841,12926.0,167002515,240763.0,57939906825,0.0009656112691199666,-438.5242582554803
3,6,2254,0.9,841,13066.5,170555760,243355.5,59161363200,0.0005189504373177843,-179.5940931671524
3,74,1748,0.5,841,26191.5,502487010,214561.0,45594834525,0.001351788913304472,-543.6801349244718
3,75,1380,0.5833333333333334,841,21895.5,393841170,193753.0,35791145325,0.0014003995331566255,-353.66086306772286
3,36,874,0.3829787234042553,551,10237.5,99010350,165109.5,22295760300,0.0018644719962943824,-402.5263501277152
3,37,1334,0.3392857142857143,609,10368.5,102323340,191315.5,34642717200,0.0014608945853006666,-536.2789197498215
3,38,1150,0.39215686274509803,609,11182.5,122909400,180811.5,29693757600,0.0013925208778149945,-386.5262805647403
3,39,1794,0.5454545454545454,841,26405.5,507899070,217157.5,46818175500,0.0010578026977313964,-393.70929208068605
3,40,1840,0.5357142857142857,841,26934.0,521264835,219753.0,48041045325,0.001059347145410378,-418.73413123603575
3,76,1564,0.5384615384615384,841,23878.5,443991240,204165.0,40696759125,0.0014166841828573478,-430.19728361999154
3,77,1564,0.5384615384615384,841,23878.5,443991240,204165.0,40696759125,0.0014166841828573478,-430.19728361999154
3,78,1702,0.5370370370370371,841,25654.5,488906280,211963.5,44371022400,0.0011024254253483405,-359.4751292483465
3,79,1472,0.56,841,22969.5,421002630,198961.0,38244894525,0.0012123842779641683,-315.9007888772241
3,80,1426,0.5714285714285714,841,22432.5,407421900,196357.5,37018255500,0.0011989801441830133,-290.4799210879501
3,81,1472,0.5918367346938775,841,22706.0,414338715,198961.0,38244894525,0.0011012230399985502,-270.257122699328
3,82,1518,0.6122448979591837,841,12338.5,152144640,201691.5,39531369600,0.0010307353738476187,-258.24875004321484
3,83,1564,0.6326530612244898,841,12526.5,156899160,204297.0,40758950925,0.0009684110768294443,-247.07917737617163
3,84,1518,0.6122448979591837,841,19682.5,337874400,201643.5,39508754400,0.0011927037750475535,-322.5527953193314
3,9,2760,0.6825396825396826,841,13933.5,192482190,271807.0,72566287425,0.0006895015151543568,-476.1314424817748
3,10,2576,0.7894736842105263,841,14050.0,195428475,261475.0,67698365625,0.0006577817198117951,-351.9890229247921
3,12,3450,0.5921052631578947,841,15868.5,241418340,310409.5,90753855300,0.0006957280049385311,-890.3048333389987
3,13,1978,0.6181818181818182,841,28036.5,549147060,227533.5,51706827900,0.0008887735907937923,-337.3085835758237
3,15,3404,0.4457831325301205,841,11359.5,127385730,308025.5,89630633700,0.0009729596653850372,-1621.53114765293
3,16,2070,0.28169014084507044,609,12988.5,168583140,232891.5,54231249600,0.001012867875304102,-758.4829597382619
3,43,4600,0.226890756302521,609,7362.0,26288955,374494.5,120947503050,0.002997295672359128,-17931.053279570107
3,44,2576,0.24390243902439024,609,7450.0,28514475,261475.0,67698365625,0.0015515168429379768,-1794.659211066083
3,46,1656,0.30158730158730157,609,8405.0,52666425,209575.0,43245680625,0.0015989847580985652,-796.6690002745011
3,52,2714,0.26506024096385544,609,7975.5,41804370,269225.5,71350013700,0.0016407765450437931,-2295.491627741288
4,11,1260,0.2857142857142857,522,10514.5,109985440,206579.5,32381059680,0.0013912894865275825,-848.4058527239838
4,17,1740,0.2535211267605634,522,10436.5,108227476,227491.5,45264482816,0.001770502995040407,-1561.424665224626
4,18,2580,0.609375,841,27348.5,489390132,263765.5,67612096188,0.0011879342928147651,-867.334565266345
4,20,1380,0.25757575757575757,522,17437.5,266016014,211032.5,35124455014,0.0021292241589187817,-1433.8175006755525
4,21,5760,0.4716981132075472,841,19457.0,311531505,400117.0,151615255605,0.000755801209391186,-3362.4113583578865
4,23,1560,0.2112676056338028,522,9622.0,89870275,219657.0,40437819725,0.0016632654970535304,-1425.6707236897837
4,53,3300,0.5131578947368421,841,9414.5,85193640,295256.5,87013008486,0.000790541455253938,-1067.3731570375248
4,25,3180,0.22826086956521738,609,9586.5,89070176,289947.5,83742250384,0.0014939604490478613,-2787.118838658188
4,26,2880,0.35,609,12543.5,155715042,276995.0,75762500089,0.0009278307360611164,-1235.2357459405637
4,27,2340,0.2375,609,7686.5,46247976,253674.5,61395253090,0.0022564747349165777,-2947.312793313701
4,62,2580,0.6349206349206349,841,9897.5,96079494,264017.5,67767347844,0.0007435809760570309,-558.3845865602489
4,85,2460,0.20238095238095238,609,8874.5,73023120,258919.5,64626582200,0.0014864012671600183,-2135.1931379115654
4,86,2340,0.17857142857142858,609,8712.5,69371964,253712.5,61418664054,0.0014173060988768712,-1945.7993294095734
4,29,3120,0.4177215189873418,609,7062.5,32184264,287359.0,82147532481,0.002083385667986362,-3155.955499554841
4,73,2460,0.3835616438356164,841,15094.5,213209480,258819.5,64564974400,0.001433231823848696,-1438.065479645353
4,65,3060,0.44155844155844154,841,15234.5,216364800,284769.5,80552198500,0.0014760305506826606,-2021.254478783197
4,66,2760,0.39473684210526316,841,15782.0,228704355,271807.0,72566287425,0.001509727398115501,-1787.0742881982578
4,5,2940,0.7868852459016393,841,12378.5,151996272,279587.5,77359682304,0.0006308479771594527,-450.4110299289152
4,33,2880,0.6119402985074627,841,12238.0,148829683,276995.0,75762500089,0.0012699043920908542,-1189.0847613482288
4,6,2940,0.7868852459016393,841,12378.5,151996272,279587.5,77359682304,0.0006600203833810391,-469.7475701520204
4,74,2280,0.4411764705882353,841,25503.5,447807522,250793.0,59620024333,0.0017119769296859444,-1433.7119726763988
4,75,1800,0.45161290322580644,841,21207.5,350984274,229985.0,46800673309,0.0016897381023504767,-1054.5867020111807
4,87,2160,0.11627906976744186,493,8172.0,57190175,245894.5,56602166250,0.0034186313922129168,-5220.711516064998
4,36,1140,0.29508196721311475,551,9549.5,88236270,201341.5,29154043116,0.001946731168042643,-1091.6039452535288
4,37,1740,0.4126984126984127,609,9680.5,91188748,227547.5,45298983184,0.0012867748654156054,-871.7922176128409
4,38,1500,0.3492063492063492,609,10494.5,109534680,217043.5,38827699872,0.0014818442465180275,-939.7707451038168
4,39,2340,0.45588235294117646,841,25717.5,452630654,253389.5,61219670860,0.0012348186609911667,-1005.005216510959
4,40,2400,0.4492753623188406,841,26246.0,464541987,255985.0,62818701309,0.0012017509978141817,-1024.7065472942033
4,76,2040,0.42424242424242425,841,23190.5,395677128,240397.0,53215277445,0.0017307853759540226,-1244.6620136318154
4,77,2040,0.42424242424242425,841,23190.5,395677128,240397.0,53215277445,0.0017307853759540226,-1244.6620136318154
4,78,2220,0.49230769230769234,841,24966.5,435704616,248195.5,58019761728,0.0013767295963303258,-957.7517523582788
4,79,1920,0.4603174603174603,841,22281.5,375190086,235193.0,50009207533,0.0014539353916391115,-906.0588400047706
4,80,1860,0.4444444444444444,841,21744.5,363087180,232589.5,48405248460,0.0015386691412005193,-937.4562370531776
4,81,1920,0.4603174603174603,841,22018.0,369251323,235193.0,50009207533,0.0014281497589135157,-877.4576669885214
4,82,1980,0.47619047619047616,841,11650.5,135588608,237923.5,51691408512,0.0012239774733280202,-763.2894776192672
4,83,2040,0.49206349206349204,841,11838.5,139825752,240529.0,53296599741,0.001181664719801749,-745.6604333536827
4,84,1980,0.5,841,18994.5,301107680,237875.5,51661836768,0.0012815655659845421,-816.1013760502718
4,88,840,0.1746031746031746,406,12654.5,158216760,188177.0,21043684285,0.0029893391212589926,-1676.352584635152
4,89,840,0.1746031746031746,406,12654.5,158216760,188177.0,21043684285,0.0029893391212589926,-1676.352584635152
4,90,1080,0.23809523809523808,435,14933.5,209580862,198653.0,27497717413,0.002752694591703995,-1608.902329705216
4,9,3600,0.6438356164383562,841,13245.5,171536718,308039.0,94888025521,0.0006666483804745453,-808.5342942948707
4,91,720,0.14285714285714285,319,8467.0,63838885,182977.0,17840078685,0.0036921715680473307,-2057.072058314555
4,92,480,0.11475409836065574,232,9222.0,80855075,172461.0,11361402437,0.006109159510798855,-2978.5832859735165
4,93,1020,0.203125,435,9026.5,76448896,196131.5,25944276736,0.004065778178295579,-2501.1091171872895
4,10,3360,0.6571428571428571,841,13362.0,174162395,297707.0,88522707625,0.0006542937547819476,-699.4015595798718
4,12,4500,0.6666666666666666,841,15180.5,215147748,346641.5,118670176516,0.0004928666617899142,-892.4212195087742
4,13,2580,0.609375,841,27348.5,489390132,263765.5,67612096188,0.0011879342928147651,-867.334565266345
4,15,4440,0.5227272727272727,841,10671.5,113523906,344257.5,117201446564,0.0007605063786883894,-1744.5012035440402
4,16,2700,0.34615384615384615,609,12300.5,150238308,269123.5,70913042112,0.0008720064645576772,-1074.0713082488967
4,94,1860,0.08333333333333333,493,8514.5,64909440,232844.5,48562348350,0.008987805247952943,-11533.665430197434
4,43,6000,0.3114754098360656,609,6674.0,23428251,410726.5,158151535146,0.002353971220645276,-16711.233096930056
4,44,3360,0.24731182795698925,609,6762.0,25411595,297707.0,88522707625,0.0012191794530181752,-2384.7510781509845
4,46,2160,0.24675324675324675,609,7717.0,46935385,245807.0,56548259425,0.001453688255455181,-1543.389314670787
4,68,3180,0.20212765957446807,609,8286.5,59770776,289947.5,83742250384,0.0013040689905033434,-2543.5226457384533
4,69,3720,0.2079207920792079,609,8196.5,57742356,313351.5,98160939896,0.0014258563036661125,-3662.0203799656515
4,52,3540,0.26595744680851063,609,7287.5,37255314,305457.5,93297620164,0.0013184100417528882,-2996.442511187843
5,11,1029,0.2962962962962963,522,11624.0,131642880,178128.0,26399416320,0.0015140325936971633,-481.19425885294424
5,17,1421,0.3,522,11546.0,129538752,199040.0,36902928384,0.0015108477501597345,-710.9121447157041
5,18,2107,0.6428571428571429,841,28458.0,585756864,235314.0,55122342912,0.0009186206157327137,-386.5239717547582
5,20,1127,0.3090909090909091,522,18547.0,318397728,182581.0,28636033536,0.0016199602915445551,-542.3741026391783
5,21,4704,0.4077669902912621,841,20566.5,372875760,371665.5,123607883520,0.0009805681340088741,-3644.645074058899
5,23,1274,0.25,522,10731.5,107566800,191205.5,32967878400,0.0016083058430066597,-726.9843945969245
5,53,2695,0.4647887323943662,841,10524.0,101969280,266805.0,70939390464,0.0010980450771928552,-1042.1700203271744
5,25,2597,0.2289156626506024,609,10696.0,106609152,261496.0,68272828416,0.0017751278449449073,-2143.071143920272
5,26,2352,0.36619718309859156,609,13653.0,186377184,248543.5,61767150336,0.0010276224654785448,-844.7729958357642
5,27,1911,0.2571428571428571,609,8796.0,55354752,225223.0,50053916160,0.002475519968981636,-1931.0294989294969
5,62,2107,0.6140350877192983,841,11007.0,114998688,235566.0,55248915456,0.0008960613035137584,-419.77154190394566
5,29,2548,0.3466666666666667,609,8172.0,38521728,258907.5,66972697344,0.0022078743949198306,-2455.688124849244
5,73,2009,0.45161290322580644,841,16204.0,255192960,230368.0,52638105600,0.001361593240074817,-752.5505046674782
5,65,2499,0.4492753623188406,841,16344.0,258969600,256318.0,65672064000,0.0013462220736513554,-1194.4888999889704
5,66,2254,0.46153846153846156,841,16891.5,273738960,243355.5,59161363200,0.0014582767105694552,-987.8884703665998
5,33,2352,0.7321428571428571,841,13347.5,178136016,248543.5,61767150336,0.000900106173887718,-464.75157164488076
5,6,2401,0.8490566037735849,841,13488.0,181926144,251136.0,63069290496,0.0005661529246434907,-233.75165402493727
5,74,1862,0.5,841,26613.0,535986144,222341.5,48606619392,0.0012773114350770685,-589.1635581621321
5,75,1470,0.5490196078431373,841,22317.0,420097248,201533.5,38155343616,0.0014578959529939924,-448.2846712201546
5,36,931,0.36,551,10659.0,105611040,172890.0,23768515584,0.0018260594281002444,-485.92913581158933
5,37,1421,0.39285714285714285,609,10790.0,109144896,199096.0,36931055616,0.0013310466618125592,-526.1336968887323
5,38,1225,0.4230769230769231,609,11604.0,131103360,188592.0,31655190528,0.0013615568904030435,-425.3029143875318
5,39,1911,0.5172413793103449,841,26827.0,541759008,224938.0,49910768640,0.001097640716872857,-486.24491108599096
5,40,1960,0.5084745762711864,841,27355.5,556015824,227533.5,51214415616,0.0010674147233667914,-500.69846247054926
5,76,1666,0.509090909090909,841,24300.0,473590656,211945.5,43384999680,0.0014748291923009878,-539.4847377662618
5,77,1666,0.509090909090909,841,24300.0,473590656,211945.5,43384999680,0.0014748291923009878,-539.4847377662618
5,78,1813,0.5087719298245614,841,26076.0,521500032,219744.0,47301967872,0.0011509374564529272,-450.38773859481677
5,79,1568,0.5283018867924528,841,23391.0,449069472,206741.5,40771176192,0.001227950061647715,-389.37874205949504
5,80,1519,0.5384615384615384,841,22854.0,434583360,204138.0,39463511040,0.0012659649175928015,-374.76036541004373
5,81,1568,0.5576923076923077,841,23127.5,441961296,206741.5,40771176192,0.0011871832290384326,-355.515005097342
5,82,1617,0.5769230769230769,841,12760.0,162287616,209472.0,42142629888,0.0010845813730429117,-331.20600889989385
5,83,1666,0.5961538461538461,841,12948.0,167359104,212077.5,43451299584,0.0010222610052926793,-317.4489423290757
5,84,1617,0.5769230769230769,841,20104.0,360399360,209424.0,42118520832,0.0012683154646475033,-415.6880574939405
5,9,2940,0.703125,841,14355.0,205314336,279587.5,77359682304,0.0006736657200707951,-504.50991659354696
5,91,588,0.08928571428571429,319,9576.5,76409520,154525.5,14544541440,0.003816437353372083,-1146.3702417628692
5,10,2744,0.75,841,14471.5,208457040,269255.5,72170208000,0.0006646070086997307,-414.9732459233833
5,12,3675,0.5897435897435898,841,16290.0,257512896,318190.0,96748637184,0.0006754386297637161,-946.9307418104303
5,13,2107,0.6428571428571429,841,28458.0,585756864,235314.0,55122342912,0.0009186206157327137,-386.52397175475807
5,15,3626,0.4642857142857143,841,11781.0,135878112,315806.0,95551220736,0.0009143461055883,-1618.6547688061949
5,16,2205,0.3055555555555556,609,13410.0,179822016,240672.0,57813516288,0.0009877029476015285,-806.0111215069214
5,43,4900,0.25210084033613445,609,7783.5,28041552,382275.0,128936738304,0.002952112976598753,-18033.68520689197
5,44,2744,0.23529411764705882,609,7871.5,30415440,269255.5,72170208000,0.0014931606908918714,-1951.5199784534486
5,46,1764,0.2878787878787879,609,8826.5,56177520,217355.5,46102291200,0.001560088210459248,-912.7870630135258
5,52,2891,0.2558139534883721,609,8397.0,44591328,277006.0,76063067136,0.0015872227516439631,-2488.1481697715576
6,11,1029,0.2962962962962963,522,11624.0,131642880,178128.0,26399416320,0.0015313603625972593,-484.2911889918389
6,18,2107,0.6727272727272727,841,28458.0,585756864,235314.0,55122342912,0.0007973834994037013,-323.12317234117495
6,20,1127,0.2857142857142857,522,18547.0,318397728,182581.0,28636033536,0.0014709118442884674,-508.86802297560484
6,21,4704,0.4215686274509804,841,20566.5,372875760,371665.5,123607883520,0.0009807462051314659,-3569.5904467701866
6,53,2695,0.4444444444444444,841,10524.0,101969280,266805.0,70939390464,0.0011503998057919137,-1119.077232935658
6,25,2597,0.2289156626506024,609,10696.0,106609152,261496.0,68272828416,0.0018705162678107244,-2250.187357516641
6,26,2352,0.36619718309859156,609,13653.0,186377184,248543.5,61767150336,0.001053075994001872,-862.6822207743413
6,27,1911,0.2571428571428571,609,8796.0,55354752,225223.0,50053916160,0.002849646069218352,-2211.736294437478
6,62,2107,0.6140350877192983,841,11007.0,114998688,235566.0,55248915456,0.0008813712629778532,-411.49968631571363
6,29,2548,0.2948717948717949,609,8172.0,38521728,258907.5,66972697344,0.002438369396650196,-2921.9407099912896
6,73,2009,0.45161290322580644,841,16204.0,255192960,230368.0,52638105600,0.0013306706719779442,-733.037806391946
6,65,2499,0.5151515151515151,841,16344.0,258969600,256318.0,65672064000,0.0012929944697073344,-1047.4829227555717
6,66,2254,0.4393939393939394,841,16891.5,273738960,243355.5,59161363200,0.001396832652552424,-972.8229097215193
6,33,2352,0.7017543859649122,841,13347.5,178136016,248543.5,61767150336,0.0010044495652369073,-534.863736462212
6,74,1862,0.5,841,26613.0,535986144,222341.5,48606619392,0.0013273857592851015,-609.6095593914147
6,75,1470,0.5490196078431373,841,22317.0,420097248,201533.5,38155343616,0.0014239473308100758,-436.10279243085427
6,36,931,0.36,551,10659.0,105611040,172890.0,23768515584,0.002053464675913656,-542.6103338887898
6,37,1421,0.3220338983050847,609,10790.0,109144896,199096.0,36931055616,0.001578706341468098,-687.4902285588511
6,38,1225,0.37037037037037035,609,11604.0,131103360,188592.0,31655190528,0.0015277277462812048,-511.0185488638141
6,39,1911,0.543859649122807,841,26827.0,541759008,224938.0,49910768640,0.0009971007020155625,-425.6323492990815
6,40,1960,0.5344827586206896,841,27355.5,556015824,227533.5,51214415616,0.0009951517687678474,-449.9316454364752
6,76,1666,0.509090909090909,841,24300.0,473590656,211945.5,43384999680,0.0013657211286474695,-498.0587712472788
6,77,1666,0.509090909090909,841,24300.0,473590656,211945.5,43384999680,0.0013657211286474695,-498.0587712472788
6,78,1813,0.5925925925925926,841,26076.0,521500032,219744.0,47301967872,0.0010044669547483605,-352.3280883101357
6,79,1568,0.5576923076923077,841,23391.0,449069472,206741.5,40771176192,0.0011507129288693134,-350.14028708176954
6,80,1519,0.5384615384615384,841,22854.0,434583360,204138.0,39463511040,0.001176148792708803,-346.9870591198896
6,81,1568,0.5576923076923077,841,23127.5,441961296,206741.5,40771176192,0.0010777040330207748,-321.77659580740084
6,82,1617,0.5769230769230769,841,12760.0,162287616,209472.0,42142629888,0.0010151900847602201,-308.9522285110776
6,83,1666,0.5961538461538461,841,12948.0,167359104,212077.5,43451299584,0.0009599160475857306,-297.0669345674964
6,84,1617,0.5769230769230769,841,20104.0,360399360,209424.0,42118520832,0.0011750713951590897,-383.96057661844594
6,88,686,0.21153846153846154,406,13764.0,189371520,159725.5,17156355840,0.0024284879064290824,-635.719822743462
6,89,686,0.21153846153846154,406,13764.0,189371520,159725.5,17156355840,0.0024284879064290824,-635.719822743462
6,90,882,0.28846153846153844,435,16043.0,250849824,170201.5,22418157312,0.0021816573280263817,-606.5054818534499
6,9,2940,0.6515151515151515,841,14355.0,205314336,279587.5,77359682304,0.0006910539602847293,-548.5661661833275
6,10,2744,0.75,841,14471.5,208457040,269255.5,72170208000,0.0006544918515257499,-407.5071068143335
6,12,3675,0.631578947368421,841,16290.0,257512896,318190.0,96748637184,0.0006444539865592496,-856.2524477018135
6,13,2107,0.6727272727272727,841,28458.0,585756864,235314.0,55122342912,0.000797383499403701,-323.1231723411748
6,15,3626,0.4819277108433735,841,11781.0,135878112,315806.0,95551220736,0.0009317670202399973,-1606.9442107566783
6,16,2205,0.323943661971831,609,13410.0,179822016,240672.0,57813516288,0.000958254480650466,-758.3041041265997
6,43,4900,0.22131147540983606,609,7783.5,28041552,382275.0,128936738304,0.0031999839851376494,-20512.932007169595
6,44,2744,0.23529411764705882,609,7871.5,30415440,269255.5,72170208000,0.0015634833695383793,-2036.5172852144779
6,46,1764,0.2878787878787879,609,8826.5,56177520,217355.5,46102291200,0.0016532907281477122,-962.7564681587352
6,52,2891,0.2558139534883721,609,8397.0,44591328,277006.0,76063067136,0.0016564789192756197,-2589.2971125208182
7,17,667,0.20930232558139536,324,15670.0,208752544,131310.0,16997894144,0.004997025187269051,-934.3141671860157
7,18,989,0.15789473684210525,522,32582.0,943951008,167584.0,25389956592,0.003289437031034923,-1109.2579104634547
7,22,460,0.7916666666666666,324,21261.0,451804496,107532.5,11496921964,0.002737520128824477,-132.45361309954797
7,23,598,0.225,324,14855.5,173344600,123475.5,15185366900,0.004809145926108528,-741.166459792818
7,95,1012,0.15517241379310345,378,17984.5,309368488,170347.5,26029297844,0.003293803031077131,-1339.9664102400875
7,96,713,0.22727272727272727,360,14018.0,136936800,136528.0,18205088880,0.0032147983622529226,-584.9109104121593
7,25,1219,0.22580645161290322,378,14820.0,171801344,193766.0,31447214656,0.001768049096261634,-1004.5022689350482
7,27,897,0.10714285714285714,378,12920.0,89204544,157493.0,23055383560,0.0037329472022871583,-1531.861719902487
7,8,460,0.2647058823529412,270,24491.0,592219056,106734.5,11312303068,0.008680573820404535,-803.9724642592189
7,9,1380,0.18571428571428572,522,18479.0,330865392,211857.5,35632719364,0.002049494109414557,-1532.4581810470054
7,13,989,0.15789473684210525,522,32582.0,943951008,167584.0,25389956592,0.003289437031034923,-1109.257910463455
7,15,1702,0.1411764705882353,522,15905.0,218968464,248076.0,44011941776,0.0022011657380056867,-3516.751739521539
7,16,1035,0.1724137931034483,378,17534.0,289784352,172942.0,26629540608,0.0023150565969476686,-998.4605917253235
7,41,897,0.21568627450980393,378,12939.0,90030512,157436.0,23042196496,0.00330359842651804,-1016.1484912466033
7,47,1311,0.25,378,18260.0,321345024,204110.0,33840319744,0.002525857494653148,-1565.442633859072
7,97,621,0.19047619047619047,360,20007.0,397290608,126088.0,15789774000,0.0035604567170747134,-533.0588624441641
7,51,667,0.13043478260869565,378,12352.0,64512448,131366.0,17010849856,0.003614355114249465,-750.4004944737267
7,98,690,0.2619047619047619,360,15725.5,211165240,134050.0,17631798624,0.004592620436111548,-886.7174711330458
7,99,207,0.23076923076923078,162,15352.0,194928448,78806.0,4850988736,0.00782004596710479,-327.0674628877933
7,52,1357,0.1388888888888889,378,12521.0,71859216,209276.0,35035484176,0.0026769711005488407,-2542.238012479773
7,100,552,0.2702702702702703,342,21770.0,473931744,118247.5,13975858644,0.004588121596340666,-517.3928158068348
7,101,644,0.21428571428571427,360,20358.5,412571016,128699.5,16393949748,0.003512413640234752,-530.5886059068202
8,17,580,0.5806451612903226,270,18425.0,261670584,122368.5,14370094592,0.003070513189109014,-280.9665345427489
8,18,860,0.23529411764705882,435,35337.0,1183239288,158642.5,21464781156,0.002611517930380775,-660.0562656382032
8,19,240,0.18518518518518517,165,17605.0,216987144,77832.0,5659378703,0.008034301089856645,-355.709263261062
8,20,460,0.2647058823529412,270,25426.0,643169076,105909.5,11150944618,0.004045228161278923,-349.7690233585817
8,22,400,0.2903225806451613,270,24016.0,566335356,98591.0,9719548477,0.010015276345265658,-713.2557215266723
8,23,520,0.3142857142857143,270,17610.5,217286850,114534.0,12837776075,0.004750831156540499,-519.6666582716745
8,30,160,0.3333333333333333,120,21351.0,421114176,66410.5,3425493204,0.013452380952380954,-289.69044075309336
8,31,180,0.38095238095238093,120,22395.0,478003824,68908.5,3914067032,0.011071428571428572,-247.99101933495453
8,32,160,0.3333333333333333,120,21351.0,421114176,66410.5,3425493204,0.013452380952380954,-289.69044075309336
8,67,480,0.2222222222222222,225,26825.0,719403384,109214.0,11797258555,0.006672189802878213,-739.0759470381092
8,33,960,0.19298245614035087,435,20226.5,359837922,171872.0,24052286143,0.002505700885647062,-1037.663040613204
8,74,760,0.20833333333333334,435,33492.0,1082701548,145670.0,18927541771,0.0032281691760050733,-747.5491430500404
8,9,1200,0.17647058823529413,435,21234.0,414738612,202916.0,30124057927,0.002641200805664275,-1768.649735477414
8,13,860,0.23529411764705882,435,35337.0,1183239288,158642.5,21464781156,0.002611517930380775,-660.0562656382033
8,14,200,0.1111111111111111,150,19509.0,320739912,72508.0,4618078839,0.015123133773927424,-636.0287734782326
8,15,1480,0.16049382716049382,435,18660.0,274476204,239134.5,37207889468,0.0035808495700078683,-5001.520147975862
8,16,900,0.18181818181818182,315,20289.0,363243672,164000.5,22512730944,0.004824216831923976,-1744.626706050384
9,17,1740,0.2898550724637681,522,12413.0,146192088,227491.5,45264482816,0.0014773353330778793,-1170.8457045768012
9,18,2580,0.5606060606060606,841,29325.0,661061016,263765.5,67612096188,0.0008518821892947765,-630.8207180713157
9,21,5760,0.4857142857142857,841,21433.5,420812190,400117.0,151615255605,0.0006000654782808109,-2563.430827616192
9,22,1200,0.15942028985507245,522,18004.0,316404492,203714.0,30615688171,0.0024020280129247572,-1673.5310965885344
9,23,1560,0.2647058823529412,522,11598.5,121395450,219657.0,40437819725,0.0014682050523388175,-1096.1996727565258
9,53,3300,0.5972222222222222,841,11391.0,115078320,295256.5,87013008486,0.000878039158113119,-1022.8044500186194
9,54,1860,0.22972972972972974,609,11661.0,123298200,232769.5,48516142500,0.001760641514436092,-1513.4935650103785
9,57,1620,0.24285714285714285,609,13032.0,165036924,222269.5,42047323500,0.0017642256605446892,-1263.6378323512288
9,25,3180,0.2840909090909091,609,11563.0,120314688,289947.5,83742250384,0.0010994925287011854,-1806.591565343518
9,26,2880,0.38461538461538464,609,14520.0,210337596,276995.0,75762500089,0.0008210544502541047,-996.0470071270737
9,27,2340,0.2857142857142857,609,9663.0,62471088,253674.5,61395253090,0.0022276913880745633,-2579.1189013271187
9,58,1620,0.24285714285714285,609,13032.0,165036924,222269.5,42047323500,0.0017642256605446892,-1263.6378323512288
9,59,3300,0.25,609,10662.0,92884644,295121.5,86929837956,0.0017852738206131727,-3367.5350900071876
9,60,1680,0.23943661971830985,609,13240.5,171384498,224881.0,43656211197,0.0017260870217049107,-1284.2273882087622
9,62,2580,0.5373134328358209,841,11874.0,129782772,264017.5,67767347844,0.0009116388169307289,-736.0534230737458
9,29,3120,0.3176470588235294,609,9039.0,43474032,287359.0,82147532481,0.0019216863900122989,-3247.565128650897
9,73,2460,0.4027777777777778,841,17071.0,288000240,258819.5,64564974400,0.0013719864215381873,-1276.700261037625
9,65,3060,0.3875,841,17211.0,292262400,284769.5,80552198500,0.0013126490520009384,-1867.1893358929794
9,66,2760,0.39473684210526316,841,17758.5,308930490,271807.0,72566287425,0.0014248995891349935,-1614.4150214245492
9,33,2880,0.6363636363636364,841,14214.5,201036954,276995.0,75762500089,0.001081555420011723,-942.4529451075728
9,74,2280,0.4411764705882353,841,27480.0,604891836,250793.0,59620024333,0.00144074224697575,-1149.6793195095822
9,75,1800,0.45161290322580644,841,23184.0,474104412,229985.0,46800673309,0.0016035244308877934,-946.766878276775
9,36,1140,0.29508196721311475,551,11526.0,119188260,201341.5,29154043116,0.002115653017292361,-1115.260547663447
9,37,1740,0.3088235294117647,609,11657.0,123176424,227547.5,45298983184,0.0013740498051717147,-1026.676506720073
9,38,1500,0.3492063492063492,609,12471.0,147957840,217043.5,38827699872,0.0014962064021203805,-896.1039222420715
9,39,2340,0.43478260869565216,841,27694.0,611406852,253389.5,61219670860,0.0010659498372774547,-849.5706191370001
9,40,2400,0.42857142857142855,841,28222.5,627496506,255985.0,62818701309,0.0010662687841161466,-890.4502359052681
9,76,2040,0.42424242424242425,841,25167.0,534474864,240397.0,53215277445,0.0016132877093815163,-1098.77311447958
9,77,2040,0.42424242424242425,841,25167.0,534474864,240397.0,53215277445,0.0016132877093815163,-1098.77311447958
9,78,2220,0.4264705882352941,841,26943.0,588543408,248195.5,58019761728,0.0012297160674206063,-886.6746986417728
9,79,1920,0.4375,841,24258.0,506801268,235193.0,50009207533,0.0014039997617174681,-852.1891276298248
9,80,1860,0.4444444444444444,841,23721.0,490452840,232589.5,48405248460,0.0014333771652941996,-823.6483241126951
9,81,1920,0.4603174603174603,841,23994.5,498779274,235193.0,50009207533,0.0013585242037944824,-787.3936640090327
9,82,1980,0.47619047619047616,841,13627.0,183151104,237923.5,51691408512,0.0012416302312937512,-730.4570654563848
9,83,2040,0.49206349206349204,841,13815.0,188874576,240529.0,53296599741,0.00119931747776748,-714.4481119245434
9,84,1980,0.5,841,20971.0,406731840,237875.5,51661836768,0.0011276095898869417,-680.7249068010691
9,10,3360,0.589041095890411,841,15338.5,235256010,297707.0,88522707625,0.0006522924794656912,-727.3073723509641
9,12,4500,0.6875,841,17157.0,290618424,346641.5,118670176516,0.00046002584423854157,-786.7381763338014
9,13,2580,0.5606060606060606,841,29325.0,661061016,263765.5,67612096188,0.0008518821892947765,-630.8207180713157
9,15,4440,0.6144578313253012,841,12648.0,153346428,344257.5,117201446564,0.0006136398750678299,-1216.4715726566433
9,16,2700,0.4788732394366197,609,14277.0,202939704,269123.5,70913042112,0.0006951630002551626,-680.2925268711749
9,43,6000,0.3114754098360656,609,8650.5,31646538,410726.5,158151535146,0.0027186766060270052,-18927.132823750402
9,44,3360,0.27472527472527475,609,8738.5,34325610,297707.0,88522707625,0.001092411379909865,-1967.5095964836373
9,46,2160,0.2631578947368421,609,9693.5,63399630,245807.0,56548259425,0.0014041870823507006,-1380.963038613108
9,47,3420,0.2857142857142857,609,15003.0,225042048,300291.5,90114961216,0.0011728441213331808,-2100.596323467691
9,68,3180,0.25555555555555554,609,10263.0,80737488,289947.5,83742250384,0.0011964767355333123,-2055.2288838163386
9,69,3720,0.25773195876288657,609,10173.0,77997528,313351.5,98160939896,0.0012965628619468924,-2965.6147291033094
9,52,3540,0.29347826086956524,609,9264.0,50323932,305457.5,93297620164,0.0011534544078509136,-2426.980596514008
9,70,1620,0.24285714285714285,609,13032.0,165036924,222269.5,42047323500,0.0017485805051479812,-1257.384987351243
9,71,1560,0.2463768115942029,609,12823.5,158689350,219657.0,40437819725,0.0017915725544073605,-1238.386066787153
9,72,2460,0.27848101265822783,609,13631.0,183272880,258919.5,64626582200,0.0012411757682179105,-1485.0825921549504
10,11,1176,0.26229508196721313,522,12607.5,150840800,196247.5,30208860000,0.0017115245503742437,-859.301701841027
10,18,2408,0.5230769230769231,841,29441.5,671179740,253433.5,63076513500,0.001085485692343668,-733.9785914086536
10,20,1288,0.29508196721311475,522,19530.5,364830730,200700.5,32768221750,0.0015810250936808923,-805.6350315800125
10,21,5376,0.47572815533980584,841,21550.0,427253475,389785.0,141444538125,0.0006720385467601301,-2692.893564767714
10,95,2464,0.14942528735632185,609,14844.0,219971015,256197.0,64664835125,0.0017017434861062095,-2265.742486541288
10,53,3080,0.4050632911392405,841,11507.5,116839800,284924.5,81175965750,0.0010430427817717078,-1397.9632530859833
10,24,3304,0.23655913978494625,609,12135.5,136251280,295125.5,87038990500,0.0013373262000800556,-2610.0659590280234
10,25,2968,0.2823529411764706,609,11679.5,122156320,279615.5,78124618000,0.0013164519151092197,-1924.5519777308332
10,26,2688,0.4246575342465753,609,14636.5,213557190,266663.0,70680168625,0.0008200856044828308,-830.2192147075991
10,27,2184,0.3013698630136986,609,9779.5,63427320,243342.5,57276711250,0.0023481323669895223,-2323.9896055500235
10,62,2408,0.6229508196721312,841,11990.5,131769330,253685.5,63221350500,0.0008213114655978688,-521.6223829351878
10,29,2912,0.30120481927710846,609,9155.5,44139480,277027.0,76636877625,0.001964090356409455,-3035.710326328783
10,73,2296,0.4264705882352941,841,17187.5,292408600,248487.5,60233800000,0.0012502161967660886,-984.2799316226426
10,65,2856,0.4266666666666667,841,17327.5,296736000,274437.5,75148562500,0.0012609074855856194,-1509.9445663277684
10,102,1008,0.13846153846153847,435,17409.0,299255165,188406.0,25701957875,0.004148675179538897,-2284.1129162641996
10,66,2576,0.45714285714285713,841,17875.0,313659225,261475.0,67698365625,0.0013783184111141192,-1261.7146872118033
10,103,2072,0.1625,580,9977.5,69547500,238169.5,54303529500,0.003183516608298397,-3841.627468993404
10,33,2688,0.625,841,14331.0,204114185,266663.0,70680168625,0.0010460440976431085,-816.8122002139377
10,74,2128,0.42424242424242425,841,27596.5,614150790,240461.0,55620569125,0.0015962739442469686,-1132.7843557663098
10,75,1680,0.4827586206896552,841,23300.5,481361430,219653.0,43661171125,0.001760443887376111,-852.9353863693575
10,34,1512,0.36065573770491804,580,14019.5,194485720,211937.5,39226687500,0.0012985563268832323,-733.5443181813562
10,87,2016,0.1794871794871795,493,10265.0,78434125,235562.5,52805156250,0.0035332460947521366,-4044.24332417382
10,35,2184,0.25,609,13389.5,175012420,243209.5,57200269500,0.001328883153328617,-1393.5772966988757
10,36,1064,0.3157894736842105,551,11642.5,121012650,191009.5,27198319500,0.0020427037109367924,-878.4624847727193
10,37,1624,0.3076923076923077,609,11773.5,125061860,217215.5,42260218000,0.0014506296721740661,-931.9187106359711
10,38,1400,0.35,609,12587.5,150222600,206711.5,36223044000,0.0013423433126822956,-684.7502768301963
10,39,2184,0.5079365079365079,841,27810.5,620765530,243057.5,57112907500,0.0009639726591023236,-605.4081026663982
10,40,2240,0.5,841,28339.0,637101465,245653.0,58604671125,0.0009606928606588802,-634.5746265867903
10,76,1904,0.45161290322580644,841,25283.5,542655960,230065.0,49645468125,0.001739228745378054,-981.5005048106494
10,77,1904,0.45161290322580644,841,25283.5,542655960,230065.0,49645468125,0.001739228745378054,-981.5005048106494
10,78,2072,0.5,841,27059.5,597552120,237863.5,54127656000,0.0012333575790144668,-694.9359145009006
10,79,1792,0.4666666666666667,841,24374.5,514558770,224861.0,46654469125,0.0015112674959202451,-754.3651963879074
10,80,1736,0.4745762711864407,841,23837.5,497960100,222257.5,45158107500,0.0015512631281731557,-730.294777866972
10,81,1792,0.543859649122807,841,24111.0,506413985,224861.0,46654469125,0.0012424405516510784,-552.5336142164946
10,82,1848,0.5614035087719298,841,13743.5,185954560,227591.5,48223824000,0.0011294617732587658,-510.3680741186936
10,83,1904,0.5789473684210527,841,13931.5,191765640,230197.0,49721335125,0.0010800576825012917,-494.65124295909396
10,84,1848,0.5084745762711864,841,21087.5,412957600,227543.5,48196236000,0.0012900615299983717,-661.775228877899
10,12,4200,0.7012987012987013,841,17273.5,295066860,336309.5,110709494500,0.0004846966922809532,-740.3272983242406
10,13,2408,0.5230769230769231,841,29441.5,671179740,253433.5,63076513500,0.001085485692343668,-733.9785914086535
10,15,4144,0.42857142857142855,841,12764.5,155693670,333925.5,109339290500,0.0007838091389104313,-1802.3402384816345
10,16,2520,0.2625,609,14393.5,206046060,258791.5,66156024000,0.0009443144703014916,-1111.0388741296135
10,42,2352,0.20987654320987653,609,8998.5,39286610,251087.0,61727862625,0.0018025726419938853,-2038.1668674988337
10,43,5600,0.2682926829268293,609,8767.0,32130945,400394.5,147542348250,0.0022315927470948293,-15482.009347163732
10,44,3136,0.3023255813953488,609,8855.0,34851025,287375.0,82584390625,0.0012679279950970276,-1948.196619681223
10,45,2520,0.21686746987951808,609,9245.5,46921380,258879.5,66206602000,0.0016322855399553676,-1998.5061503789582
10,46,2016,0.3333333333333333,609,9810.0,64370075,235475.0,52754865625,0.0013797549832404,-1057.2723836397051
10,50,1792,0.23943661971830985,609,15043.5,226137560,225047.0,46761372625,0.0019358266523763436,-1434.9697092513834
10,52,3304,0.3068181818181818,609,9380.5,51094230,295125.5,87038990500,0.0013813910957090568,-2554.0628757530144
11,61,357,0.3103448275862069,306,6168.0,25141760,94672.0,8853626880,0.004519318826378092,-265.0759635851064
11,62,903,0.28,522,9143.0,83213760,162558.0,23125979520,0.0019294790836382155,-512.9570529276222
11,85,861,0.16981132075471697,378,8120.0,63244800,157460.0,22054176000,0.0030260521580199344,-1031.6607413546194
11,86,819,0.17647058823529413,378,7958.0,60082560,152253.0,20959456320,0.0029548120866444653,-864.1554963105193
11,63,651,0.23809523809523808,378,6845.0,38356800,131310.0,16556400000,0.0036909485721235346,-600.4972174809044
11,29,1092,0.25862068965517243,378,6308.0,27874560,185899.5,28033296480,0.0029622596569713884,-1602.2370706461106
11,12,1575,0.2631578947368421,522,14426.0,186337920,245182.0,40496849280,0.0012798405298405301,-1422.5842440911917
11,13,903,0.28,522,26594.0,423857280,162306.0,23072999040,0.0018687961698165782,-450.5481742191083
11,15,1554,0.23376623376623376,522,9917.0,98322240,242798.0,39995637120,0.0016912582872938297,-2135.711508536054
11,16,945,0.375,378,11546.0,130120320,167664.0,24199464960,0.0018471075319479572,-511.60006059484647
11,18,903,0.28,522,26594.0,423857280,162306.0,23072999040,0.0018687961698165782,-450.54817421910826
11,20,483,0.41935483870967744,324,16683.0,230394560,109573.0,11986413120,0.0038311106456267756,-271.08561205282626
11,43,2100,0.1523809523809524,378,5919.5,20291040,309267.0,53970079680,0.0034913040110376757,-15172.061900658358
11,21,2016,0.20618556701030927,522,18702.5,269815200,298657.5,51739538400,0.002329340964972406,-6833.714672152537
12,17,2175,0.19540229885057472,522,14348.0,183359568,266094.0,56609294336,0.0015791342415623457,-2555.9993214437322
12,18,3225,0.475,841,31260.0,829127376,302368.0,84557976048,0.0010007703424488958,-1391.4811347467955
12,20,1725,0.24050632911392406,522,21349.0,450685752,249635.0,43927832344,0.0013482808037046869,-1633.6675084761214
12,21,7200,0.6764705882352942,841,23368.5,527798340,438719.5,189615170580,0.00036635974837423527,-1663.6541286278775
12,95,3300,0.26595744680851063,609,16662.5,271736436,305131.5,86687219636,0.0013431406417634695,-2773.9341092846385
12,53,4125,0.5294117647058824,841,13326.0,144335520,333859.0,108821413656,0.0007169825358052354,-1413.3995993565932
12,54,2325,0.2619047619047619,609,13596.0,154645200,271372.0,60675930000,0.0014388654596974163,-2081.7109433486403
12,56,1725,0.16666666666666666,580,14848.0,202451568,250372.0,44495682000,0.0020673144375938732,-2812.122869124588
12,57,2025,0.25925925925925924,609,14967.0,206995464,260872.0,52585806000,0.0014593487634646095,-1858.9015399953025
12,24,4425,0.28846153846153844,609,13954.0,168315072,344060.0,116681161744,0.0009348399595555313,-2869.107536384379
12,25,3975,0.29292929292929293,609,13498.0,150903168,328550.0,104730892864,0.0009170674190651887,-2339.9625978204576
12,26,3600,0.41379310344827586,609,16455.0,263813256,315597.5,94751147044,0.0006422252415288837,-1203.8086745465405
12,27,2925,0.2808988764044944,609,11598.0,78353568,292277.0,76782981640,0.0019470080645091752,-3751.4422741830103
12,58,2025,0.25925925925925924,609,14967.0,206995464,260872.0,52585806000,0.0014593487634646095,-1858.9015399953025
12,59,4125,0.2871287128712871,609,12597.0,116499384,333724.0,108717397776,0.0015042634059623697,-4159.303261069229
12,60,2100,0.2716049382716049,609,15175.5,214956828,263483.5,54597935412,0.001436301314967815,-1843.061766487744
12,61,1275,0.16455696202531644,493,10834.0,49180992,234734.0,32446790656,0.002480757442036923,-2929.2452197976404
12,62,3225,0.4936708860759494,841,13809.0,162778392,302620.0,84752139024,0.0007676598838064049,-1091.5386915559573
12,85,3075,0.27472527472527475,609,12786.0,123716160,297522.0,80824191200,0.0012244637175600917,-2462.746485346844
12,86,2925,0.2808988764044944,609,12624.0,117530352,292315.0,76812260184,0.0011808058374111212,-2187.381079146288
12,63,2325,0.23255813953488372,609,11511.0,75031560,271372.0,60675930000,0.0017086164855010168,-2690.0005868713642
12,29,3900,0.3655913978494624,609,10974.0,54526752,325961.5,102736484676,0.0016112057277906018,-3931.1552162397466
12,73,3075,0.3333333333333333,841,19006.0,361220640,297422.0,80747142400,0.0012719866478777425,-2188.0460405588983
12,65,3825,0.3695652173913043,841,19146.0,366566400,323372.0,100741306000,0.0012001527484514919,-2744.7928618710616
12,66,3450,0.34444444444444444,841,19693.5,387472140,310409.5,90753855300,0.0013174429046942404,-2603.736553214742
12,103,2775,0.13131313131313133,580,11796.0,85914000,287104.0,72797247216,0.002448284400240505,-5908.354781170755
12,33,3600,0.5,841,16149.5,252148044,315597.5,94751147044,0.0011930458404607086,-1985.3103587692706
12,74,2850,0.3614457831325301,841,29415.0,758677896,289395.5,74562820468,0.0017245907642774543,-2611.2981125603847
12,75,2250,0.36363636363636365,841,25119.0,594639432,268587.5,58530506164,0.0017029640571400528,-2029.1197929027708
12,34,2025,0.3076923076923077,580,15838.0,240253728,260872.0,52585806000,0.0012504322317334077,-1588.838988617825
12,87,2700,0.16842105263157894,493,12083.5,96891900,284497.0,70788585000,0.002791527449036794,-6191.990626772601
12,35,2925,0.3902439024390244,609,15208.0,216197808,292144.0,76680506736,0.0009255504770508412,-1490.9568780551188
12,36,1425,0.23684210526315788,551,13461.0,149490360,239944.0,36461033136,0.0018010430115693264,-1970.5751398374039
12,37,2175,0.2839506172839506,609,13592.0,154492464,266150.0,56652441664,0.001222144456668054,-1679.0793947827065
12,38,1875,0.28205128205128205,609,14406.0,185574240,255646.0,48559235712,0.0013702905241513685,-1655.3366714130448
12,39,2925,0.425,841,29629.0,766849272,291992.0,76563392560,0.0010219578448357296,-1406.98723559345
12,40,3000,0.41975308641975306,841,30157.5,787029516,294587.5,78563194164,0.0010148303852122915,-1452.6529414648771
12,76,2550,0.345679012345679,841,27102.0,670358304,278999.5,66552827220,0.0017302722481585574,-2312.864006985465
12,77,2550,0.345679012345679,841,27102.0,670358304,278999.5,66552827220,0.0017302722481585574,-2312.864006985465
12,78,2775,0.4177215189873418,841,28878.0,738173088,286798.0,72561477888,0.0012855618864479586,-1632.302135669693
12,79,2400,0.3717948717948718,841,26193.0,635649048,273795.5,62543207668,0.0015286112748101976,-1818.348605753575
12,80,2325,0.358974358974359,841,25656.0,615144240,271192.0,60537242160,0.0015870415718842485,-1854.2681748234106
12,81,2400,0.38961038961038963,841,25929.5,625587564,273795.5,62543207668,0.0013933420957697486,-1598.266248470104
12,82,2475,0.4025974025974026,841,15562.0,229714944,276526.0,64647025152,0.0012021381451673013,-1395.4391385078
12,83,2550,0.4155844155844156,841,15750.0,236893536,279131.5,66654531636,0.0011738959005887617,-1375.5335845922884
12,84,2475,0.4025974025974026,841,22906.0,510138240,276478.0,64610041728,0.0011328531661191547,-1373.7991055554635
12,88,1050,0.17105263157894737,406,16566.0,268051680,226779.5,26317943860,0.0020291131870079225,-2117.300841823184
12,89,1050,0.17105263157894737,406,16566.0,268051680,226779.5,26317943860,0.0020291131870079225,-2117.300841823184
12,90,1350,0.19230769230769232,435,18845.0,355073016,237255.5,34389576148,0.0021986979776141826,-2491.886246752577
12,13,3225,0.475,841,31260.0,829127376,302368.0,84557976048,0.0010007703424488958,-1391.4811347467955
12,15,5550,0.6195652173913043,841,14583.0,192332808,382860.0,146576096144,0.0005044945910707279,-1434.9159353415057
12,16,3375,0.48148148148148145,609,16212.0,254534544,307726.0,88686250752,0.0006302164950011774,-1000.7606619153579
12,42,3150,0.19387755102040816,609,10817.0,48531864,300021.5,82750025956,0.001429902880796355,-3157.8559083942405
12,43,7500,0.3888888888888889,609,10585.5,39692268,449329.0,197789663016,0.0021165054004559933,-17349.764443252705
12,44,4200,0.32323232323232326,609,10673.5,43052460,336309.5,110709494500,0.0008273448874299058,-2156.1477686508065
12,45,3375,0.23711340206185566,609,11064.0,57963312,307814.0,88754053696,0.0012916414928889957,-2861.030012676416
12,46,2700,0.27586206896551724,609,11628.5,79518180,284409.5,70721167300,0.001058509205786911,-1750.6283676603198
12,47,4275,0.29411764705882354,609,16938.0,282256128,338894.0,112700820736,0.0009581259176790365,-2636.6147033616376
12,50,2400,0.2159090909090909,609,16862.0,279354144,273981.5,62686518436,0.00152257071952788,-2411.772594823057
12,68,3975,0.31958762886597936,609,12198.0,101263968,328550.0,104730892864,0.0009583284184229808,-2347.7024285260322
12,69,4650,0.3173076923076923,609,12108.0,97827408,351954.0,122763394016,0.001047009874688248,-3300.3267892995705
12,52,4425,0.3673469387755102,609,11199.0,63118152,344060.0,116681161744,0.0009301570704549592,-2652.5261849567887
12,70,2025,0.25925925925925924,609,14967.0,206995464,260872.0,52585806000,0.0014466856720978148,-1848.265686947659
12,71,1950,0.2625,609,14758.5,199034100,258259.5,50572906100,0.001485980907368674,-1836.8292905497399
12,72,3075,0.3181818181818182,609,15566.0,229867680,297522.0,80824191200,0.0009534839816085194,-1772.0923696101063
13,17,1247,0.2857142857142857,522,26516.0,417082512,183218.0,32253032448,0.0016582874498784436,-615.3429220660332
13,18,1849,0.9545454545454546,841,43428.0,1885991184,219492.0,48176738064,0.0005285412262156448,-126.15734583879733
13,20,989,0.3469387755102041,522,33517.0,1025161368,166759.0,25027794792,0.001598558518201374,-378.567219858687
13,21,4128,0.37623762376237624,841,35536.5,1200567060,355843.5,108032864940,0.0018489214699982108,-6350.334343554362
13,22,860,0.16666666666666666,522,32107.0,902694408,159440.5,21815090388,0.0036080036237591227,-1028.6794482219962
13,23,1118,0.2545454545454545,522,25701.5,346338300,175383.5,28813812300,0.0018285460149731168,-625.8888919161898
13,53,2365,0.4411764705882353,841,25494.0,328315680,250983.0,62000783208,0.0015460688177872423,-1253.2716616306589
13,26,2064,0.19736842105263158,609,28623.0,600088104,232721.5,53984276892,0.0018739849155806516,-1617.1564143189878
13,62,1849,0.5925925925925926,841,25977.0,370267128,219744.0,48287362032,0.0013335458945856731,-510.0885531862986
13,73,1763,0.5,841,31174.0,821657760,214546.0,46005523200,0.0016595608671523955,-682.9869777376038
13,65,2193,0.5409836065573771,841,31314.0,833817600,240496.0,57397158000,0.0016688723750043761,-1078.9241965471952
13,66,1978,0.5084745762711864,841,31861.5,881371260,227533.5,51706827900,0.0016100298831507468,-829.1979960832513
13,33,2064,0.5166666666666667,841,28317.5,573553596,232721.5,53984276892,0.0011231368464810437,-613.8137524025263
13,74,1634,0.62,841,41583.0,1725741864,206519.5,42482018124,0.0013616479907982153,-425.1992896627715
13,75,1290,0.6222222222222222,841,37287.0,1352608488,185711.5,33347639052,0.002070793236494365,-442.21348063063743
13,39,1677,0.5769230769230769,841,41797.0,1744329048,209116.0,43621840080,0.0012947838636259386,-417.44845581452955
13,40,1720,0.5660377358490566,841,42325.5,1790232444,211711.5,44761223052,0.0013106968162798981,-449.95939726925354
13,76,1462,0.5714285714285714,841,39270.0,1524843936,196123.5,37918340460,0.0015710129223158883,-410.0310140060124
13,77,1462,0.5714285714285714,841,39270.0,1524843936,196123.5,37918340460,0.0015710129223158883,-410.0310140060124
13,78,1591,0.6666666666666666,841,41046.0,1679100192,203922.0,41341757184,0.0011202381492805258,-280.04029532276803
13,79,1376,0.6304347826086957,841,38361.0,1445891832,190919.5,35633867724,0.0013911962539101624,-296.1696439664442
13,80,1333,0.6086956521739131,841,37824.0,1399250160,188316.0,34490972880,0.0013776665811556683,-283.5106401678178
13,81,1376,0.6304347826086957,841,38097.5,1423005276,190919.5,35633867724,0.0013377973441784817,-278.69800376866726
13,82,1419,0.6170212765957447,841,27730.0,522525696,193650.0,36832513536,0.0012860090719521591,-285.49353307944773
13,83,1462,0.6041666666666666,841,27918.0,538854624,196255.5,37976286348,0.0012582392827113372,-296.542002565207
13,84,1419,0.6170212765957447,841,35074.0,1160396160,193602.0,36811442304,0.001730811422917317,-414.7539174043155
13,88,602,0.2391304347826087,406,28734.0,609729120,143903.5,14994595980,0.002386354922586806,-430.902912624656
13,89,602,0.2391304347826087,406,28734.0,609729120,143903.5,14994595980,0.002386354922586806,-430.902912624656
13,90,774,0.32608695652173914,435,31013.0,807673944,154379.5,19593392364,0.0020311842852025414,-392.9491459193808
13,15,3182,0.56,841,26751.0,437493672,299984.0,83511438192,0.0011282126282126277,-1511.6371136884156
13,16,1935,0.41935483870967744,609,28380.0,578982096,224850.0,50528814336,0.0012004396118367624,-668.8012449843402
14,19,120,0.15789473684210525,110,9868.0,93752208,52547.0,2732842233,0.018692564745196327,-305.52481386443833
14,20,230,0.1,180,17689.0,277889832,80624.5,5384649798,0.010083743842364531,-532.6784438945893
14,28,460,0.09803921568627451,210,8451.0,60390360,141399.0,11124558225,0.009128768254807905,-2527.310847391762
14,65,510,0.08928571428571429,290,15486.0,226022400,154361.5,12348814500,0.009917134087535024,-4127.989511990987
14,104,130,0.2777777777777778,110,13698.0,183925728,55177.5,2981282436,0.026196723587233513,-414.7456135242254
14,105,140,0.2631578947368421,120,8323.5,57388500,57821.0,3230950437,0.02109298841324985,-389.6743178947886
14,51,290,0.14705882352941177,210,7370.0,34939296,97139.5,6944425488,0.008753857086436506,-759.1202907422446
14,52,590,0.078125,210,7539.0,38918232,175049.5,14302713348,0.006689685462381846,-4368.273212197121
15,17,2146,0.24096385542168675,522,9839.0,96750696,263710.0,55908665344,0.0020461158583883966,-3305.969581432793
15,18,3182,0.56,841,26751.0,437493672,299984.0,83511438192,0.001128212628212628,-1511.6371136884147
15,20,1702,0.22784810126582278,522,16840.0,237806844,247251.0,43384156376,0.0022772028864186194,-3044.691262009231
15,21,7104,0.5887850467289719,841,18859.5,278495730,436335.5,187268384820,0.000527382458582849,-2759.083821158057
15,22,1480,0.13253012048192772,522,15430.0,209398164,239932.5,37815129164,0.002448439638245948,-3625.908822592169
15,23,1924,0.25,522,9024.5,80340150,255875.5,49946986900,0.0015521200874563683,-2285.5119142682606
15,53,4070,0.6329113924050633,841,8817.0,76159440,331475.0,107474577624,0.0006590096312556822,-1209.9244088336548
15,54,2294,0.25,609,9087.0,81599400,268988.0,59924970000,0.0016871736303620934,-2688.8556451288014
15,57,1998,0.24691358024691357,609,10458.0,109222308,258488.0,51934974000,0.0016631548617763257,-2346.2465698578367
15,24,4366,0.1981981981981982,609,9445.0,88812384,341676.0,115237048976,0.0011249978820369426,-4220.733910217957
15,26,3552,0.2708333333333333,609,11946.0,139202532,313213.5,93578452676,0.0010940919409924317,-2698.65480325527
15,58,1998,0.24691358024691357,609,10458.0,109222308,258488.0,51934974000,0.0016631548617763257,-2346.2465698578367
15,59,4070,0.2403846153846154,609,8088.0,61471548,331340.0,107371849104,0.0018931734631447593,-5973.960824380762
15,60,2072,0.25925925925925924,609,10666.5,113423166,261099.5,53922200148,0.00164772539543455,-2339.8466231563293
15,28,3404,0.12149532710280374,609,7602.0,51679620,308025.5,89630633700,0.0015230000899155507,-4601.175904366572
15,62,3182,0.4444444444444444,841,9300.0,85890924,300236.0,83703198096,0.0011353480835218995,-1848.557797006582
15,85,3034,0.3068181818181818,609,8277.0,65279520,295138.0,79823864800,0.0015817654263744216,-3228.451721738541
15,86,2886,0.2988505747126437,609,8115.0,62015544,289931.0,75861587736,0.0014753670239555407,-2843.1475585075727
15,63,2294,0.15384615384615385,609,7002.0,39590820,268988.0,59924970000,0.002006746243996526,-3882.2778764944987
15,106,1480,0.175,435,11259.5,125370930,240265.0,38068145704,0.002876988573265121,-4014.853916121919
15,107,962,0.0875,377,8811.0,76038552,221846.0,24052170816,0.003411761026550235,-4380.372788551851
15,73,3034,0.4024390243902439,841,14497.0,190600080,295038.0,79747769600,0.00124321364572023,-2077.4524875930806
15,64,1406,0.13414634146341464,435,9816.0,96287292,237596.0,36037164816,0.0036945033937942208,-5495.470898727482
15,108,1480,0.175,406,12931.5,159058386,240265.0,38068145704,0.0039225337343521335,-5648.718040934823
15,109,962,0.12987012987012986,348,9495.0,89819784,221876.0,24074999376,0.0053027215360124495,-6473.665373780735
15,65,3774,0.47058823529411764,841,14637.0,193420800,320988.0,99494474000,0.0011321226386411965,-2384.628876524531
15,110,1184,0.18421052631578946,377,6364.5,26746470,229763.0,30076627800,0.0033130047340573653,-4054.7618171220665
15,66,3404,0.4457831325301205,841,15184.5,204451830,308025.5,89630633700,0.0012175696667987086,-2225.9324471535992
15,67,1776,0.1951219512195122,435,18239.0,265993896,250555.5,45898722260,0.0027303283213467493,-4144.7068369881845
15,33,3552,0.40229885057471265,841,11640.5,133047318,313213.5,93578452676,0.001354846237883271,-2751.553151949574
15,74,2812,0.4,841,24906.0,400320612,287011.5,73639988372,0.0018864312226123062,-2907.0642839271027
15,75,2220,0.3684210526315789,841,20610.0,313764804,266203.5,57806099156,0.0020567519796302267,-2634.0034536647354
15,34,1998,0.18823529411764706,580,11329.0,126771216,258488.0,51934974000,0.0015557882802762963,-2579.0256518809624
15,111,814,0.1038961038961039,319,6762.0,34755300,216568.0,20035866160,0.0036728985435745863,-4388.353609229753
15,39,2886,0.3950617283950617,841,25120.0,404632284,289608.0,75615800240,0.0012272687274028874,-1899.2484975562552
15,40,2960,0.3902439024390244,841,25648.5,415280502,292203.5,77590851156,0.0012037625057804123,-1934.092292955356
15,76,2516,0.38461538461538464,841,22593.0,353718288,276615.5,65729131380,0.0016887788422038162,-2311.2927045170713
15,77,2516,0.38461538461538464,841,22593.0,353718288,276615.5,65729131380,0.0016887788422038162,-2311.2927045170713
15,78,2738,0.44155844155844154,841,24369.0,389501136,284414.0,71663415552,0.0015382200390002185,-2045.1203799078532
15,79,2368,0.37662337662337664,841,21684.0,335403756,271411.5,61769137172,0.0016721130448604463,-2146.135461485776
15,80,2294,0.3815789473684211,841,21147.0,324584280,268808.0,59787998640,0.0017492771150072546,-2152.09853506793
15,81,2368,0.39473684210526316,841,21420.5,330094758,271411.5,61769137172,0.0016525181523103596,-2045.114638011848
15,82,2442,0.40789473684210525,841,11053.0,121210368,274142.0,63846916608,0.0014960897853556765,-1870.7002717601533
15,83,2516,0.4025974025974026,841,11241.0,124998192,276747.5,65829577044,0.0014702745834980773,-1903.0125714423464
15,84,2442,0.40789473684210525,841,18397.0,269177280,274094.0,63810390912,0.001392158534217601,-1811.3111440061343
15,88,1036,0.15789473684210525,406,12057.0,141438960,224395.5,25992217940,0.0026382000066210573,-3066.666000278159
15,89,1036,0.15789473684210525,406,12057.0,141438960,224395.5,25992217940,0.0026382000066210573,-3066.666000278159
15,90,1332,0.19480519480519481,435,14336.0,187356252,234871.5,33963951092,0.0024943690811458728,-3063.845890403781
15,16,3330,0.5063291139240507,609,11703.0,134306568,305342.0,87588619008,0.0008063106545995652,-1321.8997036384364
15,112,3404,0.15384615384615385,609,7669.5,53039610,308025.5,89630633700,0.0029046061072958668,-8417.148240670133
15,113,3034,0.08490566037735849,493,10477.0,109605120,295158.0,79839083840,0.02204896038589367,-75702.47818101518
15,43,7400,0.27007299270072993,609,6076.5,20943846,446945.0,195341705064,0.0028403366087222308,-28626.960353442213
15,44,4144,0.1926605504587156,609,6164.5,22716870,333925.5,109339290500,0.0011445169083484513,-3893.397894679797
15,47,4218,0.2358490566037736,609,12429.0,148934016,336510.0,111305970944,0.0011886285262000687,-3809.0824944618907
15,68,3922,0.27,609,7689.0,53432496,326166.0,103434683456,0.0012825602605361342,-3603.0796732012273
15,69,4588,0.27102803738317754,609,7599.0,51619176,349570.0,121244004064,0.0014141095845670933,-5051.277143440599
15,98,2220,0.16853932584269662,580,9894.5,97868910,266450.0,57993673824,0.002646864494740033,-5077.476305533935
15,52,4366,0.25471698113207547,609,6690.0,33304644,341676.0,115237048976,0.001203387608207981,-4293.373056023933
15,70,1998,0.24691358024691357,609,10458.0,109222308,258488.0,51934974000,0.0016570582704641948,-2343.830892408726
15,71,1924,0.25,609,10249.5,105021450,255875.5,49946986900,0.0016836848753219056,-2306.1938491329825
15,72,3034,0.41975308641975306,609,11057.0,121290960,295138.0,79823864800,0.0009912344036133215,-1698.3285572502607
16,17,1305,0.27586206896551724,378,11468.0,128040528,188576.0,33827684352,0.0025430246474978688,-1207.7882319744424
16,18,1935,0.41935483870967744,609,28380.0,578982096,224850.0,50528814336,0.0012004396118367624,-668.8012449843399
16,20,1035,0.2830188679245283,378,18469.0,314715192,172117.0,26249697408,0.0021175506638460113,-723.5906605559164
16,21,4320,0.41,609,20488.5,368563140,361201.5,113307226560,0.0009436395388677383,-3415.6869968354504
16,22,900,0.18181818181818182,378,17059.0,277118952,164798.5,22880142912,0.002836284460137542,-1046.2828668199027
16,23,1170,0.2909090909090909,378,10653.5,106322700,180741.5,30220555200,0.0021348161146301625,-882.0657873234834
16,53,2475,0.3698630136986301,609,10446.0,100789920,256341.0,65027774592,0.0011563235401945205,-1230.1007782504416
16,54,1395,0.3103448275862069,441,10716.0,107989200,193854.0,36257760000,0.001967599246029393,-878.3190405029163
16,55,1305,0.21311475409836064,441,12784.0,163130352,188576.0,33827684352,0.0025751118646736007,-1230.490800549726
16,56,1035,0.23636363636363636,420,11968.0,141372528,172854.0,26589024000,0.0026330954112340414,-961.7012107661911
16,57,1215,0.3090909090909091,441,12087.0,144545544,183354.0,31423392000,0.0019224321065260952,-709.2935649990875
16,24,2655,0.18181818181818182,441,11074.0,117534912,266542.0,69724478208,0.0013512321591582458,-2204.4311026069786
16,58,1215,0.3090909090909091,441,12087.0,144545544,183354.0,31423392000,0.0019224321065260952,-709.2935649990875
16,59,2475,0.26582278481012656,441,9717.0,81351864,256206.0,64965618432,0.0020250911696469134,-2505.7468894667563
16,60,1260,0.32727272727272727,441,12295.5,150104988,185965.5,32625768384,0.0018781303056883468,-701.132176938688
16,61,765,0.19230769230769232,357,7954.0,34343232,157216.0,19389038592,0.0035008155053661977,-1107.299511420051
16,62,1935,0.29411764705882354,609,10929.0,113668632,225102.0,50644839168,0.0012254237275606701,-876.9182965226818
16,63,1395,0.2459016393442623,441,8631.0,52394760,193854.0,36257760000,0.002108823705370081,-1103.5739570701737
16,29,2340,0.29333333333333333,441,8094.0,38076192,248443.5,61391639232,0.002245385744233323,-2642.103505043072
16,65,2295,0.23076923076923078,609,16266.0,255974400,245854.0,60199392000,0.0021733068244900264,-2601.4366508514418
16,78,1665,0.26153846153846155,609,25998.0,515468448,209280.0,43360137216,0.001863771652112172,-1029.2149681007513
16,88,630,0.22916666666666666,294,13686.0,187181280,149261.5,15726659520,0.003259811070355501,-813.4797278472677
16,89,630,0.22916666666666666,294,13686.0,187181280,149261.5,15726659520,0.003259811070355501,-813.4797278472677
16,90,810,0.21153846153846154,315,15965.0,247948536,159737.5,20549977536,0.003097296188667904,-955.2772002847847
16,43,4500,0.2719298245614035,441,7705.5,27717228,371811.0,118192010112,0.003075684661849943,-17701.39578251445
16,47,2565,0.275,441,14058.0,197100288,261376.0,67345969152,0.0014407716445459233,-1765.8209172921088
16,68,2385,0.32432432432432434,441,9318.0,70712928,251032.0,62583426048,0.0014564246009421207,-1494.6642808768213
16,69,2790,0.2891566265060241,441,9228.0,68313168,274436.0,73359002112,0.0015276173822509926,-2298.3619151672838
16,70,1215,0.3333333333333333,441,12087.0,144545544,183354.0,31423392000,0.0019232891426319613,-687.3387807680188
16,71,1170,0.3148148148148148,441,11878.5,138986100,180741.5,30220555200,0.001969555187325679,-694.7640855633716
16,72,1845,0.22857142857142856,441,12686.0,160517280,220004.0,48297638400,0.0016732287411309426,-1367.4181844799077
17,29,1508,0.17391304347826086,378,6230.0,27429024,206811.5,39186878976,0.004374646078523908,-3785.352122335165
17,64,551,0.11627906976744186,270,9581.0,91795032,120830.0,13917947904,0.011123966210550689,-2069.3613513310816
17,30,232,0.23333333333333334,144,12530.0,148439424,90986.0,5147154432,0.009693486590038315,-601.3113558874527
17,31,261,0.26666666666666666,144,13574.0,168492576,93484.0,5881286656,0.007241379310344827,-463.39150868320263
17,32,232,0.23333333333333334,144,12530.0,148439424,90986.0,5147154432,0.009693486590038315,-601.3113558874527
17,67,696,0.23255813953488372,270,18004.0,253584016,133789.5,17726589440,0.004875519820098815,-956.6838225879926
17,33,1392,0.3275862068965517,522,11405.5,126840028,196447.5,36141023744,0.0014191389125262097,-711.4178386236742
17,74,1102,0.2641509433962264,522,24671.0,381643752,170245.5,28440570368,0.0018493775565277838,-632.9845420419275
17,111,319,0.14285714285714285,198,6527.0,33133800,99802.0,7738071040,0.008588206838479943,-861.6534588066683
17,37,841,0.20833333333333334,378,8848.0,77715568,147000.0,21608996864,0.0033841036859107295,-856.1395241868335
17,38,725,0.2558139534883721,378,9662.0,93350880,136496.0,18521997312,0.0029777892800319193,-548.7320127426599
17,18,1247,0.2857142857142857,522,26516.0,417082512,183218.0,32253032448,0.0016582874498784436,-615.3429220660328
17,19,348,0.17142857142857143,198,8784.0,76486256,102407.5,8503796224,0.006509873934490839,-645.0219110574375
17,20,667,0.3,324,16605.0,226712024,130485.0,16755436544,0.0030990569811102323,-472.65654247114423
17,43,2900,0.13157894736842105,378,5841.5,19966716,330179.0,75443106816,0.005705819189615607,-30792.688648788713
17,21,2784,0.1792452830188679,522,18624.5,265502580,319569.5,72325102080,0.0022850508633228293,-8571.425892718951
17,22,580,0.225,324,15195.0,199628744,123166.5,14604617216,0.005768677772049326,-877.2014982186822
17,23,754,0.5714285714285714,324,8789.5,76591900,139109.5,19290073600,0.002511626205397831,-340.8006912084319
18,53,2365,0.4411764705882353,841,25494.0,328315680,250983.0,62000783208,0.0015460688177872423,-1253.2716616306589
18,26,2064,0.19736842105263158,609,28623.0,600088104,232721.5,53984276892,0.0018739849155806516,-1617.1564143189878
18,62,1849,0.5925925925925926,841,25977.0,370267128,219744.0,48287362032,0.0013335458945856731,-510.0885531862987
18,73,1763,0.5,841,31174.0,821657760,214546.0,46005523200,0.0016595608671523955,-682.9869777376038
18,65,2193,0.5409836065573771,841,31314.0,833817600,240496.0,57397158000,0.0016688723750043761,-1078.9241965471952
18,66,1978,0.5084745762711864,841,31861.5,881371260,227533.5,51706827900,0.0016100298831507468,-829.1979960832515
18,33,2064,0.5166666666666667,841,28317.5,573553596,232721.5,53984276892,0.0011231368464810437,-613.8137524025265
18,74,1634,0.62,841,41583.0,1725741864,206519.5,42482018124,0.0013616479907982155,-425.19928966277155
18,75,1290,0.6222222222222222,841,37287.0,1352608488,185711.5,33347639052,0.002070793236494365,-442.21348063063755
18,39,1677,0.5769230769230769,841,41797.0,1744329048,209116.0,43621840080,0.0012947838636259386,-417.44845581452955
18,40,1720,0.5660377358490566,841,42325.5,1790232444,211711.5,44761223052,0.001310696816279898,-449.95939726925354
18,76,1462,0.5714285714285714,841,39270.0,1524843936,196123.5,37918340460,0.0015710129223158883,-410.0310140060124
18,77,1462,0.5714285714285714,841,39270.0,1524843936,196123.5,37918340460,0.0015710129223158883,-410.0310140060124
18,78,1591,0.6666666666666666,841,41046.0,1679100192,203922.0,41341757184,0.0011202381492805258,-280.04029532276803
18,79,1376,0.6304347826086957,841,38361.0,1445891832,190919.5,35633867724,0.0013911962539101624,-296.16964396644426
18,80,1333,0.6086956521739131,841,37824.0,1399250160,188316.0,34490972880,0.0013776665811556683,-283.5106401678178
18,81,1376,0.6304347826086957,841,38097.5,1423005276,190919.5,35633867724,0.0013377973441784817,-278.6980037686673
18,82,1419,0.6170212765957447,841,27730.0,522525696,193650.0,36832513536,0.0012860090719521591,-285.49353307944773
18,83,1462,0.6041666666666666,841,27918.0,538854624,196255.5,37976286348,0.0012582392827113372,-296.54200256520704
18,84,1419,0.6170212765957447,841,35074.0,1160396160,193602.0,36811442304,0.001730811422917317,-414.75391740431553
18,88,602,0.2391304347826087,406,28734.0,609729120,143903.5,14994595980,0.002386354922586806,-430.90291262465604
18,89,602,0.2391304347826087,406,28734.0,609729120,143903.5,14994595980,0.002386354922586806,-430.90291262465604
18,90,774,0.32608695652173914,435,31013.0,807673944,154379.5,19593392364,0.0020311842852025414,-392.94914591938084
18,20,989,0.3469387755102041,522,33517.0,1025161368,166759.0,25027794792,0.001598558518201374,-378.56721985868705
18,21,4128,0.37623762376237624,841,35536.5,1200567060,355843.5,108032864940,0.0018489214699982108,-6350.334343554363
18,22,860,0.16666666666666666,522,32107.0,902694408,159440.5,21815090388,0.0036080036237591227,-1028.6794482219962
18,23,1118,0.2545454545454545,522,25701.5,346338300,175383.5,28813812300,0.0018285460149731168,-625.8888919161898
19,34,324,0.14705882352941177,220,10274.0,100218976,97185.5,7899391500,0.007867180655790482,-682.5285361560553
19,35,468,0.1590909090909091,231,9644.0,90184336,128457.5,11518875324,0.007848060879886229,-1586.6010303128025
19,38,300,0.12121212121212122,231,8842.0,77410080,91959.5,7294523808,0.00601543080236262,-430.29810664318666
19,39,468,0.10869565217391304,319,24065.0,319882024,128305.5,11501282540,0.005571513758398742,-954.559534434873
19,40,480,0.10638297872340426,319,24593.5,328299972,130901.0,11801690901,0.005568103415623507,-1032.5832796891502
19,20,276,0.34615384615384615,198,15785.0,187998184,85948.5,6598798646,0.005153235653235653,-216.17630917721473
19,43,1200,0.037037037037037035,231,5021.5,16557156,285642.5,29711781594,0.006064996413976453,-26988.229645547948
20,34,621,0.21951219512195122,360,18095.0,297057904,125263.0,15564549000,0.0032340897062899847,-487.4399768746912
20,35,897,0.14814814814814814,378,17465.0,267314344,156535.0,22696191144,0.003549060963672281,-1230.794783965898
20,39,897,0.3191489361702128,522,31886.0,948158596,156383.0,22661527240,0.002128700639311258,-451.78024473295096
20,40,920,0.3125,522,32414.5,973110138,158978.5,23253436206,0.0024868709501293246,-565.877078346181
20,21,2208,0.19,522,25625.5,652587870,303110.5,56123027070,0.0025522350322776713,-8000.468525300577
21,95,4224,0.3592233009708738,609,20939.0,393471285,358607.0,110753226705,0.001261679417721107,-4748.382989972597
21,53,5280,0.411214953271028,841,17602.5,208996200,387334.5,139032290430,0.0009982493012666556,-4491.855678722686
21,54,2976,0.25742574257425743,609,17872.5,223924500,324847.5,77520712500,0.0013587769840474092,-4516.586236100977
21,55,2784,0.25,609,19940.5,338264220,319569.5,72325102080,0.002333082393316171,-7491.514921787124
21,114,2208,0.19,580,18673.5,268211790,303891.5,56891835660,0.002850132205642532,-8926.817157606109
21,115,3360,0.28431372549019607,609,19313.5,303597390,335211.5,87722930460,0.0030684516032590866,-10448.803101351117
21,56,2208,0.2268041237113402,580,19124.5,293147580,303847.5,56848522500,0.0019177842430097587,-5659.362951637094
21,57,2592,0.24242424242424243,609,19243.5,299727090,314347.5,67184617500,0.0014324402234953655,-4419.790448514057
21,116,2208,0.20202020202020202,580,19333.5,304703190,303847.5,56848522500,0.0035232821300564287,-10694.628345426858
21,24,5664,0.3963963963963964,609,18230.5,243718320,397535.5,149074052820,0.0008377409236701461,-4180.432264409543
21,96,2976,0.20952380952380953,580,16972.5,174163500,324787.5,77461649100,0.0027020060379744893,-9694.86865213319
21,25,5088,0.34234234234234234,609,17774.5,218506080,382025.5,133806163920,0.0008433714687101006,-3963.807718496113
21,58,2592,0.24242424242424243,609,19243.5,299727090,314347.5,67184617500,0.0014324402234953655,-4419.790448514057
21,59,5280,0.3853211009174312,609,16873.5,168689790,387199.5,138899397780,0.0014582501147104153,-6793.543385723949
21,60,2688,0.25252525252525254,609,19452.0,311255055,316959.0,69755351985,0.0014124978291031912,-4378.109921279257
21,28,4416,0.33962264150943394,609,16387.5,141818850,363885.0,115948837125,0.001201687088475714,-4918.034676107182
21,61,1632,0.15306122448979592,493,15110.5,71213520,288209.5,41454631680,0.0022397053956162293,-6667.92958883465
21,62,4128,0.3627450980392157,841,18085.5,235701270,356095.5,108280931220,0.001194263290268137,-4319.277328717866
21,85,3936,0.22321428571428573,609,17062.5,179139600,350997.5,103262511000,0.0012181973724718705,-5557.752478121127
21,86,3744,0.23853211009174313,609,16900.5,170182620,345790.5,98136792270,0.0011818366064689039,-4979.741618903909
21,63,2976,0.24509803921568626,609,15787.5,108644850,324847.5,77520712500,0.0015061998821583457,-5231.718334453728
21,29,4992,0.2982456140350877,609,15250.5,78954120,379437.0,131258070405,0.0015770986582843793,-8260.875436337074
21,107,1248,0.05825242718446602,377,17596.5,208664460,277705.5,31114599120,0.004059841610597928,-12907.420334914623
21,73,3936,0.3300970873786408,841,23282.5,523043400,350897.5,103164072000,0.0018291267335381067,-6739.878649568373
21,64,1824,0.09523809523809523,435,18601.5,264230910,293455.5,46618741620,0.004663910497961433,-16466.69497492825
21,65,4896,0.3486238532110092,841,23422.5,530784000,376847.5,128708992500,0.0016797283092976592,-7791.800006522865
21,66,4416,0.32710280373831774,841,23970.0,561055275,363885.0,115948837125,0.002420968523150472,-10078.638043482126
21,117,2016,0.17,580,18372.5,251569500,298697.5,51778914000,0.0035618636864354855,-11042.76196649663
21,103,3552,0.1981981981981982,580,16072.5,124402500,340579.5,93007135980,0.0025120763962883943,-11362.674499329081
21,118,1920,0.1836734693877551,580,19655.5,322506570,296039.0,49161913185,0.0024936495081153394,-7448.958769454517
21,67,2304,0.1320754716981132,435,27024.5,729938580,306415.0,59375943825,0.00429527412034482,-15653.845229615035
21,33,4608,0.34579439252336447,841,20426.0,365107515,369073.0,121055852445,0.0015310322977655012,-6445.75282104823
21,74,3648,0.30097087378640774,841,33691.5,1098557010,342871.0,95262865665,0.0031132132270770734,-11207.15167879522
21,75,2880,0.2857142857142857,841,29395.5,861031170,322063.0,74779678545,0.00315790118929775,-9715.013510799587
21,34,2592,0.24242424242424243,580,20114.5,347884680,314347.5,67184617500,0.001371876741591225,-4427.428239234181
21,87,3456,0.14782608695652175,493,16360.0,140298375,337972.5,90440831250,0.0027113021072952,-13148.395512593042
21,35,3744,0.2980769230769231,609,19484.5,313051980,345619.5,97968461580,0.0010478691963353409,-4080.7764355345957
21,111,1056,0.08080808080808081,319,15547.5,95375250,272427.5,25918988700,0.002872142947787971,-8484.518662121645
21,39,3744,0.36363636363636365,841,33905.5,1110389070,345467.5,97818834300,0.0017542254510667396,-5754.768724266487
21,40,3840,0.36,841,34434.0,1139609835,348063.0,100373818545,0.0016805535593457696,-5677.82361874851
21,76,3264,0.2871287128712871,841,31378.5,970671240,332475.0,85029147225,0.003188875820472722,-10512.444018406719
21,77,3264,0.2871287128712871,841,31378.5,970671240,332475.0,85029147225,0.003188875820472722,-10512.444018406719
21,78,3552,0.3434343434343434,841,33154.5,1068866280,340273.5,92705912640,0.0027610540559518454,-8728.632883235783
21,79,3072,0.29292929292929293,841,30469.5,920412630,327271.0,79906381665,0.0028542505396029097,-8808.132395706549
21,80,2976,0.29591836734693877,841,29932.5,890721900,324667.5,77343522300,0.003011347352918843,-9004.576211617943
21,81,3072,0.29292929292929293,841,30206.0,905843715,327271.0,79906381665,0.0025422482481381394,-7794.718887424096
21,82,3168,0.30303030303030304,841,19838.5,332624640,330001.5,82594258560,0.0020172095428273246,-6234.086102334101
21,83,3264,0.3,841,20026.5,343019160,332607.0,85159086705,0.0019763354909078765,-6268.1736999791165
21,84,3168,0.30303030303030304,841,27182.5,738674400,329953.5,82547007840,0.001673427995158947,-5319.752617221075
21,88,1344,0.13402061855670103,406,20842.5,388135800,280255.0,33624301425,0.003284982247611113,-9279.182262801398
21,89,1344,0.13402061855670103,406,20842.5,388135800,280255.0,33624301425,0.003284982247611113,-9279.182262801398
21,90,1728,0.15151515151515152,435,23121.5,514141710,290731.0,43936771065,0.0031732099649321565,-9520.230267416135
21,119,576,0.05154639175257732,174,15677.5,102562950,259255.0,12952111425,0.005979739404352807,-16274.36791713696
21,120,2400,0.18627450980392157,580,18142.5,238852800,309121.5,62040195360,0.004238818702864149,-13967.192301430934
21,112,4416,0.32710280373831774,609,16455.0,145550925,363885.0,115948837125,0.0021227412627616024,-8953.177577229326
21,41,3744,0.23853211009174313,609,15893.5,114505590,345695.5,98043275220,0.0028556371424078714,-11880.857872287388
21,121,2304,0.21212121212121213,580,16065.0,123987825,306553.0,59511789645,0.003297828178978774,-10244.09035395494
21,42,4032,0.3142857142857143,609,15093.5,70273590,353497.0,105722993805,0.0013810577238522839,-5343.817779184072
21,122,3552,0.30392156862745096,609,15802.5,109474200,340489.5,92918540880,0.0026717426591054147,-9369.484666777682
21,43,9600,0.3900709219858156,609,14862.0,57473955,502804.5,252699803730,0.002280524749888286,-28905.382288283916
21,44,5376,0.38181818181818183,609,14950.0,62339475,389785.0,141444538125,0.0007887352876900418,-3693.0470112688786
21,45,4320,0.3557692307692308,609,15340.5,83930220,361289.5,113393852880,0.0012396202508988584,-4778.985161904619
21,46,3456,0.2815533980582524,609,15905.0,115141425,337885.0,90354697125,0.0011410289764971482,-4105.064054724554
21,47,5472,0.4166666666666667,609,21214.5,408703680,392369.5,143988694080,0.0008241302730342067,-3708.6408632996076
21,97,2592,0.1941747572815534,580,22961.5,505295310,314347.5,67184617500,0.0029511748132500307,-9898.964121711702
21,48,2496,0.2079207920792079,609,21710.0,436099875,311685.0,64563679125,0.002804037939025189,-9046.71020091623
21,123,4032,0.2777777777777778,609,15995.5,120145170,353497.0,105722993805,0.0023861281971571968,-10013.15358070193
21,49,2400,0.21,580,21214.5,408703680,309073.5,61992944640,0.0030485726952215724,-9506.170518713252
21,50,3072,0.28,609,21138.5,404501640,327457.0,80089478205,0.0015294780709576045,-4975.6036101704
21,124,3168,0.3163265306122449,609,22142.5,460012800,330001.5,82594258560,0.0017743639293574984,-5685.1102351396985
21,68,5088,0.4056603773584906,609,16474.5,146629080,382025.5,133806163920,0.0009670058350828711,-4142.9005089027705
21,23,2496,0.1619047619047619,522,17810.0,220468875,311735.0,64612898625,0.0018976580393544103,-6886.642378754658
21,69,5952,0.42342342342342343,609,16384.5,141652980,405429.5,156844827480,0.0010325499232638371,-5247.890580605306
21,99,864,0.05,261,18306.5,247920360,267065.5,20640689520,0.005289343782345527,-15460.516968682708
21,52,5664,0.35964912280701755,609,15475.5,91394370,397535.5,149074052820,0.0008253691379983857,-4485.227520178396
21,70,2592,0.24242424242424243,609,19243.5,299727090,314347.5,67184617500,0.0014261376893635177,-4408.334118459558
21,71,2496,0.23232323232323232,609,19035.0,288199125,311735.0,64612898625,0.0014507782095204264,-4461.941627198566
21,72,3936,0.3173076923076923,609,19842.5,332845800,350997.5,103262511000,0.0008439473380265612,-3295.696791275309
21,101,2688,0.20388349514563106,580,23313.0,524729745,316959.0,69755351985,0.0029387776349476553,-9880.909083783567
22,95,880,0.14285714285714285,378,17509.5,295847138,162204.0,22364413391,0.0037392929230071897,-1346.1370936440044
22,96,620,0.24390243902439024,360,13543.0,130951800,128384.5,15641840820,0.003837827106666006,-566.6976721858659
22,25,1060,0.1774193548387097,378,14345.0,164292544,185622.5,27019495984,0.0023347629606782386,-1268.0656235381787
22,41,780,0.1568627450980392,378,12464.0,86095612,149292.5,19797891244,0.004181956291900127,-1216.6810231457193
22,47,1140,0.203125,378,17785.0,307300224,195966.5,29075655616,0.002929013953591294,-1740.2539775673692
22,97,540,0.20512820512820512,360,19532.0,379926508,117944.5,13566598500,0.00417101404417175,-499.88163401699165
22,23,520,0.24324324324324326,324,14380.5,165768350,115332.0,13047290975,0.005599771293570743,-691.77563305915
22,98,600,0.25,360,15250.5,201935990,125906.5,15149268936,0.005488382440098785,-906.7417267047675
22,99,180,0.2608695652173913,162,14877.0,186408848,70662.5,4167977104,0.00908973273103708,-269.001124499856
22,100,480,0.2222222222222222,342,21295.0,453217944,110104.0,12008079591,0.005239987446295226,-517.9382601948585
22,101,560,0.23076923076923078,360,19883.5,394539066,120556.0,14085707247,0.004126833078938154,-499.32613472646557
23,24,1534,0.13333333333333333,378,8395.5,70307600,217075.5,39760046900,0.0032990541269276724,-3300.233235404973
23,29,1352,0.16417910447761194,378,5415.5,22776600,198977.0,35008285725,0.0035835684113585523,-2849.6795485148145
23,64,494,0.18421052631578946,270,8766.5,76225050,112995.5,12433842900,0.009289308732421162,-1289.8786597962257
23,110,416,0.13513513513513514,234,5315.0,21173625,105162.5,10377288750,0.006983054323326913,-834.1833217959169
23,66,1196,0.16129032258064516,522,14135.0,161852625,183425.0,30925108125,0.0026998869113837704,-1447.3435781939118
23,31,234,0.09375,144,12759.5,139913400,85649.5,5254150600,0.009021854321753517,-606.3005435910719
23,67,624,0.19047619047619047,270,17189.5,210571900,125955.0,15836359625,0.004744206640161179,-847.1248853302834
23,111,286,0.23333333333333334,198,5712.5,27513750,91967.5,6912941500,0.007116062609116682,-496.55780202457476
23,37,754,0.1702127659574468,378,8033.5,64533700,139165.5,19304776400,0.003123374104081069,-724.4281343255908
23,38,650,0.1590909090909091,378,8847.5,77517000,128661.5,16546951200,0.003308523700933025,-604.8436900143337
23,125,260,0.09090909090909091,180,5747.0,28064025,89339.0,6222828825,0.009707454182660424,-776.0811293680797
23,43,2600,0.13513513513513514,378,5027.0,16580025,322344.5,67398422850,0.004360678737510045,-22068.15259196958
24,61,1003,0.20634920634920634,357,5696.0,22710016,193550.0,25509428224,0.0025955512504205235,-1645.827892899574
24,86,2301,0.24050632911392406,441,7486.0,54271296,251131.0,60389234136,0.0014068599865783805,-1790.5612250521717
24,63,1829,0.3235294117647059,441,6373.0,34646880,230188.0,47702970000,0.0013305906338190135,-1131.8797832416774
24,29,3068,0.3373493975903614,441,5836.0,25178496,284777.5,80770668804,0.0013288018395204064,-2314.3435540298465
24,43,5900,0.358974358974359,441,5447.5,18328464,408145.0,155500778664,0.001266516923028721,-8451.670466627786
24,111,649,0.1111111111111111,231,6133.0,30415200,177768.0,15949450160,0.003776244157768109,-2262.9772548692804
24,37,1711,0.17333333333333334,441,8454.0,71339072,224966.0,44539733056,0.0020405343198152174,-2052.047035322973
24,26,2832,0.3048780487804878,441,11317.0,121819488,274413.5,74492655076,0.0010573580279121407,-1542.6689611443335
24,34,1593,0.16216216216216217,420,10700.0,110940544,219688.0,41342574000,0.002814774306805023,-2737.631774727897
24,35,2301,0.24050632911392406,441,10070.0,99832384,250960.0,60285650544,0.0013598919705975555,-1774.8484387294457
24,95,2596,0.4927536231884058,441,11524.5,125478128,263947.5,68152854644,0.0010147303102128389,-990.0483566253691
24,55,1711,0.41935483870967744,441,10526.0,107872576,224910.0,44505810944,0.001498115486325563,-990.5216159762102
24,115,2065,0.36231884057971014,441,9899.0,96817312,240552.0,53980983728,0.0014187255040628384,-1207.026137783633
24,56,1357,0.36666666666666664,420,9710.0,93484864,209188.0,34982178000,0.0018091673706080486,-1067.12181770748
24,116,1357,0.24242424242424243,420,9919.0,97169952,209188.0,34982178000,0.002042997199556189,-1430.8509435627307
24,120,1475,0.3548387096774194,420,8728.0,76170240,214462.0,38176914048,0.002820810925019378,-1817.1863450383255
24,112,2714,0.3815789473684211,441,7040.5,46416240,269225.5,71350013700,0.0013509901672439746,-1708.1436481269611
24,41,2301,0.48484848484848486,441,6479.0,36515872,251036.0,60331687696,0.0015536025730431902,-1361.8375309392031
24,42,2478,0.463768115942029,441,5679.0,22410272,258837.5,65057461924,0.0014747839831211712,-1408.6039257972432
24,122,2183,0.4117647058823529,441,6388.0,34911360,245830.0,57178142784,0.0011502866734055684,-1003.0400141157052
24,130,3068,0.16842105263157894,357,25063.0,364188960,284905.0,80847902184,0.0037040587856390153,-8865.230507956347
24,44,3304,0.47435897435897434,441,5535.5,19880080,295125.5,87038990500,0.0007544831190999841,-1085.9671654694976
24,45,2655,0.5294117647058824,441,5926.0,26765376,266630.0,69777784384,0.001043159208700544,-996.2445503601651
24,47,3363,0.5064935064935064,441,11800.0,130335744,297710.0,88604556544,0.0007722548864854054,-1078.1708318283768
24,97,1593,0.3870967741935484,420,13547.0,161138848,219688.0,41342574000,0.002139245599366295,-1372.375707139052
24,157,1357,0.17142857142857143,336,9314.0,86502592,209276.0,35035484176,0.0033324017442577765,-2938.783191874623
24,48,1534,0.3492063492063492,441,12295.5,139072400,217025.5,39729759300,0.0018597294138163088,-1233.6441730065237
24,123,2478,0.4225352112676056,441,6581.0,38314336,258837.5,65057461924,0.001076793836598259,-1145.7068382463176
24,49,1475,0.2923076923076923,420,11800.0,130335744,214414.0,38147837952,0.002212431041096721,-1518.774574205606
24,50,1888,0.3787878787878788,441,11724.0,128995712,232797.5,49283679844,0.001764383373582456,-1344.711439321488
24,124,1947,0.3142857142857143,441,12728.0,146698240,235342.0,50825015808,0.0015971333630819399,-1437.044845210892
24,51,1711,0.35384615384615387,441,5892.0,26165888,224966.0,44539733056,0.0016635117669757701,-1271.1777974548054
24,68,3127,0.4177215189873418,441,7060.0,46760064,287366.0,82338657856,0.0008602580802134071,-1240.4877330020174
24,69,3658,0.49382716049382713,441,6970.0,45173184,310770.0,96515677664,0.0008120221058169014,-1397.931106175933
24,98,1770,0.2535211267605634,420,9265.5,85647440,227650.0,46165571424,0.0017825089561369141,-1728.6869706573043
24,52,3481,0.43902439024390244,441,6061.0,29145696,302876.0,91733871376,0.0009410878475681389,-1691.2939119497007
24,100,1416,0.3387096774193548,399,15310.0,192224064,211847.5,36593175444,0.0022315544463391603,-1411.560632005674
24,101,1652,0.4032258064516129,420,13898.5,167336496,222299.5,42924495348,0.0020962829506395,-1351.110746641192
24,162,767,0.2,273,14338.0,175085760,183004.0,19121167632,0.004158391827883352,-2217.8659342438077
24,96,1829,0.42857142857142855,420,7558.0,55540800,230128.0,47666624880,0.0015323179556328776,-1073.9510786009864
24,25,3127,0.5555555555555556,441,8360.0,69681664,287366.0,82338657856,0.0008145880792304205,-976.1093700038423
24,27,2301,0.32432432432432434,441,6460.0,36180864,251093.0,60366215560,0.0017107486006991514,-2004.5489208104718
24,59,3245,0.4805194805194805,441,7459.0,53795232,292540.0,85472818704,0.0010325786402411994,-1483.476731556951
24,28,2714,0.5,441,6973.0,45226080,269225.5,71350013700,0.0013791773076096132,-1444.0156084915689
24,110,944,0.11940298507462686,273,5735.5,23406480,190963.0,23942347800,0.004107895593600339,-2966.2968343148236
24,103,2183,0.23076923076923078,420,6658.0,39672000,245920.0,57232660464,0.0018512511887169006,-2447.769643710392
24,163,767,0.2,273,11530.0,125575104,182974.0,19102995072,0.004122979186538508,-2213.745875083401
24,87,2124,0.1875,357,6945.5,44741200,243313.0,55653465000,0.0021423127463531815,-2971.9841525499533
24,91,708,0.05970149253731343,231,7240.5,49942640,180395.5,17541063540,0.005897951947842877,-3933.5769441645034
24,125,590,0.045454545454545456,210,6167.5,31023504,175139.5,14357231028,0.007429124894546039,-4729.340899591955
24,105,826,0.10606060606060606,252,6845.5,42978000,185647.5,20722473044,0.0036346137536707656,-2466.382088530783
25,63,1643,0.23529411764705882,441,5917.0,31062720,214678.0,42817320000,0.0013723139315393311,-1018.4847629721053
25,29,2756,0.3815789473684211,441,5380.0,22573824,269267.5,72498286224,0.0016768799347519616,-2217.897201883962
25,43,5300,0.2966101694915254,441,4991.5,16432416,392635.0,139574676384,0.001858121867861385,-11983.482364836915
25,33,2544,0.23170731707317074,609,10555.5,104388128,258903.5,66863255056,0.002785880811765476,-3607.935072550669
25,37,1537,0.30158730158730157,441,7998.0,63959168,209456.0,39978055936,0.0025792256091454087,-1588.5317048843076
25,38,1325,0.3,441,8812.0,76826880,198952.0,34266905088,0.003639531109230114,-1885.9637808580085
25,26,2544,0.44285714285714284,441,10861.0,109217472,258903.5,66863255056,0.0010350291180768298,-982.7840518737465
25,95,2332,0.4264705882352941,441,11068.5,112497632,248437.5,61172765264,0.0009689073851716516,-813.7587953767729
25,55,1537,0.3225806451612903,441,10070.0,96713344,209400.0,39947608064,0.0013418523401549564,-767.7851877157032
25,115,1855,0.3333333333333333,441,9443.0,86801728,225042.0,48452351168,0.0014378078158415464,-972.8904044419745
25,96,1643,0.5555555555555556,420,7102.0,49795200,214618.0,42784697280,0.0014752673950787158,-660.2687591386933
25,120,1325,0.3220338983050847,420,8272.0,68290560,198952.0,34266905088,0.0022751831854620017,-1146.156000406659
25,112,2438,0.375,441,6584.5,41614560,253715.5,64042477200,0.0011215086824699855,-1138.9294681445936
25,41,2067,0.5862068965517241,441,6023.0,32738368,235526.0,54152627776,0.0011599815702325984,-696.7318444591389
25,42,2226,0.417910447761194,441,5223.0,20091968,243327.5,58394396944,0.0009791290488187394,-782.5984742726348
25,122,1961,0.38461538461538464,441,5932.0,31299840,230320.0,51322063104,0.001158118520789472,-808.4740775827778
25,130,2756,0.15384615384615385,357,24607.0,326514240,269395.0,72567609504,0.004898367786716871,-9783.82566202734
25,44,2968,0.6029411764705882,441,5079.5,17823520,279615.5,78124618000,0.0007249072673697305,-715.1400971658836
25,45,2385,0.4411764705882353,441,5470.0,23996544,251120.0,62631272704,0.0009109391593491784,-772.5210718501089
25,46,1908,0.45901639344262296,441,6034.5,32920160,227715.5,49905965200,0.001330958726715798,-819.1569781874495
25,47,3021,0.5277777777777778,441,11344.0,116852736,282200.0,79529841664,0.0006396862985439853,-704.6006401065958
25,97,1431,0.40350877192982454,420,13091.0,144469312,204178.0,37108344000,0.0025105736074334034,-1169.1491732302384
25,157,1219,0.1875,336,8858.0,77554048,193766.0,31447214656,0.003906005524256204,-2502.1414051353377
25,48,1378,0.43636363636363634,441,11839.5,124685600,201515.5,35660710800,0.001287826292478073,-563.6240853680672
25,123,2226,0.4393939393939394,441,6125.0,34350784,243327.5,58394396944,0.0011927858012939808,-974.4002473747006
25,49,1325,0.3,420,11344.0,116852736,198904.0,34240806912,0.0015748418315665467,-793.1391286369823
25,50,1696,0.328125,441,11268.0,115651328,217287.5,44236136464,0.0012400939982083977,-773.6753819675837
25,51,1537,0.3898305084745763,441,5436.0,23459072,209456.0,39978055936,0.0015467064721711853,-849.368132950159
25,68,2809,0.325,441,6604.0,41922816,271856.0,73905684736,0.0009461508773532202,-1255.860107134604
25,69,3286,0.3855421686746988,441,6514.0,40500096,295260.0,86630720384,0.0009153275547951518,-1504.9815745463777
25,98,1590,0.27692307692307694,420,8809.5,76787360,212140.0,41437378944,0.002448846492741208,-1743.0393625556483
25,99,477,0.14814814814814814,189,8436.0,70883072,156896.0,11400553216,0.004950334431466505,-1725.360933662672
25,52,3127,0.5555555555555556,441,5605.0,26130624,287366.0,82338657856,0.0010173811664794786,-1285.612373698132
25,100,1272,0.4,399,14854.0,172338816,196337.5,32845370064,0.001971777115317785,-844.6423986767186
25,101,1484,0.42105263157894735,420,13442.5,150025824,206789.5,38528247888,0.002454075524619531,-1149.0986701559818
25,162,689,0.2222222222222222,273,13882.0,156973440,167494.0,17162812992,0.004931780115218269,-1792.509861121109
25,27,2067,0.5862068965517241,441,6004.0,32438016,235583.0,54183619360,0.001827644010829017,-1172.223864663363
25,59,2915,0.38461538461538464,441,7003.0,48230208,277030.0,76718850624,0.0010552909448269976,-1404.8598303931972
25,28,2438,0.43478260869565216,441,6517.0,40547520,253715.5,64042477200,0.0010546701096810277,-958.1092571573544
25,163,689,0.2222222222222222,273,11074.0,112584576,167464.0,17146501632,0.0036084867845874134,-1328.2695800555487
25,36,1007,0.3333333333333333,399,7867.0,61888320,183250.0,25729539264,0.004299509016490148,-1694.822799492527
26,62,2064,0.2638888888888889,609,11172.0,117812268,232973.5,54108236196,0.001446431533717056,-1200.083713684907
26,85,1968,0.20270270270270271,441,10149.0,89540640,227875.5,51600519800,0.0015732707764009827,-1515.767339987506
26,29,2496,0.35135135135135137,441,8337.0,39464208,256315.0,65589966729,0.0016641598289544755,-1963.935330537773
26,43,4800,0.2982456140350877,441,7948.5,28727622,379682.5,126274686714,0.0022070891594490596,-12886.026528242119
26,33,2304,0.37142857142857144,609,13512.5,182494326,245951.0,60491894401,0.001943736281443176,-1714.6653318114184
26,37,1392,0.3508771929824561,441,10955.0,111815256,196503.5,36168570256,0.00181688523706769,-841.408048231239
26,38,1200,0.40384615384615385,441,11769.0,134310960,185999.5,31001631648,0.0018616833824829217,-664.5383012405052
26,112,2208,0.3055555555555556,441,9541.5,72751770,240763.0,57939906825,0.0016964677570046856,-1596.8238033699283
26,41,1872,0.2608695652173913,441,8980.0,57234156,222573.5,48992455396,0.002065040071532528,-1609.6370867313037
26,42,2016,0.34328358208955223,441,8180.0,35125356,230375.0,52830028849,0.0014212916199922208,-1045.2176856708788
26,44,2688,0.625,441,8036.5,31159590,266663.0,70680168625,0.000762241153160914,-623.8195634131475
26,45,2160,0.34782608695652173,441,8427.0,41951448,238167.5,56663175184,0.0012955977477496783,-1043.6022267484523
26,46,1728,0.5272727272727272,441,8991.5,57551970,214763.0,45150454825,0.0010593579311962344,-488.7234060501323
26,47,2736,0.2804878048780488,441,14301.0,204285312,269247.5,71951489344,0.0009861180581271964,-1312.4430260858355
26,48,1248,0.37037037037037035,441,14796.5,217978950,188563.0,32262622425,0.0023484706367470545,-890.7800393296949
26,49,1200,0.35185185185185186,420,14301.0,204285312,185951.5,30978020352,0.0024956216924827052,-914.7529804381245
26,50,1536,0.40350877192982454,441,14225.0,202184976,204335.0,40020900769,0.001452133726829211,-654.4179565572013
26,51,1392,0.3508771929824561,441,8393.0,41011824,196503.5,36168570256,0.002018330269522587,-943.0637012267218
26,69,2976,0.26436781609195403,441,9471.0,70803432,282307.5,78375729464,0.0010792563692465843,-1835.942152182497
26,52,2832,0.5285714285714286,441,8562.0,45682308,274413.5,74492655076,0.0010857230461598563,-1224.3547220625912
26,72,1968,0.20270270270270271,441,12929.0,166368720,227875.5,51600519800,0.0013576888775337704,-1284.8739780116375
26,114,1104,0.3148148148148148,420,11760.0,134062236,180769.5,28428984188,0.002523107646100118,-933.7886993091895
26,27,1872,0.5535714285714286,441,8961.0,56709072,222630.5,49020493810,0.0021527920059777853,-1194.3025747208728
26,59,2640,0.25609756097560976,441,9960.0,84317436,264077.5,69408356004,0.0013554621453241297,-1865.878931500299
26,28,2208,0.34285714285714286,441,9474.0,70886340,240763.0,57939906825,0.0012664331812243467,-1097.9234102749144
26,117,1008,0.1896551724137931,420,11459.0,125743800,175575.5,25874045200,0.002705300385346365,-1127.9793098450157
26,118,960,0.19298245614035087,420,12742.0,161200788,172917.0,24566323733,0.002263360628001123,-916.3285496431743
26,35,1872,0.22535211267605634,441,12571.0,156475032,222497.5,48955070844,0.0011553766187330674,-1005.5095338887811
26,36,912,0.3673469387755102,399,10824.0,108194940,170297.5,23277786444,0.002219857098683629,-656.5340531526778
26,81,1536,0.23076923076923078,609,23292.5,452774406,204149.0,39929406997,0.0024538710020958463,-1306.697847989788
26,82,1584,0.24615384615384617,609,12925.0,166258176,206879.5,41272545408,0.0020998099989963815,-1138.7876353285458
26,83,1632,0.26153846153846155,609,13113.0,171453744,209485.0,42554196069,0.0020619018601267043,-1134.2132429952312
26,84,1584,0.24615384615384617,609,20269.0,369216960,206831.5,41248934112,0.0017993893841161284,-1043.6599478752432
26,105,672,0.19230769230769232,252,9346.5,67362750,157185.0,16827721469,0.0034642916995858185,-1118.8585416816406
26,129,864,0.13793103448275862,357,14270.0,203428596,167677.0,21988757253,0.003882514272713908,-1541.8596015335945
27,29,2028,0.421875,441,3480.0,11721024,232994.5,53151791490,0.0017651433428032524,-1542.4571689198597
27,43,3900,0.2636363636363636,441,3091.5,8532216,356362.0,102328544340,0.0016833079773702327,-9116.784538050528
27,33,1872,0.2608695652173913,609,8655.5,54201528,222630.5,49020493810,0.00416704053358623,-3499.1605129863315
27,37,1131,0.3877551020408163,441,6098.0,33209568,173183.0,29309731360,0.0031456126060033568,-1053.4895199400673
27,38,975,0.391304347826087,441,6912.0,39890880,162679.0,25122626880,0.0033220273477123116,-905.8729997335968
27,55,1131,0.21428571428571427,441,8170.0,50216544,173127.0,29287408640,0.002600924566696643,-1077.2523756441624
27,59,2145,0.23684210526315788,441,5103.0,25042608,240757.0,56246079240,0.001616615566968829,-1889.0295367512867
27,28,1794,0.328125,441,4617.0,21053520,217442.5,46952453250,0.0019225705084339405,-1370.6275355241373
27,112,1794,0.2878787878787879,441,4684.5,21607560,217442.5,46952453250,0.0018640934744275275,-1456.144425620678
27,41,1521,0.39285714285714285,441,4123.0,16998768,199253.0,39701754760,0.002427812744194394,-1229.645097098134
27,42,1638,0.32786885245901637,441,3323.0,10432368,207054.5,42811588690,0.0017304717425126474,-1039.2442001975116
27,44,2184,0.532258064516129,441,3179.5,9254520,243342.5,57276711250,0.0012042049482249495,-910.8005583684254
27,45,1755,0.3125,441,3570.0,12459744,214847.0,45917835040,0.0017095823540609744,-1166.4416992867002
27,46,1404,0.5306122448979592,441,4134.5,17093160,191442.5,36588333250,0.0017190507629925278,-617.1075761161287
27,47,2223,0.3150684931506849,441,9444.0,60673536,245927.0,58306944640,0.001889742815487736,-1960.1093330912977
27,48,1014,0.4444444444444444,441,9939.5,64740600,165242.5,26144489250,0.003222721125978417,-832.2796147699863
27,123,1638,0.2857142857142857,441,4225.0,17835984,207054.5,42811588690,0.0019220424429339227,-1304.440000641248
27,49,975,0.3333333333333333,420,9444.0,60673536,162631.0,25103493120,0.0030319127395285624,-861.5362635387884
27,50,1248,0.33962264150943394,441,9368.0,60049728,181014.5,32431523890,0.0025239060880421302,-961.0879145820779
27,69,2418,0.23170731707317074,441,4614.0,21028896,258987.0,63512921840,0.0013929915922290229,-2080.7010252466416
27,52,2301,0.5555555555555556,441,3705.0,13567824,251093.0,60366215560,0.001802571903136318,-1624.2025150201507
27,167,1209,0.04477611940298507,357,24882.0,187388640,178480.0,31421221500,0.00985580489541065,-5476.915646931835
27,142,897,0.06896551724137931,357,15010.0,106359264,157460.0,23042229100,0.011156118727729241,-4563.1346390197905
27,126,2106,0.1625,357,17554.5,127244520,238303.0,55267865760,0.00522514068305126,-8046.161114435203
27,168,780,0.05357142857142857,336,20985.5,155406168,149691.5,19945549630,0.027066778159207463,-10858.25096151211
27,51,1131,0.5111111111111111,441,3536.0,12180672,173183.0,29309731360,0.0026658378708959707,-763.1281478355198
27,36,741,0.45,399,5967.0,32134320,146977.0,18863495640,0.003757908757908756,-722.8925058680052
28,65,2346,0.07777777777777778,609,12165.0,98496000,248537.5,61602862500,0.002996094323494255,-4820.94470205074
28,95,2024,0.38461538461538464,441,9681.5,73015290,230297.0,53008850925,0.0012648661245589015,-880.3008448435435
28,55,1334,0.36363636363636365,441,8683.0,62770680,191259.5,34616332800,0.0016682112508484106,-667.1104869663759
28,114,1058,0.35294117647058826,420,7416.0,49771260,175581.5,27229643100,0.0021365937994621926,-691.3002224753183
28,115,1610,0.3728813559322034,441,8056.0,56337660,206901.5,41986061100,0.0020186328152595697,-972.6565304299853
28,56,1058,0.2777777777777778,420,7867.0,54398520,175537.5,27208912500,0.0021188465066710074,-765.8119444005058
28,116,1058,0.2777777777777778,420,8076.0,56542860,175537.5,27208912500,0.0028944527169315385,-1018.2858884180632
28,59,2530,0.4027777777777778,441,5616.0,31303260,258889.5,66480207300,0.001310890516866367,-1372.7448818574865
28,120,1150,0.36538461538461536,420,6885.0,44323200,180811.5,29693757600,0.0028574761996501023,-989.4885078099188
28,112,2116,0.5333333333333333,441,5197.5,27009450,235575.0,55495580625,0.0013780517309153603,-889.2443826436757
28,41,1794,0.49122807017543857,441,4636.0,21248460,217385.5,46925597700,0.0015001349493947785,-787.9061369944777
28,121,1104,0.37254901960784315,420,4807.5,23008050,178243.0,28483608825,0.002464715250917646,-821.142861996728
28,42,1932,0.543859649122807,441,3836.0,13040460,225187.0,50601274425,0.0011796127649041448,-618.7785453719788
28,122,1702,0.48214285714285715,441,4545.0,20314800,212179.5,44472790800,0.0013726624473736767,-639.995548713353
28,126,2484,0.0989010989010989,357,18067.5,159055650,256435.5,65324005200,0.007700409390755698,-15234.934611771565
28,44,2576,0.5223880597014925,441,3692.5,11568150,261475.0,67698365625,0.0009094770770566435,-802.1110293220717
28,45,2070,0.4918032786885246,441,4083.0,15574680,232979.5,54272710800,0.0011058099748166648,-685.9914748471953
28,46,1656,0.3442622950819672,441,4647.5,21366450,209575.0,43245680625,0.0015112645167484485,-836.3843397673465
28,47,2622,0.5373134328358209,441,9957.0,75841920,264059.5,68916052800,0.0010177944192356185,-891.7491674924732
28,97,1242,0.40384615384615385,420,11704.0,93766140,186037.5,32155987500,0.002506203081120717,-861.2000552309183
28,48,1196,0.44,441,10452.5,80925750,183375.0,30901550625,0.0016717354835904805,-534.6092543491387
28,123,1932,0.41935483870967744,441,4738.0,22294980,225187.0,50601274425,0.0015497689942443407,-1016.6681693806289
28,49,1150,0.5106382978723404,420,9957.0,75841920,180763.5,29671142400,0.0017534136732047156,-478.96220299822215
28,50,1472,0.5,441,9881.0,75062160,199147.0,38332528425,0.001388993139782438,-510.7334678650856
28,124,1518,0.5490196078431373,441,10885.0,85363200,201691.5,39531369600,0.0020252502049999516,-757.3244662119449
28,51,1334,0.5,441,4049.0,15225840,191315.5,34642717200,0.0011862406260069126,-421.3541432143511
28,68,2438,0.2857142857142857,441,5217.0,27209520,253715.5,64042477200,0.00150293511234537,-1693.5616859427662
28,69,2852,0.3670886075949367,441,5127.0,26286120,277119.5,75069271800,0.0012170990294184908,-1683.8153992287835
28,98,1380,0.2459016393442623,420,7422.5,49837950,193999.5,35907283800,0.002164189932232266,-1227.0324469587692
28,52,2714,0.4788732394366197,441,4218.0,16959780,269225.5,71350013700,0.0009087543475115118,-1042.3230791756005
28,100,1104,0.32075471698113206,399,13467.0,111854520,178197.0,28461935925,0.0020850191951828105,-733.0845710948628
28,72,1886,0.24285714285714285,441,8585.0,61765200,222687.5,49423635000,0.0016867021432358021,-1401.1225851024399
28,101,1288,0.4230769230769231,420,12055.5,97372530,188649.0,33386395725,0.0024256943625696778,-838.8032007398624
28,117,966,0.3958333333333333,420,7115.0,46683000,170387.5,24782490000,0.0023991005708556856,-671.8419283306564
28,103,1702,0.25757575757575757,420,4815.0,23085000,212269.5,44515194300,0.0031638174947120727,-2433.6803582699745
28,118,920,0.32,420,8398.0,59846580,167729.0,23529937725,0.0032216290278912077,-976.0735891287131
28,104,598,0.09259259259259259,231,10377.0,80151120,149353.5,14872320900,0.009306589191578857,-3052.221647135634
28,105,644,0.17647058823529413,252,5002.5,25008750,151997.0,16117805925,0.0032853630105151395,-996.7278148652471
29,61,884,0.2545454545454545,357,2716.0,7357056,175451.5,22460772096,0.002633724300390967,-1268.3933111569293
29,62,2236,0.26666666666666666,609,5691.0,24350256,243337.5,58668313284,0.0023673427398699094,-2600.1642760135437
29,85,2132,0.25675675675675674,441,4668.0,18506880,238239.5,55949254200,0.0016467128733771241,-1912.6116470362228
29,86,2028,0.22972972972972974,441,4506.0,17581536,233032.5,53172059094,0.0018014247395165314,-2000.8612757798835
29,63,1612,0.31746031746031744,441,3393.0,11224080,212089.5,42001942500,0.0014409499197568351,-1047.7550450519193
29,112,2392,0.18072289156626506,441,4060.5,15036840,251127.0,62822905425,0.0019098079263953117,-2860.471063213792
29,132,2028,0.12345679012345678,357,15887.0,82589808,233032.5,53172059094,0.005274402339298326,-6306.441819899027
29,133,988,0.12698412698412698,315,11526.0,57679776,180742.5,25282769274,0.006286425243092754,-3877.67864781615
29,94,1612,0.12162162162162163,357,4308.0,16450560,212164.5,42041944350,0.0032549246806352237,-3433.3910354698237
29,134,884,0.13114754098360656,315,11500.0,57531264,175427.5,22447971504,0.005847645581889199,-3248.1644799710903
29,135,832,0.13333333333333333,315,10038.0,49180320,172864.5,21080974950,0.005764812043296065,-3044.8121720152735
29,127,1040,0.2,315,11270.0,56217504,183366.5,26682300666,0.0039175924003623614,-2271.0102165219782
29,136,884,0.13114754098360656,315,10548.0,52093440,175491.5,22482106416,0.005573524945337361,-3070.36316775253
29,43,5200,0.47572815533980584,441,2467.5,5937624,390046.5,136916732106,0.0008790236232280725,-4545.705340688069
29,137,884,0.13114754098360656,315,10612.0,52459008,175491.5,22482106416,0.006065657540837704,-3345.66241484547
29,126,2808,0.20454545454545456,357,16930.5,88550280,271987.5,73949019984,0.004642463376770721,-10039.347209757787
29,44,2912,0.3670886075949367,441,2555.5,6440280,277027.0,76636877625,0.0010533393237867126,-1546.273942609294
29,46,1872,0.31343283582089554,441,3510.5,11895240,225127.0,48955597425,0.0017164551669668442,-1444.5629729400318
29,48,1352,0.21875,441,9315.5,45053400,198927.0,34981617825,0.003635343047832562,-2458.3847488628685
29,123,2184,0.2702702702702703,441,3601.0,12412176,240739.0,57282382521,0.0017395397411619263,-1994.553558852723
29,51,1508,0.22727272727272727,441,2912.0,8476608,206867.5,39216747024,0.0027061673195781597,-2112.3657492172374
29,68,2756,0.2804878048780488,441,4080.0,15148224,269267.5,72498286224,0.0011559433511851313,-1785.6158528724563
29,69,3224,0.32558139534883723,441,3990.0,14634144,292671.5,84980996856,0.001121602495607877,-2165.1647636479215
29,52,3068,0.4230769230769231,441,3081.0,9441936,284777.5,80770668804,0.0018262191105514263,-2947.7020949987877
29,55,1508,0.24615384615384617,441,7546.0,34946016,206811.5,39186878976,0.0022722086711086664,-1636.1614740114812
29,56,1196,0.20967741935483872,420,6730.0,30285024,191089.5,30801424500,0.002638354141532342,-1646.7240709724101
29,59,2860,0.25882352941176473,441,4479.0,17427312,274441.5,75257880516,0.0013262804820471483,-2309.633908448526
29,33,2496,0.26582278481012656,609,8031.5,37719192,256315.0,65589966729,0.003500643713425814,-4696.524494175161
29,87,1872,0.17333333333333334,357,3965.5,14494200,225214.5,49002266250,0.0017518934263109122,-2133.8553873793207
29,36,988,0.33962264150943394,399,5343.0,22362480,180661.5,25239567276,0.0031275328445139754,-1391.9782362164322
29,37,1508,0.44642857142857145,441,5474.0,23110752,206867.5,39216747024,0.0022640295235668603,-1265.378747463689
29,38,1300,0.375,441,6288.0,27760320,196363.5,33614354592,0.0027000596805791597,-1416.2824256608378
29,91,624,0.14285714285714285,231,4260.5,16179240,162297.0,15444714285,0.003954945930392357,-1847.18495800089
29,93,884,0.2545454545454545,315,4820.0,19375104,175451.5,22460772096,0.0028420058165428536,-1372.1589804167334
30,31,72,0.7,64,16500.0,271160064,37526.0,1401960672,0.013888888888888888,-38.792781935063054
30,32,64,0.7777777777777778,64,15456.0,238887936,35028.0,1226960784,0.013888888888888888,-29.81133167535841
30,67,192,0.23076923076923078,120,20930.0,408100224,77831.5,4225602780,0.015615154076692533,-635.4920338191308
30,33,384,0.14285714285714285,232,14331.5,204127392,140489.5,8615171628,0.006880668934240362,-1673.404579516434
30,74,304,0.15,232,27597.0,614190528,114287.5,6779564316,0.008918269230769228,-1063.2957841132068
31,32,72,0.7,64,16500.0,271160064,37526.0,1401960672,0.013888888888888888,-38.792781935063054
31,67,216,0.2692307692307692,120,21974.0,463231776,80329.5,4828295240,0.013974128435666902,-585.8855569464263
31,33,432,0.14,232,15375.5,231703608,142987.5,9843942824,0.006338435374149657,-1632.9643257745277
31,74,342,0.14634146341463414,232,28641.0,697163472,116785.5,7746525128,0.007991518136335205,-1025.1055531266813
32,67,192,0.23076923076923078,120,20930.0,408100224,77831.5,4225602780,0.015615154076692533,-635.4920338191308
32,33,384,0.14285714285714285,232,14331.5,204127392,140489.5,8615171628,0.006880668934240362,-1673.404579516434
32,74,304,0.15,232,27597.0,614190528,114287.5,6779564316,0.008918269230769228,-1063.2957841132068
33,62,2064,0.5423728813559322,841,10866.5,112602882,232973.5,54108236196,0.0015610122710623187,-875.8596752948268
33,43,4800,0.2032520325203252,609,7643.0,27457353,379682.5,126274686714,0.0048182905431633,-32708.00081959139
33,67,1152,0.2857142857142857,435,19805.5,348717628,183293.0,29670298885,0.0028506300858992858,-1247.2831848895323
33,44,2688,0.23809523809523808,609,7731.0,29781785,266663.0,70680168625,0.002602056054389769,-3636.2493570317547
33,46,1728,0.2923076923076923,609,8686.0,55007155,214763.0,45150454825,0.0026109485861474354,-1671.234597430697
33,52,2832,0.25882352941176473,609,8256.5,43662342,274413.5,74492655076,0.002727738037960631,-4515.779317207526
33,53,2640,0.410958904109589,841,10383.5,99844920,264212.5,69474762774,0.001977501073714541,-2163.268367314377
33,73,1968,0.5084745762711864,841,16063.5,249876440,227775.5,51551329600,0.0017377579193718071,-977.0454843798444
33,158,912,0.13559322033898305,435,19608.5,343514070,170315.5,23286640680,0.005338446358907623,-2286.444502300332
33,65,2448,0.45588235294117646,841,16203.5,253574400,253725.5,64316186500,0.001556462583838687,-1470.2072225276027
33,66,2208,0.46875,841,16751.0,268036065,240763.0,57939906825,0.0016534376307118929,-1207.385601777806
33,74,1824,0.6538461538461539,841,26472.5,524819766,219749.0,47603078197,0.0009804451529897363,-413.2699970667736
33,75,1440,0.56,841,22176.5,411345222,198941.0,37367581381,0.0022311171221735446,-755.7833512392926
33,36,912,0.3673469387755102,551,10518.5,103410810,170297.5,23277786444,0.0031246779014636153,-926.5517729459369
33,37,1392,0.3508771929824561,609,10649.5,106871044,196503.5,36168570256,0.002123594288297068,-988.191736814019
33,38,1200,0.40384615384615385,609,11463.5,128372040,185999.5,31001631648,0.0020627586026341687,-740.7272988242007
33,39,1872,0.5,841,26686.5,530472362,222345.5,48880301740,0.0014341781903965036,-720.2783930650863
33,40,1920,0.4915254237288136,841,27215.0,544432161,224941.0,50157033381,0.0014104618451122053,-747.9820592213334
33,76,1632,0.5769230769230769,841,24159.5,463724184,209353.0,42489265005,0.0015512949846580829,-583.1241654576596
33,77,1632,0.5769230769230769,841,24159.5,463724184,209353.0,42489265005,0.0015512949846580829,-583.1241654576596
33,78,1776,0.5454545454545454,841,25935.5,510635448,217151.5,46325362752,0.0013607731978799635,-569.267456400089
33,79,1536,0.5384615384615384,841,23250.5,439713858,204149.0,39929406997,0.0017074606723927988,-601.9137955834096
33,80,1488,0.6122448979591837,841,22713.5,425529540,201545.5,38648740140,0.001456322518184763,-445.4077490193601
33,81,1536,0.5686274509803921,841,22987.0,432753769,204149.0,39929406997,0.0016252570958453314,-542.1744769428245
33,82,1584,0.5882352941176471,841,12619.5,158906624,206879.5,41272545408,0.0015629163864457985,-529.8597351401863
33,83,1632,0.6078431372549019,841,12807.5,163872456,209485.0,42554196069,0.0015024605024605028,-516.6662961591563
33,84,1584,0.5882352941176471,841,19963.5,352891040,206831.5,41248934112,0.001951020609517309,-702.753217436183
34,62,1161,0.22807017543859648,580,10555.0,107291184,178248.0,30029454000,0.0017758175991535131,-707.1961568374034
34,66,1242,0.21666666666666667,580,16439.5,255392280,186037.5,32155987500,0.002857198524560658,-1428.0644521261145
34,39,1053,0.32,580,26375.0,505448944,167620.0,27128010000,0.0017106296731146666,-473.90356089333136
34,40,1080,0.3137254901960784,580,26903.5,518750232,170215.5,27836581500,0.0017746612288134771,-525.0145630785734
34,78,999,0.28,580,25624.0,486547776,162426.0,25710048000,0.0022312075258898592,-553.0270361613185
34,81,864,0.2553191489361702,580,22675.5,412339928,149423.5,22160365500,0.0022022010611687922,-435.45126764512065
34,82,891,0.25,580,12308.0,151410688,152154.0,22905792000,0.0020142536579097897,-425.3436505725199
34,83,918,0.24489795918367346,580,12496.0,156142272,154759.5,23617093500,0.0019647705693999202,-440.8374486624875
34,88,378,0.17142857142857143,280,13312.0,176679360,102407.5,9324997500,0.004357745772105634,-409.8624950766578
34,89,378,0.17142857142857143,280,13312.0,176679360,102407.5,9324997500,0.004357745772105634,-409.8624950766578
34,42,1134,0.21052631578947367,420,7563.0,31988528,175649.5,29320063500,0.0030113779174970536,-1224.444149204599
34,45,1215,0.2,420,7810.0,38205024,183442.0,31447416000,0.0027304824305435303,-1282.425578117643
34,50,864,0.2553191489361702,420,13608.0,184129088,149609.5,22211143500,0.0031013142547944173,-686.4185219288403
34,72,1107,0.13333333333333333,420,12312.0,151511360,173150.0,28637700000,0.0024055630328583396,-1165.096704125878
34,95,1188,0.16393442622950818,420,13408.5,179108072,180759.5,30715093500,0.003209447675947903,-1534.2671085395916
34,102,486,0.18421052631578946,300,15973.5,243663992,112968.5,12208150500,0.007144985728594271,-863.259667670827
34,103,999,0.18518518518518517,400,8542.0,56628000,162732.0,25793586000,0.005394186993262441,-2222.6263560524094
34,87,972,0.21153846153846154,340,8829.5,63863800,160125.0,25081875000,0.007155979921775711,-2719.6164828773353
34,35,1053,0.375,420,11954.0,142501216,167772.0,27169506000,0.0031627504953030657,-974.6742215154146
35,85,1599,0.3333333333333333,441,8902.0,73379520,204422.0,41759431200,0.0020807192361024128,-1260.52998526634
35,86,1521,0.3,441,8740.0,69710544,199215.0,39686586984,0.0019697577942424903,-1129.8005126129722
35,43,3900,0.25225225225225223,441,6701.5,23542596,356229.0,102191976216,0.0023066994085036694,-12554.26966592837
35,38,975,0.12280701754385964,441,10522.0,110069280,162546.0,25089098112,0.002707431699937635,-1088.7021377012939
35,66,1794,0.08974358974358974,609,15809.5,229820580,217309.5,46889790300,0.0031087120945134054,-3184.0201222727455
35,39,1521,0.13043478260869565,609,25745.0,454839784,198892.0,39558004560,0.0020065240337067817,-1337.1218673565504
35,40,1560,0.12857142857142856,609,26273.5,466809252,201487.5,40591241964,0.0020196938163516307,-1414.9684193879368
35,88,546,0.08163265306122448,294,12682.0,158988960,133679.5,13597690860,0.004636050565666694,-1178.938366817827
35,89,546,0.08163265306122448,294,12682.0,158988960,133679.5,13597690860,0.004636050565666694,-1178.938366817827
35,42,1638,0.208955223880597,441,6933.0,28785608,206921.5,42754452156,0.0018915381655035747,-1323.5001463565752
35,44,2184,0.25,441,6789.5,25535620,243209.5,57200269500,0.0012240663395265414,-1352.4158504324585
35,45,1755,0.23529411764705882,441,7180.0,34379664,214714.0,45856552896,0.0016651435749116216,-1242.114004894942
35,50,1248,0.24561403508771928,441,12978.0,165692768,180881.5,32388240636,0.00199912658092306,-848.9694627090776
35,68,2067,0.2602739726027397,441,8314.0,60062496,235450.0,54111305664,0.0013985264583104577,-1384.9021893068277
35,69,2418,0.24691358024691357,441,8224.0,58024176,258854.0,63428157216,0.0014516916834224783,-2065.3298292063655
35,70,1053,0.32,441,11083.0,122774808,167772.0,27169506000,0.0021577384502139713,-651.5176162723824
35,71,1014,0.32653061224489793,441,10874.5,118052700,165159.5,26129501100,0.0021908876028243172,-627.2471900449974
35,95,1716,0.31746031746031744,441,12778.5,161174492,212031.5,44788681836,0.002239928478582145,-1415.3754048689132
35,54,1209,0.2962962962962963,441,9712.0,91724400,178272.0,31349430000,0.002015166519008343,-770.2807352326416
35,114,897,0.21568627450980393,420,10513.0,109865448,157316.0,23007097872,0.003048057760451349,-945.6349034187886
35,57,1053,0.32,441,11083.0,122774808,167772.0,27169506000,0.0021409355931617555,-643.5433470662614
35,128,780,0.2826086956521739,399,10725.5,114678148,149463.5,19881111852,0.005151371510002364,-1220.6261053036594
35,58,1053,0.32,441,11083.0,122774808,167772.0,27169506000,0.0021409355931617555,-643.5433470662614
35,59,2145,0.25333333333333335,441,8713.0,69099048,240624.0,56171012976,0.0018974740248739424,-2100.2467238033328
35,60,1092,0.3137254901960784,441,11291.5,127496916,170383.5,28209112812,0.002083858021521682,-659.3638434368138
35,109,507,0.061224489795918366,252,10120.0,100964784,131160.0,12594708144,0.008701295311045418,-2312.4728298435757
35,103,1443,0.20634920634920634,420,7912.0,50958000,194004.0,37612150416,0.0032617791282756,-2228.611475987786
35,87,1404,0.20967741935483872,357,8199.5,57469300,191397.0,36574335000,0.004034659525600725,-2659.8401397091366
35,105,546,0.15217391304347827,252,8099.5,55204500,133731.5,13618391436,0.005169421953497848,-1219.6179623912672
35,129,702,0.425,357,13023.0,166711928,144223.5,17795130732,0.007105995855995854,-1251.6946232657353
36,43,1900,0.1782178217821782,399,4954.5,16278570,304029.0,48591554616,0.0035126976983412676,-14039.785624131144
36,37,551,0.6,399,7961.0,63360360,120850.0,13917968064,0.003458351992834751,-268.80486206743495
36,38,475,0.6923076923076923,399,8775.0,76107600,110346.0,11929686912,0.0029127539127539125,-150.44226391279742
36,44,1064,0.3157894736842105,399,5042.5,17656650,191009.5,27198319500,0.002816327886816607,-1292.4984512193432
36,46,684,0.4864864864864865,399,5997.5,32611950,139109.5,17374272300,0.0033351804185137515,-433.5320516571259
36,52,1121,0.3,399,5568.0,25885980,198760.0,28665396144,0.003431765190239765,-2122.8237364948036
37,85,1189,0.20689655172413793,441,7286.0,52436160,178428.0,30852348800,0.002256165851590277,-1052.4753787069187
37,86,1131,0.19298245614035087,441,7124.0,49814352,173221.0,29320907616,0.0022791733119442176,-959.8517428876057
37,43,2900,0.27722772277227725,441,5085.5,16823268,330235.0,75500609184,0.002730585970684982,-11466.76192401232
37,44,1624,0.3076923076923077,441,5173.5,18247460,217215.5,42260218000,0.002068668187610795,-1406.2451273497184
37,46,1044,0.3829787234042553,441,6128.5,33703180,165315.5,26995805200,0.002806148753334512,-706.8648725652363
37,52,1711,0.31343283582089554,441,5699.0,26752152,224966.0,44539733056,0.0026737383815554883,-2297.751115301068
37,53,1595,0.2,609,7826.0,61175520,214765.0,41539496544,0.0014968832492361385,-1231.5320375106503
37,148,551,0.043478260869565216,315,6458.0,39035808,120886.0,13928556096,0.0062155606959571445,-1222.786392472505
37,38,725,0.5882352941176471,441,8906.0,78654240,136552.0,18536114688,0.002809554280142515,-308.8893402875766
37,91,348,0.36666666666666664,231,6878.5,45841180,102485.5,8516748240,0.004365535486225142,-302.76318475236314
37,92,232,0.23333333333333334,168,7633.5,58060100,91969.5,5423866448,0.007712096332785987,-469.869463007462
37,93,493,0.21052631578947367,315,7438.0,54896128,115640.0,12385644544,0.003933846697004592,-493.1006088478677
38,62,1075,0.21428571428571427,609,9123.0,82872720,173022.0,27730055808,0.0017076206144674441,-603.096670313125
38,43,2500,0.2376237623762376,441,5899.5,20207880,319731.0,64714807872,0.003124568912935252,-12771.713726418751
38,44,1400,0.3064516129032258,441,5987.5,21918600,206711.5,36223044000,0.0024329251689345337,-1402.918829605204
38,46,900,0.4186046511627907,441,6942.5,40483800,154811.5,23139261600,0.0028382950341202706,-543.5705073280529
38,52,1475,0.2727272727272727,441,6513.0,32134320,214462.0,38176914048,0.002812345006503797,-2213.856272003482
38,83,850,0.22916666666666666,609,11064.0,120605760,149533.5,21808698912,0.0019524709185613433,-375.5057031261587
39,62,1677,0.5471698113207547,841,24346.0,342455316,209368.0,43722005040,0.001401536142315618,-507.96441479119954
39,74,1482,0.6382978723404256,841,39952.0,1596116508,196143.5,38465530780,0.0018451696026826594,-498.5784665283982
39,53,2145,0.4461538461538462,841,23863.0,303654960,240607.0,56138882760,0.0016399686774384696,-1199.8238960862298
39,73,1599,0.6326530612244898,841,29543.0,759940720,204170.0,41655904000,0.0017201459320866817,-533.9149665616088
39,65,1989,0.47540983606557374,841,29683.0,771187200,230120.0,51970510000,0.0019033476444259244,-1213.92289575075
39,66,1794,0.5454545454545454,841,30230.5,815168970,217157.5,46818175500,0.0018123372205346962,-798.9500641820863
39,75,1170,0.6829268292682927,841,35656.0,1251010236,175335.5,30194766940,0.0025296115798501798,-438.5468403544197
39,124,1287,0.07462686567164178,609,28403.0,668362240,183274.0,33350161920,0.0033105402643734084,-1690.2451909626157
39,72,1599,0.14285714285714285,609,26103.0,483598640,204270.0,41695652000,0.001799601863819995,-1240.844483141982
39,118,780,0.09259259259259259,580,25916.0,468576556,149311.5,19850747420,0.0036321210869290454,-977.2772388524368
39,40,1560,0.926829268292683,841,40694.5,1655763018,201335.5,40529246940,0.0006859756097560975,-140.3757765394681
39,76,1326,0.6222222222222222,841,37639.0,1410308592,185747.5,34333328700,0.002053068975840765,-441.70771076450285
39,77,1326,0.6222222222222222,841,37639.0,1410308592,185747.5,34333328700,0.002053068975840765,-441.70771076450285
39,78,1443,0.6521739130434783,841,39415.0,1552978224,193546.0,37433076480,0.0014379962214814946,-322.55660740398315
39,79,1248,0.7317073170731707,841,36730.0,1337286804,180543.5,32264842780,0.0016306356245380633,-269.76237251510514
39,80,1209,0.6666666666666666,841,36193.0,1294148520,177940.0,31230003600,0.0018184605738697005,-304.0896891254458
39,81,1248,0.6904761904761905,841,36466.5,1316119322,180543.5,32264842780,0.0015325798862384226,-260.26409932817205
39,82,1287,0.6744186046511628,841,26099.0,483277312,183274.0,33350161920,0.0014074980021823874,-256.08375899476215
39,83,1326,0.6590909090909091,841,26287.0,498379728,185879.5,34385796060,0.0013493612330821633,-261.83933762163633
39,84,1287,0.6363636363636364,841,33443.0,1073235520,183226.0,33331082880,0.0016896276145747606,-348.55589433427815
39,90,702,0.29545454545454547,435,29382.0,747007268,144003.5,17740923580,0.0023798230193579047,-410.651145042808
39,125,390,0.08888888888888889,290,21842.5,141344154,123071.5,9420872220,0.004751483084816419,-764.7269869558771
40,62,1720,0.5370370370370371,841,24874.5,351467298,211963.5,44864004276,0.0013891050742567252,-534.8924646780305
40,74,1520,0.6595744680851063,841,40480.5,1638119574,198739.0,39470233257,0.0017873527664199395,-495.15639221555693
40,53,2200,0.4393939393939394,841,24391.5,311645880,243202.5,57605205294,0.0015858069825878973,-1217.5389397178794
40,73,1640,0.6530612244897959,841,30071.5,779939160,206765.5,42743937600,0.001551949143991934,-493.7518344198573
40,65,2040,0.4918032786885246,841,30211.5,791481600,232715.5,53327956500,0.0017952605281420868,-1166.0819572050898
40,66,1840,0.5636363636363636,841,30759.0,836620785,219753.0,48041045325,0.0016791389560233008,-756.4202329546735
40,75,1200,0.6666666666666666,841,36184.5,1283931558,177931.0,30983440761,0.002505940567724135,-469.1748682081784
40,124,1320,0.07352941176470588,609,28931.5,685950720,185869.5,34221253248,0.003332130066908895,-1798.6823317174396
40,72,1640,0.14084507042253522,609,26631.5,496324920,206865.5,42784723800,0.0017916617635276738,-1298.294443693704
40,148,760,0.1346153846153846,435,23023.5,198859752,149323.5,19315528596,0.0037801508006612278,-1043.059187722626
40,118,800,0.09090909090909091,580,26444.5,480907518,151907.0,20369240073,0.00367682051650716,-1059.3428743413533
40,76,1360,0.6086956521739131,841,38167.5,1447421976,188343.0,35230099905,0.0020261086116584383,-468.433953781741
40,77,1360,0.6086956521739131,841,38167.5,1447421976,188343.0,35230099905,0.0020261086116584383,-468.433953781741
40,78,1480,0.6382978723404256,841,39943.5,1593846072,196141.5,38410811712,0.001417568682515267,-341.4090440298849
40,79,1280,0.7560975609756098,841,37258.5,1372478562,183139.0,33107586057,0.0015544161123429415,-265.2834545535509
40,80,1240,0.6511627906976745,841,36721.5,1328205060,180535.5,32045717340,0.0018052920056322692,-326.4368443731824
40,81,1280,0.6744186046511628,841,36995.0,1350754041,183139.0,33107586057,0.0015353647828730884,-281.75982721808384
40,82,1320,0.6590909090909091,841,26627.5,495995136,185869.5,34221253248,0.0014032381111217206,-275.4485919629195
40,83,1360,0.6444444444444445,841,26815.5,511494984,188475.0,35283937689,0.0013464528117638165,-281.4438281134606
40,84,1320,0.6222222222222222,841,33971.5,1101478560,185821.5,34201675872,0.0016987081381020775,-376.7913897233219
40,90,720,0.3181818181818182,435,29910.5,766665354,146599.0,18204308577,0.0023137553660809488,-413.03988804877923
40,125,400,0.1111111111111111,290,22371.0,145063737,125667.0,9666941193,0.004686875015822385,-783.2912894462486
41,63,1209,0.25,441,4036.0,16278060,178348.0,31373370000,0.002185633755667742,-899.4504457859966
41,43,3900,0.19827586206896552,441,3110.5,8611218,356305.0,102270015144,0.0026030007668927046,-15187.952306560628
41,55,1131,0.3877551020408163,441,8189.0,50681512,173070.0,29270657024,0.0017217374247842417,-496.49160527141174
41,115,1365,0.39622641509433965,441,7562.0,45487444,188712.0,35502304688,0.0014433429758816082,-514.9989358176114
41,116,897,0.2653061224489796,420,7582.0,45653124,157348.0,23007138000,0.0023524636502952824,-615.7488542189207
41,96,1209,0.5555555555555556,420,5221.0,26094600,178288.0,31349466480,0.0013793607517257058,-349.89462761106125
41,59,2145,0.38235294117647056,441,5122.0,25274484,240700.0,56213907984,0.0013844503072966256,-1214.3678761287113
41,120,975,0.45454545454545453,420,6391.0,35786880,162622.0,25108257408,0.001653540913894104,-375.1045268373534
41,112,1794,0.4406779661016949,441,4703.5,21807630,217385.5,46925597700,0.0011188972400720126,-652.1572774360563
41,166,117,0.05,63,5017.0,24404664,104800.0,2072435184,0.01303418803418804,-1635.012971643355
41,131,585,0.2558139534883721,294,10282.0,68019924,136404.0,14663215952,0.0067641814319555175,-1364.757665387503
41,163,507,0.3,273,9193.0,58998648,131134.0,12563690112,0.0035129916379916365,-552.1072079387455
41,42,1638,0.35,441,3342.0,10528964,206997.5,42787101604,0.0014762761585162246,-790.366469753256
41,130,2028,0.19736842105263158,357,22726.0,171106020,233065.0,53172185064,0.0056031318640603865,-6872.92364679266
41,126,2106,0.13414634146341464,357,17573.5,128422710,238246.0,55236254016,0.009121603724164876,-13886.64076656331
41,44,2184,0.417910447761194,441,3198.5,9340210,243285.5,57243950500,0.0012601627400748027,-1038.4216082016571
41,45,1755,0.3548387096774194,441,3589.0,12575112,214790.0,45891571264,0.001421053396231105,-841.0129055742433
41,47,2223,0.5,441,9463.0,61235328,245870.0,58273594624,0.0010299999253764924,-771.841967739506
41,48,1014,0.5116279069767442,441,9958.5,65340050,165185.5,26129535300,0.0017923923184895376,-383.76882808117733
41,123,1638,0.44642857142857145,441,4244.0,18001132,206997.5,42787101604,0.0018664155848515263,-925.8159145014811
41,49,975,0.3333333333333333,420,9463.0,61235328,162574.0,25089134592,0.00214650020558952,-549.201268834262
41,50,1248,0.2909090909090909,441,9387.0,60605744,180957.5,32412973924,0.0017775248962066837,-662.4765678598377
41,51,1131,0.5111111111111111,441,3555.0,12293456,173126.0,29292966976,0.0024487360318603798,-637.6400952760283
41,68,2067,0.29577464788732394,441,4723.0,21969168,235526.0,54152627776,0.0014434916101672345,-1295.075240115467
41,69,2418,0.36486486486486486,441,4633.0,21223608,258930.0,63476594144,0.0013624460002167546,-1561.1142358298591
41,98,1170,0.23214285714285715,420,6928.5,40239530,175810.0,30362251104,0.003586614471650654,-1566.445669024939
41,99,351,0.2,189,6555.0,37145456,120566.0,8353483456,0.005704365079365081,-832.6827973816612
41,52,2301,0.38028169014084506,441,3724.0,13693452,251036.0,60331687696,0.0017259159230320906,-1861.8482099174555
41,100,936,0.46511627906976744,399,12973.0,90312168,160007.5,24066661524,0.0017943646051706902,-376.80913250289
41,101,1092,0.425531914893617,420,11561.5,78619302,170459.5,28230654708,0.0017157055945025786,-441.59663095721334
42,95,1848,0.3870967741935484,441,8387.5,36180286,219909.0,48333856181,0.001143884762154379,-668.6470936783314
42,114,966,0.3829787234042553,420,6122.0,24662484,165193.5,24828186812,0.0020682626144848944,-510.4156242434991
42,96,1302,0.30357142857142855,420,4421.0,16014600,186089.5,33805066620,0.001543617382250935,-600.5505806104634
42,117,882,0.4318181818181818,420,5821.0,23132200,159999.5,22596854800,0.001940571976559416,-410.3888058199535
42,103,1554,0.38596491228070173,420,3521.0,11439000,201881.5,40589278236,0.002173104632269741,-1161.9870429095583
42,118,840,0.34782608695652173,420,7104.0,29654972,157341.0,21454768517,0.0024319146881227375,-560.9500791512783
42,87,1512,0.18181818181818182,357,3808.5,12900650,199274.5,39469316250,0.0030247701724270587,-2154.233424630982
42,119,252,0.11627906976744186,126,3126.0,9430820,120557.0,5652435685,0.005527870062753785,-896.4562685286293
42,112,1932,0.4426229508196721,441,3903.5,13383630,225187.0,50601274425,0.0013451966377994037,-832.7237053598025
42,121,1008,0.3469387755102041,420,3513.5,11400870,167855.0,25971561889,0.0018369594125641228,-510.9817503323318
42,140,1932,0.08641975308641975,357,16796.0,78929100,225299.5,50649604200,0.0068154180098581605,-8264.63045409025
42,122,1554,0.5490196078431373,441,3251.0,10066320,201791.5,40550614416,0.0010924561806387773,-387.4446986723727
42,126,2268,0.12941176470588237,357,16773.5,78814710,246047.5,59562903504,0.006256730787786876,-10235.830995183538
42,44,2352,0.48484848484848486,441,2398.5,5732210,251087.0,61727862625,0.0009407477579814566,-751.8969591113793
42,45,1890,0.851063829787234,441,2789.0,7717512,222591.5,49486252816,0.0006620345427005927,-226.7810342433905
42,46,1512,0.4444444444444444,441,3353.5,10587430,199187.0,39431726425,0.0013535546031980478,-537.6613816861831
42,47,2394,0.43478260869565216,441,8663.0,37580928,253671.5,62838158656,0.0010726060682034746,-929.9405622788026
42,97,1134,0.2777777777777778,420,10410.0,46462676,175649.5,29320063500,0.0018772941258867741,-627.9018177036797
42,157,966,0.22641509433962265,336,6177.0,24942104,165237.5,24847089124,0.0038632056300701204,-1382.3313538655755
42,48,1092,0.4166666666666667,441,9158.5,40100050,172987.0,28176258825,0.0015803043736482949,-419.5248060508139
42,123,1764,0.423728813559322,441,3444.0,11047532,214799.0,46138610401,0.0014135190116694573,-777.3579994261598
42,49,1050,0.5581395348837209,420,8663.0,37580928,170375.5,27054363648,0.0016665929847481532,-342.1476841770389
42,50,1344,0.7209302325581395,441,8587.0,37194544,188759.0,34951878481,0.0011858819167789266,-271.145759502952
42,124,1386,0.36363636363636365,441,9591.0,42298880,191303.5,36044990592,0.0014585522056941756,-579.882037803903
42,51,1218,0.3148148148148148,441,2755.0,7544656,180927.5,31587481744,0.001778077837469407,-665.2552623043667
42,98,1260,0.3090909090909091,420,6128.5,24695530,183611.5,32740522776,0.0023980677758930788,-1011.2945875396912
42,52,2478,0.36486486486486486,441,2924.0,8403852,258837.5,65057461924,0.001316049373696248,-1540.8793856469367
42,72,1722,0.22058823529411764,441,7291.0,30605680,212299.5,45064830200,0.0017999188241358895,-1302.555742149471
42,101,1176,0.2962962962962963,420,10761.5,48249702,178261.0,30441958677,0.00180269275565709,-607.2563993130822
42,162,546,0.27906976744186046,273,11201.0,50484120,138965.5,13560690468,0.0037740560165809324,-672.2247900582347
43,61,1700,0.15841584158415842,357,2327.5,5355504,298819.0,43241780736,0.002471633976584474,-9908.014012514383
43,62,4300,0.20168067226890757,609,5302.5,17725554,366705.0,112949026344,0.002447392618521628,-14882.129902114191
43,85,4100,0.3177570093457944,441,4279.5,13471920,361607.0,107714257200,0.0019455957854171593,-9935.81675807057
43,86,3900,0.29906542056074764,441,4117.5,12798324,356400.0,102367563804,0.0020734811557239154,-10369.143554489716
43,63,3100,0.297029702970297,441,3004.5,8170470,335457.0,80862705000,0.0015129235580313028,-6436.559189656132
43,138,4500,0.19834710743801653,357,16373.5,63758772,372031.0,118417912272,0.011046091485720015,-74886.41873445857
43,139,4000,0.21739130434782608,357,16288.5,63405342,359023.5,105061447062,0.007440767445392033,-42071.55325716088
43,140,4600,0.226890756302521,357,16564.5,64552950,374607.0,121063021200,0.006437578050777944,-42996.51732758347
43,141,2900,0.1834862385321101,357,16817.5,65604924,330193.0,75457482408,0.006094989341794984,-28801.862399565267
43,142,2300,0.11818181818181818,357,13997.5,53879364,314512.0,59355792540,0.007522794916642191,-35894.63314090466
43,132,3900,0.21929824561403508,357,15498.5,60120522,356400.0,102367563804,0.0048797559330004524,-26424.588860370834
43,121,2400,0.13761467889908258,420,3282.0,9324315,317162.5,62077400154,0.0024836128071359423,-11823.045961364978
43,143,3100,0.2018348623853211,357,16159.5,62868960,335532.0,80939717100,0.005356696067730743,-25382.443639985097
43,133,1900,0.13333333333333333,315,11137.5,41987484,304110.0,48674727684,0.005381324635995537,-23108.46005889274
43,122,3700,0.19130434782608696,441,3019.5,8232840,351099.0,96924348576,0.0020911840080315284,-11636.4228280918
43,94,3100,0.2018348623853211,357,3919.5,11975040,335532.0,80939717100,0.002897952216250393,-14703.705633733132
43,134,1700,0.14705882352941177,315,11111.5,41879376,298795.0,43217136864,0.0048736319655349695,-19436.993776737494
43,135,1600,0.1262135922330097,315,9649.5,35800380,296232.0,40585376700,0.004643410672454772,-18758.551593781067
43,127,2000,0.18811881188118812,315,10881.5,40923036,306734.0,51369124356,0.0030530385456128037,-12310.368578913305
43,144,4000,0.21739130434782608,357,14085.0,54243189,359004.0,105041423916,0.004524737853487033,-25625.713593745466
43,145,3300,0.1981981981981982,357,13263.5,50827392,340755.0,86302839744,0.0057938249773280435,-30463.864112350177
43,130,5200,0.3333333333333333,357,21694.5,85883490,390174.0,137047652676,0.002551429522560825,-16578.111985707917
43,146,1800,0.14563106796116504,315,11426.5,43189146,301417.0,45909479880,0.005823711104050151,-23784.882540099
43,136,1700,0.13592233009708737,315,10159.5,37920960,298859.0,43282853856,0.004613454588815078,-18701.786417919593
43,147,4000,0.21739130434782608,357,14709.0,56837781,359004.0,105041423916,0.0047988456162155945,-26646.298684444148
43,95,4400,0.2413793103448276,441,8156.0,29590407,369216.5,115527904866,0.0022103272077603217,-12993.229816917252
43,53,5500,0.2601626016260163,609,4819.5,15717240,397944.0,145026106236,0.0025029167050268563,-17966.834969366602
43,54,3100,0.27184466019417475,441,5089.5,16839900,335457.0,80862705000,0.0017800770087087708,-7714.796146580583
43,55,2900,0.2169811320754717,441,7157.5,25438644,330179.0,75443106816,0.002710848489205085,-12305.269108155775
43,114,2300,0.11818181818181818,420,5890.5,20170458,314501.0,59344497432,0.0029501041810952523,-14146.970537870282
43,115,3500,0.23853211009174313,441,6530.5,22831578,345821.0,91504750392,0.0022308637859826917,-10897.157138101787
43,56,2300,0.16037735849056603,420,6341.5,22045716,314457.0,59299317000,0.0028822163429100237,-12824.016186987514
43,57,2700,0.23300970873786409,441,6460.5,22540518,324957.0,70081011000,0.0030382386064949623,-12780.541020842533
43,116,2300,0.16037735849056603,420,6550.5,22914738,314457.0,59299317000,0.0037272677674762733,-16449.020893654084
43,96,3100,0.1391304347826087,420,4189.5,13097700,335397.0,80801095320,0.002574314499357566,-13916.083622470693
43,128,2000,0.15384615384615385,399,6103.0,21054033,306648.5,51281330562,0.003793403048914455,-15974.0829617322
43,131,1500,0.11650485436893204,294,9250.5,34141338,293513.0,37793431368,0.008412384173556756,-35088.17909295467
43,58,2700,0.23300970873786409,441,6460.5,22540518,324957.0,70081011000,0.0030382386064949623,-12780.541020842535
43,59,5500,0.37168141592920356,441,4090.5,12686058,397809.0,144887484456,0.0015339437312949747,-9309.400641516486
43,60,2800,0.24271844660194175,441,6669.0,23407461,327568.5,72762572322,0.0029818621897614393,-12589.066105971508
43,110,1600,0.08411214953271028,273,2367.0,5519745,296232.0,40585376700,0.0035111463991437343,-15853.296003762856
43,148,1900,0.034782608695652174,315,3451.5,10029096,304065.0,48628520424,0.005203846997579552,-27495.405885877877
43,103,3700,0.24545454545454545,420,3289.5,9355500,351189.0,97016763096,0.0015318102114531224,-8366.082546777556
43,149,200,0.0,42,1673.0,2634093,259342.5,2706205194,0.009119167488175272,-34333.80721152465
43,87,3600,0.29523809523809524,357,3577.0,10550925,348582.0,94339822500,0.0013531735903791866,-6733.64046223383
43,150,2200,0.14018691588785046,357,12873.0,49203693,311895.0,56668583664,0.0057370961880807625,-25323.53834760153
43,111,1100,0.07766990291262135,231,2764.5,7172550,283037.0,27036381240,0.004283116892649394,-17439.347808862796
43,82,3300,0.11764705882352941,609,7055.5,25014528,340611.0,86154976512,0.003925204784228095,-22074.589552780642
43,83,3400,0.12605042016806722,609,7243.5,25796232,343216.5,88830376866,0.003909082812544238,-22084.665136333264
43,151,700,0.0594059405940594,147,4933.5,16191252,272505.0,16221828744,0.006673267326732674,-25196.44356691827
43,152,700,0.0594059405940594,147,4933.5,16191252,272505.0,16221828744,0.006673267326732674,-25196.44356691827
43,91,1200,0.10891089108910891,231,3872.0,11777535,285664.5,29734371810,0.003974461731887475,-15507.837761535226
43,92,800,0.06930693069306931,168,4627.0,14916825,275148.5,18936248562,0.005505893446487507,-20971.69717516897
43,93,1700,0.15841584158415842,315,4431.5,14103936,298819.0,43241780736,0.0023396589658965915,-9394.838440063508
43,125,1000,0.03773584905660377,210,2799.0,7316001,280408.5,24337363842,0.006042625443740586,-25775.93459014062
43,105,1400,0.08571428571428572,252,3477.0,10135125,290916.5,35127272466,0.0044939530392261,-19249.153438222347
43,129,1800,0.16831683168316833,357,8400.5,30607038,301408.5,45900751842,0.003768980469475519,-14913.207142621715
43,153,3100,0.1391304347826087,357,12769.5,48773340,335532.0,80939717100,0.005764841151280322,-30261.633485608614
43,137,1700,0.125,315,10223.5,38187072,298859.0,43282853856,0.004800813738633196,-19855.208120978084
43,126,5400,0.2833333333333333,357,16542.0,64459395,395355.0,142367648544,0.005527081181358378,-40878.53721829926
43,154,1200,0.07692307692307693,231,7447.0,26642385,285714.0,29785199796,0.008106887307091757,-33464.112019703534
43,155,2500,0.14678899082568808,357,11623.5,44008272,319839.0,64825705296,0.0056831950318978015,-26358.22521910599
43,44,5600,0.3684210526315789,441,2167.0,4688145,400394.5,147542348250,0.0010962123098081616,-6689.90951114507
43,45,4500,0.2288135593220339,441,2557.5,6311844,371899.0,118282370976,0.0017434554077471213,-10656.77369516863
43,46,3600,0.23636363636363636,441,3122.0,8659035,348494.5,94249975050,0.001831767920707539,-9339.995357527201
43,47,5700,0.3305084745762712,441,8431.5,30735936,402979.0,150196185216,0.0026108590292753817,-16969.658880436462
43,123,4200,0.26785714285714285,441,3212.5,9035334,364106.5,110280813786,0.001737929983910248,-9672.038674533835
43,51,2900,0.15178571428571427,441,2523.5,6170472,330235.0,75500609184,0.002574150546660168,-13344.487771680355
43,68,5300,0.3783783783783784,441,3691.5,11027016,392635.0,139574676384,0.0011593523608039974,-6630.70916484992
43,69,6200,0.44642857142857145,441,3601.5,10652796,416039.0,163606558896,0.0012425827801888008,-7722.034560942012
43,52,5900,0.3474576271186441,441,2692.5,6873174,408145.0,155500778664,0.002069014914453853,-14393.83617215491
43,70,2700,0.23300970873786409,441,6460.5,22540518,324957.0,70081011000,0.003027545891633201,-12753.873082589418
43,71,2600,0.22330097087378642,441,6252.0,21673575,322344.5,67398422850,0.003051893992080674,-12805.639139854642
44,85,2296,0.22784810126582278,441,4367.5,14612400,248587.5,60291275000,0.0014648800783636884,-1781.3596702468506
44,114,1288,0.38596491228070173,420,5978.5,21878010,201481.5,33217101500,0.0018044875395052309,-857.5443907987816
44,115,1960,0.28169014084507044,441,6618.5,24764410,232801.5,51218271500,0.0013435611383001604,-1088.3203722317114
44,96,1736,0.29850746268656714,420,4277.5,14206500,222377.5,45227077500,0.0016008516713787511,-1138.0228506037824
44,59,3080,0.4230769230769231,441,4178.5,13760010,284789.5,81098374500,0.000841986899636061,-1150.5653894275542
44,117,1176,0.2833333333333333,420,5677.5,20520500,196287.5,30231850000,0.001994244414608323,-1028.6473624826647
44,103,2072,0.2916666666666667,420,3377.5,10147500,238169.5,54303529500,0.0014650713078470325,-1517.393264182735
44,118,1120,0.26666666666666666,420,6960.5,26306830,193629.0,28703877125,0.002270614785274829,-1171.4227803210183
44,120,1400,0.24615384615384617,420,5447.5,19483200,206711.5,36223044000,0.0023000627440332173,-1456.4431508841283
44,112,2576,0.5692307692307692,441,3760.0,11872575,261475.0,67698365625,0.0009662353180056399,-823.1290513290062
44,121,1344,0.3559322033898305,420,3370.0,10113675,204143.0,34746798625,0.0018379788494014779,-960.7835133563043
44,122,2072,0.3880597014925373,441,3107.5,8929800,238079.5,54251802000,0.0010942451114978708,-838.1543590464503
44,140,2576,0.0967741935483871,357,16652.5,70017750,261587.5,67763025000,0.00526866421357222,-10022.591040044565
44,130,2912,0.17391304347826086,357,21782.5,93154050,277154.5,76710158250,0.002810650144442062,-5891.172661610137
44,126,3024,0.13402061855670103,357,16630.0,69916275,282335.5,79687938000,0.004664715939288088,-11486.0385853642
44,163,728,0.21052631578947367,273,8249.5,32120220,175223.5,18125316000,0.003825942923687284,-1632.7341426813837
44,105,784,0.16666666666666666,252,3565.0,10993125,177897.0,19661910125,0.0029643939656637075,-1475.795400793614
44,129,1008,0.13846153846153847,357,8488.5,33198110,188389.0,25692187125,0.0027013364325633614,-1567.700193440347
44,45,2520,0.463768115942029,441,2645.5,6846180,258879.5,66206602000,0.0008527997791101704,-766.7642116602759
44,46,2016,0.6140350877192983,441,3210.0,9392075,235475.0,52754865625,0.0010141483004827425,-564.5345797190877
44,47,3192,0.4125,441,8519.5,33337920,289959.5,84069832000,0.0007357256470882932,-1023.7906345149022
44,48,1456,0.41379310344827586,441,9015.0,35572625,209275.0,37696415625,0.0013154161226272244,-663.260537173352
44,123,2352,0.3424657534246575,441,3300.5,9800230,251087.0,61727862625,0.0010860218634802274,-1116.6165792584607
44,49,1400,0.42105263157894735,420,8519.5,33337920,206663.5,36195456000,0.0014799330561161607,-699.2145094645642
44,50,1792,0.4666666666666667,441,8443.5,32995160,225047.0,46761372625,0.0011114504610267321,-631.994728240481
44,124,1848,0.3283582089552239,441,9447.5,37523200,227591.5,48223824000,0.0014248868300049111,-1060.778966600977
44,51,1624,0.3709677419354839,441,2611.5,6692840,217215.5,42260218000,0.0013506895908555895,-847.7810347093322
44,68,2968,0.32926829268292684,441,3779.5,11960520,279615.5,78124618000,0.0007900210634580898,-1131.8354470915876
44,69,3472,0.40476190476190477,441,3689.5,11554620,303019.5,91576067000,0.0007092427290178542,-1223.6399745900032
44,52,3304,0.5540540540540541,441,2780.5,7455030,295125.5,87038990500,0.0008434906071394522,-1152.2210979759163
44,100,1344,0.2698412698412698,399,12029.5,49168020,204097.0,34720360125,0.0020970062322101034,-1220.2398277446484
44,72,2296,0.24358974358974358,441,7147.5,27150200,248587.5,60291275000,0.0013190962314066146,-1538.1514156472438
45,61,765,0.14814814814814814,357,2806.0,7820736,157304.0,19403862016,0.002793142930046404,-915.6292132880816
45,86,1755,0.16666666666666666,441,4596.0,18689616,214885.0,45935344224,0.0019325215481738852,-1560.9924442030633
45,63,1395,0.20634920634920634,441,3483.0,11931480,193942.0,36285480000,0.0016578254737353588,-895.5947040192056
45,95,1980,0.4126984126984127,441,8634.5,43211388,227701.5,51840777296,0.0010137092223554487,-633.6826841617582
45,114,1035,0.3877551020408163,420,6369.0,29455272,172986.0,26629625792,0.001991292117113788,-559.012279237445
45,96,1395,0.3333333333333333,420,4668.0,19126800,193882.0,36257833920,0.001483999903824333,-623.5076870566165
45,117,945,0.40425531914893614,420,6068.0,27627600,167792.0,24236396800,0.0019457995327968659,-491.38266978796725
45,103,1665,0.36666666666666664,420,3768.0,13662000,209674.0,43534282176,0.0020769744638826633,-1269.8009432167153
45,118,900,0.32653061224489793,420,7351.0,35417976,165133.5,23011445072,0.002485279663077252,-680.6092588715038
45,87,1620,0.17391304347826086,357,4055.5,15407700,207067.0,42333060000,0.0025476633709497743,-2049.82138761295
45,119,270,0.10869565217391304,126,3373.0,11263560,128349.5,6062554960,0.005201288244766505,-1022.2696564455032
45,112,2070,0.4,441,4150.5,15984540,232979.5,54272710800,0.001206057163784552,-875.0039442628866
45,121,1080,0.35294117647058826,420,3760.5,13616460,175647.5,27855959824,0.0017869074402056806,-562.5840526883911
45,122,1665,0.64,441,3498.0,12022560,209584.0,43492813056,0.0009295380307436865,-329.73263720220524
45,140,2070,0.08333333333333333,357,17043.0,94267800,233092.0,54324547200,0.007203210624674827,-9651.520159730537
45,46,1620,0.44642857142857145,441,3600.5,12644940,206979.5,42292742800,0.0013025739827334968,-577.8182426261933
45,47,2565,0.43661971830985913,441,8910.0,44884224,261464.0,67397456896,0.0009047229410447723,-855.7219385440567
45,97,1215,0.2631578947368421,420,10657.0,55492008,183442.0,31447416000,0.0016908510867309834,-659.3259405316916
45,157,1035,0.21428571428571427,336,6424.0,29789232,173030.0,26649899584,0.0035903751477574125,-1493.5484252349524
45,48,1170,0.39215686274509803,441,9405.5,47892900,180779.5,30220621200,0.0015397975976452212,-482.10796414124786
45,123,1890,0.45,441,3691.0,13194456,222591.5,49486252816,0.001149832143888376,-677.1416155285078
45,49,1125,0.5217391304347826,420,8910.0,44884224,178168.0,29017325568,0.0016910321215521556,-415.42061931690665
45,50,1440,0.6739130434782609,441,8834.0,44422752,196551.5,37487854096,0.0012028671811280508,-327.6879458362969
45,124,1485,0.3448275862068966,441,9838.0,50519040,199096.0,38660278272,0.0013332507179552484,-613.2555847969955
45,51,1305,0.2982456140350877,441,3002.0,9010848,188720.0,33879349504,0.0017020745081455207,-738.3495290647908
45,98,1350,0.3157894736842105,420,6375.5,29494740,191404.0,35116050816,0.0020898914334506907,-983.4625514780935
45,52,2655,0.40540540540540543,441,3171.0,10037016,266630.0,69777784384,0.0012002600969480673,-1440.8897214210508
45,72,1845,0.22857142857142856,441,7538.0,36553440,220092.0,48334563200,0.0015117248505783114,-1200.2095625247948
45,101,1260,0.2807017543859649,420,11008.5,57626316,186053.5,32650711632,0.0016469091959845814,-646.429992546354
45,162,585,0.2608695652173913,273,11448.0,60294960,146758.0,14544602688,0.0034382297788094875,-739.0595746588876
46,114,828,0.43902439024390244,420,6933.5,40408830,149581.5,21219067100,0.0025004664154592423,-418.1305655337849
46,117,756,0.3902439024390244,420,6632.5,37901500,144387.5,19312090000,0.002596186244410778,-422.04112192910554
46,103,1332,0.30357142857142855,420,4332.5,18742500,186269.5,34689066300,0.0025000093790923713,-1193.1359123947664
46,118,720,0.36585365853658536,420,7915.5,48588890,141729.0,18336021725,0.0026510620412087105,-432.02823245272714
46,112,1656,0.3442622950819672,441,4715.0,21928725,209575.0,43245680625,0.001807234667067134,-1033.109619428336
46,121,864,0.3953488372093023,420,4325.0,18680025,152243.0,22196236825,0.0027299670523239015,-520.8819344553422
46,122,1332,0.35185185185185186,441,4062.5,16493400,186179.5,34656022800,0.0016761657714177342,-602.707269777749
46,140,1656,0.09333333333333334,357,17607.5,129323250,209687.5,43286985000,0.007855373545069858,-7621.057308456572
46,47,2052,0.273972602739726,441,9474.5,61575360,238059.5,53703764800,0.0013253756660619954,-1196.6147276331742
46,48,936,0.34782608695652173,441,9970.0,65702875,157375.0,24080450625,0.0017864981261072955,-389.19947524903375
46,49,900,0.525,420,9474.5,61575360,154763.5,23121638400,0.0017619675074672123,-278.993554323473
46,50,1152,0.5111111111111111,441,9398.5,60942280,173147.0,29871140425,0.001385892202756498,-312.1420115686159
46,124,1188,0.2777777777777778,441,10402.5,69305600,175691.5,30805353600,0.0020543687045963973,-710.8243243412307
46,52,2124,0.4393939393939394,441,3735.5,13769490,243225.5,55600461700,0.0016328037740311132,-1431.8746429989822
47,53,3135,0.19148936170212766,609,11172.0,111767040,287509.0,82636073856,0.001636557178398519,-3212.0483158178176
47,95,2508,0.5538461538461539,441,14508.5,210420672,258781.5,65827958336,0.0006728028008850793,-530.6259897652416
47,54,1767,0.3333333333333333,441,11442.0,119750400,225022.0,46075680000,0.0015354526626617786,-1046.2019494250258
47,55,1653,0.4098360655737705,441,13510.0,180897024,219744.0,42987585536,0.001150974213293403,-657.1370616954129
47,114,1311,0.21212121212121213,420,12243.0,143434368,204066.0,33814575872,0.0022405455022436135,-1410.7726005242466
47,115,1995,0.5081967213114754,441,12883.0,162357888,235386.0,52139532032,0.0009438036565567906,-563.8052467847141
47,56,1311,0.3114754098360656,420,12694.0,156769536,204022.0,33788832000,0.0015450370061025798,-833.8061951439026
47,57,1539,0.3333333333333333,441,12813.0,160288128,214522.0,39932256000,0.0018019163535863696,-1039.1038074082796
47,116,1311,0.3793103448275862,420,12903.0,162949248,204022.0,33788832000,0.0016021456697500253,-767.1869064019749
47,96,1767,0.41935483870967744,420,10542.0,93139200,224962.0,46040574720,0.001054462503431303,-641.3654434662899
47,58,1539,0.3333333333333333,441,12813.0,160288128,214522.0,39932256000,0.0018019163535863696,-1039.1038074082796
47,59,3135,0.6231884057971014,441,10443.0,90211968,287374.0,82557086976,0.0010675020322431117,-1134.2527431171661
47,60,1596,0.328125,441,13021.5,166453056,217133.5,41460213312,0.0017315298991666347,-1040.7552052654185
47,120,1425,0.3225806451612903,420,11712.0,127733760,209296.0,36874586112,0.0015952506694596382,-917.3798430816422
47,121,1368,0.265625,420,9634.5,66306240,206727.5,35371787584,0.0020454362863013193,-1246.4182357910124
47,122,2109,0.42424242424242425,441,9372.0,58544640,240664.0,55227626496,0.0009545014390494943,-706.2190894884031
47,128,1140,0.203125,399,12455.5,149717568,196213.5,29220172352,0.0030004857206342504,-1690.704851732317
47,131,855,0.2,294,15603.0,242782848,183078.0,21534748928,0.005024953075800532,-2569.2554525266423
47,97,1539,0.4482758620689655,420,16531.0,270221952,214522.0,39932256000,0.0012923033427196977,-647.1838501113529
47,157,1311,0.17647058823529413,336,12298.0,145060608,204110.0,33840319744,0.0038550943518341724,-2862.704989836393
47,48,1482,0.38333333333333336,441,15279.5,233217600,211859.5,38374459200,0.0014920651188492394,-797.8012572605147
47,123,2394,0.4142857142857143,441,9565.0,64251264,253671.5,62838158656,0.0010889940437507238,-1024.080986385363
47,49,1425,0.3225806451612903,420,14784.0,218566656,209248.0,36846501888,0.0020948857059099597,-1155.9179849687725
47,50,1824,0.3484848484848485,441,14708.0,216319488,227631.5,47602467136,0.0013262135028921276,-903.5187223604443
47,124,1881,0.38461538461538464,441,15712.0,246005760,230176.0,49091223552,0.0012094399428611367,-843.8488209032101
47,51,1653,0.3230769230769231,441,8876.0,43878912,219800.0,43020350464,0.0016283409904366136,-1113.0375619453243
47,68,3021,0.4666666666666667,441,10044.0,78414336,282200.0,79529841664,0.0009139984916191738,-1089.0125724373609
47,69,3534,0.5657894736842105,441,9954.0,75753216,305604.0,93223241216,0.0009126369036566305,-1281.11662822157
47,98,1710,0.3181818181818182,420,12249.5,143626560,222484.0,44590726656,0.0016356400281984983,-1236.2186303149283
47,99,513,0.13793103448275862,189,11876.0,132582912,167240.0,12268125184,0.004537565177311093,-1890.0981445576767
47,52,3363,0.38095238095238093,441,9045.0,48875904,297710.0,88604556544,0.0009366969206581977,-1639.6384803575706
47,100,1368,0.3064516129032258,399,18294.0,322350336,206681.5,35344873536,0.001494281597749548,-839.9810633023144
47,70,1539,0.3333333333333333,441,12813.0,160288128,214522.0,39932256000,0.0017807756066391708,-1031.0322192390556
47,71,1482,0.31746031746031744,441,12604.5,154123200,211909.5,38403713600,0.0018559994241824967,-1062.6148683882486
47,72,2337,0.3611111111111111,441,13412.0,177999360,251172.0,61375731200,0.001353850828156249,-1338.0574930088994
47,101,1596,0.46551724137931033,420,16882.5,280615104,217133.5,41460213312,0.0012441653989107818,-626.4885569749804
47,162,741,0.20689655172413793,273,17322.0,293610240,177838.0,18468887808,0.0037217303097520867,-1619.2234503218626
48,114,598,0.2894736842105263,420,12738.5,153049050,123381.5,15162255900,0.002560477078699498,-291.38649633485335
48,96,806,0.32558139534883723,420,11037.5,99382500,144277.5,20644321500,0.001901301472904899,-320.4614961971365
48,59,1430,0.265625,441,10938.5,96259050,206689.5,37018109700,0.0021111403351484126,-1341.4923798198545
48,112,1196,0.44,441,10520.0,83055375,183375.0,30901550625,0.0018851636114019326,-626.3949692428181
48,123,1092,0.3333333333333333,441,10060.5,68558150,172987.0,28176258825,0.0024197044052311277,-781.040569908156
48,49,650,0.5454545454545454,420,15279.5,233217600,128563.5,16521753600,0.0020030491579622594,-170.7844008279044
48,50,832,0.45,441,15203.5,230819800,146947.0,21344664825,0.0017601638034330336,-253.89776214610865
48,51,754,0.5714285714285714,441,9371.5,46820200,139115.5,19290070800,0.002514485204858939,-293.68737787099144
48,69,1612,0.23943661971830985,441,10449.5,80831100,224919.5,41800750200,0.0020336577702137586,-1790.4737485586145
48,99,234,0.16666666666666666,189,12371.5,141470200,86555.5,5500954800,0.006045015010532251,-317.10547266678736
48,52,1534,0.3492063492063492,441,9540.5,52152150,217025.5,39729759300,0.0018407224496443046,-1316.3110798388127
48,100,624,0.3157894736842105,399,18789.5,343958100,125997.0,15848432325,0.002498154437212609,-287.2699129019666
49,114,575,0.5483870967741935,400,12243.0,143434368,120770.0,14558539776,0.0025279706589004503,-182.099218843197
49,117,525,0.5333333333333333,400,11942.0,134534400,115576.0,13250150400,0.002729772762734223,-177.33316353809323
49,103,925,0.3191489361702128,400,9642.0,66528000,157458.0,23800393728,0.006346010643315245,-1758.5818179488735
49,118,500,0.5,400,13225.0,172470144,112917.5,12580463616,0.0031745872263113646,-206.18856943947108
49,112,1150,0.4489795918367347,420,10024.5,77837760,180763.5,29671142400,0.002343936715185214,-721.8223422508985
49,121,600,0.4411764705882353,400,9634.5,66306240,123431.5,15228982272,0.00236331909617534,-215.49406914907178
49,122,925,0.4090909090909091,420,9372.0,58544640,157368.0,23777722368,0.0018330874990453527,-349.1278926652231
49,50,800,0.7272727272727273,420,14708.0,216319488,144335.5,20494783488,0.001620948495948496,-152.47066925455567
49,124,825,0.38095238095238093,420,15712.0,246005760,146880.0,21135753216,0.002285954166799572,-378.20285712122774
49,51,725,0.38461538461538464,420,8876.0,43878912,136504.0,18521997312,0.0024443903446266153,-338.4614484220523
49,52,1475,0.2923076923076923,420,9045.0,48875904,214414.0,38147837952,0.0020709920285058793,-1536.8061884046663
50,95,1408,0.288135593220339,441,14432.5,208257256,193869.0,36614866661,0.0014126729936575128,-621.7070064148279
50,114,736,0.4864864864864865,420,12167.0,141959664,139153.5,18808363772,0.002037963067374832,-242.72306568975867
50,117,672,0.4722222222222222,420,11866.0,133151200,133959.5,17118038800,0.0022293142198604385,-243.2002485880386
50,103,1184,0.4375,420,9566.0,65844000,175841.5,30748033116,0.003467529173726546,-1107.2816259525996
50,118,640,0.4444444444444444,420,13149.0,170696912,131301.0,16252861877,0.002341965794346747,-256.0459153679104
50,87,1152,0.1724137931034483,357,9853.5,74257400,173234.5,29899616250,0.00442679576238178,-2049.528938128864
50,112,1472,0.41818181818181815,441,9948.5,77037480,199147.0,38332528425,0.0015505139196848392,-661.0020103594999
50,121,768,0.36585365853658536,420,9558.5,65624520,141815.0,19674517009,0.0020811247764432384,-317.44795942997956
50,122,1184,0.40816326530612246,441,9296.0,57942720,175751.5,30718743696,0.0014839524947371971,-394.04878273127275
50,124,1056,0.3829787234042553,441,15636.0,243476480,165263.5,27305549952,0.0016146791534468634,-378.9941675174092
50,51,928,0.32608695652173914,441,8800.0,43427776,154887.5,23928805264,0.002007722019831635,-438.0536942975123
50,52,1888,0.3382352941176471,441,8969.0,48373392,232797.5,49283679844,0.0016025478393582896,-1394.2272924244849
50,72,1312,0.23728813559322035,441,13336.0,176169280,186259.5,34138446200,0.002724923639694053,-1238.8154837194943
51,65,1479,0.06666666666666667,609,11084.0,56985600,204278.0,38455144000,0.005181663780607322,-4817.4573532235745
51,55,841,0.2608695652173913,441,7602.0,36316448,147000.0,21608996864,0.002228681943647473,-469.5576416952759
51,59,1595,0.2537313432835821,441,4535.0,18110736,214630.0,41499791424,0.0018923489719010456,-1434.2555648327887
51,112,1334,0.3392857142857143,441,4116.5,15626520,191315.5,34642717200,0.0021817925173034185,-998.8436349284427
51,123,1218,0.33962264150943394,441,3657.0,12898928,180927.5,31587481744,0.0021488834636775055,-831.671678155463
51,69,1798,0.22972972972972974,441,4046.0,15208032,232860.0,46861453184,0.0017579485081590527,-1814.1790286278072
51,52,1711,0.4666666666666667,441,3137.0,9812208,224966.0,44539733056,0.0013970579012951895,-977.2146248843972
51,100,696,0.2926829268292683,399,12386.0,64714272,133937.5,17767158864,0.002867092066278719,-446.5521656557533
51,126,1566,0.136986301369863,357,16986.5,92022840,212176.0,40778040576,0.008586838176976959,-9443.203837259824
51,104,377,0.13513513513513514,231,9296.0,46372032,105094.0,9283939392,0.010306610783759622,-1138.251369595056
51,105,406,0.2647058823529412,252,3921.5,14469000,107737.5,10061424464,0.004023919798137771,-393.7156660721315
52,61,1003,0.20634920634920634,357,2941.0,8516256,193550.0,25509428224,0.002986485324426952,-2044.7839769660645
52,85,2419,0.2345679012345679,441,4893.0,21422880,256338.0,63543384800,0.0016450230344453689,-2436.611350883496
52,86,2301,0.24050632911392406,441,4731.0,20351736,251131.0,60389234136,0.0017934966735032305,-2423.5010083063244
52,63,1829,0.2857142857142857,441,3618.0,12992580,230188.0,47702970000,0.0018473228314550341,-1777.1053455089746
52,65,3009,0.1702127659574468,609,11253.0,63475200,282188.0,79202074000,0.002671754924824815,-5946.8911779661385
52,84,1947,0.15,609,15013.0,88336320,235294.0,50795939712,0.0026190443646221663,-3120.4660687795786
52,95,2596,0.2716049382716049,441,8769.5,47054298,263947.5,68152854644,0.0012470060285486996,-1778.68091665824
52,55,1711,0.2571428571428571,441,7771.0,40452216,224910.0,44505810944,0.001530484254476526,-1386.2018983025612
52,56,1357,0.18840579710144928,420,6955.0,35056824,209188.0,34982178000,0.0019413575966014212,-1631.8333695540964
52,59,3245,0.3411764705882353,441,4704.0,20173212,292540.0,85472818704,0.0010649321704547358,-1963.8026625554326
52,117,1239,0.21212121212121213,420,6203.0,30084600,204038.0,31862555200,0.002515072248769379,-1903.5924052735313
52,119,354,0.06557377049180328,126,3508.0,12265260,164595.5,7970181940,0.006658142350927382,-3772.751935834218
52,112,2714,0.3125,441,4285.5,17406090,269225.5,71350013700,0.001457433007269259,-2161.732102876932
52,122,2183,0.3333333333333333,441,3633.0,13091760,245830.0,57178142784,0.001491738002716973,-1554.7002800141124
52,123,2478,0.4027777777777778,441,3826.0,14367876,258837.5,65057461924,0.001308913600299485,-1518.0126941243668
52,69,3658,0.34444444444444444,441,4215.0,16939944,310770.0,96515677664,0.0009172101916003188,-2044.14042513658
52,145,1947,0.033707865168539325,357,13877.0,80825088,235486.0,50912244096,0.00876678678411409,-14251.160050507033
52,126,3186,0.13,357,17155.5,102502530,290086.0,83986303296,0.007156025038723909,-20900.148801640345
52,98,1770,0.2361111111111111,420,6510.5,32117790,227650.0,46165571424,0.002306672827905181,-2450.208516701135
52,131,885,0.13846153846153847,294,9864.0,54291132,188244.0,22295308112,0.007966089497480898,-5827.215969016419
52,110,944,0.10294117647058823,273,2980.5,8777430,190963.0,23942347800,0.004261620006763743,-3424.8541216394447
52,165,236,0.03278688524590164,63,4534.5,19052478,159335.5,4783926420,0.020765027322404365,-11302.68697024335
52,104,767,0.07462686567164178,231,9465.0,51652944,183004.0,19121167632,0.006842157119504904,-5083.4344166688015
52,105,826,0.15873015873015872,252,4090.5,16116750,185647.5,20722473044,0.0031534245421241834,-2117.0918828527406
52,100,1416,0.18571428571428572,399,12555.0,72084024,211847.5,36593175444,0.0024310433256247337,-2111.4593424388827
52,72,2419,0.2345679012345679,441,7673.0,39804240,256338.0,63543384800,0.0014666919938666643,-2141.79445589867
53,62,2365,0.53125,841,8043.0,64456560,251235.0,62143150104,0.0013435629172357086,-1021.7979788556734
53,85,2255,0.37142857142857144,609,7020.0,48988800,246137.0,59263045200,0.0013758183510473995,-1359.1983189813432
53,86,2145,0.38235294117647056,609,6858.0,46539360,240930.0,56321360964,0.0012749637552322151,-1136.1307229955771
53,74,2090,0.4307692307692308,841,23649.0,300419280,238010.5,54671995278,0.0027444600243628947,-2062.655023018267
53,113,2255,0.10344827586206896,493,9220.0,82252800,246157.0,59274344160,0.018661035650299584,-34396.10700879046
53,68,2915,0.27058823529411763,609,6432.0,40098240,277165.0,76792251744,0.0013927914532101881,-2197.7328431365345
53,69,3410,0.23157894736842105,609,6342.0,38737440,300569.0,90014294736,0.0015136149842396647,-3406.5399063805894
53,98,1650,0.13333333333333333,580,8637.5,73445400,217449.0,43055816976,0.0029108821722510763,-2943.086678427837
53,70,1485,0.30158730158730157,609,9201.0,81965520,209487.0,38557701000,0.0019216719281750139,-1168.9918325802366
53,71,1430,0.3064516129032258,609,8992.5,78813000,206874.5,37081774350,0.0019436189185466541,-1133.5860023891973
53,72,2255,0.391304347826087,609,9800.0,91022400,246137.0,59263045200,0.0012289119028435892,-1161.0834615062681
53,54,1705,0.2835820895522388,609,7830.0,61236000,219987.0,44489655000,0.0018879256713560048,-1385.9708381251041
53,57,1485,0.30158730158730157,609,9201.0,81965520,209487.0,38557701000,0.0019206079286974698,-1164.086918486796
53,58,1485,0.30158730158730157,609,9201.0,81965520,209487.0,38557701000,0.0019206079286974698,-1164.086918486796
53,59,3025,0.2087912087912088,609,6831.0,46131120,282339.0,79715292696,0.0020001738143480443,-3796.3905931730715
53,60,1540,0.296875,609,9409.5,85118040,212098.5,40033062702,0.0018737619351701072,-1182.9544101134777
53,106,1100,0.19047619047619047,435,10002.5,94084200,191264.0,28262653596,0.002688581864531862,-1666.0767469500001
53,73,2255,0.45454545454545453,841,13240.0,143035200,246037.0,59206550400,0.0016850175446690317,-1363.3097581674194
53,108,1100,0.20967741935483872,406,11674.5,119364840,191264.0,28262653596,0.004039995051954873,-2529.8017774974605
53,109,715,0.1724137931034483,348,8238.0,67404960,172875.0,17873824824,0.005388470785611131,-2609.2550141748184
53,65,2805,0.43243243243243246,841,13380.0,145152000,271987.0,73866951000,0.001799510723452214,-2249.2342576371448
53,110,880,0.16393442622950818,377,5107.5,20071800,180762.0,22329569700,0.0033836295004327794,-1886.168643448676
53,66,2530,0.463768115942029,841,13927.5,153430200,259024.5,66543812550,0.0016052916628491328,-1548.189984604676
53,75,1650,0.49122807017543857,841,19353.0,235463760,217202.5,42916557294,0.002505065486888651,-1296.8731296706453
53,76,1870,0.48333333333333334,841,21336.0,265446720,227614.5,48798795870,0.002181508499511316,-1275.4885644712444
53,77,1870,0.48333333333333334,841,21336.0,265446720,227614.5,48798795870,0.002181508499511316,-1275.4885644712444
53,78,2035,0.4603174603174603,841,23112.0,292299840,235413.0,53204542848,0.0019344367127387535,-1241.3439143139797
53,79,1760,0.4745762711864407,841,20427.0,251702640,222410.5,45858806478,0.0020765494976482703,-1113.5627755842233
53,80,1705,0.4827586206896552,841,19890.0,243583200,219807.0,44387964360,0.0022391331983491044,-1133.9124407579352
53,81,1760,0.4745762711864407,841,20163.5,247718520,222410.5,45858806478,0.0021131051236787813,-1116.4097415555732
53,82,1815,0.4915254237288136,841,9796.0,90961920,225141.0,47401396992,0.0018452411284623604,-989.5460771581203
53,83,1870,0.48333333333333334,841,9984.0,93804480,227746.5,48873369006,0.0018140730623014435,-1017.8940381620779
53,84,1815,0.4915254237288136,841,17140.0,202003200,225093.0,47374279488,0.001718036351990561,-973.6042397373772
53,91,660,0.13559322033898305,319,6612.5,42827400,170194.5,16359481710,0.003657299175271121,-1758.832910424275
53,92,440,0.125,232,7367.5,54243000,159678.5,10418488542,0.005660173160173161,-2289.4181769552365
53,93,935,0.16129032258064516,435,7172.0,51287040,183349.0,23791090176,0.0033663469902226926,-1918.4953776350628
54,85,1271,0.38461538461538464,441,7290.0,52488000,183650.0,33043500000,0.0018194710177374938,-665.5976012431565
54,86,1209,0.4,441,7128.0,49863600,178443.0,31403295000,0.0017585960444155562,-555.5893837099075
54,63,961,0.2916666666666667,441,6015.0,31833000,157500.0,24806250000,0.001740177068187821,-426.29444662890904
54,95,1364,0.29310344827586204,441,11166.5,115287300,191259.5,35440492500,0.0016122663219053817,-686.1225906711577
54,112,1426,0.24193548387096775,441,6682.5,42646500,196537.5,37103062500,0.001894730889731443,-1024.4913572717103
54,145,1023,0.06666666666666667,357,16274.0,198028800,162798.0,26475120000,0.007433147544809413,-3085.2450482171316
54,130,1612,0.10666666666666667,357,24705.0,334611000,212217.0,42042105000,0.003781208335912194,-3985.854904674177
54,123,1302,0.21666666666666667,441,6223.0,35202600,186149.5,33830842500,0.0019301824157771396,-919.7105960886854
54,68,1643,0.5555555555555556,441,6702.0,42962400,214678.0,42817320000,0.00115994530631289,-517.7369064909052
54,69,1922,0.453125,441,6612.0,41504400,238082.0,50189580000,0.0012932555366593124,-973.4997944600082
54,70,837,0.7575757575757576,441,9471.0,87820200,147000.0,21498750000,0.0016736735486735485,-161.5312715838723
54,71,806,0.78125,441,9262.5,84442500,144387.5,20675812500,0.00172718746307456,-154.01233221058482
54,72,1271,0.3584905660377358,441,10070.0,97524000,183650.0,33043500000,0.0019263315717006255,-712.9578193956439
54,115,1085,0.3469387755102041,441,9541.0,88954200,167864.0,28070910000,0.0015468555171278358,-376.7005351240503
54,57,837,0.8125,441,9471.0,87820200,147000.0,21498750000,0.0016496440387569421,-148.88427586266653
54,116,713,0.2857142857142857,420,9561.0,89278200,136500.0,18191250000,0.002149502026863112,-318.27196473795624
54,128,620,0.5,399,9113.5,82028700,128691.5,15731572500,0.002329281719937504,-217.5506644155924
54,58,837,0.8125,441,9471.0,87820200,147000.0,21498750000,0.0016496440387569421,-148.88427586266653
54,59,1705,0.4827586206896552,441,7101.0,49426200,219852.0,44447130000,0.0013742574751056372,-759.081436359647
54,60,868,0.84375,441,9679.5,91197900,149611.5,22321372500,0.0015476375103391233,-142.05485883943356
54,129,558,0.3611111111111111,357,11411.0,119248200,123451.5,14080972500,0.0026864507781874727,-275.0177880877529
55,61,493,0.24324324324324326,357,7406.0,31519936,115584.0,12376211456,0.0031174815488540977,-338.0303392116413
55,63,899,0.36363636363636365,441,8083.0,48087480,152222.0,23143680000,0.001742301692998155,-346.82004050428344
55,95,1276,0.37735849056603776,441,13234.5,174154988,185981.5,33065191936,0.0014752620223673482,-510.42587642770235
55,120,725,0.4594594594594595,420,10438.0,105719040,136496.0,18521997312,0.0024400433276186456,-292.4877805564198
55,97,783,0.4,420,15257.0,223649608,141722.0,20057856000,0.0019929185738009263,-276.132437052003
55,123,1218,0.39215686274509803,441,8291.0,53177656,180871.5,31563424256,0.0017804634995327996,-597.9115014854694
55,124,957,0.2916666666666667,441,14438.0,203607040,157376.0,24658378752,0.0024523834240059326,-576.6705405875236
55,68,1537,0.3898305084745763,441,8770.0,64899744,209400.0,39947608064,0.001449592126268992,-751.1546701351658
55,69,1798,0.421875,441,8680.0,62697264,232804.0,46825762816,0.0013647164584883419,-1006.1996429645263
55,70,783,0.21739130434782608,441,11539.0,132662712,141722.0,20057856000,0.0020875355817811057,-371.1096937809686
55,101,812,0.425,420,15608.5,232251516,144333.5,20825344512,0.0019377449368965204,-270.93562750150187
55,115,1015,0.45454545454545453,441,11609.0,134375752,162586.0,26189535232,0.0014794443196538703,-280.85965988742834
55,56,667,0.6774193548387096,420,11420.0,129750544,131222.0,16972032000,0.0017577658303464755,-141.6211290635273
55,116,667,0.4857142857142857,420,11629.0,134865192,131222.0,16972032000,0.002119527298098727,-209.41488114998228
55,131,435,0.3333333333333333,294,14329.0,200939592,110278.0,10816841728,0.005837344473708109,-513.2056571187217
55,59,1595,0.4482758620689655,441,9169.0,74664072,214574.0,41468184576,0.001561499389112285,-841.9541023923143
56,61,391,0.3333333333333333,340,6590.0,27315904,99862.0,9727872000,0.0037820991269267136,-243.20930860518845
56,63,713,0.3170731707317073,420,7267.0,41673720,136500.0,18191250000,0.0021562204709335633,-343.4172591008647
56,95,1012,0.3673469387755102,420,12418.5,150926732,170259.5,25989694500,0.0018186102210336896,-502.5213604322638
56,115,805,0.3488372093023256,420,10793.0,116453128,146864.0,20585334000,0.0018089373314602935,-300.801492577476
56,120,575,0.4117647058823529,400,9622.0,91618560,120774.0,14558544000,0.0034582058893034835,-316.93723372260865
56,97,621,0.3888888888888889,400,14441.0,193819912,126000.0,15765750000,0.002563308928855147,-260.922472734679
56,124,759,0.3333333333333333,420,13622.0,176450560,141654.0,19381824000,0.002787753979758381,-463.5383456803518
56,68,1219,0.35714285714285715,420,7954.0,56243616,193678.0,31399368000,0.0016891713685544857,-745.9362044719303
56,69,1426,0.328125,420,7864.0,54334896,217082.0,36805692000,0.0015854650062239347,-1116.1834555841615
56,101,644,0.3783783783783784,400,14792.5,201274524,128611.5,16369006500,0.0024647756878149033,-267.5961035649669
56,116,529,0.4838709677419355,400,10813.0,116877288,115500.0,13340250000,0.0025103391232423494,-175.6250087070108
56,59,1265,0.3448275862068966,420,8353.0,64705608,198852.0,32594562000,0.0018280837768133594,-935.7099100583737
57,85,1107,0.36,441,8661.0,70256160,173150.0,28637700000,0.0021184895698015947,-657.8051096060391
57,86,1053,0.375,441,8499.0,66743352,167943.0,27216189000,0.0019497463198447304,-518.3831529455086
57,95,1188,0.26785714285714285,441,12537.5,154314186,180759.5,30715093500,0.0019395264050299573,-701.5510148337246
57,115,945,0.3191489361702128,441,10912.0,119066844,157364.0,24328122000,0.001799481671400374,-359.28000974626235
57,112,1242,0.21666666666666667,441,8053.5,57083130,186037.5,32155987500,0.002316421498370604,-1079.4723857662816
57,68,1431,0.48148148148148145,441,8073.0,57505968,204178.0,37108344000,0.0015782362873557841,-651.7111915139649
57,69,1674,0.4126984126984127,441,7983.0,55554408,227582.0,43497636000,0.0016393648594109419,-1122.033988838886
57,70,729,0.8620689655172413,441,10842.0,117548964,136500.0,18632250000,0.0014221205723668779,-93.75337399462684
57,71,702,0.8928571428571429,441,10633.5,113027850,133887.5,17919037500,0.0014245014245014244,-85.894971291951
57,72,1107,0.3877551020408163,441,11441.0,130537680,173150.0,28637700000,0.0020533960699727115,-596.0903960064804
57,116,621,0.3157894736842105,420,10932.0,119500524,126000.0,15765750000,0.002315261196840144,-244.7471446037951
57,128,540,0.5666666666666667,399,10484.5,109796934,118191.5,13634029500,0.00217747870197961,-137.966741662468
57,58,729,0.9285714285714286,441,10842.0,117548964,136500.0,18632250000,0.0013227513227513227,-80.90762464078574
57,59,1485,0.4642857142857143,441,8472.0,66157884,209352.0,38520846000,0.0019210754072767052,-920.0285296657975
57,60,756,0.896551724137931,441,11050.5,122070078,139111.5,19345189500,0.001326259946949602,-88.50150396832333
57,129,486,0.40625,357,12782.0,159615924,112951.5,12203509500,0.002646082636001991,-185.57796366498295
58,85,1107,0.36,441,8661.0,70256160,173150.0,28637700000,0.0021184895698015947,-657.8051096060391
58,86,1053,0.375,441,8499.0,66743352,167943.0,27216189000,0.0019497463198447304,-518.3831529455086
58,95,1188,0.26785714285714285,441,12537.5,154314186,180759.5,30715093500,0.0019395264050299573,-701.5510148337246
58,115,945,0.3191489361702128,441,10912.0,119066844,157364.0,24328122000,0.001799481671400374,-359.28000974626235
58,116,621,0.3157894736842105,420,10932.0,119500524,126000.0,15765750000,0.002315261196840144,-244.7471446037951
58,112,1242,0.21666666666666667,441,8053.5,57083130,186037.5,32155987500,0.002316421498370604,-1079.4723857662816
58,68,1431,0.48148148148148145,441,8073.0,57505968,204178.0,37108344000,0.0015782362873557841,-651.7111915139649
58,69,1674,0.4126984126984127,441,7983.0,55554408,227582.0,43497636000,0.0016393648594109419,-1122.033988838886
58,70,729,0.8620689655172413,441,10842.0,117548964,136500.0,18632250000,0.0014221205723668779,-93.75337399462684
58,71,702,0.8928571428571429,441,10633.5,113027850,133887.5,17919037500,0.0014245014245014244,-85.894971291951
58,72,1107,0.3877551020408163,441,11441.0,130537680,173150.0,28637700000,0.0020533960699727115,-596.0903960064804
58,128,540,0.5666666666666667,399,10484.5,109796934,118191.5,13634029500,0.00217747870197961,-137.966741662468
58,59,1485,0.4642857142857143,441,8472.0,66157884,209352.0,38520846000,0.0019210754072767052,-920.0285296657975
58,60,756,0.896551724137931,441,11050.5,122070078,139111.5,19345189500,0.001326259946949602,-88.50150396832333
58,129,486,0.40625,357,12782.0,159615924,112951.5,12203509500,0.002646082636001991,-185.57796366498295
59,85,2255,0.3150684931506849,441,6291.0,39540960,246002.0,59206399200,0.0017710742985580282,-1896.2740266107787
59,86,2145,0.323943661971831,441,6129.0,37563912,240795.0,56267526744,0.0017687364153558369,-1710.7043535403338
59,95,2420,0.4142857142857143,441,10167.5,86849766,253611.5,63501261876,0.0011548153565385493,-1091.6545018332272
59,115,1925,0.6071428571428571,441,8542.0,67012164,230216.0,50296654512,0.0011589012061701137,-609.1568809781521
59,116,1265,0.39285714285714285,420,8562.0,67256244,198852.0,32594562000,0.0018714902521720699,-877.2044423973659
59,96,1705,0.3230769230769231,420,6201.0,38442600,219792.0,44413265520,0.0015739453571560617,-1095.6867607234524
59,120,1375,0.40350877192982454,420,7371.0,52721280,204126.0,35571249792,0.002120114751513533,-1078.270707364074
59,112,2530,0.4852941176470588,441,5683.5,32127030,258889.5,66480207300,0.0010610833308388194,-1019.2484565856396
59,164,1320,0.025974025974025976,357,21175.0,221185296,201362.0,34011226080,0.010398193019371374,-8817.395698530978
59,121,1320,0.1791044776119403,420,5293.5,27367470,201557.5,34121567844,0.0017943675188853698,-1259.3775171953178
59,122,2035,0.29577464788732394,441,5031.0,24163920,235494.0,53275599936,0.0012379971561418846,-1102.3483714075344
59,130,2860,0.17582417582417584,357,23706.0,252073620,274569.0,75329842536,0.002939833735590042,-6181.559710787666
59,147,2200,0.03260869565217391,357,16720.5,166822578,243399.0,57737245176,0.005730261743123985,-8434.23638507044
59,97,1485,0.30158730158730157,420,12190.0,111532356,209352.0,38520846000,0.0020666950678104885,-1273.1759134629394
59,123,2310,0.4057971014492754,441,5224.0,26519292,248501.5,60617136996,0.001284253074763798,-1216.7998472317797
59,124,1815,0.29411764705882354,441,11371.0,101537280,225006.0,47356088832,0.001610636721382293,-1280.3032015352874
59,68,2915,0.6615384615384615,441,5703.0,32365008,277030.0,76718850624,0.0008416620346830533,-780.5520286249729
59,69,3410,0.8,441,5613.0,31266648,300434.0,89928255456,0.0006118890703078347,-649.6269682606631
59,100,1320,0.3389830508474576,399,13953.0,133048008,201511.5,34095605076,0.001993037841278091,-1062.3474723200902
59,70,1485,0.4642857142857143,441,8472.0,66157884,209352.0,38520846000,0.001892183844294233,-909.6826684301068
59,71,1430,0.44642857142857145,441,8263.5,63613350,206739.5,37046330100,0.0019896625740781575,-946.3189949017705
59,72,2255,0.352112676056338,441,9071.0,73468080,246002.0,59206399200,0.0017999521831010353,-1792.1152420878161
59,101,1540,0.31746031746031744,420,12541.5,115822062,211963.5,39994797492,0.0020336365862113005,-1259.052976234125
59,128,1100,0.3157894736842105,399,8114.5,61794954,191043.5,28187382132,0.0022833197926434654,-1080.6669925878089
59,131,825,0.20689655172413793,294,11262.0,100207044,177908.0,20773600848,0.005266861591725475,-2646.4154415389808
59,60,1540,0.45614035087719296,441,8680.5,68702418,211963.5,39994797492,0.0018300578625103166,-916.7575597815414
59,163,715,0.21428571428571427,273,10173.0,86916888,172638.0,17799170688,0.0029391198628211613,-1273.845372644365
59,165,220,0.03508771929824561,63,5932.5,35165826,148999.5,4457412180,0.014724310776942352,-5853.265331863673
59,129,990,0.25862068965517243,357,10412.0,89833644,185803.5,25229884212,0.0027092964138511815,-1311.1451428548999
60,85,1148,0.38,441,8869.5,72958320,175761.5,29733485400,0.001988913930021873,-625.1082629579064
60,86,1092,0.3958333333333333,441,8707.5,69310404,170554.5,28257582078,0.0018723207251710129,-504.1405408235417
60,63,868,0.2553191489361702,441,7594.5,44247870,149611.5,22321372500,0.002039146151895785,-435.2105554892442
60,95,1232,0.2857142857142857,441,12746.0,160249347,183371.0,31890367737,0.00189270377154766,-693.1807884089417
60,115,980,0.3125,441,11120.5,123646338,159975.5,25259006844,0.0017047163597539066,-360.7096478327154
60,116,644,0.3076923076923077,420,11140.5,124096698,128611.5,16369006500,0.002218065423590549,-251.75221450663784
60,112,1288,0.21311475409836064,441,8262.0,59278635,188649.0,33386395725,0.0021864591079826883,-1065.2065922192567
60,68,1484,0.5,441,8281.5,59717736,206789.5,38528247888,0.0015161450156517368,-632.5838724563184
60,69,1736,0.42857142857142855,441,8191.5,57691116,230193.5,45162018072,0.0015840396781482888,-1093.3818490306878
60,70,756,0.8333333333333334,441,11050.5,122070078,139111.5,19345189500,0.0014020462296324364,-100.63125222083292
60,71,728,0.8620689655172413,441,10842.0,117375075,136499.0,18604686825,0.0014209928003031452,-93.51021892015685
60,72,1148,0.38,441,11649.5,135558360,175761.5,29733485400,0.0019899263682889236,-608.5686447391465
60,128,560,0.5483870967741935,399,10693.0,114019893,120803.0,14155718409,0.0021906060361068856,-150.96863767947167
60,129,504,0.3939393939393939,357,12990.5,165754998,115563.0,12670461369,0.002620995376677195,-199.31620684427645
61,122,629,0.14893617021276595,357,3268.0,10200960,136504.0,15900143616,0.003149301520044024,-659.3016063290274
61,126,918,0.05970149253731343,289,16790.5,79868880,180760.0,23354978304,0.007687417940142275,-6432.030011560218
61,85,697,0.16,357,4528.0,16692480,147012.0,17670195200,0.003278103902660641,-978.8328692778716
61,86,663,0.24444444444444444,357,4366.0,15857856,141805.0,16793086464,0.003511537466165754,-785.3066612047459
61,63,527,0.5,357,3253.0,10123680,120862.0,13265280000,0.0029442247940231806,-274.93114963056473
62,94,1333,0.1044776119402985,493,7143.0,49109760,188823.0,34682369400,0.009175450492860594,-5560.324565013937
62,68,2279,0.18518518518518517,609,6915.0,45221904,245926.0,59807232576,0.0019815027220094765,-2246.8815328665414
62,69,2666,0.16666666666666666,609,6825.0,43687224,269330.0,70104805344,0.0021665493361056744,-3575.4183230078984
62,73,1763,0.5272727272727272,841,13723.0,161311920,214798.0,46111161600,0.001546347054243859,-661.3610914261106
62,65,2193,0.49206349206349204,841,13863.0,163699200,240748.0,57528954000,0.0018312295230858448,-1333.9535030015968
62,102,774,0.17307692307692307,435,13944.5,165088938,154716.5,19675782252,0.003973723532906605,-1097.09116059858
62,66,1978,0.5344827586206896,841,14410.5,173035170,227785.5,51825557700,0.0016758802429061724,-890.144615980562
62,74,1634,0.5283018867924528,841,24132.0,338806188,206771.5,42579565812,0.002148308206262916,-808.0628752941574
62,75,1290,0.6222222222222222,841,19836.0,265550796,185963.5,33424212276,0.0018472270808129396,-432.50792704302523
62,87,1548,0.16176470588235295,493,6800.5,43269450,201873.0,40424265000,0.004313629599972115,-3174.041621452371
62,76,1462,0.5714285714285714,841,21819.0,299364912,196375.5,38005408980,0.00189074736558927,-537.0645397961372
62,77,1462,0.5714285714285714,841,21819.0,299364912,196375.5,38005408980,0.00189074736558927,-537.0645397961372
62,78,1591,0.6326530612244898,841,23595.0,329649264,204174.0,41436686592,0.0013776165176924754,-390.3805415011841
62,79,1376,0.5957446808510638,841,20910.0,283864644,191171.5,35715690612,0.0015846568633340141,-386.00500797020055
62,80,1333,0.6086956521739131,841,20373.0,274707720,188568.0,34570171440,0.0016028989344788463,-362.60410867506073
62,81,1376,0.7045454545454546,841,20646.5,279371442,191171.5,35715690612,0.0014390736113780512,-301.80219276825875
62,82,1419,0.7272727272727273,841,10279.0,102584832,193902.0,36917088768,0.0012280193966240477,-263.03979059398455
62,83,1462,0.75,841,10467.0,105790608,196507.5,38063487924,0.0011805862096559768,-257.13673352075426
62,84,1419,0.6521739130434783,841,17623.0,227814720,193854.0,36895969152,0.0013620175760173537,-342.76390071689076
62,93,731,0.15384615384615385,435,7655.0,57840384,152110.0,18528943104,0.004497296696886261,-1256.1341221670352
63,85,1271,0.2857142857142857,441,5205.0,25466400,183650.0,33043500000,0.0019115419881878947,-858.6521934787113
63,86,1209,0.34615384615384615,441,5043.0,24193080,178443.0,31403295000,0.001971713897800307,-715.6493011582426
63,122,1147,0.23636363636363636,441,3945.0,15562800,173142.0,29733480000,0.001827984521404317,-654.9053628855532
63,127,620,0.1590909090909091,315,11807.0,77358120,128777.0,15758505000,0.004802384308198262,-859.6390516742318
63,130,1612,0.136986301369863,357,22620.0,162348300,212217.0,42042105000,0.0034220413118413564,-3570.9799882429293
63,126,1674,0.1038961038961039,357,17467.5,121849650,217398.0,43674120000,0.005470390448418525,-6808.361655339599
63,123,1302,0.40384615384615385,441,4138.0,17079780,186149.5,33830842500,0.001579604112116091,-602.7249431810405
63,68,1643,0.3548387096774194,441,4617.0,20844720,214678.0,42817320000,0.0011767426498805605,-728.3984294403842
63,69,1922,0.36764705882352944,441,4527.0,20137320,238082.0,50189580000,0.0011728562900440817,-1041.6920821384388
63,95,1364,0.2711864406779661,441,9081.5,55935690,191259.5,35440492500,0.0015256899515998345,-715.605541791407
63,96,961,0.24,420,5115.0,24759000,157440.0,24787350000,0.0021470693588091627,-573.3571198978998
63,131,465,0.1794871794871795,294,10176.0,64538460,115556.0,11593890000,0.006708398901778276,-937.7560341076143
63,93,527,0.2,315,5357.0,26661120,120862.0,13265280000,0.0034180242834088975,-498.5044838669817
64,156,589,0.21951219512195122,255,16704.0,227958300,126183.0,14931977400,0.018507025598410325,-4214.5211890162145
64,157,437,0.2727272727272727,240,9685.0,93783096,105196.0,10956368016,0.01245124442860071,-1325.7406674651722
64,106,380,0.3448275862068966,225,11001.5,118949310,97385.0,9476714664,0.00666197513488154,-484.54593483892955
64,107,247,0.5238095238095238,195,8553.0,72143784,78966.0,5987566656,0.01041666666666667,-317.9736712732567
64,73,779,0.25,435,14239.0,180837360,152158.0,19852473600,0.005044059632007952,-1334.6315772132061
64,158,361,0.35714285714285715,225,17784.0,248603580,94698.0,8967710880,0.007639915081251263,-472.1286601606284
64,65,969,0.22807017543859648,435,14379.0,183513600,178108.0,24768234000,0.004932897775257047,-2519.511752346634
64,102,342,0.37037037037037035,225,14460.5,185071554,92076.5,8471114892,0.010192220726408761,-572.2147405358971
64,148,361,0.3103448275862069,225,7191.0,46107792,94716.0,8971120656,0.010920925318925898,-785.5340800275562
64,66,874,0.27450980392156865,435,14926.5,193979610,165145.5,22312721700,0.004160889794178067,-1426.6404436463818
64,67,456,0.30303030303030304,225,17981.0,252369432,107675.5,11426064660,0.008688990713383278,-883.1697408366091
64,111,209,0.15384615384615385,165,6504.0,32975100,73688.0,4987744560,0.01848188537175379,-861.013381913347
64,159,114,0.041666666666666664,90,11486.5,128220570,60558.0,2500502400,0.028534007281970527,-897.756289221144
64,160,114,0.041666666666666664,90,11486.5,128220570,60558.0,2500502400,0.028534007281970527,-897.756289221144
65,67,1224,0.29310344827586204,435,22802.0,506956800,191067.5,31546052500,0.0024335514257847073,-1330.290997084811
65,74,1938,0.5344827586206896,841,29469.0,762969600,227523.5,50612540500,0.002515898961625891,-1494.9165889372089
65,73,2091,0.6727272727272727,841,19060.0,363264000,235550.0,54810400000,0.0019010791864327219,-1058.782148555599
65,156,1581,0.1232876712328767,493,21525.0,457920000,209575.0,41225475000,0.01873095662787296,-20215.514599274884
65,157,1173,0.13846153846153847,464,14506.0,188390400,188588.0,30249274000,0.004342890855948935,-3053.716697696655
65,106,1020,0.2033898305084746,435,15822.5,238944000,180777.0,26164121000,0.003400994100576289,-1825.7425478261866
65,107,663,0.20754716981132076,377,13374.0,144921600,162358.0,16530984000,0.004071203953279425,-1566.6880359990664
65,158,969,0.34615384615384615,435,22605.0,499392000,178090.0,24758820000,0.002992939899048495,-1190.1278339751295
65,108,1020,0.16393442622950818,406,17494.5,303148800,180777.0,26164121000,0.004239287648307661,-2544.139043067789
65,102,918,0.3018867924528302,435,19281.5,371769600,175468.5,23387775500,0.0035475832827066484,-1448.8232950748682
65,148,969,0.22807017543859648,435,12012.0,92620800,178108.0,24768234000,0.003221109830246183,-1615.488255982115
65,66,2346,0.7321428571428571,841,19747.5,389664000,248537.5,61602862500,0.0011331408959845603,-717.2686260986486
65,75,1530,0.5283018867924528,841,25173.0,598003200,206715.5,39729956500,0.0035733153891130067,-1577.6675765783486
65,76,1734,0.6346153846153846,841,27156.0,674150400,217127.5,45175432500,0.001674729347240659,-731.5020846283253
65,77,1734,0.6346153846153846,841,27156.0,674150400,217127.5,45175432500,0.001674729347240659,-731.5020846283253
65,78,1887,0.660377358490566,841,28932.0,742348800,224926.0,49254048000,0.0021488808392249007,-966.5558434420797
65,79,1632,0.5660377358490566,841,26247.0,639244800,211923.5,42453740500,0.0025397525692337003,-1086.1167428204762
65,80,1581,0.5769230769230769,841,25710.0,618624000,209320.0,41092110000,0.0024559836635628485,-989.136280632673
65,81,1632,0.5370370370370371,841,25983.5,629126400,211923.5,42453740500,0.0020543548374400474,-900.9590388710535
65,82,1683,0.5272727272727272,841,15616.0,231014400,214654.0,43881792000,0.0018776903541031383,-866.5774992450933
65,83,1734,0.5178571428571429,841,15804.0,238233600,217259.5,45244468500,0.001860848077971597,-900.7702800939031
65,84,1683,0.5272727272727272,841,22960.0,513024000,214606.0,43856688000,0.0022686060355787715,-1103.387659421305
65,161,459,0.1320754716981132,232,21236.0,446822400,151270.0,10731960000,0.011502177068214804,-4253.996007608378
65,104,663,0.23076923076923078,319,17412.0,299980800,162316.0,16509018000,0.0048368706456941735,-1836.540981938009
65,88,714,0.2037037037037037,406,16620.0,269568000,164907.5,17864372500,0.004768862630497849,-1901.2331706983045
65,89,714,0.2037037037037037,406,16620.0,269568000,164907.5,17864372500,0.004768862630497849,-1901.2331706983045
65,90,918,0.3018867924528302,435,18899.0,357081600,175383.5,23343320500,0.0041218741849184505,-1653.6713048676797
65,105,714,0.08333333333333333,348,12037.5,93600000,164959.5,17891568500,0.007564109882717559,-3849.724020664277
66,67,1104,0.34615384615384615,435,23349.5,535869180,178105.0,28418590125,0.002355311914486849,-871.4397717496153
66,74,1748,0.5555555555555556,841,30016.5,806482710,214561.0,45594834525,0.0019884240733932996,-877.2278731916373
66,73,1886,0.74,841,19607.5,383981400,222587.5,49376520000,0.0010976823629884856,-437.4499079131724
66,156,1426,0.1323529411764706,493,22072.5,484035750,196612.5,37138398750,0.016427802120276964,-13437.961403611154
66,157,1058,0.15,464,15053.5,199134540,175625.5,27250373700,0.004296712899874247,-2175.518607020058
66,106,920,0.24528301886792453,435,16370.0,252571275,167814.5,23570221050,0.00273630981178151,-990.924063448173
66,107,598,0.22916666666666666,377,13921.5,153186660,149395.5,14892109200,0.0034389775413711595,-884.6504847189838
66,158,874,0.3829787234042553,435,23152.5,527872950,165127.5,22304241000,0.0026691072828908162,-716.9207052365664
66,108,920,0.2,406,18042.0,320437755,167814.5,23570221050,0.003803789788776796,-1561.9915331582831
66,109,598,0.09259259259259259,348,14605.5,180950220,149425.5,14906243700,0.00726887256607321,-2459.9670372646074
66,102,828,0.3617021276595745,435,19829.0,392972085,162506.0,21069121275,0.002371479892293953,-631.3209274886284
66,148,874,0.22641509433962265,435,12559.5,97903080,165145.5,22312721700,0.0028622322785469513,-1035.804701023393
66,75,1380,0.5833333333333334,841,25720.5,632108070,193753.0,35791145325,0.002889269066391511,-877.893663425378
66,76,1564,0.7021276595744681,841,27703.5,712598040,204165.0,40696759125,0.0013227374177882968,-398.1907190072227
66,77,1564,0.7021276595744681,841,27703.5,712598040,204165.0,40696759125,0.0013227374177882968,-398.1907190072227
66,78,1702,0.6274509803921569,841,29479.5,784685880,211963.5,44371022400,0.0012923517594797872,-454.89543588442115
66,79,1472,0.5918367346938775,841,26794.5,675701730,198961.0,38244894525,0.001718031413503352,-525.0043286053988
66,80,1426,0.6382978723404256,841,26257.5,653904900,196357.5,37018255500,0.001584289772310124,-434.34554145702293
66,81,1472,0.625,841,26531.0,665006265,198961.0,38244894525,0.001655381613616591,-477.277325218237
66,82,1518,0.6122448979591837,841,16163.5,244189440,201691.5,39531369600,0.0015954464330460104,-487.22764631238357
66,83,1564,0.6,841,16351.5,251820360,204297.0,40758950925,0.0015845410873283013,-510.88892435295475
66,84,1518,0.5490196078431373,841,23507.5,542282400,201643.5,39508754400,0.002056474143477803,-723.2561619349256
66,161,414,0.14583333333333334,232,21783.5,472305240,138307.5,9667998000,0.010948581560283688,-2676.291209155791
66,104,598,0.1346153846153846,319,17959.5,317089080,149353.5,14872320900,0.004918655172791766,-1523.5365585406478
67,73,984,0.25,435,22662.0,499563680,165117.5,25285096000,0.002750152365603028,-891.0327987405924
67,158,456,0.43333333333333335,225,26207.0,686768040,107657.5,11421721800,0.0063491586778160625,-474.08972978212387
67,108,480,0.2222222222222222,210,21096.5,416892756,110344.5,12070014290,0.011028091361602894,-1380.5375876571627
67,102,432,0.16666666666666666,225,22883.5,511260652,105036.0,10789232495,0.0073381051364638065,-771.6455766063191
67,74,912,0.3191489361702128,435,33071.0,1049242152,157091.0,23348542345,0.002051676545779228,-515.2011126963575
67,76,816,0.3181818181818182,435,30758.0,927097248,146695.0,20840299425,0.0022002669928145617,-416.25547050902
67,77,816,0.3181818181818182,435,30758.0,927097248,146695.0,20840299425,0.0022002669928145617,-416.25547050902
67,78,888,0.24489795918367346,435,32534.0,1020884256,154493.5,22721843520,0.002398269570029579,-555.4076423303335
67,80,744,0.25,435,29312.0,850736880,138887.5,18956583900,0.0024425150548300655,-405.3371067869158
67,161,216,0.2692307692307692,120,24838.0,614473888,80837.5,4950860400,0.026358974358974357,-1209.3849109493005
67,104,312,0.23333333333333334,165,21014.0,412536096,91883.5,7615928820,0.011366082831600071,-779.7525516036167
68,85,2173,0.34285714285714286,441,5892.0,34369920,240828.0,57035388800,0.0013789028065268856,-1282.9299212575945
68,86,2067,0.35294117647058826,441,5730.0,32651424,235621.0,54204280416,0.0013612523153625899,-1138.3802197724647
68,84,1749,0.10256410256410256,609,16012.0,141722880,219784.0,45593513472,0.002732851368679674,-2489.0381798209705
68,95,2332,0.4264705882352941,441,9768.5,75491832,248437.5,61172765264,0.0009685410948016526,-813.8531904288658
68,115,1855,0.543859649122807,441,8143.0,58248528,225042.0,48452351168,0.0012458791331524635,-631.105980820837
68,116,1219,0.38181818181818183,420,8163.0,58460688,193678.0,31399368000,0.0018399609182437467,-768.0045553422082
68,96,1643,0.3125,420,5802.0,33415200,214618.0,42784697280,0.001654403303140046,-1037.6404889058008
68,87,1908,0.20270270270270271,357,5189.5,26917800,227803.0,49953540000,0.001806003871488831,-1917.0629880160002
68,120,1325,0.39285714285714285,420,6972.0,45826560,198952.0,34266905088,0.002559861401395463,-1161.1991453318703
68,112,2438,0.3561643835616438,441,5284.5,27925560,253715.5,64042477200,0.001116685249745474,-1166.2304560890082
68,97,1431,0.2903225806451613,420,11791.0,96946512,204178.0,37108344000,0.0021199652466820907,-1170.4430615161932
68,123,2226,0.3380281690140845,441,4825.0,23051184,243327.5,58394396944,0.0011983256545358846,-1132.8239054049745
68,124,1749,0.2647058823529412,441,10972.0,88258560,219832.0,45619611648,0.0015301039160227853,-1135.0994447039964
68,94,1643,0.13513513513513514,357,5532.0,30551040,214753.0,42858098400,0.0042279934272160735,-3923.5248938348464
68,144,2120,0.06896551724137931,357,15697.5,138386664,238225.0,55620106464,0.004885382379901371,-6321.375576222543
68,145,1749,0.08860759493670886,357,14876.0,129672192,219976.0,45697906176,0.006203195914993229,-6568.286248045454
68,130,2756,0.22093023255813954,357,23307.0,219108240,269395.0,72567609504,0.002909855563992437,-5216.462663083474
68,128,1060,0.35185185185185186,399,7715.5,53713608,185869.5,27153792848,0.0020219786384411773,-792.722266748584
68,163,689,0.2222222222222222,273,9774.0,75550176,167464.0,17146501632,0.0035605127848314416,-1311.804019078524
68,93,901,0.20689655172413793,315,6044.0,35982336,178040.0,22896799744,0.0030984169820981035,-1426.0701872930429
68,129,954,0.24561403508771928,357,10013.0,78085488,180629.5,24304741968,0.0024839856606773893,-1069.4337140886619
68,69,3286,0.7692307692307693,441,5214.0,27177696,295260.0,86630720384,0.0006110269598321068,-618.8548004396935
68,100,1272,0.2833333333333333,399,13554.0,115648416,196337.5,32845370064,0.002289291622173334,-1164.327960221182
68,70,1431,0.48148148148148145,441,8073.0,57505968,204178.0,37108344000,0.001565030299307029,-648.8802935374847
68,71,1378,0.46296296296296297,441,7864.5,55294200,201565.5,35687896400,0.0016404009066482868,-672.324623766101
68,72,2173,0.3055555555555556,441,8672.0,63860160,240828.0,57035388800,0.001441580466971099,-1392.5881961886298
68,101,1484,0.3064516129032258,420,12142.5,100675224,206789.5,38528247888,0.002096995272783569,-1163.910950033999
69,85,2542,0.33766233766233766,441,5802.0,33203520,264232.0,66855707200,0.0014153250906838557,-1853.9058847781919
69,86,2418,0.3466666666666667,441,5640.0,31543344,259025.0,63537140304,0.0014186383194854544,-1690.5743128704498
69,111,682,0.08955223880597014,231,4287.0,17677800,185662.0,16780846240,0.003686332551327671,-2627.7517702130467
69,95,2728,0.41333333333333333,441,9678.5,72929892,271841.5,71705454616,0.0009445113580472846,-1130.8770415853846
69,115,2170,0.5396825396825397,441,8053.0,56271768,248446.0,56794847392,0.0011788094522801312,-875.0415159373065
69,116,1426,0.3492063492063492,420,8073.0,56476728,217082.0,36805692000,0.0017317434656144326,-1161.7787973465865
69,96,1922,0.30985915492957744,420,5712.0,32281200,238022.0,50151340320,0.0014891804209156733,-1383.9468969244863
69,87,2232,0.18072289156626506,357,5099.5,26004300,251207.0,58554510000,0.0018665492231281237,-2891.5427777969726
69,120,1550,0.359375,420,6882.0,44271360,222356.0,40166959872,0.0021812318084453277,-1571.6299433945944
69,112,2852,0.44,441,5194.5,26977860,277119.5,75069271800,0.0010607088416219915,-1355.9701645574924
69,121,1488,0.1780821917808219,420,4804.5,22981140,219787.5,38529982904,0.0016609312892211824,-1557.575314639146
69,122,2294,0.2857142857142857,441,4542.0,20291040,253724.0,60158664576,0.0011756577746240334,-1367.9394267010987
69,97,1674,0.2714285714285714,420,11701.0,93656472,227582.0,43497636000,0.0019525016952621935,-1672.0330019693386
69,123,2604,0.40540540540540543,441,4735.0,22268904,266731.5,68448708536,0.0011207964081764088,-1343.003344570057
69,124,2046,0.26666666666666666,441,10882.0,85263360,243236.0,53474368512,0.0014140444808480974,-1524.3263289497925
69,138,2790,0.049019607843137254,357,17896.0,157142832,274656.0,73499214272,0.011620494497653294,-28624.420827571896
69,94,1922,0.12048192771084337,357,5442.0,29514240,238157.0,50237379600,0.003938182140670781,-5443.937314186992
69,144,2480,0.0625,357,15607.5,133690284,261629.0,65196742416,0.004626058515253408,-8619.112870498875
69,130,3224,0.2,357,23217.0,211672440,292799.0,85062256176,0.0026267374193365946,-6490.099469823152
69,128,1240,0.28125,399,7625.5,51890748,209273.5,31829116312,0.002079543994188141,-1407.6717101287604
69,131,930,0.203125,294,10773.0,84146328,196138.0,23457494368,0.005259319879855595,-3636.4223549278013
69,163,806,0.19047619047619047,273,9684.0,72986256,190868.0,20098775808,0.0028661920943026924,-1793.329965350447
69,165,248,0.03125,63,5443.5,29529612,167229.5,5033297880,0.014632936507936503,-8494.54338958207
69,93,1054,0.1791044776119403,315,5954.0,34761216,201444.0,26839156736,0.0030319529661060156,-2283.55656716717
69,129,1116,0.23076923076923078,357,9923.0,75435528,204033.5,28489517592,0.0024175617384751993,-1669.914876359037
69,100,1488,0.3230769230769231,399,13464.0,111723696,219741.5,38500665816,0.0019969253710496494,-1455.9503700928803
69,70,1674,0.4126984126984127,441,7983.0,55554408,227582.0,43497636000,0.0016151762983560212,-1109.2536803128817
69,71,1612,0.3968253968253968,441,7774.5,53417700,224969.5,41832616600,0.0016934479300070688,-1152.0075544971912
69,72,2542,0.32051282051282054,441,8582.0,61692960,264232.0,66855707200,0.0015256864596202672,-2017.5298088227332
69,101,1736,0.2857142857142857,420,12052.5,97258644,230193.5,45162018072,0.00192444026968524,-1655.2766315633712
70,85,1107,0.36,441,8661.0,70256160,173150.0,28637700000,0.002094933363716124,-653.5241906248303
70,86,1053,0.375,441,8499.0,66743352,167943.0,27216189000,0.001924836056815364,-514.341216911822
70,95,1188,0.26785714285714285,441,12537.5,154314186,180759.5,30715093500,0.0019275524482508057,-700.6694273671557
70,115,945,0.3191489361702128,441,10912.0,119066844,157364.0,24328122000,0.0017875062893972396,-359.1382519120953
70,112,1242,0.21666666666666667,441,8053.5,57083130,186037.5,32155987500,0.002292431557880164,-1073.0765663833436
70,128,540,0.5161290322580645,399,10484.5,109796934,118191.5,13634029500,0.0022332754336149927,-152.059760609191
70,129,486,0.40625,357,12782.0,159615924,112951.5,12203509500,0.002735688370769016,-193.22474756339165
70,71,702,0.8928571428571429,441,10633.5,113027850,133887.5,17919037500,0.001443001443001443,-87.60268574031336
70,72,1107,0.3877551020408163,441,11441.0,130537680,173150.0,28637700000,0.0020481028579632174,-597.317948440726
71,85,1066,0.3673469387755102,441,8452.5,67554000,170537.5,27541495000,0.002142504943224929,-633.9112470282607
71,86,1014,0.3829787234042553,441,8290.5,64176300,165330.5,26174397150,0.0019707481284821533,-498.14649168378753
71,95,1144,0.25,441,12329.0,148379025,178147.0,29539369225,0.001992781681499519,-714.3451063239288
71,115,910,0.2978723404255319,441,10703.5,114487350,154751.5,23396880700,0.0018971914187400941,-374.2538514489512
71,112,1196,0.22033898305084745,441,7845.0,54887625,183425.0,30925108125,0.0023914645529490154,-1069.1461467110573
71,128,520,0.5333333333333333,399,10276.0,105573975,115579.0,13112140825,0.002276345352570398,-142.07512434755307
71,129,468,0.41935483870967744,357,12573.5,153476850,110339.0,11736378825,0.0027030138320460907,-175.42672423767036
71,72,1066,0.3958333333333333,441,11232.5,125517000,170537.5,27541495000,0.0020858743192817696,-576.3433687777678
72,85,1681,0.3898305084745763,441,9260.0,78019200,209800.0,44016040000,0.0018536801545233942,-1091.06420542866
72,86,1599,0.40350877192982454,441,9098.0,74118240,204593.0,41831182800,0.001533085445561771,-799.1479960403833
72,73,1681,0.15492957746478872,609,15480.0,227796800,209700.0,43974080000,0.0018482075436911302,-1428.2540596704278
72,107,533,0.08,273,9794.0,90877920,136508.0,13262716800,0.005394416191508825,-1430.5859167000428
72,118,820,0.2708333333333333,420,11853.0,140458640,154841.5,20955453400,0.004988604629299082,-1339.4222155983218
72,112,1886,0.3181818181818182,441,8652.5,63390600,222687.5,49423635000,0.0024376155327617494,-1849.0841676483794
72,122,1517,0.23809523809523808,441,8000.0,47678400,199292.0,39606883200,0.0018325606905363466,-1047.823872213682
72,124,1353,0.27586206896551724,441,14340.0,200345600,188804.0,35206118400,0.0026152416200183486,-1224.9079055167142
72,113,1681,0.1232876712328767,357,11460.0,130995200,209820.0,44024432000,0.015146251298435482,-17103.69036798383
72,98,1230,0.26785714285714285,420,10877.5,116968600,181112.0,31978555200,0.0020060778848520486,-935.8746806029471
72,106,820,0.22,315,12242.5,149837800,154927.0,20991329200,0.004350198504433996,-1342.8183020785796
72,108,820,0.17307692307692307,294,13914.5,190099560,154927.0,20991329200,0.006378264472338623,-2245.301764192924
72,109,533,0.2,252,10478.0,107348640,136538.0,13275304800,0.006329424689498417,-1435.5044121527724
72,110,656,0.2127659574468085,273,7347.5,31966200,144425.0,16584690000,0.004022650473802789,-1046.9783494405897
73,74,1558,0.6122448979591837,841,29329.0,751842960,201573.5,40567451200,0.002215699422406545,-715.4575884989674
73,156,1271,0.14285714285714285,493,21385.0,451242000,183625.0,33043440000,0.0163701449656501,-10411.321993319196
73,157,943,0.16363636363636364,464,14366.0,185643040,162638.0,24245689600,0.0040821967771604226,-1533.0793261818706
73,124,1353,0.07246376811594203,609,17780.0,314828800,188704.0,35172556800,0.004190605080675261,-2511.1397757162035
73,106,820,0.24489795918367346,435,15682.5,235459400,154827.0,20971318400,0.0032242063492063503,-867.1953798414596
73,107,533,0.2857142857142857,377,13234.0,142808160,136408.0,13250073600,0.003573502571760413,-599.7006744885606
73,158,779,0.3333333333333333,435,22465.0,492109200,152140.0,19844928000,0.003179218368612307,-673.7320461159502
73,102,738,0.37209302325581395,435,19141.5,366347960,149518.5,18745995200,0.002998468862256237,-573.9619761679734
73,148,779,0.25,435,11872.0,91270080,152158.0,19852473600,0.002851987940903374,-737.8784185773962
73,118,820,0.08928571428571429,580,15293.0,220720720,154741.5,20935476800,0.004780317036764035,-1563.032893320671
73,75,1230,0.6511627906976745,841,25033.0,589282320,180765.5,31844737600,0.00289053949794788,-616.4883931423733
73,76,1394,0.6666666666666666,841,27016.0,664319040,191177.5,36209448000,0.0016775256169195567,-404.9119681829363
73,77,1394,0.6666666666666666,841,27016.0,664319040,191177.5,36209448000,0.0016775256169195567,-404.9119681829363
73,78,1517,0.6595744680851063,841,28792.0,731522880,198976.0,39478579200,0.0013642020175322672,-357.5379483213536
73,79,1312,0.6590909090909091,841,26107.0,629922480,185973.5,34027931200,0.0016905120367065399,-362.5744848960461
73,80,1271,0.7142857142857143,841,25570.0,609602400,183370.0,32936544000,0.0016463163240166723,-312.2767769411677
73,81,1312,0.6590909090909091,841,25843.5,619951640,185973.5,34027931200,0.0015979791878311966,-336.1683477091703
73,82,1353,0.6444444444444445,841,15476.0,227645440,188704.0,35172556800,0.001551609165245529,-347.79487325371747
73,83,1394,0.6304347826086957,841,15664.0,234759360,191309.5,36264782400,0.001550806095800844,-368.99868662889696
73,84,1353,0.6086956521739131,841,22820.0,505542400,188656.0,35152435200,0.0020086318376828375,-504.5615557854133
74,148,722,0.14,435,22281.0,191696112,144131.5,18331997652,0.004620596938476122,-1206.0438165685505
74,75,1140,0.7,841,35442.0,1237679748,172739.0,29405789257,0.003266476484802277,-566.2667927199678
74,76,1292,0.6744186046511628,841,37425.0,1395280656,183151.0,33436211985,0.0018933113306036893,-392.6479829935963
74,77,1292,0.6744186046511628,841,37425.0,1395280656,183151.0,33436211985,0.0018933113306036893,-392.6479829935963
74,78,1406,0.6666666666666666,841,39201.0,1536430032,190949.5,36454964544,0.0016124851945010048,-364.1269783096368
74,79,1216,0.7948717948717948,841,36516.0,1323036972,177947.0,31421774809,0.0019281887702940334,-304.52829576666704
74,80,1178,0.725,841,35979.0,1280358360,175343.5,30413975580,0.0017971451625297776,-289.2093585721883
74,81,1216,0.6666666666666666,841,36252.5,1302095046,177947.0,31421774809,0.0020653441602918954,-369.3405316035574
74,82,1254,0.6511627906976745,841,25885.0,478127616,180677.5,32478734976,0.0019592459144442726,-374.7479993333508
74,83,1292,0.6363636363636364,841,26073.0,493069104,183283.0,33487308393,0.0019142343841541702,-390.0223045552064
74,84,1254,0.6511627906976745,841,33229.0,1061799360,180629.5,32460154464,0.0028462290053242745,-585.5340380385232
74,90,684,0.3333333333333333,435,29168.0,739047324,141407.0,17277360049,0.003593362415889305,-596.462880833263
74,125,380,0.11627906976744186,290,21628.5,139838022,120475.0,9174708441,0.005827374678752439,-914.4311738567193
75,149,60,0.0,58,16206.5,39461982,78601.0,800828301,0.02325268817204301,-1130.2706065981156
75,76,1020,0.7777777777777778,841,33129.0,1093598352,162343.0,26246839905,0.0027977504132966316,-336.93449950236953
75,77,1020,0.7777777777777778,841,33129.0,1093598352,162343.0,26246839905,0.0027977504132966316,-336.93449950236953
75,78,1110,0.717948717948718,841,34905.0,1204228944,170141.5,28616507712,0.0021700902069243734,-305.0224165271621
75,79,960,0.8235294117647058,841,32220.0,1036974924,157139.0,24665542057,0.0022648919707743236,-222.64035296250998
75,80,930,0.8484848484848485,841,31683.0,1003524120,154535.5,23874437340,0.002248799829849295,-200.18749298359245
75,81,960,0.8235294117647058,841,31956.5,1020560982,157139.0,24665542057,0.002108208603306643,-202.17870617909637
75,82,990,0.8,841,21589.0,374748672,159869.5,25495237248,0.0016235938819972433,-169.88298884192432
75,83,1020,0.7777777777777778,841,21777.0,386459568,162475.0,26286949689,0.0016127593012513646,-182.18342241271128
75,84,990,0.8,841,28933.0,832221120,159821.5,25480651872,0.00274859943977591,-312.76821371039193
76,158,646,0.2619047619047619,435,30561.0,913263120,133717.5,16356443400,0.002733308438883351,-396.8309565348163
76,108,680,0.2,406,25450.5,554383368,136404.5,17284828770,0.005462579023392866,-1060.1404791792258
76,77,1156,0.9428571428571428,841,35112.0,1232852544,172755.0,29844290025,0.0008403361344537816,-101.00755816146146
76,78,1258,0.7317073170731707,841,36888.0,1357570368,180553.5,32538749760,0.0012185290996266605,-197.24623004580468
76,79,1088,0.7368421052631579,841,34203.0,1169018928,167551.0,28046255985,0.0017150666821719456,-218.5311754546534
76,80,1054,0.8571428571428571,841,33666.0,1131308640,164947.5,27146720700,0.0012254901960784314,-128.59886475607644
76,81,1088,0.7368421052631579,841,33939.5,1150514904,167551.0,28046255985,0.001501075222760766,-187.0103020222829
76,82,1122,0.717948717948718,841,23572.0,422467584,170281.5,28989671040,0.0014805232500549443,-198.74745114822184
76,83,1156,0.7,841,23760.0,435669696,172887.0,29889897345,0.0014901779024223325,-214.5507686912595
76,84,1122,0.717948717948718,841,30916.0,938192640,170233.5,28973086560,0.0022873782858300828,-333.7684517047916
76,161,306,0.19444444444444445,232,29192.0,817126464,106897.5,7089865200,0.011005291005291004,-959.2030107624921
76,104,442,0.175,319,25368.0,548589888,117943.5,10906368660,0.005280536770921386,-637.4564874851076
77,158,646,0.2619047619047619,435,30561.0,913263120,133717.5,16356443400,0.002733308438883351,-396.8309565348163
77,108,680,0.2,406,25450.5,554383368,136404.5,17284828770,0.005462579023392866,-1060.1404791792258
77,78,1258,0.7317073170731707,841,36888.0,1357570368,180553.5,32538749760,0.0012185290996266605,-197.24623004580468
77,79,1088,0.7368421052631579,841,34203.0,1169018928,167551.0,28046255985,0.0017150666821719456,-218.5311754546534
77,80,1054,0.8571428571428571,841,33666.0,1131308640,164947.5,27146720700,0.0012254901960784314,-128.59886475607644
77,81,1088,0.7368421052631579,841,33939.5,1150514904,167551.0,28046255985,0.001501075222760766,-187.0103020222829
77,82,1122,0.717948717948718,841,23572.0,422467584,170281.5,28989671040,0.0014805232500549443,-198.74745114822184
77,83,1156,0.7,841,23760.0,435669696,172887.0,29889897345,0.0014901779024223325,-214.5507686912595
77,84,1122,0.717948717948718,841,30916.0,938192640,170233.5,28973086560,0.0022873782858300828,-333.7684517047916
77,161,306,0.19444444444444445,232,29192.0,817126464,106897.5,7089865200,0.011005291005291004,-959.2030107624921
77,104,442,0.175,319,25368.0,548589888,117943.5,10906368660,0.005280536770921386,-637.4564874851076
78,158,703,0.19148936170212766,435,32337.0,1005650640,141516.0,17833167360,0.0032689340159275395,-583.6126613512708
78,102,666,0.25,435,29013.5,748651032,138894.5,16845637824,0.0027831033777122567,-430.86798955364355
78,79,1184,0.725,841,35979.0,1287279216,175349.5,30578382144,0.0012557465682465684,-176.5422420015604
78,80,1147,0.7894736842105263,841,35442.0,1245754080,172746.0,29597633280,0.001095344516397148,-134.2201107577126
78,81,1184,0.7692307692307693,841,35715.5,1266903288,175349.5,30578382144,0.0010799825830190204,-141.23429917832502
78,82,1221,0.75,841,25348.0,465205248,178080.0,31606972416,0.001066047556432172,-150.03114147894453
78,83,1258,0.7317073170731707,841,25536.0,479742912,180685.5,32588474688,0.00107502084636231,-162.06797147050372
78,84,1221,0.6666666666666666,841,32692.0,1033102080,178032.0,31588890624,0.0018401379707775414,-309.5031630134676
78,88,518,0.3076923076923077,406,26352.0,542842560,128333.5,12867266880,0.002904210798947642,-318.55097145640605
78,89,518,0.3076923076923077,406,26352.0,542842560,128333.5,12867266880,0.002904210798947642,-318.55097145640605
78,90,666,0.375,435,28631.0,719073072,138809.5,16813617984,0.002286226949688488,-286.36294459236336
79,148,608,0.1590909090909091,435,19059.0,160610256,128531.5,15376858452,0.003230746379530734,-506.50786277286386
79,80,992,0.8,841,32757.0,1072732680,159743.5,25511207580,0.0014048743040339679,-132.55122129043187
79,81,1024,0.7777777777777778,841,33030.5,1090944498,162347.0,26356548409,0.0013615980580266296,-137.93695653870228
79,82,1056,0.7567567567567568,841,22663.0,400593408,165077.5,27243125376,0.0012839762839762842,-141.02286589983967
79,83,1088,0.7368421052631579,841,22851.0,413111952,167683.0,28089115593,0.0012875223401539193,-152.3703181641383
79,84,1056,0.7567567567567568,841,30007.0,889615680,165029.5,27227540064,0.002084330209330209,-250.526984063245
79,90,576,0.3888888888888889,435,25946.0,619201812,125807.0,14492229649,0.0020049494156637016,-185.12175271874492
79,125,320,0.13513513513513514,290,18406.5,117161586,104875.0,7695734841,0.004976553934887268,-416.99453542584746
80,158,589,0.19047619047619047,435,29115.0,838042200,125910.0,14878015200,0.0030132984836817576,-373.83414160856984
80,81,992,0.8,841,32493.5,1055752740,159743.5,25511207580,0.0012026780409133348,-110.65213441474656
80,82,1023,0.7777777777777778,841,22126.0,387671040,162474.0,26369349120,0.0011925519365995558,-119.10854499519131
80,83,1054,0.7567567567567568,841,22314.0,399785760,165079.5,27188205660,0.0012031647448314114,-129.7568794414893
80,84,1023,0.7777777777777778,841,29470.0,860918400,162426.0,26354263680,0.0020405823080982106,-223.53910550033913
81,102,576,0.21951219512195122,435,26065.0,634467421,125892.0,14519828639,0.002829389445243103,-334.53432265220056
81,82,1056,0.9117647058823529,841,22399.5,394252544,165077.5,27243125376,0.0009506833036244801,-86.52693165522007
81,83,1088,0.8857142857142857,841,22587.5,406572936,167683.0,28089115593,0.0009727527374586199,-95.82700858047832
81,84,1056,0.8055555555555556,841,29743.5,875534240,165029.5,27227540064,0.001936385541458005,-215.2257387281403
82,102,594,0.21428571428571427,435,15697.5,232975616,128622.5,15008244096,0.0028004306314410843,-357.1800706462397
82,83,1122,0.9142857142857143,841,12220.0,149293056,170413.5,29033972352,0.0009103641456582632,-92.04542705392639
82,84,1089,0.7837837837837838,841,19376.0,321495040,167760.0,28143415296,0.0014834969545114473,-179.19418427782202
83,102,612,0.20930232558139536,435,15885.5,240256104,131228.0,15474300303,0.00287577926456062,-393.40128768390684
83,84,1122,0.7631578947368421,841,19564.0,331541760,170365.5,29017362528,0.0014613011180516899,-189.91305633879475
84,128,660,0.019230769230769232,551,18423.5,270593440,133797.5,16751577696,0.007907092469229465,-1634.8741736486445
85,113,1681,0.1232876712328767,357,8680.0,70502400,209820.0,44024432000,0.011806500400012998,-13577.749749123006
85,127,820,0.08928571428571429,315,13082.0,127552320,154927.0,20991329200,0.006018399003092881,-2279.099468070401
85,123,1722,0.2028985507246377,441,5413.0,28162080,212299.5,45064830200,0.0018827881475571061,-1520.8102539604395
85,98,1230,0.18333333333333332,420,8097.5,62953200,181112.0,31978555200,0.00287324113077342,-1565.636328723752
85,114,943,0.12280701754385964,420,8091.0,62868960,162694.0,24250362400,0.003960942046818332,-1576.8379665897376
85,128,820,0.2708333333333333,399,8303.5,65622960,154841.5,20955453400,0.003594446364870333,-965.3337480555659
85,86,1599,0.7777777777777778,441,6318.0,39890880,204593.0,41831182800,0.000904777483724852,-302.34639997618575
85,106,820,0.17307692307692307,315,9462.5,80643600,154927.0,20991329200,0.006170123526158177,-2104.1572173731247
85,108,820,0.17307692307692307,294,11134.5,102312720,154927.0,20991329200,0.007915633517520818,-2849.9916021037143
85,109,533,0.22727272727272727,252,7698.0,57775680,136538.0,13275304800,0.006466908145888163,-1444.3810319072
85,110,656,0.2391304347826087,273,4567.5,17204400,144425.0,16584690000,0.0038068399662602565,-977.4413779284513
85,91,492,0.17777777777777778,231,6072.5,36709200,133857.5,12150567000,0.004414351081017748,-979.6357230377
85,92,328,0.16666666666666666,168,6827.5,46494000,123341.5,7738053400,0.005899839610641002,-1048.7921680081724
85,93,697,0.28888888888888886,315,6632.0,43960320,147012.0,17670195200,0.0035751952715691224,-868.5142935033153
85,105,574,0.14583333333333334,252,5677.5,31590000,139109.5,14354306200,0.005508858949810208,-1462.809204919686
85,129,738,0.40476190476190477,357,10601.0,95398560,149601.5,18756749400,0.004021912079403369,-816.4168616516172
86,113,1599,0.1267605633802817,357,8518.0,66977280,204613.0,41839158240,0.011170456380881696,-11647.90953729475
86,122,1443,0.1875,441,5058.0,24377760,194085.0,37640886624,0.0021959225351211326,-1241.3213512791003
86,123,1638,0.22727272727272727,441,5251.0,26753976,207092.5,42827913414,0.0018518067168901014,-1296.0919473943713
86,98,1170,0.2545454545454545,420,7935.5,59805540,175905.0,30391211664,0.002770490054701497,-1194.2135584572336
86,128,780,0.2826086956521739,399,8141.5,62341812,149634.5,19915271838,0.0035528625610921423,-809.1468029082541
86,106,780,0.18,315,9300.5,76611420,149720.0,19949366844,0.005466943718859128,-1604.2573679525078
86,108,780,0.18,294,10972.5,97197084,149720.0,19949366844,0.0071514185806835235,-2223.554335300377
86,109,507,0.23809523809523808,252,7536.0,54886896,131331.0,12616348536,0.006003885915243493,-1128.6648825972557
86,110,624,0.27906976744186046,273,4405.5,16344180,139218.0,15761463300,0.003524187452758881,-733.5179153011978
86,91,468,0.21428571428571427,231,5910.5,34873740,128650.5,11547440190,0.0046483165821144925,-824.7717115254624
86,92,312,0.175,168,6665.5,44169300,118134.5,7353953838,0.006138583638583637,-901.4391663738204
86,93,663,0.2727272727272727,315,6470.0,41762304,141805.0,16793086464,0.0034170559719292407,-734.7869449855734
86,129,702,0.29545454545454547,357,10439.0,90628632,144394.5,17825706558,0.0038578219346273195,-792.3747843272288
87,95,1584,0.19402985074626866,357,9654.0,72232475,204384.5,41347241250,0.0034555282624073474,-2587.2477714881124
87,103,1332,0.5208333333333334,340,4787.5,22837500,186357.0,34722135000,0.0019229683851336205,-805.776406239524
87,138,1620,0.265625,289,17871.5,155640100,207199.0,42381570000,0.007737527460693989,-6162.222565501224
87,139,1440,0.26666666666666666,289,17786.5,154777350,194191.5,37601313750,0.00513856861511215,-2946.6938225557906
87,141,1044,0.3829787234042553,289,18315.5,160146700,165361.0,27006105000,0.004835395969054947,-1386.3608654741947
87,132,1404,0.29310344827586204,289,16996.5,146758850,191568.0,36637177500,0.003739248649441581,-1866.1703644961049
87,143,1116,0.3137254901960784,289,17657.5,153468000,170700.0,28968187500,0.004234405452488527,-1440.3221321418487
87,94,1116,0.45652173913043476,289,5417.5,29232000,170700.0,28968187500,0.0032347194952614903,-1082.1016807197352
87,144,1440,0.35714285714285715,289,15583.0,132411825,194172.0,37594147500,0.003526511011256962,-1767.5647011985902
87,145,1188,0.3269230769230769,289,14761.5,124073600,175923.0,30887640000,0.004989612829913974,-2134.7295287980846
87,130,1872,0.31343283582089554,289,23192.5,209648250,225342.0,49049122500,0.002200370977195467,-2278.477931116152
87,146,648,0.3170731707317073,255,12924.5,105428050,136585.0,16430925000,0.006703569865274237,-1313.9861122434133
87,147,1440,0.26666666666666666,289,16207.0,138745425,194172.0,37594147500,0.003540367181927203,-1931.477520844985
87,153,1116,0.28846153846153844,289,14267.5,119059500,170700.0,28968187500,0.004546140966977152,-1584.4670619023732
87,126,1944,0.25,289,18040.0,157350375,230523.0,50953140000,0.003770941986417238,-4782.490143238746
87,155,900,0.32608695652173914,289,13121.5,107427600,155007.0,23201010000,0.004709413431853694,-1220.260664580098
87,150,792,0.3488372093023256,289,14371.0,120110025,147063.0,20281590000,0.005304633465391765,-1152.9477312878205
87,151,252,0.16216216216216217,119,6431.5,39524100,107673.0,5805765000,0.00975975975975976,-1358.0936570626477
87,152,252,0.16216216216216217,119,6431.5,39524100,107673.0,5805765000,0.00975975975975976,-1358.0936570626477
87,93,612,0.15217391304347827,255,5929.5,34428800,133987.0,15476160000,0.005265323409350189,-1378.3393142125194
87,119,216,0.07692307692307693,102,4392.5,18828250,105032.5,4835381250,0.014019516246236893,-2194.3188194972313
88,89,196,0.8666666666666667,196,14040.0,197121600,68315.0,4666939225,0.004761904761904762,-54.69520083315965
88,90,252,0.5238095238095238,210,16319.0,261115920,78791.0,6098275105,0.007519841269841269,-184.12835512588967
89,90,252,0.5238095238095238,210,16319.0,261115920,78791.0,6098275105,0.007519841269841269,-184.12835512588967
90,148,342,0.15625,225,11711.0,89716752,91991.5,8455013172,0.007436548666387376,-544.8510761520905
90,125,180,0.21739130434782608,150,11058.5,65446362,68335.0,4231523601,0.011079741514524122,-306.1744684956577
91,148,228,0.06896551724137931,165,5244.5,27327960,76315.5,5485477140,0.013810916244553046,-746.9734015630107
91,92,96,0.5384615384615384,88,6420.0,40646375,47399.0,2136078945,0.012347374847374847,-84.40729690369695
91,93,204,0.38095238095238093,165,6224.5,38431360,71069.5,4877832960,0.006950113378684809,-180.17885693228968
92,93,136,0.3888888888888889,120,6979.5,48675200,60553.5,3106433792,0.010543106131341424,-170.91489059565782
93,123,714,0.1568627450980392,315,5565.0,29483264,149511.5,18091230976,0.004568703183910595,-1386.962987891243
93,94,527,0.17073170731707318,255,6272.0,39075840,120937.0,13277913600,0.009277809763555371,-1563.8877635334243
93,127,340,0.15625,225,13234.0,133536256,92139.0,8426948096,0.007254100626076432,-520.2323315294564
94,117,651,0.0196078431372549,340,7430.0,52416000,131425.0,16584780000,0.008498735634805939,-2221.246595081439
94,103,1147,0.3076923076923077,340,5130.0,25920000,173307.0,29790174600,0.003286498892857318,-1406.1245298854376
94,138,1395,0.46153846153846156,289,18214.0,176647680,194149.0,36361657200,0.0042049971803116695,-1969.0027886611651
94,139,1240,0.42,289,18129.0,175668480,181141.5,32260392450,0.002967132113002717,-1023.6278240122535
94,140,1426,0.3508771929824561,289,18405.0,178848000,196725.0,37173870000,0.002806004199009142,-1653.392904138228
94,169,775,0.36585365853658536,289,32676.0,343249920,141693.0,19822280400,0.008379949334783816,-1582.5145969300538
94,167,961,0.47619047619047616,289,25710.0,263001600,157650.0,24853522500,0.004038061975319044,-762.7170283272018
94,141,899,0.4634146341463415,289,18658.0,181762560,152311.0,23170135800,0.002952150551773689,-538.0880393100117
94,170,589,0.42857142857142855,289,27936.0,288645120,125859.0,14829820200,0.00625240146619837,-690.967084163623
94,132,1209,0.48936170212765956,289,17339.0,166567680,178518.0,31433202900,0.002105366947917791,-591.4878933899062
94,171,682,0.39473684210526316,289,32112.0,336752640,133666.5,17291524950,0.005922695699857999,-812.6074011403678
94,156,961,0.3191489361702128,289,14805.0,137376000,157650.0,24853522500,0.006671469532195086,-2353.9278677582543
94,172,868,0.5128205128205128,289,32850.0,345254400,149511.0,22287295800,0.004761342303933541,-721.3075046104473
94,143,961,0.4090909090909091,289,18000.0,174182400,157650.0,24853522500,0.002631962728333222,-557.3547458449331
94,150,682,0.4722222222222222,289,14713.5,136321920,134013.0,17400776400,0.0033333685867542313,-415.734711963101
94,144,1240,0.5434782608695652,289,15925.5,150284160,181122.0,32254244100,0.002062368336360901,-604.4576757953604
94,145,1023,0.4222222222222222,289,15104.0,140820480,162873.0,26500334400,0.0029688537841885097,-822.5840108828619
94,130,1612,0.31746031746031744,289,23535.0,237945600,212292.0,42082145100,0.0021540635565946895,-1779.0667793319885
94,147,1240,0.4791666666666667,289,16549.5,157472640,181122.0,32254244100,0.0021688715245304535,-650.6704557900122
94,153,961,0.5897435897435898,289,14610.0,135129600,157650.0,24853522500,0.0027662796593858996,-453.2787961893634
94,126,1674,0.39344262295081966,289,18382.5,178588800,217473.0,43715714400,0.002939579972408952,-2434.145334947344
94,168,620,0.34210526315789475,272,21813.5,218113920,128861.5,15776508450,0.0113754146159602,-1821.6834955554584
94,155,775,0.696969696969697,289,13464.0,121927680,141957.0,19905519600,0.0029905420213879952,-329.7457168759376
95,120,1100,0.3269230769230769,420,11436.5,122973120,175533.5,28363194912,0.002182311661813356,-703.8323511737672
95,122,1628,0.42105263157894735,441,9096.5,56362680,206901.5,42479986896,0.0011736704156332988,-532.4318157068367
95,97,1188,0.5777777777777777,420,16255.5,260150774,180759.5,30715093500,0.0015253379435643249,-367.40565696825104
95,157,1012,0.21818181818181817,336,12022.5,139654196,170347.5,26029297844,0.004515459951342277,-1783.7001597239714
95,123,1848,0.3870967741935484,441,9289.5,61856618,219909.0,48333856181,0.0012365781424527413,-768.8946318122793
95,124,1452,0.3508771929824561,441,15436.5,236837120,196413.5,37759988352,0.0013959295032563801,-612.4015741025362
95,98,1320,0.2982456140350877,420,11974.0,138273595,188721.5,34298296056,0.0025076401819469677,-1163.7523649823777
95,100,1056,0.2830188679245283,399,18018.5,310336332,172919.0,27186570561,0.0019206423674187783,-625.8745935244391
95,101,1232,0.5652173913043478,420,16607.0,270156573,183371.0,31890367737,0.0014674992842085765,-371.7952718541332
95,162,572,0.26666666666666666,273,17046.5,282667380,144075.5,14205899508,0.0038979440873380257,-787.2977666383246
95,115,1540,0.49056603773584906,441,12607.5,156306806,201623.5,40104686332,0.0012267202421406874,-448.7579314074247
95,116,1012,0.3958333333333333,420,12627.5,156876126,170259.5,25989694500,0.001997230159789576,-516.5451067131047
95,96,1364,0.4423076923076923,420,10266.5,89667900,191199.5,35413490220,0.0012914193230935311,-447.2998021850419
95,117,924,0.2037037037037037,420,11666.5,129520300,165109.5,23671998800,0.0026708457912920725,-870.9571953026873
95,103,1628,0.22727272727272727,420,9366.5,64048500,206991.5,42520490316,0.002764742026119796,-2017.2264237133938
96,115,1085,0.43478260869565216,420,8641.0,69186600,167804.0,28049522640,0.0015934639623897935,-345.4531781287499
96,120,775,0.4358974358974359,400,7470.0,54432000,141714.0,19837434240,0.0021516922109842784,-302.14338897510027
96,112,1426,0.3050847457627119,420,5782.5,33169500,196477.5,37074793500,0.001510385940237028,-747.4569474842051
96,122,1147,0.4166666666666667,420,5130.0,24948000,173082.0,29710825920,0.0016072960190829614,-413.8479997351471
96,130,1612,0.2028985507246377,340,23805.0,260253000,212157.0,42010072920,0.007261439078798769,-6471.987345526554
96,97,837,0.5675675675675675,400,12289.0,115151400,146940.0,21482370000,0.0015671841652233807,-196.92495945889362
96,157,713,0.2857142857142857,320,8056.0,61815600,136528.0,18205088880,0.006871553953517433,-1244.8168485220579
96,123,1302,0.46,420,5323.0,27379800,186089.5,33805066620,0.0017807378153937114,-595.49563733714
96,98,930,0.35555555555555557,400,8007.5,61204500,154902.0,23988489120,0.003381432700376042,-787.981817938164
96,99,279,0.25,180,7634.0,56498400,99658.0,6599887680,0.005283938172043009,-364.4066737697385
96,100,744,0.5277777777777778,380,14052.0,137365200,139099.5,19014494220,0.0018843465084066584,-217.93278271151675
96,101,868,0.5945945945945946,400,12640.5,119580300,149551.5,22304365740,0.0014837458464909445,-188.14618677737994
96,162,403,0.375,260,13080.0,125118000,110256.0,9935714160,0.0038578832681655257,-288.39757847289604
96,163,403,0.375,260,10272.0,89737200,110226.0,9926271360,0.004199941523530233,-317.4045250388845
97,115,945,0.4418604651162791,420,14630.0,200728996,157364.0,24328122000,0.0017923395573874372,-309.3365205378584
97,116,621,0.3888888888888889,400,14650.0,201460116,126000.0,15765750000,0.002675010175010175,-262.7754232204497
97,120,675,0.4857142857142857,400,13459.0,157921920,131274.0,17205552000,0.002947865158260825,-299.4226047500487
97,122,999,0.391304347826087,420,11119.0,72380880,162642.0,25769016000,0.0018406416415943762,-399.4056001979392
97,157,621,0.3157894736842105,320,14045.0,179343736,126088.0,15789774000,0.007040232273951842,-953.7480470733157
97,123,1134,0.38,420,11312.0,79436188,175649.5,29320063500,0.0024692914327365113,-766.1096834313748
97,124,891,0.3953488372093023,420,17459.0,304145920,152154.0,22905792000,0.002656986358007426,-480.00509807154094
97,98,810,0.35714285714285715,400,13996.5,177570770,144462.0,20805876000,0.004221942847126956,-787.5275957164913
97,100,648,0.3783783783783784,380,20041.0,398533512,128659.5,16491793500,0.00215347738245055,-235.80161703570528
97,101,756,0.896551724137931,400,18629.5,346934718,139111.5,19345189500,0.0012901712409101572,-91.41846672732727
97,162,351,0.42857142857142855,260,19069.0,363001080,99816.0,8617518000,0.0038087794040175,-192.12185658876092
98,117,630,0.1590909090909091,400,9407.5,88406500,128812.0,16035004800,0.006009623366982746,-1154.9351097631604
98,122,1110,0.34,420,6837.5,38471400,170604.0,28775212416,0.0023009399292179015,-731.3375952295316
98,123,1260,0.3333333333333333,420,7030.5,42221390,183611.5,32740522776,0.002446422521920174,-1064.465059207098
98,99,270,0.18181818181818182,180,9341.5,87124120,97180.0,6392052864,0.009991828245479773,-892.6951382009621
98,101,840,0.38095238095238093,400,14348.0,184400415,147073.5,21601986552,0.004182021729628466,-785.6450923184321
98,113,1230,0.14516129032258066,340,10297.5,105699200,181132.0,31984652160,0.022890833109237563,-17102.356265271694
98,157,690,0.325,320,9763.5,95323580,134050.0,17631798624,0.004818762103821736,-921.5456409706802
98,106,600,0.25,300,11080.0,120903175,126239.0,15250630896,0.008382813792873424,-1418.2399694859128
98,108,600,0.21951219512195122,280,12752.0,153390135,126239.0,15250630896,0.013439778858751875,-2536.471210067687
98,109,390,0.2647058823529412,240,9315.5,86618940,107850.0,9644781024,0.014042583636526617,-1527.6131216083566
98,110,480,0.3142857142857143,260,6185.0,25793325,115737.0,12049117200,0.006944777911164466,-854.156355311225
98,162,390,0.3870967741935484,260,14787.5,192939900,107778.0,9622831968,0.008332092041769459,-700.7288181483716
100,111,264,0.06060606060606061,209,12627.0,75223800,86739.5,6362328540,0.007272171525311477,-500.95866442644046
100,115,840,0.40476190476190477,399,16393.0,239451528,149523.5,21533328732,0.0020072106171500994,-321.94223090900505
100,120,600,0.53125,380,15222.0,188386560,123433.5,15228993312,0.002667998208639125,-221.3383146401814
100,112,1104,0.2962962962962963,399,13534.5,114798060,178197.0,28461935925,0.002038715541056461,-775.3270100976126
100,101,672,0.40540540540540543,380,20392.5,413861724,131271.0,17122831137,0.002083752006352625,-230.441276859002
100,130,1248,0.1875,323,31557.0,900723240,193876.5,32250698946,0.00948118086574223,-6813.513779331592
100,163,312,0.48,247,18024.0,310576176,91945.5,7620295968,0.004497474747474747,-176.90535460077177
101,115,980,0.46511627906976744,420,14981.5,208449342,159975.5,25259006844,0.0017416345208508578,-303.1364287392181
101,116,644,0.4166666666666667,400,15001.5,209208582,128611.5,16369006500,0.0026254811041225607,-260.52675384685773
101,120,700,0.5142857142857142,400,13810.5,163995840,133885.5,17863900704,0.002453834212549207,-252.51445085471445
101,122,1036,0.3829787234042553,420,11470.5,75164760,165253.5,26755034832,0.0017594683010835467,-401.63919623994684
101,123,1176,0.4,420,11663.5,82491426,178261.0,30441958677,0.0023946959601818547,-747.7475708609724
101,124,924,0.38636363636363635,420,17810.5,315843840,154765.5,23782253184,0.0025512296265700327,-486.4276492739435
101,157,644,0.3076923076923077,320,14396.5,186241572,128699.5,16393949748,0.006784421050121191,-976.0367760658962
101,162,364,0.41379310344827586,260,19420.5,376962660,102427.5,8947256436,0.0036829413060940155,-201.5627274477433
102,107,234,0.4090909090909091,195,13455.5,146151924,76326.5,5653849392,0.005843164771736201,-164.3089853702556
102,156,558,0.225,255,21606.5,461807550,123543.5,14099743050,0.019981766645908346,-3928.359014200809
102,157,414,0.28125,240,14587.5,189989756,102556.5,10345714412,0.011702701877687495,-1025.0512879153557
102,106,360,0.3103448275862069,225,15904.0,240972535,94745.5,8948529598,0.009818496364062866,-606.0562136850795
102,158,342,0.4230769230769231,225,22686.5,503631630,92058.5,8467895160,0.004542346542346542,-207.57752253086522
102,148,342,0.32142857142857145,225,12093.5,93407112,92076.5,8471114892,0.007996442123426251,-462.88502490427163
103,114,851,0.36363636363636365,400,7101.0,43659000,152276.0,21841970832,0.004633869963295201,-1142.677745510799
103,117,777,0.38095238095238093,400,6800.0,40950000,147082.0,19879012800,0.0045133745871871675,-993.3397780221749
103,112,1702,0.25757575757575757,420,4882.5,23692500,212269.5,44515194300,0.002253337193225049,-1791.456645820823
103,138,1665,0.22388059701492538,340,17584.0,138006000,209806.0,43584168672,0.009569663353008673,-8343.335240166196
103,139,1480,0.24193548387096775,340,17499.0,137241000,196798.5,38668270212,0.006521138336843587,-3986.327823424277
103,141,1073,0.29411764705882354,340,18028.0,142002000,167968.0,27772417008,0.0059840551573505886,-2015.879677342958
103,132,1443,0.2459016393442623,340,16709.0,130131000,194175.0,37676776104,0.00464379068914811,-2559.2068244093853
103,121,888,0.32608695652173914,400,4492.5,20182500,154937.5,22847826204,0.0032500815932324516,-907.6771296731114
103,143,1147,0.2830188679245283,340,17370.0,136080000,173307.0,29790174600,0.005373368211828538,-1969.7440678793168
103,122,1369,0.2982456140350877,420,4230.0,17820000,188874.0,35673379776,0.0025893385271858896,-1276.4693565384769
103,144,1480,0.24193548387096775,340,15295.5,117409500,196779.0,38660900616,0.004205972884586014,-2580.4622424241443
103,145,1221,0.2727272727272727,340,14474.0,110016000,178530.0,31764092544,0.006311172115161992,-3015.5532999107413
103,130,1924,0.2535211267605634,340,22905.0,185895000,227949.0,50440916376,0.0022789648416800417,-2651.705857647536
103,147,1480,0.24193548387096775,340,15919.5,123025500,196779.0,38660900616,0.0042425680988474905,-2468.8885912313585
103,153,1147,0.2830188679245283,340,13980.0,105570000,173307.0,29790174600,0.005734861574426889,-2072.556709899221
103,126,1998,0.2638888888888889,340,17752.5,139522500,233130.0,52398961344,0.003912673371776463,-4965.7762455812735
103,155,925,0.3191489361702128,340,12834.0,95256000,157614.0,23859350496,0.006035709587919403,-1629.0848840362507
103,124,1221,0.2962962962962963,420,10570.0,74880000,178386.0,31709670912,0.004815919873577986,-2054.831349503038
103,118,740,0.32558139534883723,400,8083.0,52497000,144423.5,18874291212,0.008431767482007434,-1930.1426267268478
103,150,814,0.3409090909090909,340,14083.5,106501500,149670.0,20857090464,0.007175143162521956,-1627.6974177836785
104,158,247,0.28,165,20817.0,406380240,78906.0,5977337760,0.01009920634920635,-390.22680562492064
104,108,260,0.2692307692307692,154,15706.5,246687336,81593.0,6316609128,0.014385500845455082,-737.7719627017101
104,161,117,0.4666666666666667,88,19448.0,363601728,52086.0,2590937280,0.03333333333333333,-357.93611476393414
104,105,182,0.22727272727272727,132,10249.5,76167000,65775.5,4319428308,0.01754329072825445,-486.929433113403
105,114,322,0.23333333333333334,240,7288.5,47297250,92003.5,7908415372,0.005758744110671087,-351.4927778270347
105,129,252,0.23076923076923078,204,9798.5,71769750,78911.0,6116863857,0.010869096535979044,-433.999329828974
106,107,260,0.5,195,9996.5,93934860,81635.0,6325013664,0.00665842094413523,-214.2350111895345
106,110,320,0.3333333333333333,195,7550.0,33041475,89552.0,7909268700,0.009913851580518246,-551.9844239550381
106,113,820,0.17307692307692307,255,11662.5,135401600,154947.0,20995331360,0.01724967404613539,-7979.891166219673
106,156,620,0.21428571428571427,255,18147.5,296813250,128852.0,15773513100,0.01351824554399444,-3157.635377856337
106,157,460,0.30303030303030304,240,11128.5,122110340,107865.0,11573846504,0.007294297138047138,-756.0774316808365
106,158,380,0.3448275862068966,225,19227.5,323694450,97367.0,9473112720,0.00674937746982082,-428.063278738112
106,108,400,0.42857142857142855,210,14117.0,196494105,100054.0,10010802916,0.005117787855883095,-364.35977782051964
106,109,260,0.43478260869565216,180,10680.5,110959620,81665.0,6331016904,0.011583366128820676,-436.9405551389967
106,148,380,0.3,225,8634.5,60034680,97385.0,9476714664,0.007395133602030154,-549.9802068956141
107,156,403,0.2571428571428571,221,15699.0,180019800,110433.0,9966002400,0.0194731445179308,-2742.250998779774
107,157,299,0.3333333333333333,208,8680.0,74060976,89446.0,7312574016,0.009922048116492561,-564.4674099303999
107,158,247,0.391304347826087,195,16779.0,196323480,78948.0,5985290880,0.006295828677251603,-197.111905016446
107,148,247,0.391304347826087,195,6186.0,36411552,78966.0,5987566656,0.011511216056670602,-398.2024605185423
108,110,320,0.3333333333333333,182,9222.0,41919795,89552.0,7909268700,0.011783864573152626,-716.7017296477032
108,113,820,0.22,238,13334.5,171784320,154947.0,20995331360,0.03102276217920802,-13764.209543422085
108,158,380,0.25806451612903225,210,20899.5,410671890,97367.0,9473112720,0.007601090946441989,-602.7659216760279
108,109,260,0.43478260869565216,168,12352.5,140774724,81665.0,6331016904,0.012747035573122529,-529.0794449879066
108,161,180,0.3181818181818182,112,19530.5,367441608,70547.0,4106216160,0.04379509379509379,-1420.1549821936903
108,159,120,0.08333333333333333,84,14602.0,211809435,63227.0,2641425600,0.0230868369565637,-781.855704182586
108,160,120,0.08333333333333333,84,14602.0,211809435,63227.0,2641425600,0.0230868369565637,-781.855704182586
109,110,208,0.45,156,5785.5,23671980,71163.0,5001967800,0.013021014073645653,-340.7814577855178
109,113,533,0.22727272727272727,204,9898.0,97006080,136558.0,13277835840,0.016268464159508434,-5051.2349645518225
109,173,78,0.05555555555555555,48,12223.0,138465480,44783.0,1663526040,0.03352266832658989,-428.92303566498884
110,111,176,0.17391304347826086,143,3052.5,9159750,65855.0,4162773000,0.011898851665797445,-381.10805308145916
110,113,656,0.1875,221,6767.5,28886400,144445.0,16587852000,0.014934774711255252,-5695.307408906579
110,125,160,0.13043478260869565,130,3087.0,9342945,63226.5,3747207150,0.017841458058849364,-532.6152166598798
111,121,264,0.09375,220,3967.5,15473250,86785.5,6367173260,0.008632995754971562,-584.6691106555746
112,114,1058,0.3018867924528302,420,7483.5,51081030,175581.5,27229643100,0.0022699190587236605,-825.4179467831333
112,115,1610,0.44642857142857145,441,8123.5,57820230,206901.5,41986061100,0.001181852419438363,-536.635585678672
112,117,966,0.34,420,7182.5,47911500,170387.5,24782490000,0.003033793870528564,-957.5808357322381
112,118,920,0.32,420,8465.5,61421490,167729.0,23529937725,0.003713130293861752,-1170.9407774116385
112,120,1150,0.2909090909090909,420,6952.5,45489600,180811.5,29693757600,0.0016836855190984718,-683.7760359713269
112,166,138,0.0425531914893617,63,5578.5,31021380,122989.5,2450922300,0.01356768424298489,-2858.7277135424424
112,128,920,0.2,399,7696.0,53318655,167729.0,23529937725,0.003141996832506043,-1162.5561243604193
112,163,598,0.2553191489361702,273,9754.5,74994660,149323.5,14858186400,0.003694804527366968,-940.7668419795227
112,140,2116,0.09523809523809523,357,18157.5,163478250,235687.5,55548585000,0.00687746506051914,-9850.704680098701
112,121,1104,0.37254901960784315,420,4875.0,23613525,178243.0,28483608825,0.0019953299494821987,-694.0601437340187
112,122,1702,0.4067796610169492,441,4612.5,20849400,212179.5,44472790800,0.0013797236378786488,-738.8661314749132
112,130,2392,0.1951219512195122,357,23287.5,217497150,251254.5,62882977050,0.0037926712105735795,-5880.833389123827
112,126,2484,0.13636363636363635,357,18135.0,163241325,256435.5,65324005200,0.006231469831909716,-11806.026222318089
112,123,1932,0.35384615384615387,441,4805.5,22881690,225187.0,50601274425,0.0016244176918372398,-1206.2779088618477
112,124,1518,0.38596491228070173,441,10952.5,87609600,201691.5,39531369600,0.001545553778981136,-750.2263128148678
113,174,164,0.07142857142857142,68,10826.5,117210240,112795.0,3304980000,0.014324428958575301,-3487.543087571456
113,175,287,0.09090909090909091,68,16198.0,234094080,120661.0,6606182880,0.03540345313601127,-9986.551456114401
113,173,246,0.11904761904761904,68,13205.0,168966400,118065.0,5516693600,0.010936895083236546,-2723.27241720721
113,176,205,0.09523809523809523,68,12972.0,163896320,115302.0,4357117760,0.0168892760356175,-4080.2281209473635
113,177,205,0.09523809523809523,68,12870.0,161676800,114942.0,4206032960,0.01713124274099884,-4144.385007823603
113,178,574,0.2222222222222222,238,24088.5,405791360,139045.0,14321580000,0.010080750511482271,-3071.101134950436
113,179,205,0.022222222222222223,68,12428.0,152058880,115436.0,4413354880,0.024614105199389787,-6882.520614448657
113,159,246,0.09302325581395349,102,12147.5,145955200,118120.0,5539776000,0.012523309765045013,-3288.7452980851945
113,160,246,0.09302325581395349,102,12147.5,145955200,118120.0,5539776000,0.012523309765045013,-3288.7452980851945
113,138,1845,0.3230769230769231,289,20774.0,333667840,220244.0,48399176320,0.007969880475728507,-7979.311235766422
113,139,1640,0.3728813559322034,289,20689.0,331818240,207236.5,42940188720,0.004231656008958324,-2978.9142789170496
113,180,656,0.11764705882352941,272,27430.0,478502400,144280.0,16518604800,0.008198989283547791,-3229.034383849942
113,140,1886,0.3181818181818182,289,20965.0,337824000,222820.0,49480272000,0.00711647281537906,-7584.38675895522
113,169,1025,0.2692307692307692,289,35236.0,648360960,167788.0,26384442240,0.006220170452420767,-2986.8569522452085
113,167,1271,0.2857142857142857,289,28270.0,496780800,183745.0,33081276000,0.006303495986955301,-3376.543111602467
113,132,1599,0.3114754098360656,289,19899.0,314627840,204613.0,41839158240,0.004416028935418661,-3130.606917189171
113,181,533,0.2857142857142857,221,21046.0,339586560,136426.0,13222438080,0.010045535829507955,-2643.1753921711593
113,172,1148,0.2777777777777778,289,35410.0,652147200,175606.0,29665500480,0.006343338985810789,-3024.814342372671
113,143,1271,0.3584905660377358,289,20560.0,329011200,183745.0,33081276000,0.005666393606483123,-2747.3043535230463
113,133,779,0.30434782608695654,255,15538.0,219732480,152323.0,19894091040,0.006678213187209014,-2305.102397150186
113,135,656,0.2391304347826087,255,14050.0,187353600,144445.0,16587852000,0.0076041565406886,-2477.563210608471
113,144,1640,0.24615384615384617,289,18485.5,283870080,207217.0,42932004960,0.004820015167513533,-4106.045637613142
113,145,1353,0.2542372881355932,289,17664.0,265994240,188968.0,35273264640,0.005426735092528304,-3786.790590569269
113,130,2132,0.273972602739726,289,26095.0,449452800,238387.0,56013430560,0.007831945954788163,-11301.927369414521
113,182,656,0.2127659574468085,255,26012.5,447657600,144280.0,16518604800,0.010010525113215577,-3344.642886528123
113,136,697,0.2608695652173913,255,14560.0,198451200,147072.0,17690351360,0.0073223355704618315,-2406.7827380124895
113,147,1640,0.3064516129032258,289,19109.5,297448320,207217.0,42932004960,0.004175034762187005,-3109.357755117211
113,153,1271,0.2631578947368421,289,17170.0,255244800,183745.0,33081276000,0.005055717331540358,-2809.721973767857
113,137,697,0.2608695652173913,255,14624.0,199843840,147072.0,17690351360,0.007461320310895847,-2457.4147037019366
113,126,2214,0.3013698630136986,289,20942.5,337334400,243568.0,58187792640,0.004995264367608804,-7633.504634587588
113,154,492,0.15217391304347827,187,11847.5,139427200,133927.0,12173657760,0.007181313856346869,-2370.8908806235286
114,121,552,0.5161290322580645,400,7093.5,43513470,118249.5,13975860668,0.0030862118765344567,-236.423800610067
114,122,851,0.36363636363636365,420,6831.0,38419920,152186.0,21821164992,0.0022506933459620336,-432.29429345336655
114,124,759,0.36585365853658536,420,13171.0,161441280,141698.0,19396591104,0.0026853510929782287,-427.6982910209535
114,117,483,0.5172413793103449,400,9401.0,88288200,110394.0,12159857600,0.0033192631606134937,-203.9743864069589
114,118,460,0.5357142857142857,400,10684.0,113183532,107735.5,11545276204,0.004066800533869948,-232.749705786878
114,129,414,0.17142857142857143,340,12212.0,142832844,102495.5,10333913964,0.004742512389571214,-389.0014541220576
115,120,875,0.6216216216216216,420,9811.0,94884480,152138.0,22465282944,0.0018052979450038271,-234.26404171785612
115,121,840,0.2553191489361702,420,7733.5,49254270,149569.5,21549725708,0.0021556851092411843,-446.4878699623854
115,122,1295,0.3333333333333333,441,7471.0,43488720,183506.0,33646594752,0.0014247620479893265,-473.01832758765886
115,130,1820,0.1917808219178082,357,26146.0,453666420,222581.0,47575112952,0.00513435883336151,-5195.630867094338
115,123,1470,0.375,441,7664.0,47727772,196513.5,38283196172,0.0016638425971725087,-708.6196190655626
115,124,1155,0.3877551020408163,441,13811.0,182740480,173018.0,29908084224,0.00203751501045598,-533.5919504693306
115,116,805,0.6111111111111112,420,11002.0,121043604,146864.0,20585334000,0.0016109342597437836,-183.26420265135334
115,128,700,0.34146341463414637,399,10554.5,111214714,139055.5,17801947324,0.002529958719785421,-354.4124544291192
115,131,525,0.28205128205128205,294,13702.0,180346404,125920.0,13119719536,0.005250918760087609,-697.3736586881922
115,163,455,0.3333333333333333,273,12613.0,156427608,120650.0,11241196416,0.003369952358047596,-332.2620608734274
116,120,575,0.5,400,9831.0,95230080,120774.0,14558544000,0.0027702098726173677,-218.83853676563746
116,124,759,0.36585365853658536,420,13831.0,183406080,141654.0,19381824000,0.003183445151842914,-488.9531335422781
116,128,460,0.34375,380,10574.5,111619794,107691.5,11536486500,0.0032332707497181186,-219.42969986438715
116,131,345,0.26666666666666666,280,13722.0,181003284,94556.0,8502186000,0.00644737286978666,-408.0714431033199
117,121,504,0.5,400,6792.5,40813500,113055.5,12719837200,0.003254154192288066,-225.45348982032434
117,122,777,0.45,420,6530.0,36036000,146992.0,19860076800,0.0022583354374405814,-349.2392558052948
117,123,882,0.21153846153846154,420,6723.0,39548600,159999.5,22596854800,0.0029480885995788065,-940.3014173093783
117,124,693,0.38461538461538464,420,12870.0,151424000,136504.0,17653401600,0.0031193171025963294,-435.7183723720578
117,118,420,0.5769230769230769,400,10383.0,106160600,102541.5,10507691600,0.004681130834976989,-221.9926220626184
118,121,480,0.4666666666666667,400,8075.5,52322010,110397.0,12076953413,0.004606123200027888,-317.4860796559459
118,122,740,0.35714285714285715,420,7813.0,46197360,144333.5,18856312272,0.003295429979722813,-558.761246683823
118,124,660,0.5142857142857142,420,14153.0,194122240,133845.5,16761166464,0.0032718087234893957,-369.4270054834708
119,123,252,0.09090909090909091,126,4028.0,16123660,120557.0,5652435685,0.006735512549466037,-1265.5990731045051
120,166,75,0.07692307692307693,60,7266.0,50906880,68226.0,1311403392,0.017435897435897435,-549.9756829786455
120,131,375,0.21212121212121213,280,12531.0,141886080,99830.0,9278645376,0.006463365514585433,-544.8637562276847
120,163,325,0.46153846153846156,260,11442.0,123068160,94560.0,7950099456,0.004135087135087135,-185.7736820931138
120,130,1300,0.18461538461538463,340,24975.0,356918400,196491.0,33646496832,0.009551148478319282,-7219.755690714047
120,124,825,0.38095238095238093,420,12640.0,143769600,146928.0,21151862784,0.003269659324617133,-568.5250007044517
121,140,1104,0.1111111111111111,340,17767.5,139259250,178355.5,28510813800,0.008904576976246234,-5389.44125835511
121,131,360,0.21875,280,10453.5,73652670,97261.5,8900500532,0.00937356675319199,-733.7933631519844
121,122,888,0.5641025641025641,420,4222.5,17760600,154847.5,22826062224,0.0019326530177327986,-304.64704558535675
121,123,1008,0.2692307692307692,420,4415.5,19491810,167855.0,25971561889,0.002223836611633082,-752.8396138866506
121,124,792,0.46153846153846156,420,10562.5,74630400,144359.5,20289833088,0.002511621036809065,-377.8275070768286
122,140,1702,0.09210526315789473,357,17505.0,122958000,212292.0,44515267200,0.007754880692488883,-7709.288280289137
122,131,555,0.20930232558139536,294,10191.0,65031120,131198.0,13896767808,0.006767073980529128,-1201.3835152677796
122,157,851,0.25,336,6886.0,38855520,152230.0,21837777984,0.004799602899406693,-1267.6534651149648
122,123,1554,0.49056603773584906,441,4153.0,17210160,201791.5,40550614416,0.0013331112164014938,-545.7156190034997
122,124,1221,0.48936170212765956,441,10300.0,65894400,178296.0,31679465472,0.0016031936605404862,-421.41831495385577
122,162,481,0.3157894736842105,273,11910.0,78645600,125958.0,11918311488,0.0038026320921057755,-461.85476258376406
123,127,840,0.10714285714285714,315,12015.0,85546664,157426.5,21491499146,0.006189125731159629,-2292.2888185018505
123,145,1386,0.07142857142857142,357,14397.0,106251008,191447.5,36106852704,0.007378168619680184,-5419.094275899894
123,126,2268,0.1566265060240964,357,17675.5,134747730,246047.5,59562903504,0.005889127085861229,-9593.485537189667
123,157,966,0.25,336,7079.0,42642952,165237.5,24847089124,0.004933219519160847,-1824.1025994135225
123,131,630,0.2391304347826087,294,10384.0,71370012,144205.5,15811783988,0.006366127560858584,-1592.9880293943013
123,148,798,0.03389830508474576,315,4585.0,20965104,154757.5,20344902084,0.007660113621311422,-3276.7051650858357
123,162,546,0.27906976744186046,273,12103.0,86311560,138965.5,13560690468,0.005214360820673111,-1016.903086463296
124,128,660,0.15217391304347827,399,13383.5,168513280,133845.5,16761166464,0.0036099044344146064,-668.769117237868
125,148,190,0.20833333333333334,150,4171.5,16975656,71059.5,4489822548,0.015896739130434785,-570.9624040641248
126,130,2808,0.5142857142857142,289,36157.5,1280816550,272115.0,74019730464,0.00254118556748728,-3673.4834294586317
126,140,2484,0.5873015873015873,289,31027.5,962705250,256548.0,65386396800,0.0028552718485844986,-3041.9905590970084
126,138,2430,0.546875,289,30836.5,950861340,253972.0,63957767808,0.004779382224084468,-5088.789367858924
126,139,2160,0.5932203389830508,289,30751.5,945590490,240964.5,56743912368,0.0031957151121016583,-2499.8545776819124
126,169,1350,0.3389830508474576,289,45298.5,1847649960,201516.0,34866089856,0.005784882835812389,-4018.9494957786687
126,167,1674,0.4406779661016949,289,38332.5,1415688300,217473.0,43715714400,0.0029914357059794947,-2021.8896770025433
126,141,1566,0.38333333333333336,289,31280.5,978393780,212134.0,40754747712,0.003527674177962965,-2470.6810370230714
126,170,1026,0.2807017543859649,289,40558.5,1553722560,185682.0,26084680128,0.00536105947572447,-3076.8540948111454
126,142,1242,0.3050847457627119,289,28460.5,803525580,196453.0,32058190560,0.004224117073196764,-2812.11883191002
126,132,2106,0.631578947368421,289,29961.5,896602590,238341.0,55288940256,0.002120603323116616,-1473.9561671441963
126,171,1188,0.3103448275862069,289,44734.5,1812676320,193489.5,30414657168,0.00550858956087951,-3362.156558479906
126,184,1242,0.3508771929824561,289,44300.5,1785763980,195606.0,31588451136,0.0043333817093249,-2530.3439893223863
126,185,1296,0.3684210526315789,289,45609.5,1866935070,198183.5,33017912016,0.004310476634728095,-2532.239115152582
126,164,1296,0.3,289,33626.5,1123869240,198908.0,33419713920,0.0036274638687523162,-2429.8170895515254
126,156,1674,0.26865671641791045,289,27427.5,739469250,217473.0,43715714400,0.007559294759599126,-8360.721042176807
126,181,702,0.21818181818181817,221,31108.5,967728060,170154.0,17472975552,0.005003364574071644,-2606.743250655029
126,172,1512,0.41379310344827586,289,45472.5,1858439700,209334.0,39201890112,0.003672053281345041,-2303.363067024034
126,143,1674,0.49122807017543857,289,30622.5,937591200,217473.0,43715714400,0.002581144244727635,-1643.8377975048556
126,133,1026,0.32727272727272727,255,25600.5,626176980,186051.0,26289324576,0.0031676553898776104,-1785.954759350653
126,134,918,0.26785714285714285,255,25574.5,624564720,180736.0,23341668096,0.0035762481089835737,-2016.7263820944668
126,135,864,0.2727272727272727,255,24112.5,533906100,178173.0,21920248800,0.003574780999023422,-1916.4360573870183
126,127,1080,0.2982456140350877,255,25344.5,610302420,188675.0,27744573984,0.0030854389597520663,-1914.9554230137157
126,144,2160,0.5161290322580645,289,28548.0,808951455,240945.0,56733097824,0.0023977564706393188,-2073.760690665523
126,145,1782,0.4262295081967213,289,27726.5,758010240,222696.0,46612348416,0.0029788813295184282,-2478.1779791764575
126,146,972,0.2413793103448276,255,25889.5,644097870,183358.0,24795808320,0.004169800812426154,-2545.5255078401206
126,136,918,0.2909090909090909,255,24622.5,565531200,180800.0,23377161984,0.003392122281011168,-1832.7945338675822
126,147,2160,0.6206896551724138,289,29172.0,847645695,240945.0,56733097824,0.002076303928237782,-1516.338322358255
126,153,1674,0.46551724137931033,289,27232.5,727377300,217473.0,43715714400,0.0027454414242479414,-1793.2861333271649
126,137,918,0.26785714285714285,255,24686.5,569499840,180800.0,23377161984,0.0034990615869918574,-1963.0017783316152
126,173,324,0.034482758620689655,68,23267.5,481507650,151793.0,7290111840,0.012841039458816863,-7016.9968385582
126,150,1188,0.3333333333333333,289,27336.0,733795335,193836.0,30606823296,0.0036235970889711396,-2146.2517634945243
126,159,324,0.05263157894736842,102,22210.0,415932075,151848.0,7320614400,0.012470799639793613,-6631.678239778782
126,160,324,0.05263157894736842,102,22210.0,415932075,151848.0,7320614400,0.012470799639793613,-6631.678239778782
126,188,54,0.0,17,15502.5,0,138648.0,0,0.01818181818181818,-8413.711690308883
126,168,1080,0.2542372881355932,272,34436.0,1174066335,188684.5,27749842608,0.009232277030623145,-6354.508071995983
126,154,648,0.17857142857142858,187,21910.0,397329075,167655.0,16087050144,0.004684273964148052,-2623.923876476424
126,155,1350,0.43636363636363634,289,26086.5,656313840,201780.0,35012502144,0.003282740921629811,-1859.8688176983285
127,130,1040,0.2631578947368421,255,30497.0,813146040,183494.0,26707814436,0.00304293134853707,-1740.3273006396173
127,140,920,0.2692307692307692,255,25367.0,611188200,167927.0,23592733200,0.0034359210887378697,-1390.293975655812
127,138,900,0.22641509433962265,255,25176.0,603668912,165351.0,23077254992,0.004519857585022581,-1798.2438432069112
127,139,800,0.30434782608695654,255,25091.0,600322632,152343.5,20474350182,0.003271380138468737,-737.9065251021207
127,132,780,0.3111111111111111,255,24301.0,569221912,149720.0,19949366844,0.002629275743718944,-508.58049798245514
127,133,380,0.5,225,19940.0,397538064,97430.0,9485719524,0.005555240679333568,-256.9695183581326
127,135,320,0.5,225,18452.0,338958480,89552.0,7909268700,0.004671738513514561,-161.8188527969941
127,144,800,0.2,255,22887.5,513575244,152324.0,20470448076,0.0026965987212810866,-718.3440229659965
127,136,340,0.5416666666666666,225,18962.0,359036160,92179.0,8434952416,0.004503453698490615,-159.43545440456975
127,147,800,0.2765957446808511,255,23511.5,538140876,152324.0,20470448076,0.002649999620598371,-576.82334011454
127,137,340,0.48,225,19026.0,361555712,92179.0,8434952416,0.0046495296851264386,-179.27611020045904
127,154,240,0.3333333333333333,165,16249.5,252250460,79034.0,5804532756,0.008975266380157684,-314.211066216268
127,134,340,0.6818181818181818,225,19914.0,396514496,92115.0,8422145504,0.0050647672740696,-153.5098258023263
128,129,360,0.52,323,12424.5,149089694,94643.0,8929839849,0.004062789062789062,-156.12166683144906
130,163,676,0.22641509433962265,221,27777.0,588419640,165003.0,16836061248,0.011306068145690788,-5115.163451073822
130,138,2340,0.49230769230769234,289,35989.0,1266895080,248791.0,61567793232,0.005480255478064484,-5664.0236677247485
130,139,2080,0.5333333333333333,289,35904.0,1259872380,235783.5,54623505222,0.004026273085955849,-3032.680375916297
130,140,2392,0.48484848484848486,289,36180.0,1282675500,251367.0,62943037200,0.002596514382747052,-2867.9762697097626
130,167,1612,0.36065573770491804,289,43485.0,1886214600,212292.0,42082145100,0.0037289951638252833,-2479.159183770594
130,141,1508,0.44642857142857145,289,36433.0,1303578360,206953.0,39231823848,0.0033232929821078116,-1872.6533191669082
130,142,1196,0.29310344827586204,289,33613.0,1070589960,191272.0,30860239740,0.004310836341818301,-2555.058971525423
130,132,2028,0.5166666666666667,289,35114.0,1194602580,233160.0,53222902524,0.0027664171719496687,-1975.4974048801416
130,184,1196,0.2711864406779661,289,49453.0,2379290760,190425.0,30408053544,0.004497521984718044,-2576.806760884908
130,185,1248,0.3103448275862069,289,50762.0,2487440340,193002.5,31784098314,0.0045722856234352,-2548.0000709208
130,164,1248,0.3103448275862069,289,38779.0,1497404880,193727.0,32170885680,0.0033045527655875505,-1903.6880153125726
130,181,676,0.22641509433962265,221,36261.0,1289367720,164973.0,16820045208,0.006349952458443025,-2796.623587146829
130,172,1456,0.3559322033898305,289,50625.0,2476121400,204153.0,37736993448,0.004254634119666782,-2534.530065776365
130,143,1612,0.5660377358490566,289,35775.0,1249214400,212292.0,42082145100,0.0030644317382343507,-1555.496788371477
130,133,988,0.26785714285714285,255,30753.0,834296760,180870.0,25306944804,0.004516813057514095,-2417.3423600552674
130,134,884,0.2777777777777778,255,30727.0,832148640,175555.0,22469436384,0.003729219129284941,-1791.6209676644758
130,135,832,0.25925925925925924,255,29265.0,711358200,172992.0,21101132700,0.0041096834510490525,-1940.8279708729867
130,144,2080,0.559322033898305,289,33700.5,1077819210,235764.0,54613094796,0.001766154435833504,-1294.5971898924424
130,145,1716,0.49122807017543857,289,32879.0,1009946880,217515.0,44870537664,0.0031423108677231227,-2128.1779796247447
130,150,1144,0.39622641509433965,289,32488.5,977683770,188655.0,29463107184,0.003517934568847409,-1654.232099577746
130,178,728,0.24528301886792453,238,39303.5,1540739070,167592.0,18218245500,0.006322912291707647,-2808.408558284439
130,151,364,0.11320754716981132,119,24549.0,321722280,149265.0,8434046664,0.007039187227866473,-2986.911151811173
130,152,364,0.11320754716981132,119,24549.0,321722280,149265.0,8434046664,0.007039187227866473,-2986.911151811173
130,146,936,0.32075471698113206,255,31042.0,858173940,178177.0,23869238280,0.0036522731823892918,-1711.0912162452103
130,182,832,0.2830188679245283,255,41227.5,1699699950,172827.0,21013044480,0.0057225465833956385,-2558.093999633851
130,136,884,0.2777777777777778,255,29775.0,753494400,175619.0,22503603936,0.0039575683094160916,-1884.7131276297614
130,147,2080,0.559322033898305,289,34324.5,1129374090,235764.0,54613094796,0.0021128838152922815,-1485.890303314114
130,153,1612,0.4067796610169492,289,32385.0,969132600,212292.0,42082145100,0.003150003650283474,-1961.2090186484577
130,137,884,0.2777777777777778,255,29839.0,758782080,175619.0,22503603936,0.003993895442179283,-1905.8968334916176
130,154,624,0.18518518518518517,187,27062.5,529387650,162474.0,15485909076,0.0059189513747557754,-2816.406793312704
130,155,1300,0.3275862068965517,289,31239.0,874450080,196599.0,33704154576,0.003322778258063283,-1924.941028532405
131,183,15,0.0,14,8211.0,0,36806.0,0,0.0625,-545.9856456201701
132,140,1794,0.6666666666666666,289,29984.0,897903900,217593.0,47015218800,0.00176016461996094,-792.4691183625382
132,138,1755,0.7142857142857143,289,29793.0,886857224,215017.0,45987982128,0.001972112544093632,-783.4278259369605
132,139,1560,0.8372093023255814,289,29708.0,881941164,202009.5,40800955338,0.0010924728246300018,-264.3823160020128
132,180,624,0.375,272,36449.0,1271813640,139053.0,15695665920,0.0034295565545565546,-435.8616327027404
132,169,975,0.45454545454545453,289,44255.0,1723281456,162561.0,25069998096,0.0028043850347542186,-571.0881660539844
132,167,1209,0.5909090909090909,289,37289.0,1320395880,178518.0,31433202900,0.0014523101305663679,-280.61376318624554
132,141,1131,0.5813953488372093,289,30237.0,912536408,173179.0,29304159192,0.001508340440651106,-280.22448016770954
132,170,741,0.4146341463414634,289,39515.0,1449138816,146727.0,18755842248,0.002409214510182946,-334.7104716110877
132,186,741,0.45,289,42575.0,1626116976,146088.0,18501026940,0.002908025023409639,-369.0098142725575
132,142,897,0.4090909090909091,289,27417.0,749438888,157498.0,23051015460,0.0020698503919793,-388.2306415956279
132,150,858,0.4523809523809524,289,26292.5,684402306,154881.0,22007429136,0.001825660696153353,-283.3886576147744
132,171,858,0.4523809523809524,289,43691.0,1690661952,154534.5,21869254638,0.002299478526036222,-354.9866884998595
132,184,897,0.55,289,43257.0,1665561128,156651.0,22713255576,0.0018982311261723022,-260.5732470586621
132,185,936,0.5365853658536586,289,44566.0,1741268452,159228.5,23741090406,0.001907502468836758,-278.36920118385285
132,164,936,0.46511627906976744,289,32583.0,1048219664,159953.0,24030000720,0.0018040641583017335,-306.0791549681463
132,156,1209,0.37254901960784315,289,26384.0,689694300,178518.0,31433202900,0.006894516145349342,-2696.615217177199
132,181,507,0.3,221,30065.0,902588616,131199.0,12563710632,0.0028910210160210162,-359.828882160814
132,172,1092,0.5581395348837209,289,44429.0,1733344920,170379.0,28187597592,0.0015252274588778275,-260.8091255097938
132,143,1209,0.6666666666666666,289,29579.0,874480320,178518.0,31433202900,0.0011212703713705844,-201.57932491778732
132,133,741,0.38095238095238093,255,24557.0,584027928,147096.0,18902989116,0.002673616872223143,-429.2924291074098
132,134,663,0.3333333333333333,255,24531.0,582524192,141781.0,16783515936,0.002366210380147661,-354.7377347139955
132,135,624,0.375,255,23069.0,497967960,139218.0,15761463300,0.0028368159618159614,-372.7749723678211
132,144,1560,0.6458333333333334,289,27504.5,754499538,201990.0,40793179284,0.001138918383519281,-342.20317056029484
132,145,1287,0.5,289,26683.0,706987264,183741.0,33515989056,0.002059446387691572,-608.5715163738782
132,146,702,0.32558139534883723,255,24846.0,600742532,144403.0,17829096120,0.002225337149851306,-358.086175222858
132,136,663,0.4,255,23579.0,527464320,141845.0,16809037344,0.002487281237281237,-332.9578327247008
132,147,1560,0.8372093023255814,289,28128.5,790589202,201990.0,40793179284,0.0008239292492739705,-187.40219387279814
132,153,1209,0.627906976744186,289,26189.0,678416280,178518.0,31433202900,0.0012947974603502595,-239.14489875739412
132,137,663,0.36585365853658536,255,23643.0,531165824,141845.0,16809037344,0.0026855512373805046,-378.3957178086753
132,155,975,0.5609756097560976,289,25043.0,612136224,162825.0,25175273904,0.001564420504969285,-244.79051816942217
133,140,874,0.3,255,25623.0,627085800,165303.0,22355254800,0.004029255355244157,-1458.2788082100053
133,138,855,0.2549019607843137,255,25432.0,619370928,162727.0,21866814288,0.0043582429328701934,-1554.7126598865802
133,139,760,0.3409090909090909,255,25347.0,615937608,149719.5,19400436198,0.0028232667229896925,-559.5298837464499
133,159,114,0.13636363636363635,90,16805.5,270929340,60603.0,2502878400,0.017009406131735412,-350.1888446716567
133,160,114,0.13636363636363635,90,16805.5,270929340,60603.0,2502878400,0.017009406131735412,-350.1888446716567
133,181,247,0.6,195,25704.0,630357552,78909.0,5973915672,0.005522328548644337,-113.4361850478323
133,143,589,0.35135135135135137,255,25218.0,610727040,126228.0,14946165900,0.0029750426136856806,-299.9956161598857
133,134,323,0.5652173913043478,225,20170.0,406828224,89491.0,7980389856,0.005128216096595543,-157.51992690588082
133,135,304,0.75,225,18708.0,347775120,86928.0,7494414300,0.004573934837092733,-102.27841922681495
133,136,323,0.8,225,19218.0,368375040,89555.0,7992525024,0.004385964912280702,-100.40289212388414
133,147,760,0.3409090909090909,255,23767.5,552138444,149700.0,19396738764,0.002779413924325427,-505.65806619174083
133,137,323,0.7142857142857143,225,19282.0,370960128,89555.0,7992525024,0.0045238095238095246,-114.64165456055662
134,140,782,0.2857142857142857,255,25597.0,625471200,159988.0,19848700800,0.0034758859639440693,-1158.2153452974105
134,138,765,0.2653061224489796,255,25406.0,617776192,157412.0,19415026048,0.0038553719528632434,-1213.9367328110104
134,139,680,0.32558139534883723,255,25321.0,614351712,144404.5,17225187408,0.0027557658500492726,-490.0402195183852
134,178,238,0.14814814814814814,210,28720.5,751310768,76213.0,5745012000,0.005583641692861872,-187.0878289097744
134,135,272,0.5714285714285714,225,18682.0,346879680,81613.0,6654112800,0.0040978664192949914,-90.24939345738937
134,144,680,0.2391304347826087,255,23117.5,525577104,144385.0,17221904544,0.0026779755758850254,-543.0303838356151
134,136,289,0.6190476190476191,225,19192.0,367426560,84240.0,7096373504,0.003797327011612726,-85.9669999182192
134,147,680,0.29545454545454547,255,23741.5,550716816,144385.0,17221904544,0.0024108365010439875,-410.5813751431599
134,137,289,0.6190476190476191,225,19256.0,370004992,84240.0,7096373504,0.0035923005565862715,-82.03311980805233
134,154,204,0.38095238095238093,165,16479.5,258145360,71095.0,4883386464,0.007974000206143063,-177.77913102954713
135,140,736,0.2916666666666667,255,24135.0,534681000,157425.0,18639990000,0.003820514624447498,-1197.2464015989137
135,139,640,0.3333333333333333,255,23859.0,525175560,141841.5,16176238650,0.003170910283730179,-522.0967036627515
135,181,208,0.6111111111111112,195,24216.0,537470640,71031.0,4981098600,0.004912571089041677,-68.60065991953931
135,143,496,0.34285714285714286,255,23730.0,520732800,118350.0,12462232500,0.0030339595664575216,-241.1812564904034
135,136,272,0.8333333333333334,225,17730.0,314092800,81677.0,6664231200,0.0035014005602240893,-55.75391549947919
135,147,640,0.3333333333333333,255,22279.5,470777580,141822.0,16173155700,0.0029331876449603307,-440.1879647091593
135,137,272,0.8333333333333334,225,17794.0,316296960,81677.0,6664231200,0.003921568627450981,-62.60203752718916
136,140,782,0.3125,255,24645.0,566352000,160052.0,19878883200,0.0035577073470125604,-1126.5695995593883
136,138,765,0.2653061224489796,255,24454.0,559384320,157476.0,19444548992,0.0038629489374810435,-1204.040422285067
136,139,680,0.35714285714285715,255,24369.0,556283520,144468.5,17251380432,0.0026816557003989405,-449.1494555150305
136,181,221,0.6666666666666666,195,24726.0,569306880,73658.0,5312163648,0.004679144385026738,-67.35995731547574
136,143,527,0.37142857142857144,255,24240.0,551577600,120977.0,13290525600,0.002769823609044252,-225.11125027709764
136,147,680,0.35714285714285715,255,22789.5,498663360,144449.0,17248092576,0.0025971786417039403,-396.721618544432
136,137,289,0.7894736842105263,225,18304.0,335032320,84304.0,7107164416,0.003606237816764133,-65.89238193432905
137,140,782,0.2857142857142857,255,24709.0,570326400,160052.0,19878883200,0.0037309726667348543,-1233.2848378944777
137,139,680,0.32558139534883723,255,24433.0,560187264,144468.5,17251380432,0.0030117268202959568,-529.2059677715076
137,178,238,0.14814814814814814,210,27832.5,685071296,76277.0,5753748000,0.005585902806234097,-183.2789222633189
137,181,221,0.5789473684210527,195,24790.0,573302016,73658.0,5312163648,0.004966329966329966,-79.93324595316878
137,143,527,0.37142857142857144,255,24304.0,555448320,120977.0,13290525600,0.0027554845400833347,-225.15391644215345
137,147,680,0.32558139534883723,255,22853.5,502162752,144449.0,17248092576,0.0027635616913981053,-443.4205295686478
138,140,2070,0.5964912280701754,289,30859.0,952241400,233224.0,54386798400,0.004022202775791551,-2861.3857500617323
138,174,180,0.06521739130434782,68,20720.5,330386364,123199.0,3632706000,0.010466988727858293,-2477.7128714337246
138,175,315,0.061224489795918366,68,26092.0,659852688,131065.0,7261260336,0.025318291539489692,-7267.024169671125
138,150,990,0.425531914893617,289,27167.5,725819556,170512.0,25458003648,0.0030296505348342035,-897.9317077088717
138,178,630,0.22916666666666666,238,33982.5,1143824396,149449.0,15741726000,0.003983404518677889,-1151.8019970341627
138,191,270,0.0625,68,23301.5,488694580,127004.0,5387937280,0.011487610440615557,-3003.7438962496813
138,192,135,0.02127659574468085,51,18652.0,203512848,119934.0,2126574560,0.018168484366721294,-4319.191816753446
138,193,90,0.021739130434782608,34,16990.5,101603084,117629.0,1063287280,0.016666666666666666,-3766.5497716758146
138,139,1800,0.7708333333333334,289,30583.0,935312664,217640.5,47198192184,0.0015983936604608842,-653.42447256125
138,180,720,0.32608695652173914,272,37324.0,1348778640,154684.0,18156610560,0.003909069996026517,-1044.2650334996133
138,169,1125,0.42857142857142855,289,45130.0,1827567456,178192.0,29000756928,0.003951504086435418,-1439.8535480365458
138,167,1395,0.5833333333333334,289,38164.0,1400300880,194149.0,36361657200,0.002005111679526369,-676.4464736198768
138,141,1305,0.5102040816326531,289,31112.0,967759408,188810.0,33898797856,0.002838277537670308,-997.9375664640529
138,170,855,0.391304347826087,289,40390.0,1536834816,162358.0,21696596064,0.003704240803558791,-1010.607266854863
138,186,855,0.391304347826087,289,43450.0,1724522976,161719.0,21401827920,0.0033751299693328676,-900.4974620203536
138,142,1035,0.4166666666666667,289,28292.0,794791888,173129.0,26665215280,0.0022767099293231068,-755.0580782254484
138,171,990,0.45652173913043476,289,44566.0,1792973952,170165.5,25298164584,0.0028457521370991094,-808.6040037567772
138,184,1035,0.4782608695652174,289,44132.0,1766354128,172282.0,26274497568,0.0027504267700346136,-769.1734346392285
138,185,1080,0.5,289,45441.0,1846642952,174859.5,27463488008,0.0026853925021017946,-757.3624575884768
138,164,1080,0.4375,289,33458.0,1111653664,175584.0,27797696960,0.003043164762384636,-967.0885964117114
138,156,1395,0.35714285714285715,289,27259.0,731431800,194149.0,36361657200,0.013283653188746393,-8187.035676583311
138,181,585,0.20833333333333334,221,30940.0,957209616,146830.0,14533591776,0.0042237271036134755,-1207.3000992702648
138,172,1260,0.5531914893617021,289,45304.0,1838239920,186010.0,32607169056,0.002018341954693159,-620.4020436646927
138,143,1395,0.5510204081632653,289,30454.0,927400320,194149.0,36361657200,0.0022213293990143317,-787.9792643577028
138,144,1800,0.7,289,28379.5,800158788,217621.0,47189196912,0.0020600739825386203,-909.7345924755086
138,145,1485,0.5,289,27558.0,749771264,199372.0,38771006208,0.0029340738414270393,-1387.8957905822654
138,146,810,0.2857142857142857,255,25721.0,637097032,160034.0,20624544160,0.0034531102472817182,-1105.402022108518
138,147,1800,0.7,289,29003.5,838432452,217621.0,47189196912,0.001808245065389227,-762.7531912447798
138,153,1395,0.6170212765957447,289,27064.0,719471280,194149.0,36361657200,0.0020853884550494604,-673.4405872233183
138,168,900,0.32653061224489793,272,34267.5,1161305156,165360.5,23081637304,0.0046283488728129625,-1672.7301190353014
138,154,540,0.2127659574468085,187,21741.5,393010420,144331.0,13380813072,0.004803740809528131,-1380.4485814646648
138,155,1125,0.5217391304347826,289,25918.0,649180224,178456.0,29122539072,0.0025129278933626754,-740.7799702235343
139,140,1840,0.6538461538461539,289,30774.0,946962900,220216.5,48252461400,0.002679676637061449,-1332.056228442554
139,174,160,0.07317073170731707,68,20635.5,328554954,110191.5,3222969750,0.009857723577235775,-1266.3613340925456
139,175,280,0.06818181818181818,68,26007.0,656194968,118057.5,6442256106,0.024967810724818167,-4057.2849688795272
139,150,880,0.4418604651162791,289,27082.5,721796166,157504.5,22586572008,0.0022075781911417513,-404.54762318947746
139,180,640,0.3333333333333333,272,37239.0,1341302040,141676.5,16108709760,0.003061748227253454,-491.9053176613973
139,169,1000,0.41304347826086957,289,45045.0,1817436816,165184.5,25729734888,0.0025420518257998916,-628.5601771823391
139,167,1240,0.5434782608695652,289,38079.0,1392538680,181141.5,32260392450,0.0017186338179518057,-403.46381947012185
139,141,1160,0.5333333333333333,289,31027.0,962394888,175802.5,30075321276,0.0020108500603856633,-453.5438611833977
139,186,760,0.40476190476190477,289,43365.0,1714963536,148711.5,18987896070,0.002782854002366197,-445.8295111501278
139,142,920,0.4,289,28207.0,790386168,160121.5,23657621130,0.0024522142965553717,-536.5586571796521
139,171,880,0.4090909090909091,289,44481.0,1783035072,157158.0,22444761339,0.0025431744972613645,-486.28053251244427
139,184,920,0.5,289,44047.0,1756562808,159274.5,23310972828,0.0021252341784213065,-363.6722155474476
139,185,960,0.5609756097560976,289,45356.0,1836406572,161852.0,24365855943,0.002121080139372822,-349.8542095954338
139,164,960,0.45454545454545453,289,33373.0,1105491504,162576.5,24662369160,0.002202509225807585,-438.605057370513
139,156,1240,0.33962264150943394,289,27174.0,727377300,181141.5,32260392450,0.008232798798864972,-3736.3939993928707
139,181,520,0.2926829268292683,221,30855.0,951903576,133822.5,12894334596,0.003034548446133812,-454.81780510980934
139,172,1120,0.5111111111111111,289,45219.0,1828050120,173002.5,28929376476,0.0016486676903343564,-346.4968365387156
139,143,1240,0.6511627906976745,289,30369.0,922259520,181141.5,32260392450,0.0013984554266946291,-292.12654700468937
139,144,1600,0.6326530612244898,289,28294.5,795723318,204613.5,41866684002,0.0014940840430411255,-507.29402441010717
139,145,1320,0.4897959183673469,289,27473.0,745615104,186364.5,34397988768,0.0024525966791430764,-821.1740313366543
139,146,720,0.3181818181818182,255,25636.0,633565452,147026.5,18298282860,0.0026763640400004033,-508.5930650049885
139,147,1600,0.7777777777777778,289,28918.5,833784822,204613.5,41866684002,0.0012064275511245205,-326.76974975440925
139,153,1240,0.5777777777777777,289,26979.0,715483080,181141.5,32260392450,0.0014988130777604453,-337.10757606455394
139,154,480,0.23809523809523808,187,21656.5,390831870,131323.5,11871578862,0.0034220850681432515,-574.2077098987
139,155,1000,0.5116279069767442,289,25833.0,645581664,165448.5,25837781112,0.0019662054753416874,-378.4017906056235
140,180,736,0.3191489361702128,272,37515.0,1365579000,157260.0,18562176000,0.0056424226405725015,-1656.910539987216
140,169,1150,0.42,289,45321.0,1850331600,180768.0,29648548800,0.006164260539229635,-2439.7339111504493
140,167,1426,0.54,289,38355.0,1417743000,196725.0,37173870000,0.003048611839003641,-1166.1445836121363
140,141,1334,0.4423076923076923,289,31303.0,979813800,191386.0,34655997600,0.002410141373900252,-1004.5784280366643
140,170,874,0.3829787234042553,289,40581.0,1555977600,164934.0,22181234400,0.004685863842010111,-1406.513255045368
140,186,874,0.3829787234042553,289,43641.0,1746003600,164295.0,21879882000,0.00534428311949126,-1565.3507209119641
140,142,1058,0.40816326530612246,289,28483.0,804691800,175705.0,27260838000,0.0035180148283019573,-1271.3119702927252
140,171,1012,0.4166666666666667,289,44757.0,1815307200,172741.5,25863251400,0.004759648271815002,-1542.5841578242978
140,184,1058,0.46808510638297873,289,44323.0,1788355800,174858.0,26861392800,0.0040202405353137235,-1232.8924541395381
140,185,1104,0.4583333333333333,289,45632.0,1869644700,177435.5,28076941800,0.0039020011197403986,-1258.111763159769
140,164,1104,0.4,289,33649.0,1125500400,178160.0,28418616000,0.0033670503278471335,-1221.634967073132
140,156,1426,0.3508771929824561,289,27450.0,740542500,196725.0,37173870000,0.009717122018005567,-6459.357651318986
140,187,46,0.0,17,15525.0,0,117900.0,0,0.02127659574468085,-5241.915117034931
140,181,598,0.2553191489361702,221,31131.0,969132600,149406.0,14858229600,0.0049482368284403415,-1434.2102460372987
140,172,1288,0.5102040816326531,289,45495.0,1861137000,188586.0,33335517600,0.0037099868321686684,-1294.7614984437562
140,143,1426,0.5098039215686274,289,30645.0,938952000,196725.0,37173870000,0.0021258938933637565,-858.3703446620628
140,144,1840,0.5636363636363636,289,28570.5,810125550,220197.0,48243265200,0.0020430514831845507,-1137.5449870633165
140,145,1518,0.38596491228070173,289,27749.0,759110400,201948.0,39637036800,0.0028828512285637487,-1708.117700162946
140,146,828,0.28,255,25912.0,645032700,162610.0,21085236000,0.003337560731918475,-1174.904709984584
140,182,736,0.2653061224489796,255,36097.5,1277552250,157260.0,18562176000,0.00498202592308531,-1594.4108136694376
140,147,1840,0.6862745098039216,289,29194.5,848875950,220197.0,48243265200,0.0017339440795550792,-794.8540809677824
140,153,1426,0.5098039215686274,289,27255.0,728433000,196725.0,37173870000,0.002183628441810379,-871.6443704379658
140,168,920,0.2692307692307692,272,34458.5,1175770350,167936.5,23597213400,0.008601420006780457,-3644.5938415605624
140,154,552,0.20833333333333334,187,21932.5,397905750,146907.0,13679701200,0.00482083469428868,-1527.1679702709082
140,155,1150,0.42,289,26109.0,657266400,181032.0,29773051200,0.0023604246385095567,-866.2435413961288
141,180,464,0.2857142857142857,272,37768.0,1387832880,112846.0,11569635840,0.00438028884506237,-327.5439617797976
141,167,899,0.5789473684210527,289,38608.0,1440846960,152311.0,23170135800,0.0018982063140446706,-222.8517096979821
141,172,812,0.5405405405405406,289,45748.0,1891466640,144172.0,20777725584,0.001908659735672119,-193.62608035353793
141,143,899,0.5789473684210527,289,30898.0,954253440,152311.0,23170135800,0.0017491148723835699,-209.61314036309327
141,144,1160,0.6428571428571429,289,28823.5,823327596,175783.0,30069589368,0.0012989916405872,-256.74498879717413
141,145,957,0.5897435897435898,289,28002.0,771481088,157534.0,24705405312,0.0033805962101212937,-561.8866249933697
141,182,464,0.36363636363636365,255,36350.5,1298371620,112846.0,11569635840,0.0029147142204109895,-197.15632555658175
141,147,1160,0.5681818181818182,289,29447.5,862709484,175783.0,30069589368,0.0015474171661172165,-310.0598702442867
141,153,899,0.6216216216216216,289,27508.0,740303760,152311.0,23170135800,0.0015503506602577808,-173.1244010242881
141,150,638,0.59375,289,27611.5,746835852,128674.0,16222181472,0.0021622548362786056,-154.91902223093953
141,151,203,0.2,119,19672.0,245758128,89284.0,4643727312,0.008122605363984675,-385.64318154461984
141,152,203,0.2,119,19672.0,245758128,89284.0,4643727312,0.008122605363984675,-385.64318154461984
141,170,551,0.4117647058823529,289,40834.0,1581334272,120520.0,13825362096,0.0029972047862894032,-223.13650934701587
141,186,551,0.4117647058823529,289,43894.0,1774456992,119881.0,13637531880,0.0029879589042516807,-212.09428395030722
141,142,667,0.5757575757575758,289,28736.0,817805296,131291.0,16991432920,0.0027602101596569295,-236.22552741365348
141,184,667,0.5294117647058824,289,44576.0,1817499376,130444.0,16742462352,0.0020423647060623267,-160.00659649949222
141,185,696,0.5142857142857142,289,45885.0,1900112984,133021.5,17500103012,0.0021770617431699194,-183.10810907386107
141,146,522,0.5666666666666667,255,26165.0,655544344,118196.0,13142236240,0.0022889913407154795,-143.02657987886784
141,155,725,0.5882352941176471,289,26362.0,667977408,136618.0,18557272608,0.001874569877479597,-162.21640023455012
142,180,368,0.3,272,34948.0,1139785680,97165.0,9100819200,0.004095175728035768,-215.8710293119995
142,167,713,0.5428571428571428,289,35788.0,1183324560,136630.0,18225916500,0.002037964626193416,-195.67110004068812
142,172,644,0.45714285714285713,289,42928.0,1553405040,128491.0,16344016920,0.0023517937777635463,-204.1888760208562
142,143,713,0.42105263157894735,289,28078.0,783699840,136630.0,18225916500,0.002444880646726541,-280.34946954640475
142,144,920,0.4318181818181818,289,26003.5,676174356,160102.0,23653112340,0.002210882807897122,-462.29842760623615
142,145,759,0.4358974358974359,289,25182.0,633594368,141853.0,19433578560,0.0035906690065112263,-580.1519446233817
142,182,368,0.3448275862068966,255,33530.5,1066313820,97165.0,9100819200,0.004698597321016069,-231.26859422821082
142,147,920,0.4318181818181818,289,26627.5,708517524,160102.0,23653112340,0.0020310905164474553,-393.3233560754196
142,193,46,0.041666666666666664,34,14614.5,85859708,60110.0,532962100,0.022644927536231884,-513.7848281356393
142,186,437,0.4,289,41074.0,1457308512,104200.0,10727451900,0.003557087748931456,-186.96826810651822
142,184,529,0.5333333333333333,289,41756.0,1492657936,114763.0,13169828760,0.002898518986914418,-168.00962222152145
142,185,552,0.46875,289,43065.0,1560506024,117340.5,13765798310,0.0028014645044927558,-187.66969725774482
142,146,414,0.5185185185185185,255,23345.0,538378984,102515.0,10337846200,0.0044883258558472226,-213.92464108891298
142,168,460,0.22857142857142856,272,31891.5,981361172,107841.5,11569439530,0.005772231477521669,-580.2787712381402
143,178,434,0.36363636363636365,238,33768.5,1127861280,112950.0,10759612500,0.0031435578310578314,-212.15103374579678
143,167,961,0.5121951219512195,289,37950.0,1380758400,157650.0,24853522500,0.001647797742668617,-227.85799996816513
143,181,403,0.375,221,30726.0,943850880,110331.0,9933841800,0.003369415642601127,-209.05012340551997
143,172,868,0.5128205128205128,289,45090.0,1812585600,149511.0,22287295800,0.001625626397893604,-185.77271721501538
143,184,713,0.38461538461538464,289,43918.0,1741703040,135783.0,17958857400,0.00198279312354092,-206.1940595692626
143,164,744,0.41025641025641024,289,33244.0,1096139520,139085.0,18999978000,0.001998375100993518,-225.95045047393288
143,150,682,0.6060606060606061,289,26953.5,715690080,134013.0,17400776400,0.0019463525631288787,-150.35325269140378
143,144,1240,0.5434782608695652,289,28165.5,788991840,181122.0,32254244100,0.001401871075784119,-334.00711703862777
143,145,1023,0.6410256410256411,289,27344.0,739307520,162873.0,26500334400,0.0025675480493591945,-432.0482070101058
143,146,558,0.4411764705882353,255,25507.0,628205760,123535.0,14097063000,0.0024960655308248884,-201.5901623016568
143,182,496,0.46875,255,35692.5,1244224800,118185.0,12410208000,0.002844091112740306,-183.58688088117333
143,147,1240,0.6904761904761905,289,28789.5,826731360,181122.0,32254244100,0.0011496021077902613,-212.8676890790548
143,153,961,0.5897435897435898,289,26850.0,709430400,157650.0,24853522500,0.001451656597618669,-181.99381077323594
143,155,775,0.47368421052631576,289,25704.0,640120320,141957.0,19905519600,0.0018165837244784608,-198.14723387248878
144,178,560,0.2857142857142857,238,31694.0,973116027,136422.0,13963540500,0.003379096062022891,-536.1516474688694
144,169,1000,0.4444444444444444,289,42841.5,1554814872,165165.0,25724831184,0.004418595540637705,-1033.6502194722239
144,167,1240,0.6511627906976745,289,35875.5,1191315060,181122.0,32254244100,0.0016582278906394597,-339.80598067827464
144,172,1120,0.6585365853658537,289,43015.5,1563894540,172983.0,28923862968,0.0017424860031567345,-303.2681516082373
144,170,760,0.40476190476190477,289,38101.5,1307472192,149331.0,19245748392,0.002877182436262166,-474.51921965685955
144,186,760,0.40476190476190477,289,41161.5,1467149112,148692.0,18984277260,0.003237419297318867,-515.3641358189537
144,171,880,0.4418604651162791,289,42277.5,1525384224,157138.5,22440483702,0.0033242674927255736,-602.3578279082038
144,184,920,0.5,289,41843.5,1502737236,159255.0,23306530104,0.0020202802727397927,-345.0647838675564
144,185,960,0.5238095238095238,289,43152.5,1571043474,161832.5,24361212174,0.0020077798682533255,-346.7730121646082
144,164,960,0.4883720930232558,289,31169.5,945746568,162557.0,24657668880,0.002163426841293704,-410.6197456205809
144,156,1240,0.36538461538461536,289,24970.5,622270350,181122.0,32254244100,0.008146811044758707,-3553.7512359985635
144,150,880,0.5121951219512195,289,24879.0,617495697,157485.0,22582267344,0.0018140723026794912,-302.7666171281679
144,151,280,0.14634146341463414,119,16939.5,203196708,118095.0,6464352024,0.007967479674796744,-1091.5883896250584
144,152,280,0.14634146341463414,119,16939.5,203196708,118095.0,6464352024,0.007967479674796744,-1091.5883896250584
144,145,1320,0.5869565217391305,289,25269.5,637872768,186345.0,34391433024,0.0019366546751871964,-572.4474982724848
144,146,720,0.4146341463414634,255,23432.5,542014434,147007.0,18294795480,0.0021318417355002716,-352.74339591113466
144,182,640,0.36585365853658536,255,33618.0,1073514195,141657.0,16105639680,0.002913950040474431,-446.21298108430693
144,147,1600,0.7021276595744681,289,26715.0,713301849,204594.0,41858704836,0.001110116628155481,-327.60915582901174
144,153,1240,0.7317073170731707,289,24775.5,612094860,181122.0,32254244100,0.0013261303665668236,-247.77737925311297
144,168,800,0.30434782608695654,272,31979.0,987987897,152333.5,20474335362,0.006528443777415197,-1572.0781177268273
144,154,480,0.23809523809523808,187,19453.0,334356165,131304.0,11869316316,0.004102321723989664,-683.7557205669077
144,155,1000,0.5853658536585366,289,23629.5,552294288,165429.0,25832856816,0.0016287836486007215,-285.404809341748
145,178,462,0.3055555555555556,238,30872.5,911837056,118173.0,11472552000,0.005334940243903828,-610.6179990735875
145,179,165,0.05555555555555555,68,19212.0,341685248,94564.0,3535395072,0.019063215288705488,-1859.9337126406763
145,167,1023,0.5238095238095238,289,35054.0,1116295680,162873.0,26500334400,0.0024399569519234486,-469.63631669188493
145,172,924,0.525,289,42194.0,1465413120,154734.0,23764067712,0.0027259224623782403,-443.5924043845278
145,184,759,0.4,289,41022.0,1408107008,141006.0,19148823936,0.0035838623794244933,-543.5636277577368
145,185,792,0.425,289,42331.0,1472111872,143583.5,20015358816,0.0035469894231387883,-544.1677945091673
145,164,792,0.425,289,30348.0,886191104,144308.0,20258929920,0.0032175317566663568,-519.9005121718594
145,150,726,0.6176470588235294,289,24057.5,578610816,139236.0,18553764096,0.0035701828271487712,-401.20925936604795
145,191,198,0.05405405405405406,68,20191.5,389578880,95728.0,3926722560,0.013589626150900664,-1424.740374322814
145,146,594,0.4166666666666667,255,22611.0,507882752,128758.0,15031144320,0.0042474412712507955,-529.9706461266564
145,182,528,0.4411764705882353,255,32796.5,1005912960,123408.0,13232517120,0.005589428149588578,-575.7973992073541
145,147,1320,0.5208333333333334,289,25893.5,668383872,186345.0,34391433024,0.0018524039009817385,-561.5617908306709
145,153,1023,0.6,289,23954.0,573550080,162873.0,26500334400,0.002216990183456083,-387.30519904557974
145,155,825,0.48717948717948717,289,22808.0,517515264,147180.0,21224473344,0.002615030920141136,-407.2600184299284
146,182,288,0.3076923076923077,225,30959.5,854746230,84070.0,7039142400,0.0041241600280061816,-137.62203330798775
146,147,720,0.3488372093023256,255,24056.5,567940386,147007.0,18294795480,0.0022428491282311873,-373.71852614098464
146,184,414,0.41379310344827586,255,39185.0,1196499304,101668.0,10186368720,0.0034443662522480253,-157.83488119713024
146,151,126,0.3157894736842105,105,14281.0,161787912,60508.0,2825314320,0.008966861598440547,-132.62943455041327
146,152,126,0.3157894736842105,105,14281.0,161787912,60508.0,2825314320,0.008966861598440547,-132.62943455041327
147,169,1000,0.4444444444444444,289,43465.5,1629185688,165165.0,25724831184,0.0028713624445233007,-629.2139941661378
147,167,1240,0.6136363636363636,289,36499.5,1248298740,181122.0,32254244100,0.0013896723241798475,-277.10194279347417
147,181,520,0.2926829268292683,221,29275.5,853304868,133803.0,12891877128,0.0031056866575159253,-421.3240652761089
147,172,1120,0.6190476190476191,289,43639.5,1638699660,172983.0,28923862968,0.0014751548941444408,-249.00207859806255
147,182,640,0.3333333333333333,255,34242.0,1124863155,141657.0,16105639680,0.002652133161715044,-388.7729263514437
147,170,760,0.40476190476190477,289,38725.5,1370011968,149331.0,19245748392,0.0027621770845279764,-416.2920913222912
147,186,760,0.40476190476190477,289,41785.5,1537326648,148692.0,18984277260,0.0024933005115931944,-363.3621443254463
147,171,880,0.4418604651162791,289,42901.5,1598347296,157138.5,22440483702,0.0023249627320616182,-389.2860949946809
147,184,920,0.5,289,42467.5,1574617044,159255.0,23306530104,0.0017559468971131195,-275.5599174265409
147,185,960,0.4883720930232558,289,43776.5,1646190546,161832.5,24361212174,0.0017632302283953638,-293.37119309219844
147,164,960,0.4883720930232558,289,31793.5,990984072,162557.0,24657668880,0.0015488399212543699,-272.52402413348165
147,156,1240,0.36538461538461536,289,25594.5,652035150,181122.0,32254244100,0.007052484312154388,-2925.8846489825896
147,150,880,0.47619047619047616,289,25503.0,647032113,157485.0,22582267344,0.0017892165838250555,-287.6513216732923
147,153,1240,0.6904761904761905,289,25399.5,641372940,181122.0,32254244100,0.0012625204125295817,-229.56649378487938
147,168,800,0.30434782608695654,272,32603.0,1035245913,152333.5,20474335362,0.005135147310890481,-1153.0645524674935
147,155,1000,0.5853658536585366,289,24253.5,578711952,165429.0,25832856816,0.0016050709114733502,-259.38505229095966
148,156,589,0.21951219512195122,255,14337.0,115052400,126183.0,14931977400,0.020153872190757465,-4460.214714245982
148,158,361,0.3103448275862069,225,15417.0,125472240,94698.0,8967710880,0.008769877392245913,-552.4691412249452
148,157,437,0.3125,240,7318.0,47333088,105196.0,10956368016,0.008277538458113496,-804.9326054434584
150,178,308,0.38461538461538464,238,30482.0,882708099,89313.0,7533162000,0.0037536864844557147,-125.02358467387857
150,167,682,0.5142857142857142,289,34663.5,1080635220,134013.0,17400776400,0.0020703571938059536,-175.46427974953426
150,172,616,0.5625,289,41803.5,1418599980,125874.0,15604075872,0.0019352646004014852,-123.40642269281241
150,182,352,0.4074074074074074,255,32406.0,973778715,94548.0,8688798720,0.0030232501583153854,-111.11872629771838
150,153,682,0.65625,289,23563.5,555227820,134013.0,17400776400,0.0017330516587732213,-123.36950733654405
150,185,528,0.4375,289,41940.5,1425084738,114723.5,13142580696,0.002355855154560588,-136.5841505390918
150,164,528,0.4838709677419355,289,29957.5,857881416,115448.0,13302515520,0.0024347822984595187,-143.8933284080465
150,155,550,0.6206896551724138,289,22417.5,500983056,118320.0,13936515264,0.0021465477454588166,-113.40052385689685
151,152,49,0.75,49,7788.0,60652944,31596.0,998307216,0.017857142857142856,-30.77382397594826
153,178,434,0.3235294117647059,238,30378.5,874987620,112950.0,10759612500,0.0031881789234730414,-221.81900047314028
153,169,775,0.5555555555555556,289,41526.0,1398028320,141693.0,19822280400,0.0028799703721135704,-322.2463812527043
153,167,961,0.7714285714285715,289,34560.0,1071183600,157650.0,24853522500,0.0013201503511621367,-131.41728937695248
153,172,868,0.7878787878787878,289,41700.0,1406192400,149511.0,22287295800,0.0012363709937723095,-99.99208345088721
153,182,496,0.38235294117647056,255,32302.5,965261700,118185.0,12410208000,0.0025533359881094184,-181.31941269711612
153,170,589,0.5151515151515151,289,36786.0,1175627520,125859.0,14829820200,0.002202063632544916,-153.9028911595658
153,186,589,0.47058823529411764,289,39846.0,1319202720,125220.0,14628343500,0.0022036398830657202,-155.68420763968462
153,171,682,0.5588235294117647,289,40962.0,1371565440,133666.5,17291524950,0.002110595255058922,-168.344540753588
153,184,713,0.5428571428571428,289,40528.0,1351202160,135783.0,17958857400,0.0017043343277830878,-140.27220262682712
153,185,744,0.5714285714285714,289,41837.0,1412620440,138360.5,18771543150,0.0016569004358113811,-138.64686101235645
153,164,744,0.6176470588235294,289,29854.0,850378080,139085.0,18999978000,0.0017458269842336332,-147.6387095605126
153,156,961,0.4418604651162791,289,23655.0,559521000,157650.0,24853522500,0.0077543355352301105,-1880.051997357337
153,168,620,0.34210526315789475,272,30663.5,888359820,128861.5,15776508450,0.004456535618907831,-543.6520760913427
153,155,775,0.75,289,22314.0,496601280,141957.0,19905519600,0.0014629299911557976,-111.68802992407593
154,176,60,0.0625,44,13939.5,193045160,39389.0,1204602696,0.03187599206349206,-251.63944005479914
154,185,288,0.2,187,36514.5,771642410,88542.5,6907784994,0.004886769449427145,-229.58405413668288
155,169,625,0.47058823529411764,289,40380.0,1261443456,126000.0,15875930304,0.004278984818290015,-391.6255581527197
155,167,775,0.6,289,33414.0,966530880,141957.0,19905519600,0.0017279969028609658,-157.18993983774885
155,172,700,0.65625,289,40554.0,1268809920,133818.0,17850194208,0.001676943688032398,-115.49855512512593
155,170,475,0.5172413793103449,289,35640.0,1060770816,110166.0,11877401952,0.002427845987683716,-117.97330900673168
155,171,550,0.5161290322580645,289,39816.0,1237565952,117973.5,13849014312,0.002341130037999108,-140.61698936200605
155,185,600,0.53125,289,40691.0,1274609952,122667.5,15034380744,0.0019519938704295914,-123.31240894826203
155,156,775,0.4,289,22509.0,504856800,141957.0,19905519600,0.008089656432097055,-1612.6154493786448
155,168,500,0.40625,272,29517.5,801568656,113168.5,12635617272,0.0053275017992759945,-425.0741459276793
156,180,496,0.34285714285714286,272,33915.0,1048923000,118185.0,12410208000,0.010057391845455704,-1381.3426144691507
156,169,775,0.5555555555555556,289,41721.0,1421269200,141693.0,19822280400,0.015230545468640713,-2698.5822832053586
156,167,961,0.47619047619047616,289,34755.0,1088991000,157650.0,24853522500,0.008617523671147672,-1993.0832445192002
156,172,868,0.43902439024390244,289,41895.0,1429569000,149511.0,22287295800,0.008899172074277277,-1852.16439461773
156,170,589,0.5151515151515151,289,36981.0,1195171200,125859.0,14829820200,0.010909842087405816,-1360.9738514235087
156,186,589,0.47058823529411764,289,40041.0,1341133200,125220.0,14628343500,0.010719650851376336,-1382.5706342547494
156,171,682,0.6060606060606061,289,41157.0,1394366400,133666.5,17291524950,0.013415404040404038,-1737.6789226756382
156,184,713,0.42105263157894735,289,40723.0,1373664600,135783.0,17958857400,0.009476603221036033,-1606.1671360834569
156,185,744,0.4473684210526316,289,42032.0,1436103900,138360.5,18771543150,0.00952153105636799,-1628.3705587462803
156,164,744,0.41025641025641024,289,30049.0,864514800,139085.0,18999978000,0.010084104755484762,-1889.8369236435774
156,158,589,0.21951219512195122,255,24930.0,620338500,126165.0,14926302000,0.025955530106582757,-5394.973081461229
156,168,620,0.34210526315789475,272,30858.5,903127950,128861.5,15776508450,0.024868483775406368,-4841.748547845287
156,157,713,0.2,272,16831.0,234016200,136663.0,18236321400,0.01765134909627364,-5167.847954609502
157,158,437,0.2727272727272727,240,17911.0,255210120,105178.0,10952203680,0.01472750925810304,-1384.964951012579
157,162,299,0.5,208,14836.0,194866320,89404.0,7302857232,0.018115942028985508,-785.6646161575679
158,161,171,0.3333333333333333,120,24641.0,605304720,67860.0,3885667200,0.017857142857142856,-426.028571963097
159,160,36,0.7142857142857143,36,13415.0,179962225,26400.0,696960000,0.023809523809523808,-28.33252917230961
161,197,9,0.0,8,11636.0,0,20520.0,0,0.1,-195.58139530052978
164,178,336,0.35714285714285715,238,36772.5,1351941656,94385.0,8225490000,0.004369079065624349,-180.0396696003654
164,180,384,0.3793103448275862,272,40114.0,1594187040,99620.0,9487334400,0.004191240512043788,-187.59336034132528
164,169,600,0.48484848484848486,289,47920.0,2160090816,123128.0,15153702720,0.0048928641174630465,-415.59416895435186
164,167,744,0.6666666666666666,289,40954.0,1655083680,139085.0,18999978000,0.0019181503917114668,-152.89523556527348
164,172,672,0.625,289,48094.0,2172705120,130946.0,17038153440,0.0019050932741260312,-128.859273055294
164,182,384,0.3793103448275862,255,38696.5,1491423960,99620.0,9487334400,0.003330793146054549,-150.7660156011336
164,186,456,0.5357142857142857,289,46240.0,2038297536,106655.0,11183050800,0.003071619601915931,-128.71659951535497
164,171,528,0.5333333333333333,289,47356.0,2119203072,115101.5,13218995160,0.003162245781414139,-173.6715472171815
164,184,552,0.6206896551724138,289,46922.0,2087739808,117218.0,13729156320,0.0023672036872825356,-118.42022128622476
164,185,576,0.6551724137931034,289,48231.0,2182637072,119795.5,14350436920,0.002331528497666459,-118.77406931863644
165,196,4,0.0,3,2881.5,0,7897.5,0,0.2,-49.03367354360843
167,178,434,0.3235294117647059,238,41478.5,1702981020,112950.0,10759612500,0.004079798197445256,-282.41273136139534
167,180,496,0.46875,272,44820.0,2008126800,118185.0,12410208000,0.00300630149420472,-188.55537885991077
167,169,775,0.6,289,52626.0,2720970720,141693.0,19822280400,0.00319259146768264,-337.70932513043743
167,170,589,0.5625,289,47886.0,2288113920,125859.0,14829820200,0.002365672094087654,-155.69275662747563
167,186,589,0.5625,289,50946.0,2567553120,125220.0,14628343500,0.002476169663669663,-155.13925758743835
167,171,682,0.6060606060606061,289,52062.0,2669466240,133666.5,17291524950,0.0022575387235313706,-169.86632878337974
167,184,713,0.6363636363636364,289,51628.0,2629833360,135783.0,17958857400,0.001895155158022805,-138.82390847222024
167,185,744,0.6666666666666666,289,52937.0,2749371240,138360.5,18771543150,0.0018620285623962094,-138.62803487332914
167,172,868,0.84375,289,52800.0,2736860400,149511.0,22287295800,0.0013752880184331798,-104.60943310972118
167,182,496,0.42424242424242425,255,43402.5,1878680700,118185.0,12410208000,0.002989223266211902,-199.73708433099605
167,168,620,0.4166666666666667,272,41763.5,1729007220,128861.5,15776508450,0.004390976028261377,-482.3957976253575
168,179,100,0.08695652173913043,64,25921.5,529229192,60552.5,2104735336,0.019289044289044287,-538.7754382308151
168,169,500,0.40625,272,48729.5,2256570264,112904.5,12582778728,0.010067318777345291,-927.1176848584078
168,172,560,0.4117647058823529,272,48903.5,2269747980,120722.5,14147520156,0.004841479143966937,-433.4366448230235
168,191,120,0.18181818181818182,64,26901.0,603410645,61716.5,2337705280,0.012973137973137974,-340.94854407230235
168,192,60,0.09523809523809523,48,22251.5,251285412,54646.5,922673060,0.02341269841269841,-499.3617527897185
168,170,380,0.5,272,43989.5,1897591104,97070.5,9413666964,0.007738215404504998,-355.59381763842265
168,171,440,0.5,272,48165.5,2213856288,104878.0,10976306859,0.0052250187608497605,-300.68798570167127
168,195,100,0.13636363636363635,48,24961.5,456524552,57320.5,1457863464,0.04733044733044733,-1132.7333306103826
169,177,125,0.1111111111111111,68,37226.0,885537120,72890.0,2520252384,0.023148148148148147,-867.6113463413624
169,173,150,0.14814814814814814,68,37561.0,925463760,76013.0,3305599440,0.015633818075151112,-629.8497210700282
169,176,125,0.1111111111111111,68,37328.0,897693888,73250.0,2610782304,0.02166429249762583,-810.6386215110585
169,180,400,0.4642857142857143,272,51786.0,2620856160,102228.0,9897937920,0.00447540734889742,-236.15540803008344
169,170,475,0.6296296296296297,289,54852.0,2986274304,109902.0,11827734048,0.005532393225681923,-280.2552913348493
169,186,475,0.5714285714285714,289,57912.0,3350977344,109263.0,11667043440,0.006098402225860553,-316.84256777714313
169,171,550,0.7407407407407407,289,59028.0,3483986688,117709.5,13791101688,0.006128747795414462,-330.8430073717314
169,184,575,0.5,289,58594.0,3432260832,119826.0,14323342176,0.00449437212839101,-332.55359407089674
169,185,600,0.53125,289,59903.0,3588272688,122403.5,14971511256,0.003920660818792603,-295.4401985170236
169,172,700,0.5588235294117647,289,59766.0,3571944480,133554.0,17775549792,0.002930899786834274,-268.80650974320554
170,180,304,0.4,272,47046.0,2203925760,86394.0,7405032960,0.0033163116839587427,-94.21721710279998
170,172,532,0.5161290322580645,289,55026.0,3003713280,117720.0,13298581296,0.0022878484927820798,-125.75445544053198
170,186,361,0.5833333333333334,289,53172.0,2817897984,93429.0,8728569720,0.0027807118759804184,-72.7779394994409
170,171,418,0.7083333333333334,289,54288.0,2929747968,101875.5,10317660444,0.0028500047361939944,-87.15600450691034
170,184,437,0.5,289,53854.0,2886250752,103992.0,10715850288,0.002459086673605814,-98.21482204851749
171,180,352,0.46153846153846156,272,51222.0,2571246720,94201.5,8634245760,0.003622299269358092,-122.32779716537311
171,172,616,0.5625,289,59202.0,3504332160,125527.5,15506105076,0.002182372251009585,-138.57615517419916
171,191,132,0.07692307692307693,68,37199.5,931623840,66521.5,2562194880,0.012964499803866322,-325.13624518467856
171,186,418,0.64,289,57348.0,3287547648,101236.5,10177485570,0.003178727046374105,-99.02501888389735
171,184,506,0.5517241379310345,289,58030.0,3367292544,111799.5,12494648628,0.0025055568204293208,-117.16947600246456
171,185,528,0.5862068965517241,289,59339.0,3520351296,114377.0,13060064493,0.0024970985299513264,-119.01644158730033
172,178,392,0.3548387096774194,238,48618.5,2235582180,104811.0,9648639000,0.003443584491971588,-176.0537279972119
172,186,532,0.5161290322580645,289,58086.0,3370546080,117081.0,13117907880,0.0022265010974688395,-116.08716863166607
172,185,672,0.625,289,60077.0,3609227160,130221.5,16833305412,0.0017613453052850586,-110.6039254453841
172,182,448,0.4666666666666667,255,50542.5,2466231300,110046.0,11128803840,0.0027725451432347977,-135.9879022271292
173,177,30,0.375,16,15195.0,230775800,23167.0,526956760,0.041666666666666664,-49.16313212404396
173,176,30,0.375,16,15297.0,233943920,23527.0,545885560,0.037202380952380945,-43.905980049652214
174,175,28,0.375,16,16144.5,231791868,23616.0,495841500,0.0625,-97.40343414409574
175,177,35,0.09090909090909091,16,18188.0,319727760,25763.0,631025208,0.07151515151515152,-201.9249832626489
175,189,21,0.1111111111111111,8,12279.0,65451672,17406.0,104835060,0.125,-170.27571597648412
175,190,28,0.1,8,13051.5,98693892,18294.0,160747092,0.11756613756613757,-231.80301937580555
176,177,25,0.42857142857142855,16,14962.0,223851040,20404.0,416193616,0.047619047619047616,-35.88626039503201
178,182,224,0.5,210,39221.0,1534585065,73485.0,5372640000,0.005182065741276267,-87.08169999582664
179,191,30,0.375,16,14955.5,222707560,22196.0,491307520,0.037202380952380945,-46.3889769675438
179,195,25,0.25,12,13016.0,168494656,17800.0,306394176,0.075,-77.15114681957033
180,186,304,0.6666666666666666,272,50106.0,2473083360,85755.0,7304428800,0.0032124819624819623,-60.760131597818685
180,184,368,0.56,272,50788.0,2533072080,96318.0,8967467520,0.002924062049062049,-88.26051501199174
180,185,384,0.48148148148148145,272,52097.0,2648211720,98895.5,9373269120,0.002943126227439953,-105.5334858638074
184,186,437,0.68,289,56914.0,3238738272,103353.0,10570265640,0.00239010989010989,-72.06844584219468
184,185,552,0.6785714285714286,289,58905.0,3468085544,116493.5,13564092036,0.0020041967404245647,-86.43038512680926
185,186,456,0.6538461538461539,289,58223.0,3385953648,105930.5,11048598090,0.002484326131384955,-82.54340703752048
189,194,6,0.25,4,1601.0,486720,1752.5,582750,0.125,-5.70999373465548
189,190,12,0.4,4,3814.5,13953654,4218.0,17002980,0.1,-17.034186372831808
190,194,8,0.2,4,2373.5,733920,2640.5,893550,0.125,-15.241812644413686
190,195,20,0.0,6,8321.5,55300872,9837.0,74384208,0.19444444444444445,-154.78770396364416
191,195,30,0.2222222222222222,12,13995.5,192112360,18964.0,340308480,0.057175925925925936,-78.70542663134667
192,195,15,0.14285714285714285,9,9346.0,80003616,11894.0,134316960,0.07539682539682538,-46.013722451994056
