i,j,order_LDC,order_Jaccard,order_LKS,order_CI_e_av_skin,order_CI_e_mul_skin,order_CI_e_av_body,order_CI_e_mul_body,order_LLBCe,order_LLBMEe1
0,1,2613,706,2477,2742,1070,1859,1092,1001,1432
0,2,2104,823,2476,2741,2742,1142,2640,1106,1532
0,3,1133,802,2742,2740,1322,2533,1091,2261,1521
0,4,1132,801,2340,2739,1318,1400,2425,2260,1520
0,5,1265,800,2475,2738,1310,1951,1090,2259,1519
0,6,1631,799,2474,2737,1309,2005,1089,2258,1518
0,7,1928,454,2741,699,705,1381,1812,508,581
0,8,1394,483,2618,381,410,1816,1825,499,910
0,9,1393,734,2473,2736,2741,2742,1516,2243,1527
0,10,1927,798,2472,2735,2740,1341,1088,2257,1517
0,11,2258,851,2339,1069,1106,1410,1521,1040,1496
0,12,1630,750,2471,2734,2739,1389,1746,2256,1524
0,13,2257,817,2338,377,442,2530,1506,2247,1516
0,14,2182,296,2740,657,637,2228,2639,111,819
0,15,1518,770,2337,2733,2738,1005,2148,2255,1523
0,16,1032,822,2336,2732,2737,1384,1097,1116,1469
0,17,2612,752,2617,2278,1181,2096,2046,1043,1039
0,18,1784,816,2335,376,441,2529,1505,2244,1515
0,19,2488,311,2616,703,715,2236,2160,250,961
0,20,1926,845,2615,707,704,1276,1087,1028,1535
0,21,1031,627,2334,2731,2736,2224,1917,2246,1531
0,22,2611,453,2739,704,687,1383,2638,516,587
0,23,1392,693,2738,2263,1463,1396,2154,977,754
1,17,1840,723,2613,2277,1524,1616,1031,1020,1037
1,19,1839,277,2612,1104,1201,2448,2742,281,979
1,20,2321,690,2611,2723,1102,1512,1102,1006,1427
1,21,128,914,2331,2722,2732,107,135,2188,1379
1,24,351,1167,2737,2449,2492,427,450,1821,249
1,25,441,1949,2736,2721,1397,472,1274,1914,278
1,26,2223,1948,2735,2175,2343,912,699,2038,443
1,27,1478,1947,2734,2141,1308,1303,1263,1881,475
1,28,711,1198,2640,2286,1230,1839,869,1277,282
1,3,714,1221,2333,2730,1586,907,434,2207,1421
1,29,1077,1254,2639,2720,1708,471,339,1976,435
1,4,443,1220,2332,2729,1569,345,448,2206,1420
1,5,713,1219,2470,2728,1577,1052,706,2205,1419
1,30,2320,207,2638,1089,981,2122,2175,127,891
1,31,2319,206,2637,858,985,2458,2174,145,812
1,32,2318,205,2636,1088,980,2121,2173,126,892
1,33,350,1232,2635,2719,1576,351,1950,2181,1426
1,6,712,1218,2469,2727,1585,828,705,2204,1418
1,34,1477,489,2634,2466,1250,1079,868,972,1388
1,35,1476,562,2633,2465,1395,655,1576,1784,413
1,36,2001,1246,2632,1840,1253,2678,2507,1805,856
1,37,2000,1245,2631,1709,1449,1612,1280,1865,687
1,38,1744,1244,2630,1823,1263,1833,1574,1859,1413
1,39,440,656,2629,2718,1089,600,1562,2153,1412
1,40,1076,655,2628,2717,1088,1064,433,2152,1411
1,8,1658,229,2614,1024,949,1507,1587,404,915
1,9,442,1217,2468,2726,2735,1074,447,2197,1424
1,10,662,1216,2467,2725,2734,350,429,2203,1417
1,12,271,1215,2466,2724,2733,203,239,2184,1415
1,41,1075,1946,2627,2226,1459,906,446,1000,228
1,42,710,1945,2626,2472,1217,470,2061,1211,294
1,43,82,1237,2625,2716,2641,76,83,2002,24
1,44,349,1944,2624,2715,2344,2296,846,1961,298
1,45,709,1943,2623,2471,1611,469,867,1730,285
1,46,1999,1926,2622,2714,1458,2677,1590,1867,481
1,47,424,1950,2610,2448,2493,728,445,1849,225
1,48,2742,1942,2621,2225,1365,1853,2517,970,447
1,49,1306,1941,2620,2224,1228,2215,2664,907,470
1,50,1305,1940,2619,2470,1077,1314,1228,1682,466
1,51,1074,1939,2609,1016,1061,750,1568,860,461
1,52,439,1938,2608,2713,2342,647,338,1944,326
2,11,2407,855,2328,2706,2725,1154,2058,1096,1494
2,18,1511,1666,2324,2701,2720,520,2342,2282,1564
2,20,1700,875,2010,2700,2719,1141,1650,1104,1566
2,21,137,1665,2323,2699,2718,118,143,2277,1534
2,23,1699,665,2607,2262,2717,1144,971,1004,449
2,53,2670,1664,2604,2696,2712,514,590,2276,1563
2,54,2103,1036,2733,2695,2711,898,790,2031,618
2,55,2102,769,2732,2174,2710,2190,808,1017,527
2,56,1304,781,2731,2694,2709,1143,1946,1107,551
2,57,966,1035,2730,2693,2708,1147,984,2030,632
2,24,420,623,2606,2447,2716,447,549,1951,386
2,58,2101,1034,2729,2692,2707,1146,983,1926,631
2,59,418,990,2728,2691,2706,2393,791,2070,505
2,60,1303,1033,2727,2690,2705,1151,978,2029,628
2,3,708,1676,2330,2712,2731,1157,980,2267,1557
2,61,2487,600,2726,2406,2704,2666,2062,918,621
2,62,965,1663,2603,2689,2703,895,416,2281,1560
2,63,1302,780,2725,2405,2702,900,2009,1781,591
2,29,419,1045,2009,2698,2715,529,418,2138,592
2,4,553,1675,2329,2711,2730,899,1630,2266,1556
2,64,2486,160,2724,1149,2701,2381,2344,415,227
2,65,964,1662,2602,1215,2700,511,592,2275,403
2,66,1698,1631,2601,2252,2699,513,970,2263,366
2,5,707,1673,2465,2710,2729,1156,977,2265,1555
2,67,1697,170,2723,1852,2698,2051,2348,596,341
2,6,706,1672,2464,2709,2728,2400,976,2264,1554
2,9,647,1671,2463,2708,2727,515,1758,2287,1562
2,10,1512,1670,2462,2707,2726,1148,973,2286,1561
2,12,344,1669,2461,2705,2724,373,392,2285,1559
2,13,705,1668,2327,2704,2723,521,1878,2284,1565
2,15,268,1667,2326,2703,2722,281,282,2283,1558
2,16,552,1653,2325,2702,2721,537,766,2149,1467
2,43,136,1053,2008,2697,2714,87,124,2144,521
2,47,551,890,2605,2446,2713,390,417,2083,347
2,68,963,1002,2722,2480,2697,528,415,2090,515
2,69,962,989,2721,2479,2696,2399,688,2111,503
2,70,2741,1041,2490,2688,2695,1145,982,2025,629
2,71,1696,1040,2720,2490,2694,1150,981,1920,633
2,72,961,1047,2719,2489,2693,1153,2741,2094,526
3,11,2256,839,2322,2682,1557,1237,1230,2229,1480
3,18,506,2587,2318,2677,1316,1873,431,2705,2431
3,20,1695,870,2001,2676,1327,1517,1098,2240,1539
3,21,67,2586,2317,2675,2687,56,65,2704,1662
3,53,276,2582,2588,2665,1821,283,261,2694,2441
3,25,279,1081,2600,2674,1556,617,607,2178,319
3,26,1131,1197,2599,2173,2523,290,330,2300,451
3,27,1694,1196,2598,2140,1507,1309,2429,2015,473
3,62,1130,2580,2587,2664,1634,2457,2236,2336,2440
3,29,278,1253,2000,2673,1722,289,922,2215,501
3,73,2694,2579,2718,2663,1377,1318,2037,2693,2438
3,4,280,2581,2007,2687,1625,276,308,2539,2443
3,65,297,2466,2586,1214,1370,274,255,2589,2304
3,66,275,2445,2585,2251,1355,279,608,2679,2439
3,5,510,2552,2006,2686,1632,801,615,2538,2350
3,33,998,2585,2597,2672,1631,566,1554,2703,2384
3,6,509,2534,2005,2685,1635,293,614,2537,2354
3,74,933,2578,2717,2662,1376,905,1970,2519,2437
3,75,1129,2577,2716,2661,1417,2665,2338,2518,2120
3,36,1693,1276,2596,1839,1508,1993,2740,1863,877
3,37,2406,1275,2595,1708,1566,2105,1484,2012,744
3,38,997,1274,2594,1822,1465,1795,1874,2173,1350
3,39,1692,2584,2593,2671,1379,1667,1361,2696,2383
3,40,2485,2583,2592,2670,1378,922,430,2695,2442
3,76,1691,2576,2715,2660,1416,920,2599,2517,2436
3,77,1690,2575,2714,2659,1415,919,2598,2507,2435
3,78,1128,2574,2713,2250,1307,739,1214,2442,2434
3,79,2693,2573,2712,2658,1414,2124,2277,2392,2433
3,80,1127,2572,2711,2657,1413,1523,979,2365,2176
3,81,1126,2571,2710,2439,1353,2107,1553,2503,2175
3,82,1125,2391,2709,2438,1581,2106,1552,2499,2232
3,83,1689,2390,2708,2437,1580,630,881,2494,2230
3,84,1688,2389,2707,2441,1499,626,1548,2421,2229
3,9,298,2511,2004,2684,2692,275,444,2647,2352
3,10,508,2494,2003,2683,2691,2539,428,2702,2348
3,12,139,2417,2002,2681,2690,182,158,2620,2306
3,13,507,2589,2321,2680,1317,1874,432,2619,2226
3,15,158,2588,2320,2679,2689,141,155,2706,2432
3,16,704,1652,2319,2678,2688,867,1378,2271,1390
3,43,61,1214,1999,2669,2686,59,61,2254,377
3,44,703,1112,2591,2668,2529,561,844,2195,361
3,46,2610,1162,2590,2667,1607,1671,625,2168,455
3,52,277,1195,2589,2666,2528,288,329,2202,404
4,11,2405,838,2316,2652,1532,1719,2500,2228,1479
4,17,1124,736,2460,2276,1610,989,957,1736,906
4,18,319,2568,2312,2647,1285,331,306,2699,2429
4,20,1602,869,1993,2646,1326,1279,1622,2239,1538
4,21,13,2567,2311,2645,2680,16,13,2698,1661
4,23,1601,671,2459,2261,1637,886,1161,1070,684
4,53,116,2563,2309,2635,1812,140,120,2690,2496
4,25,156,1080,2458,2644,1531,146,166,2177,274
4,26,223,1194,2457,2172,2679,227,228,2280,411
4,27,550,1193,2456,2139,1493,498,538,1985,427
4,62,732,2562,2308,2634,1623,360,321,2335,2495
4,85,516,620,2706,2416,1618,490,587,1995,463
4,86,691,559,2705,2415,2673,503,2001,1922,445
4,29,167,1252,1992,2643,1716,171,165,2214,476
4,73,549,2561,2305,2633,1260,359,941,2689,2476
4,65,155,2465,2307,1200,1366,189,157,2588,2303
4,66,274,2444,2306,2249,1237,278,229,2678,2488
4,5,214,2551,1998,2656,1622,211,213,2536,2349
4,33,222,2566,2455,2642,1621,226,211,2697,2382
4,6,213,2533,1997,2655,1624,228,212,2535,2353
4,74,731,2560,2449,2248,1259,452,641,2516,2475
4,75,1123,2559,2304,2632,1258,1034,739,2515,2119
4,87,729,175,2704,2285,1536,489,505,355,65
4,36,1600,1273,2454,1838,1425,1603,1415,1852,849
4,37,733,1272,2453,1707,1562,1448,1276,1984,679
4,38,996,1271,2452,1821,1447,1454,1198,2172,1262
4,39,438,2565,2160,2641,1283,1023,516,2692,2381
4,40,397,2564,2159,2640,1282,1940,443,2691,2497
4,76,1598,2558,2303,2631,1257,2058,936,2514,2484
4,77,1597,2557,2302,2630,1256,1278,935,2506,2483
4,78,730,2556,2301,2247,1246,730,2503,2441,2468
4,79,1073,2555,2448,2629,1255,2415,738,2391,2467
4,80,1122,2554,2447,2628,1254,684,1996,2364,2174
4,81,1121,2553,2446,2436,1351,2482,748,2502,2173
4,82,1120,2388,2445,2435,1549,2481,747,2498,2231
4,83,1596,2387,2444,2434,1548,1596,1437,2493,2228
4,84,2609,2386,2300,2440,1471,778,704,2420,2227
4,88,1595,475,2703,2412,1424,2664,1641,845,1281
4,89,1594,474,2702,2411,1423,2663,1640,844,1280
4,90,2404,680,2701,2410,1422,2606,2309,1807,1398
4,9,91,2510,1996,2654,2685,98,91,2646,2351
4,91,2740,182,2700,1315,1418,1723,2497,485,635
4,92,2581,163,2699,1322,1303,2235,2492,395,616
4,93,1593,278,2698,1304,1356,2042,1983,576,555
4,10,104,2493,1995,2653,2684,126,106,2701,2347
4,12,39,2416,1994,2651,2683,41,39,2618,2305
4,13,321,2570,2315,2650,1286,332,307,2617,2225
4,15,41,2569,2314,2649,2682,46,41,2700,2430
4,16,320,1651,2313,2648,2681,654,305,2270,1402
4,94,1592,117,2697,1331,1313,1029,1261,94,45
4,43,8,1213,1991,2639,2678,8,8,2253,339
4,44,103,1111,2158,2638,2677,136,105,2194,320
4,46,1599,1161,2157,2637,1560,762,1436,2167,418
4,68,154,558,2451,2478,2675,170,156,2130,317
4,69,80,590,2450,2477,2674,92,79,2142,267
4,52,93,1192,2310,2636,2676,103,96,2201,356
5,11,1783,837,2156,2624,1545,1239,1217,2227,1478
5,17,1629,735,2299,2275,1616,807,1600,1723,954
5,18,483,2548,1530,2619,1300,1597,2343,2675,2405
5,20,2317,868,1986,2618,1325,2700,1096,2238,1537
5,21,47,2547,1529,2617,2667,39,47,2674,1660
5,23,1782,672,2298,2260,1638,981,1594,1067,710
5,53,1264,2543,2296,2607,1820,217,286,2668,2339
5,25,646,1079,2152,2616,1544,224,294,2176,297
5,26,240,1191,2151,2171,2522,585,577,2279,440
5,27,1781,1190,2150,2138,1502,1302,1605,2014,465
5,62,504,2542,2295,2606,1629,393,697,2334,2338
5,29,417,1251,1985,2615,1721,584,2601,2213,494
5,73,874,2541,2292,2605,1343,392,368,2667,2336
5,65,236,2464,2294,1213,1457,794,293,2587,2288
5,66,1071,2443,2293,2246,1281,394,371,2672,2337
5,33,239,2546,2149,2614,1626,1293,374,2673,2376
5,6,217,2538,1990,2627,1630,391,375,2534,2209
5,74,932,2540,2443,2245,1342,1295,1334,2513,2335
5,75,1263,2539,2291,2604,1341,987,1349,2512,2118
5,36,2452,1270,2148,1837,1503,1602,1326,1862,873
5,37,1628,1269,2147,1706,1564,1593,1599,2011,734
5,38,995,1268,2146,1820,1451,2440,2591,2171,1349
5,39,1780,2545,2145,2613,1345,576,525,2670,2375
5,40,1072,2544,2144,2612,1344,399,898,2669,2340
5,76,1262,2537,2290,2603,1340,594,1347,2511,2370
5,77,1261,2536,2289,2602,1339,593,1346,2505,2369
5,78,2451,2535,2288,2244,1295,2453,1203,2440,2368
5,79,1070,2520,2442,2601,1338,1078,2272,2390,2367
5,80,2450,2519,2441,2600,1337,2117,975,2363,2172
5,81,2181,2518,2440,2433,1368,2110,1607,2501,2171
5,82,2180,2385,2439,2432,1573,2109,1606,2497,2208
5,83,2449,2384,2438,2431,1572,1594,880,2492,2207
5,84,2448,2383,2287,2430,1490,2342,714,2419,2206
5,9,212,2509,1989,2626,2672,225,224,2645,2190
5,91,1779,130,2489,1314,1452,2690,2587,484,636
5,10,216,2492,1988,2625,2671,214,217,2677,2189
5,12,124,2415,1987,2623,2670,129,113,2616,2188
5,13,484,2550,2155,2622,1301,1598,2473,2615,2187
5,15,108,2549,2154,2621,2669,123,110,2676,2406
5,16,702,1650,2153,2620,2668,398,498,2269,1389
5,43,46,1212,1984,2611,2666,43,45,2252,368
5,44,238,1110,2143,2610,2527,223,843,2193,346
5,46,505,1160,2142,2609,1583,1954,628,2166,453
5,52,237,1189,2297,2608,2526,222,205,2200,398
6,11,1778,836,1526,2597,1555,1238,1221,2226,1477
6,18,481,2530,1521,2592,1298,1618,1517,2664,2365
6,20,2149,867,1983,2591,1324,1996,1095,2237,1536
6,21,45,2529,1520,2590,2660,38,46,2663,1659
6,53,1775,2525,1979,2580,1819,238,285,2659,2333
6,25,645,1078,2141,2589,1554,826,292,2175,287
6,26,235,1188,2140,2170,2521,583,576,2278,434
6,27,1777,1187,2139,2137,1510,1299,2739,2013,457
6,62,502,2524,1978,2579,1633,396,696,2333,2332
6,29,416,1250,1982,2588,1720,582,1427,2212,486
6,73,873,2523,2286,2578,1334,395,367,2658,2330
6,65,231,2463,1977,1212,1456,210,291,2586,2287
6,66,1068,2442,1976,2243,1280,294,370,2671,2331
6,33,234,2528,2138,2587,1628,827,373,2662,2374
6,74,931,2522,1975,2242,1333,1294,1336,2510,2329
6,75,1562,2521,2285,2577,1332,824,1885,2509,2117
6,36,2447,1267,2137,1836,1495,1984,1331,1861,854
6,37,1627,1266,2136,1705,1565,822,2572,2010,704
6,38,994,1265,2135,1819,1450,2741,1869,2170,1261
6,39,1776,2527,2134,2586,1336,575,524,2661,2373
6,40,1069,2526,2133,2585,1335,401,897,2660,2334
6,76,2446,2517,2284,2576,1331,592,1697,2508,2364
6,77,2445,2516,2283,2575,1330,591,1696,2504,2363
6,78,1260,2515,2282,2241,1294,2591,1206,2439,2362
6,79,1067,2514,2130,2574,1329,1769,2070,2389,2361
6,80,1259,2513,2129,2573,1328,1316,974,2362,2170
6,81,1258,2512,2128,2429,1367,814,2556,2500,2169
6,82,1257,2382,2127,2428,1579,813,2555,2496,2205
6,83,2148,2381,2126,2427,1578,1613,879,2491,2204
6,84,2147,2380,2281,2426,1482,1758,713,2418,2203
6,88,2669,494,2125,2409,1485,2007,2303,846,1279
6,89,2668,493,2124,2408,1484,2006,2302,847,1278
6,90,2146,686,2488,2407,1483,1936,2239,1814,1399
6,9,211,2508,1528,2599,2665,292,223,2644,2186
6,10,215,2491,1527,2598,2664,232,216,2666,2185
6,12,123,2414,1525,2596,2663,128,112,2614,2184
6,13,482,2532,1524,2595,1299,1619,1518,2613,2183
6,15,107,2531,1523,2594,2662,122,109,2665,2366
6,16,701,1649,1522,2593,2661,400,497,2268,1401
6,43,44,1211,1981,2584,2659,42,44,2251,364
6,44,233,1109,2132,2583,2525,825,842,2192,340
6,46,503,1159,2131,2582,1606,2599,627,2165,446
6,52,232,1186,1980,2581,2524,397,204,2199,385
7,17,2072,436,1969,1188,1239,1000,2738,559,529
7,18,1774,408,1968,614,622,2426,1503,748,405
7,22,2071,601,2584,801,774,1388,2359,557,2500
7,23,2403,459,2437,1196,1497,1405,2737,562,508
7,95,1253,480,2696,1191,977,998,2351,753,779
7,96,2607,557,2695,1190,1016,1387,1830,746,2064
7,25,1256,448,1967,1195,1012,1015,1007,781,944
7,27,2316,231,1966,1082,979,2315,1266,766,984
7,8,1231,482,1974,608,600,2588,1806,181,553
7,9,1066,390,1973,1199,2658,1856,1515,760,389
7,13,1065,409,1972,615,623,2427,1504,749,406
7,15,1925,322,1971,1198,2657,992,1430,761,352
7,16,1030,425,1970,1197,2656,1002,2361,754,468
7,41,1255,477,2583,1194,1004,1382,1289,755,969
7,47,1254,461,2436,1193,2491,993,2171,765,746
7,97,1252,573,2694,870,844,2592,1008,717,2063
7,51,2608,262,2582,691,708,1747,1006,744,965
7,98,1251,575,2693,936,901,2205,1705,532,2517
7,99,2100,304,2692,950,893,2366,2168,184,1883
7,52,2484,295,1965,1192,2341,2002,1805,782,855
7,100,2606,556,2691,217,254,1393,1196,493,2516
7,101,1250,570,2690,900,846,1834,1015,739,2062
8,17,2099,484,1960,839,894,2582,1702,473,1916
8,18,1773,426,1959,176,168,1870,1355,551,802
8,19,2483,333,2279,694,695,2456,2308,173,1504
8,20,1923,455,1958,565,588,1501,1822,430,893
8,22,2098,481,2278,609,684,2594,1359,176,571
8,23,1391,485,1830,927,1219,1502,2029,463,783
8,30,2482,1761,2581,399,404,2119,2183,110,2742
8,31,2692,1760,2580,349,391,2130,2182,125,2741
8,32,2481,1759,2579,398,403,2118,2181,109,2740
8,67,2402,413,2578,556,420,1514,1708,437,894
8,33,1390,288,1829,1028,1126,1312,2528,529,804
8,74,1389,349,1957,269,238,1317,2527,542,808
8,9,1249,374,1964,1040,2655,2111,2533,541,810
8,13,2255,427,1963,177,169,1871,1356,552,803
8,14,2029,301,2280,605,591,2016,2736,87,790
8,15,1924,369,1962,1039,2654,1417,1357,534,801
8,16,1657,452,1961,928,2653,1503,1358,510,845
9,17,1687,713,1828,2274,2647,1755,836,1742,972
9,18,500,2505,1514,2567,2646,343,327,2655,2359
9,21,12,2504,1513,2566,2645,15,12,2654,1573
9,22,1686,389,2277,1353,2644,2740,1526,721,394
9,23,1388,651,1827,2259,2643,2125,894,1063,719
9,53,115,2500,1955,2556,2626,150,119,2650,2327
9,54,2739,969,2487,2488,2625,1253,2423,2054,531
9,57,2444,968,2486,2487,2624,1244,892,2053,574
9,25,296,1077,1826,2565,2642,221,278,2163,309
9,26,221,1185,1825,2169,2640,287,314,2307,430
9,27,644,1184,1824,2136,2639,1242,537,1979,458
9,58,1064,964,2485,2486,2623,1243,891,1956,570
9,59,114,956,2484,2485,2622,168,179,2078,305
9,60,1685,963,2483,2484,2621,1640,890,2052,559
9,62,1063,2499,1954,2555,2620,759,693,2332,2326
9,29,193,1249,1823,2564,2638,169,180,2209,487
9,73,370,2498,2121,2554,2612,653,2028,2648,2324
9,65,219,2462,1953,1211,2619,197,164,2592,2286
9,66,295,2441,1952,2240,2618,259,296,2649,2325
9,33,220,2503,1822,2563,2637,349,222,2653,2372
9,74,1386,2497,1951,2239,2611,755,643,2543,2323
9,75,2442,2496,1950,2553,2610,2127,1743,2542,2116
9,36,1387,1264,1821,1835,2636,1992,1425,1841,881
9,37,2222,1263,1820,1704,2635,2101,2116,1978,735
9,38,993,1262,1819,1818,2634,1848,1672,2162,1363
9,39,437,2502,1818,2562,2633,450,515,2652,2371
9,40,396,2501,1817,2561,2632,754,442,2651,2328
9,76,1684,2490,2120,2552,2609,590,2735,2541,2358
9,77,1683,2489,2119,2551,2608,589,2734,2540,2357
9,78,2441,2488,2118,2238,2607,526,2110,2438,2356
9,79,642,2487,2117,2550,2606,753,1759,2388,2355
9,80,641,2486,2116,2549,2605,690,2117,2361,2168
9,81,640,2485,2115,2425,2604,2104,1742,2520,2167
9,82,639,2379,2114,2424,2603,2103,1741,2495,2191
9,83,1682,2378,2113,2423,2602,756,873,2490,2195
9,84,1681,2377,1949,2422,2601,752,708,2417,2202
9,10,102,2495,1519,2572,2652,133,104,2657,2182
9,12,38,2413,1518,2571,2651,40,38,2643,2181
9,13,501,2507,1517,2570,2650,344,328,2642,2180
9,15,40,2506,1516,2569,2649,45,40,2656,2360
9,16,578,1648,1515,2568,2648,1080,322,2294,1391
9,43,7,1210,1816,2560,2631,7,7,2242,372
9,44,101,1108,1815,2559,2630,143,103,2190,337
9,46,643,1158,1956,2558,2629,751,616,2161,436
9,47,96,946,2276,2445,2628,115,98,2102,248
9,68,180,929,2435,2476,2617,167,163,2129,344
9,69,79,955,2434,2475,2616,91,78,2141,293
9,52,92,1183,1814,2557,2627,102,95,2196,396
9,70,2221,976,2482,2483,2615,1231,889,2042,554
9,71,1062,975,2123,2482,2614,1631,888,1930,579
9,72,2443,942,2122,2481,2613,437,883,2121,459
10,11,1230,835,1512,2548,2600,2538,2733,2225,1476
10,18,316,2482,1507,2543,2595,333,422,2713,2345
10,20,1229,866,1813,2542,2594,1530,1093,2236,1530
10,21,25,2481,1506,2541,2593,28,25,2712,1572
10,95,315,351,2479,2523,2555,468,606,1708,303
10,53,178,2477,1800,2531,2572,149,171,2708,2321
10,24,113,555,2433,2444,2592,125,118,1942,271
10,25,179,1076,1812,2540,2591,213,232,2174,306
10,26,230,1182,1811,2168,2590,231,231,2306,439
10,27,771,1181,1810,2135,2589,1606,1265,2009,460
10,62,497,2476,1799,2530,2571,934,1421,2331,2320
10,29,415,1248,1809,2539,2588,339,230,2211,489
10,73,1061,2475,1948,2529,2568,2184,365,2707,2318
10,65,177,2461,1798,1210,2570,192,175,2602,2285
10,102,2738,327,2689,1125,2554,2548,1285,399,702
10,66,767,2440,1797,2237,2569,738,233,2688,2319
10,103,1059,350,2688,2522,2553,1170,1103,1009,93
10,33,229,2480,1808,2538,2587,230,215,2711,2250
10,74,1509,2474,1796,2236,2567,453,2304,2603,2317
10,75,2143,2473,1947,2528,2566,2264,744,2583,2115
10,34,1475,588,2481,2464,2586,1474,853,1135,1394
10,87,496,330,2480,2284,2556,933,2585,352,86
10,35,499,450,2275,2463,2585,2398,911,1838,462
10,36,1998,1260,1807,1834,2584,1349,1414,1853,872
10,37,1228,1259,1806,1703,2583,1600,1286,2008,689
10,38,1743,1258,1805,1817,2582,945,2583,2169,1310
10,39,661,2479,1804,2537,2581,572,449,2710,2249
10,40,770,2478,1803,2536,2580,1169,421,2709,2322
10,76,2254,2472,1678,2527,2565,581,1565,2580,2344
10,77,2253,2471,1677,2526,2564,580,1564,2579,2343
10,78,1890,2470,1676,2235,2563,731,1579,2437,2342
10,79,1060,2469,1675,2525,2562,939,743,2387,2341
10,80,2440,2468,1674,2524,2561,688,972,2360,2166
10,81,2439,2467,1673,2421,2560,840,1753,2531,2165
10,82,2438,2376,1672,2420,2559,839,1752,2489,2194
10,83,2437,2375,1671,2419,2558,1614,1433,2488,2201
10,84,1997,2374,1946,2418,2557,1431,2185,2416,2200
10,12,56,2412,1511,2547,2599,67,56,2640,2179
10,13,318,2484,1510,2546,2598,334,423,2639,2178
10,15,58,2483,1509,2545,2597,65,58,2714,2346
10,16,317,1647,1508,2544,2596,2008,862,2293,1397
10,42,1510,505,2274,2469,2579,467,2430,1103,265
10,43,18,1209,1680,2535,2578,14,18,2250,363
10,44,228,1107,1802,2534,2577,142,214,2191,342
10,45,769,533,2273,2468,2576,338,604,1703,257
10,46,498,1157,1679,2533,2575,1977,622,2164,448
10,50,768,538,2432,2467,2574,2275,1761,1617,412
10,52,112,1180,1801,2532,2573,212,117,2198,397
11,61,1996,602,2272,2404,1711,2662,2042,685,634
11,62,1995,850,778,2514,1597,1949,1669,2218,1483
11,85,1994,633,2271,2414,1540,1443,1748,925,596
11,86,2666,628,2270,2413,2546,1729,2509,958,610
11,63,2667,717,1945,2403,2547,1948,1208,893,601
11,29,1221,773,1500,2516,1699,1933,2050,1075,605
11,12,1227,771,1505,2521,2552,2445,1455,2224,1482
11,13,1226,853,1504,985,1080,1466,1502,2222,1475
11,15,1225,809,1503,2520,2551,1922,1202,2223,1481
11,16,2529,854,1502,2519,2550,1713,1766,1100,1473
11,18,1224,852,1501,984,1079,1465,1501,2220,1474
11,20,1223,871,780,2518,1139,2532,2048,1019,1493
11,43,1033,737,1499,2515,2548,991,986,1080,523
11,21,1222,705,779,2517,2549,1459,1908,2221,1484
12,17,815,712,1498,2273,2542,2450,1030,1743,904
12,18,202,2409,774,2510,2541,185,220,2637,2247
12,20,1220,761,773,2509,2540,1511,2226,2235,1543
12,21,4,2408,772,2508,2539,4,4,2636,1646
12,95,188,687,2429,2280,2470,184,206,1727,284
12,53,69,2404,899,2498,2508,72,59,2632,2315
12,54,1625,967,1944,2457,2507,672,1311,2061,530
12,56,1058,548,2478,2417,2506,1076,1445,1121,327
12,57,1624,966,1943,2456,2505,2154,1589,2059,561
12,24,43,649,1795,2443,2538,48,43,1953,262
12,25,78,1075,1497,2507,2537,80,86,2148,281
12,26,122,1179,1670,2167,2536,127,111,2305,426
12,27,333,1178,1496,2134,2535,386,324,1974,438
12,58,960,962,1942,2455,2504,2153,1588,1959,560
12,59,68,954,1792,2454,2503,73,73,2075,290
12,60,2097,961,1941,2453,2502,893,2247,2060,550
12,61,1623,531,2266,2402,2501,2139,1760,933,474
12,62,200,2403,771,2497,2500,190,218,2330,2314
12,85,331,865,2265,2396,2476,208,323,2018,469
12,86,340,864,2264,2395,2475,385,356,1934,467
12,63,2096,749,1940,2401,2499,889,912,1791,355
12,29,88,1247,1495,2506,2534,86,94,2210,477
12,73,283,2400,1167,2496,2488,198,238,2630,2313
12,65,87,2402,898,1209,2498,85,93,2601,2284
12,66,131,2401,1168,2234,2497,147,154,2631,2311
12,103,557,314,2428,2279,2469,530,546,1051,77
12,33,121,2407,1494,2505,2533,137,150,2635,2246
12,74,341,2399,1490,2233,2487,454,474,2612,2312
12,75,1561,2398,1166,2495,2486,686,1744,2578,219
12,34,1474,532,1794,2462,2532,1077,855,1163,1396
12,87,558,307,2430,2283,2474,1219,906,377,62
12,35,343,710,2269,2461,2531,372,391,1840,464
12,36,1993,1257,1669,1833,2530,1988,2510,1842,847
12,37,1219,1256,1668,1702,2520,1407,767,1973,686
12,38,1626,1255,1493,1816,2519,2437,2508,2154,927
12,39,342,2406,1170,2504,2518,374,393,2634,2245
12,40,332,2405,1169,2503,2517,340,340,2633,2316
12,76,562,2397,1666,2494,2485,588,558,2577,2310
12,77,561,2396,1665,2493,2484,587,557,2576,2309
12,78,959,2395,1664,2232,2483,525,523,2436,2308
12,79,1056,2394,1663,2492,2482,1075,1764,2386,2307
12,80,2094,2393,1662,2491,2481,665,678,2359,2164
12,81,2580,2392,1661,2400,2480,1698,1160,2530,2163
12,82,2579,2373,1660,2399,2479,1697,1159,2487,2193
12,83,560,2372,1659,2398,2478,682,674,2486,2199
12,84,559,2371,1165,2397,2477,1519,1032,2415,2198
12,88,2093,372,2110,2394,2473,1823,2660,835,1307
12,89,2092,371,2109,2393,2472,1822,2659,834,1306
12,90,2737,553,2263,2392,2471,1644,1586,1802,1403
12,13,203,2411,777,2513,2545,186,221,2641,2177
12,15,19,2410,776,2512,2544,31,19,2638,2248
12,16,189,1646,775,2511,2543,183,168,2292,1438
12,42,201,554,2268,2460,2516,191,219,1155,229
12,43,2,1208,900,2502,2515,2,2,2249,370
12,44,55,1106,1492,2501,2514,66,55,2157,334
12,45,182,624,2267,2459,2513,181,167,1746,231
12,46,814,1156,1667,2500,2512,677,1388,2147,425
12,47,53,945,1793,2442,2511,58,53,2104,239
12,50,766,594,2431,2458,2510,2739,761,1681,378
12,68,77,928,1791,2474,2496,79,85,2131,333
12,69,31,953,1790,2473,2495,36,31,2135,280
12,52,42,1177,1491,2499,2509,47,42,2156,374
12,70,2095,974,1939,2452,2494,2059,1770,2044,548
12,71,1057,973,2112,2451,2490,892,1765,1936,573
12,72,284,941,2111,2450,2489,196,237,2122,456
13,17,1218,724,897,2272,1179,1178,2056,1700,911
13,18,313,2686,768,36,36,335,426,2628,2223
13,20,1217,877,767,624,615,2528,2228,2232,1529
13,21,85,2685,766,2389,2466,97,81,2627,1571
13,22,1216,407,1489,620,609,2409,1368,712,423
13,23,1889,653,1488,2258,1477,2523,1149,1062,728
13,53,308,2619,895,2387,1779,519,438,2623,2219
13,26,495,1057,1164,2166,2465,1709,326,2304,330
13,62,494,2732,765,975,1405,1195,945,2329,2218
13,73,1055,2728,1160,357,302,635,637,2621,2215
13,65,763,2460,894,352,349,342,441,2600,2217
13,66,762,2439,1161,346,290,517,639,2622,2216
13,33,765,2664,896,2388,1315,337,2233,2626,2222
13,74,958,2723,1487,46,45,651,634,2611,2214
13,75,2142,2722,1159,169,161,1048,1881,2575,2114
13,39,2252,2644,1163,43,43,1032,959,2625,2221
13,40,764,2620,1162,40,40,646,425,2624,2220
13,76,1560,2721,1658,95,90,1184,648,2574,2213
13,77,1559,2720,1657,94,89,1990,647,2573,2212
13,78,1888,2711,1656,54,51,1456,2576,2435,2211
13,79,1054,2708,1655,110,110,650,2057,2385,2210
13,80,2736,2707,1654,146,144,1687,1701,2358,2162
13,81,2578,2636,1653,115,137,659,1144,2529,2161
13,82,2577,2370,1652,967,929,658,1143,2485,2192
13,83,1558,2369,1651,966,868,1182,1695,2484,2197
13,84,1557,2368,1158,689,611,1768,2732,2414,2196
13,88,1887,529,2108,745,727,2176,2564,853,1347
13,89,1886,528,2107,744,726,2175,2563,852,1346
13,90,2251,699,2262,681,666,2113,1365,1833,1410
13,15,170,2733,770,2391,2468,201,173,2629,2224
13,16,314,1645,769,2390,2467,637,1169,2291,1444
14,19,2179,332,2261,671,798,2037,2301,70,2739
14,20,2576,294,2260,675,742,2227,2244,104,817
14,28,2480,111,2427,1079,1040,2455,1944,135,547
14,65,2575,75,2258,654,656,2030,1833,118,264
14,104,2028,126,2577,661,647,2689,1832,30,2000
14,105,2735,152,2687,904,873,2699,2454,43,640
14,51,2178,123,2426,662,648,2605,2501,128,606
14,52,2177,100,2259,2386,2464,1931,2068,154,575
15,17,813,443,893,2271,2462,866,818,1733,907
15,18,169,2684,763,2384,2461,200,172,2742,2416
15,20,1215,858,762,2383,2460,1004,1546,2234,1542
15,21,5,2683,761,2382,2459,5,5,2739,1645
15,22,1214,321,1486,1352,2458,1345,1933,722,365
15,23,1517,388,1485,2257,2457,999,1145,1054,726
15,53,74,2617,890,2372,2445,70,76,2732,2414
15,54,871,998,1938,2371,2444,667,722,2051,520
15,57,2665,997,1937,2370,2443,2354,840,2050,546
15,24,49,593,1789,2381,2456,52,49,1954,235
15,26,106,917,1157,2165,2455,121,108,2303,336
15,58,1516,996,1936,2369,2442,2353,839,1955,545
15,59,73,911,1786,2368,2441,71,72,1250,201
15,60,900,995,1935,2367,2440,1421,838,2049,539
15,28,152,293,2425,2282,2454,132,153,971,212
15,62,248,2731,760,2366,2439,207,236,2328,2413
15,85,253,936,2257,2349,2416,280,274,2017,437
15,86,380,935,2256,2348,2415,291,357,1929,428
15,63,690,742,1934,2365,2438,1926,835,1777,349
15,106,1514,230,2686,1138,2410,2355,2281,439,375
15,107,2088,86,2575,1346,2409,2738,2730,486,164
15,73,246,2727,1153,2359,2428,272,276,2731,2428
15,64,1515,165,2424,1148,2437,1416,1204,487,170
15,108,2087,310,2685,1137,2408,1683,1531,445,179
15,109,2086,178,2684,2344,2407,1685,1687,349,140
15,65,94,2459,889,1208,2436,81,92,2599,2292
15,110,1513,177,2422,1389,2406,1799,1549,502,321
15,66,153,2438,1154,2231,2435,131,152,2687,2412
15,67,1155,420,2423,1851,2434,996,1207,639,682
15,33,138,2663,892,2380,2453,124,138,2738,2380
15,74,382,2719,1350,2230,2427,295,372,2610,2427
15,75,689,2718,1152,2358,2426,680,721,2572,238
15,34,872,569,1788,2379,2452,850,1932,1178,1400
15,111,2085,125,2574,1850,2405,2737,1698,509,214
15,39,267,2643,1156,2378,2451,282,283,2737,2379
15,40,254,2618,1155,2377,2450,273,277,2736,2415
15,76,487,2717,1349,2357,2425,474,482,2571,2426
15,77,486,2716,1348,2356,2424,473,481,2570,2425
15,78,381,2710,1347,2229,2423,422,427,2434,2424
15,79,565,2706,1346,2355,2422,568,575,2384,2423
15,80,2091,2705,1345,2354,2421,664,677,2357,2160
15,81,564,2635,1344,2353,2420,570,574,2528,2159
15,82,563,2367,1343,2352,2419,569,573,2483,2244
15,83,543,2366,1342,2351,2418,544,501,2482,2240
15,84,542,2365,1151,2350,2417,542,499,2413,2239
15,88,2090,440,2104,2347,2414,1938,2285,840,1357
15,89,2089,439,2103,2346,2413,1937,2284,839,1356
15,90,2664,646,1650,2345,2412,1422,2294,1793,1431
15,16,157,1644,764,2385,2463,188,159,2290,1446
15,112,151,625,2421,2133,2404,130,151,1110,163
15,113,241,141,2683,1136,2403,205,235,39,1
15,43,3,1023,891,2376,2449,3,3,2248,17
15,44,57,716,1484,2375,2448,64,57,2183,273
15,47,54,779,1787,2374,2447,63,54,2101,220
15,68,86,934,1785,2364,2433,77,84,2124,312
15,69,36,910,1784,2363,2432,37,36,2139,253
15,98,688,287,2576,1344,2411,669,1688,841,216
15,52,48,747,1483,2373,2446,51,48,2182,314
15,70,899,1001,1933,2362,2431,1252,837,2041,542
15,71,898,1000,2106,2361,2430,1420,2731,1931,557
15,72,247,965,2105,2360,2429,271,275,2123,419
16,17,1029,721,888,2270,2402,870,819,1118,626
16,18,312,1643,759,2343,2401,636,1168,2289,1445
16,20,1028,874,758,2342,2400,1286,2729,1114,1466
16,21,72,1642,757,2341,2399,88,70,2274,1439
16,22,1508,424,1482,1351,2398,1395,2366,701,471
16,23,1027,668,1341,2256,2397,1071,1613,1014,617
16,53,305,1641,885,2336,2392,536,297,2273,1395
16,54,897,1032,1932,2335,2391,2402,1691,2028,590
16,55,2220,768,2573,2164,2390,802,1566,1015,420
16,56,2528,778,2572,2334,2389,1350,2623,1108,479
16,57,2527,1031,1931,2333,2388,1784,2034,2027,608
16,24,307,622,1783,2340,2396,251,304,1950,328
16,58,1885,1030,1930,2332,2387,1783,2033,1925,607
16,59,700,988,1781,2331,2386,315,493,2069,367
16,60,1026,1029,1929,2330,2385,2411,1876,2026,604
16,61,2219,591,2255,2329,2384,1557,1380,920,556
16,62,2141,1640,756,2328,2383,416,492,2288,1447
16,63,2218,777,1928,2327,2382,2401,928,1782,510
16,29,1656,1044,887,2339,2395,1067,494,2137,519
16,65,577,1639,884,1207,2381,527,929,2272,414
16,78,1024,1630,1340,2228,2375,2100,495,2262,1433
16,88,1883,525,1649,2321,2374,2172,2020,770,1382
16,89,1882,524,1648,2320,2373,2171,2019,769,1381
16,90,2526,564,1647,2319,2372,2736,2631,988,1455
16,43,64,1052,886,2338,2394,62,68,2143,401
16,47,306,889,1782,2337,2393,316,303,2082,316
16,68,576,999,1780,2326,2380,415,927,2089,399
16,69,266,987,1779,2325,2379,307,302,2110,360
16,70,1025,1039,1927,2324,2378,1800,1540,2024,603
16,71,1884,1038,2102,2323,2377,2410,1870,1919,612
16,72,1591,1046,2101,2322,2376,963,491,2093,493
17,29,812,715,881,2266,1703,1942,1412,1091,381
17,64,2081,156,2420,1096,1180,1192,1683,276,480
17,30,2084,473,1646,934,1138,2652,2467,123,919
17,31,2083,472,1645,849,892,2241,2466,151,818
17,32,2082,471,1644,933,1137,2651,2465,122,918
17,67,1837,428,1643,1849,1364,1190,1024,554,2738
17,33,1210,722,880,2265,1615,1016,2043,1701,990
17,74,957,565,1336,2227,1177,1185,1037,1618,993
17,111,2080,150,2571,1848,2101,2222,1706,233,730
17,37,1209,744,1337,1701,1528,1003,1036,1112,598
17,38,2691,733,1479,1815,1361,1175,1035,1102,916
17,18,1213,720,883,2269,1178,1177,1530,1699,912
17,19,1838,306,1481,1044,1409,1670,2054,224,917
17,20,1212,751,1339,2268,1191,2221,2045,1041,1035
17,43,429,233,879,2264,2370,475,456,1094,12
17,21,650,357,882,2267,2371,627,651,1740,203
17,22,1211,435,1480,1245,1199,1756,2468,530,544
17,23,1050,694,1338,2253,1619,1615,1027,979,771
18,53,304,2615,877,2316,1778,518,437,2730,2410
18,26,493,1056,1150,2163,2368,1708,325,2302,329
18,62,492,2682,753,974,1404,1194,944,2327,2409
18,73,1772,2681,1146,356,301,634,636,2729,2422
18,65,759,2458,876,351,348,341,440,2598,2291
18,66,758,2437,1147,345,289,516,638,2686,2408
18,33,761,2662,878,2317,1314,336,2341,2740,2378
18,74,956,2680,1334,45,44,649,633,2609,2421
18,75,1590,2679,1145,168,160,1047,2728,2569,2113
18,39,687,2642,1149,42,42,1031,958,2735,2377
18,40,760,2616,1148,39,39,645,424,2734,2411
18,76,2353,2678,1333,93,88,1183,646,2568,2420
18,77,2352,2677,1332,92,87,1989,645,2567,2419
18,78,1047,2670,1331,53,50,1455,1818,2433,2418
18,79,1589,2669,1330,109,109,648,2067,2383,2417
18,80,2351,2668,1329,145,143,1686,2352,2356,2158
18,81,2176,2634,1328,114,136,657,1142,2527,2157
18,82,2175,2364,1327,965,928,656,1141,2481,2243
18,83,2070,2363,1326,964,867,1181,2163,2480,2238
18,84,2350,2362,1144,688,610,1767,1808,2412,2237
18,88,2663,527,1642,743,725,2174,2189,851,1345
18,89,2662,526,1641,742,724,2173,2188,850,1344
18,90,1500,698,1640,680,665,2112,1364,1832,1409
18,20,1049,876,755,623,614,2527,1820,2230,1528
18,21,84,2701,754,2318,2369,96,80,2741,1570
18,22,1208,406,1478,619,608,2408,1367,711,422
18,23,1048,652,1335,2255,1476,2522,1148,1061,727
19,34,2314,274,2419,949,939,2116,1945,234,875
19,35,1836,253,2254,1106,1001,2441,2291,245,537
19,38,2479,139,1476,1091,1117,2438,1866,291,1018
19,39,2690,252,1475,805,758,1656,2296,301,844
19,40,1835,238,1474,713,688,1658,2299,298,843
19,20,2315,313,1477,862,801,2230,1634,272,943
19,43,1834,23,1473,2315,2367,1653,1623,324,20
20,34,1922,545,1778,1021,946,1270,1094,976,1437
20,35,2734,292,2253,2313,1003,1515,1803,1050,522
20,39,2574,873,1472,625,673,1513,2538,2217,1541
20,40,1921,872,1471,715,669,1159,1488,2216,1540
20,21,1023,644,752,2314,2366,2066,2525,2231,1533
21,95,76,970,1917,2196,2302,95,74,1719,315
21,53,29,2613,872,2296,2340,29,28,2726,1574
21,54,521,1008,1926,2295,2339,555,530,2057,552
21,55,649,944,2568,2162,2338,622,642,985,324
21,114,1877,636,2682,2191,2293,1082,1325,890,196
21,115,309,982,2681,2190,2292,262,310,870,177
21,56,1300,834,2096,2294,2337,1626,1447,1117,358
21,57,842,1007,1925,2293,2336,831,887,2056,584
21,116,1876,958,2416,1857,2291,1084,2523,856,175
21,24,16,938,1020,2312,2364,20,16,1957,288
21,96,518,902,2091,2195,2301,558,531,868,190
21,25,35,993,1019,2311,2363,33,35,2160,304
21,58,841,1006,1924,2292,2335,830,886,1958,583
21,59,28,992,1776,2291,2334,30,29,2076,332
21,60,735,1005,1923,2290,2333,721,729,2055,580
21,28,66,931,2100,2281,2362,55,64,974,246
21,61,1499,501,2095,2289,2332,1549,1919,934,506
21,62,83,2676,751,2288,2331,99,77,2326,1656
21,85,134,763,2093,2202,2308,110,139,2019,488
21,86,184,762,1918,2201,2307,199,183,1933,492
21,63,520,788,1922,2287,2330,540,529,1783,369
21,29,34,1012,875,2310,2361,35,34,2208,144
21,107,2661,46,2566,1345,2296,1628,1577,494,146
21,73,126,2675,1143,2214,2320,106,134,2725,1544
21,64,1498,133,2094,1147,2329,1464,1710,495,44
21,65,37,2457,871,1206,2328,34,37,2597,1545
21,66,65,2436,1014,2220,2327,54,63,2685,208
21,117,2525,639,2415,2189,2290,2146,1324,809,145
21,103,198,596,2418,2192,2297,247,192,1036,40
21,118,2524,621,2414,1398,2289,2623,1246,756,202
21,67,1497,232,1639,1847,2326,1102,1494,613,52
21,33,52,2661,874,2309,2360,44,52,2733,1546
21,74,185,2674,1013,2213,2319,204,186,2608,178
21,75,519,2673,1142,2212,2318,601,532,2566,39
21,34,736,500,1777,2308,2359,722,730,1174,1416
21,87,285,289,2092,2200,2306,253,207,378,32
21,35,187,697,2099,2307,2358,117,185,1839,485
21,111,1878,106,2090,1846,2295,2226,2404,515,205
21,39,181,2641,1018,2306,2357,119,181,2728,1658
21,40,135,2614,1017,2305,2356,111,149,2727,1657
21,76,311,2672,750,2211,2317,265,312,2565,207
21,77,310,2671,749,2210,2316,264,311,2564,206
21,78,199,2667,1012,2209,2315,233,194,2432,1553
21,79,378,2666,748,2208,2314,423,379,2382,1552
21,80,511,2665,747,2207,2313,428,502,2355,1551
21,81,377,2633,1011,2206,2312,425,378,2526,1550
21,82,376,2361,1010,2205,2311,424,377,2479,1549
21,83,363,2360,1009,2204,2310,263,363,2478,1548
21,84,362,2359,1141,2203,2309,380,362,2411,1547
21,88,1880,324,1638,2199,2305,1648,1899,808,1362
21,89,1879,323,1637,2198,2304,1647,1898,807,1361
21,90,1496,359,1636,2197,2303,1642,1582,1797,1428
21,119,2733,40,2680,1683,2288,2544,2316,408,48
21,120,930,933,2679,2188,2287,1083,896,804,59
21,112,60,901,2417,2132,2294,53,62,1111,171
21,41,186,930,2098,2223,2355,116,184,987,150
21,121,1875,643,2565,1860,2286,1081,1323,858,134
21,42,117,885,2252,2304,2354,100,90,1138,251
21,122,197,903,2678,2187,2285,248,193,897,189
21,43,1,1022,873,2303,2353,1,1,2245,15
21,44,24,980,1324,2302,2352,27,24,2187,357
21,45,71,884,2251,2301,2351,60,69,1738,255
21,46,286,918,1323,2300,2350,254,208,2159,433
21,47,22,979,1016,2299,2349,24,22,2103,269
21,97,734,913,1916,2194,2300,724,735,810,192
21,48,1881,766,2570,2222,2348,832,847,956,199
21,123,125,932,2677,2186,2284,105,89,922,168
21,49,1301,689,2569,2221,2347,1018,895,887,193
21,50,379,711,2097,2298,2346,421,376,1678,407
21,124,361,909,2413,1802,2283,379,361,862,325
21,68,33,983,1775,2219,2325,32,33,2128,362
21,23,1022,267,1325,2254,2365,2243,893,1029,509
21,69,9,991,1774,2218,2324,11,9,2140,307
21,99,2436,38,2567,1394,2299,2624,2524,417,53
21,52,15,984,1015,2297,2345,19,15,2186,395
21,70,1021,1010,1921,2217,2323,829,885,2043,572
21,71,1771,1009,1920,2216,2322,1085,884,1935,588
21,72,127,916,1919,2215,2321,104,133,2125,478
21,101,648,927,1915,2193,2298,621,635,854,191
22,95,1506,479,1914,1348,973,1920,1924,690,742
22,96,2079,552,2088,1347,1008,1394,1948,683,2061
22,25,1507,447,1007,1134,1006,1392,1671,698,832
22,41,1833,476,2089,1139,1002,1386,1523,694,857
22,47,1832,460,1006,1349,2282,2248,1603,695,711
22,97,2078,572,1913,910,849,1907,1927,681,2060
22,23,1992,458,1008,1350,1473,1897,1928,528,518
22,98,2732,574,1912,913,896,2430,1309,477,2515
22,99,2077,303,2250,918,888,2350,2727,174,1882
22,100,2573,551,2087,317,399,1402,1851,479,2514
22,101,2076,568,1911,834,808,1841,1763,682,2059
23,24,1046,161,1005,2185,2281,1343,1040,831,236
23,29,929,648,746,2184,1723,1168,1152,975,402
23,64,1991,181,2086,1109,1419,1775,2483,267,668
23,110,2173,135,2412,1388,1642,1525,1620,202,2499
23,66,2660,300,744,2182,1486,1910,1163,1026,690
23,31,2174,149,1635,1065,1288,2521,2035,143,1436
23,67,2401,255,1634,1845,1543,2536,1612,525,758
23,111,2731,153,2085,1844,2279,2234,2407,228,2513
23,37,928,674,1322,1700,1617,1611,1597,992,499
23,38,2572,673,1004,1814,1568,955,2328,991,528
23,125,2172,50,2564,1293,1533,1901,2464,137,2512
23,43,613,208,745,2183,2280,613,632,959,234
24,61,2349,561,1906,2148,2256,1538,1621,884,960
24,86,583,679,1904,2144,2252,438,548,1822,900
24,63,1297,830,1905,2147,2255,1230,909,1765,1227
24,29,208,994,659,2179,2274,244,201,1937,1252
24,43,11,981,657,2159,2268,10,11,1952,950
24,111,1869,113,2077,1843,2240,2028,2412,475,311
24,37,728,567,658,1699,2271,2577,765,1131,490
24,26,227,2200,1002,2161,2277,209,202,1943,2559
24,34,1495,434,1773,2178,2273,849,1042,905,323
24,35,413,669,1909,2177,2272,426,763,1786,540
24,95,303,1492,1903,2142,2249,250,420,1756,1212
24,55,1588,1502,2246,2151,2259,1328,1041,1629,1234
24,115,724,1489,2244,2125,2238,1113,562,1657,1198
24,56,1298,1506,2082,2150,2258,1332,1047,1177,1231
24,116,1089,1505,2408,1856,2237,2013,1512,1037,1200
24,120,1587,1496,2243,2124,2236,1558,1947,1132,1040
24,112,251,2111,2409,2126,2239,241,252,1711,2528
24,41,727,2172,2084,2176,2270,442,490,1644,2575
24,42,391,2215,1908,2160,2269,258,320,1239,1799
24,122,2348,1362,2242,2123,2235,441,1045,1655,1750
24,130,142,398,2562,1263,2231,139,142,273,47
24,44,111,2209,656,2158,2267,135,116,1938,2574
24,45,263,2208,1907,2157,2266,243,253,1717,2573
24,47,100,2163,1001,2156,2265,134,102,1882,1203
24,97,2689,1491,1902,2129,2247,855,1940,1219,997
24,157,1020,1165,2561,2121,2230,1905,2726,627,299
24,48,1874,2207,2249,2155,2264,1114,1514,1351,2546
24,123,412,1444,2241,2122,2234,257,319,1722,1914
24,49,1299,2186,2248,2154,2263,1533,1048,1038,1796
24,50,584,2149,2083,2153,2262,844,758,1667,1835
24,124,571,1466,2407,1801,2233,854,547,1198,1723
24,51,726,2148,2247,1270,2261,744,1632,1577,2554
24,68,163,1449,1771,2146,2254,242,174,1939,1068
24,69,90,1429,1470,2145,2253,94,88,1940,1070
24,98,1742,1166,1901,1343,2246,742,919,950,921
24,52,95,2147,1000,2152,2260,109,97,1917,2545
24,100,1872,1445,2079,1060,2245,1796,1046,1272,1012
24,101,1090,1490,1900,2128,2244,2404,1937,1235,998
24,162,2688,1164,2560,1185,2229,2676,1647,626,952
24,96,1091,1468,2080,2130,2248,1049,1043,1324,932
24,25,165,2216,1003,2181,2278,145,203,1884,2560
24,27,414,2199,660,2131,2276,432,385,1846,2558
24,59,164,1450,1772,2149,2257,144,148,1916,1064
24,28,252,2173,1910,2180,2275,245,254,1641,2576
24,110,1870,132,2410,1387,2241,1774,2668,472,275
24,103,582,614,2245,2127,2243,430,545,1089,127
24,163,2346,789,2559,1234,2228,2675,1827,702,1051
24,87,725,344,2081,2143,2251,715,486,379,106
24,91,1873,48,2411,1313,2250,2029,1943,405,513
24,125,2347,34,2563,1292,2232,2014,2469,203,195
24,105,1871,162,2078,1269,2242,1537,1929,488,826
25,63,2432,758,1462,2102,2221,897,918,1767,1225
25,29,273,1120,653,2117,1704,358,405,2095,1501
25,43,27,1114,650,2113,2226,23,27,2098,833
25,33,1385,1083,652,2116,1551,348,290,2151,218
25,37,926,1118,651,1698,1446,1020,2434,1868,497
25,38,1741,1117,999,1813,1198,1835,1652,1851,472
25,26,575,2198,655,2120,2227,1132,1651,2107,2557
25,95,480,1428,1897,2099,1302,466,300,1725,1208
25,55,1585,1416,1464,2104,1402,1763,1272,1623,1230
25,115,2730,1425,2238,2094,1360,1129,621,1605,1192
25,96,2027,1417,2076,2098,1437,1391,870,1283,951
25,120,922,1418,2237,2093,1145,1838,1657,1099,1041
25,112,479,2110,1769,2095,1292,356,603,1688,2527
25,41,1586,2170,1467,2115,1389,1124,1510,1636,2571
25,42,395,2214,1899,2114,1066,462,404,1268,1798
25,122,636,1364,2236,2092,1600,2735,2358,1649,1511
25,130,141,376,2558,792,897,216,141,238,56
25,44,638,2206,649,2112,2225,220,403,2086,2570
25,45,294,2205,1898,2111,1538,357,402,1750,2569
25,46,637,1900,1321,2110,1380,2486,613,1866,1749
25,47,162,2162,998,2109,2224,174,178,2058,1202
25,97,924,1427,1896,2097,1147,2308,1011,855,1002
25,157,1770,908,2557,1054,910,1404,997,560,295
25,48,2435,2204,1466,2108,1158,1131,1519,1362,2544
25,123,635,1414,2235,2091,1550,461,802,1721,1913
25,49,925,2185,2240,2107,1113,2202,2435,1086,1795
25,50,2434,2146,1465,2106,1059,608,1989,1684,1834
25,51,2433,2145,1770,889,919,749,1009,1586,2553
25,68,175,1393,1461,2101,2220,607,401,2067,942
25,69,133,1392,1460,2100,2219,177,137,2085,949
25,98,923,943,1895,1342,1166,746,926,904,935
25,99,2026,256,2239,1393,1170,2463,1991,421,831
25,52,272,2144,997,2105,2223,173,200,2088,2543
25,100,2025,1415,2075,838,836,1397,1654,1254,1022
25,101,2024,1426,1894,2096,1146,1831,1019,883,1005
25,162,1769,907,2556,930,909,2295,2725,540,1019
25,27,548,2197,654,2119,1167,888,1267,1909,2556
25,59,176,1394,1463,2103,2222,311,147,2036,938
25,28,927,2171,1469,2118,1143,1840,406,1628,2572
25,163,2023,775,2555,851,865,1843,1997,697,1052
25,36,1384,1119,1468,1832,1234,2474,2436,1803,514
26,62,1245,1050,642,2073,2197,1311,510,2301,409
26,85,1920,635,1765,2066,2190,700,572,1983,1090
26,29,411,1238,647,2088,2216,579,917,2136,1246
26,43,51,1206,644,2083,2208,50,51,2145,1079
26,33,756,1203,646,2087,2215,1135,1080,2299,308
26,37,920,1235,645,1697,2212,2454,1887,1893,594
26,38,1768,1234,996,1812,2211,2239,1428,1864,549
26,112,1919,2109,1764,2065,2188,703,469,1164,2526
26,41,1248,2168,1457,2085,2210,909,698,1093,2567
26,42,606,2196,1320,2084,2209,702,1065,1172,1826
26,44,919,2190,643,2082,2207,439,1424,2126,2566
26,45,605,2189,1319,2081,2206,698,2161,1734,2565
26,46,1247,1899,1318,2080,2205,1660,1072,1898,1786
26,47,226,2161,995,2079,2204,286,301,2091,1147
26,48,1246,2188,1456,2078,2203,1117,2186,973,2542
26,49,918,2184,1767,2077,2202,1909,1867,910,1815
26,50,755,2143,1455,2076,2201,1301,2162,1680,1839
26,51,2729,2142,1766,1268,2200,2674,2006,957,2552
26,69,218,892,1317,2072,2196,215,227,2115,1129
26,52,210,2141,994,2075,2199,300,199,2127,2541
26,72,2140,861,1316,2071,2195,436,507,2096,1175
26,114,1242,791,2234,2064,2187,1815,1071,908,1755
26,27,757,2210,648,2090,2218,1296,1064,1932,2555
26,59,410,893,1454,2074,2198,285,694,2072,1114
26,28,921,2169,1459,2089,2217,440,1666,1092,2568
26,117,2247,757,2406,2063,2186,1073,2167,827,1766
26,118,1241,790,2405,1397,2185,1298,1420,787,1754
26,35,607,632,1768,2086,2214,446,925,1835,1086
26,36,2659,1236,1458,1831,2213,1906,1413,1806,602
26,81,1244,1064,993,2070,2194,2688,2165,2298,384
26,82,1243,1063,992,2069,2193,2687,2164,2297,383
26,83,2250,1062,991,2068,2192,911,877,2296,387
26,84,2249,1061,870,2067,2191,2347,712,2295,408
26,105,2248,223,2074,1267,2189,1916,2166,471,1066
26,129,1918,261,2676,1266,2184,1891,1665,595,1055
27,29,409,1231,641,2062,1696,708,753,1923,1507
27,43,168,1205,638,2058,2183,151,130,1927,1134
27,33,754,1202,640,2061,1504,896,519,1997,373
27,37,1207,1229,639,1696,1445,1591,759,1845,611
27,38,1019,1228,868,1811,1172,2321,2421,1826,586
27,55,1205,921,1450,2049,1276,2333,1262,1597,1219
27,59,408,1014,864,2048,2179,493,384,1873,1138
27,28,1473,2177,869,1259,1107,497,754,1598,2564
27,112,1493,2108,1761,2046,1148,1592,1608,1671,2525
27,41,1018,2176,1453,2060,1269,1128,1058,1602,2563
27,42,1017,2195,1314,2059,1055,2537,1053,1265,1797
27,44,1206,2183,637,2057,2182,885,536,1918,2562
27,45,753,2182,1313,2056,1492,707,752,1737,2561
27,46,1494,1898,867,2055,1290,496,1056,1854,1748
27,47,547,2164,866,2054,2181,495,764,1872,1161
27,48,2523,2181,1452,2053,1142,891,1282,1352,2540
27,123,2068,1104,2233,2045,1501,706,1798,1690,1912
27,49,2069,2160,1763,2052,1036,890,2276,1083,1794
27,50,752,2140,1451,2051,1052,1608,751,1683,1833
27,69,2217,1013,863,2047,2178,325,383,1900,1148
27,52,634,2138,865,2050,2180,494,535,1915,2539
27,167,2687,30,2673,2044,2177,1120,2055,136,95
27,142,2521,41,2674,1092,947,2698,1269,161,101
27,126,375,198,2675,816,848,323,380,270,67
27,168,2313,35,2672,2043,2176,1607,2402,28,60
27,51,2522,2139,1762,871,866,1610,1789,1574,2551
27,36,1990,1230,1315,1830,1173,1601,2053,1794,613
28,65,367,72,858,1026,941,329,250,457,194
28,95,697,1458,1307,2031,1109,660,414,1612,1177
28,55,1584,1474,1446,2036,1293,1751,1278,1579,1207
28,114,1762,1411,2232,2029,1223,2734,1941,966,1722
28,115,540,1455,2231,2028,1155,556,620,1585,1174
28,56,1295,1476,1758,2035,1390,1267,1931,1168,1217
28,116,2344,1475,2404,1855,1311,2319,1655,982,1166
28,59,261,1413,859,2034,2172,310,270,1643,1118
28,120,914,1463,2230,1163,1043,1214,1362,1152,1032
28,112,260,2107,1756,1171,1083,550,602,1596,2524
28,41,515,2191,1449,2042,1157,551,2446,1591,2582
28,121,2604,1407,2553,1257,1384,2432,1922,1022,1726
28,42,699,2175,1312,1176,1032,858,400,1261,1825
28,122,539,1406,2229,2027,1567,1547,861,1592,1775
28,126,196,179,1889,771,769,194,190,252,42
28,44,698,2159,1311,2041,2175,330,399,1630,2581
28,45,369,2158,1310,2040,1537,1041,398,1624,2580
28,46,1492,1436,862,2039,1160,774,612,1590,1769
28,47,262,2157,861,2038,2174,256,251,1637,1168
28,97,916,1457,1893,1098,1084,863,866,1209,977
28,48,1767,2156,1448,1131,1093,2334,859,1313,2538
28,123,538,1387,1890,2026,1530,1036,2432,1608,1714
28,49,917,2155,1760,1115,1027,1265,1119,1068,1814
28,50,1296,2137,1447,1177,1029,852,756,1593,1838
28,124,2603,1479,2401,1174,1046,861,1133,1176,1718
28,51,1655,2136,1759,802,773,1266,1370,1364,2550
28,68,366,1412,1309,2033,2171,328,269,1631,1105
28,69,244,1410,857,2032,2170,236,226,1646,1131
28,98,915,950,1892,1064,1141,2195,1938,961,922
28,52,368,2135,860,2037,2173,644,1374,1639,2537
28,100,1766,1388,2073,553,597,1268,1678,1264,968
28,72,514,879,1308,1032,1042,435,1117,1246,1164
28,101,1765,1456,1891,1087,1082,1836,865,1230,981
28,117,1761,1409,2403,1133,1030,2547,2448,881,1735
28,103,2345,765,1757,2030,1159,643,567,1087,141
28,118,2605,1408,2402,1023,958,1559,1617,789,1738
28,104,1764,101,2554,1078,1039,1845,2724,158,250
28,105,1763,185,2072,1031,1011,1542,1921,491,850
29,61,1491,605,1753,2016,1701,1534,2051,909,1235
29,62,1989,948,632,2015,1719,712,397,2189,491
29,85,406,708,1752,2011,1707,694,586,1980,1111
29,86,1119,707,1751,2010,2162,711,664,1870,1159
29,63,2728,785,1443,2014,2165,719,680,1771,1232
29,112,405,1004,1750,2008,1710,355,915,1691,504
29,132,403,209,2670,1094,1691,691,353,282,71
29,133,1680,237,2669,1280,1690,1548,1423,359,120
29,94,2520,155,2551,1330,1683,1322,1677,320,97
29,134,2602,236,2668,1279,1689,2673,2392,365,133
29,135,1489,246,2667,1278,1688,2672,2391,369,143
29,127,2342,247,2671,1101,1684,2335,1769,368,151
29,136,2341,235,2550,1277,1687,1941,2063,358,138
29,43,32,1239,634,2024,2169,26,32,2132,1169
29,137,1679,234,2549,1276,1686,1867,1903,351,132
29,126,145,227,1885,1086,1682,155,145,309,49
29,44,207,1147,633,2023,2168,327,268,2109,1241
29,46,811,1176,240,2022,1709,1492,509,1876,1239
29,48,2139,1021,1445,2021,1702,1550,1158,1347,1503
29,123,404,947,1886,2007,1700,460,1150,1724,1248
29,51,1654,1017,1755,1004,1681,1164,921,1576,1510
29,68,292,863,1305,2013,2164,165,266,2080,1170
29,69,146,985,854,2012,2163,163,146,2105,1183
29,52,192,1227,239,2020,2167,159,198,2108,1253
29,55,1204,886,1444,2019,1706,1326,1153,1607,1237
29,56,2067,776,1754,2018,1705,1167,1162,1158,1233
29,59,293,986,855,2017,2166,166,267,2064,1180
29,33,407,1261,636,2025,1717,347,772,2185,380
29,87,2138,259,1888,2009,1697,705,504,382,104
29,36,1383,1758,1306,1829,1694,1336,1411,1788,619
29,37,913,1757,635,1695,1698,713,762,1878,623
29,38,1016,1756,856,1810,1693,1546,916,1858,595
29,91,2343,158,1887,1312,1692,2520,2602,455,637
29,93,1490,309,2552,1303,1685,2517,1984,583,701
30,31,2312,1755,1633,492,469,2546,2180,96,2737
30,32,2216,1754,1632,562,571,2126,2179,93,2736
30,67,2686,433,1630,782,578,2391,2486,86,1928
30,33,2478,265,1631,2006,2161,2476,2619,153,836
30,74,2477,318,1629,607,575,2645,2618,148,842
31,32,2311,1753,1628,491,468,2545,2178,95,2735
31,67,2571,432,1626,647,696,2046,2485,100,825
31,33,2066,264,1627,2005,1262,2216,2617,159,795
31,74,2685,317,1625,487,454,2661,2616,157,799
32,67,2684,431,1623,720,577,2390,2484,85,1927
32,33,2476,263,1624,2004,2160,2475,2615,152,837
32,74,2475,316,1622,606,574,2644,2614,147,841
33,62,1760,2657,631,1996,1627,1313,2243,2325,2402
33,43,50,1233,235,2001,2159,49,50,178,11
33,67,1015,539,1621,1842,1494,1692,1498,582,945
33,44,348,1113,234,2000,2158,557,521,2180,243
33,46,2340,1170,233,1999,1582,776,1073,2150,343
33,52,477,1201,232,1998,2157,240,520,2179,276
33,53,476,2611,741,1997,1815,237,284,2722,2403
33,73,1014,2656,738,1994,1434,1300,366,2721,2400
33,158,2601,385,2666,1982,2156,1704,1299,296,692
33,65,347,2456,740,1205,1421,346,289,2596,2290
33,66,475,2435,739,1995,1363,2488,369,2684,2401
33,74,474,2655,853,1993,1433,629,527,2607,2399
33,75,1583,2654,737,1992,1350,2272,1635,2563,2112
33,36,1382,1279,238,1828,1506,2466,2059,1847,620
33,37,1203,1278,237,1694,1563,1008,773,1996,533
33,38,992,1277,236,1809,1453,2099,1192,2158,1384
33,39,686,2645,743,2003,1436,1975,512,2724,2407
33,40,478,2612,742,2002,1435,2733,776,2723,2404
33,76,2065,2653,736,1991,1349,1707,955,2562,2398
33,77,2064,2652,735,1990,1348,1140,954,2561,2397
33,78,473,2640,852,1989,1306,735,526,2431,2396
33,79,1582,2639,734,1988,1347,1961,1235,2381,2395
33,80,1759,2638,733,1987,1346,1310,1935,2354,2156
33,81,1758,2632,851,1986,1357,1694,1406,2525,2155
33,82,1757,2358,850,1985,1571,1693,1405,2477,2242
33,83,2063,2357,630,1984,1570,628,2345,2476,2236
33,84,2727,2356,849,1983,1489,623,1625,2410,2235
34,62,2339,642,627,1977,1525,1475,2401,1185,1406
34,66,2338,692,626,932,884,1488,1107,1203,1405
34,39,1381,677,629,959,916,1879,1375,1200,1423
34,40,896,676,628,958,915,2123,1284,1199,1422
34,78,893,691,625,846,825,1289,2424,1202,1425
34,81,1950,682,624,973,913,1882,1755,1206,1408
34,82,1949,681,623,1976,1245,1881,1754,1204,1407
34,83,1948,675,622,1975,1244,1490,2170,1195,1385
34,88,2336,338,1300,1160,1024,2575,2658,687,1387
34,89,2335,337,1299,1159,1023,2574,2657,686,1386
34,42,895,456,1303,1980,1022,853,1408,892,393
34,45,894,438,1302,1979,1474,1269,852,901,382
34,50,1488,467,990,1978,1021,846,1458,889,482
34,72,2337,254,1301,1030,1025,2567,2176,944,502
34,95,1153,382,1298,1973,1034,1480,1923,888,350
34,102,2215,670,2400,740,761,2114,1279,229,776
34,103,1152,399,1749,1972,1031,2452,1106,768,149
34,87,1154,361,989,1974,1028,1208,1459,318,128
34,35,1472,457,1304,1981,1188,845,2410,952,511
35,85,536,2262,983,1956,1552,1090,597,1813,2598
35,86,1009,2250,982,1955,2150,1363,670,1808,2597
35,43,150,1937,845,1969,2155,154,132,1837,2606
35,38,991,228,848,1808,1174,1189,924,1698,599
35,66,602,89,843,1961,994,784,905,1818,263
35,39,1471,279,847,1971,1000,599,1369,1820,429
35,40,1013,258,846,1970,999,1376,768,1819,417
35,88,2519,119,1297,1953,1195,2660,1816,708,536
35,89,2518,118,1296,1952,1194,2659,1815,709,535
35,42,604,617,988,1379,1120,847,413,1197,532
35,44,1917,634,987,1968,2154,445,412,1825,1075
35,45,603,631,986,1355,1546,1038,411,1718,525
35,50,1012,630,985,1967,1062,842,757,1664,1080
35,68,2137,2296,984,1960,2152,851,410,1834,2601
35,69,537,2289,842,1959,2151,443,663,1836,534
35,70,839,2288,1744,1958,1799,1247,2592,1809,2600
35,71,1010,2287,1743,1957,1800,1625,2428,1800,2599
35,95,1008,1059,1295,1357,1323,652,419,1709,1116
35,54,1487,2307,1748,1966,1793,1581,1295,1811,2605
35,114,2213,618,2228,1950,1411,1096,1828,895,1091
35,57,2062,2306,1747,1965,1796,1798,2597,1799,2604
35,128,2658,2249,2547,1223,992,1250,1256,431,2596
35,58,1011,2304,1746,1964,1795,1797,2596,1798,2603
35,59,402,2298,844,1963,2153,444,907,1827,1130
35,60,840,2297,1745,1962,1794,1630,930,1810,2602
35,109,2214,51,2548,916,993,2449,1692,209,261
35,103,838,586,1742,1951,1019,641,1377,981,136
35,87,1916,362,981,1954,1020,2067,904,354,119
35,105,2431,250,2071,1123,1005,2054,1811,386,1512
35,129,1486,2230,2546,938,991,1357,1801,387,2595
36,43,1161,1243,229,1827,2149,1091,1113,1766,564
36,37,1988,1752,231,1685,1443,1290,1434,1779,2734
36,38,1756,1751,230,1686,1171,1458,1426,1789,901
36,44,2657,1146,228,1826,2148,1982,1243,1795,541
36,46,1987,1175,227,1825,1251,2671,1422,1804,609
36,52,1868,1226,226,1824,2147,1467,2047,1785,582
37,85,1986,619,980,1688,1561,720,967,1780,614
37,86,2246,563,979,1687,2143,1968,1086,1778,615
37,43,428,1242,224,1693,2146,409,451,1812,569
37,44,912,1145,223,1692,2145,2635,1618,1877,517
37,46,837,1174,222,1691,1448,1171,2441,1844,589
37,52,1867,1225,221,1690,2144,957,1195,1874,563
37,53,1202,589,621,1689,1798,815,1471,1941,751
37,148,2726,29,2397,1117,1444,1274,2128,211,495
37,38,1755,1750,225,1684,1441,1174,1171,1796,830
37,91,2430,245,1884,1307,1442,2697,2101,446,1905
37,92,2600,215,2399,1068,1439,2102,1978,207,669
37,93,2429,291,2398,1126,1394,1460,2723,565,641
38,62,1753,904,620,1803,1527,940,1432,2155,1360
38,43,693,1241,220,1807,2142,668,691,1770,512
38,44,1754,1144,219,1806,2141,1552,1120,1857,500
38,46,2334,1173,218,1805,1261,1172,1877,1843,558
38,52,1556,1224,217,1804,2140,937,1194,1848,516
38,83,2683,888,619,1710,1197,1176,1188,2146,1383
39,62,684,2631,616,1062,1375,2341,953,2324,2392
39,74,683,2629,613,84,83,1814,473,2606,2389
39,53,436,2621,617,1949,1788,2369,513,2719,2393
39,73,1485,2630,732,407,308,598,952,2718,2390
39,65,435,2455,615,401,368,449,514,2595,2289
39,66,434,2434,614,354,299,1021,511,2683,2391
39,75,682,2628,731,617,436,1025,1871,2560,2111
39,124,2020,85,2070,788,753,571,1864,774,322
39,72,2022,225,1294,747,677,448,1578,2118,454
39,118,2682,107,1883,789,763,1972,1880,736,452
39,40,685,2622,618,60,54,1659,2415,2720,2394
39,76,681,2627,730,138,135,574,939,2559,2388
39,77,680,2626,729,137,134,573,938,2558,2387
39,78,679,2625,612,90,82,1028,522,2430,2386
39,79,1484,2624,728,150,230,1963,2463,2380,2385
39,80,2021,2623,727,134,149,1521,1693,2353,2154
39,81,2400,2610,611,682,140,2480,2722,2524,2153
39,82,2399,2355,610,1076,1049,2479,2721,2475,2241
39,83,678,2354,609,1075,1104,2612,1689,2474,2234
39,84,677,2353,841,685,683,1413,1819,2409,2233
39,90,1483,728,1293,673,664,1436,1372,1816,1430
39,125,2019,168,2069,924,856,2611,2172,283,770
40,62,1327,2609,607,1061,1374,419,2403,2323,2490
40,74,469,2607,604,76,57,929,2115,2605,2473
40,53,472,2637,608,1948,1787,538,436,2717,2505
40,73,892,2608,726,405,303,418,1393,2716,2474
40,65,471,2454,606,400,352,534,439,2594,2302
40,66,470,2433,605,408,291,535,2420,2682,2487
40,75,2398,2606,725,172,440,1946,1287,2557,2110
40,124,1945,83,2068,794,757,2301,899,773,310
40,72,2570,224,1292,719,671,921,882,2117,431
40,148,1321,336,2396,677,710,1524,1490,412,733
40,118,1322,104,1882,796,770,1165,1491,720,444
40,76,2681,2605,724,113,133,1666,1487,2556,2482
40,77,2680,2604,723,112,132,2309,1486,2555,2481
40,78,468,2603,603,85,81,1676,1482,2429,2466
40,79,2245,2602,722,194,114,779,2720,2379,2465
40,80,1326,2601,721,148,148,2303,1497,2352,2152
40,81,1947,2600,602,201,139,1378,1156,2523,2151
40,82,1946,2352,601,1074,1048,1377,1155,2473,2277
40,83,1325,2351,600,1073,1103,2302,872,2472,2276
40,84,1324,2350,599,674,674,758,2667,2408,2275
40,90,1323,727,1291,667,662,1929,1493,1815,1429
40,125,1944,195,2067,923,855,2304,2169,287,769
41,63,2332,796,977,1937,2134,2416,1507,1601,1226
41,43,149,949,597,1946,2139,153,131,1651,846
41,55,1469,1363,1441,1939,1472,2631,1281,1378,1236
41,115,533,1384,1879,1377,1391,554,2134,1581,1196
41,116,1941,1153,1878,1854,1478,1408,1066,1002,1205
41,96,2569,1367,1881,1934,1479,904,701,1301,963
41,59,1177,1332,839,1938,2135,2210,508,1652,870
41,120,1580,1369,1440,1931,1168,903,2719,1145,1047
41,112,834,2106,976,1932,1393,548,1020,1595,2523
41,166,2568,32,2665,1930,990,2617,2547,97,699
41,131,1940,592,2064,852,885,1633,2218,713,681
41,163,1939,825,2394,863,951,2219,2548,684,1053
41,42,535,2174,598,1947,1060,2196,801,1253,1791
41,130,373,404,2395,1037,944,371,358,220,74
41,126,374,197,1877,954,945,431,435,200,50
41,44,534,2154,596,1945,2138,549,1524,1638,2579
41,45,1470,2153,595,1360,1593,1725,1389,1610,2578
41,47,449,2152,594,1944,2137,389,489,1647,1206
41,48,836,2151,1442,1943,1229,1111,1511,1307,2536
41,123,532,1365,1288,1370,1592,1983,799,1613,1911
41,49,2725,2150,2066,1942,1111,1985,1528,1066,1790
41,50,1007,2134,978,1941,1057,1737,2357,1587,1762
41,51,2333,2133,840,1001,957,748,1407,1350,2549
41,68,1581,1331,592,1936,2133,741,800,1645,957
41,69,513,1320,591,1935,2132,671,488,1653,980
41,98,835,926,1290,1341,1226,745,657,955,958
41,99,2331,281,2065,1392,1210,1991,2526,411,848
41,52,1118,2132,593,1940,2136,1130,804,1650,2535
41,100,1943,1366,1880,891,914,1390,1181,1260,1025
41,101,1942,1385,1289,1933,1130,2412,2211,1232,1008
42,95,695,1285,834,1366,1054,465,409,1234,796
42,114,1379,1613,1283,1922,1134,1484,1057,969,1729
42,96,2212,1281,1286,1924,1123,1855,2290,1243,966
42,117,2428,1612,2063,1178,975,1327,1855,886,1771
42,103,1005,807,833,1923,1050,1324,2427,1090,185
42,118,2427,1611,1875,1027,936,2198,2245,815,1731
42,87,1579,340,975,1925,1041,716,1645,360,159
42,119,2426,94,2227,1682,1068,2524,2655,394,784
42,112,1578,2105,974,1179,1056,458,1392,1227,798
42,121,1004,1604,2062,1859,1218,1330,1055,1013,1719
42,140,329,120,2061,864,864,367,580,214,92
42,122,2061,1603,832,1921,1440,2094,2044,1248,1777
42,126,282,194,1874,814,818,269,273,243,73
42,44,696,2203,590,1929,2131,1259,396,1266,1824
42,45,394,2202,589,1363,1412,459,395,1262,1823
42,46,2136,1897,838,1928,1164,1188,1059,1244,1785
42,47,330,2131,588,1927,2130,370,318,1218,797
42,97,2211,1284,1876,1140,976,859,1398,1191,1006
42,157,1003,1223,1873,754,782,1903,1308,636,920
42,48,1866,2201,1287,1242,989,2525,1399,1249,1808
42,123,1865,1293,1282,1920,1475,388,659,1240,1728
42,49,1294,2187,837,1120,971,2191,950,1074,2733
42,50,1006,2130,836,1241,1026,848,660,1247,1832
42,124,1864,1560,1281,1186,983,857,951,1169,1043
42,51,1678,2129,835,875,832,1500,807,1252,1793
42,98,1380,1240,1285,1063,1044,1794,656,948,971
42,52,393,2128,587,1926,2129,843,788,1267,1811
42,72,531,857,586,1036,967,697,1400,1189,834
42,101,2724,1299,1284,1105,970,1699,2656,1215,1007
42,162,2425,1222,2060,753,781,2526,1949,635,1021
43,61,1412,580,1741,1906,2114,1263,1234,912,1275
43,62,75,891,448,1905,2113,74,75,2241,354
43,85,105,1930,972,1897,2105,78,107,1994,2644
43,86,148,1929,971,1896,2104,90,129,1912,2636
43,63,338,813,973,1904,2112,305,334,1801,1341
43,138,62,504,2664,1226,2072,61,66,280,2
43,139,120,506,2663,1886,2071,82,121,286,4
43,140,59,430,2056,1219,2070,57,60,275,3
43,141,425,519,2662,1885,2069,412,452,290,16
43,142,817,299,2538,1255,2068,783,832,261,6
43,132,147,507,2389,1887,2078,89,128,302,22
43,121,772,298,2059,1858,2088,736,777,960,1107
43,143,335,517,2537,1884,2067,302,332,319,27
43,133,1160,417,2543,1275,2077,1180,1118,371,76
43,122,190,704,828,1889,2087,161,188,1662,886
43,94,337,521,2391,1329,2098,303,333,331,64
43,134,1554,416,2542,1274,2076,1426,1401,366,88
43,135,2679,373,2541,1273,2075,1651,2385,373,116
43,127,1079,418,2545,1256,2083,995,1022,372,125
43,144,119,514,2661,1883,2066,84,123,303,26
43,145,269,518,2388,1168,2065,249,257,334,13
43,130,30,515,2390,1262,2080,25,30,335,35
43,146,1307,355,2536,1882,2064,1412,1237,326,46
43,136,1553,415,2540,1272,2074,1415,1385,370,111
43,147,118,503,2535,1254,2063,83,122,289,21
43,95,70,1037,830,1894,2097,69,71,1755,1888
43,53,21,1003,450,1914,2122,17,20,2233,353
43,54,339,1936,1439,1913,2121,306,335,2023,2650
43,55,426,939,1280,1912,2120,420,454,1642,1215
43,114,819,266,1278,1891,2091,785,829,943,1065
43,115,245,1049,1869,1890,2090,229,241,1621,1866
43,56,820,803,1438,1911,2119,786,830,1171,1259
43,57,568,1935,1437,1910,2118,533,555,2022,2649
43,116,818,1011,1868,1853,2089,789,831,882,1852
43,96,336,756,1279,1893,2096,308,336,1303,822
43,128,1078,1928,2544,1222,2082,997,1028,688,2635
43,131,1555,312,2057,1130,2079,1428,2004,696,7
43,58,567,1934,1436,1909,2117,532,554,1830,2648
43,59,20,1100,449,1908,2116,18,21,2071,1903
43,60,541,1933,1435,1907,2115,512,472,2021,2666
43,110,2171,110,1871,1386,2093,1351,1394,513,277
43,148,1159,21,2387,1306,2062,1087,1111,193,19
43,103,191,543,829,1892,2095,160,187,1079,110
43,149,2678,8,2534,1881,2061,2650,2663,164,9
43,87,204,523,970,1895,2103,175,195,391,87
43,150,967,522,2660,1880,2060,931,932,325,28
43,111,2018,105,1870,1841,2092,1675,1707,514,247
43,82,270,328,446,1899,2107,252,258,1208,291
43,83,255,352,445,1898,2106,246,243,2219,270
43,151,2170,54,2533,1879,2059,2732,2261,232,30
43,152,2169,53,2532,1290,2058,2610,2260,231,29
43,91,2567,115,1872,1311,2102,1652,1703,456,538
43,92,2397,84,2393,1321,2100,2513,2718,414,622
43,93,1411,257,2392,1302,2099,1262,1233,602,666
43,125,2017,24,2058,1291,2085,2206,2396,223,25
43,105,2396,148,1432,1229,2094,1677,1537,474,899
43,129,1308,1927,1431,1265,2081,1186,1231,640,2618
43,153,334,516,2531,1253,2057,301,331,288,14
43,137,1552,356,2539,1271,2073,1414,1384,367,102
43,126,23,508,1867,1153,2084,21,23,316,5
43,154,1915,114,2659,1252,2056,2207,1910,347,10
43,155,692,520,2386,1289,2055,670,692,310,23
43,44,17,1131,216,1919,2128,13,17,2113,1094
43,45,63,748,585,1918,2127,68,67,1754,866
43,46,205,1171,215,1917,2126,176,196,1817,1062
43,47,14,1051,584,1916,2125,12,14,2084,1879
43,123,81,925,1277,1888,2086,75,82,1741,1144
43,51,427,898,831,1230,2124,417,453,1580,982
43,68,26,1129,583,1903,2111,22,26,2087,2665
43,69,6,1105,447,1902,2110,6,6,2106,2594
43,52,10,1204,214,1915,2123,9,10,2112,1110
43,70,566,1932,1434,1901,2109,531,553,2020,2664
43,71,612,1931,1433,1900,2108,609,631,1829,2663
44,85,529,678,969,1867,2042,1260,596,1977,1076
44,114,1374,1610,1275,1863,2036,1476,2717,962,1721
44,115,2168,1054,1739,1862,2035,553,1470,1615,1163
44,96,1376,1084,1276,1866,2041,1043,841,1297,862
44,59,346,1070,440,1871,2046,309,248,2065,1125
44,117,2167,1609,2055,1861,2034,2310,1854,871,1734
44,103,1914,657,825,1865,2039,887,2334,1082,137
44,118,2166,1608,1738,1396,2033,1543,1232,811,1737
44,120,910,1043,1429,1800,2032,1554,1236,1101,748
44,112,466,2104,968,1864,2037,547,264,1692,2522
44,121,1373,1602,2054,1799,2031,2618,2581,968,1725
44,122,909,1601,824,1798,2030,983,669,1654,1774
44,140,302,131,2053,1218,2024,239,244,257,57
44,130,206,397,1736,1261,2025,206,210,311,69
44,126,166,201,1737,1152,2027,138,161,285,54
44,163,2566,782,1735,1233,2023,2284,1995,704,1017
44,105,2656,220,1430,1227,2038,1535,2588,497,959
44,129,1913,282,1428,1264,2026,2281,2002,623,1046
44,45,467,2213,444,1878,2054,1040,265,1751,2577
44,46,833,1896,213,1877,2053,769,2324,1875,1768
44,47,225,2127,443,1876,2052,219,177,2077,1156
44,48,1378,2212,442,1875,2051,1555,845,1353,2534
44,123,2165,1130,1274,1797,2029,1035,2433,1728,1713
44,49,911,2194,827,1874,2050,1531,1122,1084,1813
44,50,1201,2126,441,1873,2049,1258,1986,1686,1837
44,124,2164,1559,1273,1796,2028,2010,668,999,1717
44,51,1377,2125,826,1228,2048,747,1251,1583,2548
44,68,345,940,582,1870,2045,326,247,2081,1117
44,69,109,1058,439,1869,2044,108,114,2097,1135
44,52,110,2124,212,1872,2047,218,115,2099,2533
44,100,1375,1066,1740,1059,2040,2003,1982,1256,924
44,72,530,882,581,1868,2043,434,687,2079,1172
45,61,2210,470,1734,1790,1712,2140,1626,875,1193
45,86,465,560,966,1787,2019,710,1391,1731,868
45,63,1676,654,967,1789,2020,718,1215,1694,1184
45,95,464,1283,821,1354,1534,464,408,1710,1133
45,114,2209,1595,1269,1376,1612,2141,1638,963,1720
45,96,1149,1280,1272,1365,1596,1042,857,1310,941
45,117,1550,1594,1619,1782,1460,1726,1646,879,1733
45,103,1148,806,820,1368,1588,1716,566,1088,172
45,118,1674,1593,1618,1395,1464,2365,2449,813,1736
45,87,1150,348,965,1786,1539,704,1212,375,156
45,119,2599,93,2226,1681,1535,2370,2337,406,780
45,112,463,2103,964,1783,1599,353,601,1689,2521
45,121,2598,1590,1617,1375,1609,2622,1633,1021,1724
45,122,2208,1589,819,1358,1641,982,860,1632,1773
45,140,392,116,2052,1097,1213,298,260,201,82
45,46,1677,1895,438,1795,1601,2368,611,1695,1767
45,47,291,2123,437,1794,2022,255,249,1744,1140
45,97,1675,1282,1620,1785,1386,1442,864,1212,989
45,157,2597,1200,1866,1052,1119,2731,2099,634,869
45,48,2135,2211,436,1793,1547,1469,858,1344,2532
45,123,989,1292,1268,1356,1639,457,1483,1697,1712
45,49,1653,2193,823,1792,1481,1271,1492,1077,1812
45,50,751,2122,435,1369,1410,606,755,1669,1836
45,124,988,1558,1267,1380,1526,612,2540,1180,1716
45,51,1151,2121,822,999,1086,1272,1649,1408,2547
45,98,1551,1207,1271,1340,1491,1447,1627,953,947
45,52,290,2120,434,1791,2021,354,354,1752,2531
45,72,990,856,580,1788,1454,695,2531,1720,1152
45,101,2517,1298,1270,1784,1385,1462,863,1229,994
45,162,1673,1199,2051,1046,1118,1732,2716,633,1011
46,114,1372,1623,1266,1774,1505,1485,1062,939,1759
46,117,2330,1622,1616,1773,1224,1187,1756,857,1782
46,103,830,804,818,1776,1398,1661,2566,1039,158
46,118,2329,1621,1615,1320,1144,2240,1439,796,1758
46,112,829,1879,719,1775,1401,1173,610,1620,1751
46,121,1371,1618,1614,1772,1500,1107,1061,928,1743
46,122,2207,1617,817,1771,1605,508,2368,1584,1783
46,140,491,128,2050,1103,982,492,506,210,78
46,47,832,1155,433,1781,2018,510,487,1787,1095
46,48,831,1894,432,1780,1358,2249,2715,1343,1744
46,49,1672,1893,720,1779,1265,1179,1884,1064,1784
46,50,1671,1892,431,1778,1154,763,1749,1679,1789
46,124,2723,1168,1265,1770,1156,773,1889,980,1741
46,52,633,1891,211,1777,2017,509,2567,1871,1760
47,53,161,772,427,1765,2012,180,160,2100,237
47,95,301,1488,714,1752,1999,314,299,1757,2732
47,54,676,1028,1427,1764,2011,2405,1076,1988,1860
47,55,1985,1501,716,1763,2010,1710,1075,1634,1245
47,114,1087,703,1262,1748,1993,1009,1052,964,1074
47,115,673,1485,1731,1747,1992,732,619,1659,1871
47,56,2163,1504,715,1762,2009,1010,1078,1183,1358
47,57,1984,1027,1426,1761,2008,1528,2384,1987,1878
47,116,1086,1503,1865,1746,1991,1013,1054,1052,1853
47,96,675,1448,713,1751,1998,729,700,1325,871
47,58,2162,1026,1425,1760,2007,1527,2383,1856,1877
47,59,160,1452,426,1759,2006,158,176,2033,1881
47,60,1912,1025,1424,1758,2005,2421,1595,1989,1876
47,120,906,1495,1421,1745,1990,1012,1074,1159,745
47,121,1366,688,1612,1744,1989,1007,1051,1025,1154
47,122,447,1348,816,1743,1988,507,849,1658,1162
47,128,2394,719,2530,1221,1085,2237,1611,738,1155
47,131,2565,547,2049,1118,1231,2730,2381,737,657
47,97,907,1487,1613,1750,1997,1785,851,1222,895
47,157,2161,897,1864,1057,1985,1006,2097,638,268
47,48,1370,2119,430,1769,2016,1986,848,1311,986
47,123,328,1439,712,1742,1987,369,317,1745,1201
47,49,908,2118,718,1768,2015,994,1596,1007,1071
47,50,1670,2167,429,1767,2014,619,581,1665,1146
47,124,600,1459,1261,1741,1986,620,1591,1201,1186
47,51,1369,2166,717,1017,1227,727,2714,1575,1115
47,68,159,1451,579,1757,2004,157,162,2039,1875
47,69,98,1424,425,1756,2003,101,99,2063,1880
47,98,674,952,1264,1339,1996,726,655,942,838
47,99,2722,240,1733,1391,1995,2189,2399,422,673
47,52,99,2165,428,1766,2013,152,101,2074,1157
47,100,1367,1440,1732,1051,1115,1786,1077,1276,934
47,70,1368,1016,1423,1755,2002,1790,1592,1986,1857
47,71,2395,1015,1422,1754,2001,2420,1593,1855,1856
47,72,448,912,578,1753,2000,384,485,2032,1846
47,101,1088,1486,1263,1749,1994,2403,850,1236,898
47,162,2564,896,2048,1184,1984,2093,2263,637,823
48,114,1362,1405,1259,1736,1420,1495,2390,954,1509
48,96,1363,1127,709,1737,1371,2468,2713,1280,976
48,59,1176,1055,422,1739,1982,959,1719,1329,882
48,112,985,2102,708,1183,1140,1115,856,1251,1010
48,123,984,1154,707,1735,1559,1987,1164,1330,1801
48,49,2134,2192,711,1114,974,1540,1890,1060,1802
48,50,2133,2117,424,1244,1033,2543,1469,1312,1841
48,51,1365,2116,710,808,874,2686,1987,1282,2530
48,69,987,1048,421,1738,1981,956,2380,1332,878
48,99,2655,251,2225,1127,1064,2004,1992,388,887
48,52,1364,2115,423,1740,1983,958,1810,1361,2520
48,100,986,1103,1260,410,730,1999,1988,1225,1027
49,114,2206,1588,1258,1732,1124,1830,1333,946,1764
49,117,2654,1587,1257,1067,940,2531,1330,876,1772
49,103,2473,829,815,1733,1017,894,2268,986,215
49,118,1668,1586,1256,972,889,1539,1255,812,1763
49,112,1669,2101,418,1172,1038,1011,1115,1003,1087
49,121,2310,1585,1255,1731,1133,2729,1329,978,1739
49,122,905,1584,814,1730,1519,1532,1862,1059,1776
49,50,1293,2114,706,1119,978,2542,2452,1069,1831
49,124,2309,1557,1254,1102,935,2194,960,1016,1732
49,51,1652,2113,420,749,766,1273,2662,1049,1792
49,52,2474,2112,419,1734,1980,1995,1598,1085,1800
50,95,599,700,705,1374,1051,1717,760,1663,1136
50,114,2516,1583,1140,1726,1063,1482,2119,967,1746
50,117,2653,1582,1253,1180,984,1740,1110,880,1756
50,103,2308,827,813,1727,1045,1724,1104,1071,198
50,118,1665,1581,1139,1033,934,2362,2442,814,1745
50,87,1667,354,963,1728,1037,1206,1219,376,167
50,112,1666,2100,414,1181,1053,856,2339,1633,1770
50,121,2307,1580,1252,1725,1214,2129,2589,997,1742
50,122,2721,1579,812,1724,1480,2349,1449,1594,1780
50,124,598,1556,1138,1187,952,611,2712,1128,1740
50,51,1651,2180,417,799,831,1496,1463,1370,1761
50,52,1549,2179,416,1729,1979,841,683,1685,1840
50,72,2132,862,415,1047,968,1308,1464,1616,1173
51,65,1147,59,411,669,694,737,1448,402,209
51,55,809,1069,704,991,956,1743,1985,1255,1221
51,59,808,1082,412,995,1238,1741,998,1573,1104
51,112,1146,2099,409,800,772,1198,1005,1304,2519
51,123,2306,1172,703,960,1087,2180,806,1373,1910
51,69,807,1060,410,1002,1977,1742,1001,1578,1109
51,52,810,2178,413,1170,1978,2361,809,1588,2529
51,100,1361,1115,1251,561,573,1275,1981,1245,1016
51,126,782,211,1250,639,631,725,702,222,63
51,104,1664,112,2047,663,707,1765,2330,134,348
51,105,1663,188,1420,757,759,2360,2511,447,1089
52,61,2472,546,1137,1720,1973,2142,1376,906,1211
52,85,803,702,962,1715,1967,403,961,1962,1077
52,86,462,701,961,1714,1966,502,665,1850,946
52,63,805,755,700,1719,1972,1205,682,1772,1216
52,65,209,297,407,1204,1971,172,288,1018,197
52,84,1548,449,404,1716,1968,780,1026,1008,371
52,95,461,887,699,1713,1965,411,355,1753,1189
52,55,806,951,702,1723,1976,2242,803,1626,1218
52,56,1117,709,701,1722,1975,1621,1446,1170,1229
52,59,289,1024,408,1721,1974,156,197,2062,1127
52,117,1115,745,1248,1680,1958,1739,1101,866,1753
52,119,2304,66,2224,1679,1957,2367,2711,392,186
52,112,460,2098,403,1711,1959,352,468,1696,2518
52,122,632,1065,811,1678,1956,506,540,1656,1757
52,123,631,1102,698,1677,1955,714,467,1735,1821
52,69,89,1020,406,1718,1970,93,87,2092,1139
52,145,1861,18,2385,1167,1952,1211,2060,259,37
52,126,97,180,1247,1151,1954,120,100,264,31
52,98,1116,746,1136,1338,1964,1444,1099,900,888
52,131,1547,437,2045,1129,1953,1624,1461,689,187
52,110,1862,147,1863,1385,1960,1773,1604,489,301
52,165,2471,17,2384,1146,1951,2565,2571,144,148
52,104,2305,88,2046,1712,1962,2696,1616,182,254
52,105,1863,169,1419,1169,1961,2359,2069,490,956
52,100,1360,920,1249,1058,1963,946,1191,1263,933
52,72,804,878,405,1717,1969,1228,352,2066,1178
53,62,327,2599,401,1671,1810,414,582,2322,2489
53,85,1043,906,1611,1655,1811,408,571,2016,484
53,86,457,905,390,1654,1947,1353,588,1924,483
53,74,459,2597,576,1665,1785,1812,2108,2604,2471
53,113,326,164,2529,896,1771,382,578,52,8
53,68,172,915,398,1670,1949,299,169,2116,335
53,69,144,894,397,1669,1948,113,140,2133,292
53,98,666,270,1129,1243,1805,740,2031,838,245
53,70,1044,978,1131,1668,1852,817,2122,2040,568
53,71,1937,977,1130,1667,1853,1892,1485,1928,585
53,72,1467,957,396,1231,1802,2728,579,2120,442
53,54,672,972,1135,1676,1813,816,2621,2047,543
53,57,1468,971,1134,1675,1817,820,1226,2046,578
53,58,1938,960,1133,1674,1816,819,1225,1945,577
53,59,174,895,402,1673,1950,270,240,2073,302
53,60,1045,959,1132,1672,1814,818,1500,2045,576
53,106,1935,308,2223,898,1774,1362,2627,428,424
53,73,1359,2598,577,1666,1786,413,389,2715,2472
53,108,2720,339,2383,897,1773,2425,1395,438,240
53,109,1934,285,1730,920,1772,1911,1474,328,210
53,65,173,2453,400,1201,1792,195,170,2593,2301
53,110,2391,284,1862,1384,1858,1361,1473,503,345
53,66,259,2432,399,1260,1777,284,287,2681,2486
53,75,671,2596,575,1664,1784,821,2560,2554,2109
53,76,670,2595,574,1663,1783,2165,600,2553,2480
53,77,669,2594,573,1662,1782,1282,599,2552,2479
53,78,458,2593,395,1661,1776,524,1205,2428,2464
53,79,2244,2592,572,1660,1781,1354,598,2378,2463
53,80,1466,2591,571,1659,1780,2550,1481,2351,2150
53,81,1465,2590,394,1658,1790,812,595,2522,2149
53,82,1464,2349,393,1657,1804,811,594,2471,2274
53,83,668,2348,392,1656,1803,2614,593,2470,2273
53,84,667,2347,391,1246,1801,2161,589,2407,2272
53,91,1936,174,1610,1310,1797,1728,2106,460,644
53,92,2393,176,1609,1080,1791,2247,2107,418,645
53,93,2392,260,1608,1232,1775,1365,1472,577,593
54,85,1546,2261,383,1644,1818,1450,1293,1949,2643
54,86,2390,2248,382,1643,1942,876,2405,1892,2634
54,63,2205,784,387,1649,1945,880,2626,1774,1315
54,95,2389,1088,381,1642,1823,1579,796,1763,1889
54,112,1911,753,380,1641,1856,1193,1319,1713,1102
54,145,1650,60,2382,1162,1789,1568,1167,300,117
54,130,884,142,1729,1035,1287,1149,781,315,107
54,123,885,754,379,1638,1841,2727,786,1726,929
54,68,2204,2293,386,1648,1944,1254,787,2001,2661
54,69,665,2286,385,1647,1943,666,681,2003,2593
54,70,888,2285,1126,1646,1846,1251,1863,1966,2660
54,71,887,2284,1125,1645,1850,881,1865,1899,2659
54,72,2652,1629,384,1235,1806,2568,1778,1972,1820
54,115,886,1124,1246,1640,1833,1567,1303,1677,1870
54,57,891,2305,389,1653,1835,1578,1883,1968,2647
54,116,2060,1151,1124,1639,1842,1572,1312,1058,1851
54,128,2388,2247,1245,887,1232,1256,2414,783,2633
54,58,890,2303,1128,1652,1830,1577,1882,1908,2646
54,59,1831,2295,388,1651,1946,1561,789,1992,1902
54,60,889,2294,1127,1650,1827,882,1868,1967,2662
54,129,1910,2229,1418,941,1240,2726,2238,726,2617
55,61,1983,604,1123,1635,1715,1551,2562,859,2730
55,63,801,841,377,1634,1940,2422,2007,1599,2729
55,95,799,1977,374,1630,1396,793,1570,1604,1254
55,120,1576,1972,1417,1625,1382,1105,2242,1140,1042
55,97,2203,1976,1121,1629,1187,1104,2234,1182,974
55,123,2650,1480,373,1624,1594,1335,797,1603,1228
55,124,2423,1441,1118,1623,1169,1103,2241,1161,1210
55,68,1577,1523,376,1633,1939,2516,798,1635,1214
55,69,800,1494,375,1632,1938,787,1572,1648,1222
55,70,1463,787,1122,1631,1937,2621,2249,1600,1213
55,101,798,1975,1120,1628,1186,797,2654,1194,973
55,115,2651,1974,1244,1627,1403,806,2710,1582,1249
55,56,1320,1978,697,1637,1514,1331,1170,1160,2731
55,116,2424,1973,1119,1626,1496,1106,2240,1027,1260
55,131,2422,606,2044,853,882,1766,1844,728,743
55,59,802,1515,378,1636,1941,788,805,1640,1220
56,61,2649,613,1117,1621,1714,2133,2625,780,2728
56,63,1292,844,695,1620,1935,2149,2292,1165,2727
56,95,1318,1971,693,1617,1406,1912,1460,1175,1359
56,115,2303,1968,570,1614,1470,1340,1442,1173,1364
56,120,2421,1966,1416,1612,1392,2156,2409,1113,1044
56,97,1317,1970,1115,1616,1193,1899,1452,1105,1003
56,124,2302,1443,569,1611,1320,2724,2418,1097,1224
56,68,1319,1517,1116,1619,1934,2504,1360,1184,1257
56,69,2648,1465,694,1618,1933,2725,1942,1196,1334
56,101,1316,1969,1114,1615,1192,2407,1441,1122,1001
56,116,2059,1967,1113,1613,1522,2035,2417,1030,1370
56,59,1175,1498,696,1622,1936,1650,1288,1192,1317
57,85,980,2260,368,1603,1825,952,966,1948,2642
57,86,1461,2246,367,1602,1929,2344,1085,1890,2632
57,95,1647,1087,366,1601,1829,2346,2479,1759,1887
57,115,978,1123,564,1599,1832,1589,1223,1674,1865
57,112,979,741,365,1600,1855,2137,1480,1707,1100
57,68,983,2290,371,1607,1931,1246,2595,2000,2657
57,69,982,2283,370,1606,1930,944,2104,2005,2592
57,70,1462,2282,566,1605,1845,1241,1976,1964,2656
57,71,2058,2281,565,1604,1849,2657,2482,1897,2655
57,72,981,1628,369,1239,1809,1781,1787,1971,1819
57,116,2057,1150,1112,1598,1839,2032,1661,1057,1830
57,128,2300,2245,1243,895,1243,1249,2125,786,2631
57,58,1649,2302,568,1610,1840,1486,1209,1906,2645
57,59,1648,2292,372,1609,1932,953,1739,1991,1901
57,60,2301,2291,567,1608,1834,2658,2112,1965,2658
57,129,2647,2228,1415,948,1272,2352,1476,733,2616
58,85,1198,2259,559,1591,1824,950,965,1886,2641
58,86,1114,2244,558,1590,1925,2343,1084,1869,2630
58,95,1646,1086,267,1589,1828,2345,2478,1758,1886
58,115,1197,1122,557,1587,1836,1588,1222,1673,1864
58,116,2056,1149,1111,1586,1843,2031,1660,1056,1829
58,112,2719,740,266,1588,1857,2136,1479,1706,1099
58,68,2387,2299,270,1595,1927,1245,2594,1921,2653
58,69,1622,2280,269,1594,1926,943,2103,1913,2591
58,70,2243,2279,561,1593,1847,1240,1975,1904,2652
58,71,1200,2278,560,1592,1851,2655,2481,1880,2651
58,72,1199,1627,268,1238,1808,1780,1786,1887,1818
58,128,2386,2243,1242,894,1242,1248,2124,785,2629
58,59,1174,2301,563,1597,1928,951,1738,1903,1900
58,60,2646,2300,562,1596,1838,2656,2111,1905,2654
58,129,2385,2227,1414,947,1271,2351,1475,732,2615
59,85,401,2258,364,1579,1918,488,382,1975,1895
59,86,694,2242,363,1578,1917,501,996,1902,1894
59,95,400,1510,262,1577,1916,313,605,1768,1891
59,115,1172,1513,553,1572,1911,800,623,1670,1872
59,116,1085,1497,957,1571,1910,1566,2184,1078,1848
59,96,796,1478,692,1576,1915,2197,695,1327,852
59,120,2013,1512,956,1570,1909,1212,1016,1157,1026
59,112,258,1101,210,1573,1912,699,263,1714,1171
59,164,2011,14,2658,1565,1903,2634,1344,138,80
59,121,1645,616,955,1569,1908,1746,1332,1024,1120
59,122,660,1133,552,1568,1907,505,2365,1660,889
59,130,140,375,1728,807,1211,179,136,322,79
59,147,398,16,2528,1066,1904,632,561,262,68
59,97,2563,1509,960,1575,1914,1457,1000,1231,865
59,123,399,1434,209,1567,1906,693,466,1748,1158
59,124,1171,1391,551,1566,1905,1423,1723,1207,1150
59,68,171,2276,265,1584,1923,164,246,2035,1898
59,69,132,2275,264,1583,1922,114,127,2048,1904
59,100,2014,1435,959,939,1129,948,2709,1273,896
59,70,2015,2274,555,1582,1921,949,2237,1993,1897
59,71,1173,2273,554,1581,1920,1222,2474,1885,1896
59,72,797,1019,263,1580,1919,433,388,2007,1843
59,101,795,1514,958,1574,1913,792,1004,1238,867
59,128,2645,2241,1241,876,988,1749,1729,759,1893
59,131,1860,579,954,866,1233,1757,2600,751,675
59,60,2016,2277,556,1585,1924,1223,2235,1990,1899
59,163,2012,774,1727,1018,1235,2685,1583,724,1009
59,165,2470,22,2381,1050,1248,2555,2470,171,183
59,129,2644,2226,1413,888,1090,1370,1727,705,1892
60,85,1041,2257,548,1559,1822,1900,962,1947,2640
60,86,2514,2240,547,1558,1899,879,2624,1889,2628
60,63,1291,783,208,1564,1902,883,2629,1773,1314
60,95,1313,1085,204,1557,1826,1917,1178,1762,1885
60,115,2299,1121,546,1555,1831,2070,990,1672,1863
60,116,2643,1148,953,1554,1837,2027,2052,1055,1828
60,112,1909,738,203,1556,1854,1435,1610,1712,1101
60,68,1315,2272,207,1563,1901,1649,2229,1999,2672
60,69,2202,2271,206,1562,1900,1227,1239,2004,2590
60,70,1042,2270,550,1561,1844,2424,1253,1963,2671
60,71,2515,2269,549,1560,1848,884,1252,1896,2670
60,72,1314,1626,205,1236,1807,2327,1791,1970,1817
60,128,1830,2239,1240,890,1236,2232,1240,784,2627
60,129,1312,2225,1412,942,1266,1367,2230,729,2614
61,122,1828,446,542,1550,1713,1536,2041,867,1194
61,126,1644,52,1239,952,1695,1438,1495,263,126
61,85,1982,566,544,1552,1718,2643,1762,898,1255
61,86,2642,577,543,1551,1897,1372,2620,903,1289
61,63,1829,615,545,1553,1898,1541,1373,885,2726
62,94,1196,138,1605,1328,1321,2363,1656,91,83
62,68,389,368,200,1548,1896,405,394,2119,338
62,69,360,360,199,1547,1895,312,316,2134,286
62,73,388,2726,261,1546,1373,404,940,2319,2470
62,65,977,2452,202,1189,1369,2178,584,2321,2300
62,102,2510,626,2380,1116,1291,1571,2552,435,768
62,66,390,2431,201,1549,1354,407,1417,2320,2485
62,74,750,2715,260,1003,1372,1319,1328,2318,2469
62,75,2131,2714,259,1545,1432,1564,1335,2317,2108
62,87,748,269,1607,1537,1584,932,503,344,91
62,76,2513,2713,258,1544,1431,2723,934,2316,2478
62,77,2512,2712,257,1543,1430,2670,933,2315,2477
62,78,749,2709,198,1542,1429,938,1676,2310,2462
62,79,2242,2704,256,1020,1428,935,1244,2309,2461
62,80,1460,2703,255,1019,1427,683,1435,2308,2148
62,81,1459,2651,197,1541,1352,1587,2559,2314,2147
62,82,1458,2346,196,1540,1590,1586,2558,2313,2271
62,83,1457,2345,195,1539,1589,2460,720,2312,2270
62,84,1456,2344,194,1538,1553,777,703,2311,2269
62,93,2511,239,1606,1301,1359,1580,1673,566,597
63,85,794,760,362,1534,1892,1449,2307,1776,1137
63,86,793,759,361,1533,1891,877,1559,1775,1340
63,122,1826,685,541,1530,1887,1545,1972,1606,1204
63,127,1825,186,2527,1251,1885,1203,1211,356,161
63,130,790,222,1726,1045,1274,1556,875,337,121
63,126,781,146,1238,953,1273,639,1714,314,99
63,123,1310,831,190,1529,1886,717,1550,1693,1223
63,68,1311,826,193,1536,1894,1560,1353,1790,1313
63,69,664,818,192,1535,1893,1207,679,1792,1339
63,95,792,833,191,1532,1889,1229,913,1739,1355
63,96,791,797,691,1531,1888,2199,2282,1306,903
63,131,2562,478,951,1122,1884,2429,2289,719,757
63,93,1827,331,952,1300,1890,2413,1371,570,694
64,156,1641,400,2379,513,543,1604,1227,46,142
64,157,2384,584,1861,630,555,2722,1229,131,296
64,106,1289,1924,2222,658,640,1777,2472,179,1526
64,107,2200,1923,1724,907,860,2485,1513,189,1502
64,73,1908,511,1725,678,644,1776,2708,468,653
64,158,1288,1921,1108,670,693,1599,2480,218,1277
64,65,1290,463,1604,748,728,1277,1541,466,266
64,102,2201,1925,1110,549,551,1285,1533,221,703
64,148,2055,1922,1109,758,783,1264,1704,208,1270
64,66,1643,487,1603,585,643,2277,1220,470,646
64,67,1642,530,1602,925,748,1463,1213,269,677
64,111,2469,154,1723,1145,1883,1778,1682,79,1283
64,159,2677,27,2657,1144,1882,2579,2216,27,1514
64,160,2676,26,2656,1143,1881,2578,2215,26,1513
65,67,1084,663,1107,711,388,2386,1079,675,940
65,74,456,2450,253,418,380,451,2286,2585,2297
65,73,365,2451,254,393,283,640,390,2590,2298
65,156,595,319,2377,411,337,917,1135,50,34
65,157,1195,347,688,603,467,1088,1838,443,252
65,106,1286,462,2221,471,498,1162,1127,451,659
65,107,1739,442,1722,821,850,1632,1841,465,749
65,158,1284,608,1103,287,285,2473,2628,458,722
65,108,1285,466,2378,433,589,1163,1129,452,359
65,102,1740,637,1105,334,292,2186,1557,461,793
65,148,1929,441,1104,697,706,1287,1837,407,765
65,66,288,2446,189,359,279,277,295,2591,2299
65,75,1287,2449,252,660,375,1039,737,2584,2107
65,76,597,2448,251,449,374,1518,1700,2582,2296
65,77,596,2447,250,448,373,1281,1699,2581,2295
65,78,455,2430,188,656,372,522,1116,2427,2294
65,79,2241,2429,249,406,675,1827,736,2377,2293
65,80,1933,2428,248,648,386,685,968,2350,2146
65,81,1932,2427,187,709,711,838,746,2533,2145
65,82,1931,2343,186,1203,1189,837,745,2469,2283
65,83,780,2342,185,1202,1184,2613,717,2468,2282
65,84,779,2341,184,815,784,1509,591,2406,2281
65,161,2675,444,2655,548,327,2639,2613,236,655
65,104,2561,445,2043,567,612,2484,1831,237,708
65,88,2420,537,1106,832,810,1821,2288,849,1368
65,89,2419,536,690,831,809,1820,2287,848,1367
65,90,1930,725,689,687,672,1645,2298,1831,1442
65,105,1640,71,1411,817,802,2181,1467,198,260
66,67,1194,667,687,584,598,1639,1224,674,978
66,74,454,2425,246,503,385,2062,518,2551,2493
66,73,364,2426,247,397,275,406,364,2680,2494
66,156,776,326,2376,508,346,916,1418,62,51
66,157,1193,353,686,571,411,1634,1304,426,283
66,106,1858,486,1859,468,497,1371,1959,441,663
66,107,2641,465,1721,733,767,1623,1750,469,767
66,158,1854,609,1100,285,276,2057,1301,459,729
66,108,1857,488,1858,453,426,2561,1964,449,627
66,109,1856,87,1720,572,638,2276,2707,239,211
66,102,1358,662,1102,333,280,1356,1973,496,809
66,148,1855,464,1101,695,649,2052,2476,424,773
66,75,2509,2424,245,568,381,1030,741,2550,2106
66,76,778,2423,244,579,379,1138,1966,2549,2492
66,77,777,2422,243,578,378,1137,1965,2548,2491
66,78,453,2421,183,566,377,523,517,2426,2460
66,79,2240,2420,242,417,613,1355,740,2376,2459
66,80,1455,2419,241,576,433,687,969,2349,2144
66,81,1454,2418,182,580,641,836,750,2532,2143
66,82,1453,2340,181,989,1035,835,749,2467,2280
66,83,630,2339,150,988,1069,1136,1429,2466,2279
66,84,629,2338,149,731,652,2669,2356,2405,2278
66,161,2508,468,1857,324,330,2055,2612,241,664
66,104,1859,469,1860,550,602,1851,1745,242,724
67,73,1192,664,685,434,322,1045,1409,680,988
67,158,1849,1319,1098,290,572,1605,2038,244,723
67,108,1850,1709,1855,473,576,1684,1478,206,665
67,102,1575,695,1099,404,416,1691,2259,251,759
67,74,955,650,684,698,586,1197,1977,679,983
67,76,1853,660,683,651,734,1196,2610,693,992
67,77,1852,659,682,650,733,2721,2609,692,991
67,78,1191,666,681,692,596,1446,1201,678,931
67,80,1452,658,680,702,732,1688,1690,691,987
67,161,2298,1708,1854,559,840,2061,2141,29,720
67,104,1851,1710,1856,865,837,2382,1845,120,755
68,85,747,2256,143,1523,1875,402,585,1981,2639
68,86,594,2238,142,1522,1874,2500,690,1907,2626
68,84,2560,140,144,1524,1876,618,1025,899,351
68,95,386,1519,141,1520,1870,410,407,1764,1884
68,115,745,1521,539,1515,1864,1112,2593,1668,1862
68,116,2718,1516,538,1514,1863,1235,2223,1073,1827
68,96,1145,1470,678,1519,1869,743,1354,1326,864
68,87,746,283,679,1521,1873,1139,1134,380,122
68,120,1574,1520,948,1513,1862,1844,1351,1133,1031
68,112,385,919,140,1516,1865,864,262,1715,1153
68,97,1822,1518,677,1518,1868,860,2222,1216,884
68,123,384,1432,139,1512,1861,387,658,1747,1149
68,124,574,1390,537,1511,1860,610,689,1187,1143
68,94,1189,145,1601,1327,1871,1033,1136,304,105
68,144,593,68,2220,1108,1770,562,552,278,72
68,145,744,70,2219,1166,1769,2064,920,307,81
68,130,287,387,535,1041,1859,178,242,330,90
68,128,1821,2237,1237,878,1127,1234,1823,762,2625
68,163,2559,786,1719,1099,1768,1852,2003,723,1036
68,93,1823,305,950,1299,1872,2044,1352,587,662
68,129,2383,2224,536,899,1268,2069,1824,703,2613
68,69,143,2268,148,1528,1880,162,144,2068,2589
68,100,976,1433,949,943,1867,2491,1990,1271,928
68,70,1824,2267,147,1527,1879,1232,2231,1998,2669
68,71,1190,2266,146,1526,1878,1643,2250,1910,2668
68,72,387,1042,145,1525,1877,988,1114,2034,1816
68,101,2297,1522,540,1517,1866,1620,1747,1223,885
69,85,358,2255,135,1507,1764,487,381,1982,2586
69,86,452,2236,134,1506,1763,500,662,1911,2585
69,111,2468,90,1410,1500,1755,2246,2121,501,289
69,95,265,1484,133,1504,1759,304,298,1769,1890
69,115,528,1481,360,1498,1753,799,618,1666,1873
69,116,1737,1464,530,1497,1752,1562,1259,1076,1847
69,96,663,1469,533,1503,1758,673,1585,1328,861
69,87,1450,280,534,1505,1762,486,484,381,112
69,120,1283,1493,946,1496,1751,1217,1242,1153,1028
69,112,243,1097,132,1499,1754,235,225,1716,1165
69,121,1621,585,945,1495,1750,1748,1925,1010,1132
69,122,527,1132,359,1494,1749,504,539,1661,897
69,97,2199,1483,676,1502,1757,1451,1002,1224,879
69,123,357,1446,131,1493,1748,456,315,1749,1160
69,124,974,1389,358,1492,1747,1419,661,1205,1145
69,138,242,39,2218,1225,1745,261,234,265,18
69,94,1738,136,1600,1326,1760,2563,995,306,94
69,144,356,56,2217,1107,1744,319,551,284,58
69,130,130,358,528,804,1275,112,126,332,70
69,128,1282,2235,357,840,1112,1750,1238,771,2584
69,131,1735,550,944,810,1746,1764,2379,743,688
69,163,1734,767,1409,1095,1743,1582,1575,727,1015
69,165,2467,15,2375,1142,1742,2552,2666,175,174
69,93,2130,286,947,1298,1761,1570,2400,601,654
69,129,1736,2223,529,937,1125,1761,2706,710,2583
69,100,975,1447,532,778,1284,941,946,1275,923
69,70,1451,2265,138,1510,1767,942,1248,2006,2588
69,71,2717,2264,137,1509,1766,1226,1247,1901,2587
69,72,359,1018,136,1508,1765,324,387,2037,1842
69,101,789,1482,531,1501,1756,790,1010,1237,880
70,85,1040,2254,128,1490,1739,947,964,1946,2638
70,86,1448,2234,127,1489,1738,2428,1083,1888,2624
70,95,2239,1074,126,1488,1737,2630,1200,1761,1859
70,115,1820,1099,356,1486,1735,2041,1963,1676,1869
70,112,2558,739,125,1487,1736,2043,1601,1705,1103
70,128,1819,2233,355,893,1241,1233,1250,779,2623
70,129,2238,2222,527,946,1270,2056,2232,725,2612
70,71,2640,2263,130,1491,1741,2423,1614,1895,2667
70,72,1449,1625,129,1237,1740,1793,2604,1969,1845
71,85,1187,2253,123,1485,1733,1893,963,1879,2637
71,86,1620,2232,90,1484,1732,878,1082,1860,2622
71,95,2382,1073,89,1483,1731,1894,1199,1760,1858
71,115,1186,1098,87,1481,1729,1904,2149,1675,1868
71,112,2129,743,88,1482,1730,1434,1602,1704,1098
71,128,2128,2231,1236,1216,1249,2231,1249,777,2621
71,129,2127,2221,526,945,1277,1366,2066,730,2611
71,72,1188,1624,124,1240,1734,2326,2049,1883,1844
72,85,512,1620,85,1480,1488,696,583,1960,1119
72,86,788,1619,84,1479,1728,1292,686,1894,1849
72,73,383,210,86,714,729,1305,386,2114,388
72,107,2296,69,1718,1083,1165,2339,1584,397,390
72,118,1615,840,943,951,872,1304,1790,742,1124
72,112,743,880,83,1081,1105,701,1112,1228,1197
72,122,525,881,82,1478,1487,961,685,1095,1181
72,124,973,883,81,986,887,1320,684,949,1185
72,113,526,200,1853,773,570,605,871,66,33
72,98,1619,429,354,968,907,977,900,877,860
72,106,1618,343,1408,729,654,2068,1139,413,392
72,108,1617,365,1407,686,749,1307,1140,410,223
72,109,2716,380,1717,762,771,1695,2177,255,272
72,110,1616,379,1406,1220,1520,1771,2541,480,416
73,74,742,2739,60,421,313,1306,640,2547,2458
73,156,590,335,2216,420,305,915,937,64,61
73,157,1185,366,675,602,480,1895,1853,434,318
73,124,573,76,78,783,736,2292,949,448,279
73,106,2235,502,1852,431,500,1641,2622,427,670
73,107,2010,491,1716,732,719,1638,2426,467,766
73,158,2009,612,1095,289,281,1221,2011,450,731
73,102,1357,645,1097,335,286,2720,1396,504,813
73,148,1571,490,1096,684,653,1520,1850,425,774
73,118,2234,103,942,784,750,1908,2040,442,400
73,75,1573,2738,59,430,312,1022,1628,2546,2105
73,76,592,2737,58,428,311,2306,793,2545,2457
73,77,591,2730,57,427,310,2300,792,2544,2456
73,78,741,2702,56,429,309,1024,956,2425,2455
73,79,1572,2700,55,414,321,2307,1648,2375,2454
73,80,2237,2699,54,435,320,2294,782,2348,2142
73,81,2557,2650,53,439,324,834,1383,2521,2141
73,82,2556,2337,52,1015,1099,833,1382,2465,2268
73,83,2236,2336,80,1014,927,2060,2630,2464,2267
73,84,1981,2335,79,445,655,1526,1624,2404,2266
74,148,1568,320,1094,693,702,2188,1643,420,706
74,75,1570,2742,51,626,585,1811,1343,2462,2104
74,76,1848,2741,50,144,142,924,650,2461,2453
74,77,1847,2736,49,143,141,923,649,2463,2452
74,78,451,2698,48,86,106,479,475,2424,2451
74,79,1569,2697,47,198,237,1809,1245,2374,2450
74,80,1846,2696,46,139,150,1315,985,2347,2140
74,81,1845,2649,45,205,145,2291,1147,2460,2139
74,82,1844,2334,44,997,921,2290,1146,2459,2265
74,83,1843,2333,122,996,918,908,1341,2458,2264
74,84,1842,2332,121,690,746,770,1038,2403,2263
74,90,1841,730,674,683,678,2283,1734,1824,791
74,125,2639,193,1405,837,822,2289,1731,253,738
75,149,2638,7,2526,944,950,2641,2661,41,718
75,76,1281,2740,43,641,617,2033,1873,2457,2103
75,77,1280,2735,42,640,616,1818,1872,2456,2102
75,78,2715,2695,41,161,157,1046,732,2423,2101
75,79,1567,2694,40,591,592,2464,723,2373,2100
75,80,870,2693,39,653,445,2128,2579,2346,2099
75,81,869,2648,38,700,618,1584,727,2455,2098
75,82,868,2331,37,1477,899,1583,726,2454,2097
75,83,867,2330,120,956,930,2053,2317,2453,2096
75,84,866,2329,119,739,743,2642,1342,2402,2095
76,158,1278,599,1093,200,196,2244,2015,483,741
76,108,1279,513,1403,477,581,1700,2459,454,652
76,77,865,2734,36,618,634,586,931,2452,2449
76,78,2054,2692,35,180,171,1468,943,2422,2448
76,79,864,2691,34,593,628,2483,1258,2372,2447
76,80,863,2690,33,637,625,1510,784,2345,2138
76,81,862,2647,32,646,701,2490,2027,2451,2137
76,82,861,2328,31,1013,1098,2489,2026,2450,2262
76,83,860,2327,30,1012,926,927,1686,2449,2261
76,84,859,2326,29,824,718,1508,1339,2401,2260
76,161,2053,497,1851,373,531,2288,2214,249,698
76,104,2637,498,1404,613,605,1846,2319,247,753
77,158,1276,598,1092,199,195,1994,2014,482,740
77,108,1277,512,1401,476,580,1705,2458,453,651
77,78,2052,2689,28,179,170,1280,942,2400,2446
77,79,858,2688,27,592,627,1288,1257,2371,2445
77,80,857,2687,26,636,624,2719,783,2344,2136
77,81,856,2646,25,645,660,1284,2025,2448,2135
77,82,855,2325,24,1011,1097,1283,2024,2447,2259
77,83,854,2324,23,1010,925,926,1685,2446,2258
77,84,853,2323,22,780,745,2177,1338,2399,2257
77,161,2051,495,1850,372,530,2286,2213,248,697
77,104,2636,496,1402,612,604,1854,2318,246,752
78,158,2596,607,1090,156,153,1883,1216,478,714
78,102,1356,661,1091,353,395,2718,1817,492,787
78,79,2050,2725,21,588,173,954,731,2339,2444
78,80,1447,2724,20,649,560,2609,2102,2338,2134
78,81,1446,2660,19,170,566,1876,734,2398,2133
78,82,1445,2322,18,957,898,1875,733,2397,2256
78,83,1444,2321,17,955,924,1880,2705,2396,2255
78,84,1443,2320,16,676,700,1759,1814,2367,2254
78,88,2295,535,673,718,723,2169,2114,843,1366
78,89,2294,534,672,717,722,2168,2113,842,1365
78,90,1442,726,671,668,668,2299,2126,1828,1434
79,148,1566,341,1089,696,698,2465,1241,423,775
79,80,659,2729,15,582,606,2115,2477,2337,2132
79,81,658,2659,14,595,630,1369,725,2370,2131
79,82,657,2319,13,1009,1096,1368,724,2369,2253
79,83,852,2318,12,1008,923,2271,1197,2368,2252
79,84,851,2317,11,736,717,757,1644,2366,2251
79,90,2049,729,670,774,755,1380,2065,1823,1441
79,125,2233,214,1400,861,828,2629,2461,274,782
80,158,2595,597,1088,292,400,1701,2704,481,736
80,81,656,2658,10,701,629,1690,2130,2343,2130
80,82,655,2316,9,1007,1095,1689,2129,2342,2129
80,83,850,2315,8,1006,922,2305,1681,2341,2128
80,84,849,2314,7,779,744,1506,2355,2340,2127
81,102,1733,641,1087,409,409,1375,1404,512,815
81,82,654,2313,6,1476,1110,823,728,2445,2126
81,83,848,2312,5,1475,1185,1200,2363,2444,2125
81,84,847,2311,4,919,796,2358,2350,2395,2124
82,102,1732,640,1086,917,764,1374,1403,511,814
82,83,846,2310,3,1474,1466,1199,2362,2443,2123
82,84,845,2309,2,1473,1297,2357,2349,2394,2122
83,102,2635,638,1085,750,760,2050,1694,507,794
83,84,844,2308,1,1472,1296,775,1340,2393,2121
84,128,2008,9,353,798,765,1745,1809,235,496
85,113,524,199,1849,879,961,603,458,82,36
85,127,1544,137,2215,983,1222,1470,1317,226,152
85,123,523,732,76,1469,1620,692,462,1732,905
85,98,1355,370,352,1337,1516,1089,1306,902,805
85,114,1354,276,180,1470,1602,1095,2120,911,1085
85,128,1543,2251,351,877,964,1255,2703,716,2619
85,86,787,2252,77,1471,1727,485,480,1891,2620
85,106,2005,346,1397,881,963,2348,1310,400,376
85,108,2004,367,1396,880,962,1452,1544,403,230
85,109,2003,384,1715,911,966,1914,2529,268,313
85,110,2002,383,1395,1383,1636,2560,2305,498,415
85,91,2007,217,1399,1309,1455,1919,1751,444,638
85,92,2714,189,1599,971,1252,2649,2123,401,667
85,93,1545,329,941,1297,1383,1445,1757,579,693
85,105,2006,249,1398,1132,1247,2356,1545,398,1506
85,129,1542,2220,525,892,965,1359,2521,672,2610
86,113,954,204,1848,883,1675,871,460,83,43
86,122,1112,595,75,1468,1674,499,667,1609,890
86,123,1111,731,74,1467,1673,709,463,1729,909
86,98,1113,401,350,1336,1680,1952,1081,896,824
86,128,1610,2219,349,882,1131,2499,1802,718,2609
86,106,1613,342,1393,885,1679,1160,1807,409,391
86,108,1612,364,1392,884,1678,1161,1390,416,241
86,109,2381,378,1714,912,1677,2519,2187,271,331
86,110,1611,377,1391,1382,1676,1360,2306,500,421
86,91,2126,218,1394,1308,1726,1733,1826,432,639
86,92,2125,192,1598,1071,1725,1953,2496,396,674
86,93,1614,325,940,1296,1724,1364,1543,578,700
86,129,1609,2218,524,940,1220,1352,1477,671,2608
87,95,1144,345,523,1466,1362,1225,908,343,129
87,103,1143,1747,522,1465,1007,1718,1366,374,1999
87,138,556,1706,2214,1224,1014,483,500,346,1057
87,139,1441,1727,2213,1288,1208,936,1210,350,1048
87,141,1565,1744,2212,1287,1207,1576,1629,308,1112
87,132,628,1707,2374,1093,998,484,815,348,1058
87,143,1907,1745,2525,1286,1206,1220,1909,363,1083
87,94,2198,1743,1597,1325,1047,1727,1457,357,1126
87,144,723,1705,2211,1090,997,1712,813,345,1082
87,145,740,1737,2210,998,933,960,910,362,1121
87,130,611,1738,520,787,838,482,496,364,1073
87,146,2197,1596,2524,1285,1205,2279,2584,299,2709
87,147,722,1704,2209,993,1013,2268,1904,353,1060
87,153,1906,1726,2521,1077,987,1224,2084,313,1092
87,126,485,1728,521,829,875,481,483,361,1059
87,155,2713,1736,2373,1281,1200,2638,2093,340,1122
87,150,2417,1746,2208,1284,1204,1715,2022,341,1141
87,151,2416,184,2523,1283,1203,2270,2490,168,2708
87,152,2415,183,2522,1282,1202,2269,2489,167,2707
87,93,1818,203,939,1295,1101,1585,1363,329,166
87,119,2418,67,1847,1464,1304,2717,2329,103,300
88,89,1731,571,669,1100,953,1646,1737,594,2725
88,90,1730,542,668,1165,938,1637,1733,591,1393
89,90,1729,541,667,1164,937,1636,1732,590,1392
90,148,2048,334,1084,856,842,2716,2702,217,781
90,125,2414,226,1390,1056,1067,2293,1728,130,792
91,148,2555,31,2372,962,960,2229,1571,102,642
91,92,2124,273,1596,901,877,2225,2105,119,2724
91,93,2123,272,1595,980,1128,2245,2608,240,2723
92,93,2122,248,1594,833,827,2648,2514,129,2722
93,123,2712,315,938,1294,1381,1788,1538,433,658
93,94,2507,157,1593,1042,920,2668,2271,149,162
93,127,1817,187,2207,873,829,1772,1767,227,182
94,117,1979,10,1591,1135,881,1323,2279,165,181
94,103,1980,1740,1592,1324,1058,1321,1466,333,1242
94,138,816,2051,2206,976,806,760,811,1534,1679
94,139,1541,2050,2205,827,906,1026,710,1544,1668
94,140,625,2082,1587,752,747,674,1658,1543,1610
94,169,2711,1764,2368,826,815,1344,1290,1398,1596
94,167,1183,1992,2370,767,890,1027,991,1538,1677
94,141,1184,2081,2204,979,905,2009,2253,1542,1685
94,170,1978,1703,2654,830,1672,1673,2653,1300,1594
94,132,626,2071,1588,836,824,1934,814,1535,1680
94,171,2196,1763,2653,825,1671,2155,2652,1400,1595
94,156,2634,1765,2200,1323,716,913,992,1399,1597
94,172,1182,2026,2652,666,1670,2233,1535,1537,1642
94,143,1039,2028,1586,921,904,2580,1273,1404,2711
94,150,1728,1789,2201,978,903,1337,1675,1368,1591
94,144,828,2080,2203,823,862,765,812,1541,1678
94,145,1038,2079,1585,806,823,1738,2267,1484,2710
94,130,610,2072,1589,541,583,614,609,1536,1615
94,147,953,2078,2202,756,807,767,770,1540,1666
94,153,1037,2077,1584,828,731,1347,1664,1539,1672
94,126,627,2073,1590,573,587,638,653,1341,1670
94,168,2328,1658,2369,765,780,1261,1189,778,811
94,155,1727,2027,2371,977,902,976,1264,1483,1683
95,120,1505,1961,114,1460,1132,2419,1939,1151,1034
95,122,2633,1310,72,1361,1558,795,1176,1625,1187
95,97,1977,1965,117,1463,1116,1913,1879,1213,914
95,157,1975,1297,666,760,805,1094,2573,632,747
95,123,1638,1508,71,1359,1541,463,794,1702,1209
95,124,572,1423,70,1459,1091,1430,1130,1186,1195
95,98,2506,1304,348,1335,1209,1099,923,940,853
95,100,2710,1553,347,755,799,2515,1173,1269,939
95,101,785,1964,116,1462,1114,796,1930,1226,913
95,162,1974,1296,1235,759,804,1731,1926,631,851
95,115,1976,1963,73,1362,1279,805,624,1627,1874
95,116,1083,1962,115,1378,1399,2715,1067,1042,1855
95,96,786,1537,118,1372,1400,1044,1182,1322,876
95,117,1639,684,178,1461,1065,1722,1581,865,970
95,103,589,587,179,1373,1289,642,2701,1072,155
96,115,1815,1530,110,1455,1438,2047,1456,1302,883
96,120,2413,1529,109,1454,1319,902,1379,1141,985
96,112,1142,1143,111,1456,1512,1050,854,1314,863
96,122,1814,1302,344,1453,1603,984,1180,1290,948
96,130,783,419,519,795,834,723,1109,191,89
96,97,1816,1531,113,1458,1176,2596,2542,1193,2504
96,157,2709,1306,665,776,870,1409,2075,622,2051
96,123,1637,1511,108,1452,1595,1037,2080,1323,908
96,98,1353,1321,346,1334,1264,2192,2549,941,2066
96,99,2293,290,1713,1390,1225,2462,2293,393,1822
96,100,1352,1532,345,766,830,1401,1175,1241,2045
96,101,784,1536,112,1457,1175,1837,1450,1220,2503
96,162,2292,1305,1234,775,869,2684,1829,621,2050
96,163,1726,832,1712,850,851,1858,1569,584,1013
97,115,1440,1959,106,1451,1135,2065,1465,1210,925
97,116,1439,1958,105,1450,1183,1379,2246,984,937
97,120,903,1957,104,1025,900,2406,2248,1124,1024
97,122,902,1309,341,1449,1469,2587,1468,1188,995
97,157,1437,1295,664,635,663,1093,999,620,2049
97,123,843,1507,103,1448,1408,2164,1740,1214,1000
97,124,1438,1422,102,1034,854,862,1735,1127,967
97,98,904,1303,343,987,912,1098,2539,917,2065
97,100,2195,1528,342,395,535,1792,2536,1167,2044
97,101,2632,1960,107,970,863,1441,1454,1166,2070
97,162,1973,1294,1233,589,651,2287,1936,619,2048
98,117,1747,718,1083,1043,911,2535,1105,822,975
98,122,901,1291,339,1333,1518,974,2364,945,953
98,123,2504,1307,338,1332,1513,1706,654,938,902
98,99,2505,302,1711,1053,1136,2633,2190,230,1854
98,101,1752,1288,340,982,908,1097,2369,921,2067
98,113,624,216,1582,809,650,604,652,40,38
98,157,1746,1325,1581,632,595,1086,1294,462,2069
98,106,1751,363,1389,746,739,2628,1305,133,410
98,108,1750,391,1388,708,776,1617,2700,116,224
98,109,1749,393,1583,764,777,1609,1684,106,379
98,110,1748,392,1387,1258,1591,1782,1875,177,441
98,162,1745,1324,1232,555,562,1960,2265,440,2068
100,111,2290,49,1386,1055,1669,2223,2408,258,566
100,115,971,1535,335,557,775,2498,989,1242,955
100,120,2412,1534,937,355,422,2250,1186,1126,1030
100,112,972,1126,336,558,599,2508,2532,1270,930
100,101,2291,1552,337,392,435,1110,2360,1190,2043
100,130,970,414,518,182,182,1152,1190,163,113
100,163,1725,843,1385,295,323,2392,1993,628,1054
101,115,1436,1956,101,1447,1121,809,1443,1221,926
101,116,1082,1955,100,1446,1182,2414,2535,990,936
101,120,2160,1954,99,1022,891,1832,1768,1139,1023
101,122,1435,1323,334,1445,1468,798,1444,1217,996
101,123,1434,1500,98,1444,1407,1682,810,1233,999
101,124,1433,1421,97,1029,858,1109,2300,1136,964
101,157,1432,1287,663,634,661,1092,1003,630,2047
101,162,2289,1286,1231,583,642,1860,1934,629,2046
102,107,1724,1919,2367,599,603,1575,1974,219,2085
102,156,2380,394,2198,360,340,1696,2557,47,131
102,157,2379,544,1710,534,392,2478,2551,117,507
102,106,2121,1920,2199,413,418,1373,1821,142,761
102,158,1723,1917,1081,278,287,1703,2274,266,786
102,148,1564,1918,1082,622,633,2389,2258,216,2084
103,114,1972,846,176,1442,1426,2446,2109,929,233
103,117,1636,849,175,1441,1018,1158,1100,225,256
103,112,1141,805,177,1443,1305,1595,461,1081,157
103,138,445,1701,1709,1124,1010,596,541,312,85
103,139,720,1724,2197,1158,1076,633,477,317,139
103,141,1634,1739,2196,1157,1075,2714,1044,292,1199
103,132,2631,1702,1580,1085,996,2378,560,327,173
103,121,1635,847,173,1440,1467,1325,2127,951,226
103,143,1170,1741,1579,1156,1074,2444,1529,339,188
103,122,2466,820,172,1439,1587,970,1108,1065,184
103,144,827,1700,1708,1084,995,1056,550,323,180
103,145,1169,1734,1578,994,931,1730,1509,338,204
103,130,446,1735,516,790,857,539,556,342,169
103,147,775,1699,2195,992,1009,631,559,321,176
103,153,1168,1723,1577,1072,986,1348,1667,293,1190
103,126,517,1725,517,835,876,429,459,336,115
103,155,1970,1733,1707,1154,1072,980,1674,294,1240
103,124,588,824,171,1438,1149,1714,570,993,165
103,118,1971,848,174,1319,948,1166,2699,197,244
103,150,2708,1742,2194,1155,1073,1338,1679,295,1238
104,158,2119,1318,2520,570,519,2477,1860,124,1440
104,108,2288,1698,1383,474,533,1702,1834,107,1508
104,161,2287,1697,1846,544,514,2285,2611,23,1998
104,105,2120,124,1384,847,826,1850,2332,73,567
105,114,2503,268,2042,1121,1094,2619,1556,429,1097
105,129,2118,271,1080,768,811,1896,2607,204,1505
106,107,2378,1916,1079,723,751,1622,1961,188,2094
106,110,2117,411,1076,1113,1153,1789,2283,146,1297
106,113,1158,219,1075,444,479,1257,1124,51,114
106,156,2375,395,1706,511,370,2637,1615,61,147
106,157,2374,583,1705,533,485,1629,1297,155,524
106,158,1274,1914,1073,529,439,2049,1296,183,2721
106,108,1275,492,1078,451,499,1155,1979,192,1287
106,109,2377,412,1077,581,582,2713,2537,139,1271
106,148,2376,1915,1074,679,645,1522,1318,187,2093
107,156,2372,403,1704,532,709,2132,2419,53,160
107,157,1969,582,1576,633,607,1627,2413,140,562
107,158,1722,1912,1071,961,699,2469,2411,215,2092
107,148,2373,1913,1072,922,843,2467,2269,160,2082
108,110,2502,422,1069,1112,1152,2551,2092,150,1247
108,113,1157,221,1068,425,488,1291,1125,25,41
108,158,1273,1317,1067,469,421,1553,1315,180,750
108,109,2194,423,1070,597,579,1681,1709,141,1263
108,161,2286,1696,1843,546,423,2282,2201,17,1464
108,159,2501,97,1845,722,429,2554,2546,33,2511
108,160,2500,96,1844,721,428,2553,2545,32,2510
109,110,2371,451,1066,929,1151,2573,2072,156,1578
109,113,1662,244,1065,479,508,1504,1496,54,135
109,173,2594,47,2366,763,659,2340,2444,22,2073
110,111,2630,151,1064,1381,1668,1791,2698,105,2509
110,113,1482,243,1063,1111,1150,1505,1327,67,118
110,125,2629,62,1382,1161,1498,1787,1886,74,2508
111,121,2285,102,1062,1437,1667,2108,2227,205,565
112,114,1167,1616,170,1436,1511,1424,2118,965,1096
112,115,739,1128,69,1435,1221,552,617,1614,1188
112,117,2116,1615,169,1173,1071,1191,2697,864,962
112,118,1166,1614,168,1038,959,2627,1254,767,1730
112,120,1563,1116,96,1182,1092,2145,2224,1156,1029
112,166,2554,28,2651,1000,969,2616,2543,99,672
112,128,2114,714,333,811,861,2147,2333,700,1108
112,163,2465,819,1381,734,756,2394,2544,706,1014
112,140,257,129,1575,905,917,297,259,256,66
112,121,2115,1607,167,1434,1517,2442,2221,1023,1715
112,122,653,1606,68,1433,1604,2045,465,1611,1752
112,130,250,396,514,716,754,267,245,305,96
112,126,195,202,515,772,768,193,189,277,55
112,123,652,1163,67,1432,1598,455,455,1687,1909
112,124,587,1567,66,1175,1081,865,1123,1181,1727
113,174,2499,79,2650,458,486,2695,2603,80,647
113,175,2144,73,2518,464,491,2218,2311,21,242
113,173,2230,80,2362,461,453,2200,2346,78,643
113,176,2593,78,2649,455,482,2502,2651,49,685
113,177,2592,95,2648,463,565,2503,2650,48,656
113,178,1660,1378,2517,574,681,1898,2088,518,2502
113,179,2591,13,2516,460,556,2683,2347,63,725
113,159,2232,82,1841,587,690,2214,2354,72,259
113,160,2231,81,1840,586,689,2213,2353,71,258
113,138,423,1379,1700,437,489,361,343,1044,1371
113,139,433,1437,2193,730,503,476,457,1034,1375
113,180,1480,629,2515,577,559,2095,1792,863,1300
113,140,324,1462,1573,424,477,366,349,1033,1373
113,169,883,1350,2363,467,494,874,876,989,1302
113,167,952,1460,2364,447,552,875,785,1046,1369
113,132,601,1430,1574,452,495,602,707,1045,1372
113,181,1659,1370,2361,575,682,2034,2010,523,1354
113,172,951,1467,2519,465,496,873,2083,1031,1376
113,143,623,1473,1572,466,481,616,1013,1005,1414
113,133,1309,1374,1842,462,490,1403,1350,568,649
113,135,1481,1373,1703,440,493,1453,1489,556,1298
113,144,432,1454,1699,432,484,478,471,1048,1374
113,145,1156,1471,1571,454,472,872,795,1011,1404
113,130,325,1472,1060,412,452,321,313,1012,84
113,182,1479,1477,2360,459,487,1945,1781,745,1443
113,136,2145,1372,1702,457,457,1932,1856,567,1351
113,147,622,1453,2192,423,455,477,470,1047,1378
113,153,621,1461,1570,422,492,615,1014,1032,1377
113,137,1661,1371,1701,456,462,2193,1912,555,1301
113,126,264,1438,1061,441,459,266,271,1035,1380
113,154,2073,811,2365,446,483,2018,1902,436,1292
114,121,1351,1908,164,1430,1521,1101,1060,927,2091
114,122,1140,1907,163,1429,1614,2148,1462,947,1778
114,124,2498,1573,162,1428,1312,1108,2534,926,2090
114,117,1968,1910,166,1431,1215,2131,1322,861,2081
114,118,1967,1909,165,1318,1163,1819,2388,791,2080
114,129,2497,275,1059,935,1015,2620,2522,531,1072
115,120,1966,1952,94,1426,1161,2418,2471,1154,1038
115,121,1965,647,936,1425,1461,1333,987,995,1167
115,122,1430,1169,65,1371,1575,808,988,1589,1176
115,130,522,405,513,785,853,565,528,297,108
115,123,969,1499,64,1367,1574,1342,2133,1619,1191
115,124,968,1420,63,1424,1108,2063,2156,1179,1182
115,116,1431,1953,95,1427,1462,1573,2137,1053,1861
115,128,1429,1125,332,819,852,2497,2488,752,1867
115,131,2284,603,935,786,839,2048,1451,741,717
115,163,2553,821,1058,797,847,2514,1962,707,1049
116,120,2411,1951,93,1423,1388,2417,1560,996,1050
116,124,1428,1442,92,1422,1278,1437,1653,930,1179
116,128,1427,1152,1057,872,895,1236,2696,740,1850
116,131,1721,611,934,859,883,2640,1663,735,756
117,121,1139,1905,160,1421,1216,1329,1321,872,1788
117,122,1138,1904,159,1420,1515,2158,2064,878,1781
117,123,1137,696,158,1419,1509,1334,2431,874,1584
117,124,1425,1572,157,1049,878,1721,1348,873,1787
117,118,1426,1906,161,969,871,2534,2439,714,2083
118,121,1964,1903,156,1317,1162,1770,2225,790,2089
118,122,1424,1902,155,1316,1523,1544,1177,793,1779
118,124,1423,1571,154,848,835,1973,1861,757,2088
119,123,2283,74,1839,1418,1542,2162,2457,389,777
120,166,2707,36,2514,820,816,2636,2694,77,739
120,131,2159,610,933,616,658,2325,1848,734,732
120,163,2158,842,1055,590,636,1849,2695,677,2720
120,130,1271,410,1056,545,569,910,878,172,123
120,124,1272,1431,91,1048,886,1439,1542,1115,1033
121,140,1002,134,1569,990,972,1346,1063,199,124
121,131,2282,576,932,855,879,2120,2582,535,737
121,122,1136,1901,153,1417,1613,975,2693,994,1765
121,123,1135,683,152,1416,1608,1339,2146,998,1585
121,124,2113,1570,151,1415,1387,1100,1345,983,2719
122,140,490,127,1838,963,1212,491,534,196,98
122,131,2047,499,2041,1070,1122,2364,1453,699,696
122,157,1421,1290,662,915,955,972,1314,625,874
122,123,651,1322,62,1364,1640,973,464,1622,1711
122,124,1422,1569,61,1414,1529,2667,666,1162,1747
122,162,2552,1289,1837,914,954,1971,1804,624,1020
123,127,2281,159,1698,981,1190,1202,1316,279,153
123,145,1633,45,2191,1005,1196,1213,1157,254,100
123,126,281,196,512,931,1100,268,272,260,75
123,157,1419,1301,661,909,943,2167,1298,589,450
123,131,2046,578,931,860,1078,2170,2157,731,695
123,148,1420,19,1054,1305,1267,1529,1320,166,217
123,162,1963,1300,1053,908,942,2166,2440,588,1004
124,128,1270,549,331,781,752,2506,2370,600,1123
125,148,2551,242,2359,867,845,2615,2462,84,1435
126,130,129,2076,511,98,97,148,125,1340,1616
126,140,183,2070,1567,233,278,187,182,1348,1935
126,138,194,2049,1693,294,306,202,191,1359,1936
126,139,372,2048,2513,204,206,320,281,1358,2003
126,169,882,1841,2351,96,94,966,1029,1334,1994
126,167,580,1991,1378,202,185,577,568,1354,1995
126,141,950,2069,2357,231,236,918,1021,1337,1707
126,170,1237,1679,2512,158,162,2021,1639,1321,1985
126,142,1239,1718,2356,230,505,1440,1034,1144,1664
126,132,355,2075,1568,223,261,322,351,1360,1937
126,171,1236,1840,2511,131,108,1126,1715,1333,1997
126,184,2549,1835,2348,70,74,1862,1023,1338,1996
126,185,946,1870,2647,71,75,1134,948,1345,2001
126,164,948,1864,2353,493,257,1358,947,1342,2002
126,156,581,1842,1379,506,256,578,569,1335,1979
126,181,2044,1343,2349,124,126,2654,2209,654,1327
126,172,947,2023,1377,51,59,803,715,1349,1915
126,143,620,2025,1566,297,222,968,719,1336,1653
126,133,1813,1347,1836,514,314,2079,1440,652,709
126,134,1812,1093,2358,343,315,2179,2200,656,1322
126,135,1608,1346,1696,419,532,2318,1720,605,1284
126,127,1240,1094,1697,300,304,2071,1292,653,1321
126,144,300,2068,1230,379,317,318,280,1357,2012
126,145,555,2067,1229,385,307,546,533,1339,1669
126,146,1720,1578,2355,516,252,1886,1563,830,1067
126,136,1811,1345,1695,339,319,2323,2394,655,1332
126,147,299,2066,1228,478,277,317,279,1356,2011
126,153,619,2065,1565,298,232,804,718,1355,1980
126,137,2045,1344,1694,336,316,2089,1410,606,1282
126,173,2325,20,2350,350,461,2312,2692,92,232
126,150,1238,1773,1380,293,458,1125,1307,1331,1576
126,159,2327,44,1835,403,431,2337,2645,90,222
126,160,2326,43,1834,402,430,2336,2550,89,221
126,188,2706,6,2646,1150,1666,2712,2691,59,650
126,168,2157,1638,2352,160,165,1127,1711,795,762
126,154,2550,795,2354,522,510,2000,2325,549,1276
126,155,949,2024,1692,299,274,962,1039,1346,1706
127,130,1410,1096,1227,248,245,2316,2690,617,1319
127,140,1719,1091,1222,480,328,1201,2078,641,1303
127,138,1235,860,1224,777,326,1210,2082,669,1290
127,139,1540,1092,1223,275,563,2076,1218,651,1318
127,132,1409,1072,1226,659,620,1215,1642,670,1304
127,133,1810,1142,1225,531,813,2074,2578,539,1093
127,135,1808,1140,1691,538,419,2330,2087,522,2054
127,144,2464,828,1221,554,398,2072,2100,586,1309
127,136,1807,1139,1690,340,475,2602,2375,538,2053
127,147,2705,1068,1220,450,473,1779,2644,646,1305
127,137,2628,1138,1689,337,741,2080,2297,521,2052
127,154,2463,814,2039,563,558,2711,2295,383,2041
127,134,1809,1141,2040,344,476,2328,2376,527,2058
128,129,1718,2217,1052,751,737,2505,1813,676,2607
130,163,2229,421,1051,396,465,1668,2000,132,154
130,138,249,2047,1217,104,102,260,256,1532,1582
130,139,323,2046,1216,108,105,362,345,1524,1612
130,140,224,2064,1215,99,96,234,209,1523,1491
130,167,579,1990,1373,58,53,761,874,1530,1581
130,141,1134,2063,1376,102,100,1385,1397,1522,1622
130,142,1053,1730,2037,188,188,2451,2210,1119,1492
130,132,444,2074,1219,117,118,368,337,1533,1583
130,184,1960,1781,2345,38,38,1066,1725,1393,1488
130,185,1110,1809,2033,30,30,1477,1381,1481,1296
130,164,2228,1795,2347,89,56,1297,1659,1441,1495
130,181,1961,1352,2190,91,91,2026,1994,618,1353
130,172,1181,2020,1372,32,32,979,1539,1529,1621
130,143,609,2022,1564,103,92,625,630,1407,1639
130,133,1408,1356,1218,243,242,1406,2505,616,680
130,134,1407,1095,2038,242,255,2183,1402,615,1326
130,135,2548,1355,1688,341,394,1655,1846,593,1293
130,144,422,2062,1214,197,187,375,342,1521,1607
130,145,738,2061,1213,190,189,771,626,1506,1619
130,150,1403,1777,1374,192,190,2022,1166,1372,1609
130,178,2227,1368,2510,48,47,2025,1843,561,1471
130,151,2547,144,2036,543,568,2604,2606,213,829
130,152,2546,143,2035,542,567,2603,2520,212,828
130,146,1404,1599,1375,241,241,2187,1849,824,1081
130,182,2226,1551,2346,37,37,2020,2327,817,1485
130,136,1406,1354,1687,332,402,2584,1387,614,1343
130,147,371,2060,1212,120,183,363,341,1520,1606
130,153,608,2059,1563,193,191,624,629,1519,1617
130,137,1405,1353,1686,331,401,2439,1386,592,1294
130,154,1905,812,2034,495,501,2017,2314,517,1288
130,155,1962,2021,1685,258,243,967,1662,1505,1623
131,183,2704,5,2645,1128,1665,2710,2689,13,2718
132,140,489,2058,1208,222,262,383,350,1517,1930
132,138,354,2045,1210,235,354,378,344,1531,1931
132,139,546,2044,1209,253,332,563,644,1518,1943
132,180,2627,1543,2509,818,812,2501,1777,937,1588
132,169,1396,1838,2188,116,113,986,2280,1431,1973
132,167,941,1989,1367,244,194,2396,2377,1528,1974
132,141,945,2057,1371,221,336,791,834,1516,1696
132,170,1395,1684,2030,162,158,1944,1631,1320,1926
132,186,2369,1780,2508,119,115,1923,1779,1293,1934
132,142,2111,1695,2031,220,762,1070,1775,1150,1806
132,150,1397,1771,1369,560,703,2601,2150,1386,1500
132,171,2370,1837,2029,133,179,1479,2152,1459,1972
132,184,2545,1834,2344,81,80,1060,2032,1418,1971
132,185,939,1869,2028,82,84,1489,1771,1480,1946
132,164,942,1863,2189,494,250,1499,2131,1468,1942
132,156,943,1839,1368,232,249,1218,817,1439,1959
132,181,2043,1326,2187,125,123,2220,1999,665,1320
132,172,940,2017,1366,154,152,781,824,1527,1923
132,143,618,2019,1562,240,233,1427,828,1445,1650
132,133,1402,1330,1211,264,263,1921,1788,668,713
132,134,1401,1071,2032,259,355,1825,2374,667,1311
132,135,2112,1329,1684,706,534,1665,1796,612,1269
132,144,617,2056,1207,265,344,541,543,1515,1962
132,145,2110,2055,1206,256,525,810,1522,1504,1676
132,146,1398,1577,1370,245,246,2607,2590,833,1063
132,136,1400,1328,1683,705,359,1924,2153,666,1330
132,147,545,2054,1205,228,284,560,544,1514,1961
132,153,616,2053,1561,482,523,782,827,1513,1960
132,137,1399,1327,1682,536,353,2586,2372,611,1267
132,155,944,2018,1681,387,282,965,2688,1503,1692
133,140,2156,1341,1202,517,511,2023,1906,645,705
133,138,1539,924,1204,330,369,1824,1915,664,630
133,139,1538,1342,1203,279,335,2090,1793,658,712
133,159,2495,99,1833,416,444,2435,2649,57,2507
133,160,2494,98,1832,415,443,2434,2687,56,2506
133,181,2493,1887,2185,390,412,2433,2203,506,1251
133,143,2279,1361,1558,327,516,2431,1896,599,721
133,134,1806,1137,2186,869,932,2682,2198,537,1078
133,135,1805,1890,2343,535,528,2436,2212,544,1250
133,136,1804,1889,1560,868,685,1935,2393,553,1244
133,147,2496,1315,1201,524,680,1925,1894,648,707
133,137,2280,1888,1559,523,521,2097,1895,546,1243
134,140,2155,1089,1047,596,657,2593,1840,644,1308
134,138,1537,859,1049,500,554,1801,1836,663,1324
134,139,1536,1090,1048,282,341,1829,2378,660,1323
134,178,2589,510,2184,843,225,2338,1847,390,1337
134,135,1803,1136,1557,712,740,1664,1852,520,2057
134,144,2277,810,1046,507,414,2182,2207,585,1325
134,136,1802,1135,1050,348,474,1813,1835,536,2056
134,147,2590,1067,1045,761,466,1826,1857,650,1312
134,137,2278,1134,1556,342,738,1810,1859,519,2055
134,154,2276,815,1555,564,833,2163,2686,384,2042
135,140,1607,1339,508,470,513,1657,1619,608,1258
135,139,2109,1340,509,286,358,1654,2142,604,1268
135,181,2367,1884,1043,382,407,2572,2386,385,2715
135,143,2108,1360,507,906,415,2681,2199,580,1295
135,136,1801,1886,1044,710,841,1663,1858,543,2717
135,147,2368,1314,506,475,859,1674,2397,610,1273
135,137,2544,1885,510,528,529,1662,2371,526,2716
136,140,2154,1337,502,525,447,2385,1842,643,1329
136,138,1535,923,504,499,550,1803,1839,662,1331
136,139,1534,1338,503,283,342,2590,2159,659,1335
136,181,2365,1882,1042,842,1664,2209,2387,505,2713
136,143,2625,1359,501,600,785,2212,2685,598,1342
136,147,2366,1313,500,537,463,1930,2398,649,1333
136,137,2626,1883,505,338,686,1817,2310,545,2714
137,140,1904,1335,498,515,512,2039,1918,607,1256
137,139,1533,1336,499,281,339,1884,2373,603,1266
137,178,2410,509,2183,845,1663,2653,2389,419,1338
137,181,2042,1881,2182,844,417,2208,2382,476,2712
137,143,1903,1358,497,530,517,2211,1911,581,1299
137,147,2193,1312,496,521,478,2647,1905,609,1272
138,140,256,2040,494,308,329,296,309,1511,1929
138,174,2624,65,2180,621,676,2564,2494,115,600
138,175,2225,57,2179,226,234,2376,2312,114,200
138,150,1234,1770,1363,321,547,1735,2313,1385,1499
138,178,1799,1308,2178,183,212,2088,2206,569,1286
138,191,2224,58,2177,322,790,2373,2326,121,683
138,192,2543,11,2507,627,789,2558,2512,69,625
138,193,2623,12,2506,841,795,2694,2684,68,671
138,139,421,2052,495,272,209,364,348,1512,1941
138,180,2074,1542,1552,302,427,1808,2275,936,1587
138,169,875,1832,1038,101,99,1804,1609,1430,1969
138,167,585,1988,1362,268,186,595,563,1526,1970
138,141,719,2039,1365,496,351,1062,742,1510,1695
138,170,1233,1683,2026,174,366,2144,1636,1319,1925
138,186,1232,1787,1550,106,101,1807,1680,1292,1933
138,142,1052,1694,1554,483,541,1063,1270,1149,1805
138,171,1051,1831,2025,141,112,1478,2491,1458,1968
138,184,1001,1830,1551,72,67,1057,2039,1417,1967
138,185,2363,1868,2024,73,68,1487,1783,1479,1945
138,164,1800,1862,2181,311,448,1498,1670,1467,1940
138,156,586,1833,1039,325,362,597,564,1438,1955
138,181,1798,937,1037,129,131,2159,2005,661,1285
138,172,718,2014,1361,56,85,2377,820,1525,1922
138,143,877,2016,493,304,228,733,823,1444,1649
138,144,353,2038,492,328,364,381,347,1509,1958
138,145,554,2037,491,497,383,564,565,1502,1675
138,146,1532,1576,1364,598,509,1806,2098,832,1061
138,147,352,2036,490,315,389,365,346,1508,1957
138,153,876,2035,1041,318,239,1802,822,1507,1956
138,168,1165,1634,2027,213,214,2143,1184,673,764
138,154,2075,792,1553,769,544,2322,1916,547,1265
138,155,2364,2015,1040,370,450,1805,1268,1501,1691
139,140,322,2034,489,277,204,376,476,1572,1938
139,174,2622,77,2176,813,817,2459,2605,113,624
139,175,2703,64,2175,276,331,2380,2683,112,213
139,150,1109,1772,1358,271,350,2081,2158,1384,1522
139,180,2274,1525,1547,191,193,1887,1784,932,1579
139,169,878,1828,1033,107,103,1669,2266,1429,2704
139,167,716,1987,1357,184,181,675,709,1567,2705
139,141,717,2033,1360,296,205,869,1980,1571,1705
139,186,2462,1693,1545,111,104,1635,1785,1288,1992
139,142,2107,1717,1549,726,356,2447,1780,1143,1663
139,171,2542,1827,2023,128,119,1493,1132,1457,2703
139,184,1106,1826,1546,74,69,1861,1724,1416,2702
139,185,1105,1857,929,75,70,2583,1772,1478,2701
139,164,1107,1851,930,195,619,1680,2132,1466,2706
139,156,879,1829,1034,262,334,676,711,1437,2034
139,181,2041,1334,1032,122,125,2217,1951,657,1328
139,172,715,2011,1356,57,86,1563,1967,1561,1908
139,143,881,2013,488,196,199,868,1017,1443,1652
139,144,431,2032,487,284,333,545,479,1570,2031
139,145,570,2031,486,288,360,678,716,1500,1667
139,146,1531,1592,1359,255,797,1878,1954,828,1056
139,147,544,2030,485,280,357,480,478,1569,2030
139,153,880,2029,1036,273,721,1889,1018,1568,2035
139,154,2275,794,1548,822,564,2507,2568,550,1264
139,155,1108,2012,1035,274,297,1885,1012,1499,1700
140,180,2152,1546,1543,303,210,1760,2574,931,1600
140,169,1901,1824,1029,97,93,2011,903,1428,1949
140,167,825,1986,1354,208,184,661,671,1562,1950
140,141,826,2097,928,227,434,689,902,1566,1694
140,170,2153,1711,2021,629,527,2012,2139,1308,1924
140,186,1348,1786,1541,100,95,1752,1668,1284,1932
140,142,1164,1721,927,225,300,1744,2220,1137,1804
140,171,1162,1823,2020,135,107,2372,2451,1456,1948
140,184,999,1822,1542,68,72,1069,2335,1415,1947
140,185,1606,1856,924,69,73,2581,1068,1477,1944
140,164,1349,1850,925,319,260,1754,1070,1465,1939
140,156,1000,1825,1030,442,258,662,672,1436,1951
140,187,2702,4,2643,1217,1662,2709,2681,44,648
140,181,2621,1333,1028,127,130,2019,2682,642,1316
140,172,824,2008,1353,50,58,679,1532,1560,1921
140,143,615,2010,484,306,235,1204,676,1442,1605
140,144,430,2096,483,384,295,567,360,1565,1954
140,145,737,2095,482,389,449,663,673,1498,1611
140,146,1717,1550,1355,520,253,2038,2085,829,1045
140,182,2151,1533,2644,136,318,1762,2570,818,1451
140,147,488,2094,481,239,273,377,359,1564,1953
140,153,614,2093,926,326,376,681,675,1563,1952
140,168,1163,1656,2022,211,217,2371,2151,792,760
140,154,1902,793,1544,472,526,2015,1913,548,1274
140,155,1350,2009,1031,365,272,1753,901,1497,1690
141,180,2271,1395,1540,166,425,1997,2270,923,1525
141,167,1180,1985,329,175,138,2589,1914,1556,1697
141,172,1179,2005,1351,47,55,1574,1033,1555,1709
141,143,2273,2007,922,552,221,1981,1897,1379,1687
141,144,823,2092,921,388,343,1053,833,1559,1698
141,145,1632,2091,920,569,537,1019,1050,1496,1686
141,182,1796,1547,2342,130,129,1857,2680,803,1459
141,147,938,2090,919,238,557,1058,780,1558,1704
141,153,1418,2089,917,485,231,914,2071,1557,1703
141,150,2040,1779,918,551,697,2263,2095,1363,1577
141,151,2541,191,2019,738,714,2253,2256,186,859
141,152,2540,190,2018,737,713,2252,2255,185,858
141,170,2272,1637,2017,152,163,1494,1637,1298,1643
141,186,2039,1636,1538,105,98,2598,2257,1274,1625
141,142,1797,1731,923,224,561,1842,2091,1125,1630
141,184,1795,1762,1539,65,65,1065,2264,1390,1637
141,185,1417,1794,916,66,66,1472,1800,1476,1699
141,146,2192,1597,1352,741,712,2261,1567,806,1113
141,155,2539,2006,330,367,446,2201,2074,1495,1710
142,180,2268,1419,1537,1250,1661,2278,1794,869,1589
142,167,2270,1720,1200,498,200,2086,2205,1146,1807
142,172,2269,1690,478,153,154,1959,2569,1142,1590
142,143,1347,1722,915,735,413,1429,2191,1109,1613
142,144,1794,1692,914,489,397,1054,2195,1148,1803
142,145,1346,1729,913,509,778,1418,2202,1120,1614
142,182,1792,1561,1198,140,147,1847,1782,764,1463
142,147,1793,1691,479,236,298,1059,1277,1147,1655
142,193,2701,25,2505,854,1660,2680,2679,42,835
142,186,1343,1674,1536,234,549,2091,1797,1098,1638
142,184,1344,1732,477,628,679,1068,1137,1123,1810
142,185,2538,1719,912,214,240,1956,1773,1130,1809
142,146,1716,1605,480,724,502,2257,2194,747,1142
142,168,1345,922,1199,163,172,1964,1193,758,772
143,178,2106,1377,1197,126,124,1998,2197,558,1470
143,167,2267,1800,322,142,127,1123,1520,1452,1647
143,181,2620,1357,2341,121,121,2001,2193,597,1352
143,172,1900,2042,475,59,120,990,2553,1451,1644
143,184,1340,1748,474,77,71,1872,2665,1374,1599
143,164,1341,1688,911,210,621,1433,1888,1405,1601
143,150,1714,1788,325,320,803,2092,1151,1134,1593
143,144,1605,2004,328,323,396,1734,826,1455,1648
143,145,1036,2003,327,594,515,1411,1165,1406,2700
143,146,1715,1600,476,254,504,1432,2196,805,1088
143,182,2537,1555,1196,123,122,2203,2192,802,1489
143,147,1269,2002,326,312,735,734,779,1454,1651
143,153,1035,2001,324,313,220,930,2089,1453,1654
143,155,1342,2043,323,803,540,971,1283,1419,1682
144,178,1603,1349,1191,189,227,1902,2217,572,1450
144,169,1101,1820,1027,604,208,2313,1721,1427,2022
144,167,822,1984,316,260,198,764,1718,1552,2024
144,172,821,1999,471,159,156,1918,821,1551,1920
144,170,2266,1682,1193,173,167,2329,1952,1318,1966
144,186,2036,1785,1535,316,542,2075,1573,1296,1978
144,171,2534,1819,1192,147,338,1962,1717,1450,2021
144,184,1100,1818,470,611,670,1051,1580,1414,2020
144,185,1099,1855,909,610,667,1966,2094,1475,2028
144,164,1102,1849,910,488,601,1061,2438,1464,2029
144,156,1081,1821,472,380,347,768,816,1435,2014
144,150,1104,1769,319,386,553,1711,2678,1389,1568
144,151,2536,167,2016,903,794,2512,2516,195,840
144,152,2535,166,2015,902,793,2511,2515,194,839
144,145,721,2088,321,371,518,559,1956,1494,1674
144,146,2038,1575,473,266,506,2185,1561,837,1084
144,182,1790,1539,1190,267,406,2084,1957,826,1461
144,147,450,2087,320,375,294,543,542,1554,2025
144,153,1604,2086,318,443,363,925,825,1553,2016
144,168,2037,1633,1194,178,177,1974,1712,801,678
144,154,1791,808,1195,547,548,2492,1920,524,806
144,155,1103,2000,317,361,288,2496,2498,1493,1689
145,178,2105,1381,1189,185,223,2708,2575,571,1468
145,179,2587,33,2174,652,438,2487,2565,58,715
145,167,1959,1983,311,251,201,1133,914,1490,1673
145,172,2264,1997,468,165,180,1565,1049,1489,1641
145,184,1337,1778,467,263,1659,2461,2677,1392,1602
145,185,1958,1808,907,791,464,1017,1508,1470,1598
145,164,1338,1793,908,505,626,1001,2437,1440,1603
145,150,2265,1776,314,857,471,1720,1154,1371,1592
145,191,2700,42,2173,643,538,2383,2453,101,716
145,146,2588,1598,469,257,269,1425,1953,823,1128
145,182,2461,1549,1188,261,325,2470,1795,816,1487
145,147,569,2085,315,378,720,2266,774,1492,1665
145,153,1034,2084,313,486,382,2265,1419,1491,1671
145,155,1339,1998,312,362,584,2204,1971,1482,1681
146,182,2360,1526,1187,247,507,2707,1955,715,1151
146,147,2035,1574,466,527,259,1888,2336,836,1069
146,184,2699,1591,465,249,244,1864,2331,776,1106
146,151,2362,213,2014,728,787,2256,2586,170,2699
146,152,2361,212,2013,727,786,2255,2676,169,2698
147,169,1267,1816,1026,118,116,1939,1893,1426,2019
147,167,773,1982,307,502,192,766,769,1549,2023
147,181,1789,1311,1025,132,128,2646,2219,647,1336
147,172,935,1995,463,167,164,1590,775,1548,1919
147,182,1528,1538,1183,1110,146,1943,2208,825,1457
147,170,1504,1681,1185,1249,792,2518,2140,1317,1965
147,186,2034,1784,2504,309,546,1927,2642,1295,1977
147,171,2191,1815,1184,149,791,1481,1555,1449,2018
147,184,1788,1814,462,539,265,1055,2323,1413,2017
147,185,934,1854,905,216,229,1491,1799,1474,2026
147,164,936,1848,906,329,268,1072,1901,1463,2027
147,156,774,1817,464,438,267,772,771,1434,2013
147,150,1530,1768,310,770,296,2262,1558,1388,1567
147,153,1268,2083,309,426,384,928,778,1550,2015
147,168,1529,1632,1186,212,219,2267,1551,800,763
147,155,937,1996,308,363,271,1928,1271,1488,1702
148,156,2190,402,461,793,692,1516,2487,45,109
148,158,2189,1911,459,672,691,1461,1300,190,2087
148,157,1416,581,460,631,632,1915,1302,162,498
150,178,2032,1383,1181,186,218,2085,2030,564,1472
150,167,2263,1766,304,655,202,1116,1525,1383,1498
150,172,1527,1774,1182,164,178,2595,1536,1382,1569
150,182,2533,1541,1180,644,820,2082,2322,775,1486
150,153,1713,1767,306,484,390,2260,2643,1387,1575
150,185,2532,1687,903,229,451,2259,2320,1380,1490
150,164,2033,1680,904,504,470,1736,2144,1369,1497
150,155,1712,1775,305,366,293,2273,2519,1381,1580
151,152,2188,241,2012,725,788,2251,2252,76,2697
153,178,2409,1376,1176,187,211,2541,1998,575,1454
153,169,1266,1812,1024,207,215,1828,1260,1425,2010
153,167,1415,1981,302,270,203,2706,2008,1547,2038
153,172,1896,1993,457,665,800,1970,2086,1546,1918
153,182,2698,1524,1175,812,819,2549,2577,821,1460
153,170,2262,1686,1178,510,365,2443,1431,1315,1964
153,186,2619,1783,1534,310,1658,2540,2641,1294,1976
153,171,1897,1811,1177,490,520,1965,1128,1448,2009
153,184,2261,1810,456,1248,536,1868,1138,1412,2008
153,185,1414,1853,901,219,216,1967,2073,1473,2036
153,164,2492,1847,902,481,539,1969,1337,1462,2037
153,156,1899,1813,458,436,361,901,1416,1433,2696
153,168,1898,1635,1179,215,213,1980,2422,798,785
153,155,1711,1994,303,369,387,2258,2076,1487,1701
154,176,2697,55,2172,874,1657,2493,2580,24,800
154,185,2531,764,2011,1247,814,2280,2315,464,1291
155,169,2359,1791,1022,291,437,969,2081,1409,1632
155,167,1957,1980,301,886,779,978,2495,1486,1693
155,172,2618,2041,1171,664,590,964,2096,1485,1708
155,170,1956,1685,1173,383,594,2040,1969,1305,1684
155,171,1335,1790,1172,368,593,2626,1126,1420,1631
155,185,1955,1807,810,237,821,2254,2077,1469,1688
155,156,1098,1792,1023,364,270,1950,1275,1410,1633
155,168,1336,1657,1174,218,226,2705,1183,788,807
156,180,1710,1566,803,307,264,2704,2036,914,1628
156,169,1094,1877,806,206,224,2024,1892,1367,2006
156,167,1095,1845,808,246,545,1121,993,1432,2007
156,172,1893,1799,453,151,151,1216,2554,1423,1636
156,170,2617,1715,805,155,155,2135,1438,1287,1963
156,186,1709,1805,1533,314,367,1947,2018,1259,1975
156,171,1894,1876,804,519,174,2134,2017,1366,2005
156,184,1093,1873,452,250,247,1863,1736,1377,2004
156,185,1092,1861,802,171,175,2138,2340,1403,2032
156,164,1096,1872,809,501,248,2160,1900,1396,2033
156,158,2187,386,454,252,251,1209,1313,34,103
156,168,1895,1661,807,157,159,1399,1726,55,821
156,157,1097,381,455,512,460,1398,994,65,130
157,158,2186,540,451,601,393,2472,1291,88,432
157,162,1954,1351,1021,526,456,2298,2278,60,2695
158,161,2185,1316,2503,209,207,2297,2475,108,1449
159,160,2460,122,1831,394,424,2571,2530,31,2498
161,197,2674,3,2642,1413,1656,2703,2675,8,2694
164,178,1787,1382,798,181,176,2314,2147,563,1448
164,180,2615,1565,797,203,266,2510,2456,916,1618
164,169,2031,1866,800,79,60,2311,1891,1395,2692
164,167,2491,1867,801,88,197,1976,1179,1461,2693
164,172,2616,1806,300,35,35,1957,1185,1460,1640
164,182,1786,1527,796,55,52,2320,2136,799,1458
164,186,1332,1801,297,305,111,2098,2455,1279,1991
164,171,1334,1865,799,87,166,1473,2145,1397,2691
164,184,1333,1858,299,62,79,2625,2138,1391,2690
164,185,2358,1878,298,41,41,1014,1069,1422,2689
165,196,2696,2,2641,1141,1655,2702,2674,1,2688
167,178,2673,1375,794,78,76,2083,2395,573,1348
167,180,1708,1545,793,83,78,2078,2673,935,1586
167,169,1526,1844,296,22,22,2324,1907,1424,2687
167,170,1525,1689,295,61,61,2608,2493,1316,1982
167,186,1706,1782,290,28,28,2073,2273,1291,1990
167,171,1080,1843,294,24,23,1118,1730,1447,2686
167,184,1953,1836,292,26,25,2471,1499,1411,2685
167,185,1413,1871,291,20,20,1122,1527,1472,2684
167,172,1178,1979,293,21,21,1978,1187,1545,1917
167,182,1707,1540,792,49,49,2077,2504,819,1452
167,168,2150,1654,795,67,64,1119,1172,794,788
168,179,2324,173,2171,638,880,2387,2367,38,2074
168,169,1524,1660,791,52,48,2151,1716,772,816
168,172,1522,1655,788,33,33,1569,1174,797,789
168,191,2323,172,2170,518,524,2374,2406,81,2075
168,192,2672,37,2502,926,639,2570,2672,35,2072
168,170,1523,1677,790,64,63,2157,2135,750,827
168,171,1331,1659,789,63,62,1958,1713,763,820
168,195,2322,171,2501,540,522,2397,2416,16,676
169,177,2356,121,2167,1412,1654,2693,2647,36,661
169,173,2586,109,2169,347,371,2317,2262,75,660
169,176,2357,108,2168,358,635,2332,2648,37,691
169,180,1521,1564,787,25,26,2036,2254,915,1627
169,170,1503,1714,289,16,16,1672,2518,1286,1981
169,186,2030,1804,284,12,12,1678,2251,1258,1989
169,171,1892,1880,288,6,6,2150,1131,1365,2683
169,184,2260,1875,286,8,8,1869,1722,1376,2682
169,185,2184,1860,285,2,2,2152,2079,1402,2681
169,172,1502,1798,287,3,3,985,1547,1421,1635
170,180,1520,1554,786,80,77,2495,2646,891,1620
170,172,1501,1712,282,15,15,2597,1960,1309,1906
170,186,2614,1716,280,19,19,1679,1958,1129,1986
170,171,2530,1713,283,17,17,1483,2155,1285,1984
170,184,1952,1678,281,18,18,1890,2143,1299,1983
171,180,1705,1563,785,27,27,1979,2021,913,1626
171,172,1891,1797,279,5,5,1497,1534,1446,1634
171,191,2459,63,2500,1400,345,2375,2513,98,778
171,186,1329,1803,276,13,13,2379,2013,1257,1988
171,184,1330,1874,278,11,11,2632,1121,1375,2680
171,185,1704,1859,277,4,4,1471,2671,1401,2679
172,178,2408,1380,784,34,34,2238,2561,574,1453
172,186,2490,1749,274,10,10,2388,2460,1289,1629
172,185,2183,1846,275,1,1,1955,2090,1471,1907
172,182,1519,1544,783,31,31,2600,1968,820,1462
173,177,2585,1403,2165,1411,1653,2679,2445,18,2078
173,176,2489,1404,2166,642,646,2692,2450,20,2079
174,175,2458,92,2164,1405,1652,2566,2499,12,2678
175,177,2355,91,2163,374,408,2509,2447,11,1465
175,189,2584,1402,2499,1401,1651,2569,2637,5,2040
175,190,2457,1401,2498,1404,1650,2559,2502,6,2039
176,177,2354,1400,2162,1410,405,2494,2443,15,2677
178,182,1785,1386,782,44,46,2331,2204,533,2501
179,191,2456,1399,2161,391,432,2384,2670,19,2086
179,195,2455,1398,2497,1409,1649,2691,2636,10,2077
180,186,1702,1568,1531,301,117,2087,2023,894,1624
180,184,2259,1562,1532,29,29,1866,2016,919,1604
180,185,1703,1548,781,23,24,2274,1774,924,1608
184,186,1328,1802,272,14,14,1865,2012,1278,1987
184,185,1951,1852,273,7,7,1877,2321,1394,2676
185,186,1701,1796,271,9,9,2585,1776,1281,1993
189,194,2582,900,2495,1402,1647,2701,2634,4,2674
189,190,2583,1397,2496,1403,1648,2562,2635,7,2675
190,194,2695,899,2494,1406,1646,2576,2669,3,2673
190,195,2454,1,2493,1408,1645,2556,2506,2,1456
191,195,2453,1396,2492,1399,1644,2395,2633,14,2076
192,195,2671,61,2491,1407,1643,2557,2632,9,2071
