i,j,LLBCe,LLBMEe1
0,1,0.00014813566192905514,-479.241866114138
0,2,0.0001463411583990804,-619.3848456282833
0,3,0.00011376608043438824,-470.165184079778
0,4,0.0001783483248616564,-487.8223599654809
0,5,5.795221207977797e-05,-182.1165076344451
0,6,0.0008458388212509629,-10646.518572604287
0,7,0.0002003478234003521,-643.2493651966927
0,8,0.00019179706864387604,-748.249084436763
0,9,0.0002671367040281903,-1497.003598546739
0,10,0.00023943440939629422,-1124.1823806533862
0,11,0.0001868821220500351,-861.3911966953206
0,12,0.00045612476895697635,-3080.7738444296597
0,13,0.00019714646790190395,-971.2850850795006
0,14,0.0001970098006464087,-978.0271092501632
0,15,0.00020438512110750867,-746.3790242338271
0,16,0.00010876691360125202,-341.5133936636298
0,17,0.0002511528639746694,-1596.2998504376758
0,18,0.00030611107848568347,-1826.5333643268891
0,19,0.00038997816789161096,-3200.7507139045006
0,20,0.00011376608043438823,-470.16518407977793
0,21,0.0003015521089121258,-788.2562614608797
0,22,0.0008213222726402854,-7963.191470665885
0,23,0.00021035286335390534,-1095.987681571466
1,3,0.00016822985554200675,-707.9582733302417
1,5,0.00014221578719296766,-459.06146008618873
1,6,0.0006359087336691562,-7914.302073788764
1,10,0.00012195453108662027,-558.9220567924461
1,11,0.00012586577543055065,-563.2310967863294
1,12,0.00017652239293201172,-1175.9452823674685
1,13,0.0001362007729825165,-652.4524311026752
1,14,0.00013577854307527708,-655.5651978473255
1,18,0.00018987816771872358,-1108.6423847582082
1,19,0.00022413754372917566,-1812.1720681168667
1,20,0.00016822985554200675,-707.9582733302417
1,22,0.00036319800725311994,-3483.3827230299707
1,23,0.000125205285788084,-636.8498910333265
1,66,0.0014669627027524138,-24014.087778781275
1,119,0.00013136112083712414,-392.15066837822195
1,120,0.00014902324482587054,-711.5814082963639
1,121,0.00029359287521562075,-1559.212923201279
1,122,0.0002743914830513647,-1358.706136395013
1,123,0.00023958712323695683,-941.1099987712311
1,124,0.00035086425424662743,-2341.827069836843
2,3,0.00016726117569699998,-865.0776506362254
2,4,0.00025508140310824936,-902.7117993219018
2,5,0.00017899692856547926,-753.0780492700737
2,6,0.0007039091283374759,-9440.402149307085
2,7,0.00031607174239330164,-1322.5817061477926
2,8,8.143158228402815e-05,-388.1916306932315
2,9,0.0001891678140896556,-1230.800285536388
2,12,0.0002554518912308579,-1945.828602725851
2,13,0.0001494128884919481,-861.6339414471726
2,15,0.00029355286166547057,-1326.345470983437
2,16,0.00019791035904377746,-832.4707473287953
2,17,0.0001979419973488479,-1423.7982782322244
2,19,0.00032853527383541173,-2969.8236936611315
2,20,0.00016726117569699998,-865.0776506362254
2,22,0.0005379405190316322,-5682.959534762411
2,23,0.00023505027866502654,-1413.269027670256
2,66,0.0027190066967837097,-47563.99954350475
2,124,0.0006688368042050881,-5134.966217225865
2,129,0.0006044428576244975,-2642.3846038660467
2,144,0.0007952794405172475,-2440.6413851769767
2,145,0.0006214533459904337,-1979.0380064434069
2,146,0.0007952794405172475,-2440.6413851769767
2,147,0.0003626845873038492,-1688.224755837074
2,148,0.00013186902614743476,-867.693936754029
2,149,0.00017276631520291133,-909.557040903796
2,156,0.00028290401729499004,-1009.7314747821385
2,158,0.00021268780822058034,-1007.28059324288
2,159,0.0001578294705059089,-682.8969348380738
3,5,0.00011833708466102925,-487.5840764007036
3,6,0.000605321869189465,-8215.020978818022
3,7,0.00033763199057225163,-1401.7432045127664
3,8,0.0001770253965485672,-859.7488603758839
3,10,0.0001943657646110804,-1102.0756270843208
3,11,0.00010967302939314989,-616.2395324336175
3,12,0.00022103552654059779,-1719.2862348195133
3,13,0.00011468740771192325,-680.8974214313059
3,14,0.00010249807376458607,-613.2535246862612
3,15,0.0003280079633443433,-1513.1025973361673
3,16,0.00021993984937198875,-898.0835556354875
3,17,0.00015097041946497046,-1111.6975283474046
3,18,0.00018572383054876716,-1295.2347771264267
3,19,0.0002508043450901491,-2309.9554896171885
3,20,2.8750503133804843e-05,-147.19118766712447
3,22,0.0003877265391930584,-4165.290251250497
3,23,0.00016566169693044415,-1025.0246459632622
3,100,0.00039171493239363776,-3130.67828817103
3,111,0.0003533007917170128,-2245.033742119978
3,120,0.00018043867221503314,-1063.5238374573985
3,127,0.00020954853204279393,-1211.8995597789133
3,132,0.0002489363594165025,-1899.391390152312
3,136,0.0002394775912202953,-1566.2635251804252
3,148,0.00014499544207846138,-974.7989707287016
3,149,9.679447068365768e-05,-496.01110661841386
3,151,0.00011881195248413665,-524.69105856327
3,163,9.917174993778357e-05,-488.3807113231124
3,164,0.00010430410630979813,-524.0402847198275
3,165,0.00012202481978774448,-568.4873820869826
3,166,0.00012202481978774448,-568.4873820869826
3,167,7.350085152283621e-05,-336.4152123237255
3,168,8.37149606218783e-05,-357.514304786641
3,169,8.29221996685736e-05,-346.03128146321114
3,170,8.019206780660851e-05,-339.2010041829152
3,171,9.646183118151994e-05,-435.04575861176164
3,172,9.802147216896476e-05,-448.266278789433
3,173,0.00010838576009492382,-510.5100316373744
3,176,0.00015351393739578028,-544.8339624019447
3,177,0.00015351393739578028,-544.8339624019447
3,178,0.00012390086659122787,-467.8714198137972
4,5,0.00013096686677366832,-359.8506196733673
4,9,0.0003759089075679765,-1830.372107813076
4,16,0.0002553765220238402,-697.8643411308926
4,21,0.0003026418493487446,-609.8176940822432
4,66,0.0028021325198628556,-44311.85522625843
4,152,0.000299065967792852,-958.0597429018054
4,154,0.0004923628699631768,-2141.7612704338944
4,159,0.0001999332865966363,-553.3277716172123
4,163,0.0003890644618728974,-1376.7973982525125
4,164,0.0004063817616486409,-1481.3926022197954
5,6,0.0008498232704838179,-10687.500040108376
5,9,0.0002648185378411962,-1481.4212076708225
5,10,0.0002438903129052757,-1142.2207732934153
5,11,0.00018043953585456784,-830.2713256150997
5,12,0.00044290548898646276,-2987.8017712493765
5,13,0.00019524366623113444,-959.9944801952142
5,14,0.00018781904065675304,-931.0987882126411
5,16,0.00015379836167276378,-477.87401066054093
5,18,0.00025959099268470915,-1549.4523696481822
5,19,0.0003518825204949006,-2887.105488297583
5,20,0.00011833708466102925,-487.5840764007036
5,21,0.0002928114064129315,-763.0705430425767
5,22,0.0008324662218434906,-8061.410243250307
5,23,0.0002237571001326621,-1162.4559664976791
5,152,0.00018712001117474484,-718.7010627293781
5,154,0.0003738485825824859,-1876.464735125112
5,163,0.00014199395615329693,-567.79769761348
5,164,0.0001722056181812584,-704.045279962232
6,8,0.0005673202466583167,-7439.347245692614
6,9,0.0004238451266546834,-6347.237772308709
6,10,0.00025077587005943846,-3497.050047846017
6,11,0.00028270719307857867,-3937.2845000522625
6,12,0.00023061108569342556,-3725.511950688551
6,13,0.00028000187804743944,-3989.8283374918637
6,14,0.0002749815281364189,-3929.0040552391747
6,17,0.0001780698052266646,-2801.220800536049
6,18,0.000192959109396638,-2962.1018834954684
6,19,0.00010368314635652827,-1830.7189739773146
6,20,0.000605321869189465,-8215.020978818027
6,22,0.00018273345024586305,-3536.6253370283557
6,23,0.00025474610553908564,-3680.8584191489635
6,25,0.0013343173790674927,-16875.958274866116
6,26,0.0007267355716456452,-10838.394359519432
6,27,0.0009660710558125554,-13753.815619912242
6,47,0.00097929999834303,-12505.552180938836
6,53,0.0004453439726249395,-6352.173925381627
6,54,0.0008024889872566821,-10954.854022049922
6,66,0.001368342662354096,-35922.44525188867
6,73,0.00029105532339931554,-4566.91580286977
6,74,0.00038355431210089784,-5525.948617066726
6,75,0.000353777265541421,-4838.587421960775
6,79,0.0002747763742548082,-4267.0759765483
6,80,0.0009174419067071574,-11669.802706830758
6,82,0.0008267185515451202,-10618.090265750772
6,83,0.0007986449184623041,-11597.768698300782
6,84,0.0008884681505482126,-11254.071144694035
6,85,0.0004370409986276516,-5751.194260817576
6,86,0.0005044203872246869,-6722.365997414731
6,88,0.0003261656643832532,-5033.6801459117505
6,89,0.00046786827659563607,-8148.797504149198
6,91,0.001789280809556156,-20896.863317066927
6,92,0.0003655419056510709,-6236.633865223671
6,94,0.0004108832353423093,-5166.917021301969
6,95,0.000417520158214909,-5223.804062953717
6,96,0.00027914610068466647,-4177.074882745817
6,97,0.0009099744912968027,-11615.157805542078
6,99,0.000382807543318939,-5403.65724516401
6,100,0.00032428456724886045,-5370.115947165489
6,101,0.0004164176556644708,-5492.716831463051
6,102,0.0006887876714064609,-8919.002803306625
6,103,0.0008332514685650182,-10405.508530669655
6,104,0.0009621881854006086,-12571.276592717695
6,105,0.0005431687563948512,-6783.2996044412375
6,106,0.0004126816279878129,-5181.399366046164
6,107,0.0010548801623908985,-13017.616867449851
6,108,0.00028253983471251477,-4574.084326019508
6,109,0.0008474254765023061,-11065.620603898882
6,110,0.00028426710709932,-4361.472575183407
6,115,0.0004126816279878129,-5181.399366046164
6,116,0.0005527713861650052,-8814.669492184326
6,117,0.00040718712489118733,-5137.6347877432645
6,118,0.0003715119902381414,-5475.609710535517
6,119,0.000626261708322745,-7772.358781033975
6,120,0.00034003317649923797,-4837.311526550655
6,121,0.00043279576459559423,-6488.01191269569
6,122,0.00040136942199699654,-5873.0128991945785
6,123,0.00047206229370574287,-6339.846964955766
6,124,0.0005656554497160067,-9175.01564663184
6,126,0.001372311044049404,-16532.504715276365
6,127,0.0005812871593047331,-8257.337097792015
6,129,0.001509779848884321,-19441.2528660267
6,132,0.0006542355225625812,-10426.394101533559
6,136,0.0008976290576626118,-13424.26727923998
6,137,0.001044253519224362,-13067.910168554678
6,138,0.0009730356066379468,-14782.330034271885
6,139,0.0007221367757264096,-8981.634814450957
6,147,0.0016904672295813491,-22026.409912558007
6,148,0.0004678146199724327,-7023.851227462235
6,149,0.0010213494126733115,-13919.147158994829
6,151,0.0009586414967445558,-12352.954443697254
6,152,0.00039416726239635785,-5174.55892248492
6,153,0.0011033612131623976,-16723.839788853387
6,154,0.00030652891226159274,-4382.705670234564
6,156,0.0007735050893974499,-9232.84518350774
6,163,0.0005607615838211349,-7547.76777251101
6,164,0.0005476297531399006,-7432.749478993671
6,165,0.001105892146619156,-14529.63954700332
6,166,0.001105892146619156,-14529.63954700332
6,167,0.0008602611493446217,-11210.25452736464
6,168,0.0008908218203335308,-11321.017027078717
6,169,0.0009224233090206002,-11622.595312640087
6,170,0.0007926011612566145,-10042.386520574804
6,171,0.0005586478737571224,-7105.219795330305
6,172,0.0005580007950014007,-7133.292800659532
6,173,0.0004966671975501763,-6475.150697202936
6,176,0.0010541572620506362,-12612.570127163759
6,177,0.0010541572620506362,-12612.570127163759
6,178,0.0010737933486380774,-13091.28868753669
6,190,0.0017705374696999994,-20336.689258743514
7,8,0.00027508313347737853,-1068.3013503921522
7,15,5.896356717358483e-05,-221.28942996200792
7,16,0.0003190413243429707,-1023.5221748667251
7,17,0.00041590308306084495,-2631.3969833281694
7,20,0.00033763199057225163,-1401.7432045127664
7,22,0.0007263322993987896,-7055.938403471803
7,23,0.00030346124076663166,-1575.5456636181614
7,27,0.0006128017490439181,-2991.4484856660665
7,79,0.00042378299966531596,-2582.6253922921956
7,80,0.00020598244088516367,-731.5415045808909
7,90,0.00043389152414893047,-2028.5461824820109
7,91,0.0001536403145689571,-374.5350174152445
7,93,0.00030811520422803463,-1055.2601605750444
7,97,0.00020356597160086832,-731.9454745211259
7,99,0.000429414400032745,-2067.107930589356
7,109,0.0003107347230254454,-1196.2129025915892
7,110,0.00040322699612638154,-2385.488518936743
8,10,0.0001665943859475134,-869.3912602686129
8,12,0.00023658899270170903,-1728.3619199398331
8,13,0.0001573988542650148,-857.0663593619298
8,15,0.0002521677004415507,-1062.150041503692
8,16,0.00028092500085333315,-1086.9470763853758
8,17,0.000188288834669707,-1295.2614803915726
8,20,0.00017702539654856718,-859.7488603758837
8,22,0.0003524604586803442,-3620.721892394503
8,23,0.00017695240544262803,-1012.0745270054753
8,66,0.0019526643416315477,-33575.05270913308
8,108,0.0005177682075086937,-3777.457591759128
8,124,0.0005103913734284121,-3766.8123016503437
8,129,0.00040847907591989115,-1669.264446586383
8,133,0.0003426535429236247,-1291.2946641830376
8,136,0.0003380418488141221,-2068.419574147643
8,145,0.0007568452471110585,-2163.6341932750524
8,147,0.00033490482218618325,-1456.6807277894643
8,156,0.00017572839487064757,-578.2187227734612
8,158,0.00018856481408795393,-834.8511402192589
8,159,0.0001834307828594728,-733.3120073504506
8,191,0.0003001883353144573,-928.4274856735618
9,11,0.0001450739238623472,-991.57123108082
9,12,0.0002332037424461892,-2101.5141586804134
9,13,0.00014495460673783574,-1037.3659064690596
9,14,0.000161532949173905,-1160.7566984797543
9,16,0.0005597432461324359,-3135.3085499054387
9,17,0.0001829064343904116,-1570.5046465934852
9,18,0.00015460691321156784,-1271.654258359008
9,19,0.0002308013110076949,-2412.7279387048425
9,27,0.0006317917895715387,-4456.692914726684
9,53,0.0004464905053669935,-3147.066599098001
9,66,0.002134246704427021,-39988.417216512564
9,73,0.00038041782523600375,-3211.227221020599
9,74,0.0004121605008264066,-2961.5684074642377
9,75,0.00021402338320830006,-1392.3728255803446
9,79,0.00045979599597271016,-3799.2276118039845
9,82,0.0003229125979051073,-1826.2652299009442
9,84,0.00032629699127483886,-1790.3765501919706
9,85,0.000265297867768002,-1589.9881104656765
9,87,0.00031822666229259876,-1986.226528430489
9,92,0.0005520657910759081,-5458.565970150743
9,108,0.0004189839008853086,-3739.4446076676663
9,110,0.0003032382350783889,-2459.8929895578804
9,111,0.00017091759319629257,-1293.6688472340345
9,113,0.0006015894823952315,-4683.232350959194
9,118,0.0004107002210737998,-3116.6037989543215
9,124,0.0005081664351739409,-4570.056511293388
9,144,0.0016727478724347343,-7389.517903373189
9,145,0.001475384598348018,-6676.632845088596
9,146,0.0016727478724347343,-7389.517903373189
9,148,0.00014893830341738384,-1185.2742924889249
9,152,0.0002774707549874323,-1705.6210532093219
9,154,0.00034974665913220347,-2550.577541892192
9,157,0.0001513960229651164,-797.3916117771404
9,158,0.00017687260547970574,-1074.5246096870972
9,159,0.00010923972511091714,-614.5926688298507
9,163,0.00027323441428628054,-1778.8470152861723
9,164,0.00028158302115760824,-1864.1249178821847
10,11,0.0001280222110528125,-757.6316204618827
10,12,0.00015393878647099228,-1249.4429312083175
10,13,0.00013084253221494818,-816.1707910692858
10,14,0.00013683356007034708,-858.2213416680529
10,17,0.00010570051565419401,-814.0465952722313
10,18,0.00014996310962105727,-1094.8745868910405
10,19,0.00012184862922732042,-1166.7741037326682
10,20,0.0001943657646110804,-1102.075627084321
10,22,0.0001837282836494267,-2042.6450696779505
10,23,6.0667734838667164e-05,-398.6045154512322
10,66,0.0011424501008890633,-20599.07446861739
10,79,0.00025360705909581655,-1893.5037862584236
10,88,0.0002341231412165011,-1729.9208262664158
10,89,0.00036487290993310735,-3356.9112957643897
10,94,0.00014232304941574027,-664.4002740045023
10,95,0.00014598835232303007,-672.1165528327991
10,96,0.00022801174430531307,-1537.6066117211246
10,100,0.00018508326553974517,-1548.6570489779501
10,101,0.00018415324990826576,-954.4831937507226
10,102,0.00023926559711431153,-1186.7089766024644
10,105,0.00020095921974398054,-919.7013435859045
10,106,0.00014748250038228654,-685.2344252194717
10,108,0.00026690697793315993,-2168.4666741449214
10,115,0.00014748250038228654,-685.2344252194719
10,116,0.00034923768409380967,-2763.175016080105
10,117,0.00014370107178847294,-676.7012912006203
10,119,0.00020950928235256597,-926.978792924572
10,120,0.00013540760654042172,-843.1315511724806
10,123,0.00021513697600660236,-1166.1540520295448
10,124,0.0003092084642577246,-2534.5203028460737
10,129,0.0005304938365618007,-2592.506826291626
10,132,0.0003059943601713975,-2425.069370350762
10,136,0.00031993913724004104,-2228.139042192872
10,147,0.000587076593865594,-3007.4110176986537
11,12,7.483920800072002e-05,-600.1021875536098
11,13,3.4070549534467055e-05,-210.79820670004077
11,14,3.3609002681167635e-05,-209.24051078291058
11,17,7.18528394975659e-05,-544.511044976711
11,18,5.550196271845756e-05,-400.9271829358412
11,19,0.00010548902004096293,-995.1840017942883
11,20,0.0001096730293931499,-616.2395324336178
11,22,0.00024550990734202864,-2685.806198945494
11,23,0.0001354354804900221,-870.0818732537134
11,66,0.0014275492838369225,-25492.817677774798
11,73,0.00033798931596706026,-2520.7326846631595
11,75,0.0002024405521998555,-1112.940586542189
11,92,0.00040592784611479535,-3585.097577300654
11,100,0.00021566132989488484,-1768.3985942174656
11,110,0.0003263325253631706,-2320.5103206625604
11,111,0.00013304656144947572,-876.3291582124508
11,113,0.00046814932927270134,-3180.3018690739978
11,120,7.202875124381555e-05,-440.95077130507053
11,124,0.0003854126091629819,-3093.9489729934535
11,127,0.00016113603172522226,-979.8335656956492
11,132,0.00019968257308839403,-1558.5221504332403
11,136,0.00020736899745657161,-1419.349965430562
11,148,7.305258927362793e-05,-506.48231026266484
11,149,0.00015912806518161268,-905.0811630569457
11,151,0.0001364717719625792,-674.7969971355328
11,157,0.0001242234140488746,-535.577672041243
11,158,0.00012325721990083275,-626.8491474113465
11,159,0.0001050716235510144,-490.26954030996563
11,163,0.00012377918429175462,-679.7097790344538
11,164,0.00012558400489292136,-703.5616746781719
11,165,0.00017089458750705063,-887.5395731967309
11,166,0.00017089458750705063,-887.5395731967309
11,167,0.00013241088423733097,-673.3776736904224
11,168,0.0001292397715571786,-615.6896573972955
11,169,0.00012814932599262732,-596.8742051911779
11,170,0.00011639649452153024,-549.8885886379912
11,171,7.049287909464688e-05,-337.2864167638839
11,172,6.642263620632187e-05,-322.4708064394912
11,173,0.00010271936513827643,-520.7057414402182
12,13,6.484186255531749e-05,-541.4872887197812
12,14,6.766425237215615e-05,-567.3819299939233
12,17,9.614550202663372e-05,-939.2047233905815
12,18,8.557985473532088e-05,-804.7385667820286
12,19,8.647441503964569e-05,-1008.4225600449707
12,20,0.00022103552654059779,-1719.286234819513
12,22,0.0001868897346430001,-2470.4914621098333
12,23,0.0001461590323379518,-1261.5032934350306
12,55,0.0019721947113515914,-15997.83367578177
12,66,0.0010842920137186175,-21834.59808500763
12,73,0.0003208807892403588,-3104.3370611401915
12,75,0.0002556945392719998,-1966.9090988348544
12,88,0.00033659795978342006,-3171.234866675995
12,89,0.0004988149798331333,-5625.944879510121
12,92,0.00039119694620925706,-4321.601881962253
12,100,0.00015033759241946234,-1576.433454602726
12,110,0.00034348840721922647,-3201.1298927004236
12,111,0.0001636735937432473,-1437.6155852807535
12,113,0.0005067152915721271,-4571.877698704039
12,120,7.70867564991043e-05,-642.0715378814575
12,121,0.00031005060978799487,-2754.301299601505
12,122,0.0002982494539875163,-2541.7036506209442
12,124,0.00036864829326115517,-3776.2349329787207
12,127,0.0002417623922447625,-1997.5760687186842
12,132,0.00028652076733348675,-2862.3850920754276
12,136,0.0002986179789395333,-2696.3535286696756
12,148,0.0001557116342849983,-1415.158350867282
12,149,0.00031721320268081717,-2489.4980783303563
12,151,0.0002860903780138383,-2031.5441993353813
12,153,0.0007977661841612822,-7218.925186659385
12,157,0.00021547053689827074,-1396.724736173222
12,158,0.00014120679401701035,-1029.0985930282143
12,159,0.00017140328881293655,-1172.654660111619
12,163,0.0002412240505938606,-1846.159244431245
12,164,0.00023640403733165717,-1836.133371867849
12,165,0.00034005879817630924,-2500.7590156596984
12,166,0.00034005879817630924,-2500.7590156596984
12,167,0.0002555160957718768,-1852.0442590934251
12,168,0.0002602604910990681,-1801.8979516355646
12,169,0.00027413981218882234,-1867.5996580644046
12,170,0.0002517815247844349,-1731.845169916615
12,171,0.00014435931261981287,-1002.2758902213762
12,172,0.00013961416464721473,-978.8487686308017
12,173,0.00019090583363111653,-1381.1625739134427
12,176,0.0005315087125817713,-3258.433355597443
12,177,0.0005315087125817713,-3258.433355597443
12,178,0.0004948597421927731,-3150.632508679807
12,186,0.0004614031635615622,-2802.0565400860914
12,187,0.0008083841521553324,-4619.144160339111
12,188,0.0005087454036525202,-3303.5907447008667
13,14,4.1245505163030936e-05,-269.40429203150944
13,17,7.246154330757193e-05,-572.3731616999875
13,18,6.219161540568454e-05,-468.7093217430317
13,19,0.0001078954377573587,-1052.3891252656265
13,20,0.00011468740771192325,-680.8974214313059
13,22,0.00023846579786969286,-2687.530468517788
13,23,0.00013583685844079208,-916.2999728065973
13,66,0.0014106887596251458,-25655.915477961178
13,73,0.00034718072195899676,-2700.1920851346317
13,75,0.00021426037661796752,-1245.8837056358627
13,92,0.0004202144496796624,-3845.2690537972167
13,100,0.0002112923681956946,-1802.2396922672604
13,110,0.00033611555181519613,-2497.3821850553977
13,111,0.00014170822636758938,-978.2616636047314
13,113,0.0004862802372661745,-3460.004012036388
13,120,7.972657813276059e-05,-513.0945367675762
13,124,0.0003760918092038909,-3140.730704609962
13,127,0.00017140379497675046,-1096.572801141273
13,132,0.00021351293636536628,-1734.028140095565
13,136,0.00021613283504846143,-1548.1418332799665
13,148,7.328382277489219e-05,-531.627831613717
13,149,0.0001606951217871378,-965.5366133775025
13,151,0.00015123078156694964,-795.2181619842198
13,157,0.0001365518981784503,-631.6529885733195
13,158,0.00011268540905379677,-610.0756477091877
13,159,0.00010665556843392835,-531.8280604371945
13,163,0.00013665590112282565,-793.3297982279607
13,164,0.0001358907449272115,-804.1796085238061
13,165,0.00018861782912092423,-1038.8152704792349
13,166,0.00018861782912092423,-1038.8152704792349
13,167,0.00014612092372056634,-788.9871924096673
13,168,0.0001401805299206174,-712.0152023734081
13,169,0.0001423533350419972,-707.6642035542422
13,170,0.00013115550412590068,-660.5944330619408
13,171,8.244160238357635e-05,-419.984655285353
13,172,7.787738992911684e-05,-402.18093824927195
13,173,0.00011747837474264686,-632.096812865022
13,186,0.0003784578805573959,-1588.3552752992525
14,17,7.902779512612976e-05,-626.691690152378
14,18,6.124507413167206e-05,-463.9487662742675
14,19,9.776335509880314e-05,-957.9669968463662
14,20,0.00010249807376458607,-613.2535246862615
14,22,0.00023824902619479086,-2694.2443466701125
14,23,0.00012826052486145825,-870.5709834124503
14,66,0.001576202196573062,-28713.041067959242
14,73,0.00036463696131387204,-2848.309898176058
14,75,0.00022739338109864957,-1329.7731959257083
14,92,0.00044020836358558095,-4043.22590971253
14,100,0.00022269097278902587,-1907.1049859601662
14,110,0.000353276894824045,-2636.840787791887
14,111,0.0001450522400276723,-1006.5426738577701
14,113,0.0005505772887522501,-3933.1749634260286
14,120,7.848706955780397e-05,-508.16060180791555
14,124,0.0004411382836583754,-3695.188412331641
14,127,0.00016853127107922445,-1084.7456338839231
14,132,0.00019214047791743288,-1569.2086868533218
14,136,0.00021314548519182222,-1534.9796446606301
14,148,8.475292128565183e-05,-617.0821374493249
14,149,0.0001650711650287914,-997.6990401701921
14,151,0.00014894241290268882,-788.9553334659007
14,157,0.0001506574611014784,-701.4438147162181
14,158,0.0001471212901566556,-799.0721760413392
14,159,0.00012678530505851038,-635.3101325127245
14,163,0.00012486486836712943,-730.4249660166165
14,164,0.0001263025494258989,-752.8847676267928
14,165,0.0001788022084202227,-992.1992270781749
14,166,0.0001788022084202227,-992.1992270781749
14,167,0.0001249999103315117,-681.1181209720428
14,168,0.00013139016030550547,-672.9488532750847
14,169,0.0001360569469057994,-681.9433818135386
14,170,0.00012348067388961124,-627.1430257586172
14,171,7.75770584627279e-05,-398.4759295996881
14,172,7.35068155744029e-05,-382.6941733231732
14,173,0.00011094167708778903,-601.5763755543221
14,176,0.0002722736972901477,-1178.3328056226972
14,177,0.0002722736972901477,-1178.3328056226972
14,178,0.000250815148275964,-1144.9056147942147
15,16,0.0003495154331051597,-1274.0099979107072
15,17,0.0003272125127437361,-2155.5059044216514
15,20,0.0003280079633443433,-1513.1025973361673
15,22,0.0006100310238765696,-6085.272317863712
15,23,0.0002517360238502975,-1384.916773068821
15,27,0.00036489798885358976,-1882.9883054141812
15,79,0.0003248349625766277,-2064.010651173587
15,80,0.00019113041049653948,-732.6406285650576
15,87,0.00030046346545978497,-1289.2875760666714
15,90,0.00035685035424133497,-1762.0307762097825
15,91,0.00018198799046929192,-512.7146708893015
15,92,0.0005676592637281313,-4501.835655892215
15,93,0.00024967555906457034,-927.6538678865625
15,97,0.00018804327767273492,-729.2574157061022
15,99,0.00035864156447806323,-1835.0030479929947
15,109,0.0002474537743483422,-1025.919590474756
15,110,0.00026536649313267413,-1641.882113680516
15,113,0.000662764661654587,-3858.9743732624725
16,17,0.0005795581351383048,-3644.6936339723425
16,20,0.00021993984937198873,-898.0835556354876
16,21,0.0003385055319677379,-880.75342553228
16,22,0.0013504798708886033,-13036.471689209382
16,23,0.0005938706204449466,-3045.7705720020513
16,144,0.0002713925072762162,-567.2482009900579
16,145,0.00022101794714319778,-484.07413377873377
16,146,0.0002713925072762162,-567.2482009900579
16,147,0.0003127058886476,-1134.2465943538052
16,148,0.0003981045539645069,-2258.6022006671915
16,149,0.00023903431457189317,-995.9937540592705
17,18,9.100541861901632e-05,-814.9736935965949
17,19,7.685337921193717e-05,-862.8286963512622
17,20,0.0001509704194649705,-1111.6975283474048
17,22,0.00016053760251425733,-2051.358559644874
17,23,9.303544800275728e-05,-764.9110959087485
17,66,0.001303918733352445,-25648.459695279467
17,73,0.0002934523082019573,-2710.8224079136817
17,75,0.0002478926862517269,-1797.5367317621774
17,79,0.00027293050939283917,-2477.4465071280183
17,88,0.00030169165201374457,-2711.0686648332503
17,89,0.0004503320458308177,-4878.832983116158
17,92,0.00033301367215484454,-3535.212222360747
17,94,0.0002575537818963056,-1619.3556722050394
17,95,0.0002567696281848902,-1598.2843273190506
17,96,0.00026265155929307445,-2201.6783832407364
17,100,0.00016603786813744348,-1664.633557230145
17,101,0.000302523819989885,-2045.668189204045
17,106,0.0002597486516911686,-1627.9029535840834
17,110,0.0002341056976188605,-2084.7075950665835
17,111,0.00013507247100934952,-1128.4588475104217
17,113,0.0005040280649598719,-4321.999933448919
17,115,0.00025974865169116855,-1627.9029535840832
17,116,0.00048267192132529167,-4587.317960752448
17,117,0.00026109059190019206,-1652.2862608819137
17,120,0.00011078195086717472,-870.5553624201877
17,124,0.00040626291149316025,-3978.3780581435353
17,127,0.00023000370020163284,-1799.282024157848
17,132,0.0002725363415166363,-2602.842693998848
17,136,0.00028517961677453253,-2449.5312366480466
17,148,0.00012390563060478877,-1073.2857838371676
17,149,0.00024551847640018283,-1822.7095471087086
17,151,0.00023679320885746155,-1579.8544948664278
17,157,0.00022594790293593123,-1363.6234019937258
17,158,0.00017049304805599958,-1164.4899085931697
17,159,0.0001678735829236401,-1074.3198778576518
17,163,0.0001882290590293321,-1360.6275646078284
17,164,0.00019034833816836548,-1397.1247103892667
17,165,0.0002859007795020681,-1979.4439806620755
17,166,0.0002859007795020681,-1979.4439806620755
17,167,0.00021780207233939545,-1484.7217917016371
17,168,0.00022301118604363,-1447.7071420610198
17,169,0.00022484022100120607,-1435.3998236498164
17,170,0.0002069524581563263,-1334.7828275341017
17,171,0.00014232638501521182,-925.1935222658882
17,172,0.00013757052401348104,-903.6626455697399
17,173,0.00014504777930823435,-988.0767193213635
18,19,7.535635097842592e-05,-817.949004318588
18,20,0.00018572383054876716,-1295.2347771264276
18,22,0.0002203716153025006,-2726.4026511752318
18,23,0.00015984467494758897,-1247.8670491852436
18,53,0.00035611274738592947,-2654.4104254494932
18,66,0.0010902908107931545,-21045.181438054577
18,73,0.00029070928009058196,-2576.9585962464644
18,74,0.0003223498854432626,-2447.85213627916
18,75,0.00019972305963754388,-1376.8102876119356
18,85,0.00028252494142153446,-1798.4996588695997
18,92,0.0003880682193748862,-3970.023697120494
18,99,0.0003555893437722183,-2645.7075837432044
18,100,0.00021763552994745664,-2094.301699819835
18,108,0.0003155993716713129,-2952.180290710871
18,110,0.0002607605416659681,-2222.411484210698
18,111,0.00012000497627848775,-958.7675605054643
18,113,0.0004605953962914185,-3778.6930114042257
18,120,8.305764109279265e-05,-623.4348150679286
18,124,0.0003889655204319483,-3664.7908112219006
18,127,0.00019081097238265998,-1424.013422163413
18,132,0.0002422087175345898,-2224.7714240089367
18,134,0.0006971657881518947,-3974.497865282832
18,136,0.00024326610759656372,-2001.4573326911602
18,138,0.0006955511100035692,-5738.429029793147
18,148,0.00011148955330946375,-924.9275380563349
18,149,0.0002615875198473628,-1842.9111128691752
18,151,0.00024081785688556535,-1516.3286349268337
18,152,0.00014399262338582474,-937.7783765518045
18,153,0.0007263717219981479,-5972.048286489249
18,154,0.00020375416404060982,-1558.6268063336076
18,157,0.00019207494380302375,-1089.7163623846636
18,158,0.00016383517690633263,-1058.2318878184815
18,159,0.00013782207450498455,-832.5115360156964
18,163,0.0001647105834149245,-1130.6807635694495
18,164,0.00016534885646180683,-1153.5503553093563
18,165,0.0002889960521362317,-1892.5484146718743
18,166,0.0002889960521362317,-1892.5484146718743
18,167,0.00020298320042126463,-1308.8662729874059
18,168,0.0002245331702807345,-1373.4918358590535
18,169,0.00022834401993777412,-1372.095972154763
18,170,0.00018317749010462146,-1114.6204557738417
18,171,0.00010448696662205391,-642.5811993518533
18,172,0.00010006555842243088,-622.286308161927
18,173,0.0001643903160558506,-1056.797326504905
19,20,0.0002508043450901491,-2309.955489617189
19,22,0.0001413930608508483,-2080.1382791355736
19,23,0.00010965830754120485,-1106.9123079098838
19,53,0.0004060645372153014,-3939.9843866468295
19,66,0.0010512573329387,-22718.514782933173
19,73,0.0002545500004639569,-2833.999114485208
19,74,0.0003468005900507695,-3415.0071340005525
19,75,0.0002405985969969482,-2198.697057746258
19,79,0.00028059254151957644,-3075.3018574058356
19,85,0.0003361776571306668,-2895.023820522318
19,88,0.00027115864947188336,-2949.9925314736674
19,89,0.00040767884052101506,-5204.191933156451
19,92,0.0003073170138518471,-3843.55504175298
19,94,0.00027893910283362667,-2277.9080197304165
19,95,0.0002796474575536571,-2265.9953339062977
19,96,0.00023508895100062633,-2424.9301559881283
19,99,0.0003309569142692188,-3211.841812126078
19,100,0.00016264774217120915,-1943.8191962553692
19,101,0.00030755270893300816,-2659.0008587800858
19,105,0.00043096857296486094,-3476.566126730222
19,106,0.0002813055489301215,-2291.5452140882576
19,108,0.00027478332266593473,-3193.975842069487
19,110,0.00024442450183364693,-2636.5182783865243
19,111,0.00013145343625300444,-1346.2724874299008
19,113,0.0005511482783271982,-5771.864738498497
19,115,0.00028130554893012144,-2291.545214088257
19,116,0.0004824117810858189,-5494.170784604038
19,117,0.0002771811919226028,-2275.3230377904315
19,119,0.0004539142878942774,-3571.132455633132
19,120,0.00012903156434152324,-1255.690795151662
19,121,0.0002976637059985589,-3083.1295193418487
19,122,0.0002778830335537421,-2778.4843707400255
19,123,0.00038640271592806807,-3430.328727498611
19,124,0.0003946214224836606,-4609.073540469504
19,127,0.0003037975609086079,-2942.796293313739
19,132,0.00033544020937552527,-3830.608393698586
19,136,0.00036712150350388934,-3838.343071912214
19,138,0.0007743704134780461,-8167.6966044996825
19,148,0.00021072396844485576,-2214.047401089848
19,149,0.0004173374143407583,-3868.173783740063
19,151,0.00037773062881506697,-3218.815335095534
19,152,0.00022554003405770431,-1970.693920168714
19,153,0.0008047426900344326,-8465.467366491055
19,154,0.00016496517525760242,-1637.1901913526308
19,157,0.00029619933962600335,-2339.843103834688
19,158,0.00021435572759199377,-1864.40721543212
19,159,0.000233064398277793,-1925.034574023567
19,163,0.0002537828976690908,-2307.1099578662815
19,164,0.0002541538842007778,-2338.9464166262333
19,165,0.0004496400730760814,-3945.228045821381
19,166,0.0004496400730760814,-3945.228045821381
19,167,0.00031329881939721435,-2717.631501879315
19,168,0.00035209622718781537,-2937.185919456178
19,169,0.0003670868465027352,-3021.827640707784
19,170,0.00031569238782668793,-2621.0908378098657
19,171,0.0002024045607473625,-1691.854859666981
19,172,0.00019760293392988125,-1665.049804822711
19,173,0.00022765052030769963,-1972.1113186045777
19,176,0.0004946759177277849,-3748.353999841889
19,177,0.0004946759177277849,-3748.353999841889
19,178,0.0005497381342437843,-4288.059006418565
20,22,0.0003877265391930584,-4165.290251250497
20,23,0.00016566169693044415,-1025.0246459632622
20,100,0.0003917149323936378,-3130.6782881710305
20,111,0.0003533007917170128,-2245.033742119978
20,120,0.00018043867221503314,-1063.5238374573985
20,127,0.00020954853204279396,-1211.8995597789137
20,132,0.0002489363594165025,-1899.391390152312
20,136,0.00023947759122029525,-1566.2635251804247
20,148,0.00014499544207846138,-974.7989707287016
20,149,9.679447068365768e-05,-496.011106618414
20,151,0.00011881195248413665,-524.69105856327
20,163,9.917174993778359e-05,-488.38071132311245
20,164,0.00010430410630979813,-524.0402847198275
20,165,0.00012202481978774448,-568.4873820869826
20,166,0.00012202481978774448,-568.4873820869826
20,167,7.350085152283621e-05,-336.4152123237255
20,168,8.371496062187831e-05,-357.5143047866411
20,169,8.29221996685736e-05,-346.0312814632112
20,170,8.019206780660852e-05,-339.20100418291526
20,171,9.646183118151994e-05,-435.04575861176164
20,172,9.802147216896476e-05,-448.266278789433
20,173,0.00010838576009492382,-510.5100316373744
20,176,0.00015351393739578028,-544.8339624019447
20,177,0.00015351393739578028,-544.8339624019447
20,178,0.00012390086659122784,-467.87141981379716
21,87,0.0006286701281979633,-2049.3421718627615
21,92,0.0014245191740710457,-9808.639929777748
21,118,0.0009731182372765818,-4469.547957384734
21,132,0.0010467193442988264,-6100.655346692882
21,175,0.0002552079268658391,-571.911060785297
21,192,0.0003236301771277295,-732.0389032871748
22,23,0.00018719482497422133,-2178.475606320423
22,26,0.0009259672313141767,-11034.965299504334
22,30,0.00852364168503616,-118929.79316651811
22,66,0.0015598925221367431,-35811.74321639232
22,73,0.00040687380763286844,-5168.6045414632645
22,79,0.00041451070880056765,-5194.803050507816
22,88,0.00038194686632300783,-4756.60032361136
22,89,0.0005768585809160839,-8143.001807014575
22,90,0.0005667706861470577,-6179.499409659681
22,92,0.00046045638435508827,-6497.056604648951
22,94,0.00036613980123158046,-3547.912937428901
22,95,0.0003637848311100878,-3501.8478560830517
22,96,0.00017975302295651326,-2105.4781371083527
22,100,0.00010624893852854503,-1419.643096138553
22,101,0.0003794521361532825,-3864.374663049237
22,106,0.00036743180041794193,-3552.9892084339886
22,108,0.00039309053717357056,-5193.575738806319
22,111,0.0003177942549314796,-3737.5449103431015
22,115,0.00036743180041794193,-3552.9892084339886
22,116,0.000654431724895417,-8492.403104668185
22,117,0.00036358573676528407,-3538.942051469527
22,118,0.0004932893443734987,-5788.915939445856
22,120,0.00024160514160717948,-2720.547375423562
22,121,0.00032490421214979566,-3810.638521889265
22,122,0.0002976410616192375,-3384.461696906166
22,123,0.0005118977526636656,-5331.575454392223
22,125,0.0006063900037092952,-5967.744275984463
22,126,0.000781966591931199,-7079.541823864664
22,127,0.0003040382352026169,-3424.3211714124222
22,129,0.0007857481468853957,-7784.673858746681
22,130,0.0007936601717378161,-8114.554606118341
22,131,0.0009638553185648663,-8953.085509646797
22,132,0.0003033975747089839,-3956.115962308588
22,133,0.0005055326929229396,-4794.716858338835
22,136,0.0003170370991668555,-3823.026737088477
22,147,0.0008960755518305682,-9139.073792128429
22,148,0.00038689766295473677,-4663.296853538324
22,149,0.0006062256968517418,-6551.712038068429
22,151,0.0005605369589810591,-5629.498392709077
22,152,0.00039023287313348106,-4000.61658757902
22,156,0.0006582807689861328,-5947.479949659655
22,163,0.00038481417377163497,-4087.7171990861575
22,164,0.0003820390783591118,-4102.165937966851
22,165,0.00048137445398546247,-4970.778229880258
22,166,0.00048137445398546247,-4970.778229880258
22,167,0.0004756763420467905,-4850.580530489164
22,168,0.0005035585720748629,-4966.4611359959845
22,169,0.0005106439597228721,-4980.0603673566075
22,170,0.00048447271473246907,-4756.139707106667
22,171,0.00032439325417549627,-3202.1053080452834
22,172,0.000326215470771969,-3241.8086325312465
22,173,0.0003708811413141802,-3775.641472542322
22,176,0.0008726866850930585,-7911.873781445242
22,177,0.0008726866850930585,-7911.873781445242
22,178,0.0008626730203960042,-8025.057664085085
23,66,0.0013535425392092546,-25092.905722927822
23,79,0.0002544400584564097,-2029.5813223922826
23,88,0.0002583525008532265,-2038.9440733326176
23,89,0.00041294855460557344,-4010.487761163107
23,94,0.00016019413812558687,-827.3668958759761
23,95,0.00016384632038182777,-835.7215543100654
23,96,0.0002731902043385964,-1980.834671172809
23,100,0.00021240937188767077,-1885.7470780406632
23,101,0.00020977931936215459,-1192.3542944385879
23,102,0.0002804118710809636,-1530.602395441504
23,105,0.00022913578039243467,-1162.202021707153
23,106,0.00016574960794149188,-852.4242914585121
23,108,0.00028496743709634687,-2459.2949356031086
23,115,0.00016574960794149188,-852.4242914585121
23,116,0.0004084817222428872,-3435.649625410737
23,117,0.00016218759800382538,-844.2524540213013
23,119,0.0002833064655369322,-1391.688849204699
23,120,0.00015428810156610525,-1037.9514630714725
23,123,0.0002538949128686947,-1502.7030729688674
23,124,0.0003822087637762325,-3321.92209228748
23,132,0.00042531571448288096,-3577.293687731982
23,167,0.0002651491481072686,-1495.0305858066772
23,176,0.0002996443295608544,-1371.7391836300142
23,177,0.0002996443295608544,-1371.7391836300142
23,178,0.0003293836874531905,-1580.7830877935198
24,25,0.0008367142242694969,-1731.6083692964103
24,26,0.00240267026982071,-9802.429363200648
24,27,0.0019238806010053562,-6633.0760253987155
25,26,0.00018033410123155071,-1029.2733798234274
25,27,0.00011944219818288128,-607.931225156516
25,61,0.0014287987685765004,-10993.291531218476
25,73,0.0003266754463272401,-2078.859432961974
25,79,0.00018945482295787882,-1182.2383415707927
25,80,0.00012323217844951786,-452.8010195057862
25,86,0.00017425934002802848,-732.7746336530149
25,88,0.0002605602665312388,-1598.2248940989462
25,89,0.0003472912582070896,-2748.7778608402673
25,93,8.328027990375888e-05,-300.3646137414327
25,97,0.00010583632493847612,-394.65515737246585
25,99,0.00017589655117328503,-873.2833984435616
25,102,9.707921295474497e-05,-369.3998139561292
25,104,6.854743658425518e-05,-278.5202239498887
25,105,0.00011744098815884175,-400.46523679389827
25,107,8.435359999977836e-05,-281.5016968554612
25,108,0.00031946322760400116,-2190.336516566272
25,109,9.965243745792985e-05,-400.47690243748735
25,110,0.00024010651418362623,-1450.369188320883
25,114,0.00022841833540974531,-786.0711510988157
25,116,0.0002261661151322439,-1513.5187036508466
25,118,0.0002651592706688444,-1461.2744994697691
25,143,9.699018227184194e-05,-286.7517784227963
26,27,0.00011559154284320843,-827.7150832700398
26,34,0.0014664544586695456,-12897.01198173946
26,47,0.0001540376944058813,-876.2100313400305
26,53,0.00013745835696892452,-978.1698086323773
26,54,0.00013904419640752003,-911.1857772186015
26,61,0.0007519710736557688,-7410.380881361789
26,69,0.0014036421533380383,-14744.548008171434
26,73,0.0001159644340449267,-986.825215742833
26,74,0.00014644421760660786,-1060.6085782325297
26,75,0.00019545101928137936,-1268.8577172376977
26,82,0.000188717210322814,-1081.992549676259
26,83,0.00019672900269075434,-1453.5608104823784
26,84,0.0002176884493661815,-1208.8430956594511
26,85,0.00016992869374184578,-1020.5956326582311
26,86,0.00019668925346651113,-1240.6220741123996
26,87,0.00020341696180776743,-1272.2993213929233
26,88,0.00017408776743613356,-1433.1745192577598
26,89,0.00020596197871894945,-2073.2766046844467
26,92,0.0002946677517392877,-2921.4130676210257
26,93,0.00021119417404031482,-1191.6130784540812
26,94,0.00028726669183890685,-1583.423977875695
26,95,0.00028945840918600136,-1577.264681928753
26,96,0.0003324977936146945,-2539.881297158015
26,101,0.00022240414024109765,-1337.3033883832722
26,103,0.00021711723567562015,-1193.8485152180644
26,104,0.00012965774041810281,-794.215530724081
26,106,0.00028985580784446477,-1591.8831349620777
26,108,0.00022530227143074342,-2016.6658600710853
26,109,0.0001658637946586104,-1010.1359245222034
26,110,0.0001782468429992426,-1449.3813317051058
26,111,0.00027364599842066075,-2055.9471235343995
26,112,0.00033984581915676637,-1768.7856093003409
26,113,0.0002642705109531826,-2068.243088454147
26,115,0.0002898558078444648,-1591.8831349620777
26,116,0.00015968181754254113,-1403.06269120457
26,117,0.00027829341530804,-1546.1892806798176
26,118,0.00015192068002664464,-1161.1281319264817
26,124,0.00036256579409584515,-3262.3504555612753
26,137,0.0002447711067164186,-1323.0520520577966
26,138,0.0002993430555031347,-2362.2346056344277
26,139,0.000344567024126301,-1861.7221231181634
26,143,0.0003128930740867671,-1554.2333146625474
27,53,0.00015561877867767922,-1005.0071726552895
27,61,0.0009925557986144504,-9102.949313010633
27,66,0.0009908472453145094,-17946.276322577232
27,69,0.0018606713603957009,-18273.23972272294
27,73,0.00015943143866685149,-1249.495365302858
27,74,0.00016216639242050458,-1068.0409176231792
27,79,0.00012731798932270742,-979.0459222604997
27,82,0.00013282646870731618,-678.8783369864561
27,83,0.0001671845894866217,-1128.853989844577
27,84,0.0001852524667417543,-910.7901373533822
27,85,0.00017790839061763273,-952.5031839648847
27,87,0.000147600500038885,-830.0304349942968
27,88,0.00020855883225471712,-1578.8454923018294
27,89,0.0002455452352834399,-2305.8420118234008
27,90,0.00036691045738412224,-2289.7902003908625
27,91,0.0006888192657299271,-2763.4042003856603
27,92,0.00026400564680940057,-2446.583314612476
27,93,0.00012791885294198143,-643.5749579438796
27,97,0.00017814370856763392,-917.0459875317274
27,102,0.00013286468385696515,-691.0866384619944
27,104,0.00012913793634315062,-707.2998924793285
27,107,0.0002067705092932558,-976.7428299229738
27,108,0.00018865963171992456,-1568.8060767827612
27,109,9.59379588934022e-05,-525.9760227988711
27,110,0.00011559343818080569,-868.6913342610087
27,111,0.00028537677330038694,-1958.0643934838213
27,113,0.000263167380382638,-1887.2100170691635
27,114,0.0004754163210841512,-2301.6519828634173
27,116,0.0001919359449997224,-1559.3161359823423
27,118,0.00014733058604644638,-1029.825877740858
27,123,0.00018229383209097635,-1025.545521328655
27,143,0.00023929264666856695,-1038.2168305890855
28,29,0.00013088276246170982,-199.08194756155066
28,30,0.0022771964675191484,-14296.564279693903
28,31,0.0015887363390059113,-8479.406332337354
28,32,0.0011491696360471466,-4390.923620801767
29,30,0.008670617726897539,-59390.81787455683
29,31,0.005857707842828199,-34660.464566319955
29,32,0.004399838572570797,-19324.31869814281
29,77,0.007525719422496845,-8310.22046486227
29,78,0.007084831018971914,-8839.481712551316
29,142,0.0003408814390421032,-501.10400722367206
30,31,0.000997360177435301,-11068.21262812222
30,32,0.0004468587356191319,-4265.417205282163
30,33,0.0011632583171825859,-8249.479102992864
30,34,0.0009928133220233034,-10902.27260013232
30,35,0.0008059135453477382,-6518.9080756773365
30,36,0.0006801287989735049,-5429.108759994662
30,41,0.0005108508091151538,-4498.353851183896
30,49,0.0012438861127292333,-8687.95552144065
30,50,0.0007862333918592218,-6079.432416685547
30,51,0.0005649919782498695,-4500.178782696447
30,52,0.0004893497506262208,-3656.068532423872
30,57,0.0006051044513979865,-4278.732668660967
30,59,0.0006132325123809956,-5763.226931037444
30,60,0.0006095994629735495,-5653.769212441943
30,61,0.0013857553593772842,-16762.166300542034
30,63,0.0014386431125705762,-10229.761746993698
30,64,0.000567426986104558,-4040.768399611534
30,65,0.0005003351017857493,-4534.323911825349
30,67,0.000510309016486844,-4119.518221062174
30,68,0.0005971683185896744,-4276.971830391005
30,69,0.0009088955864174253,-11671.029065780749
30,71,0.0005888182071938419,-4205.497206412443
30,90,0.003040279593778978,-27066.094143537735
30,96,0.0027037562308846273,-26065.584139350387
30,100,0.004809902971802615,-53965.56900288775
30,121,0.002117386833373979,-20583.626253907896
30,122,0.001915939825269927,-17935.123803140676
30,125,0.0015646541585950023,-12094.491078952435
30,130,0.003497390494350409,-28216.274596243547
30,131,0.0013005935480589538,-9406.38524925794
30,133,0.0012232134446040982,-9212.780188442672
30,140,0.0012661285526545728,-8229.656553373166
30,141,0.003096319162561202,-19461.78545099526
30,142,0.003818984049773921,-23897.14328267982
30,160,0.0013908360267958142,-9783.15727843269
30,179,0.003076435076570733,-19650.066884224278
30,182,0.0010647213022947396,-6920.817176146801
30,183,0.0010647213022947396,-6920.817176146801
31,32,0.00010227319083405284,-882.297096196251
31,33,0.0005047837050507729,-3127.5250945717166
31,34,0.00044360519734052,-4440.957310143598
31,35,0.000381635300877415,-2746.399498695946
31,36,0.00018295404783975615,-1304.9395999105925
31,37,0.0002488375076082994,-1750.8682786286279
31,38,0.00040233508231118627,-2551.0467421500475
31,39,0.00046264204703683583,-2932.9305807389323
31,40,0.00019520711696758186,-1353.180459289226
31,41,0.0001562725727196726,-1229.0425910036174
31,42,0.00032180407281858295,-2117.778187920629
31,43,0.0002958864199596544,-1942.2357590470774
31,44,0.0002885295416611543,-1910.4820155769034
31,45,0.00026632054131443534,-1796.1967740215
31,46,0.0015003533351446838,-13869.532483185283
31,49,0.00041225120912949934,-2518.159312206855
31,50,0.00020237920791399367,-1393.0419096471728
31,51,0.0001779125815366533,-1249.2878895317415
31,52,0.0003471169491800567,-2244.268573109771
31,55,0.000420768956987968,-3402.9449118325247
31,56,0.00032222401734069905,-1998.2694252428307
31,58,0.0004117814289126572,-2716.1119684248033
31,59,0.00016853447254983663,-1410.863028597347
31,60,0.0002593279509489089,-2130.463213409667
31,61,0.0008372152455260136,-9193.64584515421
31,62,0.0003013007749785454,-1908.5520899496846
31,64,0.0002969555925551845,-1822.9725269719345
31,65,0.00014182448757429157,-1139.8188739069726
31,66,0.00628582692722955,-124823.55758436733
31,67,0.00014450437760062636,-1031.4266123425402
31,69,0.0006819967858795587,-7980.5919241593165
31,70,0.00044068798888067243,-3185.314870947187
31,71,0.0003365745231634391,-2070.9812704599653
31,72,0.00017534088748712685,-1172.9892473889975
31,89,0.004852527934902682,-53180.743526155056
31,138,0.001565146217478022,-13896.03448784073
31,153,0.001231244943796047,-10923.440174013502
31,155,0.00023937966106954596,-1555.5289176590663
31,160,0.0004592597816114922,-2828.3927250712213
31,180,0.001998277987115709,-11030.226632076958
31,189,0.0040378917468083825,-20801.907873607353
31,195,0.0034612737090747208,-17612.544435771935
32,33,0.00033309654840786714,-1558.1673500133113
32,34,0.00029467356409674047,-2491.1318383458565
32,35,0.00023642965093110066,-1341.2928988107647
32,36,0.00014610524900210818,-816.8110068149439
32,37,0.0001700128188638354,-936.2696673745512
32,39,0.0003286720165470405,-1582.3834489603516
32,40,0.0001859446506884306,-1000.1110801957143
32,41,8.069554665087588e-05,-512.3029043046138
32,42,0.00025243031704807735,-1273.733412700048
32,43,0.00020978649180298993,-1056.6839380179035
32,44,0.000202094113292099,-1029.5918424104993
32,45,0.00019465354714891082,-1025.0144937960101
32,46,0.0008835602933967571,-6794.239272040866
32,49,0.0002507420420684475,-1152.7824258033909
32,50,0.00015455531529914127,-826.4426491163329
32,51,9.893495574148446e-05,-544.9996453575516
32,52,0.0001824176915880181,-905.1877497860019
32,55,0.0002968796342615584,-1962.8242852600727
32,56,0.00019958208513724755,-935.7058668060951
32,57,0.00020825780080080522,-952.1802652979221
32,58,0.00025234623890137153,-1281.8303381791711
32,59,0.00013557301306904815,-933.4619625201194
32,60,0.00021109541826196563,-1420.3250848440466
32,61,0.0006037345480688162,-5737.6573853002255
32,62,0.0002093503576717452,-1007.2004781851084
32,64,0.0001658615364874029,-768.6433988840892
32,65,9.536961324168881e-05,-626.0645043373091
32,66,0.004154499378305976,-76389.01437559849
32,67,0.00010163046992758635,-569.6695070346409
32,68,0.0002073717694026526,-966.6715082905683
32,69,0.00045840572873629147,-4689.317218592628
32,71,0.00020069194816046957,-931.882195125765
32,72,0.00012923650236535046,-666.6466775631685
32,138,0.0010274976709741049,-7535.294974945514
32,153,0.0007877466307004096,-5832.078030937312
32,155,0.00016300444120691455,-810.905824278895
33,34,0.0007840600307235014,-4730.447718569253
33,35,0.00010735140631951307,-351.97130560794074
33,36,0.0001520434255098976,-492.2322933319249
33,37,0.00032100231696808305,-1008.7435144410692
33,38,7.868358337887891e-05,-196.76679939680756
33,39,5.201518686927655e-05,-132.11337416805983
33,40,0.00028741197591470013,-870.9791031796867
33,41,0.00036749573419442115,-1436.4726242160496
33,42,9.051334733822926e-05,-244.40939371334397
33,43,7.750776673970893e-05,-208.46528849423953
33,44,8.576066404139525e-05,-234.49575463186446
33,45,0.0002098600982718713,-595.2269874700908
33,46,0.0008313789526622422,-4388.821818865297
34,35,0.0006243258537804847,-4376.342630026996
34,36,0.0002569472212375236,-1788.0327962345586
34,37,0.00020162516159172078,-1392.4043031997912
34,38,0.0005254556254175547,-3251.6698591407308
34,39,0.0007474734798967906,-4612.757930923773
34,40,0.00026808638810444486,-1813.3167732308616
34,41,0.00012763767385383777,-984.9883901702012
34,42,0.0005351403369723893,-3427.836903057603
34,43,0.00041258253295447297,-2641.489070248515
34,44,0.0004098219296433342,-2646.256393082931
34,45,0.00030328047755670686,-2020.3218516961813
34,46,0.00102666634681916,-9325.36740531803
34,47,0.001180709894991207,-7873.016214050371
34,48,0.005128205128205128,-24665.182479519073
34,49,0.0004965763866756369,-2962.982095753027
34,50,0.0003542049886007385,-2372.4182601693083
34,51,0.0001642955286481879,-1130.6866805405346
34,52,0.0003077057258105174,-1950.83193143038
34,53,0.0014057922823425897,-11391.833050678146
34,54,0.0014006668772147879,-10547.089402771435
34,55,0.0002736438116445885,-2198.3728557054874
34,56,0.0002804145439673455,-1705.679646987029
34,57,0.0002904220500655315,-1733.313297227722
34,58,0.00026910239550890705,-1746.7170199741638
34,59,0.0001670691273852489,-1383.752914331989
34,60,0.00025774950883509774,-2094.9527074270845
34,61,0.00031818056914566765,-3480.63005003552
34,62,0.00027689312866768616,-1719.167532876373
34,63,0.0005677576315003212,-3459.1077433463806
34,64,0.000261504814171338,-1574.3794134270843
34,65,0.00012415646300475535,-988.3948788934861
34,66,0.002873351466144147,-56638.49549004171
34,67,0.00015787659019696367,-1102.4093904802783
34,68,0.00029407854653256744,-1780.7898710569289
34,69,0.00031261656516255113,-3638.26472947119
34,70,0.0008538733804494873,-6062.146099719204
34,71,0.00035429836577979444,-2133.1991656022965
34,72,0.00016953333590924368,-1110.9731765463962
34,73,0.0015506201453282286,-14739.523403509318
34,74,0.0015875083663354896,-13061.952303232985
34,75,0.001564449744136605,-11710.045693563012
35,36,0.0001298936238450069,-545.3711607831625
35,38,0.00011859113700664006,-402.1558546997095
35,39,0.00015682030919106406,-530.0457672135506
35,41,0.0002491128260081691,-1220.0130935887414
35,42,0.00012949594624691427,-465.4623282299161
35,43,0.0001415971678034295,-504.9384342052055
35,44,0.0001253302335525391,-454.56284832830084
35,45,0.00019737249593382015,-746.1520416771327
35,46,0.0008475069733928451,-5285.658130894303
35,50,9.648627597631005e-05,-373.0445694573348
35,55,0.0007308931372033374,-3772.152462990749
35,59,0.00038271784125459813,-2074.93163716899
35,65,0.0002720046183857875,-1388.133334290801
35,67,0.0001766644297700957,-742.9060397982676
35,69,0.00094534889745988,-8277.411329365234
35,70,0.00030483577316778527,-1322.0137238237623
35,72,0.00021151030570728995,-796.8328406976831
35,140,0.00040306780411480546,-1058.8009642922707
35,141,0.000767915323090835,-1874.7912424984768
35,142,0.0009598726534359481,-2340.6415788948084
36,37,0.0001141384116802506,-463.6063763956145
36,38,0.00010259335581199427,-347.8282329892606
36,39,0.00015258158609674082,-514.207364458197
36,40,0.00010185759812775576,-402.33556911294477
36,41,0.00010547865484446764,-510.9732867543278
36,42,0.00010226343302442573,-368.8585357558459
36,43,8.287216411734978e-05,-298.34659968678716
36,44,8.09825110304075e-05,-296.03193275313583
36,45,8.310860104083511e-05,-319.43500377495695
36,46,0.0005823951297214127,-3579.9666862125277
36,50,5.0223520895458186e-05,-196.80934716638865
36,51,0.00010716501038342334,-431.5742839471622
36,55,0.00031202424689498763,-1593.4265792091687
36,59,0.00012996895375840906,-699.8545770660635
36,60,0.00017699734576781054,-927.4065932117015
36,61,0.0005133535229194789,-4099.472737523735
36,63,0.0001435035632896412,-470.16070191760184
36,65,0.00010961528856447052,-553.9379864971921
36,67,6.886572691076724e-05,-286.3667971189759
36,69,0.000373596564167247,-3253.1126463631344
36,70,0.00017204645765731517,-733.2550326333828
36,72,8.461460130691972e-05,-314.64275574097076
36,113,0.0018125276230400633,-10622.918580098798
36,155,0.00011265257142673525,-397.9702798351174
36,160,0.00019504338279037023,-619.3917815885505
37,38,0.00018923301084139231,-625.830993124079
37,39,0.00024585593778238735,-810.5633861926914
37,40,8.49241277830002e-05,-327.2459108618402
37,41,8.690116249334453e-05,-416.0647543148903
37,43,0.00013714002431698192,-483.73459496981377
37,44,0.00014306903644278416,-511.9515825639781
37,50,0.00012900433146668833,-492.27121124301016
37,51,7.031801222076654e-05,-280.4196862429454
37,55,0.0001832387102753581,-930.0280272614905
37,59,8.315160265931471e-05,-444.6111983211151
37,60,0.00015949061069039827,-825.4750513254282
37,61,0.0003317607305934593,-2636.5401852664145
37,62,5.574603660354857e-05,-186.07345307095233
37,63,0.0001770082286478562,-570.3914356663881
37,65,9.859014051066875e-05,-491.9301614903731
37,66,0.002541256506798495,-42520.76063150383
37,67,7.076105508137555e-05,-289.06507231493293
37,69,0.0004050091629673164,-3495.008590227632
37,72,6.646090787884965e-05,-243.62022296670608
37,138,0.0005353401496492006,-3114.4606855883153
37,153,0.0004254695000335493,-2497.3524840652954
37,155,5.8693135423741904e-05,-203.99508048810907
37,184,0.00024303187727343732,-616.9972807218019
37,185,0.00024303187727343732,-616.9972807218019
38,39,5.626450841033348e-05,-147.79690492404876
38,41,0.00023486701759813414,-955.302835671844
38,42,4.380959661317419e-05,-124.56196667797849
38,43,6.236231029294756e-05,-174.378447872181
38,46,0.000776107126210369,-4197.8897742875015
38,50,7.516054753282652e-05,-231.78972230924563
38,55,0.0006745583553823266,-2916.8436879311535
38,59,0.0003161032384872293,-1451.899442808894
38,65,0.0002718555557576311,-1158.190787440552
38,67,0.0001602832972305421,-541.4493356530859
38,69,0.0009514767047420525,-7528.43475917382
38,70,0.00017863732184933596,-632.8715105918945
38,72,0.0001415882429127032,-419.56089193386805
39,40,0.0002605465421571432,-826.4770574721009
39,41,0.00033780262502494104,-1367.9092373795158
39,42,6.9202157104039e-05,-195.11212895914153
39,43,6.058341481746061e-05,-166.59647088355248
39,44,6.572467239324533e-05,-183.67146612869448
39,45,0.00015374103652201942,-459.81842667364396
39,46,0.001051440705411734,-5672.989505341646
39,50,9.642461665310351e-05,-296.50280186644426
39,59,0.0004435394939447961,-2030.0073811568056
39,65,0.00034889115349762573,-1483.0857812151096
39,67,0.00022966603117131003,-771.7639397473835
40,41,0.0001262870987621688,-585.85710358476
40,43,0.00014848726081175838,-504.98536801491434
40,44,0.00015332917620277466,-529.3981628842877
40,50,0.00014070699178955187,-519.0589452745671
40,51,0.00010362756929376602,-397.7346756401622
40,59,0.00013991561604892547,-725.5398599963747
40,60,0.0001726493555312698,-871.5291895576509
40,61,0.00045201958636259895,-3526.5688143500915
40,62,9.044684386742365e-05,-287.84249583560586
40,63,0.00020416711572954004,-631.1168599437002
40,65,0.0001275343107043004,-618.3255537702316
40,66,0.003259531549006796,-54080.47695687124
40,69,0.0004718113923206882,-4008.566732599256
40,70,0.0002745537668257813,-1119.0245588998403
40,113,0.001425876517079967,-8106.93406187199
40,195,0.0016653303655041638,-3229.0085155782276
41,42,0.0002332401987296098,-999.7918181897077
41,43,0.00017982200324081165,-770.2443601673973
41,44,0.00018032538544642644,-782.1453128277516
41,45,0.00014108475121275558,-637.107414730874
41,46,0.0005796003898642675,-4012.3256538342102
41,49,0.00023886288406541268,-917.3292189627236
41,50,0.00013711376716976637,-629.0619386989836
41,51,5.814615337208627e-05,-277.8704071028856
41,52,0.00013542622032384642,-571.5300169362779
41,55,0.00014661294811637584,-861.6617721873506
41,56,0.00013414090858197722,-530.7561920220442
41,57,0.00014045891268151236,-539.5625699000939
41,58,0.00015254000664736327,-663.8631789760285
41,59,7.37652804868376e-05,-452.9722677252078
41,60,0.0001393350612052194,-831.9136354691179
41,61,0.00029816077773376536,-2605.880379725316
41,62,0.00013157757244644739,-537.2679391434681
41,64,0.00011869938321188469,-462.74124995299826
41,65,4.4213667169750935e-05,-258.00985219741676
41,66,0.002036166231772297,-35701.51134801483
41,67,6.34393906925854e-05,-308.9446893624456
41,68,0.00013956374693904888,-548.4981963542316
41,69,0.0002103188771186108,-1990.482964590682
41,72,7.229322849048781e-05,-320.67978829167265
41,124,0.001192565442411888,-9429.452772108474
41,138,0.0005253300971648515,-3464.9297337322123
41,153,0.00041293188012855175,-2748.680835496945
41,155,0.00010151144598860954,-431.01509081745905
42,43,6.824894465099938e-05,-204.55779078716085
42,44,6.779564989154719e-05,-206.7229520937701
42,45,0.00013191007075226383,-423.03711749039314
42,46,0.0008686812705024687,-4881.090781148383
42,50,7.503925676956981e-05,-247.1593497304818
42,55,0.0006956127348962187,-3159.869696433041
42,59,0.0003351447571187214,-1611.8743990292212
42,65,0.0002507502519617802,-1125.2002971735774
42,67,0.00015873337782263688,-571.0273428574319
42,69,0.0009697388411754088,-7885.679858717685
42,70,0.00013887142643283972,-524.9912161550237
42,72,0.00014484588435828303,-460.62623062918254
42,180,0.0004502120743234857,-922.2267342807695
43,44,4.309855318469026e-05,-129.1792927892886
43,45,8.145435463418573e-05,-262.3127790756001
43,46,0.0009598845764224307,-5364.38346719587
43,51,0.0001591337482380593,-553.2576934730292
43,59,0.0002224099083274666,-1071.516199056718
43,60,0.0003263067935783717,-1522.8548782839382
43,61,0.0007855707608849548,-5834.581293009425
43,62,0.0001467061544001857,-417.9767687938389
43,65,0.0001841222846405104,-826.3163189164693
43,67,0.00012986593070057472,-466.1855439382043
43,69,0.0006956082016997347,-5658.129922930304
44,45,8.006203782433463e-05,-262.1859272888994
44,46,0.0009576304873193642,-5403.909544646866
44,50,5.898440928417069e-05,-197.08686631267784
44,59,0.00021752859841314703,-1060.291162512839
44,60,0.0003196767126824647,-1509.9360226704623
44,61,0.0007693590337798905,-5757.569269547814
44,65,0.00018469368558355723,-838.9601485431479
44,67,0.00012534253567536777,-457.08393774396666
44,69,0.0006851710763108113,-5611.580107814764
44,71,0.0001814026646520477,-493.0615761746321
44,72,0.00011738547879600354,-378.85307986639117
44,155,0.0001394491271602091,-425.3522688772155
45,46,0.0006845442011238032,-4039.397865801032
45,50,7.954254878649215e-05,-278.42368820855336
45,51,0.00012758181286818225,-471.94064011512586
45,59,0.00014717513742248993,-738.7902716173005
45,60,0.00020379613188716713,-993.1823749347731
45,61,0.00040352347193313995,-3086.3886485264416
45,63,0.0001369613492626743,-397.47555994832067
45,65,0.0001133307670454295,-532.1389654069286
45,67,9.629394509939692e-05,-367.777299958489
45,69,0.00048507863803518887,-4041.732604224946
45,116,0.00248255761838139,-16147.263029827605
45,155,0.00011209390147582167,-360.18716233682846
45,160,0.00016538221982952326,-464.93358420837905
46,50,0.0007024356685415103,-4141.696481266365
46,55,0.00046137846564999884,-3372.490632340423
46,59,0.0006968689146191162,-5220.2552403168
46,65,0.0006204002520228194,-4437.183808701027
46,67,0.0004929342874069726,-3060.775510128381
46,69,0.0010461386536160088,-11400.8532533227
46,70,0.0015076643380814681,-9496.058533380754
46,72,0.00048297321774336423,-2792.6818656932055
46,81,0.0013134941099914334,-8416.370926643585
46,125,0.0007919846611893061,-4701.754884916512
46,126,0.0011311563844686452,-5833.353186950855
46,127,0.0022452073937369614,-16161.416408863575
46,128,0.002018169945739244,-11537.54093753033
46,129,0.001261717420258303,-7552.161642526991
46,132,0.003359882957336108,-30543.652819050632
46,134,0.0014052529282555179,-7826.77488206803
46,135,0.0011235508004494032,-6647.964828487103
46,136,0.002771128732858717,-22072.382224663186
47,53,0.00014245153560362128,-714.2309081752309
47,54,8.239847159430688e-05,-370.19963272149073
47,66,0.0008702265586754975,-14481.37221343759
47,73,0.00019731575202146053,-1256.9658640536422
47,74,0.0001375374886570016,-707.9758647577224
47,75,0.00014829914186326407,-654.448205390385
47,79,0.00024743810483547927,-1531.4208171503547
47,83,0.0001870162333658787,-989.847598286403
47,84,0.00011207218759616291,-392.61257230553554
47,85,0.00012503316486471434,-491.3057911742494
47,86,0.00013385912260128284,-567.1273721482621
47,89,0.00028527729487496934,-2253.1728517527986
47,103,0.00010297589939056309,-355.77153646201856
47,104,0.00013505336864115316,-543.2968065762767
47,114,0.000330870824402045,-1130.7770395037937
47,116,0.00024352149575672592,-1620.7375857207455
47,118,0.00021588968598654722,-1186.3247679949707
47,137,0.00010710714964193933,-360.6897498353972
47,138,0.00024949328879782023,-1437.6051856014092
47,139,0.00017138404792807,-575.1273217538071
47,156,0.00029214156484706115,-823.7750737008771
49,51,0.00016123618281521594,-492.4478560022489
49,52,0.00013616755648952945,-350.27196462433653
49,57,0.00012023926774438196,-265.2150762393587
49,61,0.000844140777139086,-5905.488036960566
49,64,0.00011476856601837401,-258.63319200969926
49,65,0.00026367439259743664,-1063.8160461649513
49,68,0.00012521298176771764,-286.8431129704833
49,69,0.0007776375121933396,-5987.591852067338
50,51,0.0001177223707827608,-445.4008390251493
50,55,0.0004565538822833205,-2209.0841278572457
50,59,0.00015718283235307472,-806.5383325902301
50,60,0.00022851640994952109,-1138.262267988494
50,61,0.0006583589572858483,-5087.5449103399715
50,63,0.00010093270719737317,-300.4097748640322
50,65,0.00013300152381308432,-638.3610915661192
50,67,8.013965706127523e-05,-313.3672668900188
50,69,0.0005506227299953888,-4646.631953155303
50,70,0.00018303491018186187,-735.9239444933156
50,72,9.244259177152646e-05,-321.2606881202351
50,155,0.00011641606623175633,-383.43218428586
50,160,0.00012960110727714598,-373.62987262802346
51,52,0.00011268009399538245,-385.1640843436468
51,55,0.00018031540450963375,-908.2408320056281
51,57,0.00010749826294877024,-327.41026675421915
51,59,9.114862116983824e-05,-483.1062049996478
51,60,0.00011959790896856581,-616.8773342543083
51,61,0.0002717996358105963,-2153.3541089103283
51,62,8.383304761289715e-05,-276.77056710976046
51,63,0.00016585103873066286,-528.7264434799381
51,64,9.335197356982276e-05,-289.4536785617563
51,65,6.540054111528983e-05,-325.77645069239526
51,66,0.002225424782674739,-37170.27203141567
51,67,6.527989916732496e-05,-264.5024225281625
51,68,9.845035665747533e-05,-309.18915414383036
51,69,0.0002728469500362348,-2351.9070514619675
51,72,7.876817011445882e-05,-284.6205720834972
51,138,0.000508274645137684,-2938.987039842876
51,153,0.0004196160857102845,-2446.750149091251
51,155,6.154367176021405e-05,-213.42746074386702
51,160,0.00020538393967488509,-635.3183362573353
52,56,7.92950147795213e-05,-212.98006148333252
52,57,5.1730284068064537e-05,-134.83182415219306
52,58,0.0001040697688216333,-319.53864098319366
52,61,0.0004329006816476388,-3197.9559657264003
52,64,4.6171468851881224e-05,-122.78418468065423
52,65,0.0001612709936725325,-711.6134461322881
52,66,0.002102882511186986,-34081.74153236166
52,68,5.582286318964675e-05,-150.09979793094152
52,69,0.0003262774870813667,-2644.961844458039
52,124,0.0010310932208201196,-6798.937960532591
52,182,0.0004714720220596202,-946.1804624011353
52,183,0.0004714720220596202,-946.1804624011353
53,54,9.070242704024431e-05,-535.5900187922642
53,69,0.0013418167365815005,-13167.93607791445
53,73,0.00011063858935008178,-866.6272921608145
53,74,4.479925323619105e-05,-297.95160773526266
53,75,0.00011589067836907693,-678.0531223980488
53,79,0.0001649172177582084,-1259.7688232716132
53,80,0.0002441600507487461,-1232.7312346287365
53,81,0.00035291221706455463,-1939.8050633006349
53,82,0.0001545624176716259,-783.3332627570704
53,83,0.0001472321292914897,-990.8812135387518
53,84,0.00013798892539611216,-677.1033802383845
53,85,9.109639115819817e-05,-489.4083749531316
53,86,0.00017015555217309163,-959.352003484236
53,87,0.00014962920211387175,-836.5074199609916
53,90,0.00024821076537224227,-1548.420807587466
53,92,0.00024453219658412197,-2259.730700780678
53,96,0.000261965277824075,-1822.1410327284661
53,97,0.00023036141645604882,-1174.1385070378346
53,98,0.00045667393989540163,-1975.015655393514
53,99,0.0001496585565523727,-960.2075418037342
53,103,0.0001671188776587815,-808.51245090309
53,108,0.00019914523781784443,-1648.9004433638922
53,109,0.00015745670908081286,-852.4330786522252
53,110,0.00013386040883714304,-1000.2683420337527
53,111,0.00019741680017053344,-1353.751672501156
53,113,0.0002072169695869762,-1483.1138985386074
53,118,0.00011162748848524559,-779.0449577488419
53,137,0.00014115123941906775,-672.7548277000074
53,138,0.00022435193842890278,-1619.6004500797617
53,139,0.00021311319282158578,-1014.1564924861415
53,152,0.0003386998797408732,-1837.053774369696
53,153,0.00038636326658531716,-2763.5142251650354
53,154,0.00026056166951972983,-1721.481712675496
53,190,0.0004287505489193536,-1638.7553457870722
54,66,0.0007896201698148183,-13836.848053477308
54,73,0.00014652178573804086,-1062.2643051509222
54,74,6.812590706712745e-05,-412.6644267258922
54,75,0.00014360833743364554,-757.2025972888644
54,79,0.00012751105350761101,-904.819646844435
54,80,0.00016073163828120627,-726.2055951989663
54,81,0.0003649694480534272,-1797.8944398942165
54,83,0.00011367598631525356,-703.3567114151975
54,84,0.0001436646064779646,-623.7734555194991
54,85,0.00012496467800260618,-598.1687704088971
54,86,0.00012441308700273193,-634.4427985936823
54,89,0.00022367115053096784,-1966.4837512391423
54,90,0.00021411854588839442,-1214.0796660094368
54,92,0.0002513208869175287,-2179.226167354547
54,96,0.00024523965222296884,-1564.9089706531001
54,97,0.00015785729538238827,-720.3336358908178
54,98,0.0003077796902223417,-1167.1874777545531
54,99,0.00011801709971201561,-692.9641304244354
54,103,0.00014160512486558429,-607.2459424895623
54,104,0.00012411956940932647,-606.4991652357469
54,108,0.00015469532998961175,-1196.8397323719432
54,109,0.00011226671559798949,-547.5297193479216
54,110,0.00014781584569007733,-1020.3725500718452
54,114,0.0004477217834238299,-1903.7973354619205
54,116,0.000186273115969879,-1403.147919809466
54,118,0.00014096329610462492,-901.2408816298206
54,119,0.0002057709083734281,-830.347423590202
54,122,0.000279714589951434,-1697.2260123496276
54,123,0.00015887731131090078,-801.1281204127768
54,137,0.00012782383358816667,-538.3398785312137
54,138,0.0002790232081545672,-1849.5386990203765
54,139,0.00022020001308511932,-923.5784786000557
55,59,0.00012941435928229958,-827.4641799211037
55,60,0.00018473896706503704,-1153.7308942069808
55,61,0.000251152735317917,-2272.711890789042
55,65,0.0001518479450587686,-916.7615241480388
55,66,0.0010153295139888106,-18157.17938780406
55,67,0.00014207303990284938,-732.2256949183725
55,69,0.000313761354578692,-3052.8040929654144
55,70,0.0008245755294042243,-4326.228240977531
55,72,0.00011954158038140915,-566.445430770458
55,88,0.0006901873498991148,-5112.472871917284
55,89,0.000873730361320904,-7921.704510096093
55,120,0.0013650439636210454,-8464.994465653806
55,124,0.0005604716648942922,-4629.911011216076
55,137,0.0008871389022349117,-4017.197220716463
55,138,0.00024833160165551796,-1742.384836120362
55,153,0.00019010224961823541,-1332.9881357696906
55,155,0.00016994479683663611,-772.5235857784329
55,188,0.0005645562712970657,-2538.408464550894
56,57,5.505639180947907e-05,-128.69307407244534
56,58,7.154649214088475e-05,-202.80076900992466
56,59,0.00018478940580611826,-827.7610993318918
56,61,0.0003592429504313175,-2563.040349036398
56,64,4.8137157707103666e-05,-115.13962595201625
56,65,0.0001564001653973243,-648.7331104254774
56,66,0.001966566013645759,-31357.497838740295
56,68,4.925622907955653e-05,-119.893639973804
56,69,0.00039734610335513123,-3109.0129760837285
56,71,9.626870467662216e-05,-227.47297689280433
56,124,0.0009973168795993025,-6312.5042447683845
56,160,0.00023424691743302017,-544.5063743777633
57,58,7.885847835415243e-05,-214.13003638398325
57,61,0.0003834411903575806,-2690.4636457308097
57,64,3.190474877861172e-05,-73.73916521039119
57,65,0.00017116699391908906,-689.4706765323659
57,66,0.001865359157426253,-29540.56410029484
57,68,3.172085646312451e-05,-74.72095058030699
57,69,0.0003780274799863225,-2916.597321686973
57,124,0.0009306068847445965,-5790.07660441803
58,59,0.00019473564456753175,-951.2310905004967
58,61,0.00028653950529127696,-2166.553528043922
58,64,7.26848511656011e-05,-201.0323193105945
58,65,0.00017115421796108448,-778.7977049210089
58,66,0.0011668334020654466,-19129.605846891758
58,68,8.424667972556452e-05,-235.76864131176973
58,69,0.0003094326672886621,-2553.690530424332
58,71,0.00014193813352135105,-388.71172507712834
58,83,0.0006401544688739979,-3254.000645408624
58,121,0.0007113364757258902,-3734.2031447259424
58,123,0.00038526147125432893,-1532.884195513715
58,124,0.0006298696981090191,-4266.655205852395
58,188,0.00030918607773064546,-947.4593211122374
59,60,0.00011334773901036638,-736.038604630195
59,61,0.0001815905645155277,-1686.0703330455592
59,62,0.0001297303936274907,-601.0315010572372
59,63,0.0003018104987324656,-1359.92145492318
59,65,6.333020181416684e-05,-399.9499557122965
59,66,0.0019318188051060238,-34859.61087497596
59,67,6.373652267232372e-05,-345.8496142991218
59,69,0.00025656572515059896,-2554.4151173715345
59,70,0.0005480834397346754,-3009.7547833064873
59,71,0.0002225741821354227,-983.9351370866262
59,72,8.057579012567934e-05,-401.2457950599814
59,88,0.0011600101803071452,-8791.460277574208
59,89,0.0014295520980532393,-13209.054998688116
59,138,0.000482173666112948,-3460.435443754777
59,153,0.0003586545898719359,-2573.1772766787044
59,155,0.00010620633495825882,-509.0219266718334
59,160,0.0003645855751173118,-1608.6104252510138
59,184,0.0005404055007077719,-2064.7138779449424
59,185,0.0005404055007077719,-2064.7138779449424
60,61,0.00028912944192561595,-2639.157847029936
60,62,0.00018017620741608427,-808.325862138361
60,63,0.00040610270360726824,-1771.2898095645671
60,65,0.0001193639471773722,-733.5334160420799
60,66,0.0022921280252388666,-41052.89616039357
60,67,0.0001089063517050167,-573.2587144288185
60,69,0.0002989454575480909,-2936.536794623985
60,72,0.00012523172319727085,-604.1820336038603
60,83,0.0010948623343929786,-7236.668227061361
60,88,0.0012359483511276553,-9210.806572375437
60,92,0.0023465517354456233,-21469.694991917437
60,101,0.0009464508313860935,-4946.042279045528
60,138,0.0005686431026232797,-4004.737828781128
60,153,0.00044049326916488084,-3099.8856269171147
60,155,0.00013611541766489236,-633.2479603425144
60,160,0.0004667719451297401,-1993.9393535027632
60,179,0.0021349673800877844,-7697.251125686048
60,180,0.0022896149365372333,-8395.576676904162
61,62,0.00034861016729100924,-2532.045981834913
61,63,0.0008631931164714679,-6155.814003832951
61,64,0.0003646418469123194,-2576.2654728176935
61,65,0.00021743674606583994,-1941.038621145461
61,66,0.0010302287737645704,-21427.643699033633
61,67,0.0003391452244044801,-2714.6367229346433
61,68,0.00037448560964068665,-2661.665024722134
61,69,0.00033403134413991284,-4222.792810038913
61,71,0.0005437152286756016,-3837.7189460152745
61,72,0.00035299727249926677,-2673.143093901511
61,73,0.0007563715858446439,-7994.322693303924
61,88,0.0006595943630487392,-6812.175654801529
61,89,0.00079058755702171,-9480.066887282712
61,93,0.0013398221655999312,-10242.114585345773
61,101,0.0007032165900836457,-5679.173223398436
61,104,0.0009590394350104655,-7793.061730049581
61,108,0.0010382966438928875,-11469.27083298134
61,109,0.001105697002239272,-8953.705247966043
61,110,0.0013098708353915481,-13326.519771064477
61,116,0.0008321923029621293,-9045.183345157546
61,123,0.0005793405164436945,-4833.1878226970775
61,138,0.00033026437313470806,-3273.4347831169102
61,143,0.001183926217436914,-8281.442138035094
61,153,0.00029777157381605013,-2946.3426296074654
61,155,0.00032141292866093096,-2382.959080470497
61,160,0.0010103917513889843,-7113.295377782559
61,184,0.0007276385762809847,-4732.4359689504645
61,185,0.0007276385762809847,-4732.4359689504645
62,63,0.0001550633403732496,-396.851617600415
62,65,0.00014039986013306385,-601.2705180763926
62,66,0.0023930439926744588,-38424.40308133117
62,69,0.00047332313718144393,-3756.9898507119674
62,153,0.0004959180427800297,-2567.794101493309
62,184,0.00013092094272568658,-251.21757342436857
62,185,0.00013092094272568658,-251.21757342436857
63,65,0.0002683787611550365,-1119.2802006028037
63,67,0.00019092850595766296,-625.2889509452625
63,155,0.0001536499759031535,-415.3232811742227
63,160,6.126024079941243e-05,-146.4673223798951
64,65,0.00014307956907950496,-584.6924481949167
64,66,0.0018446868895730317,-29297.26486903764
64,68,3.599732790019393e-05,-86.04361428865599
64,69,0.00035002844598163184,-2718.2901986390902
64,124,0.000934551214500973,-5856.113180251172
65,66,0.002084184986626489,-36879.31589361406
65,67,6.216655466841368e-05,-316.04341810059026
65,68,0.0001691314583875464,-696.4939705941573
65,69,0.00020249511859488567,-1950.0168787523141
65,70,0.000428928852898878,-2214.3399939336355
65,72,7.764219178113986e-05,-360.1229855212324
65,116,0.0016478264941085013,-12798.111509382225
65,138,0.0004985239345062264,-3404.8505083639247
65,153,0.0004196855634609011,-2861.494783788335
65,155,0.00010617747405812633,-472.32591983750496
66,67,0.002529002552022076,-42465.664023530226
66,68,0.0019402134941655664,-30893.004942059357
66,69,0.002357970734053684,-50538.89504041
66,71,0.0032062988761441613,-50862.75227627674
66,72,0.002319298474523925,-37965.749491306655
66,73,0.0003979965530929179,-7784.4485353408645
66,74,0.0006856676059216833,-12507.73881325693
66,75,0.0006603524428442372,-11556.552342070687
66,79,0.0011143007301581524,-21520.160203494735
66,83,0.0006138859376419476,-11308.999534583976
66,87,0.0009423191462545515,-16344.365244955845
66,88,0.0004112746966276086,-7939.506381196333
66,89,0.0005033964491583211,-10554.395842499027
66,92,0.000880139779280774,-18583.265525457995
66,94,0.0011278948709392558,-18597.6606616804
66,95,0.0011364955748774579,-18666.37256040963
66,99,0.000952584739340624,-17212.304611932916
66,100,0.0011364754947113197,-22993.68811712512
66,101,0.0005877613002818992,-10009.81092178419
66,102,0.0010966348438323787,-18398.400463022754
66,103,0.0012235379348420226,-20124.169439302936
66,104,0.0008590248813446182,-14667.867068159443
66,105,0.0012284920658613002,-20165.774373766348
66,106,0.0011318181520366664,-18639.66020654989
66,107,0.001534558245735286,-25009.78938954777
66,108,0.0005179374302636679,-10379.516734205148
66,109,0.0010351706911216484,-17642.961701626315
66,110,0.0007817482936614973,-14973.66281588186
66,111,0.0009427295106029705,-17479.64672302241
66,112,0.001467583093216228,-23727.58731058162
66,113,0.0005846138477242986,-10998.818058551557
66,114,0.003485448133360178,-57226.276526521055
66,115,0.0011318181520366664,-18639.66020654989
66,116,0.000638706444311491,-12665.566603131416
66,117,0.0011040258265607398,-18252.726315965756
66,119,0.0007773926204998206,-12634.573099482617
66,120,0.0010903690538718153,-19842.445705492322
66,121,0.0006582658511642902,-12327.975988950006
66,122,0.0007070264030516203,-12979.678802686185
66,123,0.00045661129127390175,-7900.04358932663
66,124,0.00026806827757099895,-5408.225587470831
66,133,0.0011993701755807465,-19755.730987959218
66,135,0.0020508071231134855,-34345.55616037298
66,138,0.0005118551722357847,-9632.482145802103
66,148,0.0024739471979305767,-46915.32798530216
66,150,0.004165500481115252,-62300.737240630646
66,153,0.00042155797008099397,-7928.985013264085
66,154,0.0009204627937527402,-16961.14668731714
66,155,0.002358940731148489,-38220.37387240969
66,156,0.0015851616982385595,-25139.270044605644
66,157,0.0013483613163075346,-21857.26657321935
66,158,0.0009957063308387423,-16942.041288970773
66,159,0.001230364287445486,-20378.211117228137
66,171,0.0019831732017175094,-33288.024862375816
66,172,0.001975743923036432,-33296.27496726364
66,184,0.0028072652612388177,-43067.153182672126
66,185,0.0028072652612388177,-43067.153182672126
66,186,0.0015692253513440286,-24861.754772243177
66,187,0.0022798160825712,-35325.9485210011
66,188,0.0007855337999468893,-12826.76782989284
66,191,0.0024443685939666824,-38370.08250210673
66,192,0.0017494677906459055,-28429.6038190421
66,193,0.001445546852271518,-23355.17695418232
67,69,0.000279206609364696,-2433.7899223890154
67,70,0.0002680138184329646,-1141.2616330226838
67,72,4.1203441771366e-05,-154.92932118104977
67,138,0.0005226564725501788,-3072.098519841465
67,153,0.0004368887690642793,-2589.2356844085916
67,155,6.548636241733073e-05,-233.18962542564992
67,160,0.00023870360610552774,-758.9890084862947
68,69,0.00038174722521857024,-2979.020332113068
68,124,0.0009824359544484697,-6196.003045684525
68,160,0.00023160245491407938,-533.088482240852
69,70,0.0012438507672895385,-11028.628152979927
69,71,0.0005027343032116223,-3902.1768837217924
69,72,0.000308179249309728,-2551.9313737301545
69,73,0.001355915797687209,-15216.46603060753
69,83,0.0011943525846746072,-12096.41141557434
69,87,0.0014625573055492176,-13138.490331154353
69,92,0.0023959004107892328,-30449.516349514954
69,113,0.0010352957654715536,-10898.585345870815
69,118,0.001920456924751499,-19889.609065545123
69,119,0.0011525763523695027,-9196.741059866377
69,123,0.0010502323613110073,-9446.51187726275
69,124,0.0011701865471296714,-13830.495622522909
69,138,0.0005813501515229638,-6142.503076912709
69,140,0.0025331723639808127,-18051.7274730011
69,153,0.0005818686203518458,-6133.490716792241
69,155,0.00038746617963180373,-3137.4361126136646
69,182,0.002021357226401166,-14559.33242389433
69,183,0.002021357226401166,-14559.33242389433
69,196,0.00510204081632653,-33497.728713135606
70,72,0.00023795286081688,-913.4358450507224
70,113,0.004201911807187318,-25289.426681702626
70,179,0.0005856067828656396,-1583.81153704022
70,180,0.0005359890007091774,-1488.329780243824
70,181,0.004520052035655808,-11504.948453217417
70,189,0.0010769006227783222,-2602.319499679537
71,141,0.0011586025829499187,-1713.6691926223834
72,138,0.00045859538368812143,-2505.551206155123
72,153,0.00038371801697059974,-2113.4672425901595
72,155,6.0294512211993424e-05,-189.50108114386094
73,74,0.00011236048120043364,-894.7075817340236
73,75,9.81634319927965e-05,-711.1060890271553
73,79,0.0001542289795132345,-1391.8679858243984
73,82,0.00019045862049463778,-1225.2783382737387
73,83,0.00016804049912429457,-1361.3018449799324
73,84,0.00020968691981832586,-1311.9015856686228
73,85,0.00015444559423804193,-1036.9110847081392
73,86,0.0002471825795056684,-1728.0529029972122
73,87,0.0001486509228207391,-1038.5071936776335
73,88,0.00015580771237473274,-1393.1352907547773
73,89,0.00016778596138402192,-1811.6053025448257
73,92,0.00014836140916116834,-1583.6133210750993
73,93,0.0003355465333223809,-2116.6874911136138
73,96,0.00025536207492424587,-2140.3561901679086
73,103,0.000212184320384522,-1315.7426735871763
73,104,0.00022210989107945543,-1507.1832449875296
73,108,0.00013250929379254273,-1284.1830508440983
73,109,0.000221937978569667,-1502.2827185553415
73,110,0.00010393157411387924,-922.1117324987292
73,111,0.00011327782513967355,-937.9173094532492
73,113,0.00015211029115787654,-1304.4784792526566
73,116,0.00016442732146092082,-1559.5944412686197
73,118,0.00012060643729768147,-1009.2707534441705
73,121,0.000271053456804952,-2287.1723591002196
73,124,0.0001758800038764235,-1715.3069144498434
73,137,0.00026192371762951593,-1597.9379709559962
73,138,0.00023131776245752144,-1995.4037190038339
73,139,0.0003420277162370561,-2087.8112132315778
73,143,0.0005692778369755304,-3201.086629867717
73,148,0.0005888646285974394,-5029.626613638762
73,154,0.00022532115815573122,-1805.4956212296881
73,157,0.00031541753731885366,-1875.4978961091103
73,158,0.00028152584244910475,-1891.9545862286943
73,159,0.0003140720292031346,-1973.901320778793
73,192,0.00037442358872447334,-2205.6911147668175
73,193,0.0004489286214105006,-2636.2636188459123
74,75,0.00010988670363664527,-657.7614023715803
74,79,0.00013653322131562838,-1062.7704941302316
74,80,0.00021446606180519382,-1112.9945696928564
74,81,0.0003614397083051238,-2033.8746973715977
74,82,0.00015122629870608742,-786.4880411504228
74,83,0.00012873114441483698,-884.5307374304172
74,84,0.00013880632945968615,-699.2408974275
74,85,8.852569932165494e-05,-487.3869178659711
74,86,0.00015286611600259014,-883.1294409850033
74,87,0.00016256176106446056,-929.3091501757032
74,90,0.0002385666668638447,-1521.224311395994
74,92,0.00022945402633267834,-2151.8748817153837
74,96,0.00024005527543863965,-1703.7993306137307
74,97,0.00020746019403089822,-1086.2228001509736
74,98,0.00041771891982643586,-1864.0668431955637
74,99,0.0001241219603651041,-814.3678573743833
74,103,0.00015028011828088582,-747.9339666873159
74,108,0.00013358995672235651,-1127.6085382775293
74,109,0.00014366765132626665,-797.5933340234276
74,110,0.00011937818070275776,-908.7161248756009
74,111,0.00017702822889538965,-1238.581849936301
74,113,0.0002312540963509414,-1683.8500393122988
74,118,0.00012615658649331427,-895.976956282928
74,119,0.00023621634778755993,-1114.4799342601125
74,122,0.00029985156890418284,-2032.116711873648
74,123,0.00019161554760699663,-1096.3249543363502
74,137,0.00014937786011121453,-730.9040354657342
74,138,0.0002411857963035048,-1772.0499909494367
74,139,0.00021718034952184165,-1061.6610950670515
74,152,0.00031492406182321913,-1751.52424734382
74,153,0.0003647977791551341,-2659.6589157227404
74,154,0.00022345439945912246,-1508.5012896015105
74,190,0.00042239653870637596,-1670.2886538247535
75,79,0.00020740963432805924,-1456.8070924588772
75,82,0.000133338400037042,-597.5320219516453
75,84,0.00010943453578201566,-473.46740863400487
75,85,9.769754955161111e-05,-465.95603150906294
75,86,0.00019768943519855446,-994.1890548330251
75,92,0.00025150584869516884,-2171.7281622786527
75,103,0.00013851342919415146,-589.263118093621
75,110,0.0001398051912538081,-960.6584678041867
75,111,0.00010096623742082486,-637.0694808983434
75,113,0.00015378933567319035,-1011.2960955194816
75,118,0.0001696937286979186,-1076.414042681195
75,124,0.0002199943466836114,-1706.5551112756286
75,137,0.0001563444636618186,-650.5073118620663
75,138,0.0002714594728868162,-1790.0618936554367
75,139,0.00018087112304046314,-754.8188329261786
75,148,0.0003481070696608204,-2291.1752367271406
75,157,0.00014576565746009427,-586.7356872300767
75,158,0.00018714307062628782,-893.0941022285247
75,159,0.0001634534495391358,-711.8545192392718
76,77,0.006412214644311832,-320.8995442850685
76,78,0.00805670577409708,-545.751870837386
77,78,0.0008440834527791049,-89.20289186916945
78,181,0.0025481960263717155,-954.9232195855816
79,80,0.00013857947306706802,-874.1427908854434
79,81,0.0005380207195275031,-3601.4413115516713
79,82,0.0001622760103330003,-1019.2598987528514
79,83,0.00016580139672392287,-1316.0931575991933
79,84,0.00023956628531657744,-1457.0977991513685
79,85,0.00016443329434998922,-1076.183082279962
79,86,0.00015318875571651054,-1051.266518726835
79,87,0.00019767877152396617,-1343.9538509684726
79,88,0.000162112765502608,-1422.399303507137
79,89,0.0002090971759836708,-2219.0672676525423
79,90,0.00024595670867058264,-1843.1145755470393
79,91,0.0005675872648817179,-2957.8676901921285
79,92,0.00020963793705419158,-2197.4026942767714
79,93,0.00021289437011941739,-1315.2567920830934
79,94,0.00019890135208069015,-1208.5003305023115
79,95,0.00020784241292930985,-1249.1619350003434
79,96,0.00023946069641950004,-1967.699880610546
79,97,0.0001327990248821929,-843.9099701456485
79,98,0.0005056520610686413,-2798.1553021147365
79,99,8.08418409505906e-05,-620.760971293196
79,100,0.0004370585082862071,-4273.756542086021
79,101,0.00019890519240482147,-1304.3448037237283
79,102,0.0001229276710536,-785.7854562767496
79,103,0.0002777601091327207,-1671.145255550136
79,104,0.0001088749373861999,-726.7265950011333
79,105,0.00016689674352243368,-1005.2445279149897
79,106,0.00020126576610082794,-1218.7875996166354
79,107,0.00016224072932183382,-961.5956463402434
79,108,0.00012650723674687982,-1205.6732884599073
79,109,0.00011929660480248975,-793.4592831406086
79,110,9.303180063188002e-05,-810.8952172143647
79,111,0.00018073050965572806,-1460.4006846801917
79,112,0.0003642234162672223,-2089.112253113204
79,113,0.0003766897736230125,-3142.0788814823363
79,114,0.0006729210086439684,-4037.7465435573667
79,115,0.00020126576610082794,-1218.7875996166354
79,116,0.0001670100086674259,-1556.4616052656258
79,117,0.00019897487047589697,-1217.2102587854295
79,118,0.00013742571751554507,-1125.8532455483805
80,81,0.000312325661974791,-1295.5074823743066
80,83,0.0002654646355438752,-1418.1054432608646
80,86,0.00013481319013413886,-575.3688834240405
80,88,0.00032708733723170615,-2015.1931862963252
80,89,0.0004943098611348528,-3921.406808575373
80,90,0.000350349074628906,-1690.7058456987188
80,93,0.00011068555883511515,-401.72033167886286
80,97,2.8271239411135784e-05,-109.42514829325646
80,98,0.00011354513507637627,-346.769495351317
80,99,0.00010404497183842394,-525.1633803081494
80,102,0.00010857022028041206,-417.01956828850246
80,104,0.00012543837914715254,-509.55393476631497
80,105,0.00010683024760302563,-369.7117929377041
80,107,0.00011234783541578714,-377.45715984955956
80,108,0.00027178746026039436,-1878.7734776274324
80,109,8.838010969290033e-05,-359.8333030927417
80,110,0.00026320595113532184,-1599.7387401600815
80,116,0.0003203768730574341,-2149.8061779866584
80,118,0.0002404071774201525,-1337.398541206572
81,83,0.0004582130130498652,-2648.1440165345753
81,90,0.0002762702230775318,-1457.8553061024397
81,97,0.0003161415637017804,-1325.009781205232
81,98,0.0004117406455237571,-1403.3269443044112
81,99,0.0004124410974056714,-2256.5303189605297
81,108,0.0005119239237762037,-3767.575292048826
81,109,0.0003870352216355722,-1728.9632325697094
81,110,0.0004969087168324578,-3237.884009046062
81,125,0.0003077526446834231,-1283.405448912612
81,126,0.0002071106807790352,-698.285212140014
81,127,0.0003584618287394717,-1936.4397514859168
81,128,0.0006211430602424429,-2414.242251394739
81,129,0.0003793278658020739,-1575.940114966395
81,132,0.0005448673036521322,-3904.541655040092
81,134,0.0004287774589559246,-1604.3793196562199
81,135,0.0002658579283943904,-1075.5308239690403
81,136,0.00048105122380492893,-2960.81567667404
82,83,0.0002379346227316416,-1269.414550017585
82,84,6.470016607380102e-05,-228.52574299048632
82,85,8.614236489028969e-05,-346.0884005635268
82,87,0.0001208908935907766,-511.8050973549446
82,89,0.00048387512625630536,-3831.9906849560093
82,91,0.0002267916861339328,-613.3390370812398
82,92,0.00028521281137762315,-2240.7265117154257
82,93,0.0001202081974404743,-438.1828697515467
82,103,0.00011744448678616241,-411.688136611361
82,108,0.00023112154356268893,-1596.9944663302167
82,109,0.0001208316036592266,-492.34161578515045
82,110,0.00012684314025909765,-775.9664547948236
82,111,0.00019690805833517394,-1082.7074564762256
82,113,0.00032216287420870025,-1852.7106962639446
82,116,0.00030345027497289957,-2032.896108785147
82,118,0.00015110116258425213,-843.5980528152614
82,124,0.00047415652075261333,-3289.980564213097
83,87,0.00017741164369509152,-1043.2029148960494
83,88,0.00016786836478073792,-1318.4875222940886
83,89,0.00019579778326071605,-1895.5865672370685
83,90,0.00024122703357955705,-1579.85944794471
83,92,0.0002045057272293875,-1954.4686562758754
83,97,0.0002524148435152316,-1360.381921049621
83,98,0.0005283265741163711,-2437.298951880953
83,99,0.0001528697683038755,-1026.3328732809143
83,101,0.00020214633338006547,-1139.9399536407582
83,102,0.0001584392749610268,-864.4488826204392
83,104,0.00016903781053735615,-967.6913404641031
83,108,0.00015941914208286132,-1370.3549255569105
83,109,0.00014483784105962408,-828.3842809577035
83,110,0.0001605263838942978,-1245.4028701721668
83,113,0.00023866126086751814,-1777.8084476612296
83,114,0.0005449346185267188,-2778.565495349544
83,116,0.0001874427339167279,-1573.337963615962
83,118,0.000174820815031112,-1267.0149867954121
83,121,0.0002645177212977193,-1937.5069877592766
83,122,0.00024247076236223172,-1689.3136382700413
83,123,0.00011798699672201592,-699.2071978568932
83,124,0.0002691793338212555,-2325.532922563137
83,135,0.0008497557558881573,-4448.514471962065
83,137,0.0002703836843210442,-1356.4871922788543
83,188,0.00036916438472381265,-1819.3943127848395
83,190,0.0005395251117757246,-2214.3890014815124
84,85,5.193483194302636e-05,-201.81360017962857
84,86,0.00011711183587555606,-484.5457175176824
84,87,0.00014688992761900907,-594.5357071953846
84,92,0.00035357258583018733,-2711.439957273312
84,103,8.186206326502757e-05,-275.2848014720501
84,108,0.00029213057211178756,-1963.875174817589
84,110,0.00018451807329429882,-1092.316976469112
84,111,0.00021691473415475795,-1154.3491626432615
84,113,0.00032710375707964634,-1824.6885536594784
84,118,0.0001466756584332511,-794.0827476870861
84,137,7.831836739924367e-05,-257.0179241197861
84,138,0.00068668771345751,-3827.007959929409
84,139,8.9974965741241e-05,-296.444028112577
85,86,0.00010235352620218094,-468.9772529739972
85,87,0.0001410385022506984,-633.1861052228643
85,92,0.00027499818759114025,-2234.7996946453877
85,96,0.00035267645702214003,-2047.0363420791884
85,99,0.00013938965256380954,-742.5421318858091
85,103,8.562307731290315e-05,-324.83786196600835
85,108,0.0002204927327216309,-1582.7075723157539
85,110,0.00015139231533111571,-964.2240363832644
85,111,0.0001329164588068494,-769.9500495620207
85,113,0.0002902130440429817,-1748.8991698348887
85,118,0.00012231072736076465,-717.5360896422687
85,137,9.010731991611355e-05,-333.9011442229421
85,138,0.00039125655127818774,-2370.8401370804086
85,139,9.535273727411748e-05,-355.1678899631621
85,152,0.00019369388753517723,-844.6152126244997
85,153,0.0005771647953423401,-3465.8754661419302
85,154,0.0001829531127670911,-1011.3668907959294
86,88,0.0002540841856205007,-1713.0657916109708
86,89,0.0003496318874267963,-2983.558181903784
86,96,0.00034547741354600854,-2117.1194425500953
86,97,0.00013537159973226414,-583.5679549627819
86,99,0.00013019894096231242,-727.4516874380763
86,102,0.0001676487350345589,-732.7353917751904
86,103,0.00013162039098803445,-530.8031479935053
86,104,0.00015486234230045677,-712.8242171348527
86,105,0.00014334540471677611,-572.7130964457901
86,107,0.0001568759771469403,-610.4612058911116
86,108,0.00023763778301804422,-1778.6934153196387
86,112,0.00022136678843779345,-827.1536360699197
86,116,0.0002666274842580616,-1942.6944818038007
86,118,0.0001744256852836362,-1073.6489128669184
86,127,0.0005922621649582415,-3294.9108205328853
86,137,0.00013405268569477387,-534.6422869746838
86,138,0.0006263075784917695,-3972.377648666614
86,139,0.00011236317254062539,-447.67875731306344
86,163,0.00046168617607338097,-2272.6259046832884
86,164,0.00047511328301201247,-2390.4165275671426
87,89,0.00030838169687492185,-2625.1165172804585
87,92,0.00015263708239208053,-1277.8630778136967
87,93,0.00018796943389081755,-773.8027868750487
87,102,0.00015404682486520025,-663.4254456132937
87,108,0.00019416219658700056,-1448.8460411325702
87,110,0.0001516701160029451,-1006.3144326854291
87,111,0.00018570270305838074,-1119.313353234983
87,113,0.00019109680782755737,-1208.1859849755594
87,116,0.00025148166601284195,-1823.342593405974
87,118,7.989441649182588e-05,-487.31500480012164
87,124,0.00031296515890647295,-2350.187841872527
87,132,0.0008629898044788169,-6179.264262413819
87,175,0.0007319399272543064,-2613.4161073076325
87,192,0.00016248925450931497,-593.749808884138
88,89,9.425013729561635e-05,-998.0393233643038
88,93,0.0003038869289267651,-1844.2238956956062
88,94,0.00016247174699835127,-976.2083145091239
88,95,0.00016848499678303997,-1001.3591537157617
88,96,0.00023770791395656376,-1933.196553885488
88,97,0.000319171924093501,-1980.9655372535035
88,99,0.000139895039591545,-1056.9204426089545
88,100,0.0003022990213059471,-2938.8895377400954
88,101,9.517185015495498e-05,-621.4982701948849
88,102,0.0001734027582228062,-1089.6542685706454
88,104,0.0001308401537341209,-860.7406123739032
88,105,0.0001942362400222028,-1151.6743890713608
88,106,0.0001637184563140868,-980.4325747057159
88,107,0.00021071112266663402,-1227.359874804052
88,108,0.0001507543236842812,-1422.3355371298335
88,109,0.00019545295079420195,-1276.6262854810009
88,110,0.00017431451690875667,-1496.7960360074185
88,112,0.00021500004672589794,-1223.9362565930064
88,115,0.0001637184563140868,-980.4325747057158
88,116,0.00011306622653408437,-1047.6981944431452
88,117,0.00015753483104778652,-953.4556061053886
88,118,0.00025686919427027495,-2070.8083216237433
88,120,0.0003779296077467099,-2839.4197692309617
88,121,0.00020062084357138772,-1646.4537575828244
88,122,0.00018999199225328128,-1490.806474628593
88,123,0.00013073910125071294,-882.8986649897421
88,124,0.00022055437296276967,-2092.82834000147
88,143,0.0004433444327915415,-2391.8305309720163
88,153,0.0002843893433967052,-2370.008562106866
88,154,0.0002257289127415479,-1752.4410331964734
88,173,0.0006646830394753016,-4283.592194518901
88,188,0.00031647861053888754,-1827.545280920448
88,193,0.0003057636345910021,-1728.8754021390725
89,92,0.00022412667773527234,-2757.0029865237384
89,93,0.00036491497568690213,-2866.9588170572724
89,94,0.0002698296305565631,-2096.6216170548405
89,95,0.000279165409142478,-2150.641508146626
89,96,0.00034549087714648744,-3385.17808441754
89,97,0.00048400457022505696,-3862.0333447690127
89,99,0.00020378328244576033,-1907.196220026846
89,100,0.0004734847832295803,-5388.983844789453
89,101,0.00018359426194662206,-1522.2455104519945
89,102,0.00024033210980935906,-1938.3237290731831
89,104,0.00018861645652034725,-1577.384250458252
89,105,0.0002929072048096772,-2254.4083285111415
89,106,0.0002727226354493325,-2113.483259924726
89,107,0.0003139316508392493,-2383.061305662171
89,108,0.00018278892633448096,-2064.001721865679
89,109,0.00026613339508420157,-2214.062039246456
89,110,0.00022134236698592846,-2306.94867481828
89,111,0.0002976781506490085,-2917.7390744862246
89,112,0.0003524227237052311,-2625.1451194100646
89,113,0.0003069011068914267,-3079.77939479825
89,114,0.0009808083933825359,-7540.025553097989
89,115,0.0002727226354493325,-2113.483259924726
89,116,8.137507663365487e-05,-908.1078687637253
89,117,0.00026462895640634566,-2067.830809900601
89,118,0.00025654648076879085,-2545.268735395153
89,120,0.0005898085166255885,-5501.047271381069
89,121,0.0002820561336091669,-2785.268615855106
89,122,0.00027414706240626644,-2607.8934435828746
89,123,0.00017750597404223465,-1516.912152142385
89,124,0.00026473480670566486,-3004.1504966971315
89,143,0.0005288017503664996,-3791.0930916642446
89,153,0.0004116440861260313,-4109.276124414113
89,154,0.00034332057056583783,-3290.516728947461
89,156,0.0005953443098705073,-4230.509691209769
89,162,0.0035423513768102458,-23249.07830757685
89,188,0.0004537497651691048,-3422.493764218174
89,193,0.00043022765429129317,-3192.843246281969
90,91,0.0006534935825582179,-2454.305416332446
90,92,0.0004109894580865846,-3715.2574962230296
90,96,0.0001619261191835631,-1075.5476439705296
90,97,0.0003440745219670531,-1676.4191218937744
90,98,0.0004991933477017978,-2046.7314298282724
90,99,0.00029623703754809856,-1839.8617368229095
90,100,0.0004361547860303861,-3564.866604844285
90,108,0.0002844080782955392,-2320.237503680112
90,109,0.00024853985665741155,-1291.0926308546727
90,110,0.00033738049661448296,-2456.675192390048
90,118,0.0002547389698584164,-1708.6218380998585
90,121,0.00027327862595628074,-1820.8105014024209
90,122,0.00022243105774588578,-1404.5225951818343
90,125,0.00041135092111881707,-1971.346764350274
90,130,0.000705066134713966,-3634.1455134969415
90,131,0.0004786076878519979,-2040.7175827786134
90,133,0.00022494948894024363,-1005.0719894417559
90,137,0.00038695679268806323,-1735.2235584266368
91,109,0.00034850138421168664,-1041.6587942172298
91,110,0.0006549751717149255,-3287.0785763271747
92,93,0.0004733823882531718,-3661.339617149987
92,96,0.0003244373487257321,-3172.8487924810756
92,99,0.0002633225220673847,-2428.312905505636
92,102,0.00025825604044562287,-2054.483005740118
92,105,0.0003248608956012814,-2465.0646123810693
92,108,0.0001979356952447286,-2206.6358778064564
92,110,0.00016976908445032898,-1751.0022182058278
92,111,0.00018661064858410605,-1812.8742303962758
92,113,0.00025369220265587637,-2543.618967724079
92,114,0.0014426023171234682,-10902.748882934453
92,116,0.00021901617661341006,-2397.90311032004
92,118,0.0001415590648535847,-1379.3334171028073
92,119,0.00036880907542082394,-2722.893699718548
92,121,0.00033863108876637277,-3331.206879199028
92,122,0.0003481536375121524,-3297.2991726294317
92,123,0.0002665993239482638,-2240.898096567829
92,124,0.00032767836125017813,-3667.903839524763
92,132,0.0009778756822195268,-10598.710410233496
92,133,0.0006092133073941282,-4619.085212127897
92,137,0.00039752358067307825,-2989.116395990565
92,148,0.0007244515338076121,-7181.663012864733
92,157,0.0004335071662763689,-3195.1858315618356
92,158,0.00040124405102335853,-3270.1799929107306
92,159,0.0004277386427214832,-3299.3783551506235
92,162,0.004170232055786492,-26946.4909515809
92,173,0.0006923491028127824,-5593.173543067274
92,175,0.0015406908433179595,-11095.876098396953
92,190,0.0009184365795146522,-6049.03438905965
92,192,0.0004432287380453022,-3220.4231332368367
93,97,0.0001069483229715665,-393.0561928415366
93,99,0.00018356268302771066,-901.0442833731213
93,104,0.00010967639123846965,-436.0068588697775
93,108,0.00029156068987824693,-1985.425417435074
93,109,8.489134581768404e-05,-337.66978264561783
93,110,0.00022906555192501603,-1372.2286312879964
93,116,0.0002568038088593987,-1702.3662782956699
93,118,0.0002311275560400712,-1263.6368128037848
93,143,8.65464083107582e-05,-252.02304610630011
93,156,0.0002678923854597676,-743.6004534988516
94,95,2.943947244465379e-05,-98.82290464682899
94,96,0.00018055627556160629,-972.6769550329104
94,99,0.00016377523183958354,-787.9247947818966
94,100,0.00026368589414446885,-1836.7225743650538
94,101,6.82940794382175e-05,-264.44717803612275
94,102,0.00013180384883958594,-477.3340619136247
94,104,0.00012097713787503786,-467.21848502882807
94,106,3.116261616909286e-05,-105.80400932184614
94,112,6.496681259399692e-05,-199.33228590246895
94,115,3.116261616909285e-05,-105.80400932184612
94,116,0.00020914117508697764,-1367.205269496833
94,117,3.29172123213574e-05,-113.61280883871736
94,121,0.00018283715543227172,-995.947171990468
94,122,0.000161547630864631,-822.6692428403989
94,154,0.00015220013936785687,-765.7486244851104
94,193,0.00010029144587525621,-303.2909247843556
95,96,0.0001776396569203861,-945.7487817283866
95,99,0.00016928368587582385,-803.5489858671018
95,100,0.0002596456072016385,-1792.1689318425306
95,101,6.691111193721932e-05,-255.01628468035625
95,104,0.00012833258077066785,-487.13295045506646
95,106,2.9062043310747974e-05,-97.02632226333907
95,112,6.236195247618344e-05,-187.67506253908775
95,115,2.9062043310747974e-05,-97.02632226333907
95,116,0.00021835378190216613,-1413.090197210628
95,117,3.113790354722997e-05,-105.67543832887506
95,121,0.0001803864630054497,-971.169473517321
95,122,0.00015935941660682332,-801.4315223636168
95,154,0.0001487449730704961,-739.3323343495658
95,193,9.493759271194775e-05,-281.61905541476955
96,100,0.00015844266658706057,-1421.7200258987968
96,101,0.00018236652175808422,-1072.8877717379653
96,106,0.00018102647539194595,-971.5557077970916
96,111,0.00025072882879970045,-1860.825874448424
96,115,0.0001810264753919459,-971.5557077970915
96,116,0.0003084529536156089,-2676.54329158279
96,117,0.00018123333749690715,-984.0387918695346
96,118,0.00025420024326291486,-1888.453663376643
96,121,0.0001697202367482805,-1259.5131046057456
96,122,0.00013182532687416382,-932.8368184804053
96,125,0.00036923198837945817,-2038.975524722608
96,126,0.0004871498074526658,-2305.4472324305493
96,127,0.0003194714062039361,-2204.8131897212265
96,130,0.0005797300170636059,-3415.1551974058907
96,131,0.00041370289096405113,-2067.112009788833
96,133,0.00023324480175989444,-1209.7675823898514
96,139,0.000443244207378794,-2313.487411493682
96,152,0.0003151040261639708,-1862.532845760682
96,163,0.00038665369031125573,-2422.2590995693517
96,164,0.00038916526203952204,-2482.3279568675157
97,98,0.00011771691216998257,-364.2888275030529
97,99,0.0001033004955669,-525.9302819188647
97,102,0.00010482029862988414,-407.47462151655213
97,104,0.00012072209088715253,-495.96182359109275
97,105,0.00010733972346665641,-376.08152239314643
97,107,0.00010964955983562009,-373.33362234561463
97,108,0.000264197672708361,-1838.4186998155922
97,109,8.343564155769967e-05,-343.66837489626374
97,110,0.00025543362533938054,-1564.2400066818375
97,116,0.00031186913721661523,-2106.980403543257
97,118,0.000228571321933205,-1282.5245823636378
98,99,0.0003456427099719849,-1482.2109513554099
98,108,0.0006546752329863708,-4039.1044943666343
98,109,0.00022042381732606018,-734.7793588706929
98,110,0.0006482950377500508,-3457.4883846330354
99,101,0.00015802963502736092,-844.6321119413445
99,102,0.00011698063141324808,-604.3096390435876
99,104,0.00010244162135449893,-552.5647702055986
99,105,0.00012034028787944542,-573.8629660535998
99,106,0.00016482736066066132,-789.746963468868
99,107,0.00013199960100911855,-615.7155196394419
99,108,0.00013461448128754914,-1116.7267932977643
99,109,9.715320456672028e-05,-522.7976981312531
99,110,0.00012707598335356227,-948.3545643554962
99,115,0.00016482736066066132,-789.746963468868
99,116,0.00018194027666094538,-1470.6381495774729
99,117,0.00016089724736513523,-780.9076142471939
99,118,0.00016447852349483095,-1140.827918237259
99,123,0.00016102957723041622,-900.1551952995209
99,137,0.00022619351309328256,-1067.0479453639591
99,138,0.0004379253084891115,-3132.9776218226216
99,152,0.0003412691266759659,-1827.4763613181817
99,153,0.0005275883890925987,-3753.8248458874323
99,154,0.0002415906187242616,-1578.0716658394874
100,101,0.0002709766362012693,-2021.5566469576827
100,106,0.0002637344157604764,-1831.78593769752
100,115,0.0002637344157604764,-1831.78593769752
100,116,0.0005267298979976394,-5395.6599732068225
100,117,0.00026411915990325746,-1851.025940664039
100,120,0.00018676256501981388,-1593.1514748105067
100,121,0.00017607907617117968,-1589.2856005658616
100,122,0.00015460303043174817,-1340.6718688154829
100,125,0.0003520431798610576,-2511.3324616076707
100,127,0.0002659720833026636,-2266.959423713914
100,130,0.0004976554805948091,-3737.6081412693466
100,131,0.000549526349623504,-3617.1962450571996
100,132,0.0003377092289242505,-3472.0818004090697
100,133,0.0003265428938020928,-2210.1748827147735
100,136,0.0002793631640615973,-2603.2596768646126
100,148,0.00039009064004621807,-3628.8517859049784
100,149,0.0005681203380477059,-4580.507240646759
100,151,0.0004373377223700593,-3197.980910365482
100,158,0.0002517356873355225,-1885.801581134606
100,163,0.0003384276788511889,-2667.7119382976525
100,164,0.00033441681594686864,-2674.6683514505876
100,165,0.00039257763789065644,-2980.503268918044
100,166,0.00039257763789065644,-2980.503268918044
100,167,0.0004137293605100679,-3085.6657704716845
100,168,0.00040820644067054795,-2910.1486699899597
100,169,0.00041812902269728263,-2934.478286288231
100,170,0.00040583072920336385,-2873.685727101285
100,171,0.0002548077080778431,-1819.2955765193558
100,172,0.0002575780778795328,-1856.1189333881832
100,173,0.0003099390910334431,-2307.256555011552
100,186,0.0004454185641127198,-2805.456056374528
100,187,0.0006941470798956408,-4124.093713101142
100,188,0.00042755887586220484,-2881.135958886307
101,104,0.00011512425283346413,-505.04442851206704
101,106,6.4856652321732e-05,-250.13073222637342
101,107,0.0001410123027335681,-515.2201374703843
101,112,0.00010337777957694257,-366.6149560432708
101,115,6.4856652321732e-05,-250.13073222637345
101,116,0.00014978803312797135,-1055.1032909979804
101,117,6.156319721541213e-05,-241.42067374180823
101,121,0.00015698883569407703,-934.9862595981014
101,122,0.0001433251700653766,-802.4010499878923
101,123,0.00012352903165074064,-562.8210011619504
101,154,0.00017740693309409536,-985.9733651972482
101,193,0.00014307943121757828,-502.2026670043465
102,104,8.082164858901205e-05,-340.42430263414826
102,105,4.889299152380442e-05,-175.68684356981544
102,107,7.09525108596156e-05,-246.09210294175747
102,108,0.00017109514375876597,-1201.5526763355201
102,110,0.00015313580363318156,-948.5014932004726
102,113,0.00032761971146428676,-1913.611697704698
102,114,0.0002136001737657705,-761.4329946536733
102,116,0.00017749056685575844,-1212.2374289870595
102,118,0.0001679897208248168,-951.8900991959421
102,119,0.00013734897349943975,-461.3660732241669
102,123,0.00011244632202634546,-490.47111344370984
102,124,0.00031056693962781704,-2192.825902291005
103,111,0.00021257614271087891,-1119.9650884247676
103,118,0.0001902876535858383,-1015.937745032751
103,121,0.0004321674519539822,-2310.07046287132
103,137,9.02215583630728e-05,-290.1942625178089
103,138,0.00044362131680589727,-2437.65027178834
103,139,0.00010209697686821672,-323.2095029218394
103,154,0.00022731794761514216,-1129.0406129905296
103,192,0.00015186448557830717,-445.67697900551315
103,193,0.00016756568937720438,-494.661243106989
104,105,9.75604629631965e-05,-371.97848592619465
104,106,0.00012171730996687866,-467.6874809146218
104,107,6.177267326354264e-05,-231.609223681551
104,108,0.00019572203825947218,-1426.0644613055392
104,109,9.631599756749561e-05,-424.7908767929577
104,110,0.0001838106166742978,-1186.2607578048126
104,112,0.00012972595066728775,-462.4894126115502
104,114,0.0002505769783211917,-958.1140283539169
104,115,0.00012171730996687866,-467.68748091462174
104,116,0.00012285020785323116,-876.0385780896091
104,117,0.00011954001023508024,-466.6905937161917
104,118,0.00023236086312793827,-1375.1525270605327
104,143,0.00014784817030025666,-490.02596198250455
105,107,6.680210786886178e-05,-206.99036526459818
105,108,0.00019281492540120312,-1285.604856809282
105,116,0.000214434859919378,-1387.2867043482147
105,118,0.00020547134329341197,-1089.2704086616284
105,119,0.0001164166904722948,-352.18994265729066
105,123,0.00013202021771690543,-528.5560065331752
105,124,0.00034076092430521706,-2285.6753781963894
106,107,0.0001028288600076366,-323.3217727661811
106,112,6.004076330266265e-05,-183.41738176853644
106,115,2.6986183074265975e-05,-91.39428017657568
106,116,0.0002117771350736842,-1380.1343062885544
106,117,2.9062043310747974e-05,-100.01767912464099
106,121,0.00018447960923192324,-1001.0795897886113
106,122,0.0001631235483317385,-827.3120852134834
106,154,0.0001511728332956091,-757.7269964168752
106,193,9.792111611673256e-05,-294.41825771233374
107,108,0.00026716660000201356,-1748.5607891913146
107,112,9.885814207169445e-05,-284.18067877205584
107,114,0.00017931654720361982,-556.9650646626533
107,115,0.0001028288600076366,-323.3217727661811
107,116,0.0002154534419365431,-1372.6202470037804
107,117,0.00010303316189188067,-330.1627675507328
107,118,0.00029828771019416487,-1543.281283683374
108,109,0.0001682628006050532,-1225.055805630507
108,110,0.0001112166620646843,-1040.7843778315303
108,111,0.0001920178379386159,-1676.5505432597547
108,113,0.0003164610820416592,-2853.3644959022276
108,116,0.00018942550093467944,-1887.6925679100286
108,118,0.00019015715653522759,-1679.0655710626008
108,119,0.0002885954723790138,-1859.6623277442304
108,122,0.00025801147834872813,-2214.7357868641143
108,123,0.0001743182204322046,-1302.0445990550968
108,124,0.00025212321147955775,-2575.8648865949745
108,133,0.0005126496912322203,-3427.2096352857097
108,138,0.00035202644724255047,-3201.784204379332
108,143,0.0005573973954355561,-3408.8146299942205
108,152,0.00045084800491611277,-3288.2217969667413
108,153,0.000417623550581891,-3782.582579601817
108,154,0.0002309389377663298,-1964.6340505358482
108,156,0.00042141653266349397,-2563.6747258349797
108,158,0.00031422693085701985,-2263.4003742128493
108,186,0.0007845681622315659,-4723.651692049804
108,191,0.0009505526635899941,-5604.935377091503
108,192,0.00044747539567497344,-2851.9605041747827
109,110,0.0001228299960987763,-794.3434996987518
109,116,0.0002057993005343983,-1456.1188328335434
109,123,0.00015680895161524223,-720.3121114545808
109,143,0.00016051183188559433,-528.3387233416763
110,111,0.00013796673540452715,-1092.5331264210713
110,113,0.0002412841910532077,-1976.3978409625806
110,116,0.00019520163182954565,-1781.3992732501301
110,118,0.00014559540063283788,-1165.38182481081
110,123,0.00018354788276143597,-1216.6157338102596
110,124,0.0002705263143913042,-2535.9820815000558
110,143,0.0004602849825181647,-2436.1799156544816
110,148,0.0005160318236499016,-4232.190037943099
110,157,0.0003472467124543775,-1942.034483998624
110,158,0.00028082833447721936,-1790.0920192891656
110,159,0.0003608625473039968,-2139.2844254814618
111,113,0.00027735575944439975,-2104.7129175206414
111,116,0.00028567801379491837,-2431.5125490483524
111,118,0.00017864100024656823,-1321.3445875149896
111,120,0.00020808035433163145,-1428.6152570095749
111,121,0.0002778164598892839,-2076.6178066831744
111,124,0.00027039040035242755,-2376.2553634171095
111,137,0.0002779253543396345,-1435.2253812548256
111,139,0.000240295210915554,-1249.1469023873385
111,148,0.0002575080550750564,-1972.9959461635813
111,154,0.00015690605430130733,-1113.7880122568502
111,157,0.00015044937457902989,-762.6649836937164
111,158,0.00015864984597989951,-925.0933688515255
111,159,0.00013987400623377346,-757.1621477302805
111,170,0.00035799934417703297,-1955.8750079324443
111,171,0.0002594877867486813,-1429.8220716899175
111,172,0.00025486603266926814,-1421.4327590805965
111,173,0.00024193671626191645,-1410.1219212016276
111,192,0.00026472375021685887,-1317.0537815778814
111,193,0.00042903514099369174,-2120.9228122726117
112,115,6.004076330266265e-05,-183.41738176853647
112,116,0.0002643608492563451,-1645.6233308695291
112,117,6.389593231327209e-05,-198.75323205340584
112,121,0.00031511987156162283,-1607.4754419486515
112,122,0.00029438097139664385,-1395.9829708789698
112,154,0.0003280214686427322,-1534.7848391378334
112,173,0.0006887757455333889,-2341.0467263733476
112,193,7.252818466058757e-05,-199.91504377332404
113,116,0.000322937138107827,-2849.234647277028
113,118,0.0002660543165045102,-2042.614227379202
113,124,0.0002127085625636665,-1942.0376263154528
113,148,0.0008064359508996144,-6361.639298432015
113,157,0.000290394835835713,-1540.4283417051286
113,158,0.00031263949286086125,-1898.5711258629976
113,159,0.0003187463580303116,-1797.5787551518254
114,116,0.0007097532955963919,-4586.038757546586
114,123,0.00044486393353995073,-1776.8805562192229
114,197,0.005208333333333333,-7904.0210854841225
115,116,0.0002117771350736842,-1380.1343062885544
115,117,2.9062043310747974e-05,-100.01767912464099
115,121,0.00018447960923192324,-1001.0795897886113
115,122,0.0001631235483317385,-827.3120852134833
115,154,0.0001511728332956091,-757.7269964168752
115,193,9.792111611673256e-05,-294.41825771233374
116,117,0.00020777953132750728,-1367.040154054133
116,118,0.00020954139187992499,-1808.44083058342
116,121,0.0003012598809478108,-2633.0641415212453
116,122,0.00028646131465986897,-2400.473841265652
116,124,0.00029987841480650485,-3002.8633046423643
116,143,0.0003904228554148469,-2323.8572724862843
116,154,0.000343390582742242,-2845.0163645801954
116,162,0.0025867061510578926,-13862.880029780938
116,193,0.0003399903679799723,-2105.902392839642
117,121,0.00017529836527729683,-962.9644848660192
117,122,0.00015765420110476906,-809.8955763700543
117,123,0.00015200438777048184,-623.2883851694288
117,154,0.00015281078529195448,-775.1254013923041
117,193,0.00010176183185197828,-311.8130370362156
118,132,0.0007630222000398007,-6513.065874211156
118,137,0.0001819490161895423,-956.5201844677215
118,138,0.00043909314293497624,-3386.03716839566
118,139,0.0002664043096750801,-1399.1273905020469
118,175,0.001076847108935262,-5284.722582457822
118,192,0.00026986175429679894,-1344.4435205168909
119,121,0.0002481306749280988,-1279.3894279519452
119,122,0.00022138942347640193,-1062.8023576977357
119,123,8.648278306559704e-05,-332.2456345501464
119,124,0.00022685261520237354,-1484.6394157062603
120,124,0.00038318366463748735,-3196.119147093019
120,127,0.0001585216416214159,-1013.7323889602288
120,132,0.00023783946310888533,-1927.6079934800002
120,134,0.00046306105656179395,-2153.154409497335
120,136,0.00020514289958158238,-1468.4684210890573
120,148,0.00014878674598554946,-1070.1028129530746
120,149,0.00024812081918968836,-1480.5460309028501
120,151,0.00019332635210090544,-1011.3158459932017
120,152,0.00017326936475569942,-938.533331291578
120,153,0.0006550244618689872,-4667.247727823245
120,159,0.00015662002630137357,-775.0719488552853
120,163,0.00017944812841527212,-1036.5107380017575
120,164,0.00017778847368579755,-1046.9803893411377
120,165,0.00023303509638398785,-1277.71237187624
120,166,0.00023303509638398785,-1277.71237187624
120,167,0.0001711662729452672,-920.7006964335864
120,168,0.0001810107426579619,-914.3461925989095
120,169,0.00018273849334706461,-903.4023733924748
120,170,0.0001587742908398686,-796.0422443832296
120,171,7.299004671266406e-05,-371.8803528891292
120,172,7.043682492057377e-05,-363.68543999319206
120,173,0.00012974251996410833,-695.9945132523226
120,188,0.0003693444670459977,-1705.7262141997035
121,122,4.639644198112523e-05,-334.8890356014376
121,123,0.00018638391198930656,-1154.9912292113365
121,124,0.00025923943897972413,-2341.7213637267073
121,125,0.0005063683575364172,-2814.8284201901274
121,130,0.0007225177485142744,-4288.125602255183
121,131,0.0004033755587323475,-2040.9192802042926
121,133,0.00020530602524573816,-1079.4123236738674
121,154,0.00023043693727958206,-1655.280579046879
121,158,0.0002599132669870365,-1544.4210024381262
121,186,0.00032383901508492704,-1546.7920372243184
121,187,0.00044444700809528117,-1968.4577768103582
121,188,0.00024010334089782798,-1257.2930162988562
121,192,0.0004382503437290646,-2194.2529098009195
121,193,0.0002996139918382575,-1525.8168564803618
122,123,0.0001700370040903435,-992.9501443994686
122,124,0.00028310339144636305,-2452.221146884897
122,125,0.0004314358547590707,-2246.4460035563166
122,130,0.0006085419180207779,-3398.047834731222
122,131,0.00035389843813969386,-1665.2301422965497
122,133,0.00016607087427583306,-815.3481101238206
122,154,0.00022035752777297516,-1503.3591777093695
122,158,0.00025550177074373564,-1425.4619408307326
122,186,0.00030291369265118183,-1338.0500470259472
122,187,0.0004355494937687685,-1771.053079505627
122,188,0.00022223967394787388,-1084.1118756175151
122,193,0.00031181318189884,-1473.3829661718917
123,124,0.00016486423718139825,-1245.7433664119624
123,188,0.00018120034538982662,-699.7637059436898
124,148,0.0006582652045792204,-5998.333105615662
124,153,0.00028529298784300757,-2616.390731668435
124,157,0.0003040816322606013,-1983.3463049097472
124,158,0.00023206349458278642,-1696.0175576751137
124,159,0.00028750493182899944,-1973.7443291293755
124,186,0.0004538348836610581,-2788.5163650506943
124,188,0.000285375642374175,-1884.2730785695524
125,126,0.0001616828981518808,-481.7882484845175
125,127,0.00028788463856752803,-1447.8454756562462
125,128,0.00028543990973740934,-1010.5954690256501
125,129,0.00021607120041915688,-819.9465881740268
125,130,0.0001236611705253219,-512.9761846241935
125,131,0.00017081069079026462,-550.3612567389737
125,132,0.00040439360508878595,-2782.9611375920676
125,133,0.0002194716585255073,-749.1759373347721
125,134,0.000352202641844799,-1179.8851077543488
125,135,0.0002582192707291809,-950.5125658204619
125,136,0.000281329275667933,-1635.6092573558317
126,127,0.0001940934183216981,-819.0322585003146
126,128,0.00013299816162336162,-370.9125812061033
126,129,0.00013077992835277964,-394.7693744989702
126,132,0.0003446006971258924,-2068.7648492694084
126,134,9.891549405971366e-05,-261.1175486978915
126,135,0.00021547235525604233,-619.739018017325
126,136,0.00025318420388192994,-1257.5485867587151
127,128,0.0002610200410855045,-1250.059256786801
127,129,0.0003192492589851855,-1597.1029233408374
127,132,0.0001597969879299557,-1303.0777900905612
127,134,0.0001922185024549744,-892.0503256040306
127,135,0.00019656642575905102,-973.9215478571958
127,136,8.21801954979977e-05,-583.5262125224849
127,139,0.00045830561308592686,-2137.4073958727804
127,147,0.0002857586979188289,-1514.6754466453524
127,148,0.00020051647879303582,-1441.6031400139
127,149,0.00021109455241457821,-1240.7902222958253
127,151,0.00021518163683362397,-1105.4152641754529
127,163,0.00017712920741785697,-1006.0668359766947
127,164,0.00015549064754011134,-901.7392477881435
127,165,0.00015369133558330384,-833.3983884639911
127,166,0.00015369133558330384,-833.3983884639911
127,167,0.00013282519677529722,-705.1271630952059
127,168,0.0001486159271768482,-740.6364684065848
127,169,0.00013863677237335774,-677.0980169244916
127,170,0.00014290578667637378,-705.9340540631449
127,171,0.0001161322930838774,-583.9498323791269
127,172,0.00011971839782208264,-609.4876154567207
127,173,0.00015941549922747464,-855.8506836536699
128,129,0.0002072008060900452,-740.9039160394549
128,130,0.00032923739938142406,-1292.2840050458374
128,132,0.0003450931298965857,-2280.000854220806
128,134,9.373776165393442e-05,-300.1794769937378
128,135,0.0003020882596882803,-1041.7057423169063
128,136,0.00024179221906668973,-1344.7630327900397
128,147,0.0002624240740612993,-1009.7842054337827
128,148,0.0007778321467444812,-4353.889808776778
128,165,0.0002458452861803587,-965.8740797865153
128,166,0.0002458452861803587,-965.8740797865153
128,167,0.00032289283063099424,-1221.797112394089
128,169,0.0002715554129464711,-916.5542801150948
128,174,0.0006823929991624963,-1902.0216545562832
128,175,0.0002941321088956817,-887.331264753251
129,132,0.00044388861740377023,-3027.8153142989936
129,134,0.0002223193495813375,-755.7890396712008
129,135,0.00027532320992292584,-1014.8833174610367
129,136,0.00030942445847994177,-1785.9499706035201
129,147,0.0003370779434626162,-1367.8056867888902
129,156,0.00038939397972560265,-1155.028988910886
129,182,0.0010917839254184153,-2648.6217447458703
129,183,0.0010917839254184153,-2648.6217447458703
130,131,0.00020563274715819938,-740.9801428626021
130,132,0.0005028108525279439,-3654.7127805724867
130,133,0.0002862636172977285,-1086.8277591386784
130,136,0.0003771286925867982,-2333.3279060540244
130,147,0.0006322597806653897,-2784.886015232894
130,165,0.00043682738659663837,-1970.2055480989636
130,166,0.00043682738659663837,-1970.2055480989636
130,174,0.0021088458889832245,-7026.769361269256
130,175,0.0005574447233152046,-1997.8311920485203
130,182,0.0008970221037189089,-2468.6431193313624
130,183,0.0008970221037189089,-2468.6431193313624
131,133,0.00016586599973322192,-484.05570606834254
131,136,0.0006780024820651562,-3553.3841200346033
131,140,0.0012222224851635953,-2248.5707008458617
131,154,0.0006889097084674914,-3267.470099873644
132,134,0.00035198955370705593,-2263.59309273661
132,135,0.00031776526664181303,-2131.9929929200753
132,136,9.772984330504526e-05,-877.0908511671049
132,147,0.00030583149716857145,-2185.1644178622555
132,148,0.00023678520143571283,-2111.4874221506425
132,149,0.00030503540918575147,-2352.3374173319944
132,151,0.0003573026075245119,-2481.443998643328
132,163,0.0002717337051274193,-2039.3567235801506
132,164,0.0002502507883896212,-1907.7415876393661
132,165,0.00017998740460317697,-1307.2009607473271
132,166,0.00017998740460317697,-1307.2009607473271
132,167,0.00022236835600323928,-1583.1422864204
132,168,0.00026431075793771495,-1792.8115439318242
132,169,0.0002474857401981697,-1653.4563123512212
132,170,0.00023193128154370938,-1564.4401989693383
132,171,0.000192477364544888,-1305.3538412437244
132,172,0.00019694418344373078,-1348.2338024390829
132,173,0.00023844985666450144,-1687.9045132347826
132,174,0.002399239905094279,-14413.852824222835
132,175,0.0004589880734472213,-2851.6779366703445
132,176,0.0005920420651917065,-3542.230434607937
132,177,0.0005920420651917065,-3542.230434607937
132,178,0.0004678563364107926,-2915.5217741388933
132,192,0.000785661143028018,-4825.513612192936
133,156,0.0002358892614475855,-615.1406391137022
133,191,0.00038915322986906475,-949.1827838712385
134,135,0.0002211067308804517,-729.4187690291565
134,136,0.00019289670203892582,-1043.0692430709742
134,147,0.00035577345415831684,-1300.1251143069555
134,152,0.00037667695470667103,-1370.826546029308
134,167,0.0002324145399729738,-845.3576925990254
134,170,0.00022386785167214518,-733.5373207544791
134,171,0.0002309026881091906,-768.8910655370726
134,172,0.00024072065368104076,-816.4737756323134
135,136,0.00025306483906933853,-1445.1476991237378
135,149,0.0004099794101510579,-1848.8765283438302
135,158,0.00038219504974431755,-1505.681515427941
135,164,0.00035833848122463803,-1582.9521903955872
135,168,0.00026201118779574546,-946.7210464075695
135,178,0.00038061119557843365,-1173.2079445138595
135,186,0.0003464680438314327,-967.8327486575828
135,191,0.0002837377227014003,-765.6812853217614
136,147,0.00025862481673463435,-1571.0886655227291
136,148,0.00023687460099571956,-1885.4518195859437
136,149,0.00024149714100965707,-1602.2759388943523
136,151,0.00027349375210301185,-1609.838813816533
136,152,0.00034800348806913876,-2102.60657735847
136,154,0.0005988357271104891,-4364.679524253506
136,163,0.00023311996189163424,-1498.1071088254541
136,164,0.00021125651715493639,-1382.345530156278
136,165,0.00013837580051388276,-857.5385114373121
136,166,0.00013837580051388276,-857.5385114373121
136,167,0.00015527950171533256,-941.6078312552685
136,168,0.0001887145327911598,-1081.8442508481412
136,169,0.00016788347507182969,-946.2970839082215
136,170,0.0001782365558117496,-1014.2244726866451
136,171,0.0001497782794740439,-866.3319802852961
136,172,0.0001536978737598656,-898.6920505921605
136,173,0.00020719660095305112,-1270.4688477374432
136,174,0.0018749176660280433,-9311.925792813436
136,175,0.0004747773262868572,-2493.9245272341195
137,138,0.0003884516038929232,-2126.6779532180844
137,139,9.593233067351556e-05,-302.27253965310143
138,139,0.0008189779788832664,-4411.751398472901
138,152,0.0007078683863072377,-4325.855366387004
138,153,0.00011647142102276266,-923.9410794454888
138,154,0.0004731968101080928,-3497.522673361353
138,155,0.0004929536819232339,-2609.64950450303
139,163,0.0003342367642268045,-1351.2653826267865
139,164,0.00034832490091918713,-1445.4057146514863
140,141,0.00012674117768191151,-138.93382168371068
140,142,0.00021078490042680662,-223.04929911066918
141,142,0.00010786015027109167,-98.35977614888944
144,145,4.578754578754579e-05,-54.62637007093282
144,146,3.522118906734291e-05,-39.91809690604908
144,147,0.0005570522230216783,-1457.357100190256
144,148,0.0012907140480723127,-5844.973750849047
144,149,0.0006597421466404982,-2061.8767728198377
145,146,4.578754578754579e-05,-54.626370070932815
145,147,0.0004814003999409117,-1308.3103812639044
145,148,0.001126801974963909,-5226.256927590276
145,149,0.0005910159231304464,-1905.611806889419
146,147,0.0005570522230216783,-1457.357100190256
146,148,0.0012907140480723127,-5844.973750849047
146,149,0.0006597421466404982,-2061.8767728198377
147,148,0.00037588234112545293,-2323.4909147450408
147,149,0.0001486707613616555,-693.2348902838336
147,165,0.00012671488720915832,-535.3103829399014
147,166,0.00012671488720915832,-535.3103829399014
147,167,0.00018038384722276612,-736.4956961960478
147,169,0.0001514487759345639,-560.2736540929567
147,174,0.000834551924146284,-2603.496493881157
147,175,0.000304551287536978,-1036.0435761914102
148,149,0.00011780188735319626,-805.2597893505749
148,151,0.00019745341622702116,-1192.9839606072792
148,157,0.00021744720622130732,-1172.9655214820007
148,158,0.00018565717492540087,-1147.3454315954616
148,159,0.00015953212727664657,-918.8512256671006
148,163,0.00016606623386057818,-1095.0874586952468
148,164,0.0001669218644253032,-1119.377620940883
148,165,0.00017632972340458553,-1113.7567514525706
148,166,0.00017632972340458553,-1113.7567514525706
148,167,0.0001558408295282784,-965.963278526965
148,168,0.00017041989902673955,-1000.0603801803609
148,169,0.0001441490421875022,-832.3096689214043
148,170,0.00015748370055718988,-917.5953358638641
148,171,0.00011176031726930153,-656.594973672833
148,172,0.00010748981644875988,-638.8787318489977
148,173,0.00016007763305678804,-986.2138937082732
149,151,0.00014650403416398,-657.9187519372962
149,163,0.00011494983762947732,-575.1562380542587
149,164,0.00011135602473775173,-568.898265276391
149,165,0.00010863762832960893,-516.6898268844604
149,166,0.00010863762832960893,-516.6898268844604
149,167,9.179232606267579e-05,-426.9060989467463
149,168,8.215674077326656e-05,-358.2968786872827
149,169,8.060337109845475e-05,-343.70508812601895
149,170,0.00010250851634325845,-440.9910749875106
149,171,0.00012046825915242828,-552.7817386066422
149,172,0.00012271710774195042,-570.8236099273453
149,173,0.00014972718563603576,-715.6590643730104
149,178,0.00017961284255319396,-689.6345615966084
149,191,0.0003318284087356166,-1207.4281955685774
150,151,0.001050511765375654,-2242.905575910574
151,163,0.00011953464148252557,-514.8178219228768
151,164,0.00012432639200482637,-547.9299058473285
151,165,0.00012014868824679171,-487.2160688076098
151,166,0.00012014868824679171,-487.2160688076098
151,167,9.246373660692087e-05,-365.81474678443084
151,168,7.306103131530076e-05,-268.5234099577185
151,169,6.827475764248334e-05,-244.54177586428727
151,170,6.826809734923126e-05,-248.24345343002295
151,171,7.936898599399719e-05,-307.9670261664287
151,172,8.206760430142377e-05,-323.5119642371336
151,173,9.850557930120474e-05,-402.5022125392259
152,153,0.0008003412756201751,-4912.830664325654
152,154,0.00020782474483216793,-1154.972960197344
152,163,0.00014136565692643058,-663.9187662877746
152,164,0.00014963059279694875,-718.3720580510675
152,167,0.0001825665194213472,-783.0785659480127
152,170,0.00016306656695567898,-642.1432710094429
152,171,0.00013452129100450323,-540.0572180424867
152,172,0.0001365401450192062,-556.7913423890767
152,176,0.00019603431885899836,-637.9502778954189
152,177,0.00019603431885899836,-637.9502778954189
153,154,0.0005385847968331931,-3961.926163944695
153,155,0.000403161438099357,-2152.1691392576727
153,184,0.0006342264679888777,-2826.0325478845493
153,185,0.0006342264679888777,-2826.0325478845493
153,188,0.0003695695188752546,-1990.9486520735481
153,190,0.001131649570794489,-5080.501856927736
154,159,0.00024100701351638832,-1235.768935599394
154,163,0.0003163253289395338,-1861.3863007287837
154,164,0.00032340855754347825,-1938.4144742839235
154,176,0.00043206270738025315,-1906.7235486513237
154,177,0.00043206270738025315,-1906.7235486513237
154,192,0.0002952469133432557,-1364.0550631051633
154,193,0.00035476129587921386,-1653.5357705753
155,160,0.00018285537983784298,-477.51182454390886
157,158,8.782150285671003e-05,-317.7639655901241
157,159,5.217741045232664e-05,-166.83483784756763
158,159,8.842693148487099e-05,-349.83879193018817
158,186,0.00013255959064959589,-429.4102539087866
158,187,0.0002779312372147435,-797.8715393509221
158,188,0.00018151965510703892,-660.6474375875623
159,172,0.0001348599952123958,-497.2138949558083
161,162,0.005263157894736842,-2748.5140114434303
163,164,3.2344316025530446e-05,-161.61592780746042
163,165,0.00013496644572539145,-613.1387784335544
163,166,0.00013496644572539145,-613.1387784335544
163,167,8.58159076470062e-05,-382.5135869495567
163,168,7.714482874048167e-05,-321.49529821297216
163,169,9.029277845236702e-05,-366.42295821541745
163,170,7.587552653966315e-05,-312.97376201326006
163,171,8.941315112935882e-05,-393.3875317906588
163,172,8.971135009983757e-05,-400.4460188668606
163,173,9.361981267621267e-05,-431.32102514720384
163,178,0.0001322424563307306,-484.373470433439
163,191,0.00029657634228507463,-1019.0345043173462
164,165,0.00013843476038915203,-642.9194798808575
164,166,0.00013843476038915203,-642.9194798808575
164,167,8.834972724137436e-05,-402.73537445487386
164,168,7.355101584875607e-05,-314.34353876518173
164,169,9.400068064224264e-05,-390.89597890486755
164,170,7.972137306275653e-05,-336.78012796485444
164,171,9.17227128751265e-05,-413.4476671932147
164,172,9.202091184560527e-05,-420.686847481348
164,173,9.813023851934097e-05,-462.31920243921843
164,178,0.000128648643439005,-484.71690270813696
164,191,0.00029237121409045775,-1037.0008508152773
165,166,2.8750503133804843e-05,-126.47590614054974
165,167,6.544090337431719e-05,-276.4776769961117
165,168,8.182127435620621e-05,-320.08044410460417
165,169,5.0101979725821663e-05,-192.78004025088674
165,170,7.259374691896532e-05,-281.4113044552881
165,171,9.977734533203431e-05,-411.45311653179965
165,172,0.00010386238971164204,-434.668395533518
165,173,0.00011743729492245626,-508.31800804777845
165,174,0.0010278428794730375,-3264.960968300902
165,175,0.00027617267291194387,-962.0304374426271
166,167,6.544090337431719e-05,-276.4776769961117
166,168,8.182127435620621e-05,-320.08044410460417
166,169,5.0101979725821663e-05,-192.78004025088674
166,170,7.259374691896532e-05,-281.4113044552881
166,171,9.977734533203431e-05,-411.45311653179965
166,172,0.00010386238971164204,-434.668395533518
166,173,0.00011743729492245626,-508.31800804777845
166,174,0.0010278428794730375,-3264.960968300902
166,175,0.00027617267291194387,-962.0304374426271
167,168,5.632121920719472e-05,-215.1978689612973
167,169,4.427733856748866e-05,-165.56740899728763
167,170,4.625182305059121e-05,-175.33402427427492
167,171,7.028982049637422e-05,-282.91655211896096
167,172,7.298843880380082e-05,-298.2680280711134
167,173,9.496060399341634e-05,-400.89916579135905
167,176,0.00013196350171514653,-406.75424416359846
167,177,0.00013196350171514653,-406.75424416359846
167,178,0.00010425041259955873,-345.1631837721321
168,169,4.806510326606929e-05,-165.16406510126555
168,170,4.9583766376935264e-05,-172.98083986206353
168,171,7.217451715557274e-05,-267.4960623056305
168,172,7.487313546299934e-05,-282.10861318429886
168,173,8.469952749356124e-05,-332.00442035288916
168,178,7.434190308953117e-05,-225.78134550424835
168,191,0.00022344488122666913,-613.9558297557304
169,170,4.141110863703854e-05,-140.9168337721242
169,171,6.852904015704094e-05,-247.07051023169373
169,172,7.122765846446754e-05,-261.1761654341128
169,173,7.926968247448547e-05,-302.97062660719826
170,171,5.377762077821588e-05,-197.97896460549114
170,172,5.62309101486037e-05,-210.4404721363354
170,173,7.408174381411508e-05,-287.7236913732887
171,172,2.923503166378814e-05,-111.47097559196077
171,173,7.22922552342828e-05,-291.2577328180027
172,173,7.430993910855304e-05,-304.06166000672204
174,175,0.0006731662226262709,-1617.474406234224
174,194,0.0056179775280898875,-5321.593547545692
175,192,0.000363956822349169,-936.1325939065189
176,177,2.8750503133804843e-05,-63.58529676779784
176,178,9.360231889511426e-05,-219.18790177725506
177,178,9.360231889511426e-05,-219.18790177725506
178,191,0.00021150818753057292,-476.74888402437034
179,180,0.00014722884510835247,-176.96185743592386
179,181,0.0008399525556900613,-846.891055108897
180,181,0.0005767071930969933,-503.6356116899482
181,189,0.00033922786277710415,-218.35425027260604
182,183,2.6434047052603755e-05,-36.40042163180761
184,185,2.7268760907504364e-05,-36.02954580577781
186,187,6.76171221586357e-05,-123.46647639284816
186,188,9.370276435696966e-05,-241.3033505275221
187,188,0.00012332323010500154,-276.42245688694015
192,193,0.00022604038425913528,-595.03773500666
