i,j,LLBCe,LLBMEe1
0,1,0.003978145510403575,-280.9973434307542
0,2,0.002896090529823127,-358.60070977945213
0,3,0.001630625387563407,-355.2165183782244
0,4,0.005494704848153123,-304.83983367965754
0,5,0.0024928040801056673,-149.23967334621688
0,6,0.0024418365889089426,-7963.988175829585
0,7,0.0055710244833105165,-485.9584547428554
0,8,0.004124299373578189,-480.4691590839928
0,9,0.0026138334467798396,-963.4108013910909
0,10,0.0026008103016089456,-653.1081539405598
0,11,0.0015676433784400246,-465.9131914134071
0,12,0.002225416615572646,-1497.1983997646932
0,13,0.0016386415728521,-548.2360837148376
0,14,0.001523056187059947,-545.1010931541248
0,15,0.004757035183216239,-530.8384460028362
0,16,0.0036719554630002395,-248.24464037996776
0,17,0.0014288525101029304,-884.2331187814251
0,18,0.001851292191577207,-1035.0034628206276
0,19,0.001435953152290129,-1872.2462742322848
0,20,0.0016306253875634068,-355.21651837822424
0,21,0.010493079990616936,-553.048138743823
0,22,0.00221133681489781,-2882.4687817062877
0,23,0.0022249002044927827,-649.664562928698
1,3,0.0018687961698165792,-450.54817421910855
1,5,0.0038311106456267756,-271.0856120528262
1,6,0.0023293409649724106,-6833.714672152554
1,10,0.002108937574053852,-420.26814067142607
1,11,0.0015716679834326883,-409.7500521528733
1,12,0.0013912894865275823,-848.4058527239831
1,13,0.0015140325936971637,-481.19425885294413
1,14,0.0015313603625972596,-484.2911889918388
1,18,0.0017115245503742437,-859.3017018410267
1,19,0.0012798405298405301,-1422.5842440911917
1,20,0.0018687961698165792,-450.54817421910855
1,22,0.0016912582872938287,-2135.7115085360524
1,23,0.0018471075319479572,-511.6000605948465
1,66,0.003491304011037673,-15172.061900658342
1,119,0.004519318826378091,-265.0759635851064
1,120,0.0019294790836382161,-512.9570529276224
1,121,0.0030260521580199335,-1031.6607413546192
1,122,0.0029548120866444653,-864.1554963105192
1,123,0.003690948572123535,-600.4972174809045
1,124,0.0029622596569713897,-1602.2370706461115
2,3,0.0016582874498784434,-615.3429220660328
2,4,0.006509873934490839,-645.0219110574375
2,5,0.003099056981110232,-472.656542471144
2,6,0.00228505086332283,-8571.425892718955
2,7,0.005768677772049326,-877.2014982186823
2,8,0.002511626205397831,-340.8006912084319
2,9,0.002269753350026414,-1003.0198330447222
2,12,0.0017705029950404066,-1561.4246652246266
2,13,0.0015108477501597339,-710.9121447157039
2,15,0.004997025187269052,-934.3141671860155
2,16,0.0030705131891090144,-280.9665345427488
2,17,0.001477335333077879,-1170.8457045768012
2,19,0.001579134241562347,-2555.999321443735
2,20,0.0016582874498784434,-615.3429220660328
2,22,0.0020461158583883975,-3305.969581432796
2,23,0.0025430246474978683,-1207.7882319744424
2,66,0.005705819189615608,-30792.688648788706
2,124,0.004374646078523906,-3785.352122335164
2,129,0.011123966210550687,-2069.361351331081
2,144,0.009693486590038313,-601.3113558874526
2,145,0.007241379310344827,-463.3915086832025
2,146,0.009693486590038313,-601.3113558874526
2,147,0.0048755198200988135,-956.6838225879922
2,148,0.0014191389125262099,-711.4178386236744
2,149,0.001849377556527784,-632.9845420419276
2,156,0.008588206838479943,-861.653458806668
2,158,0.0033841036859107295,-856.1395241868335
2,159,0.0029777892800319184,-548.7320127426599
3,5,0.0015985585182013743,-378.56721985868694
3,6,0.0018489214699982126,-6350.334343554367
3,7,0.003608003623759123,-1028.6794482219962
3,8,0.0018285460149731168,-625.8888919161898
3,10,0.0013615576175756488,-737.4028432830235
3,11,0.0008887735907937922,-337.3085835758238
3,12,0.001187934292814765,-867.3345652663455
3,13,0.0009186206157327136,-386.52397175475824
3,14,0.000797383499403701,-323.12317234117467
3,15,0.003289437031034924,-1109.2579104634553
3,16,0.0026115179303807753,-660.0562656382032
3,17,0.0008518821892947765,-630.8207180713159
3,18,0.0010854856923436683,-733.9785914086536
3,19,0.0010007703424488958,-1391.481134746796
3,20,0.0005285412262156448,-126.15734583879733
3,22,0.001128212628212628,-1511.6371136884154
3,23,0.0012004396118367624,-668.8012449843399
3,100,0.0015460688177872425,-1253.271661630659
3,111,0.0018739849155806519,-1617.1564143189878
3,120,0.0013335458945856731,-510.08855318629867
3,127,0.0016595608671523961,-682.9869777376041
3,132,0.0016688723750043764,-1078.924196547195
3,136,0.0016100298831507472,-829.1979960832517
3,148,0.001123136846481044,-613.8137524025263
3,149,0.001361647990798215,-425.1992896627714
3,151,0.0020707932364943653,-442.2134806306376
3,163,0.0012947838636259384,-417.4484558145293
3,164,0.001310696816279898,-449.95939726925343
3,165,0.001571012922315888,-410.03101400601236
3,166,0.001571012922315888,-410.03101400601236
3,167,0.0011202381492805256,-280.04029532276803
3,168,0.0013911962539101624,-296.1696439664442
3,169,0.0013776665811556683,-283.51064016781777
3,170,0.0013377973441784817,-278.69800376866726
3,171,0.0012860090719521591,-285.49353307944773
3,172,0.001258239282711337,-296.5420025652069
3,173,0.0017308114229173171,-414.75391740431553
3,176,0.0023863549225868062,-430.9029126246561
3,177,0.0023863549225868062,-430.9029126246561
3,178,0.002031184285202542,-392.94914591938084
4,5,0.005153235653235653,-216.1763091772148
4,9,0.0057357209973489,-1295.8985544670513
4,16,0.008034301089856645,-355.709263261062
4,21,0.01869256474519633,-305.52481386443833
4,66,0.006064996413976454,-26988.229645547948
4,152,0.00786718065579048,-682.5285361560551
4,154,0.007848060879886229,-1586.6010303128028
4,159,0.0060154308023626195,-430.2981066431865
4,163,0.005571513758398743,-954.5595344348731
4,164,0.005568103415623508,-1032.5832796891502
5,6,0.0025522350322776705,-8000.468525300577
5,9,0.002832014735320962,-928.8529901122937
5,10,0.0025000466231805876,-681.6185886323309
5,11,0.0015425405710238795,-442.1763961763984
5,12,0.0021292241589187817,-1433.8175006755525
5,13,0.001619960291544555,-542.3741026391782
5,14,0.0014709118442884671,-508.8680229756045
5,16,0.004045228161278923,-349.76902335858165
5,18,0.0015810250936808925,-805.6350315800127
5,19,0.0013482808037046864,-1633.667508476121
5,20,0.0015985585182013739,-378.56721985868694
5,21,0.01008374384236453,-532.6784438945892
5,22,0.002277202886418619,-3044.6912620092317
5,23,0.0021175506638460117,-723.5906605559168
5,152,0.0032340897062899856,-487.43997687469135
5,154,0.0035490609636722797,-1230.7947839658975
5,163,0.0021287006393112583,-451.7802447329509
5,164,0.0024868709501293237,-565.8770783461808
6,8,0.001897658039354413,-6886.642378754672
6,9,0.001329445306592378,-5758.992514675176
6,10,0.0009979355598386068,-3280.6056730691735
6,11,0.0010091156387134798,-3584.5232767568664
6,12,0.0007558012093911862,-3362.4113583578896
6,13,0.0009805681340088743,-3644.6450740589034
6,14,0.000980746205131466,-3569.590446770189
6,17,0.0006000654782808109,-2563.4308276161923
6,18,0.0006720385467601302,-2692.8935647677163
6,19,0.00036635974837423527,-1663.6541286278787
6,20,0.0018489214699982128,-6350.334343554369
6,22,0.000527382458582849,-2759.0838211580585
6,23,0.0009436395388677389,-3415.6869968354536
6,25,0.0042388187028641515,-13967.192301430949
6,26,0.002122741262761603,-8953.17757722933
6,27,0.002855637142407872,-11880.857872287397
6,47,0.003297828178978777,-10244.090353954953
6,53,0.0013810577238522837,-5343.8177791840735
6,54,0.002671742659105416,-9369.484666777691
6,66,0.002280524749888288,-28905.382288283952
6,73,0.000788735287690041,-3693.0470112688754
6,74,0.0012396202508988584,-4778.985161904621
6,75,0.0011410289764971482,-4105.064054724556
6,79,0.0008241302730342071,-3708.640863299611
6,80,0.0029511748132500315,-9898.964121711708
6,82,0.002804037939025189,-9046.710200916234
6,83,0.0023861281971571994,-10013.153580701943
6,84,0.003048572695221572,-9506.170518713256
6,85,0.0015294780709576045,-4975.603610170403
6,86,0.0017743639293574987,-5685.110235139702
6,88,0.0009670058350828707,-4142.9005089027705
6,89,0.0010325499232638371,-5247.890580605308
6,91,0.005289343782345526,-15460.516968682714
6,92,0.0008253691379983857,-4485.227520178398
6,94,0.001426137689363518,-4408.334118459562
6,95,0.0014507782095204264,-4461.941627198568
6,96,0.0008439473380265612,-3295.696791275311
6,97,0.002938777634947655,-9880.90908378357
6,99,0.001261679417721107,-4748.382989972599
6,100,0.0009982493012666558,-4491.855678722689
6,101,0.0013587769840474094,-4516.5862361009795
6,102,0.00233308239331617,-7491.514921787125
6,103,0.002850132205642534,-8926.81715760612
6,104,0.003068451603259088,-10448.803101351124
6,105,0.0019177842430097587,-5659.362951637097
6,106,0.0014324402234953658,-4419.790448514059
6,107,0.0035232821300564287,-10694.628345426863
6,108,0.0008377409236701456,-4180.432264409541
6,109,0.0027020060379744897,-9694.868652133195
6,110,0.0008433714687101001,-3963.8077184961126
6,115,0.0014324402234953658,-4419.790448514059
6,116,0.001458250114710416,-6793.543385723954
6,117,0.0014124978291031915,-4378.109921279259
6,118,0.0012016870884757143,-4918.034676107186
6,119,0.00223970539561623,-6667.929588834656
6,120,0.0011942632902681373,-4319.277328717869
6,121,0.0012181973724718707,-5557.75247812113
6,122,0.001181836606468904,-4979.741618903911
6,123,0.0015061998821583459,-5231.718334453732
6,124,0.0015770986582843798,-8260.875436337079
6,126,0.004059841610597931,-12907.420334914641
6,127,0.001829126733538106,-6739.8786495683735
6,129,0.004663910497961433,-16466.69497492826
6,132,0.001679728309297659,-7791.800006522867
6,136,0.0024209685231504703,-10078.638043482124
6,137,0.0035618636864354855,-11042.761966496635
6,138,0.002512076396288395,-11362.67449932909
6,139,0.0024936495081153403,-7448.958769454524
6,147,0.00429527412034482,-15653.845229615043
6,148,0.0015310322977655014,-6445.752821048234
6,149,0.0031132132270770747,-11207.15167879523
6,151,0.0031579011892977488,-9715.013510799588
6,152,0.0013718767415912252,-4427.428239234184
6,153,0.002711302107295199,-13148.395512593042
6,154,0.0010478691963353409,-4080.776435534596
6,156,0.0028721429477879708,-8484.518662121649
6,163,0.0017542254510667405,-5754.7687242664915
6,164,0.0016805535593457696,-5677.823618748512
6,165,0.0031888758204727213,-10512.444018406723
6,166,0.0031888758204727213,-10512.444018406723
6,167,0.0027610540559518445,-8728.632883235785
6,168,0.0028542505396029092,-8808.13239570655
6,169,0.003011347352918842,-9004.576211617943
6,170,0.00254224824813814,-7794.718887424101
6,171,0.002017209542827324,-6234.086102334102
6,172,0.001976335490907875,-6268.173699979116
6,173,0.001673427995158947,-5319.752617221077
6,176,0.003284982247611113,-9279.182262801405
6,177,0.003284982247611113,-9279.182262801405
6,178,0.003173209964932156,-9520.230267416138
6,190,0.005979739404352807,-16274.36791713697
7,8,0.005599771293570743,-691.7756330591501
7,15,0.002737520128824477,-132.45361309954797
7,16,0.010015276345265658,-713.2557215266723
7,17,0.0024020280129247577,-1673.5310965885346
7,20,0.003608003623759123,-1028.679448221996
7,22,0.002448439638245947,-3625.908822592169
7,23,0.002836284460137541,-1046.282866819903
7,27,0.004181956291900126,-1216.6810231457187
7,79,0.0029290139535912943,-1740.2539775673692
7,80,0.00417101404417175,-499.8816340169916
7,90,0.005488382440098785,-906.7417267047675
7,91,0.00908973273103708,-269.001124499856
7,93,0.005239987446295227,-517.9382601948586
7,97,0.004126833078938154,-499.3261347264656
7,99,0.0037392929230071897,-1346.1370936440044
7,109,0.003837827106666006,-566.697672185866
7,110,0.0023347629606782386,-1268.065623538179
8,10,0.002375624334278524,-766.9266760745473
8,12,0.0016632654970535302,-1425.6707236897837
8,13,0.0016083058430066595,-726.9843945969245
8,15,0.004809145926108528,-741.1664597928182
8,16,0.004750831156540499,-519.6666582716742
8,17,0.0014682050523388177,-1096.1996727565256
8,20,0.0018285460149731164,-625.8888919161894
8,22,0.0015521200874563687,-2285.5119142682615
8,23,0.0021348161146301625,-882.0657873234834
8,66,0.004360678737510045,-22068.152591969574
8,108,0.0032990541269276746,-3300.233235404974
8,124,0.003583568411358552,-2849.679548514815
8,129,0.009289308732421162,-1289.8786597962257
8,133,0.006983054323326911,-834.1833217959165
8,136,0.0026998869113837704,-1447.3435781939118
8,145,0.009021854321753515,-606.3005435910718
8,147,0.0047442066401611775,-847.1248853302833
8,156,0.007116062609116682,-496.55780202457487
8,158,0.0031233741040810684,-724.4281343255907
8,159,0.0033085237009330237,-604.8436900143336
8,191,0.009707454182660422,-776.0811293680797
9,11,0.0012401693082222554,-829.8571659404682
9,12,0.001357870448745017,-1748.716429039015
9,13,0.001165669505966602,-875.3563639431028
9,14,0.0012690406606103632,-977.4852112388488
9,16,0.004395510579251981,-1603.0302828765657
9,17,0.0011182277270406734,-1347.0839158918761
9,18,0.0011745354013257576,-1083.1821440331257
9,19,0.0011359212103283817,-2107.992651909509
9,27,0.005047116778666426,-3548.628879304869
9,53,0.003422504209871583,-2334.4055389396112
9,66,0.004390190220925545,-26259.66179434398
9,73,0.002379064056500997,-2220.8007806377373
9,74,0.00321553086719593,-2406.7437564001857
9,75,0.002440356978708001,-1024.6471561936507
9,79,0.0025758503001215302,-3304.581475952087
9,82,0.004531766245543714,-1570.2328334856843
9,84,0.004502972619192602,-1510.6076664474397
9,85,0.003351882213342864,-1382.9681101937376
9,87,0.0035847410282151514,-1594.983357198494
9,92,0.0027556629679516454,-3323.571899448357
9,108,0.002434367045542378,-3338.7705995765705
9,110,0.0025065572123877935,-2145.1466163365617
9,111,0.0017132560210874927,-1171.7614519928595
9,113,0.004680769225294348,-2363.605543294101
9,118,0.0027332105805690627,-2546.744037162403
9,124,0.003200702690629034,-3527.5671631475457
9,144,0.011038059163059166,-2321.5557958243403
9,145,0.010071955017607194,-2251.4176394892525
9,146,0.011038059163059166,-2321.5557958243403
9,148,0.0012886417547219415,-978.1434374836429
9,152,0.0030103346250784347,-1421.577630971132
9,154,0.003072733867225067,-2274.5471729034234
9,157,0.0030405902083642943,-714.3032518245723
9,158,0.002534689001770227,-964.9926476901883
9,159,0.0019195357782314305,-554.162062842037
9,163,0.0018230468358542832,-1243.6729729266408
9,164,0.001847231786724765,-1323.6701361343648
10,11,0.001086171826799188,-644.0566847097807
10,12,0.0009370863049784681,-1054.9871279963604
10,13,0.001047991979813669,-702.5252579858602
10,14,0.0010641539791777174,-731.5750765457411
10,17,0.000798237162583204,-709.6985117106385
10,18,0.0009938114794157834,-958.1397642329101
10,19,0.0007097725587250294,-1041.8611151394784
10,20,0.0013615576175756488,-737.4028432830237
10,22,0.0008408092613735176,-1312.6971556187327
10,23,0.0009210281334756121,-347.38479572371153
10,66,0.0027413354248801477,-14282.505352462493
10,79,0.0015254121151120495,-1618.9145749137242
10,88,0.0014896294172187699,-1241.3418237182543
10,89,0.0015185156013699209,-1903.5157140703848
10,94,0.0019464402084845031,-515.6203969734806
10,95,0.0020027384312368075,-522.8773509310894
10,96,0.001596428005201199,-1042.5481307820357
10,100,0.0011557601610730293,-1000.8720865689764
10,101,0.0019701350036503496,-666.6420551734036
10,102,0.0024118006563669117,-879.6992124923967
10,105,0.0025534091758581553,-693.2280164394474
10,106,0.0019461410960709665,-533.9228644920186
10,108,0.001395980598029986,-1906.4054110367908
10,115,0.0019461410960709665,-533.9228644920186
10,116,0.0019251002384280277,-1960.8999247004574
10,117,0.0018924364640350016,-526.0348922136897
10,119,0.0030097530778992964,-698.6634488312837
10,120,0.0012271769213878358,-693.9085245026218
10,123,0.0020721688236796537,-834.5018760102338
10,124,0.002011911766303136,-1998.3026529184608
10,129,0.006093015986327055,-1970.628304045136
10,132,0.0017679612066182637,-1788.9650926791785
10,136,0.002027173123273249,-1531.1743555177993
10,147,0.004665882559134445,-1874.459318865411
11,12,0.0007341811952467689,-499.2807114799257
11,13,0.0005260770975056689,-182.7047409949807
11,14,0.0005189504373177843,-179.59409316715244
11,17,0.0006895015151543568,-476.1314424817748
11,18,0.000657781719811795,-351.9890229247919
11,19,0.0006957280049385311,-890.304833338999
11,20,0.0008887735907937923,-337.3085835758237
11,22,0.0009729596653850372,-1621.5311476529296
11,23,0.0010128678753041022,-758.4829597382616
11,66,0.0029972956723591277,-17931.0532795701
11,73,0.0015515168429379761,-1794.6592110660818
11,75,0.0015989847580985656,-796.6690002745012
11,92,0.0016407765450437936,-2295.4916277412885
11,100,0.0011955275438575643,-1020.6196420733982
11,110,0.0018530740857618535,-1973.1463603986592
11,111,0.0010490809634714944,-748.3541232929166
11,113,0.0025728229315737676,-1736.5252748606495
11,120,0.0008976306392757251,-354.55107944626354
11,124,0.002268422631938657,-2409.471060440554
11,127,0.0013889054870422795,-652.7234399912298
11,132,0.001359502036214901,-1051.5594449867472
11,136,0.0014782098178252353,-889.051072339601
11,148,0.0009656112691199668,-438.52425825548033
11,149,0.0013517889133044724,-543.6801349244719
11,151,0.0014003995331566255,-353.660863067723
11,157,0.0018644719962943829,-402.5263501277154
11,158,0.0014608945853006672,-536.2789197498217
11,159,0.001392520877814995,-386.52628056474043
11,163,0.0010578026977313966,-393.70929208068605
11,164,0.0010593471454103782,-418.734131236036
11,165,0.0014166841828573474,-430.1972836199915
11,166,0.0014166841828573474,-430.1972836199915
11,167,0.0011024254253483405,-359.47512924834655
11,168,0.0012123842779641683,-315.9007888772241
11,169,0.001198980144183013,-290.4799210879501
11,170,0.0011012230399985502,-270.257122699328
11,171,0.0010307353738476187,-258.2487500432149
11,172,0.0009684110768294443,-247.07917737617166
11,173,0.0011927037750475533,-322.5527953193314
12,13,0.0006308479771594526,-450.4110299289152
12,14,0.0006600203833810391,-469.7475701520204
12,17,0.0006666483804745453,-808.5342942948705
12,18,0.0006542937547819477,-699.4015595798719
12,19,0.0004928666617899142,-892.4212195087748
12,20,0.001187934292814765,-867.334565266345
12,22,0.0007605063786883897,-1744.5012035440404
12,23,0.0008720064645576772,-1074.0713082488965
12,55,0.008987805247952943,-11533.665430197436
12,66,0.002353971220645278,-16711.233096930067
12,73,0.0012191794530181741,-2384.7510781509827
12,75,0.001453688255455181,-1543.3893146707871
12,88,0.0013040689905033436,-2543.5226457384542
12,89,0.0014258563036661127,-3662.0203799656524
12,92,0.0013184100417528884,-2996.4425111878445
12,100,0.0007905414552539379,-1067.3731570375248
12,110,0.001493960449047861,-2787.118838658188
12,111,0.0009278307360611169,-1235.2357459405648
12,113,0.0022564747349165786,-2947.312793313703
12,120,0.0007435809760570309,-558.3845865602489
12,121,0.0014864012671600185,-2135.193137911566
12,122,0.0014173060988768712,-1945.7993294095736
12,124,0.002083385667986362,-3155.9554995548406
12,127,0.001433231823848696,-1438.065479645353
12,132,0.0014760305506826613,-2021.2544787831976
12,136,0.0015097273981155013,-1787.0742881982587
12,148,0.0012699043920908544,-1189.084761348229
12,149,0.0017119769296859446,-1433.7119726763992
12,151,0.0016897381023504767,-1054.5867020111807
12,153,0.0034186313922129185,-5220.711516065
12,157,0.001946731168042643,-1091.6039452535288
12,158,0.001286774865415606,-871.7922176128412
12,159,0.0014818442465180277,-939.7707451038167
12,163,0.0012348186609911667,-1005.005216510959
12,164,0.0012017509978141817,-1024.7065472942038
12,165,0.0017307853759540221,-1244.6620136318154
12,166,0.0017307853759540221,-1244.6620136318154
12,167,0.0013767295963303262,-957.7517523582792
12,168,0.0014539353916391117,-906.0588400047704
12,169,0.0015386691412005195,-937.4562370531775
12,170,0.0014281497589135159,-877.4576669885214
12,171,0.00122397747332802,-763.2894776192672
12,172,0.001181664719801749,-745.6604333536828
12,173,0.001281565565984542,-816.1013760502717
12,176,0.0029893391212589926,-1676.3525846351524
12,177,0.0029893391212589926,-1676.3525846351524
12,178,0.0027526945917039944,-1608.902329705216
12,186,0.0036921715680473307,-2057.072058314555
12,187,0.006109159510798855,-2978.5832859735174
12,188,0.004065778178295579,-2501.109117187289
13,14,0.0005661529246434907,-233.75165402493727
13,17,0.0006736657200707951,-504.50991659354685
13,18,0.0006646070086997306,-414.973245923383
13,19,0.0006754386297637163,-946.9307418104305
13,20,0.0009186206157327136,-386.523971754758
13,22,0.0009143461055882998,-1618.654768806194
13,23,0.0009877029476015287,-806.0111215069211
13,66,0.0029521129765987526,-18033.685206891958
13,73,0.00149316069089187,-1951.5199784534466
13,75,0.0015600882104592484,-912.7870630135257
13,92,0.0015872227516439633,-2488.148169771558
13,100,0.001098045077192855,-1042.1700203271746
13,110,0.0017751278449449075,-2143.071143920273
13,111,0.001027622465478545,-844.7729958357645
13,113,0.002475519968981637,-1931.0294989294973
13,120,0.0008960613035137582,-419.7715419039456
13,124,0.002207874394919832,-2455.6881248492455
13,127,0.001361593240074817,-752.550504667478
13,132,0.0013462220736513554,-1194.4888999889702
13,136,0.0014582767105694558,-987.8884703665999
13,148,0.000900106173887718,-464.7515716448807
13,149,0.0012773114350770687,-589.1635581621321
13,151,0.0014578959529939922,-448.2846712201545
13,157,0.0018260594281002444,-485.9291358115893
13,158,0.0013310466618125596,-526.1336968887323
13,159,0.0013615568904030437,-425.3029143875319
13,163,0.0010976407168728573,-486.2449110859909
13,164,0.0010674147233667914,-500.69846247054926
13,165,0.0014748291923009883,-539.4847377662618
13,166,0.0014748291923009883,-539.4847377662618
13,167,0.0011509374564529272,-450.3877385948167
13,168,0.0012279500616477147,-389.3787420594949
13,169,0.0012659649175928015,-374.7603654100436
13,170,0.0011871832290384328,-355.51500509734194
13,171,0.0010845813730429117,-331.2060088998938
13,172,0.0010222610052926795,-317.4489423290757
13,173,0.0012683154646475033,-415.6880574939404
13,186,0.003816437353372083,-1146.3702417628692
14,17,0.0006910539602847292,-548.5661661833274
14,18,0.0006544918515257498,-407.5071068143332
14,19,0.0006444539865592496,-856.2524477018136
14,20,0.0007973834994037009,-323.12317234117484
14,22,0.0009317670202399972,-1606.9442107566776
14,23,0.000958254480650466,-758.3041041265992
14,66,0.00319998398513765,-20512.93200716959
14,73,0.0015634833695383791,-2036.517285214477
14,75,0.0016532907281477127,-962.756468158735
14,92,0.0016564789192756197,-2589.2971125208187
14,100,0.0011503998057919135,-1119.0772329356582
14,110,0.0018705162678107246,-2250.1873575166414
14,111,0.0010530759940018722,-862.6822207743417
14,113,0.002849646069218353,-2211.7362944374786
14,120,0.000881371262977853,-411.49968631571363
14,124,0.0024383693966501963,-2921.94070999129
14,127,0.001330670671977944,-733.0378063919459
14,132,0.0012929944697073344,-1047.4829227555717
14,136,0.0013968326525524244,-972.8229097215196
14,148,0.0010044495652369075,-534.8637364622122
14,149,0.001327385759285102,-609.6095593914149
14,151,0.0014239473308100758,-436.10279243085427
14,157,0.002053464675913656,-542.6103338887898
14,158,0.0015787063414680984,-687.4902285588511
14,159,0.0015277277462812054,-511.0185488638142
14,163,0.0009971007020155628,-425.6323492990815
14,164,0.0009951517687678477,-449.93164543647515
14,165,0.0013657211286474695,-498.0587712472787
14,166,0.0013657211286474695,-498.0587712472787
14,167,0.0010044669547483605,-352.3280883101357
14,168,0.0011507129288693132,-350.14028708176943
14,169,0.001176148792708803,-346.9870591198895
14,170,0.0010777040330207748,-321.77659580740084
14,171,0.0010151900847602201,-308.9522285110775
14,172,0.0009599160475857306,-297.06693456749633
14,173,0.0011750713951590897,-383.9605766184459
14,176,0.002428487906429082,-635.7198227434616
14,177,0.002428487906429082,-635.7198227434616
14,178,0.0021816573280263817,-606.5054818534496
15,16,0.008680573820404535,-803.9724642592191
15,17,0.002049494109414557,-1532.4581810470054
15,20,0.0032894370310349243,-1109.2579104634556
15,22,0.0022011657380056862,-3516.751739521538
15,23,0.0023150565969476686,-998.4605917253238
15,27,0.0033035984265180405,-1016.1484912466033
15,79,0.0025258574946531494,-1565.4426338590729
15,80,0.0035604567170747147,-533.0588624441642
15,87,0.003614355114249465,-750.4004944737267
15,90,0.004592620436111549,-886.7174711330459
15,91,0.00782004596710479,-327.0674628877934
15,92,0.002676971100548841,-2542.2380124797746
15,93,0.004588121596340667,-517.392815806835
15,97,0.0035124136402347526,-530.5886059068204
15,99,0.0032938030310771327,-1339.9664102400882
15,109,0.0032147983622529226,-584.9109104121594
15,110,0.0017680490962616335,-1004.502268935048
15,113,0.00373294720228716,-1531.861719902488
16,17,0.002641200805664274,-1768.6497354774128
16,20,0.002611517930380775,-660.0562656382032
16,21,0.015123133773927424,-636.0287734782326
16,22,0.003580849570007868,-5001.520147975861
16,23,0.004824216831923975,-1744.6267060503842
16,144,0.013452380952380954,-289.69044075309347
16,145,0.011071428571428572,-247.99101933495453
16,146,0.013452380952380954,-289.69044075309347
16,147,0.006672189802878213,-739.0759470381092
16,148,0.002505700885647062,-1037.6630406132042
16,149,0.0032281691760050733,-747.5491430500405
17,18,0.0006522924794656913,-727.3073723509643
17,19,0.0004600258442385416,-786.7381763338016
17,20,0.0008518821892947765,-630.8207180713159
17,22,0.0006136398750678299,-1216.4715726566433
17,23,0.0006951630002551626,-680.2925268711748
17,66,0.0027186766060270057,-18927.13282375041
17,73,0.0010924113799098641,-1967.5095964836355
17,75,0.001404187082350701,-1380.9630386131082
17,79,0.0011728441213331808,-2100.5963234676915
17,88,0.0011964767355333123,-2055.2288838163386
17,89,0.0012965628619468921,-2965.614729103309
17,92,0.0011534544078509138,-2426.9805965140085
17,94,0.0017485805051479807,-1257.3849873512434
17,95,0.0017915725544073605,-1238.3860667871527
17,96,0.0012411757682179105,-1485.0825921549506
17,100,0.0008780391581131187,-1022.8044500186191
17,101,0.001760641514436092,-1513.4935650103785
17,106,0.0017642256605446892,-1263.637832351229
17,110,0.0010994925287011851,-1806.5915653435177
17,111,0.0008210544502541051,-996.0470071270744
17,113,0.0022276913880745638,-2579.118901327119
17,115,0.0017642256605446887,-1263.6378323512288
17,116,0.0017852738206131722,-3367.535090007186
17,117,0.0017260870217049105,-1284.2273882087618
17,120,0.0009116388169307287,-736.0534230737454
17,124,0.0019216863900122984,-3247.565128650896
17,127,0.0013719864215381871,-1276.7002610376248
17,132,0.0013126490520009386,-1867.1893358929801
17,136,0.0014248995891349935,-1614.4150214245494
17,148,0.0010815554200117232,-942.4529451075731
17,149,0.0014407422469757505,-1149.6793195095827
17,151,0.001603524430887793,-946.7668782767748
17,157,0.0021156530172923606,-1115.2605476634465
17,158,0.0013740498051717147,-1026.676506720073
17,159,0.0014962064021203803,-896.1039222420713
17,163,0.001065949837277455,-849.5706191370003
17,164,0.001066268784116147,-890.4502359052682
17,165,0.0016132877093815163,-1098.77311447958
17,166,0.0016132877093815163,-1098.77311447958
17,167,0.0012297160674206058,-886.6746986417726
17,168,0.0014039997617174675,-852.1891276298245
17,169,0.0014333771652941993,-823.6483241126953
17,170,0.0013585242037944822,-787.3936640090326
17,171,0.001241630231293751,-730.4570654563847
17,172,0.0011993174777674797,-714.4481119245434
17,173,0.0011276095898869415,-680.724906801069
18,19,0.0004846966922809532,-740.3272983242404
18,20,0.0010854856923436683,-733.9785914086536
18,22,0.0007838091389104312,-1802.340238481634
18,23,0.0009443144703014917,-1111.0388741296133
18,53,0.0018025726419938863,-2038.166867498834
18,66,0.002231592747094828,-15482.009347163721
18,73,0.0012679279950970276,-1948.1966196812225
18,74,0.0016322855399553673,-1998.5061503789582
18,75,0.0013797549832404,-1057.2723836397047
18,85,0.001935826652376344,-1434.9697092513843
18,92,0.0013813910957090575,-2554.0628757530153
18,99,0.0017017434861062097,-2265.74248654129
18,100,0.0010430427817717076,-1397.9632530859833
18,108,0.0013373262000800558,-2610.0659590280243
18,110,0.00131645191510922,-1924.5519777308339
18,111,0.0008200856044828308,-830.2192147075995
18,113,0.0023481323669895227,-2323.989605550024
18,120,0.0008213114655978687,-521.6223829351879
18,124,0.001964090356409455,-3035.710326328783
18,127,0.0012502161967660882,-984.2799316226419
18,132,0.001260907485585619,-1509.9445663277681
18,134,0.0041486751795388995,-2284.1129162642023
18,136,0.0013783184111141192,-1261.7146872118035
18,138,0.0031835166082983973,-3841.6274689934044
18,148,0.0010460440976431085,-816.8122002139376
18,149,0.0015962739442469689,-1132.7843557663102
18,151,0.001760443887376111,-852.9353863693576
18,152,0.0012985563268832323,-733.5443181813562
18,153,0.0035332460947521396,-4044.243324173823
18,154,0.001328883153328617,-1393.5772966988761
18,157,0.0020427037109367933,-878.4624847727197
18,158,0.0014506296721740663,-931.9187106359711
18,159,0.001342343312682296,-684.7502768301966
18,163,0.0009639726591023238,-605.4081026663986
18,164,0.0009606928606588804,-634.5746265867904
18,165,0.0017392287453780535,-981.5005048106492
18,166,0.0017392287453780535,-981.5005048106492
18,167,0.0012333575790144666,-694.9359145009006
18,168,0.0015112674959202447,-754.3651963879073
18,169,0.0015512631281731557,-730.294777866972
18,170,0.0012424405516510782,-552.5336142164945
18,171,0.0011294617732587658,-510.3680741186936
18,172,0.0010800576825012917,-494.6512429590939
18,173,0.0012900615299983715,-661.7752288778988
19,20,0.001000770342448896,-1391.481134746796
19,22,0.0005044945910707282,-1434.9159353415064
19,23,0.0006302164950011775,-1000.7606619153582
19,53,0.0014299028807963552,-3157.855908394242
19,66,0.0021165054004559924,-17349.76444325269
19,73,0.0008273448874299056,-2156.147768650806
19,74,0.0012916414928889957,-2861.030012676417
19,75,0.001058509205786911,-1750.62836766032
19,79,0.0009581259176790368,-2636.6147033616394
19,85,0.00152257071952788,-2411.7725948230573
19,88,0.0009583284184229806,-2347.7024285260327
19,89,0.0010470098746882478,-3300.3267892995705
19,92,0.0009301570704549594,-2652.526184956789
19,94,0.0014466856720978145,-1848.2656869476593
19,95,0.0014859809073686737,-1836.82929054974
19,96,0.0009534839816085192,-1772.092369610106
19,99,0.0013431406417634697,-2773.9341092846403
19,100,0.0007169825358052353,-1413.3995993565934
19,101,0.0014388654596974159,-2081.7109433486407
19,105,0.0020673144375938737,-2812.1228691245888
19,106,0.0014593487634646095,-1858.9015399953028
19,108,0.0009348399595555305,-2869.1075363843765
19,110,0.0009170674190651884,-2339.962597820457
19,111,0.000642225241528884,-1203.8086745465414
19,113,0.0019470080645091752,-3751.4422741830112
19,115,0.0014593487634646093,-1858.9015399953025
19,116,0.0015042634059623697,-4159.303261069228
19,117,0.0014363013149678147,-1843.0617664877439
19,119,0.002480757442036923,-2929.2452197976404
19,120,0.0007676598838064049,-1091.5386915559575
19,121,0.0012244637175600924,-2462.746485346846
19,122,0.0011808058374111207,-2187.3810791462874
19,123,0.0017086164855010168,-2690.0005868713642
19,124,0.0016112057277906018,-3931.1552162397466
19,127,0.0012719866478777425,-2188.0460405588988
19,132,0.0012001527484514917,-2744.7928618710616
19,136,0.0013174429046942406,-2603.736553214743
19,138,0.0024482844002405055,-5908.3547811707585
19,148,0.0011930458404607086,-1985.3103587692708
19,149,0.0017245907642774538,-2611.298112560384
19,151,0.0017029640571400535,-2029.119792902772
19,152,0.001250432231733408,-1588.8389886178256
19,153,0.002791527449036796,-6191.990626772605
19,154,0.0009255504770508413,-1490.9568780551192
19,157,0.0018010430115693264,-1970.575139837404
19,158,0.0012221444566680542,-1679.0793947827071
19,159,0.0013702905241513685,-1655.3366714130448
19,163,0.0010219578448357298,-1406.9872355934504
19,164,0.001014830385212292,-1452.6529414648776
19,165,0.001730272248158557,-2312.8640069854646
19,166,0.001730272248158557,-2312.8640069854646
19,167,0.0012855618864479586,-1632.3021356696931
19,168,0.0015286112748101976,-1818.3486057535754
19,169,0.0015870415718842487,-1854.268174823411
19,170,0.0013933420957697488,-1598.2662484701048
19,171,0.0012021381451673017,-1395.4391385078004
19,172,0.001173895900588762,-1375.533584592289
19,173,0.0011328531661191543,-1373.7991055554635
19,176,0.002029113187007923,-2117.3008418231843
19,177,0.002029113187007923,-2117.3008418231843
19,178,0.0021986979776141826,-2491.8862467525773
20,22,0.001128212628212628,-1511.6371136884154
20,23,0.0012004396118367624,-668.80124498434
20,100,0.0015460688177872425,-1253.271661630659
20,111,0.0018739849155806519,-1617.1564143189876
20,120,0.0013335458945856731,-510.08855318629867
20,127,0.0016595608671523961,-682.9869777376041
20,132,0.0016688723750043764,-1078.924196547195
20,136,0.001610029883150747,-829.1979960832516
20,148,0.001123136846481044,-613.8137524025263
20,149,0.001361647990798215,-425.1992896627714
20,151,0.002070793236494365,-442.2134806306375
20,163,0.0012947838636259384,-417.4484558145294
20,164,0.001310696816279898,-449.9593972692534
20,165,0.001571012922315888,-410.03101400601236
20,166,0.001571012922315888,-410.03101400601236
20,167,0.0011202381492805258,-280.0402953227681
20,168,0.0013911962539101624,-296.1696439664442
20,169,0.0013776665811556683,-283.5106401678178
20,170,0.0013377973441784817,-278.69800376866726
20,171,0.0012860090719521591,-285.49353307944773
20,172,0.001258239282711337,-296.542002565207
20,173,0.0017308114229173171,-414.75391740431553
20,176,0.002386354922586806,-430.90291262465604
20,177,0.002386354922586806,-430.90291262465604
20,178,0.0020311842852025414,-392.9491459193808
21,87,0.008753857086436506,-759.1202907422444
21,92,0.006689685462381847,-4368.273212197124
21,118,0.009128768254807908,-2527.310847391763
21,132,0.009917134087535024,-4127.989511990987
21,175,0.026196723587233513,-414.74561352422546
21,192,0.02109298841324985,-389.6743178947886
22,23,0.0008063106545995652,-1321.8997036384367
22,26,0.0029046061072958676,-8417.148240670136
22,30,0.022048960385893664,-75702.47818101512
22,66,0.002840336608722232,-28626.96035344225
22,73,0.0011445169083484515,-3893.3978946797974
22,79,0.0011886285262000685,-3809.0824944618926
22,88,0.001282560260536134,-3603.0796732012277
22,89,0.001414109584567093,-5051.2771434406
22,90,0.002646864494740032,-5077.476305533936
22,92,0.0012033876082079807,-4293.373056023932
22,94,0.001657058270464195,-2343.8308924087282
22,95,0.001683684875321906,-2306.1938491329847
22,96,0.0009912344036133215,-1698.3285572502614
22,100,0.0006590096312556822,-1209.9244088336552
22,101,0.0016871736303620927,-2688.8556451288023
22,106,0.0016631548617763259,-2346.2465698578385
22,108,0.0011249978820369424,-4220.733910217958
22,111,0.0010940919409924317,-2698.6548032552714
22,115,0.0016631548617763259,-2346.2465698578385
22,116,0.0018931734631447603,-5973.960824380766
22,117,0.0016477253954345502,-2339.8466231563307
22,118,0.0015230000899155499,-4601.175904366571
22,120,0.0011353480835218992,-1848.5577970065826
22,121,0.0015817654263744218,-3228.451721738543
22,122,0.0014753670239555405,-2843.147558507573
22,123,0.0020067462439965255,-3882.2778764945
22,125,0.0028769885732651225,-4014.8539161219232
22,126,0.003411761026550235,-4380.372788551855
22,127,0.0012432136457202303,-2077.452487593082
22,129,0.0036945033937942208,-5495.470898727485
22,130,0.003922533734352133,-5648.718040934826
22,131,0.0053027215360124495,-6473.665373780738
22,132,0.0011321226386411965,-2384.6288765245313
22,133,0.003313004734057366,-4054.7618171220697
22,136,0.0012175696667987086,-2225.9324471536006
22,147,0.0027303283213467515,-4144.70683698819
22,148,0.001354846237883271,-2751.5531519495753
22,149,0.0018864312226123054,-2907.0642839271027
22,151,0.002056751979630227,-2634.003453664737
22,152,0.0015557882802762965,-2579.0256518809642
22,156,0.0036728985435745863,-4388.3536092297545
22,163,0.0012272687274028878,-1899.2484975562566
22,164,0.001203762505780413,-1934.092292955358
22,165,0.0016887788422038166,-2311.2927045170736
22,166,0.0016887788422038166,-2311.2927045170736
22,167,0.0015382200390002187,-2045.1203799078544
22,168,0.0016721130448604468,-2146.135461485777
22,169,0.0017492771150072546,-2152.0985350679307
22,170,0.0016525181523103598,-2045.1146380118496
22,171,0.0014960897853556771,-1870.7002717601554
22,172,0.0014702745834980777,-1903.0125714423482
22,173,0.0013921585342176008,-1811.3111440061352
22,176,0.002638200006621058,-3066.666000278162
22,177,0.002638200006621058,-3066.666000278162
22,178,0.0024943690811458728,-3063.8458904037825
23,66,0.0030756846618499424,-17701.395782514443
23,79,0.0014407716445459231,-1765.8209172921086
23,88,0.0014564246009421207,-1494.6642808768217
23,89,0.0015276173822509928,-2298.361915167284
23,94,0.0019232891426319617,-687.3387807680191
23,95,0.0019695551873256793,-694.7640855633719
23,96,0.0016732287411309421,-1367.4181844799077
23,100,0.0011563235401945205,-1230.100778250442
23,101,0.001967599246029392,-878.3190405029162
23,102,0.0025751118646735985,-1230.4908005497255
23,105,0.0026330954112340405,-961.7012107661913
23,106,0.0019224321065260952,-709.2935649990877
23,108,0.0013512321591582456,-2204.431102606979
23,115,0.0019224321065260952,-709.2935649990877
23,116,0.002025091169646913,-2505.7468894667563
23,117,0.0018781303056883468,-701.1321769386882
23,119,0.0035008155053661985,-1107.2995114200514
23,120,0.00122542372756067,-876.9182965226822
23,123,0.0021088237053700806,-1103.5739570701742
23,124,0.002245385744233324,-2642.1035050430733
23,132,0.0021733068244900273,-2601.4366508514427
23,167,0.0018637716521121724,-1029.2149681007522
23,176,0.003259811070355501,-813.479727847268
23,177,0.003259811070355501,-813.479727847268
23,178,0.003097296188667904,-955.2772002847851
24,25,0.01743589743589743,-549.9756829786453
24,26,0.013567684242984893,-2858.727713542444
24,27,0.01303418803418804,-1635.012971643355
25,26,0.0016836855190984709,-683.776035971327
25,27,0.0016535409138941025,-375.10452683735315
25,61,0.009551148478319277,-7219.755690714045
25,73,0.0023000627440332173,-1456.4431508841285
25,79,0.001595250669459638,-917.3798430816421
25,80,0.002947865158260825,-299.4226047500488
25,86,0.0032696593246171316,-568.5250007044515
25,88,0.002559861401395463,-1161.19914533187
25,89,0.0021812318084453277,-1571.629943394594
25,93,0.0026679982086391255,-221.33831464018147
25,97,0.002453834212549207,-252.51445085471445
25,99,0.0021823116618133556,-703.832351173767
25,102,0.0024400433276186456,-292.48778055641986
25,104,0.0018052979450038267,-234.26404171785626
25,105,0.0034582058893034835,-316.9372337226087
25,107,0.0027702098726173677,-218.8385367656375
25,108,0.0028208109250193775,-1817.1863450383246
25,109,0.0021516922109842784,-302.1433889751004
25,110,0.0022751831854620017,-1146.156000406659
25,114,0.0064633655145854355,-544.8637562276847
25,116,0.0021201147515135326,-1078.2707073640738
25,118,0.0028574761996501023,-989.4885078099187
25,143,0.004135087135087135,-185.77368209311382
26,27,0.0011188972400720124,-652.157277436056
26,34,0.0068774650605191445,-9850.704680098714
26,47,0.0019953299494821974,-694.0601437340182
26,53,0.0013451966377994028,-832.723705359802
26,54,0.0013797236378786484,-738.8661314749131
26,61,0.0037926712105735795,-5880.83338912383
26,69,0.006231469831909717,-11806.026222318094
26,73,0.0009662353180056399,-823.1290513290063
26,74,0.0012060571637845519,-875.0039442628866
26,75,0.0018072346670671333,-1033.1096194283355
26,82,0.0018851636114019326,-626.3949692428181
26,83,0.0016244176918372396,-1206.2779088618474
26,84,0.0023439367151852158,-721.822342250899
26,85,0.0015505139196848388,-661.0020103594999
26,86,0.0015455537789811364,-750.2263128148678
26,87,0.0021817925173034185,-998.8436349284428
26,88,0.0011166852497454737,-1166.230456089008
26,89,0.0010607088416219913,-1355.970164557492
26,92,0.001457433007269259,-2161.7321028769325
26,93,0.002038715541056461,-775.3270100976127
26,94,0.002292431557880165,-1073.0765663833438
26,95,0.0023914645529490163,-1069.1461467110578
26,96,0.00243761553276175,-1849.0841676483797
26,101,0.0018947308897314433,-1024.4913572717107
26,103,0.002269919058723661,-825.4179467831335
26,104,0.0011818524194383625,-536.6355856786718
26,106,0.002316421498370604,-1079.472385766282
26,108,0.0013509901672439746,-1708.1436481269611
26,109,0.0015103859402370275,-747.4569474842053
26,110,0.0011215086824699855,-1138.929468144593
26,111,0.0016964677570046858,-1596.8238033699292
26,112,0.003141996832506044,-1162.5561243604197
26,113,0.0018640934744275277,-1456.1444256206778
26,115,0.002316421498370604,-1079.472385766282
26,116,0.0010610833308388194,-1019.2484565856398
26,117,0.0021864591079826883,-1065.2065922192564
26,118,0.0013780517309153603,-889.2443826436757
26,124,0.0019098079263953113,-2860.4710632137917
26,137,0.0030337938705285636,-957.5808357322383
26,138,0.0022533371932250486,-1791.4566458208235
26,139,0.0037131302938617538,-1170.9407774116394
26,143,0.0036948045273669707,-940.7668419795235
27,53,0.0014762761585162248,-790.3664697532558
27,61,0.0056031318640603865,-6872.923646792665
27,66,0.0026030007668927063,-15187.952306560634
27,69,0.00912160372416488,-13886.640766563316
27,73,0.0012601627400748024,-1038.421608201657
27,74,0.0014210533962311055,-841.0129055742436
27,79,0.0010299999253764924,-771.8419677395058
27,82,0.0017923923184895378,-383.76882808117745
27,83,0.001866415584851527,-925.8159145014815
27,84,0.00214650020558952,-549.201268834262
27,85,0.0017775248962066837,-662.4765678598378
27,87,0.00244873603186038,-637.6400952760284
27,88,0.0014434916101672345,-1295.075240115467
27,89,0.0013624460002167548,-1561.1142358298591
27,90,0.003586614471650653,-1566.4456690249388
27,91,0.005704365079365081,-832.6827973816614
27,92,0.0017259159230320906,-1861.8482099174562
27,93,0.0017943646051706897,-376.8091325028899
27,97,0.001715705594502578,-441.5966309572132
27,102,0.0017217374247842413,-496.49160527141163
27,104,0.0014433429758816075,-514.9989358176114
27,107,0.0023524636502952824,-615.7488542189207
27,108,0.00155360257304319,-1361.8375309392034
27,109,0.0013793607517257054,-349.89462761106125
27,110,0.0011599815702325984,-696.7318444591389
27,111,0.0020650400715325284,-1609.6370867313049
27,113,0.002427812744194394,-1229.645097098134
27,114,0.0067641814319555175,-1364.757665387503
27,116,0.0013844503072966258,-1214.3678761287117
27,118,0.0015001349493947785,-787.9061369944777
27,123,0.0021856337556677417,-899.4504457859966
27,143,0.0035129916379916383,-552.1072079387459
28,29,0.0625,-97.40343414409574
28,30,0.0143244289585753,-3487.543087571457
28,31,0.010466988727858293,-2477.7128714337246
28,32,0.00985772357723577,-1266.3613340925451
29,30,0.035403453136011266,-9986.551456114403
29,31,0.02531829153948969,-7267.0241696711255
29,32,0.024967810724818164,-4057.2849688795272
29,77,0.125,-170.27571597648415
29,78,0.11756613756613757,-231.8030193758056
29,142,0.07151515151515152,-201.9249832626489
30,31,0.007969880475728507,-7979.311235766425
30,32,0.004231656008958323,-2978.91427891705
30,33,0.008198989283547784,-3229.034383849941
30,34,0.00711647281537906,-7584.386758955223
30,35,0.006220170452420767,-2986.85695224521
30,36,0.006303495986955301,-3376.5431116024693
30,41,0.004416028935418661,-3130.6069171891722
30,49,0.010045535829507957,-2643.1753921711615
30,50,0.006343338985810792,-3024.8143423726733
30,51,0.005666393606483124,-2747.304353523047
30,52,0.0066782131872090145,-2305.102397150187
30,57,0.007604156540688599,-2477.5632106084713
30,59,0.00482001516751353,-4106.045637613141
30,60,0.005426735092528304,-3786.790590569271
30,61,0.00783194595478816,-11301.927369414523
30,63,0.010010525113215577,-3344.6428865281246
30,64,0.007322335570461832,-2406.78273801249
30,65,0.0041750347621870056,-3109.3577551172134
30,67,0.005055717331540358,-2809.721973767858
30,68,0.007461320310895847,-2457.4147037019375
30,69,0.004995264367608805,-7633.5046345875935
30,71,0.007181313856346868,-2370.8908806235295
30,90,0.022890833109237563,-17102.356265271686
30,96,0.015146251298435486,-17103.690367983825
30,100,0.018661035650299588,-34396.10700879046
30,121,0.011806500400012996,-13577.749749123004
30,122,0.011170456380881696,-11647.909537294745
30,125,0.01724967404613539,-7979.891166219673
30,130,0.03102276217920802,-13764.209543422086
30,131,0.016268464159508434,-5051.234964551823
30,133,0.014934774711255252,-5695.307408906579
30,140,0.010936895083236546,-2723.2724172072103
30,141,0.0168892760356175,-4080.228120947365
30,142,0.01713124274099884,-4144.385007823604
30,160,0.01008075051148227,-3071.101134950437
30,179,0.02461410519938979,-6882.520614448659
30,182,0.012523309765045012,-3288.7452980851945
30,183,0.012523309765045012,-3288.7452980851945
31,32,0.0015983936604608842,-653.4244725612501
31,33,0.003909069996026517,-1044.2650334996135
31,34,0.0040222027757915516,-2861.385750061734
31,35,0.003951504086435419,-1439.8535480365467
31,36,0.0020051116795263687,-676.4464736198769
31,37,0.0028382775376703086,-997.9375664640534
31,38,0.0037042408035587895,-1010.6072668548627
31,39,0.0033751299693328663,-900.497462020353
31,40,0.002276709929323107,-755.0580782254485
31,41,0.001972112544093632,-783.4278259369603
31,42,0.0028457521370991085,-808.6040037567769
31,43,0.002750426770034613,-769.1734346392284
31,44,0.0026853925021017946,-757.362457588477
31,45,0.003043164762384636,-967.088596411712
31,46,0.013283653188746395,-8187.035676583311
31,49,0.004223727103613476,-1207.300099270265
31,50,0.002018341954693159,-620.4020436646925
31,51,0.0022213293990143317,-787.979264357703
31,52,0.004358242932870195,-1554.7126598865805
31,55,0.0042049971803116695,-1969.0027886611651
31,56,0.0038553719528632434,-1213.9367328110104
31,58,0.004519857585022581,-1798.2438432069116
31,59,0.0020600739825386207,-909.7345924755087
31,60,0.0029340738414270393,-1387.8957905822658
31,61,0.005480255478064484,-5664.0236677247485
31,62,0.003453110247281719,-1105.4020221085184
31,64,0.003862948937481045,-1204.0404222850675
31,65,0.001808245065389227,-762.7531912447798
31,66,0.011046091485720015,-74886.41873445852
31,67,0.002085388455049461,-673.4405872233178
31,69,0.004779382224084468,-5088.789367858922
31,70,0.004628348872812962,-1672.730119035301
31,71,0.004803740809528132,-1380.448581464665
31,72,0.002512927893362676,-740.7799702235343
31,89,0.011620494497653296,-28624.420827571885
31,138,0.009569663353008673,-8343.335240166194
31,153,0.007737527460693986,-6162.222565501217
31,155,0.0030296505348342043,-897.9317077088723
31,160,0.003983404518677891,-1151.8019970341632
31,180,0.011487610440615555,-3003.7438962496813
31,189,0.018168484366721294,-4319.191816753446
31,195,0.016666666666666666,-3766.5497716758146
32,33,0.0030617482272534535,-491.90531766139725
32,34,0.0026796766370614485,-1332.0562284425541
32,35,0.002542051825799891,-628.560177182339
32,36,0.001718633817951805,-403.4638194701216
32,37,0.0020108500603856633,-453.5438611833977
32,39,0.002782854002366196,-445.82951115012764
32,40,0.0024522142965553713,-536.5586571796521
32,41,0.0010924728246300018,-264.38231600201283
32,42,0.0025431744972613645,-486.2805325124442
32,43,0.0021252341784213065,-363.67221554744765
32,44,0.0021210801393728223,-349.8542095954339
32,45,0.0022025092258075854,-438.60505737051307
32,46,0.008232798798864972,-3736.3939993928702
32,49,0.0030345484461338115,-454.81780510980917
32,50,0.001648667690334356,-346.49683653871557
32,51,0.0013984554266946291,-292.12654700468937
32,52,0.002823266722989695,-559.5298837464505
32,55,0.002967132113002717,-1023.6278240122535
32,56,0.0027557658500492726,-490.04021951838524
32,57,0.00317091028373018,-522.0967036627518
32,58,0.003271380138468736,-737.9065251021206
32,59,0.0014940840430411255,-507.29402441010717
32,60,0.0024525966791430764,-821.174031336654
32,61,0.0040262730859558496,-3032.680375916299
32,62,0.0026763640400004037,-508.5930650049886
32,64,0.002681655700398942,-449.1494555150311
32,65,0.0012064275511245207,-326.7697497544093
32,66,0.007440767445392031,-42071.55325716084
32,67,0.0014988130777604462,-337.1075760645541
32,68,0.0030117268202959568,-529.205967771508
32,69,0.003195715112101658,-2499.8545776819115
32,71,0.003422085068143252,-574.2077098987003
32,72,0.0019662054753416883,-378.4017906056236
32,138,0.006521138336843589,-3986.3278234242775
32,153,0.00513856861511215,-2946.693822555789
32,155,0.0022075781911417517,-404.5476231894776
33,34,0.0056424226405725,-1656.9105399872155
33,35,0.00447540734889742,-236.15540803008335
33,36,0.0030063014942047195,-188.5553788599107
33,37,0.00438028884506237,-327.5439617797976
33,38,0.003316311683958743,-94.21721710279999
33,39,0.0032124819624819627,-60.760131597818685
33,40,0.004095175728035768,-215.87102931199945
33,41,0.0034295565545565537,-435.8616327027403
33,42,0.0036222992693580934,-122.32779716537317
33,43,0.002924062049062049,-88.26051501199173
33,44,0.0029431262274399535,-105.53348586380739
33,45,0.004191240512043787,-187.5933603413252
33,46,0.010057391845455704,-1381.3426144691507
34,35,0.006164260539229634,-2439.7339111504493
34,36,0.0030486118390036414,-1166.1445836121368
34,37,0.0024101413739002517,-1004.5784280366639
34,38,0.004685863842010111,-1406.5132550453675
34,39,0.005344283119491259,-1565.3507209119637
34,40,0.003518014828301957,-1271.3119702927243
34,41,0.0017601646199609396,-792.469118362538
34,42,0.004759648271815003,-1542.5841578242973
34,43,0.0040202405353137235,-1232.8924541395381
34,44,0.0039020011197403977,-1258.111763159769
34,45,0.0033670503278471335,-1221.6349670731322
34,46,0.009717122018005566,-6459.357651318984
34,47,0.008904576976246234,-5389.441258355107
34,48,0.02127659574468085,-5241.91511703493
34,49,0.004948236828440341,-1434.210246037298
34,50,0.0037099868321686675,-1294.7614984437553
34,51,0.0021258938933637565,-858.3703446620625
34,52,0.004029255355244157,-1458.278808210004
34,53,0.006815418009858162,-8264.630454090255
34,54,0.007754880692488887,-7709.288280289144
34,55,0.002806004199009142,-1653.3929041382285
34,56,0.0034758859639440693,-1158.2153452974103
34,57,0.003820514624447499,-1197.246401598914
34,58,0.003435921088737869,-1390.2939756558114
34,59,0.0020430514831845503,-1137.5449870633156
34,60,0.0028828512285637487,-1708.1177001629464
34,61,0.0025965143827470522,-2867.976269709763
34,62,0.003337560731918474,-1174.9047099845839
34,63,0.004982025923085309,-1594.4108136694367
34,64,0.0035577073470125617,-1126.5695995593887
34,65,0.0017339440795550792,-794.8540809677821
34,66,0.006437578050777944,-42996.51732758346
34,67,0.002183628441810379,-871.644370437965
34,68,0.0037309726667348543,-1233.2848378944773
34,69,0.0028552718485844986,-3041.9905590970075
34,70,0.008601420006780458,-3644.5938415605615
34,71,0.00482083469428868,-1527.1679702709077
34,72,0.0023604246385095563,-866.2435413961283
34,73,0.005268664213572222,-10022.59104004457
34,74,0.007203210624674831,-9651.520159730542
34,75,0.007855373545069856,-7621.057308456572
35,36,0.00319259146768264,-337.7093251304373
35,38,0.005532393225681923,-280.2552913348492
35,39,0.006098402225860553,-316.8425677771431
35,41,0.002804385034754219,-571.0881660539844
35,42,0.00612874779541446,-330.84300737173135
35,43,0.004494372128391009,-332.5535940708965
35,44,0.003920660818792603,-295.4401985170237
35,45,0.004892864117463047,-415.5941689543519
35,46,0.015230545468640706,-2698.5822832053573
35,50,0.0029308997868342746,-268.8065097432055
35,55,0.00837994933478382,-1582.5145969300538
35,59,0.004418595540637706,-1033.6502194722239
35,65,0.002871362444523301,-629.2139941661378
35,67,0.0028799703721135704,-322.2463812527042
35,69,0.005784882835812387,-4018.9494957786687
35,70,0.010067318777345291,-927.1176848584076
35,72,0.004278984818290014,-391.6255581527194
35,140,0.015633818075151112,-629.8497210700282
35,141,0.021664292497625835,-810.6386215110587
35,142,0.023148148148148147,-867.6113463413624
36,37,0.0018982063140446706,-222.851709697982
36,38,0.002365672094087654,-155.6927566274756
36,39,0.0024761696636696638,-155.1392575874384
36,40,0.0020379646261934163,-195.6711000406881
36,41,0.0014523101305663677,-280.6137631862454
36,42,0.0022575387235313706,-169.86632878337974
36,43,0.0018951551580228055,-138.82390847222024
36,44,0.0018620285623962096,-138.62803487332926
36,45,0.0019181503917114668,-152.89523556527342
36,46,0.008617523671147672,-1993.0832445192004
36,50,0.0013752880184331798,-104.60943310972117
36,51,0.0016477977426686172,-227.8579999681652
36,55,0.004038061975319044,-762.7170283272012
36,59,0.0016582278906394595,-339.8059806782744
36,60,0.002439956951923448,-469.6363166918846
36,61,0.0037289951638252838,-2479.159183770597
36,63,0.0029892232662119024,-199.73708433099608
36,65,0.0013896723241798477,-277.10194279347405
36,67,0.0013201503511621367,-131.41728937695245
36,69,0.0029914357059794942,-2021.8896770025444
36,70,0.004390976028261377,-482.3957976253576
36,72,0.0017279969028609658,-157.18993983774877
36,113,0.00985580489541065,-5476.915646931833
36,155,0.002070357193805954,-175.46427974953426
36,160,0.004079798197445257,-282.41273136139534
37,38,0.002997204786289403,-223.13650934701585
37,39,0.0029879589042516794,-212.09428395030716
37,40,0.00276021015965693,-236.22552741365357
37,41,0.001508340440651106,-280.22448016770954
37,43,0.0020423647060623267,-160.00659649949222
37,44,0.0021770617431699194,-183.10810907386121
37,50,0.001908659735672119,-193.62608035353787
37,51,0.00174911487238357,-209.6131403630934
37,55,0.0029521505517736885,-538.0880393100115
37,59,0.0012989916405872007,-256.74498879717436
37,60,0.0033805962101212945,-561.8866249933699
37,61,0.003323292982107811,-1872.6533191669091
37,62,0.002288991340715479,-143.02657987886784
37,63,0.00291471422041099,-197.15632555658186
37,65,0.0015474171661172165,-310.05987024428674
37,66,0.0060949893417949815,-28801.86239956524
37,67,0.001550350660257781,-173.12440102428818
37,69,0.003527674177962965,-2470.6810370230733
37,72,0.0018745698774795974,-162.21640023455012
37,138,0.005984055157350589,-2015.8796773429588
37,153,0.004835395969054947,-1386.3608654741952
37,155,0.002162254836278605,-154.91902223093948
37,184,0.008122605363984677,-385.64318154461995
37,185,0.008122605363984677,-385.64318154461995
38,39,0.0027807118759804184,-72.77793949944089
38,41,0.0024092145101829456,-334.71047161108766
38,42,0.002850004736193995,-87.15600450691034
38,43,0.002459086673605815,-98.21482204851753
38,46,0.010909842087405816,-1360.9738514235091
38,50,0.0022878484927820798,-125.75445544053196
38,55,0.006252401466198368,-690.9670841636229
38,59,0.0028771824362621655,-474.51921965685955
38,65,0.0027621770845279755,-416.29209132229124
38,67,0.0022020636325449164,-153.90289115956588
38,69,0.00536105947572447,-3076.8540948111468
38,70,0.007738215404504998,-355.59381763842265
38,72,0.002427845987683716,-117.97330900673168
39,40,0.0035570877489314533,-186.96826810651802
39,41,0.0029080250234096387,-369.0098142725575
39,42,0.003178727046374105,-99.02501888389737
39,43,0.0023901098901098904,-72.0684458421947
39,44,0.0024843261313849552,-82.54340703752048
39,45,0.003071619601915931,-128.71659951535491
39,46,0.010719650851376336,-1382.5706342547498
39,50,0.0022265010974688395,-116.08716863166605
39,59,0.003237419297318866,-515.3641358189535
39,65,0.0024933005115931944,-363.3621443254465
39,67,0.002203639883065721,-155.68420763968467
40,41,0.0020698503919793,-388.2306415956278
40,43,0.002898518986914417,-168.00962222152137
40,44,0.002801464504492754,-187.66969725774482
40,50,0.0023517937777635463,-204.1888760208561
40,51,0.0024448806467265416,-280.3494695464047
40,59,0.0022108828078971224,-462.2984276062362
40,60,0.0035906690065112263,-580.1519446233818
40,61,0.0043108363418182995,-2555.0589715254227
40,62,0.004488325855847223,-213.92464108891306
40,63,0.00469859732101607,-231.26859422821084
40,65,0.0020310905164474557,-393.32335607541967
40,66,0.007522794916642186,-35894.63314090463
40,69,0.0042241170731967615,-2812.1188319100193
40,70,0.00577223147752167,-580.2787712381399
40,113,0.01115611872772924,-4563.134639019789
40,195,0.022644927536231884,-513.7848281356391
41,42,0.002299478526036222,-354.98668849985944
41,43,0.0018982311261723022,-260.57324705866216
41,44,0.0019075024688367582,-278.3692011838529
41,45,0.0018040641583017337,-306.0791549681464
41,46,0.006894516145349341,-2696.6152171771982
41,49,0.002891021016021015,-359.82888216081375
41,50,0.001525227458877827,-260.8091255097937
41,51,0.0011212703713705844,-201.5793249177873
41,52,0.0026736168722231437,-429.29242910741004
41,55,0.0021053669479177907,-591.4878933899058
41,56,0.002366210380147662,-354.73773471399556
41,57,0.0028368159618159614,-372.7749723678211
41,58,0.0026292757437189436,-508.5804979824549
41,59,0.001138918383519281,-342.20317056029495
41,60,0.0020594463876915715,-608.5715163738779
41,61,0.0027664171719496687,-1975.4974048801419
41,62,0.0022253371498513063,-358.08617522285806
41,64,0.002487281237281237,-332.9578327247008
41,65,0.0008239292492739705,-187.40219387279814
41,66,0.004879755933000453,-26424.58886037083
41,67,0.0012947974603502597,-239.1448987573942
41,68,0.0026855512373805054,-378.3957178086754
41,69,0.002120603323116616,-1473.956167144196
41,72,0.0015644205049692855,-244.79051816942228
41,124,0.0052744023392983265,-6306.441819899028
41,138,0.004643790689148108,-2559.2068244093844
41,153,0.003739248649441581,-1866.1703644961049
41,155,0.0018256606961533533,-283.38865761477444
42,43,0.002505556820429321,-117.16947600246459
42,44,0.0024970985299513264,-119.01644158730036
42,45,0.0031622457814141384,-173.67154721718143
42,46,0.013415404040404038,-1737.6789226756384
42,50,0.002182372251009585,-138.57615517419913
42,55,0.005922695699857999,-812.6074011403675
42,59,0.0033242674927255727,-602.3578279082037
42,65,0.0023249627320616182,-389.28609499468087
42,67,0.0021105952550589226,-168.34454075358803
42,69,0.00550858956087951,-3362.156558479906
42,70,0.0052250187608497605,-300.68798570167115
42,72,0.0023411300379991085,-140.61698936200605
42,180,0.012964499803866322,-325.13624518467856
43,44,0.0020041967404245647,-86.43038512680924
43,45,0.0023672036872825356,-118.42022128622472
43,46,0.009476603221036035,-1606.1671360834575
43,51,0.00198279312354092,-206.19405956926258
43,59,0.0020202802727397923,-345.0647838675565
43,60,0.0035838623794244933,-543.5636277577369
43,61,0.004497521984718044,-2576.8067608849096
43,62,0.003444366252248025,-157.83488119713013
43,65,0.0017559468971131195,-275.559917426541
43,67,0.0017043343277830885,-140.27220262682715
43,69,0.0043333817093249,-2530.3439893223876
44,45,0.002331528497666459,-118.77406931863639
44,46,0.00952153105636799,-1628.3705587462812
44,50,0.0017613453052850586,-110.60392544538409
44,59,0.002007779868253325,-346.7730121646081
44,60,0.0035469894231387883,-544.1677945091674
44,61,0.004572285623435201,-2548.000070920802
44,65,0.0017632302283953636,-293.37119309219844
44,67,0.0016569004358113811,-138.64686101235648
44,69,0.004310476634728095,-2532.239115152583
44,71,0.004886769449427144,-229.58405413668282
44,72,0.0019519938704295916,-123.31240894826203
44,155,0.0023558551545605874,-136.58415053909172
45,46,0.010084104755484762,-1889.8369236435772
45,50,0.0019050932741260314,-128.85927305529407
45,51,0.001998375100993519,-225.95045047393296
45,59,0.002163426841293704,-410.6197456205808
45,60,0.003217531756666356,-519.9005121718594
45,61,0.003304552765587551,-1903.6880153125733
45,63,0.00333079314605455,-150.7660156011336
45,65,0.00154883992125437,-272.5240241334816
45,67,0.001745826984233633,-147.63870956051252
45,69,0.003627463868752316,-2429.8170895515254
45,116,0.010398193019371374,-8817.39569853098
45,155,0.0024347822984595183,-143.89332840804644
45,160,0.004369079065624351,-180.0396696003654
46,50,0.008899172074277279,-1852.164394617731
46,55,0.006671469532195085,-2353.927867758254
46,59,0.008146811044758707,-3553.751235998564
46,65,0.007052484312154388,-2925.88464898259
46,67,0.007754335535230113,-1880.051997357337
46,69,0.007559294759599126,-8360.721042176809
46,70,0.024868483775406368,-4841.748547845288
46,72,0.008089656432097055,-1612.6154493786448
46,81,0.017651349096273642,-5167.847954609507
46,125,0.01351824554399444,-3157.635377856336
46,126,0.0194731445179308,-2742.2509987797744
46,127,0.016370144965650105,-10411.321993319194
46,128,0.025955530106582757,-5394.9730814612285
46,129,0.018507025598410325,-4214.521189016213
46,132,0.01873095662787296,-20215.514599274888
46,134,0.019981766645908346,-3928.359014200808
46,135,0.02015387219075746,-4460.214714245979
46,136,0.016427802120276967,-13437.96140361117
47,53,0.0018369594125641228,-510.9817503323318
47,54,0.0019326530177327988,-304.6470455853568
47,66,0.002483612807135945,-11823.045961364987
47,73,0.001837978849401478,-960.7835133563046
47,74,0.0017869074402056798,-562.5840526883908
47,75,0.002729967052323902,-520.881934455342
47,79,0.002045436286301319,-1246.4182357910122
47,83,0.0022238366116330817,-752.8396138866503
47,84,0.0023633190961753394,-215.4940691490718
47,85,0.0020811247764432376,-317.4479594299794
47,86,0.0025116210368090644,-377.8275070768286
47,89,0.001660931289221182,-1557.5753146391453
47,103,0.0030862118765344567,-236.4238006100669
47,104,0.002155685109241184,-446.4878699623854
47,114,0.00937356675319199,-733.7933631519841
47,116,0.0017943675188853694,-1259.3775171953178
47,118,0.002464715250917646,-821.1428619967274
47,137,0.003254154192288066,-225.45348982032434
47,138,0.003250081593232452,-907.6771296731115
47,139,0.004606123200027889,-317.48607965594596
47,156,0.00863299575497156,-584.6691106555746
49,51,0.0033694156426011266,-209.0501234055199
49,52,0.005522328548644338,-113.4361850478323
49,57,0.004912571089041677,-68.6006599195393
49,61,0.006349952458443025,-2796.62358714683
49,64,0.004679144385026738,-67.35995731547573
49,65,0.0031056866575159253,-421.32406527610897
49,68,0.004966329966329966,-79.93324595316881
49,69,0.005003364574071643,-2606.743250655029
50,51,0.0016256263978936037,-185.77271721501538
50,55,0.004761342303933541,-721.3075046104473
50,59,0.0017424860031567343,-303.26815160823725
50,60,0.0027259224623782407,-443.59240438452804
50,61,0.004254634119666782,-2534.530065776365
50,63,0.002772545143234798,-135.98790222712927
50,65,0.001475154894144441,-249.0020785980627
50,67,0.0012363709937723098,-99.99208345088721
50,69,0.0036720532813450412,-2303.3630670240336
50,70,0.004841479143966937,-433.43664482302347
50,72,0.0016769436880323977,-115.49855512512595
50,155,0.001935264600401485,-123.40642269281237
50,160,0.0034435844919715893,-176.053727997212
51,52,0.0029750426136856806,-299.9956161598858
51,55,0.002631962728333223,-557.3547458449331
51,57,0.0030339595664575216,-241.18125649040337
51,59,0.0014018710757841195,-334.0071170386279
51,60,0.0025675480493591945,-432.0482070101057
51,61,0.0030644317382343507,-1555.4967883714776
51,62,0.002496065530824889,-201.59016230165682
51,63,0.002844091112740306,-183.58688088117339
51,64,0.0027698236090442528,-225.11125027709775
51,65,0.001149602107790261,-212.8676890790548
51,66,0.005356696067730741,-25382.443639985075
51,67,0.001451656597618669,-181.99381077323596
51,68,0.002755484540083336,-225.15391644215364
51,69,0.002581144244727635,-1643.837797504856
51,72,0.0018165837244784615,-198.14723387248878
51,138,0.005373368211828538,-1969.7440678793162
51,153,0.004234405452488527,-1440.322132141849
51,155,0.001946352563128879,-150.35325269140378
51,160,0.003143557831057832,-212.15103374579687
52,56,0.005128216096595544,-157.51992690588085
52,57,0.004573934837092732,-102.27841922681493
52,58,0.005555240679333567,-256.96951835813246
52,61,0.004516813057514095,-2417.3423600552687
52,64,0.004385964912280702,-100.40289212388414
52,65,0.002779413924325429,-505.65806619174117
52,66,0.005381324635995537,-23108.46005889274
52,68,0.004523809523809524,-114.64165456055662
52,69,0.0031676553898776112,-1785.954759350654
52,124,0.0062864252430927525,-3877.6786478161503
52,182,0.017009406131735412,-350.1888446716567
52,183,0.017009406131735412,-350.1888446716567
53,54,0.001092456180638777,-387.44469867237257
53,69,0.006256730787786874,-10235.830995183536
53,73,0.0009407477579814566,-751.8969591113793
53,74,0.0006620345427005926,-226.78103424339048
53,75,0.0013535546031980478,-537.6613816861826
53,79,0.0010726060682034744,-929.9405622788022
53,80,0.001877294125886774,-627.9018177036796
53,81,0.0038632056300701204,-1382.3313538655755
53,82,0.0015803043736482953,-419.52480605081394
53,83,0.0014135190116694573,-777.3579994261594
53,84,0.0016665929847481534,-342.1476841770389
53,85,0.0011858819167789266,-271.14575950295193
53,86,0.0014585522056941756,-579.8820378039028
53,87,0.0017780778374694064,-665.2552623043665
53,90,0.0023980677758930783,-1011.294587539691
53,92,0.001316049373696248,-1540.879385646937
53,96,0.0017999188241358886,-1302.555742149471
53,97,0.0018026927556570895,-607.2563993130818
53,98,0.0037740560165809333,-672.2247900582347
53,99,0.0011438847621543786,-668.6470936783309
53,103,0.0020682626144848935,-510.4156242434989
53,108,0.0014747839831211714,-1408.603925797243
53,109,0.0015436173822509346,-600.5505806104633
53,110,0.0009791290488187394,-782.5984742726343
53,111,0.0014212916199922206,-1045.2176856708784
53,113,0.0017304717425126466,-1039.24420019751
53,118,0.0011796127649041448,-618.7785453719781
53,137,0.0019405719765594163,-410.38880581995346
53,138,0.0021731046322697404,-1161.9870429095577
53,139,0.0024319146881227366,-560.950079151278
53,152,0.0030113779174970536,-1224.4441492045987
53,153,0.0030247701724270583,-2154.2334246309815
53,154,0.0018915381655035756,-1323.5001463565745
53,190,0.005527870062753785,-896.4562685286292
54,66,0.00209118400803153,-11636.422828091807
54,73,0.0010942451114978702,-838.1543590464496
54,74,0.0009295380307436864,-329.7326372022052
54,75,0.0016761657714177336,-602.7072697777487
54,79,0.0009545014390494941,-706.2190894884028
54,80,0.0018406416415943756,-399.40560019793907
54,81,0.004799602899406694,-1267.653465114965
54,83,0.0013331112164014934,-545.7156190034995
54,84,0.001833087499045353,-349.1278926652232
54,85,0.0014839524947371971,-394.04878273127287
54,86,0.0016031936605404857,-421.41831495385554
54,89,0.0011756577746240334,-1367.9394267010982
54,90,0.0023009399292179007,-731.3375952295314
54,92,0.0014917380027169725,-1554.7002800141122
54,96,0.0018325606905363466,-1047.8238722136823
54,97,0.0017594683010835465,-401.63919623994667
54,98,0.003802632092105776,-461.85476258376406
54,99,0.0011736704156332979,-532.4318157068363
54,103,0.0022506933459620336,-432.29429345336655
54,104,0.001424762047989326,-473.01832758765886
54,108,0.0011502866734055678,-1003.0400141157043
54,109,0.0016072960190829616,-413.84799973514714
54,110,0.0011581185207894713,-808.474077582777
54,114,0.00676707398052913,-1201.3835152677798
54,116,0.001237997156141884,-1102.3483714075337
54,118,0.0013726624473736758,-639.9955487133525
54,119,0.0031493015200440254,-659.3016063290277
54,122,0.002195922535121133,-1241.3213512791006
54,123,0.0018279845214043164,-654.905362885553
54,137,0.002258335437440582,-349.23925580529493
54,138,0.002589338527185889,-1276.4693565384766
54,139,0.0032954299797228123,-558.7612466838228
55,59,0.0020623683363609007,-604.4576757953604
55,60,0.00296885378418851,-822.5840108828617
55,61,0.002154063556594689,-1779.0667793319888
55,65,0.002168871524530454,-650.6704557900123
55,66,0.002897952216250393,-14703.705633733127
55,67,0.0027662796593858996,-453.27879618936333
55,69,0.0029395799724089523,-2434.145334947344
55,70,0.0113754146159602,-1821.683495555458
55,72,0.0029905420213879952,-329.74571687593755
55,88,0.004227993427216074,-3923.5248938348477
55,89,0.003938182140670779,-5443.93731418699
55,120,0.009175450492860601,-5560.324565013942
55,124,0.0032549246806352254,-3433.3910354698255
55,137,0.008498735634805937,-2221.2465950814385
55,138,0.003286498892857318,-1406.1245298854371
55,153,0.0032347194952614903,-1082.1016807197348
55,155,0.0033333685867542313,-415.73471196310095
55,188,0.00927780976355537,-1563.887763533424
56,57,0.0040978664192949914,-90.24939345738936
56,58,0.005064767274069599,-153.50982580232622
56,59,0.002677975575885028,-543.0303838356156
56,61,0.0037292191292849397,-1791.6209676644758
56,64,0.0037973270116127256,-85.96699991821919
56,65,0.002410836501043989,-410.58137514316024
56,66,0.0048736319655349695,-19436.99377673749
56,68,0.0035923005565862707,-82.03311980805232
56,69,0.003576248108983574,-2016.7263820944668
56,71,0.007974000206143063,-177.77913102954713
56,124,0.005847645581889199,-3248.164479971091
56,160,0.005583641692861872,-187.0878289097744
57,58,0.00467173851351456,-161.81885279699404
57,61,0.0041096834510490525,-1940.827970872987
57,64,0.0035014005602240893,-55.75391549947918
57,65,0.0029331876449603315,-440.18796470915964
57,66,0.004643410672454769,-18758.55159378105
57,68,0.003921568627450981,-62.60203752718916
57,69,0.0035747809990234213,-1916.4360573870179
57,124,0.005764812043296062,-3044.8121720152717
58,59,0.002696598721281086,-718.3440229659964
58,61,0.00304293134853707,-1740.327300639618
58,64,0.0045034536984906144,-159.43545440456973
58,65,0.00264999962059837,-576.8233401145397
58,66,0.003053038545612805,-12310.368578913305
58,68,0.0046495296851264386,-179.27611020045904
58,69,0.0030854389597520663,-1914.9554230137157
58,71,0.008975266380157684,-314.211066216268
58,83,0.006189125731159632,-2292.2888185018523
58,121,0.00601839900309288,-2279.0994680704002
58,123,0.00480238430819826,-859.6390516742318
58,124,0.0039175924003623614,-2271.010216521978
58,188,0.007254100626076432,-520.2323315294565
59,60,0.001936654675187196,-572.4474982724845
59,61,0.0017661544358335047,-1294.5971898924429
59,62,0.0021318417355002724,-352.7433959111348
59,63,0.002913950040474431,-446.21298108430693
59,65,0.0011101166281554812,-327.6091558290118
59,66,0.004524737853487034,-25625.713593745462
59,67,0.0013261303665668234,-247.77737925311297
59,69,0.002397756470639318,-2073.760690665522
59,70,0.0065284437774152,-1572.0781177268275
59,71,0.004102321723989665,-683.7557205669078
59,72,0.001628783648600722,-285.4048093417481
59,88,0.004885382379901372,-6321.375576222542
59,89,0.004626058515253407,-8619.112870498871
59,138,0.004205972884586012,-2580.462242424141
59,153,0.003526511011256963,-1767.5647011985895
59,155,0.0018140723026794914,-302.766617128168
59,160,0.003379096062022892,-536.1516474688694
59,184,0.007967479674796744,-1091.5883896250589
59,185,0.007967479674796744,-1091.5883896250589
60,61,0.0031423108677231227,-2128.1779796247447
60,62,0.0042474412712507955,-529.9706461266567
60,63,0.005589428149588577,-575.7973992073541
60,65,0.001852403900981739,-561.5617908306712
60,66,0.005793824977328044,-30463.86411235018
60,67,0.002216990183456083,-387.3051990455798
60,69,0.0029788813295184282,-2478.177979176456
60,72,0.002615030920141136,-407.2600184299285
60,83,0.007378168619680182,-5419.094275899891
60,88,0.0062031959149932295,-6568.286248045455
60,92,0.008766786784114092,-14251.160050507036
60,101,0.007433147544809413,-3085.245048217132
60,138,0.006311172115161993,-3015.553299910742
60,153,0.004989612829913976,-2134.7295287980846
60,155,0.0035701828271487712,-401.20925936604806
60,160,0.005334940243903829,-610.617999073588
60,179,0.01906321528870548,-1859.933712640676
60,180,0.01358962615090066,-1424.7403743228142
61,62,0.003652273182389291,-1711.09121624521
61,63,0.005722546583395639,-2558.093999633851
61,64,0.0039575683094160916,-1884.7131276297612
61,65,0.0021128838152922815,-1485.890303314114
61,66,0.002551429522560826,-16578.111985707917
61,67,0.003150003650283475,-1961.209018648458
61,68,0.003993895442179283,-1905.8968334916174
61,69,0.00254118556748728,-3673.4834294586317
61,71,0.0059189513747557754,-2816.4067933127035
61,72,0.0033227782580632827,-1924.9410285324038
61,73,0.0028106501444420617,-5891.172661610137
61,88,0.002909855563992437,-5216.462663083475
61,89,0.0026267374193365937,-6490.099469823147
61,93,0.009481180865742232,-6813.5137793315935
61,101,0.003781208335912194,-3985.8549046741764
61,104,0.005134358833361511,-5195.630867094339
61,108,0.0037040587856390153,-8865.230507956343
61,109,0.007261439078798771,-6471.987345526557
61,110,0.004898367786716874,-9783.825662027342
61,116,0.002939833735590041,-6181.559710787662
61,123,0.003422041311841358,-3570.9799882429297
61,138,0.002278964841680041,-2651.7058576475356
61,143,0.011306068145690788,-5115.163451073822
61,153,0.0022003709771954674,-2278.4779311161524
61,155,0.003517934568847409,-1654.232099577746
61,160,0.006322912291707647,-2808.4085582844386
61,184,0.007039187227866473,-2986.911151811173
61,185,0.007039187227866473,-2986.911151811173
62,63,0.004124160028006181,-137.62203330798775
62,65,0.0022428491282311877,-373.71852614098475
62,66,0.005823711104050149,-23784.88254009898
62,69,0.004169800812426154,-2545.525507840121
62,153,0.006703569865274234,-1313.9861122434127
62,184,0.008966861598440545,-132.62943455041327
62,185,0.008966861598440545,-132.62943455041327
63,65,0.0026521331617150434,-388.77292635144374
63,67,0.002553335988109419,-181.31941269711623
63,155,0.0030232501583153854,-111.11872629771841
63,160,0.005182065741276267,-87.0816999958267
64,65,0.0025971786417039416,-396.7216185444323
64,66,0.004613454588815076,-18701.78641791958
64,68,0.003606237816764132,-65.89238193432904
64,69,0.0033921222810111688,-1832.7945338675825
64,124,0.005573524945337358,-3070.363167752528
65,66,0.0047988456162155945,-26646.298684444144
65,67,0.0012625204125295817,-229.56649378487947
65,68,0.0027635616913981075,-443.42052956864813
65,69,0.002076303928237782,-1516.338322358255
65,70,0.005135147310890481,-1153.0645524674937
65,72,0.0016050709114733505,-259.3850522909598
65,116,0.005730261743123982,-8434.236385070437
65,138,0.0042425680988474905,-2468.88859123136
65,153,0.0035403671819272038,-1931.4775208449853
65,155,0.001789216583825056,-287.65132167329244
66,67,0.005764841151280324,-30261.633485608618
66,68,0.0048008137386331955,-19855.208120978084
66,69,0.00552708118135838,-40878.53721829928
66,71,0.008106887307091755,-33464.11201970353
66,72,0.005683195031897797,-26358.22521910597
66,73,0.0010962123098081616,-6689.909511145069
66,74,0.0017434554077471228,-10656.773695168637
66,75,0.0018317679207075397,-9339.995357527203
66,79,0.002610859029275379,-16969.658880436444
66,83,0.001737929983910249,-9672.03867453384
66,87,0.0025741505466601684,-13344.487771680357
66,88,0.0011593523608039971,-6630.709164849918
66,89,0.0012425827801888006,-7722.034560942009
66,92,0.0020690149144538543,-14393.836172154917
66,94,0.003027545891633201,-12753.873082589416
66,95,0.003051893992080674,-12805.63913985464
66,99,0.002210327207760322,-12993.229816917254
66,100,0.002502916705026858,-17966.834969366617
66,101,0.0017800770087087708,-7714.796146580583
66,102,0.002710848489205085,-12305.269108155777
66,103,0.002950104181095253,-14146.970537870286
66,104,0.002230863785982693,-10897.157138101793
66,105,0.002882216342910024,-12824.016186987514
66,106,0.0030382386064949614,-12780.54102084253
66,107,0.003727267767476271,-16449.020893654077
66,108,0.0012665169230287212,-8451.670466627787
66,109,0.0025743144993575677,-13916.0836224707
66,110,0.0018581218678613864,-11983.482364836924
66,111,0.00220708915944906,-12886.026528242124
66,112,0.0037934030489144544,-15974.082961732194
66,113,0.001683307977370233,-9116.784538050533
66,114,0.008412384173556756,-35088.17909295466
66,115,0.003038238606494961,-12780.541020842527
66,116,0.001533943731294975,-9309.400641516486
66,117,0.0029818621897614384,-12589.066105971502
66,119,0.002471633976584473,-9908.014012514375
66,120,0.0024473926185216285,-14882.129902114193
66,121,0.0019455957854171593,-9935.81675807057
66,122,0.002073481155723914,-10369.143554489709
66,123,0.0015129235580313032,-6436.559189656133
66,124,0.0008790236232280723,-4545.705340688068
66,133,0.003511146399143735,-15853.296003762856
66,135,0.0052038469975795535,-27495.405885877877
66,138,0.0015318102114531224,-8366.082546777554
66,148,0.004818290543163298,-32708.000819591376
66,150,0.00911916748817527,-34333.80721152464
66,153,0.0013531735903791866,-6733.640462233828
66,154,0.0023066994085036694,-12554.269665928374
66,155,0.0057370961880807625,-25323.538347601527
66,156,0.004283116892649393,-17439.347808862793
66,157,0.0035126976983412624,-14039.785624131122
66,158,0.0027305859706849814,-11466.761924012319
66,159,0.0031245689129352494,-12771.713726418739
66,171,0.003925204784228097,-22074.58955278065
66,172,0.003909082812544241,-22084.665136333275
66,184,0.006673267326732674,-25196.443566918268
66,185,0.006673267326732674,-25196.443566918268
66,186,0.003974461731887473,-15507.837761535215
66,187,0.005505893446487509,-20971.697175168978
66,188,0.0023396589658965885,-9394.838440063495
66,191,0.006042625443740584,-25775.934590140605
66,192,0.004493953039226103,-19249.153438222354
66,193,0.0037689804694755204,-14913.207142621719
67,69,0.002745441424247942,-1793.2861333271658
67,70,0.00445653561890783,-543.6520760913426
67,72,0.0014629299911557976,-111.68802992407592
67,138,0.00573486157442689,-2072.5567098992215
67,153,0.004546140966977153,-1584.4670619023739
67,155,0.0017330516587732209,-123.36950733654399
67,160,0.003188178923473042,-221.81900047314033
68,69,0.003499061586991856,-1963.0017783316148
68,124,0.006065657540837702,-3345.662414845468
68,160,0.005585902806234098,-183.27892226331892
69,70,0.009232277030623145,-6354.508071995982
69,71,0.004684273964148052,-2623.9238764764236
69,72,0.00328274092162981,-1859.868817698328
69,73,0.004664715939288087,-11486.0385853642
69,83,0.005889127085861229,-9593.48553718967
69,87,0.008586838176976959,-9443.203837259824
69,92,0.007156025038723911,-20900.14880164036
69,113,0.005225140683051263,-8046.161114435206
69,118,0.007700409390755699,-15234.934611771565
69,119,0.007687417940142269,-6432.030011560214
69,123,0.005470390448418521,-6808.361655339592
69,124,0.004642463376770719,-10039.347209757781
69,138,0.003912673371776462,-4965.7762455812735
69,140,0.01284103945881686,-7016.996838558198
69,153,0.003770941986417238,-4782.490143238748
69,155,0.0036235970889711396,-2146.2517634945243
69,182,0.012470799639793613,-6631.678239778784
69,183,0.012470799639793613,-6631.678239778784
69,196,0.01818181818181818,-8413.711690308883
70,72,0.005327501799275994,-425.074145927679
70,113,0.02706677815920746,-10858.250961512109
70,179,0.019289044289044287,-538.7754382308151
70,180,0.012973137973137974,-340.94854407230235
70,181,0.047330447330447334,-1132.7333306103828
70,189,0.02341269841269841,-499.3617527897185
71,141,0.03187599206349206,-251.63944005479914
72,138,0.006035709587919403,-1629.0848840362505
72,153,0.004709413431853694,-1220.260664580098
72,155,0.002146547745458816,-113.40052385689681
73,74,0.0008527997791101702,-766.7642116602758
73,75,0.0010141483004827425,-564.5345797190877
73,79,0.0007357256470882929,-1023.7906345149017
73,82,0.0013154161226272244,-663.2605371733518
73,83,0.0010860218634802274,-1116.6165792584604
73,84,0.0014799330561161607,-699.2145094645643
73,85,0.0011114504610267317,-631.9947282404806
73,86,0.0014248868300049116,-1060.7789666009767
73,87,0.0013506895908555888,-847.7810347093317
73,88,0.0007900210634580897,-1131.8354470915874
73,89,0.0007092427290178539,-1223.6399745900028
73,92,0.0008434906071394522,-1152.2210979759163
73,93,0.0020970062322101034,-1220.2398277446482
73,96,0.0013190962314066144,-1538.1514156472435
73,103,0.0018044875395052307,-857.5443907987813
73,104,0.0013435611383001609,-1088.3203722317119
73,108,0.0007544831190999841,-1085.9671654694966
73,109,0.001600851671378751,-1138.0228506037822
73,110,0.0007249072673697305,-715.1400971658833
73,111,0.0007622411531609143,-623.8195634131479
73,113,0.0012042049482249497,-910.800558368425
73,116,0.000841986899636061,-1150.565389427554
73,118,0.0009094770770566435,-802.1110293220714
73,121,0.0014648800783636886,-1781.3596702468508
73,124,0.0010533393237867126,-1546.2739426092933
73,137,0.0019942444146083226,-1028.647362482665
73,138,0.0014650713078470325,-1517.3932641827353
73,139,0.002270614785274829,-1171.422780321018
73,143,0.003825942923687284,-1632.7341426813837
73,148,0.002602056054389772,-3636.2493570317583
73,154,0.0012240663395265419,-1352.4158504324582
73,157,0.0028163278868166084,-1292.4984512193428
73,158,0.002068668187610795,-1406.2451273497184
73,159,0.002432925168934534,-1402.9188296052046
73,192,0.0029643939656637075,-1475.7954007936141
73,193,0.0027013364325633614,-1567.7001934403474
74,75,0.0013025739827334968,-577.8182426261928
74,79,0.0009047229410447723,-855.7219385440565
74,80,0.0016908510867309834,-659.3259405316916
74,81,0.003590375147757413,-1493.548425234953
74,82,0.0015397975976452216,-482.1079641412479
74,83,0.0011498321438883758,-677.1416155285077
74,84,0.0016910321215521558,-415.4206193169067
74,85,0.0012028671811280508,-327.6879458362969
74,86,0.0013332507179552487,-613.2555847969958
74,87,0.0017020745081455205,-738.3495290647908
74,90,0.0020898914334506902,-983.4625514780936
74,92,0.0012002600969480675,-1440.889721421051
74,96,0.0015117248505783114,-1200.2095625247953
74,97,0.001646909195984581,-646.4299925463538
74,98,0.003438229778809489,-739.0595746588881
74,99,0.0010137092223554487,-633.682684161758
74,103,0.001991292117113787,-559.0122792374447
74,108,0.001043159208700544,-996.244550360165
74,109,0.0014839999038243326,-623.5076870566164
74,110,0.0009109391593491786,-772.5210718501089
74,111,0.0012955977477496785,-1043.602226748453
74,113,0.0017095823540609744,-1166.4416992867
74,118,0.001105809974816665,-685.9914748471953
74,119,0.0027931429300464047,-915.6292132880818
74,122,0.0019325215481738858,-1560.992444203064
74,123,0.0016578254737353588,-895.5947040192056
74,137,0.0019457995327968663,-491.38266978796736
74,138,0.002076974463882663,-1269.8009432167148
74,139,0.0024852796630772515,-680.6092588715038
74,152,0.0027304824305435294,-1282.425578117642
74,153,0.0025476633709497743,-2049.82138761295
74,154,0.0016651435749116229,-1242.1140048949428
74,190,0.005201288244766505,-1022.2696564455033
75,79,0.0013253756660619954,-1196.6147276331744
75,82,0.0017864981261072955,-389.19947524903375
75,84,0.0017619675074672123,-278.993554323473
75,85,0.0013858922027564973,-312.14201156861577
75,86,0.0020543687045963973,-710.8243243412307
75,92,0.0016328037740311135,-1431.8746429989824
75,103,0.0025004664154592423,-418.1305655337848
75,110,0.0013309587267157981,-819.1569781874495
75,111,0.0010593579311962344,-488.7234060501323
75,113,0.0017190507629925278,-617.1075761161286
75,118,0.0015112645167484485,-836.3843397673462
75,124,0.0017164551669668442,-1444.5629729400316
75,137,0.002596186244410779,-422.04112192910566
75,138,0.0025000093790923713,-1193.135912394766
75,139,0.002651062041208712,-432.0282324527275
75,148,0.0026109485861474354,-1671.2345974306972
75,157,0.0033351804185137524,-433.53205165712615
75,158,0.0028061487533345116,-706.8648725652365
75,159,0.002838295034120271,-543.570507328053
76,77,0.125,-5.70999373465548
76,78,0.125,-15.241812644413688
77,78,0.1,-17.034186372831808
78,181,0.19444444444444445,-154.78770396364416
79,80,0.0012923033427196977,-647.1838501113529
79,81,0.0038550943518341732,-2862.704989836395
79,82,0.0014920651188492391,-797.8012572605147
79,83,0.0010889940437507238,-1024.080986385363
79,84,0.00209488570590996,-1155.917984968773
79,85,0.0013262135028921276,-903.5187223604443
79,86,0.0012094399428611373,-843.8488209032105
79,87,0.0016283409904366134,-1113.0375619453241
79,88,0.0009139984916191731,-1089.01257243736
79,89,0.0009126369036566302,-1281.1166282215695
79,90,0.0016356400281984974,-1236.218630314928
79,91,0.004537565177311093,-1890.0981445576772
79,92,0.0009366969206581979,-1639.6384803575713
79,93,0.001494281597749548,-839.9810633023145
79,94,0.0017807756066391715,-1031.0322192390565
79,95,0.0018559994241824974,-1062.6148683882493
79,96,0.0013538508281562486,-1338.0574930088994
79,97,0.0012441653989107818,-626.4885569749806
79,98,0.003721730309752087,-1619.223450321863
79,99,0.0006728028008850792,-530.6259897652417
79,100,0.001636557178398519,-3212.0483158178176
79,101,0.0015354526626617788,-1046.201949425026
79,102,0.0011509742132934035,-657.1370616954134
79,103,0.002240545502243614,-1410.7726005242469
79,104,0.0009438036565567906,-563.8052467847142
79,105,0.0015450370061025796,-833.8061951439028
79,106,0.0018019163535863702,-1039.10380740828
79,107,0.0016021456697500253,-767.1869064019749
79,108,0.0007722548864854054,-1078.1708318283763
79,109,0.001054462503431303,-641.36544346629
79,110,0.0006396862985439853,-704.6006401065955
79,111,0.000986118058127196,-1312.4430260858346
79,112,0.003000485720634251,-1690.7048517323176
79,113,0.0018897428154877362,-1960.109333091297
79,114,0.005024953075800533,-2569.2554525266437
79,115,0.00180191635358637,-1039.10380740828
79,116,0.0010675020322431117,-1134.2527431171663
79,117,0.0017315298991666353,-1040.755205265419
79,118,0.0010177944192356183,-891.7491674924727
80,81,0.007040232273951842,-953.7480470733153
80,83,0.002469291432736511,-766.1096834313745
80,86,0.0026569863580074254,-480.005098071541
80,88,0.00211996524668209,-1170.4430615161928
80,89,0.0019525016952621926,-1672.0330019693386
80,90,0.004221942847126956,-787.5275957164913
80,93,0.00215347738245055,-235.8016170357053
80,97,0.0012901712409101572,-91.4184667273273
80,98,0.003808779404017499,-192.1218565887609
80,99,0.0015253379435643249,-367.405656968251
80,102,0.0019929185738009263,-276.13243705200284
80,104,0.001792339557387437,-309.33652053785835
80,105,0.0025633089288551467,-260.9224727346788
80,107,0.002675010175010175,-262.77542322044974
80,108,0.0021392455993662946,-1372.375707139052
80,109,0.001567184165223381,-196.92495945889368
80,110,0.0025105736074334034,-1169.1491732302388
80,116,0.002066695067810488,-1273.1759134629392
80,118,0.0025062030811207176,-861.2000552309183
81,83,0.00493321951916085,-1824.102599413524
81,90,0.004818762103821736,-921.5456409706803
81,97,0.006784421050121189,-976.0367760658957
81,98,0.018115942028985508,-785.6646161575679
81,99,0.004515459951342279,-1783.7001597239725
81,108,0.0033324017442577765,-2938.7831918746224
81,109,0.006871553953517431,-1244.8168485220574
81,110,0.0039060055242562054,-2502.141405135339
81,125,0.007294297138047139,-756.0774316808365
81,126,0.009922048116492561,-564.4674099303996
81,127,0.004082196777160423,-1533.079326181872
81,128,0.014727509258103042,-1384.9649510125785
81,129,0.01245124442860071,-1325.7406674651722
81,132,0.004342890855948934,-3053.7166976966546
81,134,0.011702701877687497,-1025.051287915356
81,135,0.008277538458113496,-804.9326054434584
81,136,0.0042967128998742474,-2175.51860702006
82,83,0.0024197044052311277,-781.040569908156
82,84,0.00200304915796226,-170.7844008279044
82,85,0.0017601638034330338,-253.89776214610865
82,87,0.002514485204858939,-293.68737787099144
82,89,0.002033657770213758,-1790.4737485586136
82,91,0.006045015010532251,-317.10547266678736
82,92,0.0018407224496443046,-1316.3110798388132
82,93,0.0024981544372126084,-287.26991290196656
82,103,0.002560477078699498,-291.3864963348533
82,108,0.0018597294138163085,-1233.644173006524
82,109,0.0019013014729048995,-320.46149619713674
82,110,0.001287826292478073,-563.6240853680672
82,111,0.0023484706367470545,-890.7800393296951
82,113,0.0032227211259784165,-832.2796147699862
82,116,0.002111140335148412,-1341.4923798198545
82,118,0.0016717354835904805,-534.6092543491385
82,124,0.003635343047832562,-2458.3847488628703
83,87,0.002148883463677506,-831.6716781554632
83,88,0.0011983256545358846,-1132.8239054049743
83,89,0.001120796408176409,-1343.0033445700562
83,90,0.002446422521920174,-1064.465059207098
83,92,0.0013089136002994845,-1518.0126941243666
83,97,0.0023946959601818542,-747.7475708609719
83,98,0.005214360820673112,-1016.9030864632962
83,99,0.0012365781424527413,-768.8946318122789
83,101,0.0019301824157771396,-919.7105960886852
83,102,0.0017804634995328002,-597.9115014854697
83,104,0.0016638425971725094,-708.6196190655633
83,108,0.0010767938365982587,-1145.7068382463167
83,109,0.0017807378153937114,-595.4956373371402
83,110,0.001192785801293981,-974.4002473747
83,113,0.0019220424429339234,-1304.4400006412477
83,114,0.0063661275608585845,-1592.9880293943015
83,116,0.001284253074763798,-1216.7998472317793
83,118,0.00154976899424434,-1016.6681693806279
83,121,0.0018827881475571065,-1520.8102539604388
83,122,0.0018518067168901012,-1296.0919473943711
83,123,0.001579604112116091,-602.7249431810407
83,124,0.0017395397411619266,-1994.5535588527225
83,135,0.007660113621311423,-3276.7051650858366
83,137,0.002948088599578806,-940.3014173093783
83,188,0.0045687031839105946,-1386.9629878912426
83,190,0.006735512549466038,-1265.599073104505
84,85,0.001620948495948496,-152.47066925455565
84,86,0.002285954166799572,-378.20285712122785
84,87,0.0024443903446266157,-338.4614484220524
84,92,0.002070992028505879,-1536.8061884046665
84,103,0.0025279706589004503,-182.09921884319704
84,108,0.0022124310410967197,-1518.7745742056052
84,110,0.0015748418315665472,-793.1391286369827
84,111,0.0024956216924827052,-914.7529804381246
84,113,0.003031912739528563,-861.5362635387887
84,118,0.001753413673204716,-478.96220299822215
84,137,0.002729772762734223,-177.33316353809326
84,138,0.006346010643315246,-1758.5818179488738
84,139,0.0031745872263113646,-206.18856943947114
85,86,0.001614679153446863,-378.9941675174092
85,87,0.0020077220198316354,-438.05369429751244
85,92,0.0016025478393582896,-1394.227292424485
85,96,0.002724923639694053,-1238.8154837194945
85,99,0.0014126729936575126,-621.7070064148277
85,103,0.002037963067374832,-242.72306568975867
85,108,0.0017643833735824562,-1344.711439321488
85,110,0.0012400939982083973,-773.6753819675832
85,111,0.00145213372682921,-654.417956557201
85,113,0.0025239060880421302,-961.0879145820779
85,118,0.001388993139782438,-510.7334678650853
85,137,0.002229314219860439,-243.20024858803862
85,138,0.0034675291737265457,-1107.2816259525998
85,139,0.0023419657943467465,-256.0459153679105
85,152,0.003101314254794418,-686.4185219288405
85,153,0.00442679576238178,-2049.5289381288635
85,154,0.001999126580923061,-848.9694627090774
86,88,0.0015301039160227853,-1135.0994447039964
86,89,0.0014140444808480976,-1524.3263289497925
86,96,0.0026152416200183495,-1224.9079055167153
86,97,0.0025512296265700327,-486.4276492739434
86,99,0.0013959295032563801,-612.4015741025363
86,102,0.0024523834240059317,-576.6705405875235
86,103,0.0026853510929782287,-427.6982910209536
86,104,0.0020375150104559796,-533.591950469331
86,105,0.002787753979758381,-463.538345680352
86,107,0.003183445151842914,-488.95313354227824
86,108,0.0015971333630819399,-1437.0448452108913
86,112,0.0036099044344146064,-668.769117237868
86,116,0.0016106367213822932,-1280.3032015352871
86,118,0.0020252502049999503,-757.3244662119445
86,127,0.004190605080675261,-2511.139775716204
86,137,0.0031193171025963294,-435.718372372058
86,138,0.004815919873577988,-2054.831349503039
86,139,0.0032718087234893957,-369.42700548347085
86,163,0.0033105402643734093,-1690.2451909626166
86,164,0.0033321300669088955,-1798.6823317174403
87,89,0.0017579485081590527,-1814.179028627807
87,92,0.0013970579012951895,-977.2146248843974
87,93,0.0028670920662787194,-446.5521656557534
87,102,0.0022286819436474724,-469.5576416952758
87,108,0.00166351176697577,-1271.1777974548052
87,110,0.0015467064721711853,-849.3681329501585
87,111,0.0020183302695225866,-943.0637012267217
87,113,0.0026658378708959703,-763.1281478355197
87,116,0.0018923489719010456,-1434.2555648327889
87,118,0.0011862406260069135,-421.35414321435115
87,124,0.0027061673195781606,-2112.365749217238
87,132,0.005181663780607322,-4817.4573532235745
87,175,0.01030661078375962,-1138.2513695950558
87,192,0.004023919798137772,-393.71566607213157
88,89,0.0006110269598321069,-618.8548004396937
88,93,0.0022892916221733325,-1164.3279602211812
88,94,0.0015650302993070282,-648.8802935374846
88,95,0.0016404009066482857,-672.3246237661007
88,96,0.0014415804669710983,-1392.5881961886294
88,97,0.002096995272783569,-1163.910950033999
88,99,0.0009685410948016528,-813.8531904288665
88,100,0.001392791453210188,-2197.7328431365336
88,101,0.0011599453063128897,-517.7369064909051
88,102,0.0014495921262689924,-751.1546701351663
88,104,0.0012458791331524633,-631.105980820837
88,105,0.0016891713685544857,-745.9362044719308
88,106,0.001578236287355784,-651.7111915139648
88,107,0.001839960918243747,-768.0045553422083
88,108,0.0008602580802134072,-1240.4877330020172
88,109,0.001654403303140046,-1037.6404889058006
88,110,0.0009461508773532207,-1255.860107134604
88,112,0.002021978638441178,-792.722266748584
88,115,0.001578236287355784,-651.7111915139648
88,116,0.000841662034683053,-780.5520286249725
88,117,0.0015161450156517362,-632.5838724563181
88,118,0.00150293511234537,-1693.5616859427657
88,120,0.0019815027220094774,-2246.8815328665414
88,121,0.0013789028065268863,-1282.9299212575952
88,122,0.00136125231536259,-1138.3802197724644
88,123,0.0011767426498805616,-728.398429440385
88,124,0.0011559433511851315,-1785.6158528724563
88,143,0.003560512784831443,-1311.8040190785246
88,153,0.0018060038714888306,-1917.062988016
88,154,0.001398526458310458,-1384.902189306828
88,173,0.002732851368679674,-2489.03817982097
88,188,0.0030984169820981035,-1426.0701872930429
88,193,0.0024839856606773893,-1069.4337140886619
89,92,0.000917210191600319,-2044.1404251365802
89,93,0.0019969253710496486,-1455.9503700928794
89,94,0.0016151762983560214,-1109.253680312882
89,95,0.0016934479300070692,-1152.0075544971914
89,96,0.0015256864596202672,-2017.529808822733
89,97,0.0019244402696852391,-1655.2766315633705
89,99,0.0009445113580472847,-1130.8770415853849
89,100,0.001513614984239665,-3406.539906380589
89,101,0.0012932555366593126,-973.4997944600082
89,102,0.001364716458488342,-1006.1996429645262
89,104,0.0011788094522801307,-875.041515937306
89,105,0.0015854650062239342,-1116.1834555841613
89,106,0.0016393648594109419,-1122.0339888388853
89,107,0.0017317434656144329,-1161.7787973465863
89,108,0.0008120221058169013,-1397.9311061759327
89,109,0.0014891804209156735,-1383.9468969244858
89,110,0.000915327554795152,-1504.981574546378
89,111,0.0010792563692465847,-1835.9421521824975
89,112,0.0020795439941881408,-1407.67171012876
89,113,0.0013929915922290227,-2080.70102524664
89,114,0.005259319879855595,-3636.422354927801
89,115,0.001639364859410942,-1122.0339888388855
89,116,0.0006118890703078345,-649.626968260663
89,117,0.001584039678148289,-1093.381849030687
89,118,0.0012170990294184908,-1683.8153992287832
89,120,0.0021665493361056744,-3575.4183230078984
89,121,0.0014153250906838554,-1853.9058847781914
89,122,0.0014186383194854544,-1690.5743128704494
89,123,0.0011728562900440822,-1041.6920821384385
89,124,0.0011216024956078774,-2165.1647636479215
89,143,0.0028661920943026933,-1793.3299653504473
89,153,0.001866549223128123,-2891.5427777969717
89,154,0.001451691683422479,-2065.329829206366
89,156,0.0036863325513276693,-2627.7517702130453
89,162,0.014632936507936498,-8494.543389582066
89,188,0.0030319529661060147,-2283.5565671671698
89,193,0.0024175617384751993,-1669.9148763590367
90,91,0.009991828245479773,-892.695138200962
90,92,0.002306672827905181,-2450.208516701138
90,96,0.002006077884852048,-935.8746806029471
90,97,0.0041820217296284655,-785.645092318432
90,98,0.008332092041769462,-700.7288181483718
90,99,0.0025076401819469677,-1163.7523649823775
90,100,0.0029108821722510763,-2943.0866784278383
90,108,0.0017825089561369141,-1728.6869706573052
90,109,0.0033814327003760425,-787.9818179381641
90,110,0.0024488464927412087,-1743.0393625556492
90,118,0.002164189932232266,-1227.032446958769
90,121,0.002873241130773419,-1565.6363287237514
90,122,0.0027704900547014964,-1194.2135584572331
90,125,0.008382813792873424,-1418.2399694859125
90,130,0.013439778858751868,-2536.471210067685
90,131,0.014042583636526617,-1527.613121608356
90,133,0.006944777911164467,-854.1563553112251
90,137,0.006009623366982747,-1154.9351097631607
91,109,0.00528393817204301,-364.4066737697384
91,110,0.004950334431466506,-1725.3609336626726
92,93,0.0024310433256247324,-2111.459342438882
92,96,0.0014666919938666639,-2141.79445589867
92,99,0.0012470060285486992,-1778.68091665824
92,102,0.0015304842544765255,-1386.2018983025607
92,105,0.0019413575966014207,-1631.8333695540964
92,108,0.0009410878475681389,-1691.2939119497
92,110,0.0010173811664794788,-1285.6123736981317
92,111,0.0010857230461598563,-1224.3547220625912
92,113,0.0018025719031363181,-1624.20251502015
92,114,0.007966089497480898,-5827.21596901642
92,116,0.0010649321704547358,-1963.8026625554326
92,118,0.0009087543475115118,-1042.3230791756002
92,119,0.0029864853244269515,-2044.7839769660645
92,121,0.0016450230344453687,-2436.6113508834956
92,122,0.0017934966735032299,-2423.501008306324
92,123,0.001847322831455033,-1777.1053455089736
92,124,0.0018262191105514272,-2947.7020949987877
92,132,0.002671754924824817,-5946.891177966143
92,133,0.004261620006763743,-3424.854121639445
92,137,0.002515072248769379,-1903.5924052735315
92,148,0.002727738037960632,-4515.779317207527
92,157,0.003431765190239766,-2122.8237364948036
92,158,0.0026737383815554883,-2297.7511153010687
92,159,0.0028123450065037988,-2213.856272003484
92,162,0.020765027322404365,-11302.686970243352
92,173,0.0026190443646221685,-3120.466068779581
92,175,0.006842157119504906,-5083.434416668803
92,190,0.006658142350927383,-3772.751935834219
92,192,0.0031534245421241834,-2117.0918828527406
93,97,0.002083752006352625,-230.44127685900202
93,99,0.001920642367418778,-625.8745935244389
93,104,0.0020072106171501,-321.94223090900516
93,108,0.0022315544463391603,-1411.5606320056738
93,109,0.0018843465084066589,-217.93278271151672
93,110,0.001971777115317785,-844.6423986767184
93,116,0.001993037841278091,-1062.3474723200902
93,118,0.0020850191951828105,-733.0845710948626
93,143,0.0044974747474747475,-176.9053546007718
93,156,0.007272171525311477,-500.95866442644046
94,95,0.001443001443001443,-87.60268574031338
94,96,0.002048102857963217,-597.3179484407258
94,99,0.001927552448250806,-700.669427367156
94,100,0.0019216719281750134,-1168.991832580236
94,101,0.0016736735486735487,-161.53127158387224
94,102,0.0020875355817811052,-371.10969378096854
94,104,0.0017875062893972396,-359.1382519120954
94,106,0.0014221205723668779,-93.7533739946269
94,112,0.0022332754336149927,-152.05976060919096
94,115,0.0014221205723668777,-93.75337399462688
94,116,0.0018921838442942339,-909.6826684301071
94,117,0.0014020462296324364,-100.63125222083288
94,121,0.002094933363716124,-653.5241906248301
94,122,0.001924836056815364,-514.3412169118219
94,154,0.0021577384502139713,-651.5176162723825
94,193,0.002735688370769016,-193.22474756339165
95,96,0.002085874319281769,-576.3433687777675
95,99,0.0019927816814995195,-714.345106323929
95,100,0.0019436189185466537,-1133.5860023891976
95,101,0.00172718746307456,-154.0123322105847
95,104,0.0018971914187400933,-374.2538514489511
95,106,0.0014245014245014244,-85.89497129195102
95,112,0.002276345352570398,-142.07512434755307
95,115,0.0014245014245014244,-85.89497129195102
95,116,0.0019896625740781584,-946.3189949017718
95,117,0.0014209928003031452,-93.51021892015682
95,121,0.002142504943224929,-633.9112470282606
95,122,0.001970748128482153,-498.1464916837874
95,154,0.0021908876028243177,-627.2471900449973
95,193,0.00270301383204609,-175.42672423767033
96,100,0.0012289119028435888,-1161.0834615062677
96,101,0.0019263315717006253,-712.9578193956434
96,106,0.0020533960699727102,-596.0903960064801
96,111,0.001357688877533771,-1284.8739780116384
96,115,0.0020533960699727102,-596.0903960064801
96,116,0.0017999521831010353,-1792.1152420878163
96,117,0.001989926368288923,-608.568644739146
96,118,0.0016867021432358017,-1401.122585102439
96,121,0.0018536801545233936,-1091.064205428659
96,122,0.0015330854455617706,-799.1479960403831
96,125,0.004350198504433998,-1342.8183020785798
96,126,0.005394416191508827,-1430.5859167000428
96,127,0.0018482075436911307,-1428.2540596704275
96,130,0.006378264472338622,-2245.301764192923
96,131,0.006329424689498417,-1435.5044121527721
96,133,0.004022650473802789,-1046.9783494405897
96,139,0.004988604629299082,-1339.4222155983214
96,152,0.002405563032858341,-1165.0967041258784
96,163,0.001799601863819996,-1240.8444831419827
96,164,0.0017916617635276746,-1298.2944436937044
97,98,0.003682941306094015,-201.56272744774319
97,99,0.0014674992842085765,-371.79527185413326
97,102,0.0019377449368965201,-270.9356275015019
97,104,0.0017416345208508585,-303.13642873921816
97,105,0.0024647756878149033,-267.59610356496694
97,107,0.0026254811041225607,-260.5267538468577
97,108,0.0020962829506394995,-1351.1107466411918
97,109,0.001483745846490945,-188.14618677738005
97,110,0.002454075524619531,-1149.0986701559816
97,116,0.0020336365862113005,-1259.0529762341255
97,118,0.0024256943625696778,-838.8032007398624
98,99,0.0038979440873380265,-787.2977666383248
98,108,0.004158391827883352,-2217.8659342438077
98,109,0.0038578832681655257,-288.39757847289593
98,110,0.004931780115218268,-1792.5098611211085
99,101,0.0016122663219053817,-686.1225906711576
99,102,0.001475262022367348,-510.42587642770224
99,104,0.0012267202421406876,-448.75793140742473
99,105,0.00181861022103369,-502.5213604322641
99,106,0.0019395264050299573,-701.551014833725
99,107,0.001997230159789576,-516.5451067131048
99,108,0.0010147303102128384,-990.0483566253688
99,109,0.001291419323093531,-447.29980218504187
99,110,0.0009689073851716516,-813.758795376773
99,115,0.001939526405029957,-701.5510148337249
99,116,0.0011548153565385493,-1091.6545018332276
99,117,0.0018927037715476597,-693.1807884089417
99,118,0.001264866124558901,-880.300844843543
99,123,0.0015256899515998345,-715.6055417914072
99,137,0.0026708457912920725,-870.9571953026875
99,138,0.0027647420261197966,-2017.2264237133938
99,152,0.003209447675947903,-1534.2671085395918
99,153,0.0034555282624073452,-2587.2477714881115
99,154,0.0022399284785821452,-1415.3754048689136
100,101,0.0018879256713560044,-1385.970838125104
100,106,0.0019206079286974696,-1164.0869184867959
100,115,0.0019206079286974696,-1164.0869184867959
100,116,0.0020001738143480435,-3796.3905931730706
100,117,0.0018737619351701068,-1182.954410113477
100,120,0.0013435629172357088,-1021.7979788556736
100,121,0.001375818351047399,-1359.198318981343
100,122,0.0012749637552322147,-1136.1307229955764
100,125,0.0026885818645318643,-1666.0767469500008
100,127,0.001685017544669032,-1363.3097581674197
100,130,0.004039995051954873,-2529.8017774974605
100,131,0.005388470785611131,-2609.2550141748184
100,132,0.0017995107234522144,-2249.234257637145
100,133,0.0033836295004327777,-1886.1686434486749
100,136,0.0016052916628491328,-1548.1899846046765
100,148,0.0019775010737145414,-2163.2683673143774
100,149,0.0027444600243628934,-2062.6550230182665
100,151,0.0025050654868886517,-1296.8731296706453
100,158,0.0014968832492361385,-1231.5320375106505
100,163,0.00163996867743847,-1199.8238960862302
100,164,0.001585806982587898,-1217.5389397178794
100,165,0.0021815084995113164,-1275.4885644712447
100,166,0.0021815084995113164,-1275.4885644712447
100,167,0.0019344367127387537,-1241.34391431398
100,168,0.0020765494976482707,-1113.5627755842231
100,169,0.002239133198349105,-1133.912440757935
100,170,0.0021131051236787817,-1116.4097415555734
100,171,0.0018452411284623608,-989.5460771581207
100,172,0.0018140730623014442,-1017.8940381620783
100,173,0.001718036351990561,-973.604239737377
100,186,0.003657299175271122,-1758.832910424276
100,187,0.005660173160173159,-2289.4181769552356
100,188,0.0033663469902226926,-1918.4953776350628
101,104,0.001546855517127836,-376.7005351240505
101,106,0.0016496440387569421,-148.88427586266658
101,107,0.0021495020268631117,-318.2719647379562
101,112,0.002329281719937504,-217.55066441559234
101,115,0.0016496440387569421,-148.88427586266658
101,116,0.0013742574751056374,-759.0814363596472
101,117,0.001547637510339123,-142.05485883943354
101,121,0.0018194710177374934,-665.5976012431564
101,122,0.0017585960444155562,-555.5893837099075
101,123,0.0017401770681878211,-426.294446628909
101,154,0.0020151665190083438,-770.2807352326417
101,193,0.0026864507781874723,-275.0177880877529
102,104,0.0014794443196538703,-280.8596598874283
102,105,0.0017577658303464755,-141.6211290635273
102,107,0.002119527298098726,-209.4148811499822
102,108,0.0014981154863255638,-990.5216159762105
102,110,0.0013418523401549562,-767.785187715703
102,113,0.002600924566696642,-1077.2523756441624
102,114,0.0058373444737081105,-513.2056571187217
102,116,0.0015614993891122856,-841.9541023923149
102,118,0.001668211250848411,-667.1104869663757
102,119,0.0031174815488540985,-338.0303392116413
102,123,0.0017423016929981553,-346.82004050428344
102,124,0.0022722086711086664,-1636.1614740114815
103,111,0.0025231076461001184,-933.7886993091897
103,118,0.002136593799462192,-691.300222475318
103,121,0.003960942046818332,-1576.837966589737
103,137,0.0033192631606134937,-203.9743864069589
103,138,0.004633869963295201,-1142.6777455107997
103,139,0.004066800533869948,-232.74970578687808
103,154,0.003048057760451348,-945.6349034187881
103,192,0.005758744110671087,-351.4927778270348
103,193,0.004742512389571214,-389.0014541220577
104,105,0.0018089373314602935,-300.80149257747587
104,106,0.001799481671400374,-359.28000974626246
104,107,0.001610934259743784,-183.26420265135343
104,108,0.0014187255040628386,-1207.0261377836327
104,109,0.0015934639623897935,-345.4531781287497
104,110,0.0014378078158415475,-972.8904044419752
104,112,0.002529958719785421,-354.41245442911924
104,114,0.005250918760087611,-697.3736586881923
104,115,0.001799481671400374,-359.28000974626246
104,116,0.0011589012061701135,-609.1568809781521
104,117,0.0017047163597539066,-360.7096478327153
104,118,0.0020186328152595697,-972.6565304299846
104,143,0.003369952358047596,-332.2620608734276
105,107,0.002510339123242349,-175.62500870701078
105,108,0.0018091673706080486,-1067.1218177074797
105,116,0.0018280837768133592,-935.7099100583741
105,118,0.0021188465066710065,-765.8119444005055
105,119,0.003782099126926713,-243.20930860518843
105,123,0.0021562204709335633,-343.4172591008648
105,124,0.002638354141532342,-1646.7240709724101
106,107,0.002315261196840144,-244.74714460379508
106,112,0.0021774787019796095,-137.96674166246802
106,115,0.0013227513227513227,-80.90762464078577
106,116,0.001921075407276706,-920.028529665798
106,117,0.001326259946949602,-88.50150396832333
106,121,0.002118489569801594,-657.8051096060387
106,122,0.0019497463198447304,-518.3831529455088
106,154,0.0021409355931617568,-643.5433470662615
106,193,0.0026460826360019908,-185.57796366498295
107,108,0.0020429971995561897,-1430.8509435627307
107,112,0.0032332707497181178,-219.4296998643871
107,114,0.006447372869786663,-408.07144310331984
107,115,0.002315261196840144,-244.74714460379516
107,116,0.00187149025217207,-877.2044423973662
107,117,0.002218065423590548,-251.7522145066377
107,118,0.0028944527169315376,-1018.2858884180627
108,109,0.0015323179556328776,-1073.9510786009864
108,110,0.0008145880792304205,-976.1093700038425
108,111,0.001057358027912141,-1542.6689611443335
108,113,0.0017107486006991514,-2004.5489208104718
108,116,0.0010325786402411998,-1483.4767315569516
108,118,0.0013791773076096132,-1444.0156084915689
108,119,0.002595551250420524,-1645.8278928995744
108,122,0.0014068599865783812,-1790.561225052172
108,123,0.001330590633819013,-1131.879783241677
108,124,0.0013288018395204062,-2314.3435540298456
108,133,0.004107895593600341,-2966.296834314825
108,138,0.0018512511887169006,-2447.769643710392
108,143,0.0041229791865385074,-2213.745875083401
108,152,0.0028147743068050223,-2737.6317747278963
108,153,0.0021423127463531815,-2971.9841525499533
108,154,0.0013598919705975561,-1774.8484387294463
108,156,0.0037762441577681087,-2262.9772548692804
108,158,0.002040534319815217,-2052.047035322973
108,186,0.005897951947842876,-3933.5769441645025
108,191,0.007429124894546041,-4729.340899591955
108,192,0.0036346137536707665,-2466.3820885307837
109,110,0.0014752673950787158,-660.2687591386928
109,116,0.0015739453571560617,-1095.6867607234517
109,123,0.0021470693588091622,-573.3571198978998
109,143,0.004199941523530233,-317.40452503888463
110,111,0.0010350291180768305,-982.7840518737472
110,113,0.0018276440108290172,-1172.223864663363
110,116,0.0010552909448269979,-1404.8598303931976
110,118,0.0010546701096810277,-958.1092571573546
110,123,0.0013723139315393307,-1018.4847629721047
110,124,0.0016768799347519616,-2217.897201883962
110,143,0.0036084867845874126,-1328.2695800555482
110,148,0.0027858808117654766,-3607.9350725506697
110,157,0.004299509016490148,-1694.8227994925264
110,158,0.0025792256091454087,-1588.5317048843074
110,159,0.0036395311092301146,-1885.9637808580094
111,113,0.0021527920059777853,-1194.3025747208728
111,116,0.0013554621453241297,-1865.8789315002994
111,118,0.001266433181224347,-1097.9234102749149
111,120,0.0014464315337170562,-1200.0837136849077
111,121,0.001573270776400983,-1515.7673399875061
111,124,0.0016641598289544755,-1963.935330537773
111,137,0.002705300385346365,-1127.9793098450157
111,139,0.0022633606280011236,-916.3285496431743
111,148,0.0019437362814431764,-1714.665331811418
111,154,0.0011553766187330672,-1005.5095338887808
111,157,0.00221985709868363,-656.534053152678
111,158,0.00181688523706769,-841.4080482312391
111,159,0.001861683382482922,-664.5383012405055
111,170,0.0024538710020958468,-1306.6978479897882
111,171,0.002099809998996382,-1138.787635328546
111,172,0.002061901860126705,-1134.2132429952314
111,173,0.0017993893841161284,-1043.6599478752432
111,192,0.0034642916995858185,-1118.8585416816406
111,193,0.00388251427271391,-1541.8596015335952
112,115,0.0021774787019796095,-137.96674166246808
112,116,0.002283319792643466,-1080.666992587809
112,117,0.002190606036106885,-150.96863767947167
112,121,0.003594446364870333,-965.3337480555653
112,122,0.003552862561092143,-809.1468029082541
112,154,0.005151371510002363,-1220.626105303659
112,173,0.007907092469229464,-1634.8741736486452
112,193,0.004062789062789063,-156.1216668314491
113,116,0.0016166155669688283,-1889.0295367512865
113,118,0.0019225705084339403,-1370.6275355241376
113,124,0.0017651433428032528,-1542.45716891986
113,148,0.004167040533586232,-3499.1605129863324
113,157,0.003757908757908758,-722.8925058680055
113,158,0.0031456126060033563,-1053.4895199400673
113,159,0.0033220273477123125,-905.872999733597
114,116,0.005266861591725475,-2646.415441538982
114,123,0.006708398901778279,-937.7560341076146
114,197,0.0625,-545.9856456201701
115,116,0.001921075407276706,-920.028529665798
115,117,0.001326259946949602,-88.50150396832333
115,121,0.002118489569801594,-657.8051096060387
115,122,0.0019497463198447304,-518.3831529455088
115,154,0.0021409355931617568,-643.5433470662615
115,193,0.0026460826360019908,-185.57796366498295
116,117,0.001830057862510317,-916.7575597815415
116,118,0.001310890516866367,-1372.744881857486
116,121,0.001771074298558028,-1896.2740266107785
116,122,0.0017687364153558369,-1710.7043535403338
116,124,0.0013262804820471483,-2309.633908448526
116,143,0.0029391198628211618,-1273.845372644365
116,154,0.0018974740248739429,-2100.2467238033328
116,162,0.01472431077694235,-5853.265331863673
116,193,0.002709296413851182,-1311.1451428549003
117,121,0.001988913930021872,-625.108262957906
117,122,0.0018723207251710129,-504.1405408235417
117,123,0.0020391461518957845,-435.21055548924414
117,154,0.0020838580215216825,-659.363843436814
117,193,0.0026209953766771943,-199.31620684427642
118,132,0.002996094323494254,-4820.944702050737
118,137,0.002399100570855686,-671.8419283306565
118,138,0.003163817494712073,-2433.680358269975
118,139,0.0032216290278912073,-976.073589128713
118,175,0.009306589191578856,-3052.2216471356337
118,192,0.0032853630105151395,-996.7278148652471
119,121,0.003278103902660641,-978.8328692778716
119,122,0.003511537466165754,-785.3066612047458
119,123,0.002944224794023181,-274.9311496305648
119,124,0.0026337243003909665,-1268.393311156929
120,124,0.0023673427398699085,-2600.164276013541
120,127,0.0015463470542438594,-661.3610914261104
120,132,0.0018312295230858448,-1333.9535030015966
120,134,0.0039737235329066044,-1097.0911605985798
120,136,0.0016758802429061729,-890.144615980562
120,148,0.0015610122710623192,-875.8596752948275
120,149,0.002148308206262916,-808.0628752941575
120,151,0.0018472270808129394,-432.50792704302523
120,152,0.0017758175991535131,-707.1961568374035
120,153,0.0043136295999721165,-3174.041621452372
120,159,0.0017076206144674437,-603.0966703131248
120,163,0.001401536142315618,-507.96441479119954
120,164,0.001389105074256725,-534.8924646780304
120,165,0.0018907473655892697,-537.0645397961371
120,166,0.0018907473655892697,-537.0645397961371
120,167,0.0013776165176924754,-390.3805415011842
120,168,0.0015846568633340143,-386.0050079702006
120,169,0.0016028989344788463,-362.60410867506073
120,170,0.0014390736113780507,-301.8021927682587
120,171,0.0012280193966240477,-263.03979059398455
120,172,0.0011805862096559768,-257.13673352075426
120,173,0.0013620175760173537,-342.76390071689076
120,188,0.004497296696886259,-1256.134122167035
121,122,0.0009047774837248521,-302.34639997618575
121,123,0.0019115419881878953,-858.6521934787116
121,124,0.0016467128733771241,-1912.6116470362217
121,125,0.006170123526158176,-2104.157217373124
121,130,0.00791563351752082,-2849.991602103714
121,131,0.006466908145888161,-1444.3810319071995
121,133,0.0038068399662602565,-977.4413779284511
121,154,0.0020807192361024123,-1260.5299852663395
121,158,0.0022561658515902775,-1052.4753787069199
121,186,0.004414351081017748,-979.6357230376999
121,187,0.005899839610641004,-1048.7921680081727
121,188,0.0035751952715691224,-868.5142935033151
121,192,0.005508858949810207,-1462.8092049196855
121,193,0.004021912079403368,-816.4168616516168
122,123,0.001971713897800307,-715.6493011582425
122,124,0.0018014247395165314,-2000.861275779883
122,125,0.005466943718859128,-1604.2573679525076
122,130,0.007151418580683525,-2223.5543353003773
122,131,0.006003885915243491,-1128.6648825972554
122,133,0.003524187452758881,-733.5179153011978
122,154,0.0019697577942424903,-1129.800512612972
122,158,0.0022791733119442176,-959.8517428876062
122,186,0.004648316582114492,-824.7717115254624
122,187,0.006138583638583639,-901.4391663738205
122,188,0.0034170559719292407,-734.7869449855734
122,193,0.00385782193462732,-792.3747843272289
123,124,0.001440949919756836,-1047.75504505192
123,188,0.003418024283408899,-498.5044838669819
124,148,0.0035006437134258144,-4696.524494175162
124,153,0.001751893426310911,-2133.85538737932
124,157,0.0031275328445139763,-1391.9782362164324
124,158,0.0022640295235668607,-1265.3787474636893
124,159,0.0027000596805791606,-1416.282425660838
124,186,0.0039549459303923565,-1847.1849580008895
124,188,0.0028420058165428545,-1372.1589804167338
125,126,0.00665842094413523,-214.23501118953448
125,127,0.0032242063492063477,-867.1953798414594
125,128,0.006749377469820818,-428.06327873811193
125,129,0.0066619751348815405,-484.5459348389296
125,130,0.005117787855883094,-364.35977782051947
125,131,0.011583366128820676,-436.9405551389967
125,132,0.003400994100576291,-1825.7425478261878
125,133,0.009913851580518248,-551.9844239550381
125,134,0.009818496364062864,-606.0562136850792
125,135,0.007395133602030153,-549.9802068956141
125,136,0.002736309811781509,-990.9240634481725
126,127,0.00357350257176041,-599.7006744885601
126,128,0.006295828677251604,-197.11190501644606
126,129,0.010416666666666666,-317.97367127325657
126,132,0.004071203953279426,-1566.6880359990673
126,134,0.005843164771736202,-164.3089853702557
126,135,0.011511216056670602,-398.2024605185424
126,136,0.003438977541371157,-884.6504847189829
127,128,0.003179218368612307,-673.73204611595
127,129,0.005044059632007954,-1334.631577213206
127,132,0.0019010791864327214,-1058.7821485555992
127,134,0.002998468862256239,-573.9619761679738
127,135,0.002851987940903374,-737.8784185773964
127,136,0.0010976823629884856,-437.44990791317264
127,139,0.004780317036764034,-1563.032893320671
127,147,0.002750152365603028,-891.0327987405924
127,148,0.0017377579193718071,-977.0454843798448
127,149,0.0022156994224065453,-715.4575884989679
127,151,0.0028905394979478805,-616.4883931423735
127,163,0.0017201459320866812,-533.9149665616086
127,164,0.0015519491439919342,-493.75183441985735
127,165,0.0016775256169195565,-404.9119681829363
127,166,0.0016775256169195565,-404.9119681829363
127,167,0.001364202017532267,-357.53794832135367
127,168,0.0016905120367065399,-362.57448489604616
127,169,0.0016463163240166723,-312.2767769411678
127,170,0.0015979791878311966,-336.1683477091704
127,171,0.0015516091652455289,-347.79487325371747
127,172,0.0015508060958008443,-368.9986866288971
127,173,0.002008631837682838,-504.5615557854134
128,129,0.007639915081251266,-472.1286601606286
128,130,0.007601090946441991,-602.7659216760279
128,132,0.002992939899048495,-1190.1278339751298
128,134,0.004542346542346541,-207.57752253086517
128,135,0.008769877392245913,-552.4691412249452
128,136,0.0026691072828908167,-716.9207052365664
128,147,0.0063491586778160625,-474.08972978212387
128,148,0.0053384463589076225,-2286.444502300332
128,165,0.0027333084388833514,-396.8309565348164
128,166,0.0027333084388833514,-396.8309565348164
128,167,0.00326893401592754,-583.6126613512711
128,169,0.0030132984836817585,-373.8341416085699
128,174,0.017857142857142856,-426.0285719630971
128,175,0.01009920634920635,-390.22680562492064
129,132,0.004932897775257047,-2519.511752346634
129,134,0.010192220726408761,-572.214740535897
129,135,0.010920925318925898,-785.5340800275561
129,136,0.004160889794178068,-1426.6404436463827
129,147,0.008688990713383278,-883.1697408366091
129,156,0.018481885371753794,-861.0133819133471
129,182,0.028534007281970527,-897.756289221144
129,183,0.028534007281970527,-897.756289221144
130,131,0.012747035573122529,-529.0794449879065
130,132,0.004239287648307661,-2544.139043067788
130,133,0.011783864573152626,-716.7017296477032
130,136,0.0038037897887767966,-1561.9915331582836
130,147,0.01102809136160289,-1380.537587657163
130,165,0.005462579023392869,-1060.140479179227
130,166,0.005462579023392869,-1060.140479179227
130,174,0.0437950937950938,-1420.1549821936906
130,175,0.01438550084545508,-737.7719627017103
130,182,0.0230868369565637,-781.855704182586
130,183,0.0230868369565637,-781.855704182586
131,133,0.013021014073645655,-340.78145778551783
131,136,0.007268872566073207,-2459.9670372646074
131,140,0.03352266832658989,-428.92303566498873
131,154,0.00870129531104542,-2312.472829843576
132,134,0.003547583282706647,-1448.8232950748684
132,135,0.003221109830246184,-1615.4882559821153
132,136,0.0011331408959845603,-717.2686260986488
132,147,0.0024335514257847073,-1330.290997084811
132,148,0.001556462583838687,-1470.2072225276027
132,149,0.0025158989616258912,-1494.9165889372096
132,151,0.0035733153891130067,-1577.667576578349
132,163,0.0019033476444259242,-1213.9228957507496
132,164,0.0017952605281420864,-1166.081957205089
132,165,0.0016747293472406594,-731.5020846283256
132,166,0.0016747293472406594,-731.5020846283256
132,167,0.002148880839224901,-966.5558434420798
132,168,0.002539752569233701,-1086.1167428204765
132,169,0.0024559836635628485,-989.1362806326731
132,170,0.002054354837440048,-900.959038871054
132,171,0.0018776903541031387,-866.5774992450938
132,172,0.001860848077971597,-900.7702800939032
132,173,0.002268606035578772,-1103.3876594213054
132,174,0.011502177068214802,-4253.996007608379
132,175,0.0048368706456941735,-1836.5409819380095
132,176,0.00476886263049785,-1901.2331706983052
132,177,0.00476886263049785,-1901.2331706983052
132,178,0.0041218741849184505,-1653.67130486768
132,192,0.007564109882717558,-3849.7240206642773
133,156,0.011898851665797445,-381.10805308145916
133,191,0.017841458058849364,-532.6152166598797
134,135,0.007996442123426251,-462.88502490427175
134,136,0.0023714798922939546,-631.3209274886289
134,147,0.007338105136463803,-771.6455766063189
134,152,0.007144985728594268,-863.2596676708268
134,167,0.0027831033777122576,-430.86798955364384
134,170,0.002829389445243103,-334.5343226522004
134,171,0.0028004306314410835,-357.18007064623964
134,172,0.0028757792645606197,-393.401287683907
135,136,0.0028622322785469513,-1035.8047010233931
135,149,0.00462059693847612,-1206.0438165685505
135,158,0.006215560695957146,-1222.7863924725054
135,164,0.0037801508006612278,-1043.0591877226263
135,168,0.0032307463795307346,-506.507862772864
135,178,0.007436548666387377,-544.8510761520907
135,186,0.013810916244553044,-746.973401563011
135,191,0.015896739130434785,-570.9624040641249
136,147,0.0023553119144868497,-871.4397717496151
136,148,0.001653437630711893,-1207.3856017778055
136,149,0.0019884240733932996,-877.227873191637
136,151,0.002889269066391511,-877.893663425378
136,152,0.0028571985245606567,-1428.0644521261133
136,154,0.0031087120945134062,-3184.0201222727455
136,163,0.0018123372205346969,-798.9500641820864
136,164,0.0016791389560233008,-756.4202329546729
136,165,0.0013227374177882966,-398.1907190072225
136,166,0.0013227374177882966,-398.1907190072225
136,167,0.0012923517594797872,-454.8954358844212
136,168,0.0017180314135033525,-525.0043286053989
136,169,0.001584289772310124,-434.3455414570229
136,170,0.001655381613616591,-477.2773252182371
136,171,0.0015954464330460107,-487.2276463123836
136,172,0.0015845410873283016,-510.8889243529547
136,173,0.0020564741434778025,-723.2561619349252
136,174,0.010948581560283688,-2676.291209155791
136,175,0.004918655172791766,-1523.5365585406478
137,138,0.0045133745871871675,-993.3397780221745
137,139,0.004681130834976989,-221.99262206261847
138,139,0.008431767482007435,-1930.1426267268478
138,152,0.005394186993262438,-2222.6263560524085
138,153,0.001922968385133621,-805.7764062395238
138,154,0.0032617791282756005,-2228.6114759877855
138,155,0.007175143162521955,-1627.6974177836782
139,163,0.0036321210869290454,-977.2772388524363
139,164,0.0036768205165071603,-1059.3428743413535
140,141,0.037202380952380945,-43.905980049652214
140,142,0.041666666666666664,-49.16313212404396
141,142,0.047619047619047616,-35.88626039503201
144,145,0.013888888888888888,-38.792781935063054
144,146,0.013888888888888888,-29.81133167535841
144,147,0.015615154076692532,-635.4920338191306
144,148,0.006880668934240362,-1673.4045795164345
144,149,0.00891826923076923,-1063.295784113207
145,146,0.013888888888888888,-38.792781935063054
145,147,0.013974128435666899,-585.8855569464262
145,148,0.006338435374149658,-1632.9643257745279
145,149,0.007991518136335207,-1025.1055531266813
146,147,0.015615154076692532,-635.4920338191306
146,148,0.006880668934240362,-1673.4045795164345
146,149,0.00891826923076923,-1063.295784113207
147,148,0.002850630085899286,-1247.283184889533
147,149,0.002051676545779228,-515.2011126963575
147,165,0.0022002669928145612,-416.25547050901986
147,166,0.0022002669928145612,-416.25547050901986
147,167,0.0023982695700295784,-555.4076423303335
147,169,0.0024425150548300655,-405.33710678691585
147,174,0.026358974358974357,-1209.3849109493003
147,175,0.011366082831600071,-779.7525516036167
148,149,0.0009804451529897365,-413.2699970667737
148,151,0.002231117122173545,-755.783351239293
148,157,0.0031246779014636153,-926.5517729459372
148,158,0.002123594288297068,-988.1917368140191
148,159,0.0020627586026341683,-740.7272988242008
148,163,0.0014341781903965032,-720.2783930650864
148,164,0.0014104618451122055,-747.9820592213334
148,165,0.0015512949846580829,-583.1241654576597
148,166,0.0015512949846580829,-583.1241654576597
148,167,0.0013607731978799633,-569.2674564000891
148,168,0.0017074606723927988,-601.9137955834096
148,169,0.001456322518184763,-445.4077490193602
148,170,0.001625257095845331,-542.1744769428246
148,171,0.0015629163864457985,-529.8597351401864
148,172,0.0015024605024605026,-516.6662961591563
148,173,0.0019510206095173094,-702.7532174361831
149,151,0.003266476484802277,-566.266792719968
149,163,0.0018451696026826592,-498.57846652839794
149,164,0.0017873527664199395,-495.15639221555676
149,165,0.0018933113306036893,-392.6479829935963
149,166,0.0018933113306036893,-392.6479829935963
149,167,0.0016124851945010048,-364.1269783096368
149,168,0.0019281887702940334,-304.52829576666704
149,169,0.0017971451625297776,-289.2093585721883
149,170,0.002065344160291896,-369.3405316035574
149,171,0.0019592459144442726,-374.7479993333508
149,172,0.0019142343841541704,-390.02230455520646
149,173,0.002846229005324274,-585.534038038523
149,178,0.003593362415889305,-596.462880833263
149,191,0.0058273746787524386,-914.431173856719
150,151,0.02325268817204301,-1130.2706065981156
151,163,0.00252961157985018,-438.54684035441977
151,164,0.002505940567724136,-469.1748682081786
151,165,0.002797750413296632,-336.93449950236953
151,166,0.002797750413296632,-336.93449950236953
151,167,0.0021700902069243734,-305.02241652716214
151,168,0.0022648919707743236,-222.64035296250998
151,169,0.002248799829849295,-200.18749298359245
151,170,0.002108208603306643,-202.17870617909637
151,171,0.0016235938819972433,-169.88298884192432
151,172,0.0016127593012513646,-182.18342241271128
151,173,0.00274859943977591,-312.76821371039193
152,153,0.007155979921775712,-2719.6164828773362
152,154,0.003162750495303066,-974.6742215154148
152,163,0.0017106296731146666,-473.9035608933312
152,164,0.0017746612288134789,-525.0145630785737
152,167,0.0022312075258898597,-553.0270361613187
152,170,0.0022022010611687922,-435.45126764512065
152,171,0.0020142536579097906,-425.34365057252
152,172,0.001964770569399921,-440.83744866248753
152,176,0.0043577457721056334,-409.8624950766577
152,177,0.0043577457721056334,-409.8624950766577
153,154,0.004034659525600725,-2659.840139709137
153,155,0.0053046334653917655,-1152.947731287821
153,184,0.00975975975975976,-1358.0936570626482
153,185,0.00975975975975976,-1358.0936570626482
153,188,0.005265323409350188,-1378.3393142125192
153,190,0.014019516246236893,-2194.3188194972313
154,159,0.0027074316999376354,-1088.702137701294
154,163,0.0020065240337067826,-1337.121867356551
154,164,0.002019693816351631,-1414.968419387937
154,176,0.004636050565666695,-1178.9383668178273
154,177,0.004636050565666695,-1178.9383668178273
154,192,0.005169421953497847,-1219.6179623912667
154,193,0.007105995855995854,-1251.6946232657351
155,160,0.0037536864844557147,-125.02358467387857
157,158,0.003458351992834751,-268.8048620674349
157,159,0.0029127539127539125,-150.4422639127974
158,159,0.002809554280142515,-308.8893402875766
158,186,0.004365535486225141,-302.7631847523631
158,187,0.007712096332785987,-469.8694630074621
158,188,0.0039338466970045925,-493.100608847868
159,172,0.0019524709185613433,-375.5057031261588
161,162,0.2,-49.03367354360843
163,164,0.0006859756097560975,-140.3757765394681
163,165,0.0020530689758407644,-441.7077107645028
163,166,0.0020530689758407644,-441.7077107645028
163,167,0.0014379962214814948,-322.55660740398326
163,168,0.0016306356245380633,-269.7623725151052
163,169,0.0018184605738697005,-304.08968912544583
163,170,0.0015325798862384226,-260.26409932817205
163,171,0.0014074980021823874,-256.08375899476215
163,172,0.0013493612330821633,-261.83933762163633
163,173,0.0016896276145747604,-348.55589433427804
163,178,0.002379823019357903,-410.65114504280785
163,191,0.004751483084816419,-764.726986955877
164,165,0.0020261086116584387,-468.43395378174114
164,166,0.0020261086116584387,-468.43395378174114
164,167,0.001417568682515267,-341.409044029885
164,168,0.0015544161123429415,-265.2834545535509
164,169,0.0018052920056322692,-326.43684437318245
164,170,0.0015353647828730884,-281.75982721808384
164,171,0.0014032381111217206,-275.4485919629195
164,172,0.0013464528117638165,-281.44382811346065
164,173,0.0016987081381020772,-376.79138972332186
164,178,0.0023137553660809475,-413.039888048779
164,191,0.004686875015822384,-783.2912894462486
165,166,0.0008403361344537816,-101.00755816146147
165,167,0.0012185290996266605,-197.2462300458047
165,168,0.0017150666821719456,-218.5311754546534
165,169,0.0012254901960784311,-128.59886475607644
165,170,0.001501075222760766,-187.01030202228284
165,171,0.0014805232500549443,-198.74745114822184
165,172,0.0014901779024223325,-214.55076869125952
165,173,0.0022873782858300823,-333.7684517047916
165,174,0.011005291005291006,-959.2030107624922
165,175,0.005280536770921386,-637.4564874851076
166,167,0.0012185290996266605,-197.2462300458047
166,168,0.0017150666821719456,-218.5311754546534
166,169,0.0012254901960784311,-128.59886475607644
166,170,0.001501075222760766,-187.01030202228284
166,171,0.0014805232500549443,-198.74745114822184
166,172,0.0014901779024223325,-214.55076869125952
166,173,0.0022873782858300823,-333.7684517047916
166,174,0.011005291005291006,-959.2030107624922
166,175,0.005280536770921386,-637.4564874851076
167,168,0.0012557465682465684,-176.54224200156034
167,169,0.0010953445163971482,-134.2201107577126
167,170,0.0010799825830190204,-141.234299178325
167,171,0.001066047556432172,-150.0311414789445
167,172,0.00107502084636231,-162.06797147050372
167,173,0.0018401379707775414,-309.5031630134675
167,176,0.002904210798947641,-318.55097145640593
167,177,0.002904210798947641,-318.55097145640593
167,178,0.002286226949688488,-286.3629445923633
168,169,0.0014048743040339679,-132.55122129043187
168,170,0.0013615980580266296,-137.9369565387023
168,171,0.0012839762839762842,-141.02286589983964
168,172,0.001287522340153919,-152.37031816413833
168,173,0.002084330209330209,-250.526984063245
168,178,0.0020049494156637016,-185.12175271874492
168,191,0.004976553934887269,-416.9945354258475
169,170,0.0012026780409133348,-110.65213441474654
169,171,0.0011925519365995558,-119.10854499519127
169,172,0.0012031647448314117,-129.75687944148933
169,173,0.0020405823080982106,-223.53910550033913
170,171,0.0009506833036244801,-86.52693165522005
170,172,0.0009727527374586199,-95.82700858047832
170,173,0.001936385541458005,-215.2257387281403
171,172,0.0009103641456582632,-92.04542705392642
171,173,0.0014834969545114473,-179.19418427782202
172,173,0.0014613011180516899,-189.91305633879477
174,175,0.03333333333333333,-357.93611476393414
174,194,0.1,-195.58139530052978
175,192,0.01754329072825445,-486.9294331134029
176,177,0.004761904761904762,-54.69520083315963
176,178,0.007519841269841269,-184.12835512588967
177,178,0.007519841269841269,-184.12835512588967
178,191,0.011079741514524122,-306.1744684956577
179,180,0.037202380952380945,-46.3889769675438
179,181,0.075,-77.15114681957033
180,181,0.05717592592592592,-78.70542663134665
181,189,0.07539682539682539,-46.01372245199406
182,183,0.023809523809523808,-28.33252917230961
184,185,0.017857142857142856,-30.77382397594826
186,187,0.012347374847374847,-84.40729690369695
186,188,0.006950113378684808,-180.17885693228962
187,188,0.010543106131341426,-170.91489059565782
192,193,0.010869096535979044,-433.99932982897406
