i,j,LLBCe,LLBMEe1
0,1,0.00021406999625044233,-447.5249383735185
0,2,0.00019887318679434252,-581.2520482627531
0,3,0.00021711821919452432,-449.9517199751536
0,4,0.00026167099560621805,-462.0241189514356
0,5,0.0001168941603396975,-177.2704267607621
0,6,0.0010930732714737692,-10108.175639607032
0,7,0.00038796633995605507,-624.3379052568705
0,8,0.00025606316695581447,-708.0908712561453
0,9,0.00034877510983150826,-1375.449717634938
0,10,0.0003058694043885268,-1034.2602148353362
0,11,0.0002383437915151614,-769.5033032170323
0,12,0.000565069275504931,-2819.3885286740674
0,13,0.00025269339253423744,-873.5065895519424
0,14,0.0002525023311049919,-878.2249880277452
0,15,0.0003783646997345168,-702.4739464904793
0,16,0.0002202085180646934,-330.65418951273745
0,17,0.0003153529884692595,-1427.8582842608619
0,18,0.0003928708756308228,-1649.9840351698626
0,19,0.0004936982927583308,-2895.1320332202718
0,20,0.00021711821919452432,-449.9517199751536
0,21,0.0005821549991282601,-753.0986011233014
0,22,0.0008880852338997389,-7057.813062861203
0,23,0.00027441080992715106,-1006.1275939388476
1,3,0.000236803685561211,-672.9074504446096
1,5,0.000207726741219783,-427.7040539248659
1,6,0.0008523786486431263,-7806.735073798906
1,10,0.00016255841264028746,-538.8365614860744
1,11,0.00017088417681152115,-537.6854824408653
1,12,0.00022818261843812594,-1126.3009429637855
1,13,0.0001853325492206441,-625.219910071349
1,14,0.00018474226993790696,-627.1883514708812
1,18,0.0002603737850990888,-1073.2647767642234
1,19,0.0003024681986898098,-1751.2097443538728
1,20,0.000236803685561211,-672.9074504446096
1,22,0.00041562837646927494,-3273.90989343816
1,23,0.00017252452225072136,-619.7884958889709
1,66,0.0015236684362800413,-23314.573858575415
1,119,0.00016512030206986399,-383.35966225698434
1,120,0.00019604266081211548,-684.8586156452235
1,121,0.00035059391409901394,-1468.5543347404205
1,122,0.0003265223506494602,-1274.679837569087
1,123,0.00028831639213512813,-923.9113873488709
1,124,0.00040196601867746546,-2296.789482953613
2,3,0.00023362660519808827,-836.5186472540104
2,4,0.00035891649639649805,-881.3254274346439
2,5,0.0002453922332822332,-712.6926573744074
2,6,0.0009469849688821046,-9339.885292845089
2,7,0.0004261026157283253,-1281.954450090101
2,8,0.00011288076885818297,-383.19909218068494
2,9,0.0002517968842171889,-1200.867547798045
2,12,0.00032768538048780855,-1892.634526191355
2,13,0.00020140408536213175,-837.8235171668903
2,15,0.0003916481064598211,-1295.13300029704
2,16,0.000256107975984187,-745.6548612066604
2,17,0.000261983701355295,-1378.4538141626156
2,19,0.0004380723686452405,-2903.0016181368237
2,20,0.00023362660519808825,-836.5186472540103
2,22,0.0006080989733484561,-5276.775231014119
2,23,0.00031879470670078655,-1385.8823123975083
2,66,0.002817913686830401,-46065.43157733015
2,124,0.0007695490431518877,-5055.100419571335
2,129,0.0007497853860052063,-2607.8617562148092
2,144,0.0009637115587767071,-2045.6714497835565
2,145,0.0007465825661771145,-1643.0637568867094
2,146,0.0009637115587767071,-2045.6714497835565
2,147,0.0004990264018038528,-1630.8918991402659
2,148,0.00017746337717033684,-841.8576863576618
2,149,0.00024070446110428936,-878.4413929976206
2,156,0.0003882253465628587,-988.910784765042
2,158,0.00028701414416268194,-985.3778225816925
2,159,0.00021182970240663773,-663.6323434887621
3,5,0.0002263360135220991,-467.56490536504276
3,6,0.0007913336921771902,-7892.397590831172
3,7,0.0006057467935888048,-1352.9342092586373
3,8,0.00024148107454183049,-833.4212718491357
3,10,0.00025478245385124955,-1042.3291757138134
3,11,0.00014183349423072138,-559.9404115844258
3,12,0.00027286095455258957,-1570.6029947655238
3,13,0.00014884361735707744,-621.6700116026284
3,14,0.00013180287444400403,-554.1661375693592
3,15,0.0005714346992356203,-1447.766714409058
3,16,0.0004245179631261359,-870.1837452040656
3,17,0.00019159754727654166,-1006.8014993301271
3,18,0.0002426397951309631,-1193.091316868711
3,19,0.0003229574247033894,-2127.348874624056
3,20,5.6110425317023906e-05,-144.533016657993
3,22,0.0004173276010660725,-3680.3854981402687
3,23,0.0002208496823614897,-963.118512903889
3,100,0.0004312271804639488,-2794.1648662977027
3,111,0.00046035710306696094,-2121.235048478221
3,120,0.0002287433903881188,-984.7818612340089
3,127,0.0003107800633538477,-1172.420186948079
3,132,0.0003566291168185882,-1832.9507504939395
3,136,0.00034713305184873533,-1521.3647385083673
3,148,0.00019121438380519782,-903.7253316465668
3,149,0.0001889072651396578,-487.5183569624056
3,151,0.00023187730508939742,-515.027510809017
3,163,0.00019354684133856967,-479.6338160741771
3,164,0.00020356331644413639,-514.9006989966111
3,165,0.00022779450847237702,-558.5597648618542
3,166,0.00022779450847237702,-558.5597648618542
3,167,0.0001434466736430978,-330.0963547680591
3,168,0.00016338086412019814,-350.38928379618955
3,169,0.00016183368583056487,-338.9875874185243
3,170,0.00015650547090390848,-332.1567821321016
3,171,0.00013673464214096235,-415.91810691129876
3,172,0.00013900642108871213,-428.79257263403406
3,173,0.000195837674245428,-492.8782391890633
3,176,0.00029960283753226516,-535.0145385802914
3,177,0.00029960283753226516,-535.0145385802914
3,178,0.00024180899684525238,-459.93946840329454
4,5,0.00019235808007097137,-336.9168087574213
4,9,0.0005334697390853625,-1786.7248810249807
4,16,0.0003694709765399537,-638.8024798853611
4,21,0.00042432139915503944,-572.7801437405985
4,66,0.0028705026153682243,-42449.12357586469
4,152,0.0004202479084025957,-936.8876856109373
4,154,0.0006664889369247479,-2078.445005068614
4,159,0.0002874463764081265,-534.0555935227651
4,163,0.0005566400603879961,-1314.1032914893976
4,164,0.0005823049674262651,-1416.9659674705258
5,6,0.0010979805947934312,-10144.57418424351
5,9,0.00034462944088473535,-1356.6849698943274
5,10,0.00031166105014109567,-1051.081229474938
5,11,0.0002287547444197233,-737.281878177086
5,12,0.000546362668625095,-2722.6587125765495
5,13,0.000249450984336409,-860.5412438561582
5,14,0.00023907132485825495,-830.3669633523397
5,16,0.0003026149375674887,-463.576949723625
5,18,0.00032751554784197,-1376.1931112003897
5,19,0.0004403062604150591,-2581.3418961074603
5,20,0.00022633601352209905,-467.56490536504253
5,21,0.0005564388268723013,-728.1607583476502
5,22,0.0009007639250828799,-7149.4465449237505
5,23,0.00029277518128497006,-1070.2072573745622
5,152,0.00028399633630329767,-671.1290444622186
5,154,0.0004874114033314885,-1745.160503472772
5,163,0.000276634412009279,-546.5310389541564
5,164,0.0003361734074291242,-679.4450819747655
6,8,0.0007626291276019297,-7360.398361245173
6,9,0.0005603992181414998,-6259.562096767382
6,10,0.00033870392203901213,-3475.849709286353
6,11,0.00037636672672420484,-3903.0810755356983
6,12,0.0002925796260842946,-3690.6032126893733
6,13,0.00037276211741073625,-3956.40846441563
6,14,0.00036607291491940397,-3893.95356479228
6,17,0.00023694603137206652,-2776.833653966775
6,18,0.0002567848020381025,-2937.5122346885864
6,19,0.00013783193919619804,-1813.9696290760266
6,20,0.0007913336921771902,-7892.3975908311695
6,22,0.00021353284622028517,-3415.6819417442175
6,23,0.0003440662175742892,-3658.763316282205
6,25,0.0016123221512395162,-16501.731851309265
6,26,0.0008117932439510555,-10608.114360856074
6,27,0.001103798872596323,-13464.341238543768
6,47,0.001114905592818358,-12202.59544344088
6,53,0.0005047667951267907,-6239.315743628903
6,54,0.0009212957656715145,-10778.47523889189
6,66,0.0014352664962034327,-35255.009768964774
6,73,0.00032665072931310914,-4493.007561491789
6,74,0.00044403030489055745,-5422.9073743355975
6,75,0.0004112072274254033,-4767.719775778977
6,79,0.00035703362690028736,-4191.534685066618
6,80,0.0012227225458619124,-11455.287059311408
6,82,0.0010825881840233178,-10374.273049506544
6,83,0.0008985378379088731,-11434.951267659422
6,84,0.0011645888888910784,-11009.128525256105
6,85,0.0005739989871020824,-5641.198505052167
6,86,0.000673084027530265,-6608.152124366429
6,88,0.00037382548935014026,-4944.958641076082
6,89,0.0005094886024563026,-7934.691288387933
6,91,0.0023494581999357806,-20194.33662257386
6,92,0.00040961078209622164,-6191.3152914568245
6,94,0.0005493124629423109,-5086.7664538027975
6,95,0.0005582764506126045,-5143.597634184292
6,96,0.0003290724259453962,-4082.144577937611
6,97,0.001212636874994208,-11400.288672979514
6,99,0.0005091872423562473,-5296.119239712726
6,100,0.00038316573665230684,-5246.764164853745
6,101,0.0005058055810314582,-5403.367578343064
6,102,0.0008939521499117325,-8744.64133560908
6,103,0.0011066080861698033,-10175.256459157912
6,104,0.0011591817199048575,-12258.1944897662
6,105,0.0007216907358600473,-6637.7083837026785
6,106,0.0005517414153062437,-5101.207267671752
6,107,0.0013808531156224951,-12702.069480165594
6,108,0.0003462279397790568,-4492.914179078844
6,109,0.001035109566914585,-10810.351680909325
6,110,0.0003490277137553625,-4291.283657526017
6,115,0.0005517414153062437,-5101.207267671752
6,116,0.0006297997577820034,-8708.017676784417
6,117,0.0005443204072641165,-5057.396902549446
6,118,0.0004455113493522145,-5434.349855628047
6,119,0.0007423460220206186,-7635.099863193397
6,120,0.000431995095374283,-4800.794968767329
6,121,0.0005132040467687587,-6379.40375624865
6,122,0.00047554315476326366,-5769.658062687602
6,123,0.0005411822055718668,-6229.7455721686565
6,124,0.0006524020567342025,-9076.091637611265
6,126,0.0016420745019309882,-16207.41995916205
6,127,0.0006962945969748429,-8098.300765702663
6,129,0.0018113631322517491,-19115.56462936807
6,132,0.0007852701329757329,-10365.189382193568
6,136,0.0010559553689820326,-13228.070487621546
6,137,0.0013104954168318527,-12836.526961214546
6,138,0.0010448542978099258,-14361.647349508938
6,139,0.0009636461379383563,-8825.562723942725
6,147,0.0021906780838207578,-21249.488422452512
6,148,0.0006230071169536533,-6962.384484512249
6,149,0.0013469361019401128,-13494.841027214014
6,151,0.0012604628308720564,-11942.371094177079
6,152,0.0005229912472880945,-5054.217272017392
6,153,0.0011883814546931484,-16312.884579955853
6,154,0.0004090766870864897,-4359.420457895965
6,156,0.0010352218332906169,-9102.392701600655
6,163,0.0007328277650381664,-7250.902162519067
6,164,0.00071572863393912,-7141.779135311275
6,165,0.0014428717284476506,-14107.944282391894
6,166,0.0014428717284476506,-14107.944282391894
6,167,0.0011305424636541338,-10828.929558582966
6,168,0.0011700765235624561,-10928.869540924234
6,169,0.001211413769097986,-11217.877882072975
6,170,0.0010397952373081046,-9680.28911985343
6,171,0.0007509160121641359,-7023.663884208674
6,172,0.0007501584147209457,-7052.378395135614
6,173,0.0006626726166419822,-6352.409243999719
6,176,0.001372270164697729,-12085.397725664163
6,177,0.001372270164697729,-12085.397725664163
6,178,0.0013953054267727505,-12522.883934552374
6,190,0.0023592517937458205,-19960.593243161737
7,8,0.0003683229871573237,-1030.7012527821012
7,15,0.00011118635793802975,-195.46206332291715
7,16,0.0006485533489262407,-987.7895732625235
7,17,0.0005405767528559513,-2471.5648449979885
7,20,0.0006057467935888048,-1352.9342092586373
7,22,0.0008113436145704649,-6471.463883337764
7,23,0.00040724450037355863,-1510.442406306643
7,27,0.0006934699162022563,-2822.067072951841
7,79,0.0005483302459318437,-2456.500213620902
7,80,0.0003547541784868972,-701.8698157433638
7,90,0.000533683409240698,-1831.4911757588047
7,91,0.0003339530946967545,-367.7502150744381
7,93,0.0004077668431357585,-1008.7173470353488
7,97,0.0003504656398949983,-702.0382934521315
7,99,0.0005729817789693294,-1972.703432290625
7,109,0.0003816088715959541,-1126.9920392403983
7,110,0.0004858522509333264,-2242.7279431540896
8,10,0.0002252997565527612,-851.0551258845408
8,12,0.0003032173859648299,-1681.643142461015
8,13,0.00021234335779855303,-835.2661177607857
8,15,0.0003346134076599987,-1033.822184409778
8,16,0.0003638617635376483,-1000.0794754834328
8,17,0.00024909052811998594,-1254.9988715517063
8,20,0.00024148107454183043,-833.4212718491353
8,22,0.00039941542260674124,-3373.0285670514013
8,23,0.00023945912004075254,-991.8854252461945
8,66,0.0020249859277603425,-32559.48205651749
8,108,0.0006370428789056134,-3721.247441184407
8,124,0.0005849623551259388,-3699.427464476647
8,129,0.0005002549679784844,-1649.2885308937584
8,133,0.0003985643036836607,-1215.200536876082
8,136,0.00040473145962994204,-2042.7979054247717
8,145,0.0008919130261432125,-1810.0148262861405
8,147,0.00044892402770998905,-1407.5610284247643
8,156,0.00023802757093565103,-560.71044038739
8,158,0.00025340071057148336,-815.1120474120368
8,159,0.00024574741143709505,-712.9639049637096
8,191,0.0004130048488732305,-911.3959752839222
9,11,0.00019748573180115305,-963.9583216738174
9,12,0.00030367444178704513,-2054.634199358609
9,13,0.00019732093564123088,-1009.3808298465864
9,14,0.00022021829578568145,-1129.925391118356
9,16,0.0007144948452382018,-2825.541773769466
9,17,0.0002465249703413926,-1533.0684466103935
9,18,0.00021065232497680174,-1240.3439816818577
9,19,0.0003114379457190523,-2361.6864342182384
9,27,0.0007332304155061046,-4413.955854798284
9,53,0.0005117952002887586,-3114.9648268744577
9,66,0.002198311545446746,-38493.50060513048
9,73,0.00043069785249623274,-3178.691020804015
9,74,0.0004943903850286162,-2933.7774721319443
9,75,0.0002627624904785821,-1379.795217773
9,79,0.0006201208543101336,-3768.0006724145587
9,82,0.00045855643283302066,-1805.9236479104304
9,84,0.0004691308111714752,-1771.1048183893683
9,85,0.00037135679804965423,-1575.7355401728137
9,87,0.0003804565093213089,-1958.5108205192278
9,92,0.0006174146812784078,-5398.251128958918
9,108,0.0005323245960634047,-3710.083899328112
9,110,0.0003856079259755437,-2441.0849536714263
9,111,0.00023580849984985468,-1280.0455982100088
9,113,0.0006596804391969957,-4535.358147771193
9,118,0.0004909039228353797,-3071.0066565494385
9,124,0.0005882276099226759,-4526.339314782059
9,144,0.0020386097697916343,-6271.471966178356
9,145,0.0018075264178995442,-5690.577052555433
9,146,0.0020386097697916343,-6271.471966178356
9,148,0.00020160607299259895,-1145.9793853873189
9,152,0.00037827999488653245,-1666.7592532965023
9,154,0.0004695988500376644,-2518.428272587669
9,157,0.000217784589557273,-789.9821701686312
9,158,0.00024404824744466458,-1062.2841368106472
9,159,0.00015714236233346839,-608.7897410001635
9,163,0.00036060406168527456,-1678.5588351358037
9,164,0.00037256444684875606,-1763.9754987999563
10,11,0.00017192302541312526,-743.5476115825259
10,12,0.00019666423928747204,-1226.4730276092916
10,13,0.00017572587505539758,-801.9393293011165
10,14,0.00018380402531807723,-842.3928273080044
10,17,0.00014182501654052269,-800.2624636448938
10,18,0.00020150757748172728,-1078.2748668466531
10,19,0.00016359872399958214,-1149.8698082184787
10,20,0.00025478245385124955,-1042.3291757138131
10,22,0.0002092233181812873,-1913.1907033562231
10,23,8.293250557975086e-05,-394.7056113237565
10,66,0.0011848334819966838,-19974.534823663642
10,79,0.0003305751522984479,-1862.2999371615717
10,88,0.00026716700727250764,-1688.5469405052554
10,89,0.0003899530344272141,-3195.4282723514943
10,94,0.0001888431432156463,-646.4184399629022
10,95,0.00019379358948412424,-654.1729618017548
10,96,0.0002622920016960323,-1460.0506115412395
10,100,0.0002132161782860477,-1450.3283972981956
10,101,0.00022186856356348,-927.9382362828381
10,102,0.00030675460131211795,-1145.0117683163808
10,105,0.0002642647250270488,-887.0692514878137
10,106,0.00019581162179184666,-667.0687584338762
10,108,0.0003282556265661181,-2134.765020226564
10,115,0.00019581162179184666,-667.0687584338762
10,116,0.0003972002295897239,-2720.955061769406
10,117,0.0001907043333779671,-658.4954340368995
10,119,0.00024812717385801946,-896.3752077518589
10,120,0.00017349591705041815,-829.8470082713483
10,123,0.0002451991766907249,-1136.0735375619747
10,124,0.00035508461930817807,-2493.3196567057803
10,129,0.0006391822023322564,-2523.285262941177
10,132,0.00037096041352551075,-2401.111306162707
10,136,0.00037862660812854157,-2177.570424960587
10,147,0.0007651111117200773,-2866.927520585056
11,12,9.971707659436595e-05,-591.143600306262
11,13,4.763077933809641e-05,-207.0951930774435
11,14,4.6985534790412846e-05,-205.3233715085104
11,17,9.924034020419562e-05,-536.0708271457536
11,18,7.759199000884145e-05,-394.8213792380713
11,19,0.00014569732121758405,-982.2367869731173
11,20,0.00014183349423072138,-559.940411584426
11,22,0.00027715250283273207,-2515.262042509632
11,23,0.00018632801120618977,-854.7285345602992
11,66,0.001487715622204568,-24804.205768324467
11,73,0.0003813968200834852,-2480.9713863958277
11,75,0.00024012260629424804,-1086.4539405527644
11,92,0.0004560540038762981,-3552.1300964362013
11,100,0.0002444790586561543,-1642.5852950596627
11,110,0.00041173618831572657,-2280.371739639988
11,111,0.00017973156728379126,-857.7201792427459
11,113,0.0005051863253711104,-3087.1989970894374
11,120,9.597237459684216e-05,-433.83120165620926
11,124,0.00044465903323426194,-3048.1814922186986
11,127,0.00019592943684668184,-956.7579378904928
11,132,0.00024248817860599467,-1540.729589998613
11,136,0.00024699152499809513,-1390.8483968875246
11,148,0.00010212784376279914,-497.3402186411029
11,149,0.00020892740139529976,-835.7070878864048
11,151,0.0001764487606425824,-613.0208051831999
11,157,0.00016885487891020684,-512.9935225023867
11,158,0.00016929741226117068,-607.6266916988463
11,159,0.00014317931147477916,-470.85439347984243
11,163,0.0001622684870149166,-626.2258320536371
11,164,0.00016515239076393792,-650.515282176961
11,165,0.00021722522093954477,-822.3261394956174
11,166,0.00021722522093954477,-822.3261394956174
11,167,0.00017209854083256076,-614.586153717207
11,168,0.0001669351429372139,-557.9147511278879
11,169,0.0001649528105825661,-538.8010247900926
11,170,0.00014994573224810494,-496.5832931185874
11,171,9.612543304881852e-05,-323.0599383413234
11,172,9.051220484734027e-05,-308.7011695530552
11,173,0.00013817319227690786,-492.095850274192
12,13,8.639643774540929e-05,-533.8562178539714
12,14,9.015703956180146e-05,-558.8866109886754
12,17,0.00012659882846040912,-927.0455764744395
12,18,0.00011402810315008415,-794.5535920054864
12,19,0.00011386450125129817,-997.0307702201181
12,20,0.00027286095455258957,-1570.6029947655245
12,22,0.00021162415979713426,-2377.399859950363
12,23,0.00019106147557760935,-1238.247413468729
12,55,0.0020758891031731792,-15659.317983726996
12,66,0.001138045904666064,-21401.971979016547
12,73,0.00036196441853207954,-3058.022287279401
12,75,0.00030406592918319687,-1929.2438254067777
12,88,0.0003965425753236736,-3118.5537389337114
12,89,0.0005579773957062539,-5479.647931817608
12,92,0.00043950405307365746,-4286.309700040736
12,100,0.00017111902588392062,-1507.5717583373148
12,110,0.0004188515918875763,-3151.256278707985
12,111,0.00021125349638509257,-1412.3045841519822
12,113,0.000551102833972139,-4480.95786510671
12,120,0.0001027117497309494,-633.7581775790824
12,121,0.00035832195911911506,-2683.718327917376
12,122,0.00034448958015705815,-2474.406086872148
12,124,0.000425193285211975,-3722.860516508136
12,127,0.0002934060318629215,-1951.8241560544939
12,132,0.0003479417253539357,-2834.2759749123793
12,136,0.0003550084264325532,-2642.4754065030825
12,148,0.00020747291930830818,-1394.2704532508437
12,149,0.0003974361480868115,-2309.6514816812523
12,151,0.0003544191761261708,-1863.051885380721
12,153,0.0008669493910634726,-6995.622144188297
12,157,0.0002815060669248881,-1353.933108458752
12,158,0.00018527121599754427,-1002.6261841730058
12,159,0.0002239404775896384,-1136.733335626008
12,163,0.0003009537498945001,-1704.9312435031188
12,164,0.0002952561944063922,-1697.954962595832
12,165,0.0004127393358739427,-2328.333554805287
12,166,0.0004127393358739427,-2328.333554805287
12,167,0.0003162607982409712,-1696.223847072814
12,168,0.0003211704763391308,-1644.5431565254842
12,169,0.0003388117569259706,-1706.70210288972
12,170,0.0003115391560781367,-1583.94506044028
12,171,0.00018772647227066063,-964.7734442032629
12,172,0.00018155070863524493,-942.242848130811
12,173,0.00024394883085763767,-1306.4632758347484
12,176,0.0006618692660969634,-3006.2949520994734
12,177,0.0006618692660969634,-3006.2949520994734
12,178,0.0006120442778311282,-2888.6833017492154
12,186,0.0006011438535618665,-2706.5037418289157
12,187,0.0010562469950629906,-4473.756695761801
12,188,0.0006684690037161232,-3221.1790983966603
13,14,5.766139912481376e-05,-264.6803105098722
13,17,0.0001000810581717943,-564.0076010842381
13,18,8.694415413145035e-05,-461.9930292198206
13,19,0.00014902097153562905,-1039.364189184887
13,20,0.00014884361735707744,-621.6700116026285
13,22,0.00026880421692279254,-2514.9253461320263
13,23,0.00018688237878113052,-901.0140186461978
13,66,0.001469776284622173,-24962.52720326488
13,73,0.0003918367074513755,-2659.779704205424
13,75,0.0002543149492681952,-1218.2669577909392
13,92,0.0004721047942320512,-3811.9888796749997
13,100,0.00023924335570366733,-1673.6607894039628
13,110,0.00042417374345351806,-2456.440219161724
13,111,0.00019155144982661789,-958.8612785272531
13,113,0.000525109369000302,-3363.7245560630945
13,120,0.00010622909449007935,-505.37490019417777
13,124,0.0004338362627476931,-3095.557791750995
13,127,0.0002085407837234777,-1072.4671075147596
13,132,0.00025928333277804976,-1715.4339029159014
13,136,0.00025751447224945024,-1518.8086474612776
13,148,0.00010245110922299229,-522.6046199055758
13,149,0.00021111815347907715,-893.2046691021087
13,151,0.00019708192151964574,-729.1310064044973
13,157,0.00018609015439512361,-607.4388988031398
13,158,0.00015451797381536985,-591.1017997393401
13,159,0.00014539367344523868,-511.66051560299957
13,163,0.00018027019424771108,-736.3869550981866
13,164,0.00017956125903803978,-748.0085546773502
13,165,0.00024112279116526617,-969.2311925193727
13,166,0.00024112279116526617,-969.2311925193727
13,167,0.00019126523682852506,-726.1995924865348
13,168,0.00018223037164707674,-650.337424247089
13,169,0.00018481007822253887,-645.2917560606244
13,170,0.00017057889312516823,-603.1978360348306
13,171,0.00011282980119442836,-404.3312272022969
13,172,0.00010652600134894166,-387.029334912161
13,173,0.0001588063531539712,-601.1320594315117
13,186,0.0005178251225710453,-1531.188944629045
14,17,0.00010915010915010911,-616.9466196704802
14,18,8.562088523285861e-05,-456.85308390773196
14,19,0.00013502693404117278,-945.39640951739
14,20,0.00013180287444400406,-554.166137569359
14,22,0.0002685473112164906,-2519.412851281021
14,23,0.00017641824226027623,-854.9168760603427
14,66,0.0016458800274558164,-27986.865919603824
14,73,0.00041166405191768587,-2803.7864721312726
14,75,0.0002700840586284504,-1299.4690624691348
14,92,0.0004945676643633443,-4004.900609103734
14,100,0.00025290328495747554,-1774.7182292046
14,110,0.00044599164928846736,-2591.8861049614698
14,111,0.0001961147582733727,-985.7197796350372
14,113,0.0005957618130172594,-3827.3568302204517
14,120,0.0001045775514712498,-499.94378707138014
14,124,0.0005093644434908837,-3642.1870418419135
14,127,0.00020501261557271769,-1059.4994769966397
14,132,0.0002333292976250798,-1550.9647899882082
14,136,0.0002539274905609889,-1504.1630896303852
14,148,0.00011848495980178155,-605.9803031131584
14,149,0.00021723588133686563,-923.3705934657934
14,151,0.0001938827719790327,-721.5892426205686
14,157,0.00020580979391390236,-675.0620107290182
14,158,0.00020265948830617357,-776.5991845906291
14,159,0.0001735351345135291,-612.7220756495007
14,163,0.00016378627816685415,-673.3840162846916
14,164,0.00016615691920749082,-696.3997060659789
14,165,0.00022788765675168116,-921.7758792118318
14,166,0.00022788765675168116,-921.7758792118318
14,167,0.00016173796644759615,-618.9964073323126
14,168,0.0001699413959434669,-610.7362565690179
14,169,0.00017600769968623568,-618.7639504188304
14,170,0.00015984944642011175,-569.2171929172546
14,171,0.00010602914722082534,-382.571788121021
14,172,0.0001004159190193471,-367.28621482174566
14,173,0.00014966802084490717,-570.202781794607
14,176,0.0003560803555497986,-1083.0892469702442
14,177,0.0003560803555497986,-1083.0892469702442
14,178,0.0003255415458669145,-1045.5044219549197
15,16,0.0006591419915154798,-1176.67807183477
15,17,0.0004400315697713497,-2097.269451997132
15,20,0.0005714346992356203,-1447.7667144090574
15,22,0.0006893037486265704,-5714.288342058281
15,23,0.000341068963910617,-1361.1521025829193
15,27,0.00043090493066621236,-1855.9447659425855
15,79,0.0004356125429517234,-2036.6650025868719
15,80,0.00032574966575925097,-718.852143116191
15,87,0.0003561553435168228,-1259.9548631824728
15,90,0.0004372458704905967,-1625.4264562727599
15,91,0.00036091734762358615,-482.64922377057985
15,92,0.0006323357764402329,-4436.74020493055
15,93,0.0003392079986196897,-913.7724593051377
15,97,0.000320526582794745,-715.6278728203871
15,99,0.00048799029676223967,-1813.1643971576852
15,109,0.0003115748192476291,-1005.6808588829086
15,110,0.00033445827566213856,-1616.0528915373934
15,113,0.0007153617270251738,-3759.6612467889877
16,17,0.0007230315217349776,-3242.367195636326
16,20,0.0004245179631261358,-870.1837452040653
16,21,0.0006981993748019414,-836.1450638490865
16,22,0.0014628287509363142,-11581.914837501823
16,23,0.0007784070144921067,-2812.1979752006455
16,144,0.0006715879981906385,-515.6217620036202
16,145,0.0005474817952705593,-440.018763281955
16,146,0.0006715879981906385,-515.6217620036202
16,147,0.0006406230908937305,-1099.4751755316686
16,148,0.0004998944325231917,-1992.090257288503
16,149,0.0004675147146260487,-964.8449449611626
17,18,0.00012569313568300063,-804.3467879634205
17,19,0.00010614689067497565,-852.8764275191108
17,20,0.00019159754727654166,-1006.8014993301272
17,22,0.00018075979431420182,-1919.827948503477
17,23,0.00012776673961096413,-751.7524814038247
17,66,0.0013639164920212046,-25054.415548305362
17,73,0.000330810289015394,-2668.2881183456448
17,75,0.00029469805957877467,-1762.0891209573006
17,79,0.00036435689577156416,-2431.4433012862996
17,88,0.0003550980450704936,-2663.147728665635
17,89,0.0004988200899075158,-4704.441760261204
17,92,0.00037413599482115015,-3505.9147570486703
17,94,0.00034605221734136215,-1575.0509763348775
17,95,0.00034495902202558875,-1554.2703315238098
17,96,0.00030177956408534014,-2107.777706487716
17,100,0.00018937089866539905,-1559.6707349520361
17,101,0.00037173977373455993,-2000.1405080741497
17,106,0.0003490242575512547,-1583.4045524987648
17,110,0.00029448451155919834,-2045.043002023726
17,111,0.00018249616430601281,-1106.4273003480903
17,113,0.0005462543529459053,-4220.255358259968
17,115,0.00034902425755125465,-1583.4045524987646
17,116,0.0005630760665405427,-4521.330604739638
17,117,0.0003508786195651204,-1607.4382373246967
17,120,0.0001458712565717097,-858.8562256028371
17,124,0.0004688691909123051,-3924.1078746349713
17,127,0.00027697808558763105,-1744.0180829844378
17,132,0.00033095948252357315,-2576.715762824067
17,136,0.00033687132785151794,-2384.790016020664
17,148,0.00017113362562172905,-1056.9419351936897
17,149,0.00031863236232837754,-1689.0316414889992
17,151,0.0003055146125923146,-1454.7815009779297
17,157,0.00030697066916333477,-1325.3800075494012
17,158,0.00023249796841537935,-1137.0849819377224
17,159,0.00022788182851503998,-1043.3436941486125
17,163,0.00024384485443050397,-1258.0392477343169
17,164,0.0002472371574092945,-1295.5331643064867
17,165,0.00036096876566944037,-1849.598594410118
17,166,0.00036096876566944037,-1849.598594410118
17,167,0.0002812374357419109,-1367.6594278037724
17,168,0.00028726066652997174,-1329.5455746708556
17,169,0.00028911890109321745,-1315.6987209690446
17,170,0.0002665552313480183,-1225.049486124869
17,171,0.00019174695438515274,-889.5536235503599
17,172,0.00018533292186497267,-868.871703655754
17,173,0.00019400704547406668,-943.167914117268
18,19,0.00010407925365147326,-808.7523581972432
18,20,0.0002426397951309631,-1193.091316868712
18,22,0.00025392503680015483,-2611.1211612181255
18,23,0.00022004103881954329,-1229.7226523536963
18,53,0.0004042832578399477,-2599.686750978494
18,66,0.001140665570306299,-20567.107002292403
18,73,0.000327694671605518,-2537.6078893253552
18,74,0.000382350917862327,-2396.2768046495753
18,75,0.0002368596486470619,-1347.2063945877892
18,85,0.0003835743100459462,-1749.871378097729
18,92,0.00043598897419078,-3938.7756601076935
18,99,0.0004785084524422567,-2584.696750422639
18,100,0.00025348330140347877,-2003.80267815909
18,108,0.0003975554003498873,-2903.7695948941187
18,110,0.0003283718872246803,-2183.5653835954827
18,111,0.00016193475727663178,-939.3429588357546
18,113,0.0004994413299810886,-3693.372663697462
18,120,0.00011066746134616603,-615.2826796597444
18,124,0.00044878446703736194,-3615.614514577319
18,127,0.00023237758636196978,-1396.3480087953615
18,132,0.0002941305785931411,-2203.3574806116176
18,134,0.0008335221774184244,-3823.742102399687
18,136,0.0002900940348881447,-1967.813487675039
18,138,0.0007420796476275467,-5509.6173082365585
18,148,0.00015586288993706628,-911.0525658233761
18,149,0.0003458206950800833,-1719.085562013249
18,151,0.000315532870610611,-1401.3049573480116
18,152,0.0001981485692120106,-912.1940661454577
18,153,0.0007837672606626667,-5747.7764267657085
18,154,0.0002775242504881712,-1539.9939436383806
18,157,0.00026371161840020905,-1058.0801755790364
18,158,0.0002260255761014538,-1033.3401545023846
18,159,0.0001889645871432452,-807.2311361752326
18,163,0.00021452071921110346,-1038.7960331435709
18,164,0.00021594717664302548,-1063.0393457454747
18,165,0.0003701383479825191,-1773.2400934936584
18,166,0.0003701383479825191,-1773.2400934936584
18,167,0.0002646002006990361,-1202.9164144959832
18,168,0.0002936735361398617,-1265.6891435018608
18,169,0.00029825346976012967,-1262.404614789513
18,170,0.00023724458212629097,-1016.6496430761492
18,171,0.0001436493181619674,-623.0633658583904
18,172,0.00013754515929802037,-603.3104319572816
18,173,0.00022143963777317182,-1004.0590095118947
19,20,0.0003229574247033894,-2127.3488746240564
19,22,0.00016265231600112167,-1991.9294075354173
19,23,0.00015072558504139393,-1090.598053154061
19,53,0.0004616469943843331,-3867.4924532340237
19,66,0.0011033150262113193,-22273.70475801381
19,73,0.00028662382706473783,-2788.9444884532736
19,74,0.0004117094576738546,-3348.5448379705413
19,75,0.0002859398739472036,-2157.8829899439133
19,79,0.00037468818588257325,-3022.1172212927595
19,85,0.0004521961830832891,-2827.832361559289
19,88,0.00031884597407185535,-2898.2242484621165
19,89,0.0004548230815598453,-5061.6164784931925
19,92,0.000345266174685655,-3814.8987693343042
19,94,0.00037523505736224285,-2223.0455145299075
19,95,0.0003761785691369245,-2211.281523243742
19,96,0.0002736954624241796,-2356.4222205662163
19,99,0.0004448945426197883,-3137.23706596473
19,100,0.0001899409748745599,-1868.4063421169792
19,101,0.00037798748699296216,-2605.25190347708
19,105,0.0005774244428016097,-3379.573890049488
19,106,0.00037844123405185296,-2236.431461227863
19,108,0.0003456643150604179,-3138.352752086501
19,110,0.0003076032225232181,-2590.131753396109
19,111,0.00017755755652762255,-1321.3259899842367
19,113,0.0005999277650795746,-5667.8100166813965
19,115,0.00037844123405185296,-2236.431461227863
19,116,0.0005627706318645881,-5419.8393346124285
19,117,0.0003728361766983647,-2220.3244988526885
19,119,0.0005436660051808377,-3488.8821735624806
19,120,0.00016990129060354418,-1241.3844288651148
19,121,0.0003517422286083161,-3008.535425450135
19,122,0.00032803734578897204,-2707.9673850915933
19,123,0.0004433303161473466,-3360.0540798903453
19,124,0.00045535177135339234,-4548.963794171545
19,127,0.0003671822549776158,-2867.5372587755646
19,132,0.0004073479430109181,-3796.6834079345676
19,136,0.0004348074625777877,-3751.7700445123537
19,138,0.0008318015733567337,-7905.422711456964
19,148,0.0002910437285968928,-2185.141241376637
19,149,0.0005482410654356621,-3635.9723058209183
19,151,0.0004919486610756731,-2999.1957355701174
19,152,0.0003041333173797289,-1904.4567764773508
19,153,0.0008751297245671697,-8218.418650201587
19,154,0.00022459201451453402,-1618.591983107389
19,157,0.0004033037918700821,-2284.142045517642
19,158,0.00029307939108228913,-1828.5115026137626
19,159,0.00031729674373057805,-1878.785826343683
19,163,0.00032840445266440685,-2135.872757293393
19,164,0.0003295796377243496,-2170.351760900409
19,165,0.0005714748523376595,-3719.501324071225
19,166,0.0005714748523376595,-3719.501324071225
19,167,0.0004056639736584701,-2516.680964520116
19,168,0.0004576828272847941,-2729.510876307019
19,169,0.0004773688490906912,-2808.917636798889
19,170,0.000409408267761179,-2429.127954246729
19,171,0.000274724588118167,-1642.9697287075464
19,172,0.00026824734563778824,-1617.2174012638018
19,173,0.000305180453065408,-1891.3909932333142
19,176,0.0006351928414849125,-3447.5016785315074
19,177,0.0006351928414849125,-3447.5016785315074
19,178,0.0007089277628146161,-3961.8556808490653
20,22,0.0004173276010660725,-3680.3854981402687
20,23,0.0002208496823614897,-963.118512903889
20,100,0.00043122718046394886,-2794.164866297703
20,111,0.00046035710306696094,-2121.235048478221
20,120,0.0002287433903881188,-984.7818612340089
20,127,0.0003107800633538478,-1172.4201869480794
20,132,0.0003566291168185882,-1832.9507504939395
20,136,0.00034713305184873533,-1521.3647385083673
20,148,0.00019121438380519782,-903.7253316465668
20,149,0.0001889072651396578,-487.5183569624056
20,151,0.00023187730508939742,-515.027510809017
20,163,0.00019354684133856967,-479.63381607417716
20,164,0.00020356331644413639,-514.9006989966111
20,165,0.00022779450847237702,-558.5597648618542
20,166,0.00022779450847237702,-558.5597648618542
20,167,0.0001434466736430978,-330.0963547680591
20,168,0.00016338086412019814,-350.3892837961896
20,169,0.00016183368583056487,-338.98758741852436
20,170,0.0001565054709039085,-332.1567821321016
20,171,0.00013673464214096235,-415.9181069112988
20,172,0.00013900642108871213,-428.79257263403406
20,173,0.000195837674245428,-492.8782391890634
20,176,0.00029960283753226516,-535.0145385802915
20,177,0.00029960283753226516,-535.0145385802915
20,178,0.00024180899684525235,-459.9394684032945
21,87,0.000716780388863215,-1905.8773364046642
21,92,0.001518579878171468,-9258.687422611774
21,118,0.0011638718380224788,-4208.790408644984
21,132,0.0015034785959375306,-5919.922896016898
21,175,0.0006002354238865978,-557.44719535023
21,192,0.00044807077820333804,-699.5453341582095
22,23,0.00021336540187992867,-2043.1858673889335
22,26,0.0009968092126605046,-10680.986525712808
22,30,0.008302947359399472,-109600.94147740766
22,66,0.0016329507672933764,-35304.1215969001
22,73,0.0004402203871574853,-5033.513092831516
22,79,0.0004730551937193923,-4998.417284869184
22,88,0.00041722216748257986,-4623.847840271361
22,89,0.000609682325733425,-7971.170380335079
22,90,0.0006792101096682243,-6082.431509065782
22,92,0.0004958657808838199,-6366.914022393596
22,94,0.00042442240860191764,-3380.6491843615545
22,95,0.00042158034988149233,-3335.6583594621898
22,96,0.0002154135233518588,-2073.9836629907422
22,100,0.00012732725060410243,-1395.4813854444621
22,101,0.00043025212603500784,-3725.351502790334
22,106,0.00042595082719107846,-3385.6211895653187
22,108,0.0004466377822908452,-5034.515847393857
22,111,0.00036480044796813603,-3574.2528183496115
22,115,0.00042595082719107846,-3385.6211895653187
22,116,0.0007104081899649289,-8299.658059753676
22,117,0.0004213616532582604,-3371.385359365368
22,118,0.0005464727469395115,-5632.604396616421
22,120,0.0002737568791396537,-2617.90229412373
22,121,0.00038936069023984824,-3754.973724785119
22,122,0.0003566889097219739,-3333.941722766661
22,123,0.000556794641554161,-5153.399907029494
22,125,0.0006710583775522631,-5795.505463235445
22,126,0.0008524579771544323,-6773.2971969742985
22,127,0.00032683964697057736,-3234.7763644050865
22,129,0.0008592740911320236,-7481.096747192097
22,130,0.0009305088312557312,-7906.499686796429
22,131,0.0011449975219403425,-8742.779250829331
22,132,0.00032673574275196186,-3789.7240440368337
22,133,0.0006058233500664352,-4723.003394469528
22,136,0.0003388079112356141,-3632.2769281558294
22,147,0.0009798825374489183,-8300.609990586268
22,148,0.00043325598108028224,-4333.806454878235
22,149,0.0006641484567980394,-5894.9878918993345
22,151,0.0006199374275154561,-5110.472043306021
22,152,0.0004510357057332234,-3801.1241363356985
22,156,0.0007654173674242192,-5683.013164298236
22,163,0.0004250318397407657,-3706.637090045744
22,164,0.0004221505361408079,-3722.2267483779947
22,165,0.0005302829783532326,-4546.690786754752
22,166,0.0005302829783532326,-4546.690786754752
22,167,0.0005201139244037085,-4352.640737500907
22,168,0.0005524157355549311,-4469.091496375951
22,169,0.0005602372911129688,-4480.926099476831
22,170,0.0005309718264972303,-4274.1018023559045
22,171,0.00036912520998473407,-2990.940048451559
22,172,0.000371440334075074,-3030.128065998335
22,173,0.000407623978870695,-3407.1865912191693
22,176,0.0009502262388091172,-7074.829334687829
22,177,0.0009502262388091172,-7074.829334687829
22,178,0.000936802961352929,-7159.831224537428
23,66,0.0014124685754437645,-24482.973468013155
23,79,0.0003414537491361903,-2007.0358837833717
23,88,0.00030345740337601486,-2003.549011591677
23,89,0.00045436900517585474,-3847.645471640088
23,94,0.0002205003296266897,-815.3843963655833
23,95,0.00022555372977592003,-823.6686415217888
23,96,0.0003164210687954236,-1894.5471491490166
23,100,0.0002463190425583269,-1778.7061957403673
23,101,0.00026126840912465315,-1171.4430290563823
23,102,0.00037434290049637105,-1501.9762427391393
23,105,0.0003140643218707612,-1140.747792212722
23,106,0.00022818724392259198,-840.1904642830658
23,108,0.00036069874011883895,-2435.003410154551
23,115,0.00022818724392259198,-840.1904642830658
23,116,0.0004774541146026862,-3400.7959521179732
23,117,0.00022325861213818294,-832.0730880105185
23,119,0.00034150809135369736,-1369.8964448782529
23,120,0.0002024614995560655,-1022.5850478936048
23,123,0.00029285961611274266,-1481.734382496645
23,124,0.00044124203831151135,-3285.2457722010618
23,132,0.0005158478903084035,-3544.287162864146
23,167,0.0003579292363041276,-1422.1668035121772
23,176,0.0003976595177106492,-1286.0098551756628
23,177,0.0003976595177106492,-1286.0098551756628
23,178,0.0004378306798534329,-1485.0494623312886
24,25,0.0011782579560551687,-1621.6577491174885
24,26,0.0027734694996357774,-9051.748182859568
24,27,0.002135629856664106,-6155.46063835726
25,26,0.0002193970721472299,-1013.3733444599685
25,27,0.00014043470249299795,-597.9439417687283
25,61,0.0015431752234427,-10508.37572662245
25,73,0.0003650979850464166,-2058.734074064238
25,79,0.00023759100542342296,-1172.9974729067405
25,80,0.0001667211246668614,-449.8222602356451
25,86,0.00023575590011239955,-728.495734359917
25,88,0.0003172630346214959,-1574.9189649736559
25,89,0.0003899626762818282,-2575.596557431495
25,93,0.00012284189364356697,-298.5712168908596
25,97,0.00014318623062870286,-392.05974263595147
25,99,0.00022957250634957912,-868.7502137901762
25,102,0.00013484888402072562,-363.9119844776605
25,104,9.738876658485391e-05,-277.11049703013583
25,105,0.00016453056074911183,-396.9804753737209
25,107,0.00011952850773644159,-278.87806894025937
25,108,0.0004011806910921994,-2178.1516164896675
25,109,0.00013006201473799128,-397.9037693502179
25,110,0.0003013260713890916,-1440.5248225180712
25,114,0.00032374287530397277,-776.7698758268454
25,116,0.0002797319990420048,-1499.4831214767976
25,118,0.0003024805549263264,-1392.2675195353056
25,143,0.00014404720071482875,-283.4833999666038
26,27,0.00013284157603239442,-823.2846213309327
26,34,0.0015684146481196111,-12607.143840218341
26,47,0.00018305971414794034,-872.0630198699166
26,53,0.0001597366791319203,-973.5338006757619
26,54,0.00016157954071664696,-906.7919699653644
26,61,0.0008270131076542458,-7216.1066104143
26,69,0.0015066921234011856,-14477.01328128566
26,73,0.00013180560802350026,-983.0197617057137
26,74,0.0001664490436411454,-1055.7720090730038
26,75,0.00022215035711047921,-1263.2581926461555
26,82,0.0002202397610101516,-1055.2485996579483
26,83,0.0002236029178175953,-1447.2897874712476
26,84,0.0002542423018422454,-1180.469736024651
26,85,0.00019968834822303025,-1015.5334394741282
26,86,0.0002343971182682688,-1223.8600648667823
26,87,0.00022590962946827286,-1236.3302013465989
26,88,0.0002023027370683958,-1426.4926511599062
26,89,0.00022548758548121613,-2003.4153555503076
26,92,0.000315570223166572,-2864.0276586784425
26,93,0.0002606573574719802,-1176.316824853346
26,94,0.00034286207870545555,-1562.9363038039514
26,95,0.0003454346006618896,-1556.6491707865348
26,96,0.0003729085476697006,-2464.2677463555015
26,101,0.00026135383274456024,-1329.6592298818352
26,103,0.0002568506799468408,-1167.8516286870554
26,104,0.0001525985563617916,-782.9716436203806
26,106,0.0003459122393550775,-1571.0719794197785
26,108,0.00025607940158186795,-2009.3476897285987
26,109,0.00019352691458630552,-997.4683987988129
26,110,0.00020259602621509448,-1443.4891061678884
26,111,0.0003110270618926106,-2045.5752360062277
26,112,0.00040563276408416796,-1747.3132780873195
26,113,0.00028486650766615206,-2038.969327548009
26,115,0.00034591223935507756,-1571.0719794197787
26,116,0.00018764693404142317,-1397.8288226056413
26,117,0.0003320769791975999,-1525.8020684666758
26,118,0.00017114922588368385,-1118.51415765089
26,124,0.0004120936331290339,-3251.0301634785696
26,137,0.00030445551052010316,-1316.6147821732586
26,138,0.00032629865341585255,-2252.042371902144
26,139,0.0004082007264275465,-1823.9754660434983
26,143,0.0003847858508725086,-1529.165107824595
27,53,0.00017494380325616001,-999.5011225500394
27,61,0.0010465898535121111,-8865.661735079513
27,66,0.0010406984243168827,-17629.638691805198
27,69,0.0019157169252463834,-17940.938391134732
27,73,0.00017922992633652353,-1243.9996488504949
27,74,0.00018230451164980883,-1062.4167082708047
27,79,0.00014795282918127905,-974.2561130749284
27,82,0.00015512484374691546,-661.7948068930455
27,83,0.0001900226276351797,-1123.2480440947554
27,84,0.00021713742447944498,-891.5206794236868
27,85,0.0002090655314012116,-946.9088328185734
27,87,0.0001644276800122136,-790.8352613017151
27,88,0.00023704874619880756,-1570.495380500489
27,89,0.0002626470083141402,-2222.5796006716732
27,90,0.00039688515267461696,-2210.241898606402
27,91,0.000769254012528327,-2574.935442117704
27,92,0.000289874688676839,-2379.6189844971145
27,93,0.0001507243498166399,-634.2142412284886
27,97,0.0002051350302788109,-902.792916338178
27,102,0.00015690565266845963,-682.1421748695288
27,104,0.00015247675403289043,-698.9129873989991
27,107,0.00024260255944155525,-957.939648021514
27,108,0.00021923631070320967,-1562.3658812224596
27,109,0.0001105740934879231,-518.3467796899486
27,110,0.00013432804197286552,-864.6789046113937
27,111,0.00033162871340512376,-1946.7755750837327
27,113,0.0002829620388775468,-1854.5206139181964
27,114,0.0005583187002348171,-2254.9467963442276
27,116,0.00022057905625167605,-1552.7074204983505
27,118,0.0001641142715918958,-980.1159676129869
27,123,0.0002166395499635097,-1019.9727643364374
27,143,0.0002815733324415295,-1021.8267893849525
28,29,0.0010017050298380221,-187.64702035407922
28,30,0.0027118739879821965,-13558.424870932724
28,31,0.0022095387855975875,-7888.327164921848
28,32,0.0017104410222389126,-4108.861150539349
29,30,0.010203547305361802,-55657.31555762694
29,31,0.008020743699594502,-31742.26989460085
29,32,0.006384566882226541,-17801.900900095192
29,77,0.01962619588898361,-2530.798778724884
29,78,0.01853873191788793,-2743.1156187001757
29,142,0.0025383507703448296,-453.47986752817906
30,31,0.0010697235452446028,-10629.756071236063
30,32,0.00048737114661165246,-4107.036847716665
30,33,0.0014096131032913775,-7957.117894348612
30,34,0.0010282032184943948,-10287.767459487039
30,35,0.0009757673920944363,-6287.357849851017
30,36,0.0007723712447949305,-5248.956603295155
30,41,0.0005420549819289924,-4294.7408157284
30,49,0.0014909831042033657,-8283.613102234023
30,50,0.0009509713657736475,-5848.330000848115
30,51,0.0005875224379040855,-4168.639802713874
30,52,0.0005278981189384708,-3476.6198998827053
30,57,0.0006335705157087724,-3948.7230686510634
30,59,0.0006474477547439009,-5476.769547776347
30,60,0.0006313784665088569,-5331.369576071136
30,61,0.00140202796757069,-15471.391539248609
30,63,0.0017063229054777422,-9657.740493228837
30,64,0.0005961355949519231,-3741.255503364481
30,65,0.0005274739617247689,-4298.92397813082
30,67,0.0005500946402969306,-3950.19195234208
30,68,0.0006246652567725754,-3942.9325428411003
30,69,0.0009217753697813393,-10917.040459001219
30,71,0.0006278428477156582,-3909.005160890241
30,90,0.0031473499085512436,-25209.548602220257
30,96,0.0027785480678837616,-24369.27441271383
30,100,0.004741744256848996,-49794.40280087449
30,121,0.002160809650286575,-19120.88323929979
30,122,0.001956020969791998,-16662.861090062634
30,125,0.0018326981584691855,-11414.02177673901
30,130,0.003921664437241237,-26661.92660578331
30,131,0.0015214158581846678,-9073.951738754235
30,133,0.0012559061889848727,-8705.841848410428
30,140,0.0015221135508163995,-7868.592617125754
30,141,0.0036198204564335374,-18088.716887324277
30,142,0.004262605308274557,-21194.167314083188
30,160,0.0016616741938420396,-9304.154712245268
30,179,0.0037122629166520334,-18838.195720169406
30,182,0.0012837598058395713,-6648.391002179892
30,183,0.0012837598058395713,-6648.391002179892
31,32,0.00014663521046585516,-841.7395688234984
31,33,0.0006924458650851144,-2873.676257104583
31,34,0.0005856679390786579,-4047.9589505086956
31,35,0.0005327075501347507,-2572.517118310521
31,36,0.0002487154888610679,-1204.3408504566291
31,37,0.000335811255026411,-1584.5751137267937
31,38,0.0005452749950667819,-2315.247921254887
31,39,0.000620403154235685,-2628.5542831853872
31,40,0.0002633225171212222,-1238.12257990369
31,41,0.00021227661740789083,-1120.9277707340807
31,42,0.0004416200933395017,-1946.0813141815406
31,43,0.0003972910778677752,-1743.6739419968003
31,44,0.00038690452263286584,-1712.8975554206086
31,45,0.00036553756396479824,-1648.2181607836237
31,46,0.001602867545115074,-12571.389979487916
31,49,0.0005755534146454598,-2351.933939021775
31,50,0.0002757026732465952,-1271.2104715643939
31,51,0.00024461501886074554,-1152.6877119717044
31,52,0.0004902616955332889,-2126.0474544074345
31,55,0.0004702287031325261,-3156.4591146729795
31,56,0.0004470141031790144,-1858.3241712425888
31,58,0.0005651591008180903,-2532.669543947245
31,59,0.0002259587562856383,-1285.9821084827847
31,60,0.0003390184047936004,-1988.2698248921367
31,61,0.0010583155159345355,-8427.954657369735
31,62,0.0004119638995460531,-1748.34272493302
31,64,0.0004169135813925797,-1715.055611566277
31,65,0.00019433421567418373,-1047.4567273744344
31,66,0.00612198175687622,-116848.55166116497
31,67,0.0001975674341164138,-945.3755487578908
31,69,0.0008514905998519468,-7403.982068724248
31,70,0.0006239481956157065,-3050.947547785782
31,71,0.0004738001350291483,-1953.4096683095597
31,72,0.00023808713982881194,-1067.7462039764578
31,89,0.00479123123296038,-49027.546949060874
31,138,0.0016005931411929364,-12851.323386526972
31,153,0.001307283033686325,-10174.327006964588
31,155,0.00032739828098512445,-1425.7691315112604
31,160,0.0006357300045654123,-2621.825979126687
31,180,0.002554401675146258,-9391.410135012593
31,189,0.004993245795667164,-17158.743116407986
31,195,0.004268846837235444,-14511.943406329312
32,33,0.0004887917106412067,-1442.7057587758998
32,34,0.0003762919814625476,-2186.1548405424005
32,35,0.00034433477588863645,-1253.0484291301768
32,36,0.00020478154181649072,-752.2671717039207
32,37,0.00023544873928746574,-820.7904144534322
32,39,0.0004641840320467524,-1406.5886629546833
32,40,0.0002595313646571094,-915.8933345647158
32,41,0.00010819455355533957,-441.47711520191154
32,42,0.00036267563232130607,-1169.6667521649247
32,43,0.00029316589830242373,-930.4415877237323
32,44,0.00028163025835686395,-904.1474313272446
32,45,0.0002610327374592498,-901.8068861096727
32,46,0.0009452296508969753,-6072.719267860885
32,49,0.0003669290561371191,-1062.933273127107
32,50,0.00021943816193735328,-750.6689764549458
32,51,0.00013899704406620183,-485.16746298114657
32,52,0.00026295215165650886,-836.132486796376
32,55,0.0003210409313082413,-1755.1053296115756
32,56,0.00028156600900664425,-844.9998421104434
32,57,0.00029563037422820134,-864.7617703394872
32,58,0.00034124763623660526,-1154.3830153838587
32,59,0.00017547128993836603,-818.0915142050336
32,60,0.00026989673281501016,-1291.0384782559813
32,61,0.0007441791874946496,-5057.15548351741
32,62,0.00029576606341468495,-898.8129625066449
32,64,0.00023776401982204053,-704.8947623713663
32,65,0.00012349279006433996,-541.4099268077633
32,66,0.003958701759260396,-69189.8805288733
32,67,0.0001432450551276994,-514.4439505415396
32,68,0.00029428238760144414,-877.7748837835442
32,69,0.0005518613953339241,-4186.897575219555
32,71,0.0002957797680141825,-867.2669044446728
32,72,0.0001806949733462182,-596.8852116226311
32,138,0.0010272617702116512,-6713.703773923348
32,153,0.0008161671341649412,-5227.090552170335
32,155,0.00023015820181920656,-723.6585510409864
33,34,0.001107039777436185,-4565.009455048684
33,35,0.00038572104310248805,-348.00542289619835
33,36,0.0003492042640356381,-477.03691813142706
33,37,0.0004901344335204654,-971.7787546322293
33,38,0.00028227747149093597,-193.63181458897458
33,39,0.00024363812095225867,-128.10179676062984
33,40,0.0004445304123425664,-827.2080750206588
33,41,0.000549447349308991,-1374.0041459667402
33,42,0.0003247902523581567,-240.44984400304054
33,43,0.00026196429196518196,-204.08313178862102
33,44,0.0002899426366896333,-229.58679254523852
33,45,0.000434627894958967,-539.9013853087187
33,46,0.0013006906242817172,-4119.488225084434
34,35,0.0008874278269907856,-4252.765500334732
34,36,0.00036546792159187515,-1758.7952626444307
34,37,0.00029169781409733305,-1375.9603120688778
34,38,0.0007405394082669754,-3130.209239561528
34,39,0.0010287432960540148,-4328.396167364598
34,40,0.00038326257162184615,-1791.5009086676798
34,41,0.00018512894723911829,-975.9682158917692
34,42,0.0007549162810554982,-3301.721727363707
34,43,0.0005753592938530405,-2511.2800650959407
34,44,0.0005720919478649107,-2518.027255108741
34,45,0.000428367761410303,-1948.8946033743591
34,46,0.001140223780064552,-8845.804942660154
34,47,0.0012559290473396672,-7650.516100780744
34,48,0.006172839506172839,-20337.326246666664
34,49,0.0007039558424595861,-2868.4228721764935
34,50,0.0005017930386259852,-2294.180889800378
34,51,0.00023829843757230843,-1121.1407069022587
34,52,0.00044630425609277943,-1935.7219387788437
34,53,0.0014641992639168927,-11191.770005622237
34,54,0.0014989378259847354,-10312.105619940487
34,55,0.0003186538798076457,-2166.3155425637688
34,56,0.0004058869361187754,-1688.56977635707
34,57,0.0004212355706609561,-1719.473358046952
34,58,0.0003903129983169218,-1733.4971331125412
34,59,0.0002359890382964663,-1354.2091839532827
34,60,0.0003525814569927985,-2060.7777486236664
34,61,0.00043312225665180233,-3412.077171250456
34,62,0.00040059046050271835,-1699.419927676165
34,63,0.0008017483380310011,-3337.823824634325
34,64,0.0003792932719922444,-1561.6003527873934
34,65,0.00017679076494428057,-962.4324115538317
34,66,0.002988348707604169,-56229.60948253795
34,67,0.00022898824504068459,-1091.7344248673678
34,68,0.00042653904667307055,-1766.2577349270264
34,69,0.0004181206693290232,-3590.342771391327
34,70,0.001191125064451852,-5842.1278787992
34,71,0.0005138834129840359,-2115.663186208724
34,72,0.0002458954872113599,-1100.8628119126158
34,73,0.0016163533242061277,-14507.910687882328
34,74,0.0016550546265832198,-12847.190134023795
34,75,0.0016214750694671285,-11450.384618704946
35,36,0.00029990967341719164,-532.0631752272957
35,38,0.0004256680775455353,-396.7716444060154
35,39,0.0005599722883642628,-518.3526913677489
35,41,0.00036903490059503726,-1172.3560499342948
35,42,0.0004648574320013427,-459.06097597618924
35,43,0.0004356899362259487,-496.03892959203563
35,44,0.000385568844338119,-446.4235978169847
35,45,0.00039449958250563686,-706.3476855710525
35,46,0.0013423624239304493,-5025.721889860339
35,50,0.0002974419771644828,-368.1799597389878
35,55,0.0008530416238171533,-3641.0254668340003
35,59,0.0005436957076279594,-1989.069429012056
35,65,0.0003862271765646931,-1311.992180829997
35,67,0.0002661879218402988,-716.0974989308362
35,69,0.0012356801567205743,-7981.225773559044
35,70,0.0007693065789082345,-1280.5571199314827
35,72,0.0003200103735267294,-771.767526739689
35,140,0.001419853485859667,-1044.4206808837437
35,141,0.0026676101200068837,-1786.7437176196768
35,142,0.003046084260781853,-2095.712558580248
36,37,0.00017017684993958428,-453.1275124675754
36,38,0.00023424216980215263,-334.8176211782107
36,39,0.0003401270764084575,-481.62091188296654
36,40,0.00015956181514347847,-392.12752074332406
36,41,0.00015790946974017685,-501.82632023949844
36,42,0.00023349425043947208,-354.93093495813145
36,43,0.000187015772954399,-282.96024470526515
36,44,0.00018281607509533065,-280.8243532382673
36,45,0.00014294516428522503,-299.3238907441042
36,46,0.0007753173845310566,-3411.0427748569355
36,50,0.00011447331043519156,-189.05416529134808
36,51,0.00016044887066521044,-424.1687903671578
36,55,0.0003660993716662358,-1561.663784672309
36,59,0.00018319959294880268,-673.285327332008
36,60,0.00024139239795735378,-896.5572738419962
36,61,0.0006958702215439507,-3997.2171666520344
36,63,0.0003298254309615849,-455.76683847961664
36,65,0.00015564954250800377,-529.4720440448755
36,67,0.00010277583930741327,-280.01998496563164
36,69,0.0004958878655738027,-3183.037564164252
36,70,0.0003915883581643142,-704.5438732224123
36,72,0.00012649130457317428,-308.3512781590465
36,113,0.0018905480851527717,-10430.870083216203
36,155,0.00016788733279670686,-388.82367651347846
36,160,0.00044954466536175426,-602.1845172554063
37,38,0.00029850605420444587,-598.5668232422013
37,39,0.0003817187749874085,-750.5612179536548
37,40,0.00015441575332415954,-322.57500693906866
37,41,0.00013343350895782575,-408.5702753654807
37,43,0.000214982264253571,-452.3940955615511
37,44,0.0002250876043244001,-480.39932437845073
37,50,0.0001940287450117573,-472.51475491387623
37,51,0.00012204798829654163,-276.6757956774053
37,55,0.00022042411771759198,-903.6938702058161
37,59,0.0001179090347587424,-425.0566022188678
37,60,0.0002357639426280492,-803.2745292357841
37,61,0.0004979051861986828,-2579.2941276171573
37,62,0.00010573673264995267,-183.6495578200422
37,63,0.0002984560957137117,-545.894440524011
37,65,0.00014228898917920308,-471.9488124095231
37,66,0.002686682412626324,-42013.13147416398
37,67,0.0001085037252164087,-283.0941191405313
37,69,0.000540217823615562,-3436.3029205495122
37,72,0.00010748422077144677,-239.08492139866232
37,138,0.0006259898693167162,-3065.9122175283487
37,153,0.0005099492310198701,-2445.385588825614
37,155,0.00011132666547800123,-201.3536494483718
37,184,0.0004469812093557023,-591.0513384284849
37,185,0.0004469812093557023,-591.0513384284849
38,39,0.00023978825447037373,-143.91114702459092
38,41,0.00034408265181763096,-906.197326299282
38,42,0.00018791240018861503,-122.59338761542371
38,43,0.000225899659771532,-170.72201420061907
38,46,0.0012043849628151225,-3905.994116671112
38,50,0.0002313244555899773,-227.69982034158716
38,55,0.0007977916015354102,-2786.111788666652
38,59,0.0004446908759642398,-1375.9463684689035
38,65,0.0003851147255146447,-1089.6600350684269
38,67,0.00023914043192533002,-515.5235500319288
38,69,0.001237590665275978,-7219.159496480672
38,70,0.000500630855234629,-582.2185487862141
38,72,0.00022162961526627108,-398.27081387740645
39,40,0.00041051321633884977,-755.1896703784404
39,41,0.0004869217211683979,-1257.1137087171744
39,42,0.00029528168072347514,-190.18586942838954
39,43,0.0002347862211745221,-160.13639085306275
39,44,0.0002550265404728745,-176.74516918693809
39,45,0.0003377620968588877,-413.2215695091533
39,46,0.001626126142910757,-5248.024432104509
39,50,0.00029207392120980257,-285.58746201285186
39,59,0.000608016662671522,-1869.9681491409915
39,65,0.0004797685846812918,-1350.9442800749923
39,67,0.0003323930502096403,-710.4649215766785
40,41,0.00018932267934193794,-575.5070284051591
40,43,0.00023676296475652804,-467.1342172732495
40,44,0.00024540319078184144,-491.4479524675963
40,50,0.00021551476275833903,-493.8899481154768
40,51,0.00017284378796675489,-392.099544844233
40,59,0.00019879478803007551,-702.7869691932034
40,60,0.0002557302611899978,-848.9923979156903
40,61,0.0006728389657231215,-3462.969230014669
40,62,0.00017155576130111833,-283.6274914360084
40,63,0.0003507308864525279,-597.9833129326928
40,65,0.00018312099081552812,-596.8435145865732
40,66,0.003414504170832311,-53492.708619694225
40,69,0.0006301732371914477,-3944.548054708875
40,70,0.00044499056540644766,-1068.3069087812667
40,113,0.0016007252061277662,-7943.909932483723
40,195,0.0026210421445084374,-2566.8602799442037
41,42,0.0003417442129196329,-948.1598575627174
41,43,0.000261057639545077,-713.0782385462062
41,44,0.0002623714357419599,-725.576554764996
41,45,0.000203845856753853,-603.2539608458801
41,46,0.0006532511025381761,-3812.0580307753175
41,49,0.0003584302526002532,-879.4204852259659
41,50,0.00020149385305757813,-598.2466811758301
41,51,8.981173371166191e-05,-274.81630958494657
41,52,0.00020917744221995386,-565.635268756481
41,55,0.0001739076918275025,-844.4305082970134
41,56,0.00020630456643889498,-522.7520394195502
41,57,0.00021695086831380095,-533.6525340397833
41,58,0.00022683130705462864,-657.2203814877603
41,59,0.00010569776168265213,-437.7678259411123
41,60,0.00019214625919180303,-813.3746760728094
41,61,0.0004114897745521909,-2555.903780884054
41,62,0.00020214408374091285,-527.8639636851515
41,64,0.00018334140400561808,-457.60281969418565
41,65,6.31733835103991e-05,-245.3115791314948
41,66,0.0021392883267659737,-35421.640846172515
41,67,9.674724461422662e-05,-305.00904094012236
41,68,0.00021556820785171562,-542.3800182866411
41,69,0.0002809202410352671,-1959.744329657597
41,72,0.0001102496506407786,-316.77172605293646
41,124,0.0012585673331417513,-9296.196670829462
41,138,0.0005838201402980709,-3426.1073690921908
41,153,0.0004719797171234387,-2713.3607545986106
41,155,0.00015594694647836285,-423.49954778179506
42,43,0.00024725208803391994,-200.27825475712547
42,44,0.0002456174769065692,-202.38230881901765
42,45,0.0002779207149224391,-395.7619373321988
42,46,0.0013483799812013257,-4541.253945574029
42,50,0.00023095708478429596,-242.7431090440822
42,55,0.0008249421786221563,-3024.7360168809087
42,59,0.00047409875765668853,-1535.3789312989263
42,65,0.0003553155779644538,-1058.650821709838
42,67,0.00023687193916225837,-543.5966091112062
42,69,0.0012638841956615625,-7574.233298922448
42,70,0.0003949600788247866,-490.0031348567346
42,72,0.0002270575972777985,-437.67173526499755
42,180,0.0017210410209285607,-826.4876940587801
43,44,0.00016967219885341217,-126.20004326364568
43,45,0.0001827912706013304,-240.89773062770726
43,46,0.0014087725480944212,-5024.966595799841
43,51,0.00023880327760237503,-522.534463446191
43,59,0.00030805638559484405,-997.4657747709342
43,60,0.0004329151907212777,-1427.8052984248538
43,61,0.0010518040509444567,-5542.423915553047
43,62,0.00024387771351097923,-392.46854157926316
43,65,0.00025645494582826817,-762.5613761258817
43,67,0.00019055453678680327,-435.2042769449669
43,69,0.0008925979260737195,-5344.38523836995
44,45,0.00017958210471584476,-240.6543428268015
44,46,0.001406474429431588,-5064.989206591775
44,50,0.00018104200414961332,-192.4092753652513
44,59,0.0003013173532291658,-986.9682974263211
44,60,0.00042422941897865926,-1415.8569606724695
44,61,0.0010302967838970336,-5469.66885866788
44,65,0.00025767933195873255,-775.4088383051711
44,67,0.0001838882616109548,-426.58979410876316
44,69,0.0008798058142786758,-5303.399198986784
44,71,0.00030173029472281495,-469.8107834250676
44,72,0.00018099263912418458,-352.94051005193046
44,155,0.00021907845031540413,-398.3151402497539
45,46,0.0008564064610362319,-3751.0598548037137
45,50,0.00015754944159744776,-260.33028392497135
45,51,0.00018582128589355739,-450.3980448608857
45,59,0.00021290826832761348,-717.8205227839128
45,60,0.0002801553635043847,-964.291498536823
45,61,0.0005554303693642784,-3012.906374843594
45,63,0.0002947496623633918,-374.1646620670514
45,65,0.00016535487650270054,-514.0830972988254
45,67,0.0001370912735640188,-346.75539671965146
45,69,0.0006402304405217318,-3925.087015142088
45,116,0.0026333818932419016,-15792.592137773141
45,155,0.00016821008893782874,-340.29201435888655
45,160,0.00035802670005669485,-440.2255395485732
46,50,0.001036987125605432,-3909.2696591771582
46,55,0.0005136309003852571,-3244.5407213543085
46,59,0.0007833057166205802,-4949.2283059731935
46,65,0.0006953310172816585,-4190.2482119244505
46,67,0.0005593669857048593,-2893.3894950587523
46,69,0.001147430817276882,-11054.905322232615
46,70,0.0020765156796784603,-8793.902890712756
46,72,0.0005397918124415721,-2602.012807139079
46,81,0.0015375881543142763,-8133.5454648006025
46,125,0.0010306425776674046,-4649.242078848017
46,126,0.0013447498081808186,-5651.661888440717
46,127,0.002446215953012628,-15851.069352842293
46,128,0.0029200719432392053,-11233.157996062848
46,129,0.0014102223397125697,-7364.963354985015
46,132,0.0035461560156203613,-30027.26377540796
46,134,0.0019114771282246511,-7535.651367611495
46,135,0.0012881533922376339,-6433.279848135216
46,136,0.0029631097302972747,-21728.30971952346
47,53,0.00016191094639277483,-710.8156165258338
47,54,0.00010249031869756289,-368.39934530021577
47,66,0.0009130558855570953,-14215.366073794177
47,73,0.00022181878301770028,-1252.4149386930446
47,74,0.00016345072844205718,-704.7746554414118
47,75,0.00018235193660572522,-651.6456890887932
47,79,0.00029405756113914857,-1524.9344022326359
47,83,0.000214925162973764,-985.7098770201491
47,84,0.000139568795940812,-385.68953273763685
47,85,0.000150279011262989,-488.8003041740832
47,86,0.00016580692097215792,-561.7657922259929
47,89,0.0003274151964091533,-2181.837633392814
47,103,0.0001288851835057702,-347.3647772023046
47,104,0.00017546269504566852,-539.1156688453642
47,114,0.00043299503475192663,-1112.1089476880593
47,116,0.00029943946942933766,-1615.1304211810925
47,118,0.0002366358174249924,-1135.5932685878129
47,137,0.00013634930969990116,-358.91738162156264
47,138,0.00027389335647804786,-1349.3246473362221
47,139,0.00021005360536790435,-562.8656230390917
47,156,0.0003382484317505793,-816.0370397082016
49,51,0.00027356037175557414,-474.44808641405206
49,52,0.00024099820272282786,-329.21086552176155
49,57,0.00021432136356312121,-247.31148428921625
49,61,0.0012449160940202803,-5676.569452545739
49,64,0.0002039849013568041,-240.4360831849208
49,65,0.00037621072976037055,-1007.3814789922573
49,68,0.00022371880645108384,-268.0035932788177
49,69,0.0010135466705882218,-5752.89904824087
50,51,0.00017739559553662973,-428.9814161640298
50,55,0.0005325452225901386,-2126.395153796911
50,59,0.00022081055716675378,-762.9922485666449
50,60,0.0003069847281272076,-1082.7650357617288
50,61,0.0008840296705523638,-4910.767594513793
50,63,0.0003111491627754564,-295.73104737921614
50,65,0.00018769298678667854,-598.2143395004794
50,67,0.00011934586255917598,-297.7342404914737
50,69,0.0007180653297767644,-4464.672945326929
50,70,0.0004141662372993899,-701.6792211323345
50,72,0.00013834880311481879,-306.8577442019656
50,155,0.00017453168528979262,-366.82974678504763
50,160,0.00039952634922592827,-367.85776923002436
51,52,0.00019072429332641245,-381.67554502241035
51,55,0.00021388273439944524,-890.9950382453113
51,57,0.00018441226588753756,-324.23810946400033
51,59,0.00013061794433663602,-467.1900756888882
51,60,0.00017665522813897435,-600.5421790203267
51,61,0.0004073853963392579,-2105.517682238604
51,62,0.0001454650452532282,-273.0481162027784
51,63,0.00027927875954734905,-506.30282063361665
51,64,0.00016014443860631213,-286.58574317858654
51,65,9.404835421208464e-05,-311.8268108169533
51,66,0.002337419839158426,-36885.84777340087
51,67,0.00010083041750367072,-261.27301097184574
51,68,0.00016889066716634736,-306.11059429752237
51,69,0.00036458464896667434,-2318.1811923446976
51,72,0.0001216642118009953,-281.35241907070525
51,138,0.0005710391371334814,-2907.8129317290436
51,153,0.00048451228580304777,-2415.534235375062
51,155,0.00010677586668223197,-210.55323024438138
51,160,0.0003465935336246972,-609.8185243182586
52,56,0.00014692337542023066,-210.14653064542725
52,57,9.63733205109269e-05,-133.7707431212447
52,58,0.00017853071623990513,-317.2508666664693
52,61,0.0006432250735359501,-3141.0829608105228
52,64,8.601726911586067e-05,-121.78112694179237
52,65,0.00023574799251766698,-692.5264344066657
52,66,0.0022072042519933675,-33811.902377794526
52,68,0.00010399777969390014,-148.85645229279362
52,69,0.0004360177678691443,-2609.036095064873
52,124,0.0010843346519397276,-6694.0942076815645
52,182,0.0007337338039593627,-913.9587248922275
52,183,0.0007337338039593627,-913.9587248922275
53,54,0.00010309271669117926,-532.9911100645314
53,69,0.0013989410031820964,-12961.173664886062
53,73,0.0001257522330898477,-863.3226550959188
53,74,5.148476487628807e-05,-296.60405712380793
53,75,0.00013318535234791215,-675.0744649516946
53,79,0.00018744552447643858,-1254.3234426986648
53,80,0.00028388256941140426,-1212.8042409879433
53,81,0.0004096700890891744,-1906.829273491083
53,82,0.0001782545780402416,-763.2627093164633
53,83,0.00016194669168425254,-986.6218600779117
53,84,0.000158422172598544,-657.2278589676665
53,85,0.00010705012484292436,-486.96306003580116
53,86,0.00019799335209543962,-945.0688832557134
53,87,0.0001694963766330123,-819.7835981824031
53,90,0.0002701239875249117,-1504.7687232048618
53,92,0.0002637493508094491,-2231.050785594267
53,96,0.0002853930702340764,-1773.2063441891828
53,97,0.00026785145515153755,-1155.1924177104781
53,98,0.0005212163242158662,-1904.6697775025802
53,99,0.00017081197470756294,-949.1033477530958
53,103,0.00018949718555193236,-792.6189268582833
53,108,0.00022634921967020006,-1643.0187641345105
53,109,0.00017762663026971558,-841.3078951540487
53,110,0.000152146239684303,-996.2378578799841
53,111,0.0002268778340081373,-1346.8508438728632
53,113,0.000223459010200927,-1462.6064935431302
53,118,0.00012867612701656622,-759.1025008185405
53,137,0.00016587109115337188,-669.4586360340882
53,138,0.00023479129945065878,-1547.2940478582916
53,139,0.00024665403323683506,-992.6444381072365
53,152,0.000390831998969073,-1792.9295186182637
53,153,0.00041150313030182106,-2691.8627017351587
53,154,0.00029673693639124143,-1697.4527013966301
53,190,0.0004919561428682131,-1591.6361606527068
54,66,0.0008307100540751186,-13618.23057084757
54,73,0.00016471712909396882,-1058.1994689071776
54,74,8.096141091878964e-05,-410.7600898393107
54,75,0.00017066537707708236,-753.8169237924133
54,79,0.00015153522711331086,-900.8805354566967
54,80,0.00019657983369487011,-718.038537589932
54,81,0.00043334782237796265,-1747.693477779826
54,83,0.00013064015591208485,-700.3098594808326
54,84,0.00016791882957391626,-609.2294705049721
54,85,0.00014850909267357268,-595.0800684823662
54,86,0.00015405758654650706,-628.2375942947389
54,89,0.0002542185947741839,-1907.63662689667
54,90,0.00023580012347043463,-1168.0344375099755
54,92,0.000269511121233879,-2139.1998755551176
54,96,0.00027110118568519925,-1511.817504298546
54,97,0.00019310968221360758,-712.3830190544118
54,98,0.00037033249378079324,-1120.7233426695304
54,99,0.00014469542642353943,-687.5953097976194
54,103,0.00017324112202794616,-593.2846119698108
54,104,0.00015210705805661747,-601.5847099595416
54,108,0.0001817871616807182,-1192.5998331443302
54,109,0.00013599949620347342,-542.4209102816675
54,110,0.00017370287158144108,-1016.2362123797832
54,114,0.0005517076654233758,-1870.52975082513
54,116,0.00022388411685105963,-1397.987529089128
54,118,0.00015610725269634982,-871.8615873587044
54,119,0.00024180761883490977,-825.9728555578761
54,122,0.000310206541019262,-1645.6043044736273
54,123,0.0001846270729392535,-797.340220513695
54,137,0.00015899209279144697,-535.6267360482409
54,138,0.0003012502255401525,-1764.442390262238
54,139,0.00026970111393524574,-903.5050728708446
55,59,0.00015523874244458883,-819.5768155134697
55,60,0.00021199553597627202,-1144.0710618142575
55,61,0.0002850753606513063,-2257.380189958802
55,65,0.00018214890653901625,-906.9442519881871
55,66,0.0010581886459601968,-18072.625269872933
55,67,0.00016800918047090032,-714.9555575196931
55,69,0.00034850214972384795,-3033.5421267076035
55,70,0.0009741607234421438,-4161.480015569732
55,72,0.00014398901736145753,-551.3176740066347
55,88,0.0007442178409917532,-5043.118719426918
55,89,0.0009299352383649388,-7839.382578904701
55,120,0.0014419681446156511,-8230.752090029988
55,124,0.0005857953021498614,-4576.325715630855
55,137,0.0009489520109084676,-3887.5852085960087
55,138,0.0002752346891022548,-1723.2361725646015
55,153,0.00021815012251272917,-1323.9828427893206
55,155,0.00020420429633796565,-750.2033691493125
55,188,0.000657352724752885,-2475.6105405173284
56,57,0.00010375329735010978,-127.25820003261435
56,58,0.0001275941906037305,-200.85613082644005
56,59,0.00026675786466305205,-806.3346289174806
56,61,0.0005396928634746274,-2513.0587044567956
56,64,9.067994673114754e-05,-113.7785770198646
56,65,0.00022797134540829262,-629.1020727268495
56,66,0.002073698158385627,-30925.39491578949
56,68,9.279434439471222e-05,-118.475621397795
56,69,0.0005296568521271991,-3058.5777489506745
56,71,0.00018162073295914098,-225.02455011699908
56,124,0.0010647297131345151,-6176.836394354857
56,160,0.00042192363715705107,-513.8849538759546
57,58,0.0001371215405468646,-212.5108886981902
57,61,0.0005753969546798317,-2635.1825915306654
57,64,6.028152263984024e-05,-73.09233272564761
57,65,0.0002500777370957913,-670.0719047737468
57,66,0.001956297244332637,-29282.43655934348
57,68,6.255864873318737e-05,-74.06044959611792
57,69,0.0005053610272286998,-2877.659450660011
57,124,0.0010101871547840004,-5699.751743160343
58,59,0.0002800567025582071,-935.2710289370342
58,61,0.0004321432130003388,-2133.239329987089
58,64,0.0001263866482623042,-199.4517763974413
58,65,0.00024897995410066715,-763.8397018788236
58,66,0.0012379146612109225,-18982.71433464573
58,68,0.000146490710333614,-233.89048120825097
58,69,0.00041486677571687865,-2527.4879725799765
58,71,0.00024680637944073867,-385.53618630653085
58,83,0.0006995024238168788,-3186.307065110015
58,121,0.0007566509135547762,-3545.424840954788
58,123,0.0004262670723423581,-1486.7213547127499
58,124,0.0006769626010248089,-4203.469445727957
58,188,0.00038926152668072216,-912.3937317454057
59,60,0.0001581654101853305,-727.8598383940102
59,61,0.0002503568059946421,-1671.377359243869
59,62,0.00018559619227309778,-579.6261009488084
59,63,0.00042668153614571944,-1295.7093739895658
59,65,9.280271119306251e-05,-394.5973304131551
59,66,0.002013364821421036,-34660.353738679405
59,67,9.044884669937641e-05,-330.74675170733684
59,69,0.00034537693770272937,-2533.56714519564
59,70,0.0007703342257609053,-2880.858066053711
59,71,0.00032035386288406455,-955.3881112226993
59,72,0.00011487897267349633,-385.68100245054023
59,88,0.0012524955042804058,-8661.88312826895
59,89,0.0015215115897408745,-13045.962770129518
59,138,0.000529247005795284,-3417.05905655185
59,153,0.00040709724474059724,-2549.0620202221403
59,155,0.00015188856899703014,-490.7644765974437
59,160,0.0005171615863030059,-1537.981679056396
59,184,0.0007665871128317568,-1975.1415456393872
59,185,0.0007665871128317568,-1975.1415456393872
60,61,0.00041848546809047346,-2618.26675708948
60,62,0.0002663296209329265,-786.7246897037776
60,63,0.0005887537483866933,-1690.7440590469105
60,65,0.0001665604257436716,-724.4782508462515
60,66,0.002388883429445612,-40836.31909669622
60,67,0.00014915946276899093,-556.2382378399292
60,69,0.0004024265774685839,-2914.833259287667
60,72,0.00017170584619446362,-587.2468379878807
60,83,0.0011762878293445258,-7103.243774894156
60,88,0.0013482573985751783,-9080.574771408474
60,92,0.002380457015707928,-20987.900172684356
60,101,0.0010359362121851435,-4830.183233830537
60,138,0.0006310122411797862,-3959.244709676929
60,153,0.0004945843932867728,-3074.081264829306
60,155,0.00020085943965323633,-615.3292476522334
60,160,0.0006774752732905564,-1905.8060592913948
60,179,0.0030468469523923427,-7230.079970575508
60,180,0.002884415197203299,-6946.388021753699
61,62,0.0005228642522640524,-2476.526262498354
61,63,0.0012702201749172017,-5907.198424572417
61,64,0.0005475198315090622,-2524.532951547895
61,65,0.00029977752090889554,-1922.6395480629549
61,66,0.001085019116375913,-21321.279202287544
61,67,0.0004620259837996204,-2659.163390926251
61,68,0.0005617721519173252,-2605.7001862449224
61,69,0.0004496575786498827,-4195.617170440432
61,71,0.0008151486530146536,-3754.5727918565995
61,72,0.0004806611748162221,-2618.752850110544
61,73,0.0007959357121344191,-7863.346102311008
61,88,0.0007249880677961542,-6701.874659110605
61,89,0.0008594907392584411,-9389.793665814976
61,93,0.0017813098822950894,-9813.256044188065
61,101,0.0007949063940044203,-5555.676383427247
61,104,0.00104008481804054,-7482.56020695484
61,108,0.0010935508776190599,-11293.906377049705
61,109,0.0012093802130080805,-8663.685156986105
61,110,0.0013717541604036073,-13042.637079396705
61,116,0.0009042672403124005,-8899.705687449763
61,123,0.0006314475101479886,-4714.41301334588
61,138,0.00036962068198231283,-3235.8428913213406
61,143,0.0017246091556557487,-7879.386992079105
61,153,0.0003417050847069428,-2926.2916321647513
61,155,0.0004826596064176566,-2333.4021945955974
61,160,0.0014891994052644013,-6837.944989800795
61,184,0.001078785744620983,-4579.3815082352485
61,185,0.001078785744620983,-4579.3815082352485
62,63,0.0002749234361492092,-378.03739237303705
62,65,0.0002037463857418456,-579.8121694193687
62,66,0.0025241645073969337,-37890.542376396166
62,69,0.0006311461401861685,-3694.287872311241
62,153,0.0005938470504288169,-2513.2907993789495
62,184,0.0002482691853448197,-234.56764620992863
62,185,0.0002482691853448197,-234.56764620992863
63,65,0.00038241253165929027,-1059.639923770307
63,67,0.00028681484884491014,-599.6889933995793
63,155,0.0002578250201690195,-395.65493397008146
63,160,0.00027144494976931346,-144.45206547981496
64,65,0.0002087574549421424,-567.4189062656532
64,66,0.0019352770913958117,-29049.25091430976
64,68,6.80141301800188e-05,-85.25040883966821
64,69,0.0004679902125425781,-2682.0243778102968
64,124,0.0009815823411205194,-5757.860446408247
65,66,0.0021721626905776724,-36656.62023693045
65,67,8.925010258166515e-05,-301.5169861073452
65,68,0.00024705762187779597,-676.6727829183561
65,69,0.00027258958272388456,-1932.8122412743303
65,70,0.0006079326857194198,-2107.6061819932806
65,72,0.00011196239272289722,-345.20536485617714
65,116,0.001742417331735024,-12619.321125888311
65,138,0.0005472134038744945,-3358.4702938268138
65,153,0.0004763715322961404,-2831.720817919261
65,155,0.00015374435531744857,-454.56590655471916
66,67,0.0026294641226961854,-42131.280130783234
66,68,0.002035132536428987,-30625.346329038555
66,69,0.0024575054934427307,-50294.635816650516
66,71,0.0033643096080961366,-50438.13643958987
66,72,0.002410383608647044,-37663.81129519399
66,73,0.0004175377666496183,-7643.089492309789
66,74,0.0007211554466389008,-12307.954740958852
66,75,0.0006886865457413043,-11277.571726223472
66,79,0.0011710626460854998,-21161.697026151654
66,83,0.0006463033217128093,-11140.602663401198
66,87,0.0009811062428082722,-15916.37263600411
66,88,0.00043285103898270974,-7817.5069692712705
66,89,0.0005301684289564903,-10485.723926779985
66,92,0.0009148181903366588,-18267.850465255247
66,94,0.0011767792249317282,-18146.000782363397
66,95,0.0011856832779961594,-18212.02066897905
66,99,0.0009949401714873702,-16818.981845050916
66,100,0.0011887114291464643,-22662.729354254527
66,101,0.000618111382732304,-9845.048937123025
66,102,0.0011285983588027522,-17709.8429705714
66,103,0.0012701542444244263,-19535.423517353905
66,104,0.0008896272430611153,-14212.87774299723
66,105,0.0012537648442410658,-19250.0000468992
66,106,0.0011807049683059602,-18184.307711516296
66,107,0.0015769486666756388,-24039.854615126533
66,108,0.0005435638571007215,-10195.833880370577
66,109,0.0010801145332859834,-17218.10351190374
66,110,0.000817117947591984,-14646.548202312282
66,111,0.0009861340650570293,-17103.924100025444
66,112,0.0015282445312403757,-23113.42710474593
66,113,0.0006114658337331645,-10873.172428005835
66,114,0.003594433821200692,-55167.5852795266
66,115,0.0011807049683059602,-18184.307711516296
66,116,0.0006661683436338955,-12494.525812279622
66,117,0.0011513747449499155,-17801.50351111281
66,119,0.0008124820849286788,-12353.706622368936
66,120,0.001142126609759406,-19420.033603011794
66,121,0.0006915119925482305,-12232.152245809346
66,122,0.0007428520457079596,-12880.492122459169
66,123,0.00047829276180167215,-7742.519425084966
66,124,0.0002816514634230632,-5319.008368796119
66,133,0.0012612414911948328,-19642.654866409328
66,135,0.002146705195399393,-33637.94999178252
66,138,0.000543076585715839,-9549.12751773276
66,148,0.0025773002006918935,-45613.95185393475
66,150,0.004295724935735979,-60112.1996381065
66,153,0.00044867573423825087,-7891.226475093461
66,154,0.0009611512148588949,-16568.9557297811
66,155,0.002492427598089802,-37751.24901025224
66,156,0.0016492587052820314,-24467.885289011305
66,157,0.001379403216632525,-20917.293115699315
66,158,0.0010393361913484658,-16541.851764252988
66,159,0.0012547677833571293,-19438.092184901798
66,171,0.002060935181696975,-32328.890449585557
66,172,0.002053508325848081,-32341.06783806709
66,184,0.002947464824125067,-42294.39106848559
66,185,0.002947464824125067,-42294.39106848559
66,186,0.0016296549922998223,-24147.899045960516
66,187,0.002380058591178073,-34495.88452447489
66,188,0.0008271397664566215,-12634.075965475438
66,191,0.002529611068998527,-37139.72521268047
66,192,0.0018059302945180908,-27461.68950215104
66,193,0.0015047907543284617,-22741.962252282425
67,69,0.00037314572883191053,-2396.8165766612346
67,70,0.0003945191404711754,-1097.545203885717
67,72,6.364225878698251e-05,-152.82777203736094
67,138,0.0005746031489849829,-3035.070071966262
67,153,0.0004936138535493488,-2552.835462758573
67,155,0.00010030310720425383,-228.1140686554133
67,160,0.0003593406785321789,-729.5485970077044
68,69,0.0005103683765798026,-2938.9889264811536
68,124,0.001067139228962657,-6101.8106304018065
68,160,0.00041719857300347835,-502.9686651502301
69,70,0.0016257813468008103,-10616.798581464358
69,71,0.0006714281938318722,-3845.6429727082573
69,72,0.0004119215826741502,-2514.8916602663357
69,73,0.001417653105521351,-15031.793242698255
69,83,0.0012860293506017624,-11916.93590491237
69,87,0.001498235056151959,-12695.43141037591
69,92,0.0024456758090631546,-29981.669609033175
69,113,0.0010839965534735064,-10768.979922066264
69,118,0.0019886214653924913,-19411.38730481379
69,119,0.0012266155637441962,-8949.417600012646
69,123,0.0011161468104343782,-9280.68719198793
69,124,0.0012261251461954802,-13697.434001314246
69,138,0.0006382265145173472,-6088.9080313961085
69,140,0.003289685825202236,-17284.797696872345
69,153,0.0006393829759601962,-6094.1086763321555
69,155,0.0005166898472387065,-3085.09431796855
69,182,0.0025548188234812467,-14096.95259118655
69,183,0.0025548188234812467,-14096.95259118655
69,196,0.0059171597633136085,-28705.055400370107
70,72,0.00036519827445645535,-870.7568083238165
70,113,0.0043628116375560334,-24127.088857960407
70,179,0.0014400279988912904,-1506.155975464697
70,180,0.0013293995987510659,-1223.179809525917
70,181,0.008785538264803777,-7482.243569093349
70,189,0.002580688275892434,-2037.380067666541
71,141,0.002050317268932164,-1559.064968111769
72,138,0.0005096552104853594,-2476.7206076177677
72,153,0.0004378300989396202,-2083.0948137499713
72,155,9.741130699728818e-05,-185.79896247939948
73,74,0.00012770934178576396,-891.4301590983314
73,75,0.00011157292273311537,-708.6724832851826
73,79,0.00017338141628939308,-1386.9160115951402
73,82,0.00021202654934312235,-1193.517237722646
73,83,0.0001848346759169165,-1356.5935897438171
73,84,0.00023340919842543267,-1278.4266733953684
73,85,0.00017554343814767668,-1032.9059671473306
73,86,0.00027905136730772985,-1709.4511919434674
73,87,0.000167591357222179,-1025.5241125402276
73,88,0.0001732523273561043,-1387.7561384199312
73,89,0.00017741629839822002,-1766.4882104704325
73,92,0.0001601646093352979,-1565.976889752558
73,93,0.0003795248864932508,-2097.916316830375
73,96,0.00027677732319461503,-2097.6507490753656
73,103,0.00023728717647303406,-1288.3246710655264
73,104,0.0002482844995435349,-1493.3236635543872
73,108,0.00015061055728797233,-1280.390146521673
73,109,0.00025091628154169903,-1487.7673731804725
73,110,0.00011812901457021027,-919.0770688017758
73,111,0.0001287519983267457,-934.0608005847351
73,113,0.00016400242408436748,-1287.490792479989
73,116,0.00018283700909182103,-1554.8393707570106
73,118,0.00013573755048053274,-993.8088469732023
73,121,0.00029401124164887105,-2244.3942962160945
73,124,0.00019990586804508067,-1710.4939853312794
73,137,0.0002977034738474997,-1592.0600722971835
73,138,0.00024354572000531978,-1920.340482919916
73,139,0.00038313375823209947,-2047.985840547026
73,143,0.0006395873576877571,-3152.7603871664437
73,148,0.0006650978472299625,-4952.219871054316
73,154,0.00025399591121204627,-1783.6554028965666
73,157,0.00035590277295180115,-1854.1323815143667
73,158,0.0003199833219895386,-1883.9510357581432
73,159,0.0003546403327211671,-1951.9286400422006
73,192,0.00042092504110124567,-2174.3247640645213
73,193,0.0005075754401291456,-2611.597622780679
74,75,0.00013207427958279638,-655.0139746191993
74,79,0.00016225724853995296,-1058.3578856939794
74,80,0.00025569857977265697,-1098.1036182482753
74,81,0.00041981498349961006,-2000.977089472919
74,82,0.00017918817760417054,-769.9954488787226
74,83,0.00014159669533432215,-880.8967120309931
74,84,0.00016398777081527425,-683.0080233966833
74,85,0.00010640020653574104,-485.0725708029674
74,86,0.0001823942748042602,-872.3897465041588
74,87,0.00018443438003140278,-912.3819345256471
74,90,0.0002593219826101958,-1477.064516023197
74,92,0.00024743176764105423,-2124.398758189049
74,96,0.0002609745084652352,-1655.0486769188317
74,97,0.00024740365062592547,-1071.9153816554804
74,98,0.0004890571175979193,-1803.5553396855405
74,99,0.0001483607285037623,-806.2001823854575
74,103,0.00017860007832306413,-735.0284697301316
74,108,0.0001587594477114985,-1123.7565139461067
74,109,0.00016980233721361625,-788.9713112677691
74,110,0.00014187005147821546,-905.2052520443318
74,111,0.0002127725650456208,-1232.5176251739192
74,113,0.0002494656400876183,-1661.4449126956615
74,118,0.00014262733267464043,-875.614624151201
74,119,0.00027146754124806076,-1109.1211225161032
74,122,0.0003273552365226084,-1983.0441409646296
74,123,0.00021541071679280512,-1091.483157197707
74,137,0.00017953922182473338,-727.5202891363855
74,138,0.00025282140066932646,-1696.069754639449
74,139,0.00025810814884658773,-1043.5153605421135
74,152,0.0003713687154086691,-1708.774084752402
74,153,0.0003877872144096433,-2586.307443020529
74,154,0.00026323700292684674,-1488.5289340193433
74,190,0.000498932721964082,-1633.1836922777693
75,79,0.00024648738426049624,-1451.0117595114175
75,82,0.0001645559089439464,-588.623754096102
75,84,0.0001346837463553751,-465.4780615370503
75,85,0.00011742397439366407,-463.8295690686021
75,86,0.00023626801380449445,-983.8446666730495
75,92,0.0002722084592096849,-2152.1237512428675
75,103,0.0001644575393918395,-578.5416851501681
75,110,0.00016614568561306044,-957.1588338751196
75,111,0.00012135265348968042,-634.0527872776421
75,113,0.00016948026423751724,-987.0822403857323
75,118,0.0001934612995184046,-1060.4966272328227
75,124,0.0002500463945275872,-1701.4515959412058
75,137,0.00018791247458994003,-647.650146611109
75,138,0.00028616205703377794,-1686.4579026678493
75,139,0.00021446761026428884,-740.2817412646671
75,148,0.0004135515635608425,-2239.54968004751
75,157,0.00018067603905299419,-581.6552440023894
75,158,0.00022492972683582011,-888.5534997910054
75,159,0.00020042463187357323,-705.7661072745595
76,77,0.044444444444444446,-32.42497227231
76,78,0.04945054945054945,-93.81042070451439
77,78,0.02197802197802198,-63.02813769646838
78,181,0.027780444332168475,-491.13229113785934
79,80,0.0001860051427047483,-864.43370743704
79,81,0.0006401719636151687,-3550.731331424279
79,82,0.00021698617029933335,-1002.7866427918035
79,83,0.00018845048558488009,-1310.925345171258
79,84,0.0003211456670374256,-1437.8297440430495
79,85,0.0002220875624793412,-1071.4009774867325
79,86,0.00020614890910483567,-1042.6218844215157
79,87,0.0002330960352604855,-1327.068077460391
79,88,0.000190503614523528,-1416.2917995887656
79,89,0.00022938456056185422,-2126.691132955935
79,90,0.00027938140570367214,-1772.8820908333335
79,91,0.0007325437836903402,-2808.7336145975105
79,92,0.000234002171165301,-2174.199023506857
79,93,0.0002671993158605296,-1305.8059273985548
79,94,0.0002677391394778587,-1197.9652923960118
79,95,0.0002797920279654496,-1238.343041262395
79,96,0.00027176729529632593,-1891.430003049683
79,97,0.000178268453190103,-834.6220546290995
79,98,0.0006720032076423954,-2736.531834619183
79,99,0.00010872446778917468,-615.4909875765003
79,100,0.0005002623049870912,-4125.4766492043755
79,101,0.00024457826647032266,-1297.6490954358574
79,102,0.00016512725848022837,-777.535805508661
79,103,0.00037200848337837667,-1647.8952236290768
79,104,0.0001364723217372663,-720.9504729294556
79,105,0.0002234817309996592,-991.5268505660819
79,106,0.00027090945057016717,-1208.086377725049
79,107,0.0002169031133199987,-947.1685892036304
79,108,0.00015918416313606245,-1201.653672646223
79,109,0.00014961680315438497,-786.9320665583422
79,110,0.0001170619935226123,-807.8857514294486
79,111,0.00024409897346979907,-1453.6784477348117
79,112,0.0004908679527873694,-2074.8182437115806
79,113,0.0004061058632671658,-3099.3331787400057
79,114,0.000903968750397958,-3989.43216361482
79,115,0.00027090945057016717,-1208.086377725049
79,116,0.00019625851310419186,-1551.1057451558406
79,117,0.0002678384351907703,-1206.5636984482885
79,118,0.00016155711638726443,-1107.2116142093737
80,81,0.00046113302764792265,-1245.626126892351
80,83,0.0003079058008276084,-1392.768853508872
80,86,0.00022653897939464216,-571.6144035479704
80,88,0.0003979563816934327,-1983.239341698904
80,89,0.0005432466085167986,-3635.30030586117
80,90,0.00044746090881415853,-1535.0581262128685
80,93,0.00015157295152232178,-398.9720984502856
80,97,5.307087373956675e-05,-108.63870933603384
80,98,0.00020755121624585482,-334.4689945283929
80,99,0.0001496696613526645,-522.1391465930168
80,102,0.00015062764189821413,-410.0033210920591
80,104,0.0001637167011016091,-506.5609204269939
80,105,0.00015339294973232626,-366.1216013332002
80,107,0.00015930131609376164,-373.8282440868971
80,108,0.000344893513618712,-1865.290651384704
80,109,0.00011673129971414722,-357.26004571959203
80,110,0.0003339690996155512,-1587.0647156118123
80,116,0.00038737125818130486,-2129.3493340130726
80,118,0.000293942901167827,-1289.4175001176384
81,83,0.0005241576251238043,-2595.5665249420736
81,90,0.0003382377107087692,-1377.3479001166422
81,97,0.00046703122149397233,-1274.6816926242275
81,98,0.0006420897633735495,-1312.3231744740194
81,99,0.0005100075929268648,-2207.6023592370025
81,108,0.0005951843536987909,-3715.3242607714315
81,109,0.00045625147906812644,-1666.9701230615942
81,110,0.0005779255381565653,-3192.059473192693
81,125,0.0003821275448148073,-1216.4551966489253
81,126,0.000320815413329713,-684.6546448332797
81,127,0.0005194692465707803,-1914.7066589163528
81,128,0.0009396919248262739,-2336.3596163361435
81,129,0.0005550987763474909,-1557.6822876104782
81,132,0.000769737236699307,-3870.2967850635077
81,134,0.0006231563955448246,-1552.5567248976633
81,135,0.0003306840925833089,-1067.7239740866862
81,136,0.0006721780180625096,-2932.3605586298513
82,83,0.00026699620911160453,-1245.0605772633082
82,84,0.00010202461688417747,-225.95934697150722
82,85,0.00012467490572456947,-341.7459053347124
82,87,0.00013927751235257214,-480.9301082392755
82,89,0.0005047668296392765,-3444.2528399966054
82,91,0.00034435735587345586,-556.1906675827591
82,92,0.00031061574101278535,-2159.3421374400104
82,93,0.0001668760273725425,-430.3807949742832
82,103,0.0001624927835619705,-397.4581035338586
82,108,0.0002914969354904799,-1574.0109962124332
82,109,0.0001519949890758727,-482.08226454048133
82,110,0.00016014777826821983,-765.0117150313462
82,111,0.0002707206433515455,-1067.7113875225402
82,113,0.00034809222689994625,-1749.4679075176296
82,116,0.0003603869032189853,-1997.9815154816527
82,118,0.00018092675979600572,-795.5272666633432
82,124,0.000545178299368352,-3239.043373701789
83,87,0.00019850725037486676,-1021.6614915364474
83,88,0.00019507533563377995,-1312.849653992376
83,89,0.00021378689768208195,-1846.830903206492
83,90,0.00026842755856609074,-1537.4384739467655
83,92,0.00022678936983510717,-1921.421951257884
83,97,0.00029281603319581876,-1336.2554634003668
83,98,0.0006067506134285795,-2340.8746700629595
83,99,0.0001780323838287507,-1012.8410745453916
83,101,0.00023754827111971663,-1133.9617889064134
83,102,0.0001848136756352635,-853.6181148741517
83,104,0.00019890223138893193,-954.2810389788295
83,108,0.00018119639116831077,-1365.9414959357923
83,109,0.0001683571312391777,-815.3492581776107
83,110,0.00018245488633872558,-1240.8664870232733
83,113,0.0002579782629826535,-1758.1561212589254
83,114,0.0006362079803149891,-2711.0989288243345
83,116,0.0002130481101120189,-1568.0933656045627
83,118,0.00019556450587362536,-1239.1018769965515
83,121,0.0002948464784889368,-1890.2609201804983
83,122,0.0002698383357622315,-1645.2745647313307
83,123,0.00013865008886026364,-696.3615822619882
83,124,0.00029931731459181067,-2318.419697211098
83,135,0.0009289441905184781,-4354.796276153148
83,137,0.00032132628414741754,-1350.6733979838275
83,188,0.0004387181137824222,-1810.8405536278706
83,190,0.0006273844799588293,-2156.9644632017676
84,85,8.296339493178767e-05,-198.7454152510976
84,86,0.00018457349802402593,-476.8746888054853
84,87,0.0001706690664795539,-563.6702151094614
84,92,0.00038695227083511424,-2626.715133836592
84,103,0.00011505444786831031,-266.85579527546145
84,108,0.0003688737022241738,-1938.7742066418052
84,110,0.00023342608269836827,-1079.5431002894381
84,111,0.00029821981035062104,-1138.9445911116545
84,113,0.00035841034590525445,-1747.8768848161671
84,118,0.0001750576962775114,-746.7822025700939
84,137,0.00012002075194409445,-252.39773588461182
84,138,0.0007186708034896682,-3494.3813814504756
84,139,0.00014343088066331452,-286.8958487258088
85,86,0.00015562172932911668,-463.85147476521684
85,87,0.00016646281499507485,-617.9547260983339
85,92,0.00030625660328058166,-2205.2470548812844
85,96,0.00041445678696935725,-1966.853684076555
85,99,0.00019007692071827835,-736.9968803850622
85,103,0.0001197935649194195,-318.23183637183206
85,108,0.0002806911770217362,-1577.0633799361854
85,110,0.00019272511460042277,-960.2616343579849
85,111,0.00018391197526408188,-765.8271010981799
85,113,0.00031421368176342136,-1712.6505296492774
85,118,0.00014727615990742322,-697.6357234817848
85,137,0.0001326178566155316,-332.1516507478672
85,138,0.0004126731733000203,-2232.9408354958746
85,139,0.00014510038708831662,-346.65036433265135
85,152,0.0002925334667064937,-819.5611761647342
85,153,0.0006197589405594566,-3330.6038770777113
85,154,0.0002445526431744127,-996.511572030599
86,88,0.0003096908618939065,-1689.5851153782014
86,89,0.00039097393300958124,-2815.825773896317
86,96,0.00043939752366875133,-2008.9740193073708
86,97,0.0002274773263050417,-579.7504104985306
86,99,0.00018729238960789785,-723.6174000727153
86,102,0.00023380295540291119,-724.685595659317
86,103,0.00018997172814497486,-522.0692786861703
86,104,0.0002045401681025708,-709.069845185513
86,105,0.00020592034344378346,-567.9618287143271
86,107,0.0002253467292836608,-605.5036122947569
86,108,0.0003018088038361307,-1767.8353118441
86,112,0.00032244369938486144,-821.9550635283592
86,116,0.00032277271425076875,-1927.0482065628576
86,118,0.0002148012728956282,-1043.3267951779662
86,127,0.0008003925365851877,-3200.0665779285637
86,137,0.00021213680181862279,-529.4976820450245
86,138,0.0006805828576460143,-3730.6832777612
86,139,0.0001909986763877158,-437.6359622893352
86,163,0.0007094819843801737,-2172.3163193522846
86,164,0.0007312147155857,-2289.159461588814
87,89,0.0003243666562677342,-2512.8340034216735
87,92,0.00017148553180364713,-1270.591737415708
87,93,0.00021124793306362757,-727.2901401282129
87,102,0.00018014054628696732,-640.8192929009907
87,108,0.00022627011260487187,-1431.2084283057675
87,110,0.00017662668469610237,-992.6919994474076
87,111,0.00022217408750721583,-1107.6433153753298
87,113,0.00020632267302465513,-1166.3162089696132
87,116,0.00028079613522707475,-1803.1426519783245
87,118,9.59311171169229e-05,-482.5136356405382
87,124,0.00036196709976980335,-2330.187169731264
87,132,0.001002053539086361,-6131.344858372239
87,175,0.0008432424485690249,-2508.112271252432
87,192,0.00019291572972913117,-582.150387656594
88,89,0.0001078766482449174,-965.2796126119601
88,93,0.000375274125965541,-1821.7247543965448
88,94,0.00019876643249990927,-954.7106347763806
88,95,0.0002061607583212571,-979.4776835374181
88,96,0.0002692457711202429,-1894.6053176251417
88,97,0.0003884802318783824,-1950.2848800878824
88,99,0.0001703339251594278,-1041.7517738127256
88,100,0.00032951452356078765,-2851.4817020916576
88,101,0.00011837832746999616,-618.0645481080716
88,102,0.00021116735873163577,-1073.2114692898597
88,104,0.00015883142975740415,-845.9725145951743
88,105,0.0002359324836413406,-1118.5789651185448
88,106,0.0002002319559746175,-958.5414701119915
88,107,0.00025262776724135384,-1190.482944500184
88,108,0.0001791577282862584,-1417.1812217699803
88,109,0.0002384015058858701,-1259.5820059405062
88,110,0.00020715686352116002,-1490.735965609641
88,112,0.00026351686567960736,-1200.030534694808
88,115,0.0002002319559746175,-958.5414701119915
88,116,0.00013589579012227745,-1043.7990534610851
88,117,0.00019262571071992633,-931.951675594957
88,118,0.0002902759556062738,-2045.4035599349177
88,120,0.00044561596187979853,-2796.0583871251274
88,121,0.00022671767769803994,-1610.8079005769437
88,122,0.00021452947363844368,-1457.1508088852413
88,123,0.00015363547263289165,-878.8949407546461
88,124,0.0002479432184132595,-2085.565192002682
88,143,0.0005434035722802936,-2345.7251392168737
88,153,0.00032108696959658856,-2318.913621991267
88,154,0.0002624655007327445,-1726.0362208243812
88,173,0.0007696770345516423,-4141.270447926335
88,188,0.0003936480013220726,-1818.1533593545055
88,193,0.00037641203068011336,-1702.202080669216
89,92,0.00023515760658695666,-2668.631217026775
89,93,0.0004135506328727983,-2710.5481687246424
89,94,0.00030766258472600383,-1992.924380361856
89,95,0.0003186174979385275,-2046.1362437087707
89,96,0.0003787512352790193,-3338.158492005018
89,97,0.0005315173877281611,-3577.62256158961
89,99,0.00022902621172970786,-1810.3104750338582
89,100,0.0005003752506339402,-5272.619984259275
89,101,0.00021126593370691601,-1477.2402099092424
89,102,0.00026465424902484086,-1780.737364102478
89,104,0.00021048533938157474,-1469.835250422697
89,105,0.00031950074478177067,-2051.129053614135
89,106,0.0003109749526079248,-2008.9799159251718
89,107,0.00034330226267106955,-2173.7720118003604
89,108,0.0002033766193397667,-2007.6876844297599
89,109,0.0003007264818995165,-2110.443416072543
89,110,0.00024328368149634832,-2215.419101379528
89,111,0.00032869253707178955,-2811.851520752732
89,112,0.00040015909099250897,-2485.8079519381986
89,113,0.0003245011759528614,-3030.026704586166
89,114,0.001104405374867759,-7071.097235315373
89,115,0.00031097495260792483,-2008.979915925172
89,116,9.28646763930085e-05,-866.9473798304534
89,117,0.00030149344239138834,-1964.0316907136869
89,118,0.00027056121611115783,-2442.495099677172
89,120,0.0006599210942770923,-5357.657852666031
89,121,0.00030908055836859083,-2746.797212107049
89,122,0.0003003939883012796,-2570.994281178709
89,123,0.00019738011076856054,-1471.618460931782
89,124,0.0002859378641958648,-2961.926668797245
89,143,0.000602607181882705,-3602.6509799222995
89,153,0.00046219262549168383,-4067.9015980956306
89,154,0.0003761877950606809,-3181.0490212924433
89,156,0.0006426637466797673,-4065.4696375415515
89,162,0.003976806166877163,-21664.231058431218
89,188,0.0005332731103198875,-3353.643665815308
89,193,0.0004924528354679679,-3047.1474456007923
90,91,0.0008233853733017972,-2164.2257812509997
90,92,0.000442110941384792,-3651.1250635535416
90,96,0.00022285041751909533,-1061.9793361205798
90,97,0.0004387920539997018,-1519.8830061209135
90,98,0.000616456969519356,-1772.1345149461392
90,99,0.00035734481638793983,-1775.0810334130151
90,100,0.0005226818311050672,-3505.5538702023446
90,108,0.00032474938589663994,-2270.3366252853807
90,109,0.0002881838389178786,-1222.831449798094
90,110,0.0003823843823539235,-2384.1522030729834
90,118,0.0002880327917315869,-1647.2938617895236
90,121,0.0003387209265993808,-1798.972727076597
90,122,0.000275696841348361,-1387.1022275065532
90,125,0.0005216366692351275,-1924.834999607466
90,130,0.0009409440620565599,-3564.6072174642172
90,131,0.000659868174749923,-1997.8491258631582
90,133,0.0002788183637314037,-993.7253755118796
90,137,0.000492129369393609,-1663.9003579035784
91,109,0.00044179528484341533,-966.6348085920692
91,110,0.0007945020566441998,-3113.706083764186
92,93,0.0005193376508752241,-3558.9221234495476
92,96,0.0003480562851132273,-3110.1266029060625
92,99,0.00029173356013269134,-2384.108431006549
92,102,0.00028433097756962996,-2003.2199862219293
92,105,0.0003564174075027697,-2395.1907947014847
92,108,0.00022075239018623258,-2182.7255960380116
92,110,0.00018934413629344716,-1731.4790497620127
92,111,0.00020890248218818393,-1797.938663080945
92,113,0.0002691750419387979,-2496.8227987841938
92,114,0.0015488639762387597,-10356.993316654476
92,116,0.000239081604225096,-2372.267649619254
92,118,0.0001590395409661175,-1370.2474647235535
92,119,0.00041085769376176764,-2687.7552391528898
92,121,0.0003634803729903301,-3268.546918870923
92,122,0.0003738283593736478,-3236.0737586082823
92,123,0.00029693798714729413,-2212.0897609780613
92,124,0.00035889243112939735,-3641.519869413014
92,132,0.0010635684278754729,-10540.413713662956
92,133,0.000657517315060996,-4565.6423562922755
92,137,0.0004406722813275882,-2936.4603681831145
92,148,0.0008139107128754445,-7112.365306115651
92,157,0.00048256065720602814,-3150.298624807155
92,158,0.00044957965442156807,-3245.4781951089144
92,159,0.00047678237413925384,-3256.278909119307
92,162,0.004547522097699501,-25932.511118624552
92,173,0.000763871574428072,-5450.309438653102
92,175,0.001676576276198557,-10798.713411963627
92,190,0.001008020754652481,-5881.702311597566
92,192,0.0004938646984370106,-3178.5235910371275
93,97,0.00014645517575884585,-390.3632151006947
93,99,0.00024244720495704468,-896.1928784494224
93,104,0.00015391079124944072,-433.67919902086953
93,108,0.00037046808061865963,-1974.3754662263116
93,109,0.00011212338575064514,-335.4220005580735
93,110,0.00029091065659972616,-1363.0783725230554
93,116,0.0003180663040589659,-1688.6618185481782
93,118,0.0002654558942480659,-1198.4706608365009
93,143,0.00017116823548230534,-249.12815902313002
93,156,0.0003336140689473433,-738.527008018163
94,95,4.511617414843221e-05,-97.94073852749246
94,96,0.00021396343451414812,-920.2510889703073
94,99,0.0002355921968574382,-782.9332849447591
94,100,0.0003026129653850474,-1731.5263094741506
94,101,9.264844502312416e-05,-257.27706342337547
94,102,0.00018939245761846957,-468.01178768532304
94,104,0.00016367027459282229,-464.1611942755993
94,106,4.775690259561228e-05,-104.86012007948119
94,112,9.956204332022952e-05,-197.73979781049826
94,115,4.7756902595612266e-05,-104.86012007948116
94,116,0.0002584766420040734,-1352.3944990524699
94,117,5.04458320835492e-05,-112.60240959588481
94,121,0.00021679051892497676,-943.5881323813998
94,122,0.00019040277102417606,-774.5539724109559
94,154,0.00020691594078902143,-755.8957334450306
94,193,0.000149818584953378,-300.76354185647966
95,96,0.00021032779299463665,-893.9685013012003
95,99,0.0002435161593095702,-798.4443776368964
95,100,0.00029775124641926245,-1688.102463320742
95,101,9.068750191690003e-05,-247.86534612376593
95,104,0.00017362147181591338,-483.9313093241867
95,106,4.4537761659349744e-05,-96.15546327265203
95,112,9.557007903049849e-05,-186.16660855121236
95,115,4.4537761659349744e-05,-96.15546327265203
95,116,0.00026989303869174317,-1397.9460663800658
95,117,4.7719030349303306e-05,-104.72973277500886
95,121,0.00021373237942749732,-919.4203317924622
95,122,0.00018766996560033502,-753.9066767739935
95,154,0.00020219274485963907,-729.708969675271
95,193,0.0001418208270391815,-279.25731737372695
96,100,0.00018987548858657923,-1399.5483590094655
96,101,0.00021341891889182417,-1037.2894576660665
96,106,0.0002145256562080377,-919.1750360649527
96,111,0.0002872608809159645,-1784.0085086630518
96,115,0.0002145256562080377,-919.1750360649527
96,116,0.0003455534050969583,-2625.8220332838046
96,117,0.00021480263313529074,-931.1616441101318
96,118,0.0002874082402602151,-1821.6530840996888
96,121,0.0002103633083373333,-1245.2811907160747
96,122,0.00016339366722089153,-921.9924845090495
96,125,0.00045840274967356813,-1973.7398877346532
96,126,0.0005905376478198693,-2181.1938228422187
96,127,0.0003720981477714468,-2097.637434659469
96,130,0.0007508069365244847,-3331.1329276779747
96,131,0.000558727203160424,-2008.1608547868836
96,133,0.000285851846808641,-1197.0824316706735
96,139,0.0005598981136888377,-2176.669376241058
96,152,0.0003737202650683766,-1762.8181276144808
96,163,0.0004698127294210136,-2211.711793528656
96,164,0.0004735220900965975,-2270.4572013389998
97,98,0.00021538249142218083,-351.6983228714906
97,99,0.000148598725299963,-522.8914308578627
97,102,0.00014544847340255469,-400.681021487991
97,104,0.00015756120737934361,-493.0389705145029
97,105,0.0001541258355088287,-372.4313060302708
97,107,0.0001554677412184196,-369.7259424799732
97,108,0.0003352980494778805,-1825.3736211967805
97,109,0.00011020071049194892,-341.2097951455144
97,110,0.00032414126103814955,-1551.9727047915228
97,116,0.000377155784904495,-2087.2704184262197
97,118,0.00027919835447175927,-1235.3375363202704
98,99,0.0004866093919447208,-1440.162520616721
98,108,0.0008188298910211583,-3949.03530626282
98,109,0.000290324340549312,-708.7905699186379
98,110,0.0008131825231171602,-3386.9978298609462
99,101,0.00020505759029075608,-836.0625015987661
99,102,0.00016313475566939707,-598.1247813881264
99,104,0.00013370233590139166,-549.9565668712213
99,105,0.0001728272685398966,-569.4525739009072
99,106,0.000237105693969001,-784.7233717772701
99,107,0.00018722156093029597,-611.0771696047052
99,108,0.00017093073900271668,-1109.932332516039
99,109,0.0001283186893507409,-519.8135646679815
99,110,0.0001613340968279466,-941.9958310756904
99,115,0.000237105693969001,-784.7233717772701
99,116,0.00022034307834734065,-1459.7283478787613
99,117,0.00023145218937742435,-775.9384780062998
99,118,0.00019391941206212463,-1111.689501426592
99,123,0.00019313202740885757,-894.0774019467352
99,137,0.00030503993234319934,-1060.160861702673
99,138,0.00047621926703588397,-2978.7383937367395
99,152,0.0004617719768866501,-1774.7726256492945
99,153,0.0005798111959519328,-3613.9681788916155
99,154,0.0003286658519680262,-1561.448078306397
100,101,0.0003054335947149113,-1936.3972502916856
100,106,0.0003026512177437146,-1726.6953730141904
100,115,0.0003026512177437146,-1726.6953730141904
100,116,0.0005709858734264401,-5268.325709901403
100,117,0.00030313218504607613,-1745.1969830197504
100,120,0.00021249969793679625,-1521.4636447471341
100,121,0.00021338162353655107,-1565.3296828853502
100,122,0.00018735585371384912,-1319.8839754843145
100,125,0.00039300479513401497,-2431.731044111903
100,127,0.0002890097362039931,-2140.6078890627973
100,130,0.0005895795840318918,-3636.5391434558082
100,131,0.0006591531335966634,-3524.284353963462
100,132,0.0003687696657064403,-3336.614860471663
100,133,0.0003957213676318626,-2175.3711346852688
100,136,0.00030202862462961396,-2475.3070519763187
100,148,0.0004419232493808775,-3370.3775408880683
100,149,0.0006309756216631735,-4127.437201788173
100,151,0.00048339374250842756,-2865.7965501173812
100,158,0.00028712944991949083,-1769.3171059181705
100,163,0.0003776543310528332,-2414.0360252718415
100,164,0.00037316481737635794,-2421.0532590497023
100,165,0.0004353155004587748,-2710.9708970552815
100,166,0.0004353155004587748,-2710.9708970552815
100,167,0.0004562065743522875,-2757.6339861537986
100,168,0.00044869716909654326,-2590.8467728859155
100,169,0.00046022618495696255,-2615.2957536925196
100,170,0.0004467545968170378,-2560.7320526125827
100,171,0.00028999154143239227,-1678.7115512665519
100,172,0.00029344795097772475,-1714.5756679339547
100,173,0.00033919958511082165,-2048.1523398544687
100,186,0.0005144930541647239,-2629.889430627652
100,187,0.0008087034465329438,-3897.44660805263
100,188,0.0004861670078077138,-2752.0015849430783
101,104,0.00015252467474303406,-498.44327031078956
101,106,8.784481614738501e-05,-242.9605170058509
101,107,0.00018408855653471548,-500.328415396843
101,112,0.00014086649273865924,-358.5641806563696
101,115,8.784481614738501e-05,-242.9605170058509
101,116,0.0001820897252070618,-1050.5386718449608
101,117,8.333515262895272e-05,-234.3707859169754
101,121,0.00018300665277439884,-901.2025618877617
101,122,0.00016663230587013502,-771.1390232022558
101,123,0.00014847117369886463,-559.5336259989089
101,154,0.00021842590383261908,-970.4058696529835
101,193,0.0001911246134563452,-493.0985964594154
102,104,0.00011238400293542533,-335.954779365018
102,105,7.29784603137211e-05,-171.9778452852162
102,107,0.0001061834400556299,-241.55991713658253
102,108,0.00021423895592874431,-1190.7327441445366
102,110,0.00019227082805597473,-941.8646889682112
102,113,0.00035953770743329667,-1857.3013306154546
102,114,0.00032096660072719,-748.4006602501499
102,116,0.00021890079742918433,-1196.846948995055
102,118,0.00019409383608905555,-917.8398037543352
102,119,0.00017177612131220673,-455.4384112776736
102,123,0.00013682972707094993,-482.5767774923394
102,124,0.00035461164375520947,-2170.121048002176
103,111,0.00029091652274385645,-1100.2791480952187
103,118,0.00021930047483453317,-965.6106481169144
103,121,0.0005171053458527895,-2207.3622982421557
103,137,0.00012631391360837097,-284.4275412256992
103,138,0.0004836618974477817,-2266.608299522278
103,139,0.00015093527113243746,-320.0205425816644
103,154,0.0003058008418858203,-1102.6130817990063
103,192,0.00021281326339218064,-426.23055997362917
103,193,0.0002517095272381692,-486.8008232507687
104,105,0.0001366318732671066,-368.9241660340822
104,106,0.00016467165528049127,-464.61147351784274
104,107,8.744665737458473e-05,-229.4216798332123
104,108,0.0002457521023158744,-1418.294053250037
104,109,0.00012570743892156654,-422.3338958356769
104,110,0.00023076395044760917,-1179.0226642673977
104,112,0.00017764688942819716,-459.9604165258112
104,114,0.00035522476594604613,-947.9559624413192
104,115,0.00016467165528049127,-464.61147351784274
104,116,0.0001517675729998233,-867.1387520314831
104,117,0.0001617259809883583,-463.62107582859994
104,118,0.00025989241207683355,-1314.3774578495922
104,143,0.00020925651657514676,-485.73324602044426
105,107,0.00010262953078202342,-205.28636516641163
105,108,0.00024338670755489069,-1269.53674842015
105,116,0.0002629192780094192,-1361.7604838974455
105,118,0.0002400418253578179,-1049.7725783975823
105,119,0.00014613039339032573,-344.886850214496
105,123,0.00015985602158761854,-517.4622376952126
105,124,0.00039099964479369045,-2248.2088694283416
106,107,0.00015003200073216284,-317.1269338307031
106,112,9.201284222264132e-05,-181.94563706878597
106,115,4.1356492969396195e-05,-90.57688905331342
106,116,0.0002617127579611598,-1365.0526732258493
106,117,4.4537761659349744e-05,-99.12561223487299
106,121,0.00021880571539618622,-948.705115286089
106,122,0.0001923354976420154,-779.1939550456663
106,154,0.00020551161826411812,-747.9286362746799
106,193,0.0001462777101838927,-291.9505989290343
107,108,0.0003338270632697398,-1729.4875774850043
107,112,0.00014701114194101727,-280.819114982061
107,114,0.00027908905946231837,-550.8715555833593
107,115,0.00015003200073216284,-317.126933830703
107,116,0.00026361985085894405,-1344.8513807658092
107,117,0.00015033335455043163,-323.8538964514551
107,118,0.00034184232493028095,-1475.7912581810833
108,109,0.00021370154691627435,-1217.2419804467718
108,110,0.00014158079222854309,-1037.5741606137703
108,111,0.00024444212865829104,-1670.077514606643
108,113,0.0003459766366454316,-2825.708648136445
108,116,0.00022259963611814286,-1882.2778691814808
108,118,0.00022156773317723153,-1656.470834364578
108,119,0.00033913726937464796,-1853.272564848747
108,122,0.0002941475268578401,-2164.8374448684913
108,123,0.00020257054032968977,-1297.734902677742
108,124,0.00028974822849041137,-2569.0498170211845
108,133,0.0005893523150598878,-3386.129486029294
108,138,0.0003771213802433409,-3102.8606031478284
108,143,0.0007045333088841493,-3373.3347377875566
108,152,0.000562971420255389,-3213.568697032826
108,153,0.0004509626136234086,-3700.7413486808914
108,154,0.0002888366496478121,-1946.803949873098
108,156,0.0005228449211343611,-2547.978885917279
108,158,0.00040001648120320066,-2254.57215257359
108,186,0.0009928736725443228,-4676.311818286322
108,191,0.0011934991796597768,-5506.4249615127765
108,192,0.0005658952342722913,-2826.3786750864033
109,110,0.00015586477735541414,-788.127598684458
109,116,0.0002492248586332162,-1444.4727074349128
109,123,0.00018799868014974827,-714.4515370844717
109,143,0.0002161789239892979,-522.4924504164743
110,111,0.00017563411216565706,-1087.802861934648
110,113,0.00026163269245983283,-1940.4437145210213
110,116,0.0002293873422560369,-1775.7072268272473
110,118,0.00016949426748781078,-1147.9003965194458
110,123,0.00021329608399607962,-1211.972313900613
110,124,0.0003108976753664583,-2528.5140145793935
110,143,0.0005800979597660175,-2402.4185337835606
110,148,0.0006513367981659764,-4158.676228535553
110,157,0.0004414036375856516,-1930.3691453128047
110,158,0.0003574994729870817,-1782.0406610199782
110,159,0.000458803259862037,-2125.882318623889
111,113,0.0003007704515235252,-2064.497311171047
111,116,0.0003357088755416902,-2421.797824145553
111,118,0.0002136949337786921,-1306.1067605707178
111,120,0.00026904186078339224,-1406.4484105504912
111,121,0.00031936363142643097,-1998.6697796608482
111,124,0.00031421345034126605,-2367.480730089662
111,137,0.00036220261459048365,-1427.5746145029852
111,139,0.00032387540448506393,-1223.6228787036189
111,148,0.0003486610041267144,-1934.8820963305889
111,154,0.00021060040821026398,-1102.1154487809708
111,157,0.0002071158187145827,-754.3042222865317
111,158,0.00021687358646146028,-919.7760511792924
111,159,0.00019259133465498597,-748.6879007615763
111,170,0.0004640020945552624,-1836.8774746104336
111,171,0.00034750494180773694,-1390.162610570342
111,172,0.0003413507290577023,-1382.1529725977134
111,173,0.00032061135591081205,-1356.3556596321948
111,192,0.0003590902624769814,-1301.524466874688
111,193,0.0005925543970576468,-2104.368030358069
112,115,9.201284222264132e-05,-181.945637068786
112,116,0.0003268678289962231,-1629.6788227902298
112,117,9.792091264684079e-05,-197.161045324187
112,121,0.00037221172230272073,-1518.0492975545749
112,122,0.0003465064573704476,-1313.3533122939668
112,154,0.00044318812289390427,-1506.8661005516917
112,173,0.0009285286797060194,-2250.6597982733906
112,193,0.00011865803138113612,-198.5062812724419
113,116,0.0003459197968785852,-2824.137366398767
113,118,0.00028746277009667165,-1992.444585496481
113,124,0.00023294143916836684,-1926.8158306019589
113,148,0.0008701359079341681,-6173.143364749579
113,157,0.00032520443367675976,-1476.7904464863345
113,158,0.0003388690888770623,-1860.5533697667895
113,159,0.00035049418542218517,-1729.0481842471895
114,116,0.0008731247530471143,-4510.35398382311
114,123,0.0005405479212706615,-1741.7364352366114
114,197,0.007633587786259542,-5351.688363420635
115,116,0.0002617127579611598,-1365.0526732258493
115,117,4.4537761659349744e-05,-99.12561223487299
115,121,0.00021880571539618622,-948.705115286089
115,122,0.0001923354976420154,-779.1939550456663
115,154,0.00020551161826411812,-747.9286362746799
115,193,0.0001462777101838927,-291.9505989290343
116,117,0.00025678297827269044,-1352.129020844877
116,118,0.00023367685005101603,-1784.1871494952352
116,121,0.0003373942123281857,-2583.6805710821786
116,122,0.0003206080125188434,-2353.7277444872325
116,124,0.00033711786486474374,-2994.668825308486
116,143,0.00048011712628397087,-2289.6741252556326
116,154,0.0003969364106182555,-2819.6240583147196
116,162,0.0031474035356282067,-13450.396452516046
116,193,0.0004209386694736017,-2087.963286218161
117,121,0.000207446407296064,-910.5887505911646
117,122,0.00018557697782027938,-761.5726413441437
117,123,0.00018608697165525058,-616.6216056883478
117,154,0.0002077506908689799,-765.1526559667972
117,193,0.0001520150947797673,-309.2072739037785
118,132,0.0009059421827727595,-6458.071825223688
118,137,0.00022201618771013174,-920.929943081295
118,138,0.0004627887008959887,-3216.4125682485133
118,139,0.000326608471900174,-1351.4212388824817
118,175,0.0013098937294599492,-5115.009128982262
118,192,0.00032184043191158906,-1322.5968209196133
119,121,0.0002809222557238432,-1224.8479350472303
119,122,0.000249578281434094,-1012.8961350558538
119,123,0.00010634116136427206,-330.6392598889149
119,124,0.0002636193550095366,-1479.9022662238426
120,124,0.00044207091256515634,-3154.2478336345575
120,127,0.00019271832068996125,-992.2290117806657
120,132,0.000288824694703683,-1909.2363295306304
120,134,0.0005495678791825831,-2056.052793341903
120,136,0.00024431859658411554,-1442.0435839098761
120,148,0.00019824607638184474,-1053.247696331765
120,149,0.0003176684720358546,-1385.8359626871604
120,151,0.00024268852266382847,-927.8039248595775
120,152,0.00022786134858056374,-915.046731000569
120,153,0.0007060011630228771,-4487.469466306384
120,159,0.00020484507030172594,-752.0080095833686
120,163,0.00022819433967136954,-963.1921835672271
120,164,0.0002264576873305641,-974.8919185923963
120,165,0.00028662356483912785,-1190.5714030164756
120,166,0.00028662356483912785,-1190.5714030164756
120,167,0.00021456165127897787,-843.0163700088244
120,168,0.00022689587756437668,-836.5009170475007
120,169,0.00022858536915262457,-824.5380489144313
120,170,0.0001979395869924146,-723.8426787683297
120,171,9.608005664708507e-05,-357.7410175590617
120,172,9.271161328162164e-05,-349.85737405103936
120,173,0.00016778864623997626,-657.8071525506176
120,188,0.00048272874477611397,-1654.4177896467927
121,122,5.816426681088335e-05,-331.2524828742518
121,123,0.00020833577188068134,-1116.9623421204503
121,124,0.00028522593680060314,-2307.383755965836
121,125,0.0005837254255827275,-2739.0413826641784
121,130,0.000855649487175802,-4192.847448576586
121,131,0.0004951485607228775,-1980.1863164958463
121,133,0.0002544708605158077,-1069.043824112879
121,154,0.00027252332774515203,-1601.5998916529313
121,158,0.00029946294956460215,-1472.025439314721
121,186,0.00038555570849035627,-1454.3496574378973
121,187,0.000533196744741781,-1864.8443295427178
121,188,0.000283847439640445,-1215.2743935005806
121,192,0.0005253192242220307,-2078.5497155588387
121,193,0.0003551715483166531,-1429.7293321840725
122,123,0.0001895906184061398,-957.6959053855267
122,124,0.0003117176547191204,-2417.915011911546
122,125,0.0004951550885922187,-2175.5766692278967
122,130,0.0007182236090242837,-3310.1474432975274
122,131,0.00043226783443075985,-1607.260304047989
122,133,0.0002058400294535974,-807.2255139018373
122,154,0.00026030858416756415,-1452.6613896769104
122,158,0.00029417627380587055,-1357.3357525654264
122,186,0.0003593229633665975,-1252.991535150051
122,187,0.0005220424972360893,-1675.4659901055672
122,188,0.00026219933505593586,-1045.4350190345672
122,193,0.00037046489658351054,-1383.1406681984631
123,124,0.00018738530655533703,-1241.8749400010993
123,188,0.0002202760822105808,-696.1017715890605
124,148,0.0007600497586383323,-5910.742971439604
124,153,0.0003097128537208433,-2573.8370569605395
124,157,0.0003498180869278621,-1956.5265906385089
124,158,0.00026967477852789224,-1689.7898527434422
124,159,0.00033091854608868076,-1947.1874752730157
124,186,0.0005197085961068463,-2737.604250736073
124,188,0.00033162739918602915,-1877.84731293148
125,126,0.00020992323367721735,-449.3480353533852
125,127,0.0003515099351367276,-1393.824194067038
125,128,0.00039574710512585345,-955.5434196531692
125,129,0.0002673891507661123,-783.66450488781
125,130,0.0001910053111617233,-507.6765135847668
125,131,0.00026049215643778566,-545.6942063531052
125,132,0.00048184369821968663,-2685.0864469705925
125,133,0.00025120505800066786,-733.2298635516414
125,134,0.00047587206674303803,-1116.4005965905076
125,135,0.00029341071920539264,-903.1865333970375
125,136,0.0003407168918115193,-1581.7796105854802
126,127,0.00030131234643187454,-812.0381090929385
126,128,0.00021565210719613604,-363.7756005070601
126,129,0.00021395942715411048,-392.63270789805506
126,132,0.0005009311454874371,-2033.6827295988046
126,134,0.0001582844638989725,-256.7438623689177
126,135,0.00026896087499880627,-610.4464813651192
126,136,0.00037821470043734564,-1248.448716416617
127,128,0.0003971126221616198,-1228.311383630032
127,129,0.0004830189670486295,-1585.5970725680388
127,132,0.00023281459477625003,-1283.0046128573435
127,134,0.00029622541998422617,-877.7516924171102
127,135,0.00024644352220068964,-962.455713145232
127,136,0.00012276341709158278,-578.9533648561793
127,139,0.0006219908743925888,-2077.577542362083
127,147,0.00042386299234958516,-1449.839521056745
127,148,0.0002442983430991295,-1410.5631989163287
127,149,0.00032058930974159487,-1199.2955510448353
127,151,0.0003264318778293553,-1066.8410637611596
127,163,0.00026547274942140335,-971.6200715696369
127,164,0.00023258023473816033,-869.4810007338065
127,165,0.00022849657178929025,-799.101029974808
127,166,0.00022849657178929025,-799.101029974808
127,167,0.000199391045984675,-673.1483488344651
127,168,0.00022350385353940805,-707.85703804825
127,169,0.00020780882367445473,-644.8748080584572
127,170,0.0002123053861838568,-674.6581496354092
127,171,0.00014459718778723875,-570.9532048362641
127,172,0.00014914346410542696,-596.2607853115234
127,173,0.00022570361914308812,-825.396598577684
128,129,0.0003243759167801744,-731.4479130829951
128,130,0.00045927210448299923,-1229.4995986263557
128,132,0.0004857894965634013,-2168.1280188266364
128,134,0.00021146353317993868,-296.9223398720455
128,135,0.0003990422988079029,-1009.1257083020562
128,136,0.00035978250223482253,-1327.6753911113863
128,147,0.0004073384286358533,-957.7645607640795
128,148,0.0009211092693662346,-4177.510195129926
128,165,0.0003682719677374383,-930.337204425487
128,166,0.0003682719677374383,-930.337204425487
128,167,0.00048666347347033306,-1181.7078087090583
128,169,0.00040739214420547055,-880.9564095684348
128,174,0.0015541366146244607,-1587.038495660612
128,175,0.00048364645890503735,-817.7898741813373
129,132,0.0006389571110098,-2986.6201993013096
129,134,0.00034853967371666306,-748.6523398646189
129,135,0.00034066166938675617,-1003.9468567055177
129,136,0.0004507088338613492,-1774.8270676539194
129,147,0.0005139925777898121,-1313.448015201062
129,156,0.00046425866416068164,-1115.8578888084799
129,182,0.0013462286400346417,-2616.616961575977
129,183,0.0013462286400346417,-2616.616961575977
130,131,0.0003344980574903114,-734.6719785878084
130,132,0.0006024784328369783,-3545.55791914446
130,133,0.00034346874588821435,-1066.6037253229301
130,136,0.0004597346895796858,-2271.007639783631
130,147,0.0008205236211217061,-2555.11475570815
130,165,0.000565827356668721,-1846.3513050874901
130,166,0.000565827356668721,-1846.3513050874901
130,174,0.003277383628345444,-6126.9351161828945
130,175,0.0006926357973704157,-1764.9668707834005
130,182,0.0012540408789241066,-2444.827342329169
130,183,0.0012540408789241066,-2444.827342329169
131,133,0.00020442307945442342,-473.11822800559366
131,136,0.0008335296142419611,-3492.7037409398504
131,140,0.001666710536851083,-2143.6443678580263
131,154,0.0008221590116813579,-3197.6218824810608
132,134,0.0004979685395435827,-2165.455430305423
132,135,0.0003862357154889541,-2095.443144521775
132,136,0.00013988005135048915,-859.6283564594713
132,147,0.00042816467969928847,-2064.5216817692344
132,148,0.00028754443279124987,-2086.9696156981
132,149,0.00043747232001316,-2274.286049848119
132,151,0.0005136293756623679,-2404.406592708958
132,163,0.00039049560382509586,-1974.9315803451912
132,164,0.000359245857369184,-1846.0065042843719
132,165,0.0002538547486265687,-1243.526805803609
132,166,0.0002538547486265687,-1243.526805803609
132,167,0.0003165572788627826,-1518.5625787773424
132,168,0.00037753346576726074,-1724.7431788467086
132,169,0.0003525380442785102,-1586.1716364211757
132,170,0.0003307316661608854,-1501.8018392282743
132,171,0.00023428010723648216,-1281.034391020138
132,172,0.00023983410373896774,-1323.759086682953
132,173,0.00033797196198919827,-1653.2252933048433
132,174,0.0031400922461716435,-12649.423946385
132,175,0.0006646882528424311,-2788.426637772963
132,176,0.0008499086280764425,-3432.9266876148
132,177,0.0008499086280764425,-3432.9266876148
132,178,0.0006674030558450182,-2808.9197575467574
132,192,0.0009529750347370709,-4785.796379977733
133,156,0.00027345662997736313,-578.6577904758161
133,191,0.0004480407067257693,-885.8124497873264
134,135,0.0002884420812474581,-707.70320122541
134,136,0.0002871082062718862,-1031.3954036184184
134,147,0.0005511480880740199,-1248.6276174639947
134,152,0.000517010496640497,-1344.021004335719
134,167,0.0003529062816595421,-814.533062496124
134,170,0.0003347689611020647,-703.5304173679026
134,171,0.000285132830517553,-744.4407934893485
134,172,0.000297520662600405,-791.2534686579183
135,136,0.00031023587112849737,-1430.5776798548657
135,149,0.0005051386405066081,-1788.008980669787
135,158,0.00046338357928674064,-1476.5233752916924
135,164,0.0004424629044502614,-1533.7243812149375
135,168,0.00031876745869034555,-902.1935161588395
135,178,0.00045849185822478854,-1112.763824347143
135,186,0.0004341341219037399,-944.8943482879208
135,191,0.0003468169651177352,-746.459551797139
136,147,0.00037263299418896457,-1500.8237255836073
136,148,0.0002824196016148021,-1849.2253141881586
136,149,0.0003539089392288604,-1555.1427102142513
136,151,0.00040122319871035837,-1563.8086350115198
136,152,0.0004586751577866759,-2080.6532592036287
136,154,0.0007150269835227604,-4310.19484861815
136,163,0.0003424141126658802,-1456.70614709123
136,164,0.00031001572766329417,-1343.321337809235
136,165,0.00019985143265067204,-820.6964618064422
136,166,0.00019985143265067204,-820.6964618064422
136,167,0.0002254104245550327,-904.7552229038555
136,168,0.00027497101159516243,-1042.825852097333
136,169,0.0002436572779288806,-908.4751391911868
136,170,0.00025972592191430074,-977.1344690691986
136,171,0.00018264218592004296,-850.2463167573694
136,172,0.0001874949121520911,-882.3546270971591
136,173,0.0002877977140437005,-1233.813564352027
136,174,0.0025422823662500016,-8306.033004786317
136,175,0.0006775135478582182,-2431.86621749346
137,138,0.0004278088399061649,-2001.77518823856
137,139,0.00015380918856116064,-295.01390765237943
138,139,0.000890203211585694,-4135.019007857764
138,152,0.0007472253355640154,-4113.220758027321
138,153,0.00013752729820684927,-911.7912420404931
138,154,0.0005006820847085543,-3340.953778966319
138,155,0.0005825232215680603,-2567.759017645848
139,163,0.0005232503643072743,-1291.6094548929877
139,164,0.0005462302088833283,-1384.6155566525026
140,141,0.0007406209260616618,-124.74328000841034
140,142,0.0010511662072198312,-178.40800757415073
141,142,0.0009738632295023272,-80.23760730921788
144,145,0.00020569620253164557,-52.477934724034355
144,146,0.0001622849724115547,-38.40935502728962
144,147,0.0010612042107817426,-1292.6507071544174
144,148,0.0014828100435244954,-4714.645374819472
144,149,0.001226637759823115,-1867.9011592955276
145,146,0.00020569620253164557,-52.47793472403437
145,147,0.0009229230290955434,-1166.3053440923106
145,148,0.0013033617123556305,-4240.755487487173
145,149,0.0011073500947763604,-1737.715655773871
146,147,0.0010612042107817426,-1292.6507071544174
146,148,0.0014828100435244954,-4714.645374819472
146,149,0.001226637759823115,-1867.9011592955276
147,148,0.0004801601261412682,-2165.797594593253
147,149,0.0002858522068369874,-682.4450256267548
147,165,0.0002436372143122689,-526.922757413906
147,166,0.0002436372143122689,-526.922757413906
147,167,0.0003468275828691128,-723.7235471428504
147,169,0.00029119355027949154,-549.7057186235896
147,174,0.0016936669161149139,-2436.0365875949396
147,175,0.0005998977330542121,-1002.389944375487
148,149,0.00015115322152652697,-727.3559448585372
148,151,0.00026170136975284985,-1111.5554646536314
148,157,0.00029712910294300696,-1129.692724558444
148,158,0.00025502446222601914,-1112.282208722567
148,159,0.0002177755490680533,-884.2571551740086
148,163,0.00022138596983785065,-1026.5491823158063
148,164,0.00022294290170665797,-1051.6613930086867
148,165,0.00022455382056186252,-1034.6346265966156
148,166,0.00022455382056186252,-1034.6346265966156
148,167,0.0002048537082515017,-892.3914770754259
148,168,0.00022450514375663337,-925.0975130469831
148,169,0.00018732048477517943,-759.4067416464909
148,170,0.0002073858284908619,-847.9466601367669
148,171,0.00015381749462114615,-635.2526712579192
148,172,0.00014792430494236724,-618.1099664628111
148,173,0.00021836030518737704,-945.7649128632622
149,151,0.0002946855954367078,-646.6938565744133
149,163,0.00022773896402531786,-565.5598819688041
149,164,0.0002206188911157713,-559.6659672864515
149,165,0.000208879711916001,-508.36374289004334
149,166,0.000208879711916001,-508.36374289004334
149,167,0.00018463570929400818,-419.44766219825715
149,168,0.00016525420758592166,-351.69196877023666
149,169,0.00016212968156063226,-337.2385270724553
149,170,0.0002030901808755534,-432.47001299541625
149,171,0.00017319823264486846,-530.050258946586
149,172,0.00017651537830736878,-547.6587076290162
149,173,0.00027085883268608617,-692.6607292859846
149,178,0.00036128232070814205,-678.983150857179
149,191,0.0004591256180555816,-1158.991246169482
150,151,0.0015027775337909089,-2137.066790523261
151,163,0.00023682239120786081,-505.60435807720927
151,164,0.0002463158217539229,-538.4185990750209
151,165,0.0002310122539856224,-478.7773454669349
151,166,0.0002310122539856224,-478.7773454669349
151,167,0.00018598621828949351,-358.8940059991632
151,168,0.00014695863932505154,-263.1177123991655
151,169,0.0001373312873190409,-239.50161629509168
151,170,0.000135252959785883,-243.005912161069
151,171,0.00011225875428638606,-290.2503303098246
151,172,0.00011623932908138647,-305.3600343073841
151,173,0.00017655062121751125,-385.5787501427277
152,153,0.0008568264411390998,-4700.671521958312
152,154,0.0002836432050375069,-1130.1027387318575
152,163,0.00021713415657057789,-637.7456623755343
152,164,0.00023036875086372875,-691.9479068114646
152,167,0.0002807199688238845,-752.4201186297468
152,170,0.0002500842345284672,-614.3006176887862
152,171,0.00019071323754277016,-531.5403785179695
152,172,0.00019358152426805322,-548.0656730559245
152,176,0.0003003209247544387,-604.4865601349
152,177,0.0003003209247544387,-604.4865601349
153,154,0.0005795541781285675,-3815.430648499476
153,155,0.0004883389863501023,-2106.7447341124016
153,184,0.0007579608718026572,-2733.0496768242733
153,185,0.0007579608718026572,-2733.0496768242733
153,188,0.00043325698923166807,-1933.1634358426932
153,190,0.0012563250124959615,-4672.961592409435
154,159,0.00032637548518073793,-1217.4205788662682
154,163,0.0004236032334897824,-1781.526233349228
154,164,0.0004338065277577338,-1858.8596627628667
154,176,0.000567946856757195,-1795.9325713085668
154,177,0.000567946856757195,-1795.9325713085668
154,192,0.00040852309421279305,-1354.5560796232603
154,193,0.0004834801345273291,-1617.6370326683173
155,160,0.0003113899986838761,-455.5296077419025
157,158,0.00012193780044102605,-312.9026596251025
157,159,7.69638612260734e-05,-165.49844581809313
158,159,0.00012289541160465038,-344.63587900153954
158,186,0.00018258284492782387,-419.15251220000533
158,187,0.0003850073196733769,-783.4096425630013
158,188,0.00024224618357990271,-656.3669848032843
159,172,0.00018247665203035673,-475.2173970694434
161,162,0.010752688172043008,-1328.0646181320512
163,164,6.408065618591935e-05,-158.91946724387847
163,165,0.0002556864332908805,-602.7328221657073
163,166,0.0002556864332908805,-602.7328221657073
163,167,0.00017001873432320402,-375.50132750581287
163,168,0.0001528395667151648,-315.25787291828635
163,169,0.00017888832422705795,-359.13756202524144
163,170,0.00015032482137745292,-306.6317181735497
163,171,0.0001283564382326535,-376.34295188386403
163,172,0.00012879629417764438,-383.1741508986878
163,173,0.00016875060454893967,-415.6786697412769
163,178,0.0002619991522041166,-476.4704640564204
163,191,0.00041156901257879996,-980.0120970119794
164,165,0.00026225696273722695,-632.3257230568131
164,166,0.00026225696273722695,-632.3257230568131
164,167,0.00017503874532407625,-395.56687544027307
164,168,0.00014571949380561821,-308.4389815173235
164,169,0.00018623443119722508,-383.3654611329314
164,170,0.00015794422407546123,-330.1624738374907
164,171,0.0001318843044127591,-396.3801203453648
164,172,0.00013232416035775,-403.3960443676796
164,173,0.00017709762320365817,-446.3196315336573
164,178,0.00025487907929457005,-477.1026480087938
164,191,0.0004057112832538142,-997.9001380585274
165,166,5.52791597567717e-05,-124.45594706698573
165,167,0.00012582451637178002,-271.57807001002953
165,168,0.0001573193789197106,-314.02474176034457
165,169,9.633206516437418e-05,-189.0802965388666
165,170,0.00013752482055203984,-275.8402616351285
165,171,0.00013722535653254948,-391.8113885794744
165,172,0.0001430291830999425,-414.4882439493781
165,173,0.00020276596469448832,-489.7832558234849
165,174,0.0018419944298699122,-2955.3785042345135
165,175,0.0005026757919942521,-937.529059353481
166,167,0.00012582451637178002,-271.57807001002953
166,168,0.0001573193789197106,-314.02474176034457
166,169,9.633206516437418e-05,-189.0802965388666
166,170,0.00013752482055203984,-275.8402616351285
166,171,0.00013722535653254948,-391.8113885794744
166,172,0.0001430291830999425,-414.4882439493781
166,173,0.00020276596469448832,-489.7832558234849
166,174,0.0018419944298699122,-2955.3785042345135
166,175,0.0005026757919942521,-937.529059353481
167,168,0.00011328733787096036,-210.76967859456764
167,169,8.90616695613226e-05,-162.09355261674722
167,170,9.163425093105852e-05,-171.57119649179091
167,171,9.92994010259071e-05,-266.1651512362381
167,172,0.0001032799758209075,-281.0922822408515
167,173,0.00017042014454503077,-384.3083452528535
167,176,0.0002614464864807602,-399.1692815057847
167,177,0.0002614464864807602,-399.1692815057847
167,178,0.0002096945322136162,-339.165461378017
168,169,9.668057030999433e-05,-161.4343386483981
168,170,9.823550707009355e-05,-168.98955181135005
168,171,0.00010186274312947296,-251.09139743393158
168,172,0.00010584331792447338,-265.27180872626485
168,173,0.00015126940182669824,-316.3794290167058
168,178,0.00014953504934420964,-221.56820306715412
168,191,0.0003066407398685109,-582.4916212341702
169,170,8.204381297638838e-05,-137.59032984207565
169,171,9.625561966351297e-05,-230.7203190431763
169,172,0.00010023619445851337,-244.38744435821096
169,173,0.00014117860520866923,-287.7955286906767
170,171,7.498501894572396e-05,-183.47473656483015
170,172,7.860372330481525e-05,-195.53839440733643
170,173,0.0001321152534216239,-273.5397588001735
171,172,4.312289361250431e-05,-109.57624206700729
171,173,0.00010051443509709596,-277.3674292298418
172,173,0.00010345214648570234,-289.9581614895785
174,175,0.001400827289665984,-1328.8826960979345
174,194,0.014285714285714285,-2017.7463274527197
175,192,0.0005026424943322436,-912.9864750444143
176,177,6.056201550387597e-05,-62.56545156360317
176,178,0.00018827642006765348,-215.86254775097706
177,178,0.00018827642006765348,-215.86254775097706
178,191,0.000291044354846417,-456.3038808448091
179,180,0.0009541628274874405,-155.04319573970764
179,181,0.004674525797105462,-573.0726280060428
180,181,0.0036372980642467687,-332.75638839399795
181,189,0.0027451972853889273,-158.9958009169702
182,183,0.00011944577161968466,-36.21830822666683
184,185,6.451612903225807e-05,-35.65556369422797
186,187,0.00011397568963970806,-122.2176959477405
186,188,0.00013987944310640517,-233.88257197443264
187,188,0.0001936353056117025,-267.7328337880967
192,193,0.0003209698299271771,-563.4159617305065
